TradDt,BizDt,Sgmt,Src,FinInstrmTp,FinInstrmId,ISIN,SYMBOL,SERIES,XpryDt,FininstrmActlXpryDt,StrkPric,OptnTp,NAME,OPEN,HIGH,LOW,CLOSE,LAST,PREVCLOSE,UndrlygPric,SttlmPric,OpnIntrst,ChngInOpnIntrst,VOLUME,VALUE,TtlNbOfTxsExctd,SsnId,NewBrdLotQty,Rmks,Rsvd1,Rsvd2,Rsvd3,Rsvd4,Segment,Industry,Nifty500,PREV_HIGH,PREV_LOW,PREV_CLOSE,Pivot,BC,TC,CPR_Top,CPR_Bottom,CPR_Width,CPR_Width_Pct,CPR_Class,Bias,Price_Position,NEXT_Pivot,NEXT_BC,NEXT_TC,NEXT_CPR_Top,NEXT_CPR_Bottom,NEXT_CPR_Width,NEXT_CPR_Width_Pct,NEXT_CPR_Class,Bullish_CPR,Bearish_CPR,Width_Rank_Pct,History_Days,Value_60d,NR4,NR7,Overlay,History_OK,Regime,Own_Narrow,Virgin_CPR,ATR14,SMA50,SMA100,Width_ATR,Value_Ratio,Above_SMA50,Above_SMA100,Setup,Risk_Multiplier,Triple_Confluence,JCurve_Stage,JCurve_Score,JCurve_Explanation,Signal_Direction,Signal_Score,Signal_Grade,Signal_Explanation,Strategy_Type,Strategy_Setup,Strategy_Confirmation,Strategy_Explanation,Daily_Signal,Weekly_Signal,Monthly_Signal,Confluence_Score
2026-09-30,2026-09-30,CM,NSE,STK,936,INE266Y01019,DPABHUSHAN,EQ,,,,,D. P. ABHUSHAN LIMITED,1750.0,1815.7,1685.0,1788.8,1798.0,1665.8,,1788.74,,,869922,1526999586.0,60021,F1,1,,,,,,Cash Only,Diversified,False,1665.8,1376.4,1665.8,1569.3333333333333,1521.1,1617.5666666666666,1617.5666666666666,1521.1,96.4666666666667,5.791011325889465,Wide,Bullish,Above CPR,1763.1666666666667,1750.35,1775.9833333333336,1775.9833333333336,1750.35,25.633333333333667,1.4329904591532685,Wide,False,False,0.05,60,43771674.625,True,True,Higher,True,Risk Off,True,Bullish Virgin,73.37142857142861,1425.531,1209.132,1.3147715472481825,34.88556467354943,True,True,Long,0.5,None,Liftoff,90,"🚀 J-Curve Liftoff: Decisive kinetic breakout above CPR Top (₹1,617.57) with massive 34.9x volume surge (NR7 Volatility Squeeze). Ascending Higher CPR overlay and +2 confluence. Momentum continuation target expansion above ₹1,617.57 with stop below Pivot (₹1,569.33).",Long,84,Strong confirmation,CPR width: Wide; directional confirmation limited (8/20); Price location: Above CPR (20/20); Trend: aligned with SMA50/SMA100 (20/20); Participation: confirmed (34.89x) (20/20); Higher timeframe: aligned (+2) (16/20),Wide CPR,Wide Upside Breakout,Confirmed,Wide CPR + close above CPR + trend aligned + participation confirmed,2,0,0,2
2026-09-30,2026-09-30,CM,NSE,STK,760234,INE947N01017,AEQUS,EQ,,,,,AEQUS LIMITED,274.64,285.95,273.21,279.48,280.0,271.63,,279.48,,,11216835,3146845942.25,120225,F1,1,,,,,,Cash Only,Diversified,False,273.0,249.03,271.63,264.55333333333334,261.015,268.0916666666667,268.0916666666667,261.015,7.076666666666711,2.605259605590955,Wide,Bullish,Above CPR,279.5466666666667,279.58,279.5133333333334,279.58,279.5133333333334,0.06666666666660603,0.023853823767928304,Narrow,False,False,0.13333333333333333,60,571757635.585,True,True,Higher,True,Risk Off,True,Bullish Virgin,11.424285714285713,241.00220000000002,226.8394,0.619440623567175,5.5038109618427224,True,True,Long,0.5,None,Liftoff,90,🚀 J-Curve Liftoff: Decisive kinetic breakout above CPR Top (₹268.09) with massive 5.5x volume surge (NR7 Volatility Squeeze). Ascending Higher CPR overlay and +2 confluence. Momentum continuation target expansion above ₹268.09 with stop below Pivot (₹264.55).,Long,84,Strong confirmation,CPR width: Wide; directional confirmation limited (8/20); Price location: Above CPR (20/20); Trend: aligned with SMA50/SMA100 (20/20); Participation: confirmed (5.50x) (20/20); Higher timeframe: aligned (+2) (16/20),Wide CPR,Wide Upside Breakout,Confirmed,Wide CPR + close above CPR + trend aligned + participation confirmed,2,0,0,2
2026-09-30,2026-09-30,CM,NSE,STK,13404,INE424H01027,SUNTV,EQ,,,,,SUN TV NETWORK LIMITED,555.0,663.9,554.05,605.0,596.0,553.25,,604.96,,,34672457,21547292114.65,550809,F1,1,,,,,,Cash Only,Media Entertainment & Publication,True,559.95,510.45,553.25,541.2166666666667,535.2,547.2333333333333,547.2333333333333,535.2,12.033333333333303,2.175026359391469,Wide,Bullish,Above CPR,607.65,608.9749999999999,606.325,608.9749999999999,606.325,2.6499999999998636,0.4380165289255973,Moderate,False,False,0.08333333333333333,60,123859189.525,False,False,Higher,True,Risk Off,True,Bullish Virgin,22.664285714285715,482.19599999999997,498.335,0.5309381237524937,173.96603511845885,True,True,Long,0.5,None,Liftoff,90,🚀 J-Curve Liftoff: Decisive kinetic breakout above CPR Top (₹547.23) with massive 174.0x volume surge (60D Narrow CPR). Ascending Higher CPR overlay and +2 confluence. Momentum continuation target expansion above ₹547.23 with stop below Pivot (₹541.22).,Long,84,Strong confirmation,CPR width: Wide; directional confirmation limited (8/20); Price location: Above CPR (20/20); Trend: aligned with SMA50/SMA100 (20/20); Participation: confirmed (173.97x) (20/20); Higher timeframe: aligned (+2) (16/20),Wide CPR,Wide Upside Breakout,Confirmed,Wide CPR + close above CPR + trend aligned + participation confirmed,2,0,0,2
2026-09-30,2026-09-30,CM,NSE,STK,25920,INE0PK601023,OCCLLTD,BE,,,,,OCCL LIMITED,184.0,187.44,182.17,187.44,187.44,178.52,,187.49,,,146245,27200723.49,828,F1,1,,,,,,Cash Only,Diversified,False,180.0,165.8,178.52,174.77333333333334,172.9,176.64666666666668,176.64666666666668,172.9,3.7466666666666697,2.0987377698110405,Wide,Bullish,Above CPR,185.6833333333333,184.805,186.5616666666666,186.5616666666666,184.805,1.7566666666666038,0.9371887893014318,Wide,False,False,0.13333333333333333,60,7664778.855,True,True,Higher,True,Risk Off,True,Bullish Virgin,8.47214285714286,128.7452,109.49510000000001,0.44223365090071126,3.5487942972100264,True,True,Long,0.5,None,Liftoff,90,🚀 J-Curve Liftoff: Decisive kinetic breakout above CPR Top (₹176.65) with massive 3.5x volume surge (NR7 Volatility Squeeze). Ascending Higher CPR overlay and +2 confluence. Momentum continuation target expansion above ₹176.65 with stop below Pivot (₹174.77).,Long,84,Strong confirmation,CPR width: Wide; directional confirmation limited (8/20); Price location: Above CPR (20/20); Trend: aligned with SMA50/SMA100 (20/20); Participation: confirmed (3.55x) (20/20); Higher timeframe: aligned (+2) (16/20),Wide CPR,Wide Upside Breakout,Confirmed,Wide CPR + close above CPR + trend aligned + participation confirmed,2,0,0,2
2026-09-30,2026-09-30,CM,NSE,STK,19292,INE482B01010,TERASOFT,EQ,,,,,TERA SOFTWARE LIMITED,210.0,215.95,204.0,207.2,204.95,209.25,,207.2,,,33412,6956576.55,1870,F1,1,,,,,,Cash Only,Information Technology,False,225.0,206.0,209.25,213.41666666666666,215.5,211.33333333333331,215.5,211.33333333333331,4.166666666666686,1.9912385503783443,Wide,Bearish,Below CPR,209.04999999999998,209.975,208.12499999999997,209.975,208.12499999999997,1.8500000000000227,0.8928571428571539,Wide,False,False,0.16666666666666666,60,6334289.225,False,False,Lower,True,Risk Off,True,None,16.325,317.10200000000003,354.258,0.2552322613578368,1.098241065871128,False,False,Short,0.5,None,None,0,No active J-Curve setup.,Short,84,Strong confirmation,CPR width: Wide; directional confirmation limited (8/20); Price location: Below CPR (20/20); Trend: aligned with SMA50/SMA100 (20/20); Participation: confirmed (1.10x) (20/20); Higher timeframe: aligned (-2) (16/20),Wide CPR,Wide Downside Breakout,Confirmed,Wide CPR + close below CPR + trend aligned + participation confirmed,-2,0,0,-2
2026-09-30,2026-09-30,CM,NSE,STK,8890,INE0IQ001011,VERANDA,EQ,,,,,VERANDA LEARNING SOL LTD,223.0,224.95,216.9,220.75,221.95,223.31,,220.76,,,1426488,314523441.18,11348,F1,1,,,,,,Cash Only,Diversified,False,239.91,220.0,223.31,227.74,229.95499999999998,225.52500000000003,229.95499999999998,225.52500000000003,4.42999999999995,1.9837893511262146,Wide,Bearish,Below CPR,220.86666666666667,220.925,220.80833333333334,220.925,220.80833333333334,0.11666666666667425,0.052850132125333744,Narrow,False,False,0.25,60,57244388.16,False,False,Lower,True,Risk Off,True,Bearish Virgin,10.409285714285716,239.3554,237.2058,0.4255815549303458,5.494397814173442,False,False,Short,1.0,None,None,0,No active J-Curve setup.,Short,84,Strong confirmation,CPR width: Wide; directional confirmation limited (8/20); Price location: Below CPR (20/20); Trend: aligned with SMA50/SMA100 (20/20); Participation: confirmed (5.49x) (20/20); Higher timeframe: aligned (-2) (16/20),Wide CPR,Wide Downside Breakout,Confirmed,Wide CPR + close below CPR + trend aligned + participation confirmed,-2,0,0,-2
2026-09-30,2026-09-30,CM,NSE,STK,14063,INE107F01022,WANBURY,EQ,,,,,WANBURY LIMITED,218.55,220.55,196.05,199.5,197.0,216.95,,199.45,,,1016479,208358762.25,19334,F1,1,,,,,,Cash Only,Diversified,False,229.95,216.05,216.95,220.98333333333335,223.0,218.9666666666667,223.0,218.9666666666667,4.033333333333303,1.8591073211953462,Wide,Bearish,Below CPR,205.36666666666667,208.3,202.43333333333334,208.3,202.43333333333334,5.866666666666674,2.9406850459482077,Wide,False,False,0.18333333333333332,60,51902144.25,False,False,Lower,True,Risk Off,True,None,10.982142857142852,261.22700000000003,268.5262,0.3672628726287237,4.014453839255398,False,False,Short,1.0,None,None,0,No active J-Curve setup.,Short,84,Strong confirmation,CPR width: Wide; directional confirmation limited (8/20); Price location: Below CPR (20/20); Trend: aligned with SMA50/SMA100 (20/20); Participation: confirmed (4.01x) (20/20); Higher timeframe: aligned (-2) (16/20),Wide CPR,Wide Downside Breakout,Confirmed,Wide CPR + close below CPR + trend aligned + participation confirmed,-2,0,0,-2
2026-09-30,2026-09-30,CM,NSE,STK,2142,INE180A01020,MFSL,EQ,,,,,MAX FINANCIAL SERV LTD,1386.5,1395.1,1344.3,1373.4,1373.4,1392.4,,1373.4,,,931017,1273740600.4,59578,F1,1,,,,,,F&O + Cash,Financial Services,True,1459.9,1381.0,1392.4,1411.1000000000001,1420.45,1401.7500000000002,1420.45,1401.7500000000002,18.699999999999818,1.343004883654109,Wide,Bearish,Below CPR,1370.9333333333332,1369.6999999999998,1372.1666666666665,1372.1666666666665,1369.6999999999998,2.466666666666697,0.17960293189651208,Narrow,False,False,0.15,60,864166519.45,True,False,Lower,True,Risk Off,True,Bearish Virgin,59.657142857142894,1522.4419999999998,1572.0620000000001,0.313457854406127,1.4739527298635384,False,False,Short,0.5,None,None,0,No active J-Curve setup.,Short,84,Strong confirmation,CPR width: Wide; directional confirmation limited (8/20); Price location: Below CPR (20/20); Trend: aligned with SMA50/SMA100 (20/20); Participation: confirmed (1.47x) (20/20); Higher timeframe: aligned (-2) (16/20),Wide CPR,Wide Downside Breakout,Confirmed,Wide CPR + close below CPR + trend aligned + participation confirmed,-2,0,0,-2
2026-09-30,2026-09-30,CM,NSE,STK,20134,INE874I01013,RAMKY,EQ,,,,,RAMKY INFRA LTD,291.05,301.0,274.5,279.1,274.5,294.05,,279.17,,,161267,46130097.95,4224,F1,1,,,,,,Cash Only,Diversified,False,309.05,290.15,294.05,297.75,299.6,295.9,299.6,295.9,3.7000000000000455,1.258289406563525,Wide,Bearish,Below CPR,284.8666666666667,287.75,281.98333333333335,287.75,281.98333333333335,5.7666666666666515,2.06616505434133,Wide,False,False,0.2,60,12545156.425,True,True,Lower,True,Risk Off,True,None,11.032142857142848,359.7,393.62049999999994,0.3353836192942744,3.6771241734436964,False,False,Short,1.0,None,None,0,No active J-Curve setup.,Short,84,Strong confirmation,CPR width: Wide; directional confirmation limited (8/20); Price location: Below CPR (20/20); Trend: aligned with SMA50/SMA100 (20/20); Participation: confirmed (3.68x) (20/20); Higher timeframe: aligned (-2) (16/20),Wide CPR,Wide Downside Breakout,Confirmed,Wide CPR + close below CPR + trend aligned + participation confirmed,-2,0,0,-2
2026-09-30,2026-09-30,CM,NSE,STK,10447,INE854D01024,UNITDSPR,EQ,,,,,UNITED SPIRITS LIMITED,1371.0,1376.5,1337.6,1354.0,1354.0,1363.0,,1354.0,,,976345,1320786464.7,38804,F1,1,,,,,,F&O + Cash,Fast Moving Consumer Goods,True,1414.2,1356.1,1363.0,1377.7666666666667,1385.15,1370.3833333333332,1385.15,1370.3833333333332,14.766666666666879,1.0833944729762934,Wide,Bearish,Below CPR,1356.0333333333333,1357.05,1355.0166666666667,1357.05,1355.0166666666667,2.033333333333303,0.15017232890201648,Narrow,False,False,0.16666666666666666,60,841980935.05,True,False,Lower,True,Risk Off,True,None,30.357142857142872,1474.2119999999998,1396.467,0.48643137254902635,1.5686655240258698,False,False,Short,0.5,None,None,0,No active J-Curve setup.,Short,84,Strong confirmation,CPR width: Wide; directional confirmation limited (8/20); Price location: Below CPR (20/20); Trend: aligned with SMA50/SMA100 (20/20); Participation: confirmed (1.57x) (20/20); Higher timeframe: aligned (-2) (16/20),Wide CPR,Wide Downside Breakout,Confirmed,Wide CPR + close below CPR + trend aligned + participation confirmed,-2,0,0,-2
2026-09-30,2026-09-30,CM,NSE,STK,24948,INE498L01015,LTF,EQ,,,,,L&T FINANCE LIMITED,272.0,273.25,264.9,265.0,265.0,271.05,,265.0,,,6415013,1718012864.1,63173,F1,1,,,,,,F&O + Cash,Financial Services,True,281.3,269.45,271.05,273.93333333333334,275.375,272.4916666666667,275.375,272.4916666666667,2.8833333333333258,1.0637643731168882,Wide,Bearish,Below CPR,267.71666666666664,269.075,266.3583333333333,269.075,266.3583333333333,2.716666666666697,1.0251572327044138,Wide,False,False,0.08333333333333333,60,1206362666.25,False,False,Lower,True,Risk Off,True,None,10.142857142857139,309.411,300.565,0.28427230046948293,1.4241263528491592,False,False,Short,0.5,None,None,0,No active J-Curve setup.,Short,84,Strong confirmation,CPR width: Wide; directional confirmation limited (8/20); Price location: Below CPR (20/20); Trend: aligned with SMA50/SMA100 (20/20); Participation: confirmed (1.42x) (20/20); Higher timeframe: aligned (-2) (16/20),Wide CPR,Wide Downside Breakout,Confirmed,Wide CPR + close below CPR + trend aligned + participation confirmed,-2,0,0,-2
2026-09-30,2026-09-30,CM,NSE,STK,11325,INE304A01026,MUKANDLTD,EQ,,,,,MUKAND LTD.,176.0,184.8,174.25,180.13,180.0,172.49,,180.12,,,1438322,259687734.07,18853,F1,1,,,,,,Cash Only,Diversified,False,174.2,165.41,172.49,170.70000000000002,169.805,171.59500000000003,171.59500000000003,169.805,1.7900000000000205,1.0377413183373068,Wide,Bullish,Above CPR,179.7266666666667,179.525,179.92833333333337,179.92833333333337,179.525,0.4033333333333644,0.22391235959216366,Narrow,False,False,0.2,60,11735769.885,True,False,Higher,True,Risk Off,True,Bullish Virgin,7.523571428571425,140.791,139.0348,0.23791892148485994,22.127882245025802,True,True,Long,0.5,None,Liftoff,90,🚀 J-Curve Liftoff: Decisive kinetic breakout above CPR Top (₹171.60) with massive 22.1x volume surge (60D Narrow CPR). Ascending Higher CPR overlay and +2 confluence. Momentum continuation target expansion above ₹171.60 with stop below Pivot (₹170.70).,Long,84,Strong confirmation,CPR width: Wide; directional confirmation limited (8/20); Price location: Above CPR (20/20); Trend: aligned with SMA50/SMA100 (20/20); Participation: confirmed (22.13x) (20/20); Higher timeframe: aligned (+2) (16/20),Wide CPR,Wide Upside Breakout,Confirmed,Wide CPR + close above CPR + trend aligned + participation confirmed,2,0,0,2
2026-09-30,2026-09-30,CM,NSE,STK,157,INE437A01024,APOLLOHOSP,EQ,,,,,APOLLO HOSPITALS ENTER. L,8582.0,8659.0,8053.0,8165.5,8165.5,8659.0,,8165.19,,,2108531,17304819644.0,203998,F1,1,,,,,,F&O + Cash,Healthcare,True,8906.0,8657.5,8659.0,8740.833333333334,8781.75,8699.916666666668,8781.75,8699.916666666668,81.83333333333212,0.9450667898525479,Wide,Bearish,Below CPR,8292.5,8356.0,8229.0,8356.0,8229.0,127.0,1.5553242299920398,Wide,False,False,0.11666666666666667,60,2476304193.75,True,True,Lower,True,Risk Off,True,Bearish Virgin,165.0,8834.12,8646.81,0.4959595959595886,6.9881639290019475,False,False,Short,1.0,None,None,0,No active J-Curve setup.,Short,84,Strong confirmation,CPR width: Wide; directional confirmation limited (8/20); Price location: Below CPR (20/20); Trend: aligned with SMA50/SMA100 (20/20); Participation: confirmed (6.99x) (20/20); Higher timeframe: aligned (-2) (16/20),Wide CPR,Wide Downside Breakout,Confirmed,Wide CPR + close below CPR + trend aligned + participation confirmed,-2,0,0,-2
2026-09-30,2026-09-30,CM,NSE,STK,20905,INE02IJ01035,AZAD,EQ,,,,,AZAD ENGINEERING LIMITED,2941.0,3127.9,2875.6,2963.2,2990.0,2914.2,,2963.39,,,5708538,17139646708.7,324803,F1,1,,,,,,Cash Only,Diversified,False,2998.0,2751.1,2914.2,2887.7666666666664,2874.55,2900.9833333333327,2900.9833333333327,2874.55,26.433333333332484,0.9070528218149916,Wide,Bullish,Above CPR,2988.9,3001.75,2976.05,3001.75,2976.05,25.699999999999818,0.8673056155507499,Wide,False,False,0.25,60,1129025147.4499998,False,False,Higher,True,Risk Off,True,None,130.66428571428568,2652.876,2401.2270000000003,0.2022996045846252,15.1809255510485,True,True,Long,0.5,None,Liftoff,90,"🚀 J-Curve Liftoff: Decisive kinetic breakout above CPR Top (₹2,900.98) with massive 15.2x volume surge (60D Narrow CPR). Ascending Higher CPR overlay and +2 confluence. Momentum continuation target expansion above ₹2,900.98 with stop below Pivot (₹2,887.77).",Long,84,Strong confirmation,CPR width: Wide; directional confirmation limited (8/20); Price location: Above CPR (20/20); Trend: aligned with SMA50/SMA100 (20/20); Participation: confirmed (15.18x) (20/20); Higher timeframe: aligned (+2) (16/20),Wide CPR,Wide Upside Breakout,Confirmed,Wide CPR + close above CPR + trend aligned + participation confirmed,2,0,0,2
2026-09-30,2026-09-30,CM,NSE,STK,757955,INE124Y01028,PASHUPATI,EQ,,,,,PASHUPATI COTSPIN LIMITED,111.26,111.26,74.18,75.4,74.18,92.72,,75.38,,,2778737,240791192.47,25303,F1,1,,,,,,Cash Only,Diversified,False,92.72,75.6,92.72,87.01333333333332,84.16,89.86666666666665,89.86666666666665,84.16,5.706666666666649,6.154731090020114,Wide,Bullish,Below CPR,86.94666666666667,92.72,81.17333333333335,92.72,81.17333333333335,11.546666666666653,15.313881520778052,Wide,False,False,0.8666666666666667,60,2595380.0149999997,False,False,Higher,True,Risk Off,False,None,4.150714285714288,83.77,86.59380000000002,1.3748637641255044,92.77685390129662,False,False,No setup,0.0,None,None,0,No active J-Curve setup.,Neutral,0,Not applicable,No directional setup; confirmation score not applicable.,Wide CPR,Wide Downside Breakout,Confirmed,Wide CPR + close below CPR + trend aligned + participation confirmed,0,0,0,0
2026-09-30,2026-09-30,CM,NSE,STK,4130,INE277C01012,REGENCERAM,EQ,,,,,REGENCY CERAMICS LTD.,33.4,34.1,31.11,32.38,32.1,32.51,,32.4,,,32772,1072835.7,284,F1,1,,,,,,Cash Only,Diversified,False,39.16,31.2,32.51,34.29,35.18,33.4,35.18,33.4,1.7800000000000011,5.475238388188253,Wide,Bearish,Below CPR,32.53,32.605000000000004,32.455,32.605000000000004,32.455,0.15000000000000568,0.463248919085873,Moderate,False,False,0.25,60,120753.515,True,True,Outside,True,Risk Off,True,None,3.472857142857142,34.1824,37.540299999999995,0.5125462772521601,8.884509076195421,False,False,No setup,0.0,None,None,0,No active J-Curve setup.,Neutral,0,Not applicable,No directional setup; confirmation score not applicable.,Wide CPR,Wide Downside Breakout,Confirmed,Wide CPR + close below CPR + trend aligned + participation confirmed,0,0,0,0
2026-09-30,2026-09-30,CM,NSE,STK,13720,INE544H01014,JHS,EQ,,,,,JHS SVEND. LAB. LTD,11.4,12.45,11.0,12.45,12.45,10.38,,12.51,,,2836786,34439356.68,3651,F1,1,,,,,,Cash Only,Diversified,False,10.57,8.58,10.38,9.843333333333334,9.575,10.111666666666668,10.111666666666668,9.575,0.5366666666666688,5.170199100834959,Wide,Bullish,Above CPR,11.966666666666667,11.725,12.208333333333334,12.208333333333334,11.725,0.4833333333333343,3.8821954484605166,Wide,False,False,0.8666666666666667,60,421218.16000000003,False,False,Higher,True,Risk Off,False,Bullish Virgin,0.732857142857143,8.203,8.1724,0.7322936972059807,81.76132928361872,True,True,No setup,0.0,None,None,0,No active J-Curve setup.,Neutral,0,Not applicable,No directional setup; confirmation score not applicable.,Wide CPR,Wide Upside Breakout,Confirmed,Wide CPR + close above CPR + trend aligned + participation confirmed,0,0,0,0
2026-09-30,2026-09-30,CM,NSE,STK,764855,INE005C01017,RTSPOWR,EQ,,,,,R T S POWER CORPN. LTD.,118.18,121.8,107.2,109.87,110.98,118.18,,110.35,,,31060,3487799.57,778,F1,1,,,,,,Cash Only,Diversified,False,138.05,116.05,118.18,124.09333333333335,127.05000000000001,121.13666666666668,127.05000000000001,121.13666666666668,5.913333333333327,5.003666723077785,Wide,Bearish,Below CPR,112.95666666666666,114.5,111.41333333333333,114.5,111.41333333333333,3.086666666666673,2.8093807833500253,Wide,False,False,0.8709677419354839,31,170720.41,False,False,Higher,True,Risk Off,False,None,9.754285714285714,,,0.6062292520991988,20.429892184537277,False,False,No setup,0.0,None,None,0,No active J-Curve setup.,Neutral,0,Not applicable,No directional setup; confirmation score not applicable.,Wide CPR,Wide Downside Breakout,Confirmed,Wide CPR + close below CPR + trend aligned + participation confirmed,0,0,0,0
2026-09-30,2026-09-30,CM,NSE,STK,17376,INE688J01023,LANDSMILL,EQ,,,,,LANDSMILL GREEN LIMITED,0.96,0.96,0.96,0.96,0.96,0.88,,0.98,,,5502985,5282865.6,757,F1,1,,,,,,Cash Only,Diversified,False,0.88,0.76,0.88,0.84,0.8200000000000001,0.8599999999999999,0.8599999999999999,0.8200000000000001,0.039999999999999813,4.545454545454524,Wide,Bullish,Above CPR,0.96,0.96,0.96,0.96,0.96,0.0,0.0,Narrow,False,False,0.9666666666666667,60,1516533.105,False,False,Higher,True,Risk Off,False,Bullish Virgin,0.04499999999999995,0.7020000000000001,0.7768999999999999,0.8888888888888857,3.483514855417548,True,True,No setup,0.0,None,None,0,No active J-Curve setup.,Neutral,0,Not applicable,No directional setup; confirmation score not applicable.,Wide CPR,Wide Upside Breakout,Confirmed,Wide CPR + close above CPR + trend aligned + participation confirmed,0,0,0,0
2026-09-30,2026-09-30,CM,NSE,STK,31475,INE231G01010,ORBTEXP,EQ,,,,,ORBIT EXPORTS LIMITED,272.85,282.85,254.0,258.51,255.0,262.01,,258.21,,,115278,31381570.44,3675,F1,1,,,,,,Cash Only,Diversified,False,267.0,225.11,262.01,251.37333333333333,246.055,256.69166666666666,256.69166666666666,246.055,10.636666666666656,4.059641489510574,Wide,Bullish,Above CPR,265.12,268.425,261.815,268.425,261.815,6.610000000000014,2.5569610459943575,Wide,False,False,0.8833333333333333,60,878653.735,False,False,Higher,True,Risk Off,False,None,12.582142857142859,207.767,183.81990000000002,0.8453779922414599,35.71551475849585,True,True,No setup,0.0,None,None,0,No active J-Curve setup.,Neutral,0,Not applicable,No directional setup; confirmation score not applicable.,Wide CPR,Wide Upside Breakout,Confirmed,Wide CPR + close above CPR + trend aligned + participation confirmed,0,0,0,0
2026-09-30,2026-09-30,CM,NSE,STK,18154,INE982F01036,HATHWAY,EQ,,,,,HATHWAY CABLE & DATACOM,9.5,9.64,9.41,9.45,9.52,9.49,,9.45,,,1655209,15749659.02,2837,F1,1,,,,,,Cash Only,Diversified,False,10.88,9.21,9.49,9.860000000000001,10.045000000000002,9.675,10.045000000000002,9.675,0.370000000000001,3.8988408851422656,Wide,Bearish,Below CPR,9.5,9.525,9.475,9.525,9.475,0.05000000000000071,0.5291005291005366,Moderate,False,False,0.9833333333333333,60,12637491.845,False,False,Outside,True,Risk Off,False,Bearish Virgin,0.34499999999999986,10.4664,10.704500000000001,1.0724637681159452,1.246264623801227,False,False,No setup,0.0,None,None,0,No active J-Curve setup.,Neutral,0,Not applicable,No directional setup; confirmation score not applicable.,Wide CPR,Wide Downside Breakout,Confirmed,Wide CPR + close below CPR + trend aligned + participation confirmed,0,0,0,0
2026-09-30,2026-09-30,CM,NSE,STK,764623,INE365Y01019,BPLPHARMA,EQ,,,,,BHARAT PARENTERALS LTD.,1945.0,1948.0,1756.4,1792.8,1782.0,1926.0,,1792.86,,,15982,29664913.9,1759,F1,1,,,,,,Cash Only,Healthcare & Pharma,False,2222.0,1820.0,1926.0,1989.3333333333333,2021.0,1957.6666666666665,2021.0,1957.6666666666665,63.333333333333485,3.2883350640360063,Wide,Bearish,Below CPR,1832.3999999999999,1852.2,1812.5999999999997,1852.2,1812.5999999999997,39.600000000000364,2.208835341365482,Wide,False,False,0.22580645161290322,31,1853151.6,True,False,Higher,True,Risk Off,True,Bearish Virgin,128.07142857142858,,,0.4945157092396368,16.0078181946906,False,False,No setup,0.0,None,None,0,No active J-Curve setup.,Neutral,0,Not applicable,No directional setup; confirmation score not applicable.,Wide CPR,Wide Downside Breakout,Confirmed,Wide CPR + close below CPR + trend aligned + participation confirmed,0,0,0,0
2026-09-30,2026-09-30,CM,NSE,STK,9881,INE144D01012,CUBEXTUB,BE,,,,,CUBEXTUBINGS-ROLLSETT,175.74,184.0,166.96,174.84,177.6,175.74,,174.77,,,388081,66757415.42,3441,F1,1,,,,,,Cash Only,Diversified,False,175.83,159.09,175.74,170.22,167.46,172.98,172.98,167.46,5.519999999999982,3.141003755547958,Wide,Bullish,Above CPR,175.26666666666668,175.48000000000002,175.05333333333334,175.48000000000002,175.05333333333334,0.4266666666666765,0.24403263936552078,Narrow,False,False,0.9666666666666667,60,3283276.08,False,False,Higher,True,Risk Off,False,None,10.428571428571432,86.55980000000001,86.6345,0.5293150684931488,20.332562292477093,True,True,No setup,0.0,None,None,0,No active J-Curve setup.,Neutral,0,Not applicable,No directional setup; confirmation score not applicable.,Wide CPR,Wide Upside Breakout,Confirmed,Wide CPR + close above CPR + trend aligned + participation confirmed,0,0,0,0
2026-09-30,2026-09-30,CM,NSE,STK,15346,INE849C01026,SHALPAINTS,BE,,,,,SHALIM PAINTS LTD,77.99,81.99,77.99,80.62,81.0,78.09,,80.62,,,101983,8260650.86,435,F1,1,,,,,,Cash Only,Diversified,False,78.12,71.16,78.09,75.79,74.64,76.94000000000001,76.94000000000001,74.64,2.3000000000000114,2.94531950313742,Wide,Bullish,Above CPR,80.2,79.99,80.41000000000001,80.41000000000001,79.99,0.4200000000000159,0.5209625403125973,Moderate,False,False,0.8666666666666667,60,4718112.665,False,False,Lower,True,Risk Off,False,Bullish Virgin,4.4592857142857145,68.12140000000001,59.92269999999999,0.5157776709915131,1.7508379825855642,True,True,No setup,0.0,None,None,0,No active J-Curve setup.,Neutral,0,Not applicable,No directional setup; confirmation score not applicable.,Wide CPR,Wide Upside Breakout,Confirmed,Wide CPR + close above CPR + trend aligned + participation confirmed,0,0,0,0
2026-09-30,2026-09-30,CM,NSE,STK,764940,INE159L01013,SVGLOBAL,EQ,,,,,S V GLOBAL MILL LTD.,143.19,146.5,135.11,137.18,138.0,143.2,,137.18,,,1595,224021.13,74,F1,1,,,,,,Cash Only,Diversified,False,157.0,142.0,143.2,147.4,149.5,145.3,149.5,145.3,4.199999999999989,2.932960893854741,Wide,Bearish,Below CPR,139.59666666666666,140.805,138.38833333333332,140.805,138.38833333333332,2.4166666666666856,1.761675657287276,Wide,False,False,0.8064516129032258,31,203416.62,False,False,Overlapping,True,Risk Off,False,None,15.684285714285718,,,0.26778395117952375,1.1012921658023813,False,False,No setup,0.0,None,None,0,No active J-Curve setup.,Neutral,0,Not applicable,No directional setup; confirmation score not applicable.,Wide CPR,Wide Downside Breakout,Confirmed,Wide CPR + close below CPR + trend aligned + participation confirmed,0,0,0,0
2026-09-30,2026-09-30,CM,NSE,STK,9313,INE089C01029,STLTECH,BE,,,,,STERLITE TECHNOLOGIES LTD,909.9,909.9,909.9,909.9,909.9,866.6,,909.9,,,1691349,1538958455.1,9224,F1,1,,,,,,Cash Only,Telecom Cables,False,866.6,792.1,866.6,841.7666666666668,829.35,854.1833333333335,854.1833333333335,829.35,24.833333333333485,2.865605046542059,Wide,Bullish,Above CPR,909.9,909.9,909.9,909.9,909.9,0.0,0.0,Narrow,False,False,0.3333333333333333,60,1434111307.745,False,False,Outside,True,Risk Off,False,Bullish Virgin,50.4107142857143,490.16,318.3482,0.49262014405479093,1.073109490726952,True,True,No setup,0.0,None,None,0,No active J-Curve setup.,Neutral,0,Not applicable,No directional setup; confirmation score not applicable.,Wide CPR,Wide Upside Breakout,Confirmed,Wide CPR + close above CPR + trend aligned + participation confirmed,0,0,0,0
2026-09-30,2026-09-30,CM,NSE,STK,18508,INE871L01013,TVVISION,BE,,,,,TV VISION LIMITED,2.82,2.85,2.68,2.68,2.68,2.82,,2.7,,,41298,110956.39,89,F1,1,,,,,,Cash Only,Diversified,False,3.05,2.82,2.82,2.8966666666666665,2.9349999999999996,2.8583333333333334,2.9349999999999996,2.8583333333333334,0.07666666666666622,2.7186761229314262,Wide,Bearish,Below CPR,2.736666666666667,2.765,2.7083333333333335,2.765,2.7083333333333335,0.05666666666666664,2.1144278606965163,Wide,False,False,0.5666666666666667,60,82621.245,False,False,Lower,True,Risk Off,False,Bearish Virgin,0.17857142857142858,4.1356,4.7174000000000005,0.4293333333333308,1.3429522878770468,False,False,No setup,0.0,None,None,0,No active J-Curve setup.,Neutral,0,Not applicable,No directional setup; confirmation score not applicable.,Wide CPR,Wide Downside Breakout,Confirmed,Wide CPR + close below CPR + trend aligned + participation confirmed,0,0,0,0
2026-09-30,2026-09-30,CM,NSE,STK,762663,INE669R01026,ELITECON,EQ,,,,,ELITECON INTERNATIONAL L,8.2,8.61,7.86,7.98,7.9,8.2,,7.98,,,13834853,113832113.21,14615,F1,1,,,,,,Cash Only,Diversified,False,8.84,8.2,8.2,8.413333333333332,8.52,8.306666666666665,8.52,8.306666666666665,0.2133333333333347,2.6016260162601794,Wide,Bearish,Below CPR,8.15,8.235,8.065000000000001,8.235,8.065000000000001,0.16999999999999815,2.1303258145363175,Wide,False,False,0.8,60,45537979.715,False,False,Lower,True,Risk Off,False,None,0.6114285714285713,13.035599999999999,20.4874,0.3489096573208746,2.4997181236941044,False,False,No setup,0.0,None,None,0,No active J-Curve setup.,Neutral,0,Not applicable,No directional setup; confirmation score not applicable.,Wide CPR,Wide Downside Breakout,Confirmed,Wide CPR + close below CPR + trend aligned + participation confirmed,0,0,0,0
2026-09-30,2026-09-30,CM,NSE,STK,245,INE0CHO01012,ADL,EQ,,,,,ARCHIDPLY DECOR LIMITED,78.0,80.0,67.33,77.6,80.0,70.0,,77.52,,,6985,527665.7,117,F1,1,,,,,,Cash Only,Diversified,False,77.0,68.4,70.0,71.8,72.7,70.89999999999999,72.7,70.89999999999999,1.8000000000000114,2.5714285714285876,Wide,Bearish,Above CPR,74.97666666666666,73.66499999999999,76.28833333333333,76.28833333333333,73.66499999999999,2.623333333333335,3.3805841924398643,Wide,False,False,0.4745762711864407,60,55771.43,False,False,Higher,True,Risk Off,False,None,5.696428571428572,71.8574,71.9169,0.31598746081504897,9.461218763800748,True,True,No setup,0.0,None,None,0,No active J-Curve setup.,Neutral,0,Not applicable,No directional setup; confirmation score not applicable.,Wide CPR,Wide Upside Breakout,Confirmed,Wide CPR + close above CPR + trend aligned + participation confirmed,0,0,0,0
2026-09-30,2026-09-30,CM,NSE,STK,764990,INE467D01017,VIRAT,EQ,,,,,VIRAT INDUSTRIES LTD.,364.95,374.2,333.0,339.2,333.0,340.2,,339.12,,,25393,8989785.55,1562,F1,1,,,,,,Cash Only,Diversified,False,374.9,331.6,340.2,348.90000000000003,353.25,344.55000000000007,353.25,344.55000000000007,8.699999999999932,2.557319223985871,Wide,Bearish,Below CPR,348.8,353.6,344.0,353.6,344.0,9.600000000000023,2.8301886792452895,Wide,False,False,0.7096774193548387,31,2619571.15,False,False,Lower,True,Risk Off,False,None,32.257142857142846,,,0.26970770593445326,3.4317775831360797,False,False,No setup,0.0,None,None,0,No active J-Curve setup.,Neutral,0,Not applicable,No directional setup; confirmation score not applicable.,Wide CPR,Wide Downside Breakout,Confirmed,Wide CPR + close below CPR + trend aligned + participation confirmed,0,0,0,0
2026-09-30,2026-09-30,CM,NSE,STK,18520,INE509F01029,CUPID,EQ,,,,,CUPID LIMITED,288.0,312.0,287.4,311.65,311.7,288.0,,311.65,,,66496228,20445101092.35,356761,F1,1,,,,,,Cash Only,Diversified,False,292.25,262.0,288.0,280.75,277.125,284.375,284.375,277.125,7.25,2.517361111111111,Wide,Bullish,Above CPR,303.68333333333334,299.7,307.6666666666667,307.6666666666667,299.7,7.966666666666697,2.5562864324295513,Wide,False,False,0.6,60,7099346164.635,False,False,Higher,True,Risk Off,False,Bullish Virgin,15.36785714285715,264.74899999999997,213.6236,0.4717638856611664,2.8798569076961114,True,True,No setup,0.0,None,None,0,No active J-Curve setup.,Neutral,0,Not applicable,No directional setup; confirmation score not applicable.,Wide CPR,Wide Upside Breakout,Confirmed,Wide CPR + close above CPR + trend aligned + participation confirmed,0,0,0,0
2026-09-30,2026-09-30,CM,NSE,STK,11374,INE0LQS01015,TIPSFILMS,EQ,,,,,TIPS FILMS LIMITED,348.95,348.95,306.35,318.25,319.5,339.55,,318.31,,,24583,7849248.8,1490,F1,1,,,,,,Cash Only,Media & Entertainment,False,369.4,335.1,339.55,348.01666666666665,352.25,343.7833333333333,352.25,343.7833333333333,8.466666666666697,2.4934962941147685,Wide,Bearish,Below CPR,324.51666666666665,327.65,321.3833333333333,327.65,321.3833333333333,6.2666666666666515,1.9691018591254206,Wide,False,False,0.9833333333333333,60,1382451.925,False,False,Higher,True,Risk Off,False,None,17.432142857142843,347.29900000000004,349.61350000000004,0.4856928225090508,5.677773424200628,False,False,No setup,0.0,None,None,0,No active J-Curve setup.,Neutral,0,Not applicable,No directional setup; confirmation score not applicable.,Wide CPR,Wide Downside Breakout,Confirmed,Wide CPR + close below CPR + trend aligned + participation confirmed,0,0,0,0
2026-09-30,2026-09-30,CM,NSE,STK,8568,INE127B01011,HITECHGEAR,BE,,,,,THE HI-TECH GEARS LIMITED,639.0,645.0,615.0,621.8,621.0,625.5,,621.83,,,4081,2555560.5,129,F1,1,,,,,,Cash Only,Information Technology,False,680.9,616.45,625.5,640.9499999999999,648.675,633.2249999999999,648.675,633.2249999999999,15.450000000000045,2.470023980815355,Wide,Bearish,Below CPR,627.2666666666667,630.0,624.5333333333333,630.0,624.5333333333333,5.466666666666697,0.879168006861804,Wide,False,False,0.9,20,1189359.225,False,False,Higher,True,Risk Off,False,None,28.010714285714283,,,0.5515746525564215,2.1486868275646493,False,False,No setup,0.0,None,None,0,No active J-Curve setup.,Neutral,0,Not applicable,No directional setup; confirmation score not applicable.,Wide CPR,Wide Downside Breakout,Confirmed,Wide CPR + close below CPR + trend aligned + participation confirmed,0,0,0,0
2026-09-30,2026-09-30,CM,NSE,STK,756324,INE0FFK01017,NPST,EQ,,,,,NETWORK PEOPLE SRV TECH L,1663.5,1800.0,1641.0,1764.8,1740.4,1653.0,,1764.39,,,117252,203751039.2,12597,F1,1,,,,,,Cash Only,Diversified,False,1662.6,1524.0,1653.0,1613.2,1593.3,1633.1000000000001,1633.1000000000001,1593.3,39.80000000000018,2.4077434966727274,Wide,Bullish,Above CPR,1735.2666666666667,1720.5,1750.0333333333333,1750.0333333333333,1720.5,29.533333333333303,1.6734663040193394,Wide,False,False,1.0,60,55397896.05,False,False,Lower,True,Risk Off,False,Bullish Virgin,112.4857142857143,1639.87,1531.646,0.3538227076454169,3.6779562714096974,True,True,No setup,0.0,None,None,0,No active J-Curve setup.,Neutral,0,Not applicable,No directional setup; confirmation score not applicable.,Wide CPR,Wide Upside Breakout,Confirmed,Wide CPR + close above CPR + trend aligned + participation confirmed,0,0,0,0
2026-09-30,2026-09-30,CM,NSE,STK,756843,INE14LE01019,ABLBL,EQ,,,,,ADITYA BIRLA LIFES BRAN L,77.39,77.8,76.11,76.52,76.35,76.98,,76.52,,,2517738,193181011.55,22249,F1,1,,,,,,Cash Only,Consumer Services,True,84.43,75.06,76.98,78.82333333333334,79.745,77.90166666666667,79.745,77.90166666666667,1.8433333333333337,2.394561357928467,Wide,Bearish,Below CPR,76.81,76.955,76.665,76.955,76.665,0.28999999999999204,0.3789858860428542,Moderate,False,False,0.7833333333333333,60,47711525.36,False,False,Outside,True,Risk Off,False,Bearish Virgin,2.2949999999999995,87.35660000000001,93.3659,0.8031953522149604,4.048938072978852,False,False,No setup,0.0,None,None,0,No active J-Curve setup.,Neutral,0,Not applicable,No directional setup; confirmation score not applicable.,Wide CPR,Wide Downside Breakout,Confirmed,Wide CPR + close below CPR + trend aligned + participation confirmed,0,0,0,0
2026-09-30,2026-09-30,CM,NSE,STK,6656,INE417T01026,POLICYBZR,EQ,,,,,PB FINTECH LIMITED,1087.0,1098.0,1031.4,1063.9,1063.9,1081.0,,1063.92,,,8915211,9483360945.6,223420,F1,1,,,,,,F&O + Cash,Financial Services,True,1162.3,1077.0,1081.0,1106.7666666666667,1119.65,1093.8833333333332,1119.65,1093.8833333333332,25.76666666666688,2.383595436324411,Wide,Bearish,Below CPR,1064.4333333333334,1064.7,1064.1666666666667,1064.7,1064.1666666666667,0.533333333333303,0.050130024751696874,Narrow,False,False,0.9333333333333333,60,1966245400.3000002,False,False,Lower,True,Risk Off,False,None,121.69285714285716,1682.356,1658.175,0.21173524290270368,4.823081058017008,False,False,No setup,0.0,None,None,0,No active J-Curve setup.,Neutral,0,Not applicable,No directional setup; confirmation score not applicable.,Wide CPR,Wide Downside Breakout,Confirmed,Wide CPR + close below CPR + trend aligned + participation confirmed,0,0,0,0
2026-09-30,2026-09-30,CM,NSE,STK,477,INE800A01015,BIRLACABLE,EQ,,,,,BIRLA CABLE LIMITED,372.0,387.35,371.45,381.15,381.9,368.95,,381.18,,,654414,250230338.45,10126,F1,1,,,,,,Cash Only,Media & Entertainment,False,368.95,344.0,368.95,360.6333333333334,356.475,364.79166666666674,364.79166666666674,356.475,8.31666666666672,2.2541446447124867,Wide,Bullish,Above CPR,379.9833333333333,379.4,380.5666666666666,380.5666666666666,379.4,1.1666666666666288,0.30609121518211435,Moderate,False,False,0.65,60,17524582.985,True,False,Overlapping,True,Risk Off,False,Bullish Virgin,27.446428571428562,227.9852,182.39559999999997,0.3030145304706158,14.278818426902498,True,True,No setup,0.0,None,None,0,No active J-Curve setup.,Neutral,0,Not applicable,No directional setup; confirmation score not applicable.,Wide CPR,Wide Upside Breakout,Confirmed,Wide CPR + close above CPR + trend aligned + participation confirmed,0,0,0,0
2026-09-30,2026-09-30,CM,NSE,STK,9641,INE060B01014,KHANDSE,EQ,,,,,KHANDWALA SECURITIES LTD,17.49,17.49,16.9,17.2,17.47,17.06,,17.21,,,1628,27711.28,14,F1,1,,,,,,Cash Only,Diversified,False,18.4,16.86,17.06,17.439999999999998,17.63,17.249999999999996,17.63,17.249999999999996,0.38000000000000256,2.227432590855818,Wide,Bearish,Below CPR,17.19666666666667,17.195,17.198333333333338,17.198333333333338,17.195,0.003333333333337407,0.019379844961263996,Narrow,False,False,0.6166666666666667,60,25507.925,False,False,Lower,True,Risk Off,False,None,1.1885714285714284,17.4606,17.6076,0.31971153846154066,1.086379233120687,False,False,No setup,0.0,None,None,0,No active J-Curve setup.,Neutral,0,Not applicable,No directional setup; confirmation score not applicable.,Wide CPR,Wide Downside Breakout,Confirmed,Wide CPR + close below CPR + trend aligned + participation confirmed,0,0,0,0
2026-09-30,2026-09-30,CM,NSE,STK,762944,INE077P01034,THACKER,EQ,,,,,THACKER & CO. LTD.,997.0,997.0,910.0,954.3,954.0,996.8,,954.3,,,218,203258.1,30,F1,1,,,,,,Cash Only,Diversified,False,1085.0,975.0,996.8,1018.9333333333334,1030.0,1007.8666666666668,1030.0,1007.8666666666668,22.133333333333212,2.2204387372926577,Wide,Bearish,Below CPR,953.7666666666668,953.5,954.0333333333335,954.0333333333335,953.5,0.5333333333335304,0.055887386915386195,Narrow,False,False,0.43478260869565216,48,34190.649999999994,False,False,Higher,True,Risk Off,False,Bearish Virgin,52.13571428571429,,,0.42453304105585,5.944844570079833,False,False,No setup,0.0,None,None,0,No active J-Curve setup.,Neutral,0,Not applicable,No directional setup; confirmation score not applicable.,Wide CPR,Wide Downside Breakout,Confirmed,Wide CPR + close below CPR + trend aligned + participation confirmed,0,0,0,0
2026-09-30,2026-09-30,CM,NSE,STK,27353,INE0OJW01016,ROSSTECH,EQ,,,,,ROSSELL TECHSYS LIMITED,1480.0,1525.0,1455.2,1503.2,1486.0,1481.7,,1503.13,,,253108,379722602.4,23945,F1,1,,,,,,Cash Only,Information Technology,False,1490.0,1375.8,1481.7,1449.1666666666667,1432.9,1465.4333333333334,1465.4333333333334,1432.9,32.5333333333333,2.1956761377696767,Wide,Bullish,Above CPR,1494.4666666666665,1490.1,1498.833333333333,1498.833333333333,1490.1,8.733333333333121,0.5809827922653753,Moderate,False,False,0.7833333333333333,60,201995929.77499998,False,False,Higher,True,Risk Off,False,None,90.07857142857145,1145.111,1063.328,0.3611661776755738,1.8798527417011168,True,True,No setup,0.0,None,None,0,No active J-Curve setup.,Neutral,0,Not applicable,No directional setup; confirmation score not applicable.,Wide CPR,Wide Upside Breakout,Confirmed,Wide CPR + close above CPR + trend aligned + participation confirmed,0,0,0,0
2026-09-30,2026-09-30,CM,NSE,STK,764945,INE692C01020,TANAA,EQ,,,,,TANEJA AEROSPACE & AVIA L,334.0,355.0,332.5,338.55,338.0,335.0,,338.51,,,40704,14018166.0,1705,F1,1,,,,,,Cash Only,Diversified,False,365.0,326.9,335.0,342.3,345.95,338.65000000000003,345.95,338.65000000000003,7.2999999999999545,2.179104477611927,Wide,Bearish,Below CPR,342.01666666666665,343.75,340.2833333333333,343.75,340.2833333333333,3.466666666666697,1.0239747944666067,Wide,False,False,0.7741935483870968,31,2796961.45,False,False,Lower,True,Risk Off,False,None,27.94285714285714,,,0.2612474437627796,5.011926782187148,False,False,No setup,0.0,None,None,0,No active J-Curve setup.,Neutral,0,Not applicable,No directional setup; confirmation score not applicable.,Wide CPR,Wide Downside Breakout,Confirmed,Wide CPR + close below CPR + trend aligned + participation confirmed,0,0,0,0
2026-09-30,2026-09-30,CM,NSE,STK,14008,INE488D01021,AVTNPL,EQ,,,,,AVT NATURAL PRODUCTS LTD,93.0,93.49,90.41,91.29,92.15,92.2,,91.27,,,232448,21351837.2,3360,F1,1,,,,,,Cash Only,Diversified,False,93.5,85.0,92.2,90.23333333333333,89.25,91.21666666666667,91.21666666666667,89.25,1.9666666666666686,2.13304410701374,Wide,Bullish,Above CPR,91.73,91.94999999999999,91.51000000000002,91.94999999999999,91.51000000000002,0.4399999999999693,0.48198050169785217,Moderate,False,False,0.9666666666666667,60,5384624.555,False,False,Lower,True,Risk Off,False,None,4.976428571428571,82.3822,76.0987,0.39519640208602497,3.965334441037923,True,True,No setup,0.0,None,None,0,No active J-Curve setup.,Neutral,0,Not applicable,No directional setup; confirmation score not applicable.,Wide CPR,Wide Upside Breakout,Confirmed,Wide CPR + close above CPR + trend aligned + participation confirmed,0,0,0,0
2026-09-30,2026-09-30,CM,NSE,STK,9893,INE178C01020,SMARTLINK,BE,,,,,SMARTLINK HOLDINGS LTD,203.0,213.47,203.0,211.91,213.0,203.47,,211.89,,,6158,1289917.49,76,F1,1,,,,,,Cash Only,Consumer & Retail,False,216.94,203.0,203.47,207.8033333333333,209.97,205.63666666666663,209.97,205.63666666666663,4.333333333333371,2.129716092462462,Wide,Bearish,Above CPR,209.46,208.235,210.685,210.685,208.235,2.4499999999999886,1.156151196262559,Wide,False,False,0.31666666666666665,60,666401.6399999999,False,False,Lower,True,Risk Off,False,None,10.720714285714278,169.81260000000003,145.8088,0.404201923290474,1.9356457316041422,True,True,No setup,0.0,None,None,0,No active J-Curve setup.,Neutral,0,Not applicable,No directional setup; confirmation score not applicable.,Wide CPR,Wide Upside Breakout,Confirmed,Wide CPR + close above CPR + trend aligned + participation confirmed,0,0,0,0
2026-09-30,2026-09-30,CM,NSE,STK,764938,INE460D01038,SUPTANERY,BE,,,,,SUPER TANNERY LTD.,8.7,8.79,8.42,8.48,8.42,8.86,,8.47,,,210580,1790112.32,626,F1,1,,,,,,Cash Only,Diversified,False,9.59,8.69,8.86,9.046666666666667,9.14,8.953333333333333,9.14,8.953333333333333,0.18666666666666742,2.1068472535741245,Wide,Bearish,Below CPR,8.563333333333334,8.605,8.521666666666668,8.605,8.521666666666668,0.08333333333333215,0.9827044025157092,Wide,False,False,0.26785714285714285,28,940853.6100000001,True,True,Lower,True,Risk Off,False,Bearish Virgin,0.6021428571428572,,,0.3100039541320692,1.9026470228455623,False,False,No setup,0.0,None,None,0,No active J-Curve setup.,Neutral,0,Not applicable,No directional setup; confirmation score not applicable.,Wide CPR,Wide Downside Breakout,Confirmed,Wide CPR + close below CPR + trend aligned + participation confirmed,0,0,0,0
2026-09-30,2026-09-30,CM,NSE,STK,761680,INE921L01032,POWERICA,EQ,,,,,POWERICA LIMITED,607.0,620.85,598.0,600.6,601.5,599.75,,600.61,,,308631,186374234.25,11562,F1,1,,,,,,Cash Only,Power & Utilities,False,605.0,557.05,599.75,587.2666666666667,581.025,593.5083333333333,593.5083333333333,581.025,12.483333333333348,2.081422815061834,Wide,Bullish,Above CPR,606.4833333333332,609.425,603.5416666666665,609.425,603.5416666666665,5.883333333333439,0.9795759795759973,Wide,False,False,0.8833333333333333,60,88364928.775,False,False,Overlapping,True,Risk Off,False,Bullish Virgin,29.303571428571438,543.332,547.362,0.42600040625634816,2.1091425844359257,True,True,No setup,0.0,None,None,0,No active J-Curve setup.,Neutral,0,Not applicable,No directional setup; confirmation score not applicable.,Wide CPR,Wide Upside Breakout,Confirmed,Wide CPR + close above CPR + trend aligned + participation confirmed,0,0,0,0
2026-09-30,2026-09-30,CM,NSE,STK,750174,INE1CDF01017,VAML,EQ,,,,,VEDANTA ALUMINIUM METAL L,431.0,433.75,410.5,412.9,412.0,434.45,,412.91,,,13904115,5798353831.95,203121,F1,1,,,,,,Cash Only,Diversified,False,479.0,416.55,434.45,443.3333333333333,447.775,438.89166666666665,447.775,438.89166666666665,8.883333333333326,2.0447308857942974,Wide,Bearish,Below CPR,419.05,422.125,415.975,422.125,415.975,6.149999999999977,1.4894647614434435,Wide,False,False,0.05,60,3531196265.675,True,True,Higher,True,Risk Off,True,Bearish Virgin,17.824999999999996,441.103,,0.4983637213651236,1.6420366911669309,False,False,No setup,0.0,None,None,0,No active J-Curve setup.,Neutral,0,Not applicable,No directional setup; confirmation score not applicable.,Wide CPR,Wide Downside Breakout,Confirmed,Wide CPR + close below CPR + trend aligned + participation confirmed,0,0,0,0
2026-09-30,2026-09-30,CM,NSE,STK,7982,INE291A01017,GRWRHITECH,EQ,,,,,GARWARE HI-TECH FILMS LTD,7072.0,7159.0,6937.0,7015.5,7000.0,7016.5,,7015.46,,,84631,597029390.0,20740,F1,1,,,,,,Cash Only,Information Technology,False,7048.0,6555.0,7016.5,6873.166666666667,6801.5,6944.833333333334,6944.833333333334,6801.5,143.33333333333394,2.042803867075236,Wide,Bullish,Above CPR,7037.166666666667,7048.0,7026.333333333334,7048.0,7026.333333333334,21.66666666666606,0.3088399496353227,Moderate,False,False,0.31666666666666665,60,300603947.5,True,True,Higher,True,Risk Off,False,None,306.17857142857144,6964.78,6606.052,0.4681363972160679,1.9860996336383774,True,True,No setup,0.0,None,Ready,60,"🪝 J-Curve Ready (The Hook): Support defense at Monthly/Weekly CPR level with institutional absorption (2.0x volume). Coiling inside band (₹6,801.50 - ₹6,944.83), closed above Central Pivot (₹6,873.17). Probe long setup ahead of crowd with invalidation below CPR Bottom (₹6,801.50).",Neutral,0,Not applicable,No directional setup; confirmation score not applicable.,Wide CPR,Wide Upside Breakout,Confirmed,Wide CPR + close above CPR + trend aligned + participation confirmed,0,0,0,0
2026-09-30,2026-09-30,CM,NSE,STK,15044,INE124G01033,DELTACORP,EQ,,,,,DELTA CORP LIMITED,78.55,87.9,78.55,80.51,80.74,78.69,,80.51,,,84962418,7197469272.84,280046,F1,1,,,,,,Cash Only,Diversified,False,81.56,71.02,78.69,77.08999999999999,76.28999999999999,77.88999999999999,77.88999999999999,76.28999999999999,1.5999999999999943,2.0332952090481564,Wide,Bullish,Above CPR,82.32,83.225,81.41499999999999,83.225,81.41499999999999,1.8100000000000023,2.2481679294497603,Wide,False,False,1.0,60,46424665.135,False,False,Higher,True,Risk Off,False,Bullish Virgin,4.872142857142856,61.346599999999995,64.3894,0.32839759566045923,155.0354591015404,True,True,No setup,0.0,None,None,0,No active J-Curve setup.,Neutral,0,Not applicable,No directional setup; confirmation score not applicable.,Wide CPR,Wide Upside Breakout,Confirmed,Wide CPR + close above CPR + trend aligned + participation confirmed,0,0,0,0
2026-09-30,2026-09-30,CM,NSE,STK,17933,INE520H01022,BEARDSELL,EQ,,,,,BEARDSELL LIMITED,24.44,24.44,22.02,22.43,22.45,23.32,,22.43,,,82174,1851571.03,661,F1,1,,,,,,Cash Only,Diversified,False,24.99,23.07,23.32,23.793333333333333,24.03,23.556666666666665,24.03,23.556666666666665,0.47333333333333627,2.0297312750143064,Wide,Bearish,Below CPR,22.963333333333335,23.23,22.69666666666667,23.23,22.69666666666667,0.5333333333333314,2.3777678704116423,Wide,False,False,0.9833333333333333,60,372419.39,False,False,Lower,True,Risk Off,False,None,1.3528571428571425,25.7214,26.8207,0.3498768039422761,4.971736380321121,False,False,No setup,0.0,None,None,0,No active J-Curve setup.,Neutral,0,Not applicable,No directional setup; confirmation score not applicable.,Wide CPR,Wide Downside Breakout,Confirmed,Wide CPR + close below CPR + trend aligned + participation confirmed,0,0,0,0
2026-09-30,2026-09-30,CM,NSE,STK,25629,INE152C01025,UYFINCORP,BE,,,,,U. Y. FINCORP LIMITED,21.8,21.8,21.8,21.8,21.8,20.77,,21.85,,,415001,9047021.8,164,F1,1,,,,,,Cash Only,Diversified,False,20.77,19.51,20.77,20.349999999999998,20.14,20.559999999999995,20.559999999999995,20.14,0.4199999999999946,2.0221473278767195,Wide,Bullish,Above CPR,21.8,21.8,21.8,21.8,21.8,0.0,0.0,Narrow,False,False,0.36666666666666664,60,3180417.46,False,False,Higher,True,Risk Off,False,Bullish Virgin,0.7564285714285715,18.3582,16.386400000000002,0.555240793201126,2.8446019787603607,True,True,No setup,0.0,None,None,0,No active J-Curve setup.,Neutral,0,Not applicable,No directional setup; confirmation score not applicable.,Wide CPR,Wide Upside Breakout,Confirmed,Wide CPR + close above CPR + trend aligned + participation confirmed,0,0,0,0
2026-09-30,2026-09-30,CM,NSE,STK,27969,INE01EA01019,VMM,EQ,,,,,VISHAL MEGA MART LIMITED,102.18,102.6,99.92,101.0,101.0,104.3,,101.0,,,16476797,1660336660.07,76281,F1,1,,,,,,F&O + Cash,Consumer Services,True,104.3,98.0,104.3,102.2,101.15,103.25,103.25,101.15,2.0999999999999943,2.013422818791941,Wide,Bullish,Below CPR,101.17333333333333,101.25999999999999,101.08666666666667,101.25999999999999,101.08666666666667,0.1733333333333178,0.17161716171615624,Narrow,False,False,0.9,60,1002813663.025,False,False,Lower,True,Risk Off,False,None,2.7435714285714283,106.6648,112.61710000000001,0.7654256703983318,1.6556781397070055,False,False,No setup,0.0,None,None,0,No active J-Curve setup.,Neutral,0,Not applicable,No directional setup; confirmation score not applicable.,Wide CPR,Wide Downside Breakout,Confirmed,Wide CPR + close below CPR + trend aligned + participation confirmed,0,0,0,0
2026-09-30,2026-09-30,CM,NSE,STK,20893,INE0PEQ01016,RBZJEWEL,BE,,,,,RBZ JEWELLERS LIMITED,197.0,207.66,197.0,207.23,207.66,197.78,,206.98,,,238976,49336069.99,1536,F1,1,,,,,,Cash Only,Consumer & Retail,False,199.4,184.3,197.78,193.82666666666668,191.85000000000002,195.80333333333334,195.80333333333334,191.85000000000002,3.953333333333319,1.9988539454612795,Wide,Bullish,Above CPR,203.96333333333334,202.32999999999998,205.5966666666667,205.5966666666667,202.32999999999998,3.2666666666667084,1.5763483408129657,Wide,False,False,0.36666666666666664,60,13653419.265,False,False,Higher,True,Risk Off,False,Bullish Virgin,11.151428571428571,158.035,146.6706,0.3545136220001695,3.6134589462488025,True,True,No setup,0.0,None,None,0,No active J-Curve setup.,Neutral,0,Not applicable,No directional setup; confirmation score not applicable.,Wide CPR,Wide Upside Breakout,Confirmed,Wide CPR + close above CPR + trend aligned + participation confirmed,0,0,0,0
2026-09-30,2026-09-30,CM,NSE,STK,765040,INE373T01047,BLUECLOUDS,EQ,,,,,BLUE CLOUD SOFTECH SOLU L,20.35,20.82,19.56,19.9,20.23,20.23,,19.9,,,4389309,88764177.56,9818,F1,1,,,,,,Cash Only,Diversified,False,21.74,19.89,20.23,20.62,20.814999999999998,20.425000000000004,20.814999999999998,20.425000000000004,0.38999999999999346,1.927829955511584,Wide,Bearish,Below CPR,20.09333333333333,20.189999999999998,19.996666666666663,20.189999999999998,19.996666666666663,0.19333333333333513,0.9715242881072119,Wide,False,False,0.9354838709677419,31,27673487.74,False,False,Lower,True,Risk Off,False,None,1.0935714285714278,,,0.3566296538210263,3.207552961663661,False,False,No setup,0.0,None,None,0,No active J-Curve setup.,Neutral,0,Not applicable,No directional setup; confirmation score not applicable.,Wide CPR,Wide Downside Breakout,Confirmed,Wide CPR + close below CPR + trend aligned + participation confirmed,0,0,0,0
2026-09-30,2026-09-30,CM,NSE,STK,2319,INE868B01028,NCC,EQ,,,,,NCC LIMITED,128.5,130.42,128.0,128.88,128.35,128.27,,128.88,,,2665171,344185709.23,32777,F1,1,,,,,,Cash Only,Construction,True,137.3,126.65,128.27,130.74,131.97500000000002,129.505,131.97500000000002,129.505,2.4700000000000273,1.9256256334295057,Wide,Bearish,Below CPR,129.1,129.20999999999998,128.99,129.20999999999998,128.99,0.21999999999997044,0.17070142768464497,Narrow,False,False,0.8833333333333333,60,235239129.04500002,False,False,Lower,True,Risk Off,False,None,4.389999999999999,141.69279999999998,146.0754,0.5626423690205075,1.4631312002696588,False,False,No setup,0.0,None,None,0,No active J-Curve setup.,Neutral,0,Not applicable,No directional setup; confirmation score not applicable.,Wide CPR,Wide Downside Breakout,Confirmed,Wide CPR + close below CPR + trend aligned + participation confirmed,0,0,0,0
2026-09-30,2026-09-30,CM,NSE,STK,762680,INE225B01021,FERMENTA,EQ,,,,,FERMENTA BIOTECH LTD.,538.0,564.9,528.7,549.7,546.0,551.35,,549.7,,,521926,286209450.85,18942,F1,1,,,,,,Cash Only,Diversified,False,575.1,496.4,551.35,540.9499999999999,535.75,546.1499999999999,546.1499999999999,535.75,10.399999999999864,1.8862791330370658,Wide,Bullish,Above CPR,547.7666666666667,546.8,548.7333333333333,548.7333333333333,546.8,1.933333333333394,0.35170699169244934,Moderate,False,False,0.9833333333333333,60,57565468.775,False,False,Higher,True,Risk Off,False,None,30.34285714285713,481.471,411.8785,0.3427495291902028,4.971894730305704,True,True,No setup,0.0,None,None,0,No active J-Curve setup.,Neutral,0,Not applicable,No directional setup; confirmation score not applicable.,Wide CPR,Wide Upside Breakout,Confirmed,Wide CPR + close above CPR + trend aligned + participation confirmed,0,0,0,0
2026-09-30,2026-09-30,CM,NSE,STK,758842,INE06H201014,GENSOL,BZ,,,,,GENSOL ENGINEERING LTD,15.25,15.74,14.39,14.39,14.39,15.14,,14.39,,,178511,2594839.3,1064,F1,1,,,,,,Cash Only,Diversified,False,15.99,15.14,15.14,15.423333333333334,15.565000000000001,15.281666666666666,15.565000000000001,15.281666666666666,0.283333333333335,1.8714222809335201,Wide,Bearish,Below CPR,14.840000000000002,15.065000000000001,14.615000000000002,15.065000000000001,14.615000000000002,0.4499999999999993,3.1271716469770623,Wide,False,False,1.0,20,944054.61,False,False,Lower,True,Risk Off,False,None,0.8107142857142858,,,0.34948604992658056,2.748611438908179,False,False,No setup,0.0,None,None,0,No active J-Curve setup.,Neutral,0,Not applicable,No directional setup; confirmation score not applicable.,Wide CPR,Wide Downside Breakout,Confirmed,Wide CPR + close below CPR + trend aligned + participation confirmed,0,0,0,0
2026-09-30,2026-09-30,CM,NSE,STK,25021,INE338D01028,BODALCHEM,BE,,,,,BODAL CHEMICALS LTD,191.99,200.5,182.4,198.35,197.01,191.99,,198.23,,,789248,152091362.74,3516,F1,1,,,,,,Cash Only,Chemicals & Fertilizers,False,202.8,191.84,191.99,195.54333333333332,197.32,193.76666666666665,197.32,193.76666666666665,3.5533333333333417,1.8507908398006885,Wide,Bearish,Above CPR,193.75,191.45,196.05,196.05,191.45,4.600000000000023,2.319132845979341,Wide,False,False,0.05,60,50540016.67,True,True,Lower,True,Risk Off,True,None,11.615714285714278,113.6068,82.00630000000001,0.3059074324601329,3.00932553570525,True,True,No setup,0.0,None,None,0,No active J-Curve setup.,Neutral,0,Not applicable,No directional setup; confirmation score not applicable.,Wide CPR,Wide Upside Breakout,Confirmed,Wide CPR + close above CPR + trend aligned + participation confirmed,0,0,0,0
2026-09-30,2026-09-30,CM,NSE,STK,14868,INE452O01016,FLFL,BZ,,,,,FUT LIFESTYLE FASH LTD,1.1,1.1,1.05,1.09,1.09,1.1,,1.09,,,88833,95012.14,100,F1,1,,,,,,Cash Only,Diversified,False,1.16,1.1,1.1,1.1199999999999999,1.13,1.1099999999999999,1.13,1.1099999999999999,0.020000000000000018,1.8181818181818195,Wide,Bearish,Below CPR,1.08,1.0750000000000002,1.085,1.085,1.0750000000000002,0.009999999999999787,0.9174311926605309,Wide,False,False,0.5,20,47718.285,False,False,Overlapping,True,Risk Off,False,Bearish Virgin,0.07142857142857133,,,0.28000000000000064,1.991105505992095,False,False,No setup,0.0,None,None,0,No active J-Curve setup.,Neutral,0,Not applicable,No directional setup; confirmation score not applicable.,Wide CPR,Wide Downside Breakout,Confirmed,Wide CPR + close below CPR + trend aligned + participation confirmed,0,0,0,0
2026-09-30,2026-09-30,CM,NSE,STK,19220,INE0JWS01017,VALIANTLAB,BE,,,,,VALIANT LABORATORIES LTD,122.76,127.88,121.25,126.23,127.0,122.19,,126.31,,,92323,11623149.87,525,F1,1,,,,,,Cash Only,Healthcare & Pharma,False,122.8,115.0,122.19,119.99666666666667,118.9,121.09333333333333,121.09333333333333,118.9,2.193333333333328,1.795018686744683,Wide,Bullish,Above CPR,125.12,124.565,125.67500000000001,125.67500000000001,124.565,1.1100000000000136,0.8793472233225174,Wide,False,False,0.8166666666666667,60,8431063.605,False,False,Lower,True,Risk Off,False,Bullish Virgin,8.124285714285715,93.2234,75.4989,0.2699724517906329,1.3786101510498565,True,True,No setup,0.0,None,None,0,No active J-Curve setup.,Neutral,0,Not applicable,No directional setup; confirmation score not applicable.,Wide CPR,Wide Upside Breakout,Confirmed,Wide CPR + close above CPR + trend aligned + participation confirmed,0,0,0,0
2026-09-30,2026-09-30,CM,NSE,STK,14346,INE998H01012,ORIENTALTL,EQ,,,,,ORIENTAL TRIMEX LTD,4.82,5.0,4.81,4.83,4.88,4.86,,4.83,,,75934,369298.3,392,F1,1,,,,,,Cash Only,Diversified,False,5.13,4.85,4.86,4.946666666666666,4.99,4.903333333333332,4.99,4.903333333333332,0.08666666666666778,1.783264746227732,Wide,Bearish,Below CPR,4.88,4.904999999999999,4.855,4.904999999999999,4.855,0.049999999999998934,1.0351966873705785,Wide,False,False,1.0,60,349890.62,False,False,Lower,True,Risk Off,False,None,0.1992857142857143,5.1042000000000005,5.6314,0.434886499402634,1.0554678487808562,False,False,No setup,0.0,None,None,0,No active J-Curve setup.,Neutral,0,Not applicable,No directional setup; confirmation score not applicable.,Wide CPR,Wide Downside Breakout,Confirmed,Wide CPR + close below CPR + trend aligned + participation confirmed,0,0,0,0
2026-09-30,2026-09-30,CM,NSE,STK,46,INE890C01046,SANWARIA,BZ,,,,,SANWARIA CONSUMER LIMITED,0.19,0.2,0.19,0.19,0.19,0.19,,0.19,,,577796,114182.72,111,F1,1,,,,,,Cash Only,Diversified,False,0.2,0.19,0.19,0.19333333333333336,0.195,0.1916666666666667,0.195,0.1916666666666667,0.0033333333333332993,1.7543859649122628,Wide,Bearish,Below CPR,0.19333333333333336,0.195,0.1916666666666667,0.195,0.1916666666666667,0.0033333333333332993,1.7543859649122628,Wide,False,False,0.5,20,97042.315,True,True,Inside,True,Risk Off,False,None,0.012857142857142869,,,0.25925925925925636,1.176628154429333,False,False,No setup,0.0,None,None,0,No active J-Curve setup.,Neutral,0,Not applicable,No directional setup; confirmation score not applicable.,Wide CPR,Wide Downside Breakout,Confirmed,Wide CPR + close below CPR + trend aligned + participation confirmed,0,0,0,0
2026-09-30,2026-09-30,CM,NSE,STK,11640,INE802W01023,BOHRAIND,EQ,,,,,BOHRA INDUSTRIES LIMITED,15.03,15.76,14.8,15.51,15.66,15.01,,15.51,,,26872,413442.48,78,F1,1,,,,,,Cash Only,Diversified,False,15.79,15.01,15.01,15.269999999999998,15.399999999999999,15.139999999999997,15.399999999999999,15.139999999999997,0.26000000000000156,1.7321785476349205,Wide,Bearish,Above CPR,15.356666666666667,15.280000000000001,15.433333333333334,15.433333333333334,15.280000000000001,0.15333333333333243,0.9886094992477914,Wide,False,False,0.18333333333333332,60,209893.345,True,False,Overlapping,True,Risk Off,True,None,1.2185714285714286,13.8724,15.023299999999999,0.2133645955451361,1.969774125044317,True,True,No setup,0.0,None,None,0,No active J-Curve setup.,Neutral,0,Not applicable,No directional setup; confirmation score not applicable.,Wide CPR,Wide Upside Breakout,Confirmed,Wide CPR + close above CPR + trend aligned + participation confirmed,0,0,0,0
2026-09-30,2026-09-30,CM,NSE,STK,6017,INE295A01018,EVERESTIND,BE,,,,,EVEREST INDUSTRIES LTD,427.1,458.05,427.1,455.6,458.0,436.25,,455.57,,,19320,8784267.15,333,F1,1,,,,,,Cash Only,Diversified,False,443.15,406.7,436.25,428.7,424.92499999999995,432.475,432.475,424.92499999999995,7.550000000000068,1.7306590257879813,Wide,Bullish,Above CPR,446.9166666666667,442.57500000000005,451.2583333333333,451.2583333333333,442.57500000000005,8.68333333333328,1.905911618378683,Wide,False,False,0.38333333333333336,60,4334456.5,False,False,Outside,True,Risk Off,False,None,18.53928571428571,402.12799999999993,385.03700000000003,0.4072433057214447,2.0266132905013583,True,True,No setup,0.0,None,None,0,No active J-Curve setup.,Neutral,0,Not applicable,No directional setup; confirmation score not applicable.,Wide CPR,Wide Upside Breakout,Confirmed,Wide CPR + close above CPR + trend aligned + participation confirmed,0,0,0,0
2026-09-30,2026-09-30,CM,NSE,STK,21508,INE704P01025,COCHINSHIP,EQ,,,,,COCHIN SHIPYARD LIMITED,1332.0,1348.6,1305.7,1315.0,1315.0,1359.3,,1315.0,,,985418,1309362999.9,38468,F1,1,,,,,,F&O + Cash,Capital Goods,True,1359.3,1290.0,1359.3,1336.2,1324.65,1347.75,1347.75,1324.65,23.09999999999991,1.6994041050540654,Wide,Bullish,Below CPR,1323.1000000000001,1327.15,1319.0500000000002,1327.15,1319.0500000000002,8.099999999999909,0.6159695817490425,Moderate,False,False,0.9166666666666666,60,1176249099.5500002,False,False,Lower,True,Risk Off,False,None,52.307142857142885,1446.5179999999998,1465.4879999999998,0.4416222859483798,1.113168120937075,False,False,No setup,0.0,None,None,0,No active J-Curve setup.,Neutral,0,Not applicable,No directional setup; confirmation score not applicable.,Wide CPR,Wide Downside Breakout,Confirmed,Wide CPR + close below CPR + trend aligned + participation confirmed,0,0,0,0
2026-09-30,2026-09-30,CM,NSE,STK,18268,INE024001021,AEROFLEX,EQ,,,,,AEROFLEX INDUSTRIES LTD,539.6,553.5,527.55,536.6,535.75,539.6,,536.59,,,981031,528177106.15,24494,F1,1,,,,,,Cash Only,Diversified,False,543.65,508.1,539.6,530.4499999999999,525.875,535.0249999999999,535.0249999999999,525.875,9.149999999999864,1.6957005189028658,Wide,Bullish,Above CPR,539.2166666666667,540.525,537.9083333333334,540.525,537.9083333333334,2.6166666666665606,0.4876382159274246,Moderate,False,False,0.2833333333333333,60,523272360.25,False,False,Outside,True,Risk Off,False,None,27.99285714285715,488.439,458.226,0.32686909926001034,1.009373217988538,True,True,No setup,0.0,None,None,0,No active J-Curve setup.,Neutral,0,Not applicable,No directional setup; confirmation score not applicable.,Wide CPR,Wide Upside Breakout,Confirmed,Wide CPR + close above CPR + trend aligned + participation confirmed,0,0,0,0
2026-09-30,2026-09-30,CM,NSE,STK,757014,INE0AQ201015,THELEELA,EQ,,,,,LEELA PALACES HOTEL LTD,532.0,586.95,532.0,573.8,579.0,533.6,,573.89,,,1251659,716128448.3,49785,F1,1,,,,,,Cash Only,Consumer Services,True,572.15,522.15,533.6,542.6333333333333,547.15,538.1166666666667,547.15,538.1166666666667,9.033333333333303,1.6929035482258814,Wide,Bearish,Above CPR,564.25,559.475,569.025,569.025,559.475,9.549999999999955,1.6643429766469073,Wide,False,False,0.45,60,188508900.325,True,False,Outside,True,Risk Off,False,None,20.925000000000004,525.11,486.82450000000006,0.43170051772202156,3.7989105398490683,True,True,No setup,0.0,None,None,0,No active J-Curve setup.,Neutral,0,Not applicable,No directional setup; confirmation score not applicable.,Wide CPR,Wide Upside Breakout,Confirmed,Wide CPR + close above CPR + trend aligned + participation confirmed,0,0,0,0
2026-09-30,2026-09-30,CM,NSE,STK,757767,INE12NJ01018,SAMBHV,EQ,,,,,SAMBHV STEEL TUBES LTD,162.45,167.31,160.11,164.9,164.4,162.24,,164.9,,,5951525,978245073.9,52025,F1,1,,,,,,Cash Only,Diversified,False,163.8,152.5,162.24,159.51333333333335,158.15,160.8766666666667,160.8766666666667,158.15,2.726666666666688,1.680637738330059,Wide,Bullish,Above CPR,164.10666666666668,163.71,164.50333333333336,164.50333333333336,163.71,0.7933333333333508,0.4810996563573988,Moderate,False,False,0.95,60,189288721.125,False,False,Higher,True,Risk Off,False,None,8.631428571428572,128.948,120.26639999999999,0.31589981242414455,5.168005088132004,True,True,No setup,0.0,None,None,0,No active J-Curve setup.,Neutral,0,Not applicable,No directional setup; confirmation score not applicable.,Wide CPR,Wide Upside Breakout,Confirmed,Wide CPR + close above CPR + trend aligned + participation confirmed,0,0,0,0
2026-09-30,2026-09-30,CM,NSE,STK,2454,INE660C01027,CENTRUM,EQ,,,,,CENTRUM CAPITAL LIMITED,20.95,21.35,19.0,19.61,19.6,20.56,,19.61,,,765145,15477539.07,1439,F1,1,,,,,,Cash Only,Diversified,False,22.2,19.95,20.56,20.903333333333332,21.075,20.731666666666666,21.075,20.731666666666666,0.3433333333333337,1.6699092088197167,Wide,Bearish,Below CPR,19.986666666666668,20.175,19.798333333333336,20.175,19.798333333333336,0.37666666666666515,1.9207887132415356,Wide,False,False,0.38333333333333336,60,5865729.91,True,False,Lower,True,Risk Off,False,None,1.0149999999999995,23.1306,23.1726,0.3382594417077181,2.638638209988772,False,False,No setup,0.0,None,None,0,No active J-Curve setup.,Neutral,0,Not applicable,No directional setup; confirmation score not applicable.,Wide CPR,Wide Downside Breakout,Confirmed,Wide CPR + close below CPR + trend aligned + participation confirmed,0,0,0,0
2026-09-30,2026-09-30,CM,NSE,STK,20261,INE202E01016,IREDA,EQ,,,,,INDIAN RENEWABLE ENERGY,111.7,113.84,111.37,111.68,111.68,111.0,,111.67,,,3872732,436130094.24,30154,F1,1,,,,,,F&O + Cash,Financial Services,True,116.54,111.0,111.0,112.84666666666668,113.77000000000001,111.92333333333335,113.77000000000001,111.92333333333335,1.846666666666664,1.663663663663661,Wide,Bearish,Below CPR,112.29666666666667,112.605,111.98833333333333,112.605,111.98833333333333,0.6166666666666742,0.5521728748806181,Moderate,False,False,0.2833333333333333,60,430718874.115,False,False,Overlapping,True,Risk Off,False,None,3.173571428571427,115.9264,120.964,0.5818891139620371,1.0125632296381681,False,False,No setup,0.0,None,None,0,No active J-Curve setup.,Neutral,0,Not applicable,No directional setup; confirmation score not applicable.,Wide CPR,Wide Downside Breakout,Confirmed,Wide CPR + close below CPR + trend aligned + participation confirmed,0,0,-2,-2
2026-09-30,2026-09-30,CM,NSE,STK,14194,INE395U01014,NINSYS,EQ,,,,,NINTEC SYSTEMS LIMITED,737.05,774.0,723.0,766.35,769.9,737.15,,766.5,,,15354,11723141.3,859,F1,1,,,,,,Cash Only,Diversified,False,741.45,696.6,737.15,725.0666666666667,719.0250000000001,731.1083333333333,731.1083333333333,719.0250000000001,12.083333333333258,1.6391960026227035,Wide,Bullish,Above CPR,754.4499999999999,748.5,760.3999999999999,760.3999999999999,748.5,11.899999999999864,1.5528152932732906,Wide,False,False,0.3333333333333333,60,2548844.95,False,False,Higher,True,Risk Off,False,None,18.40357142857143,635.128,481.4125,0.6565754576621992,4.5993936586844955,True,True,No setup,0.0,None,None,0,No active J-Curve setup.,Neutral,0,Not applicable,No directional setup; confirmation score not applicable.,Wide CPR,Wide Upside Breakout,Confirmed,Wide CPR + close above CPR + trend aligned + participation confirmed,0,0,0,0
2026-09-30,2026-09-30,CM,NSE,STK,3325,INE737D01021,MODISONLTD,BE,,,,,MODISON LIMITED,458.2,468.5,446.2,462.95,464.0,447.75,,463.12,,,59779,27650597.05,1132,F1,1,,,,,,Cash Only,Diversified,False,449.95,423.75,447.75,440.48333333333335,436.85,444.1166666666667,444.1166666666667,436.85,7.2666666666666515,1.6229294621254386,Wide,Bullish,Above CPR,459.2166666666667,457.35,461.08333333333337,461.08333333333337,457.35,3.7333333333333485,0.8064225798322385,Wide,False,False,0.8333333333333334,60,19721385.185000002,False,False,Lower,True,Risk Off,False,Bullish Virgin,26.95357142857142,299.696,217.8173,0.2695993993198176,1.402061609294611,True,True,No setup,0.0,None,None,0,No active J-Curve setup.,Neutral,0,Not applicable,No directional setup; confirmation score not applicable.,Wide CPR,Wide Upside Breakout,Confirmed,Wide CPR + close above CPR + trend aligned + participation confirmed,0,0,0,0
2026-09-30,2026-09-30,CM,NSE,STK,739,INE169A01031,COROMANDEL,EQ,,,,,COROMANDEL INTERNTL. LTD,1810.8,1832.0,1742.9,1758.2,1761.5,1792.9,,1758.18,,,612561,1084279114.2,31747,F1,1,,,,,,Cash Only,Chemicals,True,1900.1,1772.1,1792.9,1821.7,1836.1,1807.3000000000002,1836.1,1807.3000000000002,28.799999999999727,1.6063361035194224,Wide,Bearish,Below CPR,1777.7,1787.45,1767.95,1787.45,1767.95,19.5,1.1090888408599704,Wide,False,False,0.95,60,221565982.15,False,False,Lower,True,Risk Off,False,None,51.46428571428573,1993.4900000000002,1961.297,0.5596113809854213,4.893707525309296,False,False,No setup,0.0,None,None,0,No active J-Curve setup.,Neutral,0,Not applicable,No directional setup; confirmation score not applicable.,Wide CPR,Wide Downside Breakout,Confirmed,Wide CPR + close below CPR + trend aligned + participation confirmed,0,0,0,0
2026-09-30,2026-09-30,CM,NSE,STK,13436,INE397H01017,LOKESHMACH,EQ,,,,,LOKESH MACHINES LTD,345.0,369.5,341.75,365.9,368.0,341.55,,365.91,,,76813,27525664.2,3352,F1,1,,,,,,Cash Only,Diversified,False,347.65,319.0,341.55,336.06666666666666,333.325,338.80833333333334,338.80833333333334,333.325,5.4833333333333485,1.605426243107407,Wide,Bullish,Above CPR,359.05,355.625,362.475,362.475,355.625,6.850000000000023,1.872096201147861,Wide,False,False,0.8,60,13262413.17,False,False,Lower,True,Risk Off,False,Bullish Virgin,19.117857142857137,275.0252,225.8228,0.28681736098138205,2.0754642346887464,True,True,No setup,0.0,None,None,0,No active J-Curve setup.,Neutral,0,Not applicable,No directional setup; confirmation score not applicable.,Wide CPR,Wide Upside Breakout,Confirmed,Wide CPR + close above CPR + trend aligned + participation confirmed,0,0,0,0
2026-09-30,2026-09-30,CM,NSE,STK,765936,INE1FCO01014,MOMSBELIEF,EQ,,,,,RAYS OF BELIEF LIMITED,255.96,256.89,230.6,234.64,235.0,255.96,,234.62,,,300642,72894465.57,9422,F1,1,,,,,,Cash Only,Diversified,False,267.61,232.0,255.96,251.85666666666668,249.805,253.90833333333336,253.90833333333336,249.805,4.103333333333353,1.6031150700630385,Wide,Bullish,Below CPR,240.71,243.745,237.675,243.745,237.675,6.069999999999993,2.5869416979202158,Wide,False,False,0.7857142857142857,15,26229899.17,False,False,Higher,False,Risk Off,False,None,15.058571428571428,,,0.272491540967019,2.7790600755862527,False,False,No setup,0.0,None,None,0,No active J-Curve setup.,Neutral,0,Not applicable,No directional setup; confirmation score not applicable.,Wide CPR,Wide Downside Breakout,Confirmed,Wide CPR + close below CPR + trend aligned + participation confirmed,0,0,0,0
2026-09-30,2026-09-30,CM,NSE,STK,756090,INE0OC301013,TURTLEMINT,EQ,,,,,TURTLEMINT FINTECH SOLS L,79.0,82.0,75.6,76.44,75.8,79.52,,76.44,,,2617903,206086148.23,17922,F1,1,,,,,,Cash Only,Diversified,False,84.05,78.8,79.52,80.79,81.425,80.15500000000002,81.425,80.15500000000002,1.2699999999999818,1.5970824949697962,Wide,Bearish,Below CPR,78.01333333333334,78.8,77.22666666666667,78.8,77.22666666666667,1.5733333333333235,2.058259201116331,Wide,False,False,0.85,60,120325903.13,False,False,Lower,True,Risk Off,False,None,10.032857142857145,130.523,,0.1265840808771162,1.712733026465172,False,False,No setup,0.0,None,None,0,No active J-Curve setup.,Neutral,0,Not applicable,No directional setup; confirmation score not applicable.,Wide CPR,Wide Downside Breakout,Confirmed,Wide CPR + close below CPR + trend aligned + participation confirmed,0,0,0,0
2026-09-30,2026-09-30,CM,NSE,STK,762518,INE994E01018,3BBLACKBIO,EQ,,,,,3B BLACKBIO DX LTD.,1615.1,1740.0,1610.5,1710.4,1691.5,1622.7,,1708.72,,,67737,115451737.9,8071,F1,1,,,,,,Cash Only,Healthcare & Pharma,False,1635.0,1532.9,1622.7,1596.8666666666668,1583.95,1609.7833333333335,1609.7833333333335,1583.95,25.833333333333485,1.5919968776319398,Wide,Bullish,Above CPR,1686.9666666666665,1675.25,1698.683333333333,1698.683333333333,1675.25,23.43333333333294,1.3700498908637124,Wide,False,False,0.95,60,14027477.149999999,False,False,Higher,True,Risk Off,False,Bullish Virgin,74.11428571428571,1326.9519999999998,1270.982,0.3485607812901588,8.23039928459267,True,True,No setup,0.0,None,None,0,No active J-Curve setup.,Neutral,0,Not applicable,No directional setup; confirmation score not applicable.,Wide CPR,Wide Upside Breakout,Confirmed,Wide CPR + close above CPR + trend aligned + participation confirmed,0,0,0,0
2026-09-30,2026-09-30,CM,NSE,STK,22670,INE0J1F01024,RPTECH,EQ,,,,,RASHI PERIPHERALS LIMITED,930.15,1004.7,930.15,953.5,950.1,925.35,,953.4,,,1657051,1618493110.55,88201,F1,1,,,,,,Cash Only,Information Technology,False,935.0,871.55,925.35,910.6333333333333,903.275,917.9916666666667,917.9916666666667,903.275,14.716666666666697,1.590389222096147,Wide,Bullish,Above CPR,962.7833333333333,967.425,958.1416666666667,967.425,958.1416666666667,9.283333333333303,0.9736060129347985,Wide,False,False,0.3,60,301895115.875,False,False,Higher,True,Risk Off,False,Bullish Virgin,40.09642857142857,833.5939999999999,738.0985,0.3670318577239401,5.3611106157150905,True,True,No setup,0.0,None,None,0,No active J-Curve setup.,Neutral,0,Not applicable,No directional setup; confirmation score not applicable.,Wide CPR,Wide Upside Breakout,Confirmed,Wide CPR + close above CPR + trend aligned + participation confirmed,0,0,0,0
2026-09-30,2026-09-30,CM,NSE,STK,762919,INE321M01017,SONAL,EQ,,,,,SONAL MERCANTILE LTD.,90.0,90.18,87.5,87.56,87.56,91.72,,87.56,,,94,8431.36,4,F1,1,,,,,,Cash Only,Diversified,False,91.75,87.4,91.72,90.29,89.575,91.00500000000001,91.00500000000001,89.575,1.4300000000000068,1.5590928914086426,Wide,Bullish,Below CPR,88.41333333333334,88.84,87.98666666666668,88.84,87.98666666666668,0.8533333333333246,0.9745698187909144,Wide,False,False,1.0,60,7091.469999999999,False,False,Unknown,True,Risk Off,False,None,3.3442857142857148,89.5828,,0.42759504485262906,1.1889439002068685,False,False,No setup,0.0,None,None,0,No active J-Curve setup.,Neutral,0,Not applicable,No directional setup; confirmation score not applicable.,Wide CPR,Wide Downside Breakout,Confirmed,Wide CPR + close below CPR + trend aligned + participation confirmed,0,0,0,0
2026-09-30,2026-09-30,CM,NSE,STK,9436,INE555B01013,AXISCADES,EQ,,,,,AXISCADES TECH LTD,2070.0,2274.1,2070.0,2231.2,2221.0,2067.4,,2231.08,,,1248290,2759327469.9,96015,F1,1,,,,,,Cash Only,Diversified,False,2067.4,1970.8,2067.4,2035.2,2019.1,2051.3,2051.3,2019.1,32.20000000000027,1.5575118506336594,Wide,Bullish,Above CPR,2191.766666666667,2172.05,2211.4833333333336,2211.4833333333336,2172.05,39.433333333333394,1.767359866140794,Wide,False,False,0.65,60,258776764.14999998,False,False,Higher,True,Risk Off,False,Bullish Virgin,101.82857142857145,1673.394,1748.693,0.31621773288440214,10.662964578614778,True,True,No setup,0.0,None,None,0,No active J-Curve setup.,Neutral,0,Not applicable,No directional setup; confirmation score not applicable.,Wide CPR,Wide Upside Breakout,Confirmed,Wide CPR + close above CPR + trend aligned + participation confirmed,0,0,0,0
2026-09-30,2026-09-30,CM,NSE,STK,220,INE022Q01020,IEX,EQ,,,,,INDIAN ENERGY EXC LTD,106.75,108.8,106.53,107.0,107.0,106.39,,107.0,,,3890920,419278502.39,30369,F1,1,,,,,,F&O + Cash,Financial Services,True,111.4,106.35,106.39,108.04666666666667,108.875,107.21833333333333,108.875,107.21833333333333,1.6566666666666663,1.5571638938496721,Wide,Bearish,Below CPR,107.44333333333333,107.66499999999999,107.22166666666666,107.66499999999999,107.22166666666666,0.44333333333332803,0.4143302180685309,Moderate,False,False,0.55,60,383861579.745,False,False,Lower,True,Risk Off,False,None,2.4699999999999998,121.366,122.63719999999999,0.670715249662618,1.0922648280365217,False,False,No setup,0.0,None,None,0,No active J-Curve setup.,Neutral,0,Not applicable,No directional setup; confirmation score not applicable.,Wide CPR,Wide Downside Breakout,Confirmed,Wide CPR + close below CPR + trend aligned + participation confirmed,0,0,0,0
2026-09-30,2026-09-30,CM,NSE,STK,14329,INE812G01025,SMSPHARMA,EQ,,,,,SMS PHARMACEUTICALS LTD.,483.9,485.0,467.5,476.6,473.0,479.4,,476.63,,,372222,177568129.5,13682,F1,1,,,,,,Cash Only,Healthcare & Pharma,False,482.8,453.65,479.4,471.95,468.225,475.67499999999995,475.67499999999995,468.225,7.449999999999932,1.554025865665401,Wide,Bullish,Above CPR,476.3666666666666,476.25,476.48333333333323,476.48333333333323,476.25,0.2333333333332348,0.04895789620923936,Narrow,False,False,0.7166666666666667,60,85990828.4,False,False,Outside,True,Risk Off,False,None,27.84642857142857,393.27099999999996,391.7215,0.2675387969731924,2.0649659132717457,True,True,No setup,0.0,None,None,0,No active J-Curve setup.,Neutral,0,Not applicable,No directional setup; confirmation score not applicable.,Wide CPR,Wide Upside Breakout,Confirmed,Wide CPR + close above CPR + trend aligned + participation confirmed,0,0,0,0
2026-09-30,2026-09-30,CM,NSE,STK,18931,INE108E01023,SUNDARAM,EQ,,,,,SUNDARAM MULTI PAP LTD,1.1,1.12,1.05,1.09,1.09,1.1,,1.08,,,613063,671387.95,371,F1,1,,,,,,Cash Only,Diversified,False,1.15,1.1,1.1,1.1166666666666667,1.125,1.1083333333333334,1.125,1.1083333333333334,0.016666666666666607,1.5151515151515096,Wide,Bearish,Below CPR,1.0866666666666667,1.085,1.0883333333333334,1.0883333333333334,1.085,0.0033333333333334103,0.30581039755352385,Moderate,False,False,0.3,60,440905.175,True,False,Lower,True,Risk Off,False,None,0.049285714285714266,1.2133999999999998,1.2803,0.3381642512077284,1.5227490809106514,False,False,No setup,0.0,None,None,0,No active J-Curve setup.,Neutral,0,Not applicable,No directional setup; confirmation score not applicable.,Wide CPR,Wide Downside Breakout,Confirmed,Wide CPR + close below CPR + trend aligned + participation confirmed,0,0,0,0
2026-09-30,2026-09-30,CM,NSE,STK,330,INE565V01010,VALIANTORG,EQ,,,,,VALIANT ORGANICS LIMITED,409.95,467.0,407.0,455.1,458.0,404.6,,455.17,,,606539,273556969.25,17460,F1,1,,,,,,Cash Only,Diversified,False,409.95,380.9,404.6,398.4833333333333,395.42499999999995,401.54166666666663,401.54166666666663,395.42499999999995,6.116666666666674,1.5117811830614618,Wide,Bullish,Above CPR,443.0333333333333,437.0,449.0666666666666,449.0666666666666,437.0,12.066666666666606,2.651431919724589,Wide,False,False,0.8,60,17323632.049999997,False,False,Lower,True,Risk Off,False,Bullish Virgin,25.353571428571435,324.64,285.63759999999996,0.24125463680330586,15.790970880728215,True,True,No setup,0.0,None,None,0,No active J-Curve setup.,Neutral,0,Not applicable,No directional setup; confirmation score not applicable.,Wide CPR,Wide Upside Breakout,Confirmed,Wide CPR + close above CPR + trend aligned + participation confirmed,0,0,0,0
2026-09-30,2026-09-30,CM,NSE,STK,11829,INE802C01033,SSWL,EQ,,,,,STEEL STRIPS WHEELS LTD.,405.4,413.75,403.2,408.1,406.0,400.65,,408.09,,,1299841,530190445.0,40586,F1,1,,,,,,Cash Only,Diversified,False,404.7,378.6,400.65,394.6499999999999,391.65,397.64999999999986,397.64999999999986,391.65,5.999999999999886,1.4975664545113907,Wide,Bullish,Above CPR,408.3500000000001,408.475,408.22500000000014,408.475,408.22500000000014,0.2499999999998863,0.06125949522173151,Narrow,False,False,0.75,60,254795723.55,False,False,Higher,True,Risk Off,False,Bullish Virgin,20.692857142857147,328.5486,278.55760000000004,0.28995512599240036,2.080845147685368,True,True,No setup,0.0,None,None,0,No active J-Curve setup.,Neutral,0,Not applicable,No directional setup; confirmation score not applicable.,Wide CPR,Wide Upside Breakout,Confirmed,Wide CPR + close above CPR + trend aligned + participation confirmed,0,2,0,2
2026-09-30,2026-09-30,CM,NSE,STK,762874,INE185C01017,SAPPL,EQ,,,,,SHREE AJIT PULP & PAPER L,296.0,305.0,280.0,300.1,303.0,293.55,,300.33,,,6609,1950283.8,148,F1,1,,,,,,Cash Only,Diversified,False,298.0,276.0,293.55,289.18333333333334,287.0,291.3666666666667,291.3666666666667,287.0,4.366666666666674,1.4875376142621952,Wide,Bullish,Above CPR,295.03333333333336,292.5,297.5666666666667,297.5666666666667,292.5,5.06666666666672,1.6883261135177339,Wide,False,False,0.6666666666666666,60,227735.65000000002,False,False,Higher,True,Risk Off,False,None,16.957142857142852,285.805,285.9865,0.2575119348497618,8.56380544723674,True,True,No setup,0.0,None,None,0,No active J-Curve setup.,Neutral,0,Not applicable,No directional setup; confirmation score not applicable.,Wide CPR,Wide Upside Breakout,Confirmed,Wide CPR + close above CPR + trend aligned + participation confirmed,0,0,0,0
2026-09-30,2026-09-30,CM,NSE,STK,3718,INE226A01021,VOLTAS,EQ,,,,,VOLTAS LTD,1094.0,1097.8,1066.0,1070.0,1070.0,1090.0,,1070.01,,,1028057,1112990312.5,33174,F1,1,,,,,,F&O + Cash,Consumer Durables,True,1137.9,1090.0,1090.0,1105.9666666666667,1113.95,1097.9833333333333,1113.95,1097.9833333333333,15.966666666666697,1.4648318042813484,Wide,Bearish,Below CPR,1077.9333333333334,1081.9,1073.9666666666667,1081.9,1073.9666666666667,7.933333333333394,0.7414330218068593,Moderate,False,False,0.21666666666666667,60,829278383.5999999,True,False,Overlapping,True,Risk Off,True,Bearish Virgin,30.79285714285712,1224.22,1260.414,0.5185185185185199,1.3421190453178962,False,False,No setup,0.0,None,None,0,No active J-Curve setup.,Neutral,0,Not applicable,No directional setup; confirmation score not applicable.,Wide CPR,Wide Downside Breakout,Confirmed,Wide CPR + close below CPR + trend aligned + participation confirmed,0,0,0,0
2026-09-30,2026-09-30,CM,NSE,STK,31468,INE142K01011,AURUS,EQ,,,,,AURUS GEM CORP LIMITED,4.77,4.77,4.36,4.43,4.62,4.57,,4.43,,,43033,198504.64,268,F1,1,,,,,,Cash Only,Diversified,False,4.73,4.21,4.57,4.503333333333334,4.470000000000001,4.536666666666667,4.536666666666667,4.470000000000001,0.06666666666666643,1.458789204959878,Wide,Bullish,Below CPR,4.52,4.5649999999999995,4.475,4.5649999999999995,4.475,0.08999999999999986,2.0316027088036086,Wide,False,False,0.6727272727272727,55,78175.45,False,False,Lower,True,Risk Off,False,None,0.28428571428571436,4.7164,,0.23450586264656526,2.5392196655088015,False,False,No setup,0.0,None,None,0,No active J-Curve setup.,Neutral,0,Not applicable,No directional setup; confirmation score not applicable.,Wide CPR,Wide Downside Breakout,Confirmed,Wide CPR + close below CPR + trend aligned + participation confirmed,0,0,0,0
2026-09-30,2026-09-30,CM,NSE,STK,765170,INE205F01016,STLSTRINF,EQ,,,,,STEEL STRIPS INFRA L,23.01,24.44,22.12,22.25,22.2,23.0,,22.25,,,7368,168128.87,93,F1,1,,,,,,Cash Only,Diversified,False,24.5,22.5,23.0,23.333333333333332,23.5,23.166666666666664,23.5,23.166666666666664,0.3333333333333357,1.4492753623188508,Wide,Bearish,Below CPR,22.936666666666667,23.28,22.593333333333334,23.28,22.593333333333334,0.6866666666666674,3.086142322097382,Wide,False,False,0.20689655172413793,29,57112.97,False,False,Overlapping,True,Risk Off,True,None,2.567142857142857,,,0.1298460396957902,2.9437949033293136,False,False,No setup,0.0,None,None,0,No active J-Curve setup.,Neutral,0,Not applicable,No directional setup; confirmation score not applicable.,Wide CPR,Wide Downside Breakout,Confirmed,Wide CPR + close below CPR + trend aligned + participation confirmed,0,0,0,0
2026-09-30,2026-09-30,CM,NSE,STK,3693,INE287Z01012,GAYAHWS,EQ,,,,,GAYATRI HIGHWAYS LIMITED,1.84,1.84,1.72,1.76,1.76,1.84,,1.77,,,312692,554304.88,439,F1,1,,,,,,Cash Only,Diversified,False,1.85,1.75,1.84,1.8133333333333335,1.8,1.8266666666666669,1.8266666666666669,1.8,0.02666666666666684,1.4492753623188497,Wide,Bullish,Below CPR,1.7733333333333334,1.78,1.7666666666666668,1.78,1.7666666666666668,0.013333333333333197,0.7575757575757499,Wide,False,False,0.35,60,395145.645,False,False,Lower,True,Risk Off,False,None,0.09857142857142845,1.9243999999999999,2.042,0.27053140096618566,1.4027862561916884,False,False,No setup,0.0,None,None,0,No active J-Curve setup.,Neutral,0,Not applicable,No directional setup; confirmation score not applicable.,Wide CPR,Wide Downside Breakout,Confirmed,Wide CPR + close below CPR + trend aligned + participation confirmed,0,0,0,0
2026-09-30,2026-09-30,CM,NSE,STK,3834,INE838B01021,BHARATRAS,EQ,,,,,BHARAT RASAYAN LTD,1008.1,1030.0,998.5,1003.9,1000.1,1005.7,,1003.91,,,28003,28259861.7,2769,F1,1,,,,,,Cash Only,Diversified,False,1055.0,1000.0,1005.7,1020.2333333333332,1027.5,1012.9666666666665,1027.5,1012.9666666666665,14.53333333333353,1.4450962845116366,Wide,Bearish,Below CPR,1010.8000000000001,1014.25,1007.3500000000001,1014.25,1007.3500000000001,6.899999999999864,0.6873194541288837,Moderate,False,False,0.9666666666666667,60,12515951.399999999,False,False,Lower,True,Risk Off,False,None,43.5285714285715,1240.316,1316.1719999999998,0.33388031943989016,2.257907593025649,False,False,No setup,0.0,None,None,0,No active J-Curve setup.,Neutral,0,Not applicable,No directional setup; confirmation score not applicable.,Wide CPR,Wide Downside Breakout,Confirmed,Wide CPR + close below CPR + trend aligned + participation confirmed,0,0,0,0
2026-09-30,2026-09-30,CM,NSE,STK,14972,INE455I01029,KSCL,EQ,,,,,KAVERI SEED CO. LTD.,746.5,752.8,720.0,725.65,722.0,742.1,,725.71,,,229047,168526565.5,11189,F1,1,,,,,,Cash Only,Diversified,False,785.0,731.25,742.1,752.7833333333333,758.125,747.4416666666666,758.125,747.4416666666666,10.683333333333394,1.4396083187351292,Wide,Bearish,Below CPR,732.8166666666666,736.4,729.2333333333332,736.4,729.2333333333332,7.1666666666667425,0.9876202944486658,Wide,False,False,0.9333333333333333,60,56857771.775,False,False,Lower,True,Risk Off,False,None,34.65000000000003,767.0939999999999,830.3515000000001,0.30832130832130983,2.9640022856840136,False,False,No setup,0.0,None,None,0,No active J-Curve setup.,Neutral,0,Not applicable,No directional setup; confirmation score not applicable.,Wide CPR,Wide Downside Breakout,Confirmed,Wide CPR + close below CPR + trend aligned + participation confirmed,0,0,0,0
2026-09-30,2026-09-30,CM,NSE,STK,762596,INE372E01025,BIRLAPREC,BE,,,,,BIRLA PRECISION TECH L,54.8,55.95,54.0,54.91,54.5,54.8,,54.91,,,76920,4251415.04,288,F1,1,,,,,,Cash Only,Diversified,False,54.98,52.27,54.8,54.01666666666667,53.625,54.408333333333346,54.408333333333346,53.625,0.7833333333333456,1.4294403892944265,Wide,Bullish,Above CPR,54.95333333333334,54.975,54.93166666666668,54.975,54.93166666666668,0.043333333333322344,0.07891701572267773,Narrow,False,False,0.08333333333333333,60,2246193.0149999997,True,True,Lower,True,Risk Off,True,None,3.6671428571428573,44.739,41.58740000000001,0.21360862225685312,1.8927202656268614,True,True,No setup,0.0,None,None,0,No active J-Curve setup.,Neutral,0,Not applicable,No directional setup; confirmation score not applicable.,Wide CPR,Wide Upside Breakout,Confirmed,Wide CPR + close above CPR + trend aligned + participation confirmed,0,0,0,0
2026-09-30,2026-09-30,CM,NSE,STK,14537,INE836F01026,DISHTV,EQ,,,,,DISH TV INDIA LTD.,2.05,2.19,2.05,2.06,2.08,2.15,,2.06,,,4887725,10135464.24,2843,F1,1,,,,,,Cash Only,Diversified,False,2.24,2.15,2.15,2.18,2.1950000000000003,2.165,2.1950000000000003,2.165,0.03000000000000025,1.395348837209314,Wide,Bearish,Below CPR,2.1,2.12,2.08,2.12,2.08,0.040000000000000036,1.9417475728155356,Wide,False,False,0.75,60,6556056.235,False,False,Lower,True,Risk Off,False,None,0.11642857142857148,2.7414,2.8834999999999997,0.2576687116564437,1.545969692250512,False,False,No setup,0.0,None,None,0,No active J-Curve setup.,Neutral,0,Not applicable,No directional setup; confirmation score not applicable.,Wide CPR,Wide Downside Breakout,Confirmed,Wide CPR + close below CPR + trend aligned + participation confirmed,0,0,0,0
2026-09-30,2026-09-30,CM,NSE,STK,10866,INE382T01030,GVPTECH,BE,,,,,GVP INFOTECH LIMITED,7.75,8.11,7.35,7.95,8.0,7.73,,7.95,,,101330,784791.27,217,F1,1,,,,,,Cash Only,Information Technology,False,7.89,7.25,7.73,7.623333333333334,7.57,7.676666666666668,7.676666666666668,7.57,0.10666666666666735,1.3799051315222166,Wide,Bullish,Above CPR,7.803333333333334,7.7299999999999995,7.876666666666668,7.876666666666668,7.7299999999999995,0.14666666666666828,1.8448637316562049,Wide,False,False,0.95,60,386161.36,False,False,Lower,True,Risk Off,False,None,0.4457142857142857,7.4,7.07,0.23931623931624088,2.0322884454312056,True,True,No setup,0.0,None,None,0,No active J-Curve setup.,Neutral,0,Not applicable,No directional setup; confirmation score not applicable.,Wide CPR,Wide Upside Breakout,Confirmed,Wide CPR + close above CPR + trend aligned + participation confirmed,0,0,0,0
2026-09-30,2026-09-30,CM,NSE,STK,3807,INE505Y01010,VINEETLAB,EQ,,,,,VINEET LABORATORIES LTD,36.52,38.49,35.0,37.16,37.9,36.72,,37.18,,,128547,4684407.25,909,F1,1,,,,,,Cash Only,Healthcare & Pharma,False,37.08,34.85,36.72,36.21666666666667,35.965,36.468333333333334,36.468333333333334,35.965,0.5033333333333303,1.3707334785766077,Wide,Bullish,Above CPR,36.88333333333333,36.745000000000005,37.02166666666666,37.02166666666666,36.745000000000005,0.2766666666666566,0.7445281664872353,Moderate,False,False,0.06666666666666667,60,2632370.69,False,False,Higher,True,Risk Off,True,None,1.8864285714285711,36.7964,33.8993,0.2668181244478086,1.7795393588735027,True,True,No setup,0.0,None,None,0,No active J-Curve setup.,Neutral,0,Not applicable,No directional setup; confirmation score not applicable.,Wide CPR,Wide Upside Breakout,Confirmed,Wide CPR + close above CPR + trend aligned + participation confirmed,0,0,0,0
2026-09-30,2026-09-30,CM,NSE,STK,763294,INE12F801023,KISSHT,EQ,,,,,ONEMI TECHNOLOGY SOL LTD,356.0,372.0,352.2,369.55,366.55,358.65,,369.51,,,2404648,874521138.9,44693,F1,1,,,,,,Cash Only,Diversified,False,362.55,340.05,358.65,353.75,351.3,356.2,356.2,351.3,4.899999999999977,1.3662344904502934,Wide,Bullish,Above CPR,364.5833333333333,362.1,367.0666666666666,367.0666666666666,362.1,4.966666666666583,1.343976908853087,Wide,False,False,0.26666666666666666,60,503668685.175,True,False,Higher,True,Risk Off,False,None,18.775,322.345,297.14209999999997,0.26098535286284835,1.736302384167773,True,True,No setup,0.0,None,None,0,No active J-Curve setup.,Neutral,0,Not applicable,No directional setup; confirmation score not applicable.,Wide CPR,Wide Upside Breakout,Confirmed,Wide CPR + close above CPR + trend aligned + participation confirmed,0,0,0,0
2026-09-30,2026-09-30,CM,NSE,STK,765195,INE457P01020,TOYAMSL,EQ,,,,,TOYAM SPORTS LTD.,0.72,0.75,0.71,0.72,0.75,0.74,,0.72,,,2003449,1443898.96,543,F1,1,,,,,,Cash Only,Diversified,False,0.77,0.74,0.74,0.75,0.755,0.745,0.755,0.745,0.010000000000000009,1.3513513513513526,Wide,Bearish,Below CPR,0.7266666666666666,0.73,0.7233333333333332,0.73,0.7233333333333332,0.006666666666666821,0.9259259259259474,Wide,False,False,0.9354838709677419,31,333604.01,False,False,Lower,True,Risk Off,False,None,0.041428571428571426,,,0.24137931034482782,4.328182266154414,False,False,No setup,0.0,None,None,0,No active J-Curve setup.,Neutral,0,Not applicable,No directional setup; confirmation score not applicable.,Wide CPR,Wide Downside Breakout,Confirmed,Wide CPR + close below CPR + trend aligned + participation confirmed,0,0,0,0
2026-09-30,2026-09-30,CM,NSE,STK,764930,INE199E01014,SUNSHIEL,EQ,,,,,SUNSHIELD CHEMICALS LTD.,1094.8,1114.6,1034.8,1054.0,1040.0,1087.5,,1053.94,,,15883,16857100.2,1251,F1,1,,,,,,Cash Only,Diversified,False,1139.0,1080.0,1087.5,1102.1666666666667,1109.5,1094.8333333333335,1109.5,1094.8333333333335,14.666666666666515,1.3486590038314037,Wide,Bearish,Below CPR,1067.8,1074.6999999999998,1060.9,1074.6999999999998,1060.9,13.799999999999727,1.3092979127134465,Wide,False,False,0.9354838709677419,31,2594141.3,False,False,Lower,True,Risk Off,False,None,55.16428571428575,,,0.26587250205015034,6.4981426416517865,False,False,No setup,0.0,None,None,0,No active J-Curve setup.,Neutral,0,Not applicable,No directional setup; confirmation score not applicable.,Wide CPR,Wide Downside Breakout,Confirmed,Wide CPR + close below CPR + trend aligned + participation confirmed,0,0,0,0
2026-09-30,2026-09-30,CM,NSE,STK,3694,INE707A01012,VINDHYATEL,EQ,,,,,VINDHYA TELELINKS LTD,2666.3,2788.7,2620.2,2662.9,2674.0,2653.3,,2662.96,,,65292,176609030.2,7947,F1,1,,,,,,Cash Only,Diversified,False,2691.5,2508.1,2653.3,2617.6333333333337,2599.8,2635.466666666667,2635.466666666667,2599.8,35.66666666666697,1.344237992939621,Wide,Bullish,Above CPR,2690.6,2704.45,2676.75,2704.45,2676.75,27.699999999999818,1.0402193097750505,Wide,False,False,0.7833333333333333,60,119915611.7,False,False,Lower,True,Risk Off,False,None,145.11428571428573,2458.156,2212.874,0.24578329067401927,1.472777628336111,True,True,No setup,0.0,None,None,0,No active J-Curve setup.,Neutral,0,Not applicable,No directional setup; confirmation score not applicable.,Wide CPR,Wide Upside Breakout,Confirmed,Wide CPR + close above CPR + trend aligned + participation confirmed,0,0,0,0
2026-09-30,2026-09-30,CM,NSE,STK,13332,INE343H01029,SOLARINDS,EQ,,,,,SOLAR INDUSTRIES (I) LTD,19030.0,19820.0,19030.0,19700.0,19700.0,18650.0,,19696.42,,,302167,5910566560.0,64195,F1,1,,,,,,F&O + Cash,Chemicals,True,19400.0,18650.0,18650.0,18900.0,19025.0,18775.0,19025.0,18775.0,250.0,1.3404825737265416,Wide,Bearish,Above CPR,19516.666666666668,19425.0,19608.333333333336,19608.333333333336,19425.0,183.33333333333576,0.9306260575296231,Wide,False,False,0.8333333333333334,60,2001420643.0,False,False,Lower,True,Risk Off,False,Bullish Virgin,828.5714285714286,19659.12,18782.65,0.3017241379310345,2.953185568796994,True,True,No setup,0.0,None,None,0,No active J-Curve setup.,Neutral,0,Not applicable,No directional setup; confirmation score not applicable.,Wide CPR,Wide Upside Breakout,Confirmed,Wide CPR + close above CPR + trend aligned + participation confirmed,0,0,0,0
2026-09-30,2026-09-30,CM,NSE,STK,595,INE120A01034,CARBORUNIV,EQ,,,,,CARBORUNDUM UNIVERSAL LTD,1206.5,1269.9,1204.4,1252.5,1250.0,1200.5,,1252.49,,,475133,592918098.6,36400,F1,1,,,,,,Cash Only,Capital Goods,True,1255.0,1194.0,1200.5,1216.5,1224.5,1208.5,1224.5,1208.5,16.0,1.332778009162849,Wide,Bearish,Above CPR,1242.2666666666667,1237.15,1247.3833333333332,1247.3833333333332,1237.15,10.233333333333121,0.8170326014637223,Wide,False,False,0.6,60,213672162.3,False,False,Lower,True,Risk Off,False,None,57.8214285714286,1117.996,1101.6735,0.27671402100061754,2.7748963281774213,True,True,No setup,0.0,None,None,0,No active J-Curve setup.,Neutral,0,Not applicable,No directional setup; confirmation score not applicable.,Wide CPR,Wide Upside Breakout,Confirmed,Wide CPR + close above CPR + trend aligned + participation confirmed,0,0,0,0
2026-09-30,2026-09-30,CM,NSE,STK,9111,INE955V01021,ARVINDFASN,EQ,,,,,ARVIND FASHIONS LIMITED,407.1,411.35,386.0,387.45,389.5,410.15,,387.5,,,332564,131782825.6,17552,F1,1,,,,,,Cash Only,Diversified,False,413.5,390.55,410.15,404.7333333333333,402.025,407.4416666666666,407.4416666666666,402.025,5.416666666666629,1.3206550449022625,Wide,Bullish,Below CPR,394.93333333333334,398.675,391.19166666666666,398.675,391.19166666666666,7.4833333333333485,1.9314320127328297,Wide,False,False,0.16666666666666666,60,86176514.325,False,False,Lower,True,Risk Off,True,None,13.09285714285714,444.27,452.89399999999995,0.4137115839243471,1.5292197257248485,False,False,No setup,0.0,None,None,0,No active J-Curve setup.,Neutral,0,Not applicable,No directional setup; confirmation score not applicable.,Wide CPR,Wide Downside Breakout,Confirmed,Wide CPR + close below CPR + trend aligned + participation confirmed,0,0,0,0
2026-09-30,2026-09-30,CM,NSE,STK,10084,INE830C01026,EMAMIPAP,BE,,,,,EMAMI PAPER MILLS LIMITED,118.96,121.0,115.16,119.56,119.21,118.62,,119.6,,,38369,4567694.4,333,F1,1,,,,,,Cash Only,Diversified,False,119.95,112.6,118.62,117.05666666666667,116.275,117.83833333333334,117.83833333333334,116.275,1.5633333333333326,1.3179340189962336,Wide,Bullish,Above CPR,118.57333333333334,118.08,119.06666666666668,119.06666666666668,118.08,0.9866666666666788,0.8252481320397113,Wide,False,False,0.8,60,2545349.45,False,False,Higher,True,Risk Off,False,None,5.7164285714285725,100.3788,88.73369999999998,0.27348077804156756,1.794525462898621,True,True,No setup,0.0,None,None,0,No active J-Curve setup.,Neutral,0,Not applicable,No directional setup; confirmation score not applicable.,Wide CPR,Wide Upside Breakout,Confirmed,Wide CPR + close above CPR + trend aligned + participation confirmed,0,0,0,0
2026-09-30,2026-09-30,CM,NSE,STK,11432,INE798K01010,KRITINUT,EQ,,,,,KRITI NUTRIENTS LIMITED,72.65,73.89,68.9,69.81,71.0,72.52,,69.76,,,60590,4258688.19,748,F1,1,,,,,,Cash Only,Diversified,False,75.99,71.91,72.52,73.47333333333331,73.94999999999999,72.99666666666664,73.94999999999999,72.99666666666664,0.9533333333333474,1.314579886008477,Wide,Bearish,Below CPR,70.86666666666667,71.39500000000001,70.33833333333334,71.39500000000001,70.33833333333334,1.056666666666672,1.5136322398892308,Wide,False,False,0.45,60,1171203.5950000002,False,False,Lower,True,Risk Off,False,None,3.0742857142857147,83.501,75.56120000000001,0.31009913258984345,3.6361638644048044,False,False,No setup,0.0,None,None,0,No active J-Curve setup.,Neutral,0,Not applicable,No directional setup; confirmation score not applicable.,Wide CPR,Wide Downside Breakout,Confirmed,Wide CPR + close below CPR + trend aligned + participation confirmed,0,0,0,0
2026-09-30,2026-09-30,CM,NSE,STK,765073,INE432F01032,EBIX,BE,,,,,EBIX LIMITED,17.68,17.86,16.82,16.97,17.64,17.01,,17.0,,,41803,713832.45,127,F1,1,,,,,,Cash Only,Diversified,False,17.79,16.9,17.01,17.233333333333334,17.345,17.12166666666667,17.345,17.12166666666667,0.22333333333332916,1.3129531648049921,Wide,Bearish,Below CPR,17.216666666666665,17.34,17.09333333333333,17.34,17.09333333333333,0.2466666666666697,1.4535454724022965,Wide,False,False,0.8064516129032258,31,432021.1,False,False,Lower,True,Risk Off,False,None,1.0664285714285715,,,0.20942174592542587,1.6523092274891202,False,False,No setup,0.0,None,None,0,No active J-Curve setup.,Neutral,0,Not applicable,No directional setup; confirmation score not applicable.,Wide CPR,Wide Downside Breakout,Confirmed,Wide CPR + close below CPR + trend aligned + participation confirmed,0,0,0,0
2026-09-30,2026-09-30,CM,NSE,STK,4503,INE356A01018,MPHASIS,EQ,,,,,MPHASIS LIMITED,2164.5,2252.6,2144.8,2154.4,2154.4,2154.4,,2154.4,,,701536,1538816244.1,39729,F1,1,,,,,,F&O + Cash,Information Technology,True,2238.9,2154.4,2154.4,2182.566666666667,2196.65,2168.483333333334,2196.65,2168.483333333334,28.16666666666606,1.3074019061764788,Wide,Bearish,Below CPR,2183.933333333333,2198.7,2169.166666666666,2198.7,2169.166666666666,29.533333333333758,1.370837974996925,Wide,False,False,0.38333333333333336,60,979435394.1500001,False,False,Lower,True,Risk Off,False,None,60.24285714285712,2381.72,2326.422,0.46755197217610267,1.5711258274829416,False,False,No setup,0.0,None,None,0,No active J-Curve setup.,Neutral,0,Not applicable,No directional setup; confirmation score not applicable.,Wide CPR,Wide Downside Breakout,Confirmed,Wide CPR + close below CPR + trend aligned + participation confirmed,0,0,0,0
2026-09-30,2026-09-30,CM,NSE,STK,758147,INE0V9Q01010,LOTUSDEV,BE,,,,,SRI LOTUS DEVLPRS N RTY L,218.0,224.85,215.0,224.53,223.5,214.15,,224.54,,,1330015,296688943.72,4116,F1,1,,,,,,Cash Only,Diversified,False,217.8,202.15,214.15,211.36666666666667,209.97500000000002,212.75833333333333,212.75833333333333,209.97500000000002,2.783333333333303,1.2997120398474447,Wide,Bullish,Above CPR,221.46,219.925,222.995,222.995,219.925,3.069999999999993,1.3673005834409624,Wide,False,False,0.9666666666666667,60,165132283.17000002,False,False,Lower,True,Risk Off,False,Bullish Virgin,11.082142857142857,181.0406,161.3228,0.2511547964335562,1.7966743874943298,True,True,No setup,0.0,None,None,0,No active J-Curve setup.,Neutral,0,Not applicable,No directional setup; confirmation score not applicable.,Wide CPR,Wide Upside Breakout,Confirmed,Wide CPR + close above CPR + trend aligned + participation confirmed,0,0,0,0
2026-09-30,2026-09-30,CM,NSE,STK,1315,INE600K01018,GALAXYSURF,EQ,,,,,GALAXY SURFACTANTS LTD,2303.0,2378.9,2303.0,2332.8,2321.6,2301.2,,2332.81,,,110086,258268117.0,16709,F1,1,,,,,,Cash Only,Diversified,False,2325.0,2188.9,2301.2,2271.7,2256.95,2286.45,2286.45,2256.95,29.5,1.2819398574656702,Wide,Bullish,Above CPR,2338.233333333333,2340.95,2335.5166666666664,2340.95,2335.5166666666664,5.433333333333394,0.23291037951532037,Narrow,False,False,0.7833333333333333,60,39890327.85,False,False,Outside,True,Risk Off,False,Bullish Virgin,87.25000000000003,2165.574,2020.096,0.33810888252148985,6.474454608925957,True,True,No setup,0.0,None,None,0,No active J-Curve setup.,Neutral,0,Not applicable,No directional setup; confirmation score not applicable.,Wide CPR,Wide Upside Breakout,Confirmed,Wide CPR + close above CPR + trend aligned + participation confirmed,0,0,0,0
2026-09-30,2026-09-30,CM,NSE,STK,928,INE086A01029,ELECTCAST,EQ,,,,,ELECTROSTEEL CASTINGS LTD,76.12,78.19,73.89,74.37,74.16,76.53,,74.37,,,3312574,252389252.12,22039,F1,1,,,,,,Cash Only,Diversified,False,79.0,71.15,76.53,75.56,75.075,76.045,76.045,75.075,0.9699999999999989,1.267476806481117,Wide,Bullish,Below CPR,75.48333333333333,76.03999999999999,74.92666666666668,76.03999999999999,74.92666666666668,1.1133333333333155,1.4970194074671448,Wide,False,False,0.4166666666666667,60,96410829.13,False,False,Higher,True,Risk Off,False,None,2.817857142857142,74.9224,76.57740000000001,0.34423320659062073,2.617851691532279,False,False,No setup,0.0,None,None,0,No active J-Curve setup.,Neutral,0,Not applicable,No directional setup; confirmation score not applicable.,Wide CPR,Wide Downside Breakout,Confirmed,Wide CPR + close below CPR + trend aligned + participation confirmed,0,-2,0,-2
2026-09-30,2026-09-30,CM,NSE,STK,10637,INE260D01016,OLECTRA,EQ,,,,,OLECTRA GREENTECH LIMITED,1136.0,1167.0,1130.0,1134.2,1132.0,1136.9,,1134.19,,,391576,448855094.8,19255,F1,1,,,,,,Cash Only,Automobile and Auto Components,True,1183.0,1134.0,1136.9,1151.3,1158.5,1144.1,1158.5,1144.1,14.400000000000091,1.2666021637787044,Wide,Bearish,Below CPR,1143.7333333333333,1148.5,1138.9666666666667,1148.5,1138.9666666666667,9.533333333333303,0.8405337095162496,Wide,False,False,0.6833333333333333,60,351714646.35,True,False,Lower,True,Risk Off,False,None,40.77857142857148,1285.9,1315.35,0.353126642143985,1.276191081202041,False,False,No setup,0.0,None,None,0,No active J-Curve setup.,Neutral,0,Not applicable,No directional setup; confirmation score not applicable.,Wide CPR,Wide Downside Breakout,Confirmed,Wide CPR + close below CPR + trend aligned + participation confirmed,0,0,0,0
2026-09-30,2026-09-30,CM,NSE,STK,15002,INE550H01011,SUPREMEINF,EQ,,,,,SUPREME INFRA. LTD.,84.75,84.75,73.15,73.9,73.9,77.83,,73.91,,,95895,7324127.58,2111,F1,1,,,,,,Cash Only,Diversified,False,82.4,76.16,77.83,78.79666666666667,79.28,78.31333333333333,79.28,78.31333333333333,0.9666666666666686,1.2420232129855693,Wide,Bearish,Below CPR,77.26666666666667,78.95,75.58333333333333,78.95,75.58333333333333,3.3666666666666742,4.5557059088858916,Wide,False,False,0.35,60,4376215.215,False,False,Lower,True,Risk Off,False,None,4.812857142857146,84.85500000000002,82.3735,0.2008508954190168,1.6736214331725914,False,False,No setup,0.0,None,None,0,No active J-Curve setup.,Neutral,0,Not applicable,No directional setup; confirmation score not applicable.,Wide CPR,Wide Downside Breakout,Confirmed,Wide CPR + close below CPR + trend aligned + participation confirmed,0,0,0,0
2026-09-30,2026-09-30,CM,NSE,STK,758973,INE01R501028,VIKRAN,EQ,,,,,VIKRAN ENGINEERING LTD,60.33,61.73,59.0,59.71,59.29,60.88,,59.71,,,1472938,88801495.98,11487,F1,1,,,,,,Cash Only,Diversified,False,63.0,56.5,60.88,60.126666666666665,59.75,60.50333333333333,60.50333333333333,59.75,0.7533333333333303,1.237406920718348,Wide,Bullish,Below CPR,60.14666666666667,60.364999999999995,59.92833333333334,60.364999999999995,59.92833333333334,0.4366666666666532,0.7313124546418577,Moderate,False,False,0.85,60,68683429.475,False,False,Overlapping,True,Risk Off,False,None,2.375,63.41480000000001,67.61009999999999,0.3171929824561391,1.2929100462626544,False,False,No setup,0.0,None,None,0,No active J-Curve setup.,Neutral,0,Not applicable,No directional setup; confirmation score not applicable.,Wide CPR,Wide Downside Breakout,Confirmed,Wide CPR + close below CPR + trend aligned + participation confirmed,0,0,0,0
2026-09-30,2026-09-30,CM,NSE,STK,16863,INE197J01017,LPDC,EQ,,,,,LANDMARK PR.DEV.CO.LTD,6.2,6.44,6.11,6.18,6.25,6.22,,6.18,,,50182,312613.81,276,F1,1,,,,,,Cash Only,Diversified,False,6.53,6.14,6.22,6.296666666666667,6.335,6.258333333333334,6.335,6.258333333333334,0.07666666666666622,1.232583065380486,Wide,Bearish,Below CPR,6.243333333333333,6.275,6.211666666666666,6.275,6.211666666666666,0.06333333333333435,1.0248112189859928,Wide,False,False,0.2833333333333333,60,191192.04499999998,False,False,Lower,True,Risk Off,False,None,0.3942857142857145,6.6008000000000004,6.680699999999999,0.1944444444444432,1.6350774949867817,False,False,No setup,0.0,None,None,0,No active J-Curve setup.,Neutral,0,Not applicable,No directional setup; confirmation score not applicable.,Wide CPR,Wide Downside Breakout,Confirmed,Wide CPR + close below CPR + trend aligned + participation confirmed,0,0,0,0
2026-09-30,2026-09-30,CM,NSE,STK,2514,INE142A01012,OSWALAGRO,EQ,,,,,OSWAL AGRO MILLS LTD,34.75,34.97,33.7,33.95,34.0,34.9,,33.95,,,89147,3084901.34,920,F1,1,,,,,,Cash Only,Chemicals & Fertilizers,False,35.5,33.01,34.9,34.47,34.254999999999995,34.685,34.685,34.254999999999995,0.4300000000000068,1.2320916905444321,Wide,Bullish,Below CPR,34.20666666666667,34.335,34.07833333333334,34.335,34.07833333333334,0.2566666666666606,0.7560137457044493,Wide,False,False,0.23333333333333334,60,1757616.685,False,False,Higher,True,Risk Off,True,None,1.6657142857142861,37.8688,42.3266,0.25814751286449805,1.7551616153439051,False,False,No setup,0.0,None,None,0,No active J-Curve setup.,Neutral,0,Not applicable,No directional setup; confirmation score not applicable.,Wide CPR,Wide Downside Breakout,Confirmed,Wide CPR + close below CPR + trend aligned + participation confirmed,0,0,0,0
2026-09-30,2026-09-30,CM,NSE,STK,760229,INE0VDM01015,MEESHO,EQ,,,,,MEESHO LIMITED,223.0,230.68,219.19,227.75,226.5,223.21,,227.75,,,15536460,3490969825.54,145410,F1,1,,,,,,Cash Only,Consumer Services,True,226.41,211.77,223.21,220.46333333333334,219.09,221.83666666666667,221.83666666666667,219.09,2.7466666666666697,1.2305302928482909,Wide,Bullish,Above CPR,225.87333333333333,224.935,226.81166666666667,226.81166666666667,224.935,1.8766666666666652,0.8240029271862416,Wide,False,False,0.05,60,2587873496.415,True,True,Inside,True,Risk Off,True,None,10.919285714285712,203.08900000000003,193.4535,0.2515427051307214,1.3489723629752637,True,True,No setup,0.0,None,None,0,No active J-Curve setup.,Neutral,0,Not applicable,No directional setup; confirmation score not applicable.,Wide CPR,Wide Upside Breakout,Confirmed,Wide CPR + close above CPR + trend aligned + participation confirmed,0,0,0,0
2026-09-30,2026-09-30,CM,NSE,STK,17270,INE991I01015,ASPINWALL,EQ,,,,,ASPINWALL & CO LTD,242.5,250.15,240.0,241.85,241.05,242.5,,241.85,,,2012,489030.6,74,F1,1,,,,,,Cash Only,Textiles & Apparel,False,251.7,242.25,242.5,245.48333333333335,246.975,243.9916666666667,246.975,243.9916666666667,2.9833333333332916,1.2302405498281614,Wide,Bearish,Below CPR,244.0,245.075,242.925,245.075,242.925,2.1499999999999773,0.8889807732065236,Wide,False,False,0.5,60,460336.35,False,False,Lower,True,Risk Off,False,None,10.660714285714281,249.0106,246.5886,0.27984366275823186,1.0623332265635768,False,False,No setup,0.0,None,None,0,No active J-Curve setup.,Neutral,0,Not applicable,No directional setup; confirmation score not applicable.,Wide CPR,Wide Downside Breakout,Confirmed,Wide CPR + close below CPR + trend aligned + participation confirmed,0,0,0,0
2026-09-30,2026-09-30,CM,NSE,STK,3405,INE092A01019,TATACHEM,EQ,,,,,TATA CHEMICALS LTD,615.0,628.75,610.2,611.45,611.4,613.85,,611.43,,,1113198,688260951.05,28600,F1,1,,,,,,Cash Only,Chemicals,True,640.5,609.8,613.85,621.3833333333333,625.15,617.6166666666667,625.15,617.6166666666667,7.533333333333303,1.2272270641579055,Wide,Bearish,Below CPR,616.8000000000001,619.475,614.1250000000001,619.475,614.1250000000001,5.349999999999909,0.8749693351868361,Wide,False,False,0.9833333333333333,60,300023619.025,False,False,Lower,True,Risk Off,False,None,45.282142857142844,660.002,695.25,0.1663643294686746,2.294022561579225,False,False,No setup,0.0,None,None,0,No active J-Curve setup.,Neutral,0,Not applicable,No directional setup; confirmation score not applicable.,Wide CPR,Wide Downside Breakout,Confirmed,Wide CPR + close below CPR + trend aligned + participation confirmed,0,0,0,0
2026-09-30,2026-09-30,CM,NSE,STK,9819,INE176B01034,HAVELLS,EQ,,,,,HAVELLS INDIA LIMITED,1045.0,1054.4,1015.1,1016.0,1016.0,1043.3,,1015.98,,,1394518,1434434865.0,41546,F1,1,,,,,,F&O + Cash,Consumer Durables,True,1081.5,1043.3,1043.3,1056.0333333333335,1062.4,1049.666666666667,1062.4,1049.666666666667,12.733333333333121,1.2204862775168333,Wide,Bearish,Below CPR,1028.5,1034.75,1022.25,1034.75,1022.25,12.5,1.2303149606299213,Wide,False,False,0.2833333333333333,60,1076727270.05,True,True,Lower,True,Risk Off,False,None,24.550000000000036,1205.382,1195.049,0.518669382213161,1.3322174564533777,False,False,No setup,0.0,None,None,0,No active J-Curve setup.,Neutral,0,Not applicable,No directional setup; confirmation score not applicable.,Wide CPR,Wide Downside Breakout,Confirmed,Wide CPR + close below CPR + trend aligned + participation confirmed,0,0,0,0
2026-09-30,2026-09-30,CM,NSE,STK,18870,INE885E01042,MAZDA,BE,,,,,MAZDA LIMITED,290.0,303.3,290.0,303.3,303.3,288.9,,305.43,,,42578,12810370.35,550,F1,1,,,,,,Cash Only,Diversified,False,294.8,272.5,288.9,285.4,283.65,287.15,287.15,283.65,3.5,1.2114918656974731,Wide,Bullish,Above CPR,298.8666666666666,296.65,301.08333333333326,301.08333333333326,296.65,4.43333333333328,1.46169908781183,Wide,False,False,0.16666666666666666,60,5164032.21,True,False,Higher,True,Risk Off,True,Bullish Virgin,15.242857142857138,245.8116,221.0804,0.22961574507966268,2.480691411101791,True,True,No setup,0.0,None,None,0,No active J-Curve setup.,Neutral,0,Not applicable,No directional setup; confirmation score not applicable.,Wide CPR,Wide Upside Breakout,Confirmed,Wide CPR + close above CPR + trend aligned + participation confirmed,0,0,0,0
2026-09-30,2026-09-30,CM,NSE,STK,25049,INE0BS701011,PREMIERENE,EQ,,,,,PREMIER ENERGIES LIMITED,868.3,883.0,865.2,870.1,870.1,870.0,,870.13,,,1144007,1001163610.4,31941,F1,1,,,,,,F&O + Cash,Capital Goods,True,917.6,853.6,870.0,880.4,885.6,875.1999999999999,885.6,875.1999999999999,10.400000000000091,1.1954022988505852,Wide,Bearish,Below CPR,872.7666666666668,874.1,871.4333333333335,874.1,871.4333333333335,2.666666666666515,0.3064781825843598,Moderate,False,False,0.65,60,989784676.85,False,False,Lower,True,Risk Off,False,None,30.478571428571417,993.6,1019.7539999999999,0.3412233419264151,1.011496372712309,False,False,No setup,0.0,None,None,0,No active J-Curve setup.,Neutral,0,Not applicable,No directional setup; confirmation score not applicable.,Wide CPR,Wide Downside Breakout,Confirmed,Wide CPR + close below CPR + trend aligned + participation confirmed,0,-2,0,-2
2026-09-30,2026-09-30,CM,NSE,STK,11582,INE0HMF01019,TRACXN,EQ,,,,,TRACXN TECHNOLOGIES LTD,32.55,33.2,32.16,32.91,33.0,32.94,,32.92,,,152016,4988188.99,6469,F1,1,,,,,,Cash Only,Diversified,False,33.0,31.7,32.94,32.54666666666667,32.35,32.74333333333333,32.74333333333333,32.35,0.39333333333333087,1.1940902651285092,Wide,Bullish,Above CPR,32.75666666666667,32.68,32.833333333333336,32.833333333333336,32.68,0.15333333333333599,0.465917147776773,Moderate,False,False,0.65,60,3489572.66,False,False,Overlapping,True,Risk Off,False,None,1.5671428571428567,30.232,30.8025,0.2509875417806123,1.4294555454248659,True,True,No setup,0.0,None,None,0,No active J-Curve setup.,Neutral,0,Not applicable,No directional setup; confirmation score not applicable.,Wide CPR,Wide Upside Breakout,Confirmed,Wide CPR + close above CPR + trend aligned + participation confirmed,0,0,0,0
2026-09-30,2026-09-30,CM,NSE,STK,22428,INE0CG601016,MAXIND,EQ,,,,,MAX INDIA LIMITED,162.45,164.2,158.22,160.83,158.25,160.24,,160.96,,,111095,17941075.72,1724,F1,1,,,,,,Cash Only,Diversified,False,162.0,152.75,160.24,158.33,157.375,159.28500000000003,159.28500000000003,157.375,1.910000000000025,1.1919620569146436,Wide,Bullish,Above CPR,161.08333333333334,161.20999999999998,160.9566666666667,161.20999999999998,160.9566666666667,0.25333333333327346,0.15751621795266643,Narrow,False,False,1.0,60,9810500.05,False,False,Higher,True,Risk Off,False,None,7.135714285714284,157.1298,159.4664,0.26766766766767125,1.8287626143990487,True,True,No setup,0.0,None,None,0,No active J-Curve setup.,Neutral,0,Not applicable,No directional setup; confirmation score not applicable.,Wide CPR,Wide Upside Breakout,Confirmed,Wide CPR + close above CPR + trend aligned + participation confirmed,0,0,0,0
2026-09-30,2026-09-30,CM,NSE,STK,762747,INE338F01015,KLBRENG-B,EQ,,,,,KILBURN ENGINEERING LTD.,527.9,534.55,521.55,523.95,530.0,525.55,,524.01,,,206790,109043605.3,4210,F1,1,,,,,,Cash Only,Diversified,False,532.0,500.5,525.55,519.35,516.25,522.45,522.45,516.25,6.2000000000000455,1.1797164874893056,Wide,Bullish,Above CPR,526.6833333333333,528.05,525.3166666666666,528.05,525.3166666666666,2.7333333333333485,0.521678277189302,Moderate,False,False,0.2,60,64447593.599999994,False,False,Outside,True,Risk Off,True,None,24.567857142857147,432.3960000000001,456.4125,0.25236226195668154,1.691973263994763,True,True,No setup,0.0,None,None,0,No active J-Curve setup.,Neutral,0,Not applicable,No directional setup; confirmation score not applicable.,Wide CPR,Wide Upside Breakout,Confirmed,Wide CPR + close above CPR + trend aligned + participation confirmed,0,0,0,0
2026-09-30,2026-09-30,CM,NSE,STK,15248,INE641C01019,KAVDEFENCE,BE,,,,,KAVVERI DFS & WIR TEC LTD,77.94,80.5,76.0,79.48,79.11,76.89,,79.28,,,100996,8004829.33,992,F1,1,,,,,,Cash Only,Aerospace & Defense,False,80.8,75.7,76.89,77.79666666666667,78.25,77.34333333333333,78.25,77.34333333333333,0.9066666666666663,1.179173711362552,Wide,Bearish,Above CPR,78.66000000000001,78.25,79.07000000000002,79.07000000000002,78.25,0.8200000000000216,1.031706089582312,Wide,False,False,0.85,60,5400770.475,False,False,Lower,True,Risk Off,False,None,7.147142857142855,62.972,63.3973,0.12685721900193217,1.482164325822419,True,True,No setup,0.0,None,None,0,No active J-Curve setup.,Neutral,0,Not applicable,No directional setup; confirmation score not applicable.,Wide CPR,Wide Upside Breakout,Confirmed,Wide CPR + close above CPR + trend aligned + participation confirmed,0,0,0,0
2026-09-30,2026-09-30,CM,NSE,STK,20242,INE093I01010,OBEROIRLTY,EQ,,,,,OBEROI REALTY LIMITED,1760.0,1796.3,1751.5,1765.7,1765.7,1762.9,,1765.7,,,573434,1019123076.8,44237,F1,1,,,,,,F&O + Cash,Realty,True,1826.6,1761.5,1762.9,1783.6666666666667,1794.05,1773.2833333333335,1794.05,1773.2833333333335,20.766666666666424,1.1779832473008351,Wide,Bearish,Below CPR,1771.1666666666667,1773.9,1768.4333333333334,1773.9,1768.4333333333334,5.466666666666697,0.3096033678805401,Moderate,False,False,0.31666666666666665,60,646119090.4,False,False,Lower,True,Risk Off,False,None,55.464285714285765,1830.376,1779.5020000000002,0.3744151105387375,1.5772991263407499,False,False,No setup,0.0,None,None,0,No active J-Curve setup.,Neutral,0,Not applicable,No directional setup; confirmation score not applicable.,Wide CPR,Wide Downside Breakout,Confirmed,Wide CPR + close below CPR + trend aligned + participation confirmed,0,0,0,0
2026-09-30,2026-09-30,CM,NSE,STK,2987,INE418L01047,NAZARA,EQ,,,,,NAZARA TECHNOLOGIES LTD,386.2,401.9,386.2,392.85,393.0,388.4,,392.85,,,2088636,829488162.55,38700,F1,1,,,,,,Cash Only,Gaming & Tech,False,391.1,372.0,388.4,383.8333333333333,381.55,386.1166666666666,386.1166666666666,381.55,4.566666666666606,1.175763817370393,Wide,Bullish,Above CPR,393.6499999999999,394.04999999999995,393.2499999999999,394.04999999999995,393.2499999999999,0.8000000000000682,0.20364006618303884,Narrow,False,False,0.6,60,568035247.575,False,False,Higher,True,Risk Off,False,Bullish Virgin,13.046428571428578,352.596,321.64149999999995,0.3500319372205445,1.460275865082614,True,True,No setup,0.0,None,None,0,No active J-Curve setup.,Neutral,0,Not applicable,No directional setup; confirmation score not applicable.,Wide CPR,Wide Upside Breakout,Confirmed,Wide CPR + close above CPR + trend aligned + participation confirmed,0,0,0,0
2026-09-30,2026-09-30,CM,NSE,STK,7480,INE472B01011,BLUECOAST,EQ,,,,,BLUE COAST HOTELS LIMITED,22.7,23.8,22.01,22.07,22.06,22.7,,22.07,,,3112,70786.74,23,F1,1,,,,,,Cash Only,Diversified,False,22.99,21.61,22.7,22.433333333333334,22.299999999999997,22.56666666666667,22.56666666666667,22.299999999999997,0.2666666666666728,1.1747430249633164,Wide,Bullish,Below CPR,22.626666666666665,22.905,22.34833333333333,22.905,22.34833333333333,0.556666666666672,2.5222776015707837,Wide,False,False,0.45,60,50828.630000000005,False,False,Higher,True,Risk Off,False,None,1.4485714285714288,22.752000000000002,,0.18408941485864985,1.3926548876096012,False,False,No setup,0.0,None,None,0,No active J-Curve setup.,Neutral,0,Not applicable,No directional setup; confirmation score not applicable.,Wide CPR,Wide Downside Breakout,Confirmed,Wide CPR + close below CPR + trend aligned + participation confirmed,0,0,0,0
2026-09-30,2026-09-30,CM,NSE,STK,29146,INE268H01044,NAVKARURB,EQ,,,,,NAVKAR URBANSTRUCTURE LTD,0.88,0.9,0.84,0.86,0.87,0.86,,0.86,,,1280895,1093236.22,322,F1,1,,,,,,Cash Only,Diversified,False,0.91,0.84,0.86,0.87,0.875,0.865,0.875,0.865,0.010000000000000009,1.1627906976744196,Wide,Bearish,Below CPR,0.8666666666666667,0.87,0.8633333333333334,0.87,0.8633333333333334,0.006666666666666599,0.7751937984496045,Wide,False,False,0.6166666666666667,60,955115.885,False,False,Lower,True,Risk Off,False,None,0.050000000000000024,0.8984000000000001,0.9477,0.2000000000000001,1.1446110751262397,False,False,No setup,0.0,None,None,0,No active J-Curve setup.,Neutral,0,Not applicable,No directional setup; confirmation score not applicable.,Wide CPR,Wide Downside Breakout,Confirmed,Wide CPR + close below CPR + trend aligned + participation confirmed,0,0,-2,-2
2026-09-30,2026-09-30,CM,NSE,STK,13188,INE330H01018,RCOM,BE,,,,,RELIANCE COMMUNICATIONS L,0.85,0.86,0.83,0.84,0.85,0.86,,0.84,,,3639203,3089086.09,1962,F1,1,,,,,,Cash Only,Diversified,False,0.9,0.85,0.86,0.87,0.875,0.865,0.875,0.865,0.010000000000000009,1.1627906976744196,Wide,Bearish,Below CPR,0.8433333333333333,0.845,0.8416666666666666,0.845,0.8416666666666666,0.0033333333333334103,0.396825396825406,Moderate,False,False,0.95,20,3048596.26,False,False,Lower,True,Risk Off,False,Bearish Virgin,0.047857142857142855,,,0.2089552238805972,1.0132814667954753,False,False,No setup,0.0,None,None,0,No active J-Curve setup.,Neutral,0,Not applicable,No directional setup; confirmation score not applicable.,Wide CPR,Wide Downside Breakout,Confirmed,Wide CPR + close below CPR + trend aligned + participation confirmed,0,0,0,0
2026-09-30,2026-09-30,CM,NSE,STK,5359,INE08LI01020,KRSNAA,EQ,,,,,KRSNAA DIAGNOSTICS LTD,549.65,564.45,543.0,559.95,560.3,553.6,,559.95,,,68107,37792069.05,4279,F1,1,,,,,,Cash Only,Diversified,False,559.0,529.0,553.6,547.1999999999999,544.0,550.3999999999999,550.3999999999999,544.0,6.399999999999864,1.156069364161825,Wide,Bullish,Above CPR,555.8000000000001,553.725,557.8750000000001,557.8750000000001,553.725,4.150000000000091,0.741137601571585,Moderate,False,False,0.9,60,27033875.375,False,False,Outside,True,Risk Off,False,None,21.264285714285716,552.2739999999999,551.8235,0.300974135035264,1.3979523292819795,True,True,No setup,0.0,None,None,0,No active J-Curve setup.,Neutral,0,Not applicable,No directional setup; confirmation score not applicable.,Wide CPR,Wide Upside Breakout,Confirmed,Wide CPR + close above CPR + trend aligned + participation confirmed,0,0,0,0
2026-09-30,2026-09-30,CM,NSE,STK,31181,INE745G01043,MCX,EQ,,,,,MULTI COMMODITY EXCHANGE,3280.1,3345.0,3255.0,3300.4,3300.4,3232.0,,3300.4,,,2066935,6849895556.6,110489,F1,1,,,,,,F&O + Cash,Financial Services,True,3344.0,3232.0,3232.0,3269.3333333333335,3288.0,3250.666666666667,3288.0,3250.666666666667,37.33333333333303,1.1551155115511458,Wide,Bearish,Above CPR,3300.133333333333,3300.0,3300.2666666666664,3300.2666666666664,3300.0,0.26666666666642413,0.00807982870762405,Narrow,False,False,0.48333333333333334,60,5891975052.25,False,False,Lower,True,Risk Off,False,None,113.55714285714294,3062.88,3010.634,0.3287625277812694,1.162580543171885,True,True,No setup,0.0,None,None,0,No active J-Curve setup.,Neutral,0,Not applicable,No directional setup; confirmation score not applicable.,Wide CPR,Wide Upside Breakout,Confirmed,Wide CPR + close above CPR + trend aligned + participation confirmed,0,0,0,0
2026-09-30,2026-09-30,CM,NSE,STK,25807,INE080I01025,LLOYDSENT,EQ,,,,,LLOYDS ENTERPRISES LTD,79.7,82.1,78.68,79.23,79.0,79.13,,79.24,,,4337499,348880261.44,26652,F1,1,,,,,,Cash Only,Diversified,False,80.4,75.12,79.13,78.21666666666667,77.76,78.67333333333333,78.67333333333333,77.76,0.9133333333333269,1.1542187960739632,Wide,Bullish,Above CPR,80.00333333333333,80.39,79.61666666666666,80.39,79.61666666666666,0.7733333333333405,0.9760612562581604,Wide,False,False,0.8666666666666667,60,240846609.44,False,False,Overlapping,True,Risk Off,False,Bullish Virgin,3.4007142857142876,75.73060000000001,74.1579,0.2685710284954121,1.4485579109923632,True,True,No setup,0.0,None,None,0,No active J-Curve setup.,Neutral,0,Not applicable,No directional setup; confirmation score not applicable.,Wide CPR,Wide Upside Breakout,Confirmed,Wide CPR + close above CPR + trend aligned + participation confirmed,0,0,0,0
2026-09-30,2026-09-30,CM,NSE,STK,6239,INE341R01014,DTIL,BE,,,,,DHUNSERI TEA & IND. LTD.,147.7,152.22,146.0,152.21,152.22,144.98,,152.2,,,19102,2900323.72,79,F1,1,,,,,,Cash Only,Diversified,False,146.94,138.0,144.98,143.30666666666664,142.47,144.1433333333333,144.1433333333333,142.47,1.6733333333332894,1.15418218604862,Wide,Bullish,Above CPR,150.14333333333335,149.11,151.17666666666668,151.17666666666668,149.11,2.066666666666663,1.3577732518669356,Wide,False,False,0.8,60,657924.2350000001,False,False,Higher,True,Risk Off,False,Bullish Virgin,5.848571428571428,141.22279999999998,139.0976,0.2861097541117007,4.408294398822381,True,True,No setup,0.0,None,None,0,No active J-Curve setup.,Neutral,0,Not applicable,No directional setup; confirmation score not applicable.,Wide CPR,Wide Upside Breakout,Confirmed,Wide CPR + close above CPR + trend aligned + participation confirmed,0,0,0,0
2026-09-30,2026-09-30,CM,NSE,STK,14677,INE826C01016,GUJAPOLLO,EQ,,,,,GUJ. APOLLO IND. LTD.,330.9,333.75,324.25,330.0,330.0,330.65,,329.97,,,12761,4193730.9,550,F1,1,,,,,,Cash Only,Diversified,False,343.7,329.0,330.65,334.45,336.35,332.54999999999995,336.35,332.54999999999995,3.800000000000068,1.1492514743686886,Wide,Bearish,Below CPR,329.3333333333333,329.0,329.66666666666663,329.66666666666663,329.0,0.6666666666666288,0.20202020202019053,Narrow,False,False,0.48333333333333334,60,2347865.075,False,False,Higher,True,Risk Off,False,None,15.903571428571423,347.54,361.42799999999994,0.23894004042219166,1.7861890551781385,False,False,No setup,0.0,None,None,0,No active J-Curve setup.,Neutral,0,Not applicable,No directional setup; confirmation score not applicable.,Wide CPR,Wide Downside Breakout,Confirmed,Wide CPR + close below CPR + trend aligned + participation confirmed,0,0,0,0
2026-09-30,2026-09-30,CM,NSE,STK,1594,INE009A01021,INFY,EQ,,,,,INFOSYS LIMITED,1004.0,1024.0,992.2,994.1,994.1,1015.4,,994.1,,,13508984,13548200811.4,222181,F1,1,,,,,,F&O + Cash,Information Technology,True,1015.4,980.4,1015.4,1003.7333333333332,997.9,1009.5666666666665,1009.5666666666665,997.9,11.666666666666515,1.1489724903157883,Wide,Bullish,Below CPR,1003.4333333333334,1008.1,998.7666666666668,1008.1,998.7666666666668,9.333333333333258,0.9388726821580583,Wide,False,False,0.48333333333333334,60,9714468889.7,False,False,Outside,True,Risk Off,False,None,27.035714285714278,1104.144,1111.835,0.43152796125054493,1.394641432818299,False,False,No setup,0.0,None,None,0,No active J-Curve setup.,Neutral,0,Not applicable,No directional setup; confirmation score not applicable.,Wide CPR,Wide Downside Breakout,Confirmed,Wide CPR + close below CPR + trend aligned + participation confirmed,0,0,0,0
2026-09-30,2026-09-30,CM,NSE,STK,17987,INE391D01019,TRF,EQ,,,,,TRF LIMITED,207.75,209.0,196.55,197.82,198.01,202.9,,197.9,,,18651,3778659.64,911,F1,1,,,,,,Cash Only,Diversified,False,210.73,202.0,202.9,205.21,206.365,204.055,206.365,204.055,2.3100000000000023,1.1384918679152303,Wide,Bearish,Below CPR,201.12333333333333,202.775,199.47166666666666,202.775,199.47166666666666,3.3033333333333417,1.6698682303777888,Wide,False,False,0.95,60,2958933.755,False,False,Lower,True,Risk Off,False,None,9.589285714285714,226.5948,232.39970000000002,0.24089385474860361,1.277034213292146,False,False,No setup,0.0,None,None,0,No active J-Curve setup.,Neutral,0,Not applicable,No directional setup; confirmation score not applicable.,Wide CPR,Wide Downside Breakout,Confirmed,Wide CPR + close below CPR + trend aligned + participation confirmed,0,0,0,0
2026-09-30,2026-09-30,CM,NSE,STK,2181,INE323A01026,BOSCHLTD,EQ,,,,,BOSCH LIMITED,45960.0,47545.0,45960.0,47100.0,47100.0,45700.0,,47100.0,,,30394,1431814960.0,14514,F1,1,,,,,,F&O + Cash,Automobile and Auto Components,True,47240.0,45700.0,45700.0,46213.333333333336,46470.0,45956.66666666667,46470.0,45956.66666666667,513.3333333333285,1.1232676878190997,Wide,Bearish,Above CPR,46868.333333333336,46752.5,46984.16666666667,46984.16666666667,46752.5,231.66666666667152,0.49186128803964224,Moderate,False,False,0.8,60,1282929350.0,False,False,Lower,True,Risk Off,False,None,1062.142857142857,46017.2,42458.8,0.4832997085855144,1.1160512930817275,True,True,No setup,0.0,None,None,0,No active J-Curve setup.,Neutral,0,Not applicable,No directional setup; confirmation score not applicable.,Wide CPR,Wide Upside Breakout,Confirmed,Wide CPR + close above CPR + trend aligned + participation confirmed,0,0,0,0
2026-09-30,2026-09-30,CM,NSE,STK,14732,INE271C01023,DLF,EQ,,,,,DLF LIMITED,665.05,674.0,653.0,674.0,674.0,653.0,,673.99,,,5830044,3855925525.1,102181,F1,1,,,,,,F&O + Cash,Realty,True,675.0,653.0,653.0,660.3333333333334,664.0,656.6666666666667,664.0,656.6666666666667,7.3333333333332575,1.1230219499744651,Wide,Bearish,Above CPR,667.0,663.5,670.5,670.5,663.5,7.0,1.0385756676557862,Wide,False,False,0.75,60,1960634949.4499998,False,False,Lower,True,Risk Off,False,None,17.714285714285722,662.547,637.823,0.41397849462365144,1.9666718305626807,True,True,No setup,0.0,None,None,0,No active J-Curve setup.,Neutral,0,Not applicable,No directional setup; confirmation score not applicable.,Wide CPR,Wide Upside Breakout,Confirmed,Wide CPR + close above CPR + trend aligned + participation confirmed,0,0,0,0
2026-09-30,2026-09-30,CM,NSE,STK,1997,INE115A01026,LICHSGFIN,EQ,,,,,LIC HOUSING FINANCE LTD,555.1,565.0,530.2,530.2,530.2,548.5,,530.21,,,5474497,2975953668.1,63425,F1,1,,,,,,F&O + Cash,Financial Services,True,566.75,548.5,548.5,554.5833333333334,557.625,551.5416666666667,557.625,551.5416666666667,6.0833333333332575,1.109085384381633,Wide,Bearish,Below CPR,541.8000000000001,547.6,536.0000000000001,547.6,536.0000000000001,11.599999999999909,2.1878536401357804,Wide,False,False,0.7333333333333333,60,1052590758.25,False,False,Lower,True,Risk Off,False,None,16.382142857142867,533.474,541.7695,0.3713392922025967,2.8272656251017394,False,False,No setup,0.0,None,None,0,No active J-Curve setup.,Neutral,0,Not applicable,No directional setup; confirmation score not applicable.,Wide CPR,Wide Downside Breakout,Confirmed,Wide CPR + close below CPR + trend aligned + participation confirmed,0,0,0,0
2026-09-30,2026-09-30,CM,NSE,STK,764845,INE035S01028,POEL,EQ,,,,,P O C L ENTERPRISES LTD.,139.89,144.86,136.15,137.42,137.5,139.89,,137.29,,,35690,4975006.24,1690,F1,1,,,,,,Cash Only,Diversified,False,144.91,139.52,139.89,141.44,142.215,140.665,142.215,140.665,1.5500000000000114,1.108013439130754,Wide,Bearish,Below CPR,139.47666666666666,140.505,138.44833333333332,140.505,138.44833333333332,2.056666666666672,1.4966283413379946,Wide,False,False,0.4838709677419355,31,4274487.93,False,False,Lower,True,Risk Off,False,None,6.088571428571421,,,0.25457531675270045,1.1638835625393849,False,False,No setup,0.0,None,None,0,No active J-Curve setup.,Neutral,0,Not applicable,No directional setup; confirmation score not applicable.,Wide CPR,Wide Downside Breakout,Confirmed,Wide CPR + close below CPR + trend aligned + participation confirmed,0,0,0,0
2026-09-30,2026-09-30,CM,NSE,STK,3411,INE670A01012,TATAELXSI,EQ,,,,,TATA ELXSI LIMITED,3150.0,3203.0,3085.0,3088.9,3088.9,3211.7,,3089.5,,,356864,1120898789.0,37533,F1,1,,,,,,F&O + Cash,Information Technology,True,3211.7,3106.1,3211.7,3176.5,3158.8999999999996,3194.1000000000004,3194.1000000000004,3158.8999999999996,35.20000000000073,1.0959927764112691,Wide,Bullish,Below CPR,3125.633333333333,3144.0,3107.2666666666664,3144.0,3107.2666666666664,36.733333333333576,1.1892043553800244,Wide,False,False,0.05,60,745782101.0,True,True,Outside,True,Risk Off,True,None,81.05000000000005,3547.6739999999995,3783.718,0.43429981492906483,1.5029842999677998,False,False,No setup,0.0,None,None,0,No active J-Curve setup.,Neutral,0,Not applicable,No directional setup; confirmation score not applicable.,Wide CPR,Wide Downside Breakout,Confirmed,Wide CPR + close below CPR + trend aligned + participation confirmed,0,0,0,0
2026-09-30,2026-09-30,CM,NSE,STK,21828,INE621L01012,TEXRAIL,EQ,,,,,TEXMACO RAIL & ENG. LTD.,125.75,135.4,125.75,131.73,130.9,125.67,,131.73,,,16021545,2123025045.71,123900,F1,1,,,,,,Cash Only,Railway Wagons,False,126.95,120.28,125.67,124.30000000000001,123.61500000000001,124.98500000000001,124.98500000000001,123.61500000000001,1.3700000000000045,1.0901567597676491,Wide,Bullish,Above CPR,130.96,130.575,131.34500000000003,131.34500000000003,130.575,0.7700000000000387,0.5845289607530848,Moderate,False,False,0.8833333333333333,60,177022495.785,False,False,Lower,True,Risk Off,False,Bullish Virgin,5.335000000000001,112.08619999999999,111.3485,0.2567947516401133,11.992967539495591,True,True,No setup,0.0,None,None,0,No active J-Curve setup.,Neutral,0,Not applicable,No directional setup; confirmation score not applicable.,Wide CPR,Wide Upside Breakout,Confirmed,Wide CPR + close above CPR + trend aligned + participation confirmed,0,0,0,0
2026-09-30,2026-09-30,CM,NSE,STK,758115,INE0J5801029,JSLL,EQ,,,,,JEENA SIKHO LIFECARE LTD,509.45,512.9,494.6,500.8,498.0,509.45,,500.84,,,559788,280017254.4,24240,F1,1,,,,,,Cash Only,Diversified,False,515.85,486.6,509.45,503.9666666666667,501.225,506.70833333333337,506.70833333333337,501.225,5.4833333333333485,1.0763241404128665,Wide,Bullish,Below CPR,502.76666666666665,503.75,501.7833333333333,503.75,501.7833333333333,1.966666666666697,0.3927050053248197,Moderate,False,False,0.26666666666666666,60,220576540.3,False,False,Lower,True,Risk Off,False,None,17.09285714285713,528.948,570.3865,0.32079676835213927,1.2694788576299016,False,False,No setup,0.0,None,None,0,No active J-Curve setup.,Neutral,0,Not applicable,No directional setup; confirmation score not applicable.,Wide CPR,Wide Downside Breakout,Confirmed,Wide CPR + close below CPR + trend aligned + participation confirmed,0,0,-2,-2
2026-09-30,2026-09-30,CM,NSE,STK,4127,INE699B01027,SAMBHAAV,EQ,,,,,SAMBHAAV MEDIA LTD,5.93,6.24,5.56,5.74,5.75,5.92,,5.74,,,155497,905468.17,243,F1,1,,,,,,Cash Only,Diversified,False,6.09,5.56,5.92,5.8566666666666665,5.824999999999999,5.888333333333334,5.888333333333334,5.824999999999999,0.06333333333333435,1.069819819819837,Wide,Bullish,Below CPR,5.846666666666667,5.9,5.793333333333333,5.9,5.793333333333333,0.10666666666666735,1.8583042973286994,Wide,False,False,0.4,60,158919.97,False,False,Lower,True,Risk Off,False,None,0.5107142857142858,6.169,6.3719,0.12400932400932599,5.697636174987951,False,False,No setup,0.0,None,None,0,No active J-Curve setup.,Neutral,0,Not applicable,No directional setup; confirmation score not applicable.,Wide CPR,Wide Downside Breakout,Confirmed,Wide CPR + close below CPR + trend aligned + participation confirmed,0,0,0,0
2026-09-30,2026-09-30,CM,NSE,STK,13367,INE353H01010,SGL,EQ,,,,,STL GLOBAL LIMITED,9.43,9.43,8.42,8.56,8.66,9.35,,8.54,,,84208,726878.99,531,F1,1,,,,,,Cash Only,Diversified,False,9.55,8.85,9.35,9.25,9.2,9.3,9.3,9.2,0.10000000000000142,1.0695187165775553,Wide,Bullish,Below CPR,8.803333333333335,8.925,8.681666666666668,8.925,8.681666666666668,0.2433333333333323,2.8426791277258445,Wide,False,False,0.23333333333333334,60,56170.21,True,True,Inside,True,Risk Off,True,None,0.7635714285714287,9.8184,10.2706,0.1309635173058952,12.940649322835004,False,False,No setup,0.0,None,None,0,No active J-Curve setup.,Neutral,0,Not applicable,No directional setup; confirmation score not applicable.,Wide CPR,Wide Downside Breakout,Confirmed,Wide CPR + close below CPR + trend aligned + participation confirmed,0,0,0,0
2026-09-30,2026-09-30,CM,NSE,STK,703,INE303A01010,DICIND,EQ,,,,,DIC INDIA LIMITED,629.5,645.65,623.05,635.3,638.9,619.95,,635.3,,,5230,3313714.15,335,F1,1,,,,,,Cash Only,Diversified,False,647.65,612.05,619.95,626.55,629.8499999999999,623.25,629.8499999999999,623.25,6.599999999999909,1.0646019840309555,Wide,Bearish,Above CPR,634.6666666666666,634.3499999999999,634.9833333333333,634.9833333333333,634.3499999999999,0.6333333333334394,0.09969043496512506,Narrow,False,False,0.9,60,1554685.475,False,False,Lower,True,Risk Off,False,None,28.935714285714305,575.029,543.999,0.22809182917797746,2.131437003359152,True,True,No setup,0.0,None,None,0,No active J-Curve setup.,Neutral,0,Not applicable,No directional setup; confirmation score not applicable.,Wide CPR,Wide Upside Breakout,Confirmed,Wide CPR + close above CPR + trend aligned + participation confirmed,0,0,0,0
2026-09-30,2026-09-30,CM,NSE,STK,15119,INE532F01054,EDELWEISS,EQ,,,,,EDELWEISS FIN SERV LTD,137.7,144.05,137.7,142.73,144.0,137.77,,142.73,,,10840581,1536300275.67,72085,F1,1,,,,,,Cash Only,Diversified,False,138.43,132.71,137.77,136.3033333333333,135.57,137.03666666666663,137.03666666666663,135.57,1.4666666666666401,1.0645762260772593,Wide,Bullish,Above CPR,141.49333333333334,140.875,142.11166666666668,142.11166666666668,140.875,1.2366666666666788,0.866437796305387,Wide,False,False,0.5,60,457255512.505,False,False,Overlapping,True,Risk Off,False,Bullish Virgin,6.1328571428571435,126.2916,121.7611,0.23914900225172328,3.3598288782865158,True,True,No setup,0.0,None,None,0,No active J-Curve setup.,Neutral,0,Not applicable,No directional setup; confirmation score not applicable.,Wide CPR,Wide Upside Breakout,Confirmed,Wide CPR + close above CPR + trend aligned + participation confirmed,0,0,0,0
2026-09-30,2026-09-30,CM,NSE,STK,19585,INE118H01025,BSE,EQ,,,,,BSE LIMITED,3138.9,3149.0,3075.0,3092.0,3092.0,3200.0,,3092.0,,,6411793,19888486245.1,272876,F1,1,,,,,,F&O + Cash,Financial Services,True,3200.0,3100.0,3200.0,3166.6666666666665,3150.0,3183.333333333333,3183.333333333333,3150.0,33.33333333333303,1.0416666666666572,Wide,Bullish,Below CPR,3105.3333333333335,3112.0,3098.666666666667,3112.0,3098.666666666667,13.33333333333303,0.4312203536006801,Moderate,False,False,0.7166666666666667,60,12591974707.4,False,False,Overlapping,True,Risk Off,False,Bearish Virgin,107.13571428571433,3385.5240000000003,3670.152,0.31113185323465714,1.579457289841284,False,False,No setup,0.0,None,None,0,No active J-Curve setup.,Neutral,0,Not applicable,No directional setup; confirmation score not applicable.,Wide CPR,Wide Downside Breakout,Confirmed,Wide CPR + close below CPR + trend aligned + participation confirmed,0,0,0,0
2026-09-30,2026-09-30,CM,NSE,STK,761056,INE0B9A01018,BONLON,EQ,,,,,BONLON INDUSTRIES LIMITED,41.0,41.9,38.01,40.21,40.56,40.16,,40.23,,,38309,1558903.28,523,F1,1,,,,,,Cash Only,Diversified,False,42.0,39.56,40.16,40.57333333333333,40.78,40.36666666666666,40.78,40.36666666666666,0.4133333333333411,1.0292164674634987,Wide,Bearish,Below CPR,40.04,39.955,40.125,40.125,39.955,0.1700000000000017,0.42278040288485874,Moderate,False,False,0.6,60,222226.805,False,False,Overlapping,True,Risk Off,False,None,2.5421428571428577,40.627399999999994,42.569300000000005,0.16259248852674274,7.014920094810345,False,False,No setup,0.0,None,None,0,No active J-Curve setup.,Neutral,0,Not applicable,No directional setup; confirmation score not applicable.,Wide CPR,Wide Downside Breakout,Confirmed,Wide CPR + close below CPR + trend aligned + participation confirmed,0,0,0,0
2026-09-30,2026-09-30,CM,NSE,STK,3506,INE280A01028,TITAN,EQ,,,,,TITAN COMPANY LIMITED,4683.0,4698.0,4587.0,4587.0,4587.0,4675.0,,4587.0,,,927060,4292462229.5,77841,F1,1,,,,,,F&O + Cash,Consumer Durables,True,4818.5,4675.0,4675.0,4722.833333333333,4746.75,4698.916666666666,4746.75,4698.916666666666,47.83333333333394,1.0231729055258596,Wide,Bearish,Below CPR,4624.0,4642.5,4605.5,4642.5,4605.5,37.0,0.8066274253324613,Wide,False,False,0.7,60,2883615359.6,False,False,Lower,True,Risk Off,False,Bearish Virgin,89.71428571428571,4954.08,4627.209,0.5331740976645504,1.48856962327161,False,False,No setup,0.0,None,None,0,No active J-Curve setup.,Neutral,0,Not applicable,No directional setup; confirmation score not applicable.,Wide CPR,Wide Downside Breakout,Confirmed,Wide CPR + close below CPR + trend aligned + participation confirmed,0,0,0,0
2026-09-30,2026-09-30,CM,NSE,STK,11966,INE00E101023,BIKAJI,EQ,,,,,BIKAJI FOODS INTERN LTD,530.0,543.0,516.0,521.8,518.7,531.15,,521.79,,,174430,92134166.5,13075,F1,1,,,,,,Cash Only,Fast Moving Consumer Goods,True,554.9,523.6,531.15,536.5500000000001,539.25,533.8500000000001,539.25,533.8500000000001,5.399999999999864,1.0166619598983082,Wide,Bearish,Below CPR,526.9333333333333,529.5,524.3666666666666,529.5,524.3666666666666,5.133333333333439,0.9837741152421311,Wide,False,False,0.7666666666666667,60,54699769.375,False,False,Lower,True,Risk Off,False,None,23.057142857142853,602.12,628.239,0.2342007434944179,1.684361150928527,False,False,No setup,0.0,None,None,0,No active J-Curve setup.,Neutral,0,Not applicable,No directional setup; confirmation score not applicable.,Wide CPR,Wide Downside Breakout,Confirmed,Wide CPR + close below CPR + trend aligned + participation confirmed,0,0,0,0
2026-09-30,2026-09-30,CM,NSE,STK,8311,INE472A01039,BLUESTARCO,EQ,,,,,BLUE STAR LIMITED,1525.0,1541.1,1502.1,1518.0,1518.0,1529.5,,1518.0,,,615606,935100431.4,30048,F1,1,,,,,,F&O + Cash,Consumer Durables,True,1578.5,1526.9,1529.5,1544.9666666666665,1552.7,1537.233333333333,1552.7,1537.233333333333,15.466666666667152,1.0112237114525762,Wide,Bearish,Below CPR,1520.3999999999999,1521.6,1519.1999999999998,1521.6,1519.1999999999998,2.400000000000091,0.15810276679842494,Narrow,False,False,0.06666666666666667,60,627750404.9,True,True,Inside,True,Risk Off,True,None,51.76428571428572,1548.01,1593.2020000000002,0.2987903040338624,1.489605461184785,False,False,No setup,0.0,None,None,0,No active J-Curve setup.,Neutral,0,Not applicable,No directional setup; confirmation score not applicable.,Wide CPR,Wide Downside Breakout,Confirmed,Wide CPR + close below CPR + trend aligned + participation confirmed,0,0,0,0
2026-09-30,2026-09-30,CM,NSE,STK,1515,INE383A01012,INDIACEM,EQ,,,,,THE INDIA CEMENTS LIMITED,301.1,309.9,300.15,301.85,301.0,303.7,,301.86,,,337561,102563945.2,17034,F1,1,,,,,,Cash Only,Construction Materials,True,314.55,302.05,303.7,306.76666666666665,308.3,305.2333333333333,308.3,305.2333333333333,3.0666666666667197,1.0097684118099177,Wide,Bearish,Below CPR,303.96666666666664,305.025,302.9083333333333,305.025,302.9083333333333,2.1166666666666742,0.7012312958975233,Moderate,False,False,1.0,60,45927739.5,False,False,Lower,True,Risk Off,False,None,11.024999999999993,368.64099999999996,378.301,0.2781557067271403,2.233159008402754,False,False,No setup,0.0,None,None,0,No active J-Curve setup.,Neutral,0,Not applicable,No directional setup; confirmation score not applicable.,Wide CPR,Wide Downside Breakout,Confirmed,Wide CPR + close below CPR + trend aligned + participation confirmed,0,0,0,0
2026-09-30,2026-09-30,CM,NSE,STK,760726,INE05XR01022,BHARATCOAL,EQ,,,,,BHARAT COKING COAL LTD,33.49,33.55,32.45,32.8,32.6,33.5,,32.8,,,4485549,147911776.79,15751,F1,1,,,,,,Cash Only,Diversified,False,33.67,32.32,33.5,33.163333333333334,32.995000000000005,33.33166666666666,33.33166666666666,32.995000000000005,0.3366666666666589,1.0049751243780862,Wide,Bullish,Below CPR,32.93333333333333,33.0,32.86666666666666,33.0,32.86666666666666,0.13333333333333997,0.40650406504067066,Moderate,False,False,0.9333333333333333,60,146333951.35,False,False,Higher,True,Risk Off,False,None,0.7921428571428581,33.7298,35.9332,0.4250075142771162,1.010782360658233,False,False,No setup,0.0,None,None,0,No active J-Curve setup.,Neutral,0,Not applicable,No directional setup; confirmation score not applicable.,Wide CPR,Wide Downside Breakout,Confirmed,Wide CPR + close below CPR + trend aligned + participation confirmed,0,0,0,0
2026-09-30,2026-09-30,CM,NSE,STK,27334,INE877V01027,SURAKSHA,EQ,,,,,SURAKSHA DIAGNOSTIC LTD,356.0,357.6,350.1,355.4,355.0,355.05,,355.4,,,121095,42919196.95,4336,F1,1,,,,,,Cash Only,Diversified,False,359.4,340.0,355.05,351.48333333333335,349.7,353.2666666666667,353.2666666666667,349.7,3.5666666666667197,1.0045533492935417,Wide,Bullish,Above CPR,354.3666666666666,353.85,354.8833333333332,354.8833333333332,353.85,1.0333333333331893,0.29075220408924857,Moderate,False,False,0.8166666666666667,60,23868229.375,False,False,Higher,True,Risk Off,False,None,15.578571428571431,305.83299999999997,292.5195,0.22894696622344826,1.7981726367584818,True,True,No setup,0.0,None,None,0,No active J-Curve setup.,Neutral,0,Not applicable,No directional setup; confirmation score not applicable.,Wide CPR,Wide Upside Breakout,Confirmed,Wide CPR + close above CPR + trend aligned + participation confirmed,0,0,0,0
2026-09-30,2026-09-30,CM,NSE,STK,20956,INE0Q3R01026,SUNCLAY,EQ,,,,,SUNDARAM CLAYTON LIMITED,1239.7,1249.2,1225.0,1228.9,1228.0,1231.5,,1228.9,,,4681,5760485.0,388,F1,1,,,,,,Cash Only,Diversified,False,1272.0,1228.0,1231.5,1243.8333333333333,1250.0,1237.6666666666665,1250.0,1237.6666666666665,12.333333333333485,1.0014886994180663,Wide,Bearish,Below CPR,1234.3666666666666,1237.1,1231.6333333333332,1237.1,1231.6333333333332,5.466666666666697,0.4448422708655461,Moderate,False,False,0.6833333333333333,60,5440160.9,False,False,Overlapping,True,Risk Off,False,None,37.82142857142857,1275.338,1317.57,0.3260937991816219,1.0588813650713897,False,False,No setup,0.0,None,None,0,No active J-Curve setup.,Neutral,0,Not applicable,No directional setup; confirmation score not applicable.,Wide CPR,Wide Downside Breakout,Confirmed,Wide CPR + close below CPR + trend aligned + participation confirmed,0,0,0,0
2026-09-30,2026-09-30,CM,NSE,STK,4920,INE642Y01029,HINDCON,EQ,,,,,HINDCON CHEMICALS LIMITED,34.95,35.05,33.81,35.05,35.05,33.39,,35.05,,,296482,10336052.2,693,F1,1,,,,,,Cash Only,Diversified,False,33.39,32.4,33.39,33.059999999999995,32.894999999999996,33.224999999999994,33.224999999999994,32.894999999999996,0.3299999999999983,0.9883198562443793,Wide,Bullish,Above CPR,34.63666666666666,34.43,34.84333333333333,34.84333333333333,34.43,0.4133333333333269,1.1792677127912323,Wide,False,False,0.23333333333333334,60,772322.91,False,False,Higher,True,Risk Off,True,Bullish Virgin,1.707857142857143,23.665800000000004,22.0416,0.1932245922208271,13.383070819432248,True,True,No setup,0.0,None,None,0,No active J-Curve setup.,Neutral,0,Not applicable,No directional setup; confirmation score not applicable.,Wide CPR,Wide Upside Breakout,Confirmed,Wide CPR + close above CPR + trend aligned + participation confirmed,0,0,0,0
2026-09-30,2026-09-30,CM,NSE,STK,760224,INE14UN01029,VIDYAWIRES,EQ,,,,,VIDYA WIRES LIMITED,94.23,96.9,93.42,94.41,93.75,93.54,,94.4,,,1597875,152287890.72,13582,F1,1,,,,,,Cash Only,Diversified,False,94.9,89.41,93.54,92.61666666666667,92.155,93.07833333333335,93.07833333333335,92.155,0.9233333333333462,0.987099992872938,Wide,Bullish,Above CPR,94.91000000000001,95.16,94.66000000000003,95.16,94.66000000000003,0.4999999999999716,0.5296049147335786,Moderate,False,False,0.8666666666666667,60,70385533.85,False,False,Higher,True,Risk Off,False,Bullish Virgin,3.6857142857142855,89.49600000000001,93.4218,0.2505167958656366,2.1636248585475495,True,True,No setup,0.0,None,None,0,No active J-Curve setup.,Neutral,0,Not applicable,No directional setup; confirmation score not applicable.,Wide CPR,Wide Upside Breakout,Confirmed,Wide CPR + close above CPR + trend aligned + participation confirmed,0,0,0,0
2026-09-30,2026-09-30,CM,NSE,STK,17364,INE410B01037,VINATIORGA,EQ,,,,,VINATI ORGANICS LTD,1182.0,1192.8,1165.0,1168.3,1173.9,1174.3,,1168.35,,,45076,52952551.1,6155,F1,1,,,,,,Cash Only,Specialty Chemicals,False,1210.9,1172.4,1174.3,1185.8666666666668,1191.65,1180.0833333333335,1191.65,1180.0833333333335,11.566666666666606,0.984983962076693,Wide,Bearish,Below CPR,1175.3666666666668,1178.9,1171.8333333333335,1178.9,1171.8333333333335,7.066666666666606,0.6048674712545242,Moderate,False,False,0.75,60,49707129.9,False,False,Lower,True,Risk Off,False,None,31.385714285714293,1298.76,1313.219,0.3685328478227866,1.0652908588069576,False,False,No setup,0.0,None,None,0,No active J-Curve setup.,Neutral,0,Not applicable,No directional setup; confirmation score not applicable.,Wide CPR,Wide Downside Breakout,Confirmed,Wide CPR + close below CPR + trend aligned + participation confirmed,0,0,0,0
2026-09-30,2026-09-30,CM,NSE,STK,19813,INE0J5401028,HONASA,EQ,,,,,HONASA CONSUMER LIMITED,441.65,447.05,426.05,431.35,430.1,441.65,,431.35,,,1589113,689837048.4,43359,F1,1,,,,,,Cash Only,Fast Moving Consumer Goods,True,457.05,439.3,441.65,446.0,448.175,443.825,448.175,443.825,4.350000000000023,0.9849428280312517,Wide,Bearish,Below CPR,434.81666666666666,436.55,433.0833333333333,436.55,433.0833333333333,3.466666666666697,0.8036783740968347,Wide,False,False,0.8333333333333334,60,347134072.725,False,False,Lower,True,Risk Off,False,None,16.724999999999994,469.033,442.59299999999996,0.2600896860986562,1.9872351998891495,False,False,No setup,0.0,None,None,0,No active J-Curve setup.,Neutral,0,Not applicable,No directional setup; confirmation score not applicable.,Wide CPR,Wide Downside Breakout,Confirmed,Wide CPR + close below CPR + trend aligned + participation confirmed,0,0,0,0
2026-09-30,2026-09-30,CM,NSE,STK,4204,INE775A01035,MOTHERSON,EQ,,,,,SAMVRDHNA MTHRSN INTL LTD,160.35,164.1,160.35,163.26,163.26,158.56,,163.26,,,15307995,2489471824.82,71984,F1,1,,,,,,F&O + Cash,Automobile and Auto Components,True,163.24,158.56,158.56,160.12,160.9,159.34,160.9,159.34,1.5600000000000023,0.983854692230072,Wide,Bearish,Above CPR,162.57,162.225,162.915,162.915,162.225,0.6899999999999977,0.4226387357589108,Moderate,False,False,0.6333333333333333,60,2043330643.525,False,False,Lower,True,Risk Off,False,None,3.9664285714285676,160.8974,151.0034,0.3933009184224753,1.2183401803857603,True,True,No setup,0.0,None,None,0,No active J-Curve setup.,Neutral,0,Not applicable,No directional setup; confirmation score not applicable.,Wide CPR,Wide Upside Breakout,Confirmed,Wide CPR + close above CPR + trend aligned + participation confirmed,0,0,0,0
2026-09-30,2026-09-30,CM,NSE,STK,9581,INE112L01020,METROPOLIS,EQ,,,,,METROPOLIS HEALTHCARE LTD,560.0,561.25,536.65,541.7,540.0,562.3,,541.7,,,572003,311593240.65,32010,F1,1,,,,,,Cash Only,Diversified,False,580.85,560.2,562.3,567.7833333333334,570.5250000000001,565.0416666666667,570.5250000000001,565.0416666666667,5.4833333333333485,0.9751615389175439,Wide,Bearish,Below CPR,546.5333333333334,548.95,544.1166666666668,548.95,544.1166666666668,4.8333333333332575,0.8922527844440201,Wide,False,False,0.4166666666666667,60,113639590.575,False,False,Lower,True,Risk Off,False,Bearish Virgin,17.342857142857138,575.596,559.2705000000001,0.3161724327292706,2.7419426546099204,False,False,No setup,0.0,None,None,0,No active J-Curve setup.,Neutral,0,Not applicable,No directional setup; confirmation score not applicable.,Wide CPR,Wide Downside Breakout,Confirmed,Wide CPR + close below CPR + trend aligned + participation confirmed,0,0,0,0
2026-09-30,2026-09-30,CM,NSE,STK,24932,INE0URU01010,GLOBALE,EQ,,,,,GLOBALE TESSILE LIMITED,10.64,11.15,10.11,10.31,10.15,10.64,,10.31,,,16320,169202.3,48,F1,1,,,,,,Cash Only,Diversified,False,11.32,10.27,10.64,10.743333333333334,10.795,10.691666666666668,10.795,10.691666666666668,0.10333333333333172,0.9711779448621403,Wide,Bearish,Below CPR,10.523333333333333,10.629999999999999,10.416666666666668,10.629999999999999,10.416666666666668,0.21333333333333115,2.0691884901390023,Wide,False,False,0.6166666666666667,60,54715.545,False,False,Overlapping,True,Risk Off,False,None,0.7342857142857145,11.7296,11.4262,0.1407263294422805,3.09239906136364,False,False,No setup,0.0,None,None,0,No active J-Curve setup.,Neutral,0,Not applicable,No directional setup; confirmation score not applicable.,Wide CPR,Wide Downside Breakout,Confirmed,Wide CPR + close below CPR + trend aligned + participation confirmed,0,0,0,0
2026-09-30,2026-09-30,CM,NSE,STK,28960,INE0U3I01011,UNIMECH,EQ,,,,,UNIMECH AEROSPACE N MFG L,1721.0,1753.9,1705.1,1724.0,1727.9,1675.0,,1723.91,,,274093,474451431.3,31905,F1,1,,,,,,Cash Only,Diversified,False,1710.0,1591.6,1675.0,1658.8666666666668,1650.8,1666.9333333333336,1666.9333333333336,1650.8,16.133333333333667,0.9631840796020099,Wide,Bullish,Above CPR,1727.6666666666667,1729.5,1725.8333333333335,1729.5,1725.8333333333335,3.666666666666515,0.21268368136116678,Narrow,False,False,0.7333333333333333,60,242052601.0,False,False,Lower,True,Risk Off,False,Bullish Virgin,94.21428571428571,1463.754,1277.5014999999999,0.17124083901946274,1.9601170544744528,True,True,No setup,0.0,None,None,0,No active J-Curve setup.,Neutral,0,Not applicable,No directional setup; confirmation score not applicable.,Wide CPR,Wide Upside Breakout,Confirmed,Wide CPR + close above CPR + trend aligned + participation confirmed,0,0,0,0
2026-09-30,2026-09-30,CM,NSE,STK,13662,INE916G01016,GEECEE,BE,,,,,GEECEE VENTURES LIMITED,376.05,384.95,365.0,374.2,374.5,375.65,,374.2,,,3606,1351930.95,53,F1,1,,,,,,Cash Only,Diversified,False,379.5,361.0,375.65,372.05,370.25,373.85,373.85,370.25,3.6000000000000227,0.9583388792759279,Wide,Bullish,Above CPR,374.7166666666667,374.975,374.45833333333337,374.975,374.45833333333337,0.5166666666666515,0.13807233208622435,Narrow,False,False,0.95,60,1099628.375,False,False,Higher,True,Risk Off,False,None,17.224999999999994,347.599,314.8056,0.20899854862119152,1.2294434926708762,True,True,No setup,0.0,None,None,0,No active J-Curve setup.,Neutral,0,Not applicable,No directional setup; confirmation score not applicable.,Wide CPR,Wide Upside Breakout,Confirmed,Wide CPR + close above CPR + trend aligned + participation confirmed,0,0,0,0
2026-09-30,2026-09-30,CM,NSE,STK,24735,INE912T01018,RPEL,EQ,,,,,RAGHAV PRODUCTIVITY ENH L,1737.8,1824.0,1731.0,1809.0,1810.0,1718.1,,1809.03,,,153483,275118068.3,18267,F1,1,,,,,,Cash Only,Diversified,False,1722.1,1665.0,1718.1,1701.7333333333333,1693.55,1709.9166666666667,1709.9166666666667,1693.55,16.366666666666788,0.9526026812564339,Wide,Bullish,Above CPR,1788.0,1777.5,1798.5,1798.5,1777.5,21.0,1.1608623548922055,Wide,False,False,0.2833333333333333,60,98913995.65,False,False,Outside,True,Risk Off,False,Bullish Virgin,101.82142857142857,1538.254,1319.8329999999999,0.16073892201566822,2.781386663152152,True,True,No setup,0.0,None,None,0,No active J-Curve setup.,Neutral,0,Not applicable,No directional setup; confirmation score not applicable.,Wide CPR,Wide Upside Breakout,Confirmed,Wide CPR + close above CPR + trend aligned + participation confirmed,0,0,0,0
2026-09-30,2026-09-30,CM,NSE,STK,766051,INE241U01028,MPIMANIPAL,EQ,,,,,MANIPAL PAYMENT & IDE S L,425.05,438.8,400.15,409.15,406.0,417.4,,409.2,,,3225179,1365380442.75,73724,F1,1,,,,,,Cash Only,Diversified,False,458.0,388.7,417.4,421.3666666666666,423.35,419.3833333333332,423.35,419.3833333333332,3.9666666666668107,0.9503274237342624,Wide,Bearish,Below CPR,416.0333333333333,419.475,412.5916666666666,419.475,412.5916666666666,6.883333333333439,1.6823495865412295,Wide,False,False,1.0,9,583080728.5,False,False,Higher,False,Risk Off,False,None,,,,,2.341666215349801,False,False,No setup,0.0,None,None,0,No active J-Curve setup.,Neutral,0,Not applicable,No directional setup; confirmation score not applicable.,Wide CPR,Wide Downside Breakout,Confirmed,Wide CPR + close below CPR + trend aligned + participation confirmed,0,0,0,0
2026-09-30,2026-09-30,CM,NSE,STK,21154,INE406M01024,ERIS,EQ,,,,,ERIS LIFESCIENCES LIMITED,1225.3,1226.3,1180.8,1191.9,1182.3,1219.3,,1191.85,,,97144,116363918.4,12534,F1,1,,,,,,Cash Only,Healthcare,True,1293.0,1180.1,1219.3,1230.8,1236.55,1225.05,1236.55,1225.05,11.5,0.9431641105552366,Wide,Bearish,Below CPR,1199.6666666666667,1203.55,1195.7833333333335,1203.55,1195.7833333333335,7.766666666666424,0.6516206616886,Moderate,False,False,0.9,60,84515192.95,False,False,Lower,True,Risk Off,False,None,42.15000000000008,1339.616,1372.2279999999998,0.27283511269276345,1.3768402382852278,False,False,No setup,0.0,None,None,0,No active J-Curve setup.,Neutral,0,Not applicable,No directional setup; confirmation score not applicable.,Wide CPR,Wide Downside Breakout,Confirmed,Wide CPR + close below CPR + trend aligned + participation confirmed,0,0,0,0
2026-09-30,2026-09-30,CM,NSE,STK,20152,INE491J01022,ASKAUTOLTD,EQ,,,,,ASK AUTOMOTIVE LIMITED,621.95,652.2,614.75,640.1,634.0,619.85,,640.12,,,479507,305717941.2,25467,F1,1,,,,,,Cash Only,Automobile & Ancillary,False,646.2,611.0,619.85,625.6833333333334,628.6,622.7666666666668,628.6,622.7666666666668,5.8333333333332575,0.9410878976096245,Wide,Bearish,Above CPR,635.6833333333334,633.475,637.8916666666668,637.8916666666668,633.475,4.4166666666667425,0.689996354736251,Moderate,False,False,0.03333333333333333,60,174766697.225,True,True,Lower,True,Risk Off,True,None,26.55714285714286,609.42,531.411,0.21965214272906292,1.749291747537057,True,True,No setup,0.0,None,None,0,No active J-Curve setup.,Neutral,0,Not applicable,No directional setup; confirmation score not applicable.,Wide CPR,Wide Upside Breakout,Confirmed,Wide CPR + close above CPR + trend aligned + participation confirmed,0,0,0,0
2026-09-30,2026-09-30,CM,NSE,STK,28952,INE741L01018,DUCON,EQ,,,,,DUCON INFRATECHNOLOGIES L,1.37,1.43,1.35,1.36,1.37,1.42,,1.36,,,3809077,5246865.93,1057,F1,1,,,,,,Cash Only,Diversified,False,1.46,1.42,1.42,1.4333333333333333,1.44,1.4266666666666667,1.44,1.4266666666666667,0.013333333333333197,0.9389671361502252,Wide,Bearish,Below CPR,1.3800000000000001,1.3900000000000001,1.37,1.3900000000000001,1.37,0.020000000000000018,1.4705882352941189,Wide,False,False,0.75,60,2347192.675,False,False,Lower,True,Risk Off,False,None,0.14000000000000004,2.4316,2.8480000000000003,0.09523809523809423,2.235379304768834,False,False,No setup,0.0,None,None,0,No active J-Curve setup.,Neutral,0,Not applicable,No directional setup; confirmation score not applicable.,Wide CPR,Wide Downside Breakout,Confirmed,Wide CPR + close below CPR + trend aligned + participation confirmed,0,0,0,0
2026-09-30,2026-09-30,CM,NSE,STK,4067,INE196A01026,MARICO,EQ,,,,,MARICO LIMITED,789.85,799.25,786.0,786.0,786.0,787.15,,786.0,,,2455494,1944652945.5,43893,F1,1,,,,,,F&O + Cash,Fast Moving Consumer Goods,True,809.1,787.15,787.15,794.4666666666667,798.125,790.8083333333334,798.125,790.8083333333334,7.316666666666606,0.9295136462766443,Wide,Bearish,Below CPR,790.4166666666666,792.625,788.2083333333333,792.625,788.2083333333333,4.4166666666667425,0.5619168787107814,Moderate,False,False,0.4666666666666667,60,1230270684.45,False,False,Lower,True,Risk Off,False,None,16.699999999999996,840.15,834.9495,0.43812375249500646,1.5806707987757742,False,False,No setup,0.0,None,None,0,No active J-Curve setup.,Neutral,0,Not applicable,No directional setup; confirmation score not applicable.,Wide CPR,Wide Downside Breakout,Confirmed,Wide CPR + close below CPR + trend aligned + participation confirmed,0,0,0,0
2026-09-30,2026-09-30,CM,NSE,STK,19223,INE586V01016,TCIEXP,EQ,,,,,TCI EXPRESS LIMITED,533.1,552.0,508.6,521.65,509.35,531.85,,521.44,,,794380,424337181.55,26171,F1,1,,,,,,Cash Only,Logistics,False,583.2,495.25,531.85,536.7666666666668,539.225,534.3083333333335,539.225,534.3083333333335,4.916666666666515,0.9244461157594275,Wide,Bearish,Below CPR,527.4166666666666,530.3,524.5333333333333,530.3,524.5333333333333,5.7666666666666515,1.1054666283267809,Wide,False,False,0.7166666666666667,60,18282150.025,False,False,Higher,True,Risk Off,False,None,24.346428571428582,539.4540000000001,533.6389999999999,0.20194611510438956,23.21046381140831,False,False,No setup,0.0,None,None,0,No active J-Curve setup.,Neutral,0,Not applicable,No directional setup; confirmation score not applicable.,Wide CPR,Wide Downside Breakout,Confirmed,Wide CPR + close below CPR + trend aligned + participation confirmed,0,0,0,0
2026-09-30,2026-09-30,CM,NSE,STK,10793,INE0DYJ01015,SYRMA,EQ,,,,,SYRMA SGS TECHNOLOGY LTD,1686.0,1820.0,1686.0,1782.9,1785.5,1692.6,,1782.86,,,3788979,6745343101.1,174596,F1,1,,,,,,Cash Only,Capital Goods,True,1746.4,1685.0,1692.6,1708.0,1715.7,1700.3,1715.7,1700.3,15.400000000000091,0.9098428453267218,Wide,Bearish,Above CPR,1762.9666666666665,1753.0,1772.933333333333,1772.933333333333,1753.0,19.93333333333294,1.1180286798661134,Wide,False,False,0.26666666666666666,60,1437215086.9,True,True,Lower,True,Risk Off,False,None,77.40000000000006,1500.444,1372.7265,0.19896640826873485,4.6933428145743745,True,True,No setup,0.0,None,None,0,No active J-Curve setup.,Neutral,0,Not applicable,No directional setup; confirmation score not applicable.,Wide CPR,Wide Upside Breakout,Confirmed,Wide CPR + close above CPR + trend aligned + participation confirmed,0,0,0,0
2026-09-30,2026-09-30,CM,NSE,STK,764728,INE354A01013,JENBURPH,EQ,,,,,JENBURKT PHARMACEUTICAL L,930.0,944.0,911.2,914.6,912.5,924.0,,915.33,,,2329,2143703.3,121,F1,1,,,,,,Cash Only,Diversified,False,954.0,919.1,924.0,932.3666666666667,936.55,928.1833333333334,936.55,928.1833333333334,8.36666666666656,0.905483405483394,Wide,Bearish,Below CPR,923.2666666666668,927.6,918.9333333333335,927.6,918.9333333333335,8.666666666666515,0.9475909322836775,Wide,False,False,0.8064516129032258,31,1202221.2,False,False,Lower,True,Risk Off,False,None,37.878571428571426,,,0.22088126217863824,1.7831188636500503,False,False,No setup,0.0,None,None,0,No active J-Curve setup.,Neutral,0,Not applicable,No directional setup; confirmation score not applicable.,Wide CPR,Wide Downside Breakout,Confirmed,Wide CPR + close below CPR + trend aligned + participation confirmed,0,0,0,0
2026-09-30,2026-09-30,CM,NSE,STK,762971,INE731F01037,WELSPLSOL,EQ,,,,,WELSPUN SPECIALTY SOL L,53.08,56.75,53.08,53.98,53.88,52.69,,53.98,,,999336,55053204.48,7559,F1,1,,,,,,Cash Only,Diversified,False,54.46,52.35,52.69,53.166666666666664,53.405,52.92833333333333,53.405,52.92833333333333,0.4766666666666737,0.9046624913013356,Wide,Bearish,Above CPR,54.60333333333333,54.915,54.291666666666664,54.915,54.291666666666664,0.6233333333333348,1.154748672347786,Wide,False,False,0.5333333333333333,60,26044881.845,False,False,Lower,True,Risk Off,False,None,2.7814285714285716,52.348200000000006,51.2017,0.1713747645951061,2.11378207847654,True,True,No setup,0.0,None,None,0,No active J-Curve setup.,Neutral,0,Not applicable,No directional setup; confirmation score not applicable.,Wide CPR,Wide Upside Breakout,Confirmed,Wide CPR + close above CPR + trend aligned + participation confirmed,0,0,0,0
2026-09-30,2026-09-30,CM,NSE,STK,759605,INE956O01016,LENSKART,EQ,,,,,LENSKART SOLUTIONS LTD,684.35,698.1,672.4,685.05,683.0,674.6,,685.07,,,6800271,4685025308.95,150088,F1,1,,,,,,Cash Only,Consumer Services,True,682.6,648.3,674.6,668.5,665.45,671.55,671.55,665.45,6.099999999999909,0.9042395493625717,Wide,Bullish,Above CPR,685.1833333333334,685.25,685.1166666666668,685.25,685.1166666666668,0.13333333333321207,0.019463299515832724,Narrow,False,False,0.9666666666666667,60,3410097260.2,False,False,Lower,True,Risk Off,False,Bullish Virgin,22.871428571428584,631.586,571.9145000000001,0.26670830730792844,1.3738685296838795,True,True,No setup,0.0,None,None,0,No active J-Curve setup.,Neutral,0,Not applicable,No directional setup; confirmation score not applicable.,Wide CPR,Wide Upside Breakout,Confirmed,Wide CPR + close above CPR + trend aligned + participation confirmed,0,0,0,0
2026-09-30,2026-09-30,CM,NSE,STK,2664,INE318A01026,PIDILITIND,EQ,,,,,PIDILITE INDUSTRIES LTD,1481.0,1496.9,1465.1,1465.1,1465.1,1461.0,,1465.11,,,940925,1390722018.5,44978,F1,1,,,,,,F&O + Cash,Chemicals,True,1500.4,1461.0,1461.0,1474.1333333333332,1480.7,1467.5666666666664,1480.7,1467.5666666666664,13.133333333333667,0.8989276751083961,Wide,Bearish,Below CPR,1475.7,1481.0,1470.4,1481.0,1470.4,10.599999999999909,0.7235001023820838,Moderate,False,False,0.4,60,1170451878.7,False,False,Lower,True,Risk Off,False,None,34.31428571428574,1615.164,1571.3340000000003,0.3827366083819134,1.188192392877057,False,False,No setup,0.0,None,None,0,No active J-Curve setup.,Neutral,0,Not applicable,No directional setup; confirmation score not applicable.,Wide CPR,Wide Downside Breakout,Confirmed,Wide CPR + close below CPR + trend aligned + participation confirmed,0,0,0,0
2026-09-30,2026-09-30,CM,NSE,STK,9599,INE148O01028,DELHIVERY,EQ,,,,,DELHIVERY LIMITED,418.35,418.35,400.35,409.7,409.7,417.4,,409.7,,,5573038,2272971338.35,95243,F1,1,,,,,,F&O + Cash,Services,True,418.3,405.25,417.4,413.6499999999999,411.775,415.52499999999986,415.52499999999986,411.775,3.7499999999998863,0.8984187829419948,Wide,Bullish,Below CPR,409.4666666666667,409.35,409.58333333333337,409.58333333333337,409.35,0.2333333333333485,0.05695224147750756,Narrow,False,False,0.8666666666666667,60,1282165855.875,False,False,Lower,True,Risk Off,False,None,11.607142857142852,453.975,462.3215,0.32307692307691344,1.7727592167074482,False,False,No setup,0.0,None,None,0,No active J-Curve setup.,Neutral,0,Not applicable,No directional setup; confirmation score not applicable.,Wide CPR,Wide Downside Breakout,Confirmed,Wide CPR + close below CPR + trend aligned + participation confirmed,0,0,0,0
2026-09-30,2026-09-30,CM,NSE,STK,11987,INE483B01026,ICIL,EQ,,,,,INDO COUNT INDUSTRIES LTD,437.0,464.0,437.0,460.4,463.0,434.95,,460.41,,,1020870,467345265.9,28781,F1,1,,,,,,Cash Only,Diversified,False,448.55,433.0,434.95,438.8333333333333,440.775,436.89166666666665,440.775,436.89166666666665,3.8833333333333258,0.8928229298386772,Wide,Bearish,Above CPR,453.8,450.5,457.1,457.1,450.5,6.600000000000023,1.433536055603828,Wide,False,False,0.03333333333333333,60,175717672.75,True,True,Lower,True,Risk Off,True,None,21.71785714285715,427.52200000000005,393.633,0.178808310036726,2.6596372384518734,True,True,No setup,0.0,None,None,0,No active J-Curve setup.,Neutral,0,Not applicable,No directional setup; confirmation score not applicable.,Wide CPR,Wide Upside Breakout,Confirmed,Wide CPR + close above CPR + trend aligned + participation confirmed,0,0,0,0
2026-09-30,2026-09-30,CM,NSE,STK,2088,INE271B01025,MAHSEAMLES,EQ,,,,,MAHARASHTRA SEAMLESS LTD,725.0,768.0,721.95,737.65,737.0,721.85,,737.67,,,1572414,1180994215.15,72964,F1,1,,,,,,Cash Only,Diversified,False,726.65,698.0,721.85,715.5,712.325,718.675,718.675,712.325,6.349999999999909,0.8796841449054387,Wide,Bullish,Above CPR,742.5333333333333,744.975,740.0916666666666,744.975,740.0916666666666,4.883333333333439,0.6620122460968535,Moderate,False,False,0.5,60,102071225.975,False,False,Overlapping,True,Risk Off,False,Bullish Virgin,27.84642857142857,640.692,629.465,0.22803642426573997,11.57029519209711,True,True,No setup,0.0,None,None,0,No active J-Curve setup.,Neutral,0,Not applicable,No directional setup; confirmation score not applicable.,Wide CPR,Wide Upside Breakout,Confirmed,Wide CPR + close above CPR + trend aligned + participation confirmed,0,0,0,0
2026-09-30,2026-09-30,CM,NSE,STK,3021,INE035D01020,SOTL,EQ,,,,,SAVITA OIL TECHNOLO. LTD,860.4,860.4,711.4,718.8,715.0,717.0,,718.81,,,2590903,1979298183.05,85063,F1,1,,,,,,Cash Only,Diversified,False,721.0,694.1,717.0,710.6999999999999,707.55,713.8499999999999,713.8499999999999,707.55,6.2999999999999545,0.8786610878661024,Wide,Bullish,Above CPR,763.5333333333333,785.9,741.1666666666666,785.9,741.1666666666666,44.73333333333335,6.22333518827676,Wide,False,False,0.23333333333333334,60,167804760.55,True,False,Lower,True,Risk Off,True,None,29.792857142857162,687.9639999999999,602.3735,0.2114600815152225,11.795244524425978,True,True,No setup,0.0,None,None,0,No active J-Curve setup.,Neutral,0,Not applicable,No directional setup; confirmation score not applicable.,Wide CPR,Wide Upside Breakout,Confirmed,Wide CPR + close above CPR + trend aligned + participation confirmed,0,0,0,0
2026-09-30,2026-09-30,CM,NSE,STK,11841,INE717A01029,KENNAMET,EQ,,,,,KENNAMETAL INDIA LIMITED,4079.0,4170.0,3958.1,4131.0,4130.0,4039.6,,4131.06,,,116894,476482800.6,18904,F1,1,,,,,,Cash Only,Diversified,False,4172.9,4012.5,4039.6,4075.0,4092.7,4057.3,4092.7,4057.3,35.399999999999636,0.8763243885533132,Wide,Bearish,Above CPR,4086.366666666667,4064.05,4108.683333333333,4108.683333333333,4064.05,44.63333333333321,1.0804486403614915,Wide,False,False,0.5833333333333334,60,106809796.44999999,False,False,Lower,True,Risk Off,False,None,249.62857142857138,3833.63,3375.5840000000003,0.14181069016824854,4.461040245714279,True,True,No setup,0.0,None,None,0,No active J-Curve setup.,Neutral,0,Not applicable,No directional setup; confirmation score not applicable.,Wide CPR,Wide Upside Breakout,Confirmed,Wide CPR + close above CPR + trend aligned + participation confirmed,0,0,0,0
2026-09-30,2026-09-30,CM,NSE,STK,18727,INE885F01015,MASKINVEST,EQ,,,,,MASK INVESTMENTS LIMITED,154.0,154.0,142.0,150.95,152.8,147.18,,150.95,,,468,67599.92,28,F1,1,,,,,,Cash Only,Diversified,False,148.79,141.71,147.18,145.89333333333335,145.25,146.5366666666667,146.5366666666667,145.25,1.2866666666666902,0.8742129818363161,Wide,Bullish,Above CPR,148.98333333333332,148.0,149.96666666666664,149.96666666666664,148.0,1.9666666666666401,1.3028596665562375,Wide,False,False,0.2711864406779661,60,21267.385000000002,True,True,Higher,True,Risk Off,False,None,9.590714285714283,144.7332,145.80020000000002,0.13415754325861076,3.1785722598241386,True,True,No setup,0.0,None,None,0,No active J-Curve setup.,Neutral,0,Not applicable,No directional setup; confirmation score not applicable.,Wide CPR,Wide Upside Breakout,Confirmed,Wide CPR + close above CPR + trend aligned + participation confirmed,0,0,0,0
2026-09-30,2026-09-30,CM,NSE,STK,15377,INE865T01018,PDMJEPAPER,EQ,,,,,PUDUMJEE PAPER PRO. LTD,94.5,99.8,94.0,97.22,94.5,94.67,,97.26,,,344257,33742149.4,5163,F1,1,,,,,,Cash Only,Paper & Packaging,False,96.0,90.86,94.67,93.84333333333335,93.43,94.25666666666669,94.25666666666669,93.43,0.8266666666666822,0.8732086898348814,Wide,Bullish,Above CPR,97.00666666666666,96.9,97.11333333333332,97.11333333333332,96.9,0.21333333333330984,0.21943358705339422,Narrow,False,False,0.7666666666666667,60,12519254.745000001,False,False,Overlapping,True,Risk Off,False,None,5.345000000000001,94.18220000000001,88.60379999999999,0.154661677580296,2.6952202896483195,True,True,No setup,0.0,None,None,0,No active J-Curve setup.,Neutral,0,Not applicable,No directional setup; confirmation score not applicable.,Wide CPR,Wide Upside Breakout,Confirmed,Wide CPR + close above CPR + trend aligned + participation confirmed,0,0,0,0
2026-09-30,2026-09-30,CM,NSE,STK,20788,INE0FRK01020,MOTISONS,EQ,,,,,MOTISONS JEWELLERS LTD,17.62,18.28,17.52,18.0,18.01,17.62,,18.0,,,39407577,708543215.97,44500,F1,1,,,,,,Cash Only,Diversified,False,18.2,17.5,17.62,17.773333333333337,17.85,17.696666666666673,17.85,17.696666666666673,0.15333333333332888,0.8702232311766679,Wide,Bearish,Above CPR,17.933333333333334,17.9,17.96666666666667,17.96666666666667,17.9,0.06666666666666998,0.3703703703703888,Moderate,False,False,0.5333333333333333,60,465670344.505,True,True,Lower,True,Risk Off,False,None,1.157142857142858,15.839400000000001,14.496100000000002,0.13251028806583967,1.5215553756663847,True,True,No setup,0.0,None,None,0,No active J-Curve setup.,Neutral,0,Not applicable,No directional setup; confirmation score not applicable.,Wide CPR,Wide Upside Breakout,Confirmed,Wide CPR + close above CPR + trend aligned + participation confirmed,0,0,0,0
2026-09-30,2026-09-30,CM,NSE,STK,13147,INE191H01014,PVRINOX,EQ,,,,,PVR INOX LIMITED,1197.9,1262.6,1187.0,1242.7,1248.0,1190.1,,1242.68,,,711172,877692285.8,39162,F1,1,,,,,,Cash Only,Media Entertainment & Publication,True,1230.0,1181.2,1190.1,1200.4333333333332,1205.6,1195.2666666666664,1205.6,1195.2666666666664,10.333333333333485,0.8682743747024187,Wide,Bearish,Above CPR,1230.7666666666667,1224.8,1236.7333333333333,1236.7333333333333,1224.8,11.933333333333394,0.9602746707438153,Wide,False,False,0.7166666666666667,60,434611378.05,False,False,Lower,True,Risk Off,False,None,50.321428571428555,1193.794,1090.128,0.2053465814998848,2.019487593118249,True,True,No setup,0.0,None,None,0,No active J-Curve setup.,Neutral,0,Not applicable,No directional setup; confirmation score not applicable.,Wide CPR,Wide Upside Breakout,Confirmed,Wide CPR + close above CPR + trend aligned + participation confirmed,0,0,0,0
2026-09-30,2026-09-30,CM,NSE,STK,20194,INE542B01011,AKSHARCHEM,BE,,,,,AKSHARCHEM INDIA LIMITED,376.55,394.85,372.15,388.1,387.0,376.55,,384.88,,,7060,2742815.1,137,F1,1,,,,,,Cash Only,Chemicals & Fertilizers,False,387.9,375.0,376.55,379.81666666666666,381.45,378.18333333333334,381.45,378.18333333333334,3.2666666666666515,0.8675253397069849,Wide,Bearish,Above CPR,385.0333333333333,383.5,386.5666666666666,386.5666666666666,383.5,3.066666666666606,0.7901743536888961,Wide,False,False,0.5,60,1942186.955,False,False,Lower,True,Risk Off,False,None,23.457142857142852,292.1944,240.4782,0.13926106374340175,1.4122302144697496,True,True,No setup,0.0,None,None,0,No active J-Curve setup.,Neutral,0,Not applicable,No directional setup; confirmation score not applicable.,Wide CPR,Wide Upside Breakout,Confirmed,Wide CPR + close above CPR + trend aligned + participation confirmed,0,0,0,0
2026-09-30,2026-09-30,CM,NSE,STK,3827,INE217A01012,ZUARIIND,EQ,,,,,ZUARI INDUSTRIES LIMITED,279.25,287.5,279.25,282.2,282.0,281.85,,282.19,,,73300,20730431.15,1988,F1,1,,,,,,Cash Only,Diversified,False,283.85,272.55,281.85,279.4166666666667,278.20000000000005,280.6333333333333,280.6333333333333,278.20000000000005,2.4333333333332803,0.8633433859617811,Wide,Bullish,Above CPR,282.98333333333335,283.375,282.5916666666667,283.375,282.5916666666667,0.783333333333303,0.2775809118828147,Moderate,False,False,0.9,60,9673645.375,False,False,Lower,True,Risk Off,False,None,11.664285714285711,267.94,262.8205,0.20861400285772158,2.142980267146706,True,True,No setup,0.0,None,None,0,No active J-Curve setup.,Neutral,0,Not applicable,No directional setup; confirmation score not applicable.,Wide CPR,Wide Upside Breakout,Confirmed,Wide CPR + close above CPR + trend aligned + participation confirmed,0,0,0,0
2026-09-30,2026-09-30,CM,NSE,STK,13001,INE00OQ01016,DHARMAJ,EQ,,,,,DHARMAJ CROP GUARD LTD,276.2,282.9,262.0,264.35,262.0,278.75,,264.36,,,100650,27428900.9,2856,F1,1,,,,,,Cash Only,Diversified,False,290.7,274.0,278.75,281.15000000000003,282.35,279.95000000000005,282.35,279.95000000000005,2.3999999999999773,0.8609865470851937,Wide,Bearish,Below CPR,269.75,272.45,267.05,272.45,267.05,5.399999999999977,2.0427463589937496,Wide,False,False,0.43333333333333335,60,8158107.85,True,True,Lower,True,Risk Off,False,None,10.674999999999986,271.648,270.0235,0.22482435597189512,3.362164536719136,False,False,No setup,0.0,None,None,0,No active J-Curve setup.,Neutral,0,Not applicable,No directional setup; confirmation score not applicable.,Wide CPR,Wide Downside Breakout,Confirmed,Wide CPR + close below CPR + trend aligned + participation confirmed,0,0,0,0
2026-09-30,2026-09-30,CM,NSE,STK,15165,INE120D01012,HITECHCORP,BE,,,,,HITECH CORPORATION LTD,338.25,346.0,338.25,345.25,346.0,342.45,,345.39,,,28964,9978043.1,186,F1,1,,,,,,Cash Only,Information Technology,False,343.5,332.65,342.45,339.5333333333333,338.075,340.9916666666666,340.9916666666666,338.075,2.9166666666666288,0.8517058451355318,Wide,Bullish,Above CPR,343.1666666666667,342.125,344.20833333333337,344.20833333333337,342.125,2.0833333333333712,0.6034274680183552,Moderate,False,False,0.75,60,1411465.83,False,False,Higher,True,Risk Off,False,None,8.882142857142858,226.3934,184.155,0.32837421257203697,7.069277121643107,True,True,No setup,0.0,None,None,0,No active J-Curve setup.,Neutral,0,Not applicable,No directional setup; confirmation score not applicable.,Wide CPR,Wide Upside Breakout,Confirmed,Wide CPR + close above CPR + trend aligned + participation confirmed,0,0,0,0
2026-09-30,2026-09-30,CM,NSE,STK,5748,INE136B01020,CYIENT,EQ,,,,,CYIENT LIMITED,1055.3,1138.0,1050.1,1100.7,1097.9,1055.3,,1100.74,,,2323228,2595074762.1,119232,F1,1,,,,,,Cash Only,Information Technology,True,1093.5,1044.0,1055.3,1064.2666666666667,1068.75,1059.7833333333333,1068.75,1059.7833333333333,8.966666666666697,0.8496793960643132,Wide,Bearish,Above CPR,1096.2666666666667,1094.05,1098.4833333333333,1098.4833333333333,1094.05,4.433333333333394,0.4027739923079307,Moderate,False,False,0.1,60,363331644.65,True,True,Lower,True,Risk Off,True,None,39.27857142857143,970.97,925.6154999999999,0.22828393041159073,7.142440798405694,True,True,No setup,0.0,None,None,0,No active J-Curve setup.,Neutral,0,Not applicable,No directional setup; confirmation score not applicable.,Wide CPR,Wide Upside Breakout,Confirmed,Wide CPR + close above CPR + trend aligned + participation confirmed,0,0,0,0
2026-09-30,2026-09-30,CM,NSE,STK,4548,INE610B01024,GUJRAFFIA,EQ,,,,,GUJARAT RAFFIA INDUST LTD,40.21,40.7,39.75,40.69,40.4,40.21,,40.69,,,2496,100692.98,34,F1,1,,,,,,Cash Only,Diversified,False,40.4,39.0,40.21,39.870000000000005,39.7,40.040000000000006,40.040000000000006,39.7,0.3400000000000034,0.8455608057697175,Wide,Bullish,Above CPR,40.38,40.225,40.535000000000004,40.535000000000004,40.225,0.3100000000000023,0.7618579503563585,Wide,False,False,0.23333333333333334,60,71475.13500000001,False,False,Lower,True,Risk Off,True,None,1.870714285714285,40.507200000000005,40.5655,0.1817487590683486,1.4087833482231267,True,True,No setup,0.0,None,None,0,No active J-Curve setup.,Neutral,0,Not applicable,No directional setup; confirmation score not applicable.,Wide CPR,Wide Upside Breakout,Confirmed,Wide CPR + close above CPR + trend aligned + participation confirmed,0,0,0,0
2026-09-30,2026-09-30,CM,NSE,STK,18581,INE732A01036,KIRLOSBROS,EQ,,,,,KIRLOSKAR BROTHERS LTD,1828.0,1847.5,1745.0,1774.9,1768.0,1848.3,,1774.94,,,321866,570206789.1,25191,F1,1,,,,,,Cash Only,Diversified,False,1936.1,1714.1,1848.3,1832.8333333333333,1825.1,1840.5666666666666,1840.5666666666666,1825.1,15.466666666666697,0.8368049919746089,Wide,Bullish,Below CPR,1789.1333333333332,1796.25,1782.0166666666664,1796.25,1782.0166666666664,14.233333333333576,0.8019231130392459,Wide,False,False,0.8333333333333334,60,92053316.5,False,False,Higher,True,Risk Off,False,None,63.642857142857146,1864.1480000000001,1824.5909999999997,0.24302282080059903,6.1943101104890665,False,False,No setup,0.0,None,None,0,No active J-Curve setup.,Neutral,0,Not applicable,No directional setup; confirmation score not applicable.,Wide CPR,Wide Downside Breakout,Confirmed,Wide CPR + close below CPR + trend aligned + participation confirmed,0,0,0,0
2026-09-30,2026-09-30,CM,NSE,STK,625,INE055A01016,ABREL,EQ,,,,,ADITYA BIRLA REAL EST LTD,1169.9,1183.0,1122.1,1130.7,1131.0,1160.6,,1130.7,,,276535,317027339.2,27438,F1,1,,,,,,Cash Only,Realty,True,1194.7,1155.6,1160.6,1170.3,1175.15,1165.4499999999998,1175.15,1165.4499999999998,9.700000000000273,0.8357745993451898,Wide,Bearish,Below CPR,1145.2666666666667,1152.55,1137.9833333333333,1152.55,1137.9833333333333,14.566666666666606,1.2882874915244191,Wide,False,False,0.8333333333333334,60,161721492.7,False,False,Lower,True,Risk Off,False,None,44.342857142857156,1352.3419999999999,1335.308,0.21875000000000608,1.9603290441308177,False,False,No setup,0.0,None,None,0,No active J-Curve setup.,Neutral,0,Not applicable,No directional setup; confirmation score not applicable.,Wide CPR,Wide Downside Breakout,Confirmed,Wide CPR + close below CPR + trend aligned + participation confirmed,0,-2,0,-2
2026-09-30,2026-09-30,CM,NSE,STK,24730,INE642C01025,RUBFILA,EQ,,,,,RUBFILA INTERNATIONAL LTD,64.3,64.64,62.8,63.05,63.5,63.85,,63.02,,,32520,2061058.57,482,F1,1,,,,,,Cash Only,Diversified,False,64.5,61.61,63.85,63.32,63.055,63.585,63.585,63.055,0.5300000000000011,0.8300704776820692,Wide,Bullish,Below CPR,63.49666666666667,63.72,63.27333333333334,63.72,63.27333333333334,0.44666666666665833,0.7084324610097674,Moderate,False,False,0.85,60,1840089.58,False,False,Overlapping,True,Risk Off,False,None,2.960714285714284,68.804,71.4179,0.179010856453559,1.1200859960306933,False,False,No setup,0.0,None,None,0,No active J-Curve setup.,Neutral,0,Not applicable,No directional setup; confirmation score not applicable.,Wide CPR,Wide Downside Breakout,Confirmed,Wide CPR + close below CPR + trend aligned + participation confirmed,0,0,0,0
2026-09-30,2026-09-30,CM,NSE,STK,765160,INE555C01029,SHIVACEM,EQ,,,,,SHIVA CEMENT LTD.,14.5,14.5,13.0,13.76,13.69,14.91,,13.77,,,694858,9522422.71,1984,F1,1,,,,,,Cash Only,Diversified,False,15.49,14.7,14.91,15.033333333333331,15.094999999999999,14.971666666666664,15.094999999999999,14.971666666666664,0.12333333333333485,0.8271853342275979,Wide,Bearish,Below CPR,13.753333333333332,13.75,13.756666666666664,13.756666666666664,13.75,0.006666666666664156,0.048449612403082536,Narrow,False,False,0.7741935483870968,31,746065.97,False,False,Lower,True,Risk Off,False,Bearish Virgin,0.6607142857142857,,,0.18666666666666898,12.763513004084613,False,False,No setup,0.0,None,None,0,No active J-Curve setup.,Neutral,0,Not applicable,No directional setup; confirmation score not applicable.,Wide CPR,Wide Downside Breakout,Confirmed,Wide CPR + close below CPR + trend aligned + participation confirmed,0,0,0,0
2026-09-30,2026-09-30,CM,NSE,STK,9931,INE161L01027,VIKASLIFE,EQ,,,,,VIKAS LIFECARE LIMITED,1.22,1.23,1.21,1.21,1.22,1.21,,1.21,,,2060239,2510199.53,8138,F1,1,,,,,,Cash Only,Diversified,False,1.24,1.21,1.21,1.22,1.225,1.2149999999999999,1.225,1.2149999999999999,0.010000000000000231,0.8264462809917547,Wide,Bearish,Below CPR,1.2166666666666666,1.22,1.2133333333333332,1.22,1.2133333333333332,0.006666666666666821,0.5509641873278365,Moderate,False,False,0.5416666666666666,60,2296449.13,False,False,Lower,True,Risk Off,False,None,0.03714285714285718,1.258,1.3636,0.2692307692307752,1.0930786566127855,False,False,No setup,0.0,None,None,0,No active J-Curve setup.,Neutral,0,Not applicable,No directional setup; confirmation score not applicable.,Wide CPR,Wide Downside Breakout,Confirmed,Wide CPR + close below CPR + trend aligned + participation confirmed,0,0,0,0
2026-09-30,2026-09-30,CM,NSE,STK,11840,INE410P01011,NH,EQ,,,,,NARAYANA HRUDAYALAYA LTD.,1776.0,1813.7,1730.1,1791.4,1775.0,1789.9,,1791.43,,,341005,605969878.2,43314,F1,1,,,,,,Cash Only,Healthcare,True,1863.0,1761.0,1789.9,1804.6333333333332,1812.0,1797.2666666666664,1812.0,1797.2666666666664,14.733333333333576,0.8231372329925457,Wide,Bearish,Below CPR,1778.4000000000003,1771.9,1784.9000000000005,1784.9000000000005,1771.9,13.000000000000455,0.7256894049347133,Moderate,False,False,0.8833333333333333,60,392063806.20000005,False,False,Lower,True,Risk Off,False,None,52.92142857142861,1899.764,1914.3329999999999,0.278400143969051,1.5455899489250022,False,False,No setup,0.0,None,None,0,No active J-Curve setup.,Neutral,0,Not applicable,No directional setup; confirmation score not applicable.,Wide CPR,Wide Downside Breakout,Confirmed,Wide CPR + close below CPR + trend aligned + participation confirmed,0,0,0,0
2026-09-30,2026-09-30,CM,NSE,STK,8220,INE741A01011,MYSORPETRO,BE,,,,,MYSORE PETRO CHEMICALS L,124.0,124.88,122.0,122.25,122.01,127.82,,122.25,,,6396,786869.73,78,F1,1,,,,,,Cash Only,Energy & Oil/Gas,False,129.99,122.5,127.82,126.77,126.245,127.29499999999999,127.29499999999999,126.245,1.049999999999983,0.8214676889375552,Wide,Bullish,Below CPR,123.04333333333334,123.44,122.64666666666668,123.44,122.64666666666668,0.7933333333333223,0.648943421949548,Moderate,False,False,0.28,25,731264.88,False,False,Overlapping,True,Risk Off,False,Bearish Virgin,7.050714285714287,,,0.14892108195724607,1.0760392732110968,False,False,No setup,0.0,None,None,0,No active J-Curve setup.,Neutral,0,Not applicable,No directional setup; confirmation score not applicable.,Wide CPR,Wide Downside Breakout,Confirmed,Wide CPR + close below CPR + trend aligned + participation confirmed,0,0,0,0
2026-09-30,2026-09-30,CM,NSE,STK,764357,INE459N01021,MANIPALHOS,EQ,,,,,MANIPAL HEALTH ENTERPRI L,749.8,752.3,703.15,708.3,709.0,747.75,,708.34,,,2679610,1917041996.6,91826,F1,1,,,,,,Cash Only,Diversified,False,760.0,717.1,747.75,741.6166666666667,738.55,744.6833333333334,744.6833333333334,738.55,6.133333333333439,0.8202384932575647,Wide,Bullish,Below CPR,721.25,727.7249999999999,714.7750000000001,727.7249999999999,714.7750000000001,12.949999999999818,1.8283213327685752,Wide,False,False,0.15384615384615385,39,1025183205.45,True,True,Higher,True,Risk Off,True,None,24.34999999999999,,,0.2518822724161578,1.8699506453176065,False,False,No setup,0.0,None,None,0,No active J-Curve setup.,Neutral,0,Not applicable,No directional setup; confirmation score not applicable.,Wide CPR,Wide Downside Breakout,Confirmed,Wide CPR + close below CPR + trend aligned + participation confirmed,0,0,0,0
2026-09-30,2026-09-30,CM,NSE,STK,2939,INE301D01026,RUBYMILLS,EQ,,,,,THE RUBY MILLS LTD,495.9,509.7,495.9,499.75,499.95,491.8,,499.69,,,15683,7867344.9,1039,F1,1,,,,,,Cash Only,Diversified,False,510.65,485.0,491.8,495.81666666666666,497.825,493.80833333333334,497.825,493.80833333333334,4.0166666666666515,0.8167276670733329,Wide,Bearish,Above CPR,501.7833333333333,502.79999999999995,500.76666666666665,502.79999999999995,500.76666666666665,2.033333333333303,0.40687010171751936,Moderate,False,False,0.5166666666666667,60,5541664.925000001,False,False,Overlapping,True,Risk Off,False,None,41.07142857142856,328.62919999999997,267.9835,0.09779710144927502,1.419671706332912,True,True,No setup,0.0,None,None,0,No active J-Curve setup.,Neutral,0,Not applicable,No directional setup; confirmation score not applicable.,Wide CPR,Wide Upside Breakout,Confirmed,Wide CPR + close above CPR + trend aligned + participation confirmed,0,0,0,0
2026-09-30,2026-09-30,CM,NSE,STK,13121,INE202H01019,KERNEX,EQ,,,,,KERNEX MICROSYS(I) LTD,1750.0,1762.5,1671.0,1686.0,1681.5,1744.1,,1686.21,,,228842,394745508.4,21499,F1,1,,,,,,Cash Only,Diversified,False,1763.0,1682.8,1744.1,1729.9666666666665,1722.9,1737.0333333333328,1737.0333333333328,1722.9,14.133333333332757,0.8103510884314408,Wide,Bullish,Below CPR,1706.5,1716.75,1696.25,1716.75,1696.25,20.5,1.2158956109134045,Wide,False,False,0.31666666666666665,60,347669313.65,False,False,Higher,True,Risk Off,False,None,71.90714285714289,1962.2380000000003,1918.777,0.19654978311975616,1.135405090129386,False,False,No setup,0.0,None,None,0,No active J-Curve setup.,Neutral,0,Not applicable,No directional setup; confirmation score not applicable.,Wide CPR,Wide Downside Breakout,Confirmed,Wide CPR + close below CPR + trend aligned + participation confirmed,0,0,-2,-2
2026-09-30,2026-09-30,CM,NSE,STK,13753,INE784W01015,MANOMAY,EQ,,,,,MANOMAY TEX INDIA LTD,238.5,244.9,234.17,240.66,240.0,236.46,,240.8,,,491051,118529358.41,14937,F1,1,,,,,,Cash Only,Diversified,False,238.0,229.18,236.46,234.54666666666665,233.59,235.5033333333333,235.5033333333333,233.59,1.9133333333332985,0.8091572922833877,Wide,Bullish,Above CPR,239.91,239.535,240.285,240.285,239.535,0.75,0.31164298180004985,Moderate,False,False,0.4666666666666667,60,27208691.2,False,False,Higher,True,Risk Off,False,None,8.84,220.0444,200.71380000000002,0.21644042232277133,4.356305032783054,True,True,No setup,0.0,None,None,0,No active J-Curve setup.,Neutral,0,Not applicable,No directional setup; confirmation score not applicable.,Wide CPR,Wide Upside Breakout,Confirmed,Wide CPR + close above CPR + trend aligned + participation confirmed,0,0,0,0
2026-09-30,2026-09-30,CM,NSE,STK,11961,INE617A01013,SEMAC,EQ,,,,,SEMAC CONSTRUCTION LTD,254.85,254.85,231.8,232.85,232.7,243.95,,232.96,,,6426,1549110.05,240,F1,1,,,,,,Cash Only,Diversified,False,245.0,237.0,243.95,241.98333333333335,241.0,242.9666666666667,242.9666666666667,241.0,1.966666666666697,0.8061761289881931,Wide,Bullish,Below CPR,239.83333333333334,243.325,236.3416666666667,243.325,236.3416666666667,6.983333333333292,2.9990695011094233,Wide,False,False,0.1,60,191210.05,True,True,Lower,True,Risk Off,True,None,11.6,292.1648,270.4945,0.1695402298850601,8.101614167246963,False,False,No setup,0.0,None,None,0,No active J-Curve setup.,Neutral,0,Not applicable,No directional setup; confirmation score not applicable.,Wide CPR,Wide Downside Breakout,Confirmed,Wide CPR + close below CPR + trend aligned + participation confirmed,0,0,0,0
2026-09-30,2026-09-30,CM,NSE,STK,30457,INE01EO01010,SPECTRUM,BE,,,,,SPECTRUM ELECTRIC IND LTD,3830.0,3879.8,3650.1,3846.1,3850.0,3720.9,,3845.53,,,13516,51741716.2,966,F1,1,,,,,,Cash Only,Diversified,False,3757.0,3595.0,3720.9,3690.9666666666667,3676.0,3705.9333333333334,3705.9333333333334,3676.0,29.933333333333394,0.8044648696104005,Wide,Bullish,Above CPR,3792.0,3764.95,3819.05,3819.05,3764.95,54.100000000000364,1.406619692675707,Wide,False,False,0.6,60,40324838.9,False,False,Higher,True,Risk Off,False,None,210.85714285714286,2478.368,1958.355,0.14196025293586298,1.2831227008324144,True,True,No setup,0.0,None,None,0,No active J-Curve setup.,Neutral,0,Not applicable,No directional setup; confirmation score not applicable.,Wide CPR,Wide Upside Breakout,Confirmed,Wide CPR + close above CPR + trend aligned + participation confirmed,0,0,0,0
2026-09-30,2026-09-30,CM,NSE,STK,9576,INE263W01010,MAHESHWARI,EQ,,,,,MAHESHWARI LOGISTICS LTD.,74.0,74.0,73.05,73.43,73.05,73.53,,73.43,,,13129,968413.54,49,F1,1,,,,,,Cash Only,Diversified,False,74.5,70.8,73.53,72.94333333333334,72.65,73.23666666666668,73.23666666666668,72.65,0.5866666666666731,0.7978602837844051,Wide,Bullish,Above CPR,73.49333333333334,73.525,73.46166666666667,73.525,73.46166666666667,0.06333333333333258,0.08624994325661524,Narrow,False,False,0.9666666666666667,60,613776.355,False,False,Overlapping,True,Risk Off,False,None,2.807142857142857,61.5292,52.9324,0.20899067005937466,1.5777954496145425,True,True,No setup,0.0,None,None,0,No active J-Curve setup.,Neutral,0,Not applicable,No directional setup; confirmation score not applicable.,Wide CPR,Wide Upside Breakout,Confirmed,Wide CPR + close above CPR + trend aligned + participation confirmed,0,0,0,0
2026-09-30,2026-09-30,CM,NSE,STK,18743,INE903U01023,SIGNATURE,EQ,,,,,SIGNATUREGLOBAL INDIA LTD,750.0,761.85,721.05,727.15,726.1,754.45,,727.2,,,331497,245359525.7,14350,F1,1,,,,,,Cash Only,Realty,True,775.95,751.0,754.45,760.4666666666667,763.475,757.4583333333334,763.475,757.4583333333334,6.0166666666666515,0.7974904455784547,Wide,Bearish,Below CPR,736.6833333333334,741.45,731.9166666666667,741.45,731.9166666666667,9.533333333333303,1.3110545737926567,Wide,False,False,0.9,60,173790869.39999998,False,False,Lower,True,Risk Off,False,None,30.567857142857147,788.76,798.9810000000001,0.1968298477236432,1.4118090699878851,False,False,No setup,0.0,None,None,0,No active J-Curve setup.,Neutral,0,Not applicable,No directional setup; confirmation score not applicable.,Wide CPR,Wide Downside Breakout,Confirmed,Wide CPR + close below CPR + trend aligned + participation confirmed,0,0,0,0
2026-09-30,2026-09-30,CM,NSE,STK,6302,INE451F01024,APOLSINHOT,EQ,,,,,APOLLO SINDOORI HOTEL LTD,1156.1,1189.9,1156.1,1162.6,1160.5,1166.2,,1162.6,,,1022,1194308.1,163,F1,1,,,,,,Cash Only,Diversified,False,1199.9,1160.4,1166.2,1175.5,1180.15,1170.85,1180.15,1170.85,9.300000000000182,0.7974618418796245,Wide,Bearish,Below CPR,1169.5333333333333,1173.0,1166.0666666666666,1173.0,1166.0666666666666,6.933333333333394,0.5963644704398241,Moderate,False,False,0.8333333333333334,60,912533.6000000001,False,False,Lower,True,Risk Off,False,None,32.142857142857174,1209.7140000000002,1222.919,0.2893333333333387,1.3087826026351248,False,False,No setup,0.0,None,None,0,No active J-Curve setup.,Neutral,0,Not applicable,No directional setup; confirmation score not applicable.,Wide CPR,Wide Downside Breakout,Confirmed,Wide CPR + close below CPR + trend aligned + participation confirmed,0,0,0,0
2026-09-30,2026-09-30,CM,NSE,STK,10893,INE0I3401014,DBOL,EQ,,,,,DHAMPUR BIO ORGANICS LTD,124.49,129.89,124.29,126.1,125.98,124.49,,126.12,,,321088,40807742.5,4358,F1,1,,,,,,Cash Only,Diversified,False,126.25,119.76,124.49,123.5,123.005,123.995,123.995,123.005,0.9900000000000091,0.7952445979596828,Wide,Bullish,Above CPR,126.75999999999999,127.09,126.42999999999998,127.09,126.42999999999998,0.660000000000025,0.5233941316415741,Moderate,False,False,0.13333333333333333,60,26468485.134999998,True,False,Higher,True,Risk Off,True,Bullish Virgin,5.679285714285716,117.0528,110.154,0.17431769588731133,1.5417483203841844,True,True,No setup,0.0,None,None,0,No active J-Curve setup.,Neutral,0,Not applicable,No directional setup; confirmation score not applicable.,Wide CPR,Wide Upside Breakout,Confirmed,Wide CPR + close above CPR + trend aligned + participation confirmed,0,0,0,0
2026-09-30,2026-09-30,CM,NSE,STK,4566,INE413B01023,RUCHINFRA,EQ,,,,,RUCHI INFRASTRUCTURE LTD,4.81,5.68,4.81,4.91,4.97,5.05,,4.92,,,142608,711043.65,494,F1,1,,,,,,Cash Only,Real Estate & Infra,False,5.19,5.03,5.05,5.09,5.11,5.069999999999999,5.11,5.069999999999999,0.040000000000000924,0.7920792079208104,Wide,Bearish,Below CPR,5.133333333333333,5.244999999999999,5.0216666666666665,5.244999999999999,5.0216666666666665,0.22333333333333272,4.54854039375423,Wide,False,False,0.6666666666666666,60,252540.78499999997,False,False,Lower,True,Risk Off,False,None,0.32357142857142857,5.6564,5.919899999999999,0.12362030905077548,2.8155596728663057,False,False,No setup,0.0,None,None,0,No active J-Curve setup.,Neutral,0,Not applicable,No directional setup; confirmation score not applicable.,Wide CPR,Wide Downside Breakout,Confirmed,Wide CPR + close below CPR + trend aligned + participation confirmed,0,0,0,0
2026-09-30,2026-09-30,CM,NSE,STK,17833,INE758C01029,AHLUCONT,EQ,,,,,AHLUWALIA CONT IND LTD,552.05,563.7,542.8,550.05,550.0,551.55,,550.05,,,77719,42825844.9,5552,F1,1,,,,,,Cash Only,Diversified,False,572.1,544.1,551.55,555.9166666666666,558.1,553.7333333333332,558.1,553.7333333333332,4.366666666666788,0.7917082162391058,Wide,Bearish,Below CPR,552.1833333333333,553.25,551.1166666666666,553.25,551.1166666666666,2.1333333333334394,0.38784352937613664,Moderate,False,False,0.6666666666666666,60,28327522.95,False,False,Lower,True,Risk Off,False,None,20.242857142857158,697.355,759.7244999999999,0.2157139496589096,1.5118104387591715,False,False,No setup,0.0,None,None,0,No active J-Curve setup.,Neutral,0,Not applicable,No directional setup; confirmation score not applicable.,Wide CPR,Wide Downside Breakout,Confirmed,Wide CPR + close below CPR + trend aligned + participation confirmed,0,0,0,0
2026-09-30,2026-09-30,CM,NSE,STK,1879,INE482D01024,CARYSIL,EQ,,,,,CARYSIL LIMITED,1046.1,1060.4,1020.0,1036.1,1035.0,1056.5,,1036.1,,,149256,154806125.1,10366,F1,1,,,,,,Cash Only,Diversified,False,1072.0,1016.1,1056.5,1048.2,1044.05,1052.3500000000001,1052.3500000000001,1044.05,8.300000000000182,0.7856128726928711,Wide,Bullish,Below CPR,1038.8333333333333,1040.2,1037.4666666666665,1040.2,1037.4666666666665,2.733333333333576,0.26380979956891965,Moderate,False,False,0.6333333333333333,60,83593382.1,False,False,Lower,True,Risk Off,False,None,39.1714285714286,1146.1860000000001,1128.5165,0.21188913202042753,1.8518945066107093,False,False,No setup,0.0,None,None,0,No active J-Curve setup.,Neutral,0,Not applicable,No directional setup; confirmation score not applicable.,Wide CPR,Wide Downside Breakout,Confirmed,Wide CPR + close below CPR + trend aligned + participation confirmed,0,0,0,0
2026-09-30,2026-09-30,CM,NSE,STK,24226,INE01A001028,STANLEY,EQ,,,,,STANLEY LIFESTYLES LTD,136.34,141.99,135.25,136.31,136.01,137.58,,136.31,,,136853,18786623.99,2776,F1,1,,,,,,Cash Only,Diversified,False,145.0,133.34,137.58,138.64000000000001,139.17000000000002,138.11,139.17000000000002,138.11,1.0600000000000023,0.7704608227940123,Wide,Bearish,Below CPR,137.85,138.62,137.07999999999998,138.62,137.07999999999998,1.5400000000000205,1.129777712566958,Wide,False,False,0.9833333333333333,60,12288080.489999998,False,False,Lower,True,Risk Off,False,None,4.930000000000005,142.466,147.55610000000001,0.21501014198782986,1.5288493597749864,False,False,No setup,0.0,None,None,0,No active J-Curve setup.,Neutral,0,Not applicable,No directional setup; confirmation score not applicable.,Wide CPR,Wide Downside Breakout,Confirmed,Wide CPR + close below CPR + trend aligned + participation confirmed,0,0,0,0
2026-09-30,2026-09-30,CM,NSE,STK,8428,INE533D01032,RAJRILTD,BE,,,,,RAJ RAYON INDUSTRIES LTD,20.12,20.84,20.12,20.17,20.15,20.46,,20.17,,,9852,202035.37,95,F1,1,,,,,,Cash Only,Diversified,False,21.0,20.39,20.46,20.616666666666667,20.695,20.538333333333334,20.695,20.538333333333334,0.1566666666666663,0.7657217334636671,Wide,Bearish,Below CPR,20.37666666666667,20.48,20.273333333333337,20.48,20.273333333333337,0.20666666666666345,1.0246240290860855,Wide,False,False,0.35,20,122120.35,False,False,Lower,True,Risk Off,False,None,0.639285714285714,,,0.24506517690875185,1.6543956023709396,False,False,No setup,0.0,None,None,0,No active J-Curve setup.,Neutral,0,Not applicable,No directional setup; confirmation score not applicable.,Wide CPR,Wide Downside Breakout,Confirmed,Wide CPR + close below CPR + trend aligned + participation confirmed,0,0,0,0
2026-09-30,2026-09-30,CM,NSE,STK,762859,INE296E01026,RAJPALAYAM,EQ,,,,,RAJAPALAYAM MILLS LTD.,760.2,775.0,741.2,749.15,742.0,757.8,,749.42,,,7143,5423761.6,192,F1,1,,,,,,Cash Only,Diversified,False,776.0,757.0,757.8,763.6,766.5,760.7,766.5,760.7,5.7999999999999545,0.7653734494589541,Wide,Bearish,Below CPR,755.1166666666667,758.1,752.1333333333333,758.1,752.1333333333333,5.966666666666697,0.7964582081915099,Wide,False,False,0.9166666666666666,60,802389.1,False,False,Overlapping,True,Risk Off,False,None,28.160714285714295,802.685,811.3005,0.20596068484464003,6.75951555174416,False,False,No setup,0.0,None,None,0,No active J-Curve setup.,Neutral,0,Not applicable,No directional setup; confirmation score not applicable.,Wide CPR,Wide Downside Breakout,Confirmed,Wide CPR + close below CPR + trend aligned + participation confirmed,0,0,0,0
2026-09-30,2026-09-30,CM,NSE,STK,11530,INE02YR01019,EMIL,EQ,,,,,ELECTRONICS MART IND LTD,192.0,208.98,192.0,205.36,204.0,191.71,,205.36,,,14305072,2923361189.25,166963,F1,1,,,,,,Cash Only,Diversified,False,198.0,189.8,191.71,193.17,193.9,192.43999999999997,193.9,192.43999999999997,1.4600000000000364,0.7615669500808702,Wide,Bearish,Above CPR,202.11333333333334,200.49,203.73666666666668,203.73666666666668,200.49,3.2466666666666697,1.5809635112323088,Wide,False,False,0.9333333333333333,60,292313035.875,False,False,Lower,True,Risk Off,False,None,10.183571428571428,171.9852,145.9186,0.1433681700217473,10.000789668853834,True,True,No setup,0.0,None,None,0,No active J-Curve setup.,Neutral,0,Not applicable,No directional setup; confirmation score not applicable.,Wide CPR,Wide Upside Breakout,Confirmed,Wide CPR + close above CPR + trend aligned + participation confirmed,0,0,0,0
2026-09-30,2026-09-30,CM,NSE,STK,1333,INE040A01034,HDFCBANK,EQ,,,,,HDFC BANK LTD,711.5,720.3,708.7,708.7,708.7,722.7,,708.71,,,39365496,28120806967.1,388951,F1,1,,,,,,F&O + Cash,Financial Services,True,722.7,706.25,722.7,717.2166666666667,714.475,719.9583333333334,719.9583333333334,714.475,5.4833333333333485,0.7587288409206238,Wide,Bullish,Below CPR,712.5666666666666,714.5,710.6333333333332,714.5,710.6333333333332,3.866666666666788,0.5455999247448551,Moderate,False,False,0.9,60,19294842218.05,False,False,Lower,True,Risk Off,False,None,15.421428571428553,727.039,753.347,0.35556584838660016,1.4574261167470681,False,False,No setup,0.0,None,None,0,No active J-Curve setup.,Neutral,0,Not applicable,No directional setup; confirmation score not applicable.,Wide CPR,Wide Downside Breakout,Confirmed,Wide CPR + close below CPR + trend aligned + participation confirmed,0,0,0,0
2026-09-30,2026-09-30,CM,NSE,STK,23740,INE673O01025,TBOTEK,EQ,,,,,TBO TEK LIMITED,1670.5,1729.9,1660.0,1685.2,1690.0,1684.7,,1685.08,,,446861,760685070.0,19757,F1,1,,,,,,Cash Only,Consumer Services,True,1698.3,1633.0,1684.7,1672.0,1665.65,1678.35,1678.35,1665.65,12.699999999999818,0.7538434142577205,Wide,Bullish,Above CPR,1691.7,1694.95,1688.45,1694.95,1688.45,6.5,0.38571089484927606,Moderate,False,False,0.7166666666666667,60,214908380.95,False,False,Lower,True,Risk Off,False,None,51.23571428571428,1642.086,1491.4319999999998,0.24787397183883658,3.539578431689823,True,True,No setup,0.0,None,None,0,No active J-Curve setup.,Neutral,0,Not applicable,No directional setup; confirmation score not applicable.,Wide CPR,Wide Upside Breakout,Confirmed,Wide CPR + close above CPR + trend aligned + participation confirmed,0,0,0,0
2026-09-30,2026-09-30,CM,NSE,STK,15067,INE0N7W01012,BLAL,EQ,,,,,BEML LAND ASSETS LIMITED,162.38,163.09,159.01,160.26,160.08,163.65,,160.27,,,23426,3768986.29,667,F1,1,,,,,,Cash Only,Diversified,False,164.99,158.61,163.65,162.41666666666666,161.8,163.0333333333333,163.0333333333333,161.8,1.2333333333332916,0.7536409002953203,Wide,Bullish,Below CPR,160.78666666666666,161.05,160.5233333333333,161.05,160.5233333333333,0.5266666666666993,0.32863263862891506,Moderate,False,False,0.85,60,2400496.505,False,False,Overlapping,True,Risk Off,False,None,4.329999999999998,168.14700000000002,177.1801,0.2848344880677349,1.570086139325581,False,False,No setup,0.0,None,None,0,No active J-Curve setup.,Neutral,0,Not applicable,No directional setup; confirmation score not applicable.,Wide CPR,Wide Downside Breakout,Confirmed,Wide CPR + close below CPR + trend aligned + participation confirmed,0,0,-2,-2
2026-09-30,2026-09-30,CM,NSE,STK,17875,INE484J01027,GODREJPROP,EQ,,,,,GODREJ PROPERTIES LTD,1640.6,1659.6,1623.4,1628.5,1628.5,1634.4,,1628.51,,,832521,1365699788.9,32063,F1,1,,,,,,F&O + Cash,Realty,True,1671.3,1634.4,1634.4,1646.7,1652.85,1640.5500000000002,1652.85,1640.5500000000002,12.299999999999727,0.7525697503670905,Wide,Bearish,Below CPR,1637.1666666666667,1641.5,1632.8333333333335,1641.5,1632.8333333333335,8.666666666666515,0.5321870842288311,Moderate,False,False,0.7333333333333333,60,1137008552.75,False,False,Lower,True,Risk Off,False,None,52.171428571428564,1950.38,1893.328,0.23576122672507696,1.201134138874225,False,False,No setup,0.0,None,None,0,No active J-Curve setup.,Neutral,0,Not applicable,No directional setup; confirmation score not applicable.,Wide CPR,Wide Downside Breakout,Confirmed,Wide CPR + close below CPR + trend aligned + participation confirmed,0,0,0,0
2026-09-30,2026-09-30,CM,NSE,STK,235,INE087Z01024,AAKASH,EQ,,,,,AAKASH EXPLORATION SER L,8.79,8.79,8.3,8.44,8.43,8.59,,8.44,,,71888,607940.5,408,F1,1,,,,,,Cash Only,Diversified,False,8.99,8.51,8.59,8.696666666666667,8.75,8.643333333333334,8.75,8.643333333333334,0.10666666666666558,1.2417539774931965,Wide,Bearish,Below CPR,8.51,8.545,8.475,8.545,8.475,0.07000000000000028,0.8293838862559275,Wide,False,False,0.025,60,723474.0449999999,True,True,Lower,True,Risk Off,True,None,0.48214285714285715,8.8584,8.854199999999999,0.2212345679012323,0.8403072704563991,False,False,Short,0.5,None,None,0,No active J-Curve setup.,Short,76,Confirmed,CPR width: Wide; directional confirmation limited (8/20); Price location: Below CPR (20/20); Trend: aligned with SMA50/SMA100 (20/20); Participation: moderate (0.84x) (12/20); Higher timeframe: aligned (-2) (16/20),Wide CPR,Wide Downside Watch,Watch,Wide CPR + close below CPR; trend aligned; participation light,-2,0,0,-2
2026-09-30,2026-09-30,CM,NSE,STK,7376,INE0GSL01024,HPAL,EQ,,,,,HP ADHESIVES LIMITED,34.2,35.58,33.36,33.83,33.73,34.44,,33.83,,,36913,1257151.6,770,F1,1,,,,,,Cash Only,Diversified,False,35.99,34.1,34.44,34.843333333333334,35.045,34.641666666666666,35.045,34.641666666666666,0.403333333333336,1.1711188540456912,Wide,Bearish,Below CPR,34.25666666666667,34.47,34.04333333333334,34.47,34.04333333333334,0.4266666666666623,1.2612080007882422,Wide,False,False,0.05,60,1524611.31,True,True,Lower,True,Risk Off,True,None,1.8542857142857148,34.91499999999999,35.5369,0.2175141242937867,0.8245718707150349,False,False,Short,0.5,None,None,0,No active J-Curve setup.,Short,76,Confirmed,CPR width: Wide; directional confirmation limited (8/20); Price location: Below CPR (20/20); Trend: aligned with SMA50/SMA100 (20/20); Participation: moderate (0.82x) (12/20); Higher timeframe: aligned (-2) (16/20),Wide CPR,Wide Downside Watch,Watch,Wide CPR + close below CPR; trend aligned; participation light,-2,0,0,-2
2026-09-30,2026-09-30,CM,NSE,STK,15141,INE259A01022,COLPAL,EQ,,,,,COLGATE PALMOLIVE LTD.,1790.1,1808.6,1763.3,1763.3,1763.3,1785.1,,1763.43,,,276534,494162593.8,20677,F1,1,,,,,,F&O + Cash,Fast Moving Consumer Goods,True,1836.0,1785.1,1785.1,1802.0666666666666,1810.55,1793.5833333333333,1810.55,1793.5833333333333,16.966666666666697,0.9504602916736709,Wide,Bearish,Below CPR,1778.3999999999999,1785.9499999999998,1770.85,1785.9499999999998,1770.85,15.099999999999909,0.8563488912833839,Wide,False,False,0.21666666666666667,60,563805090.0,True,False,Lower,True,Risk Off,True,None,42.357142857142854,1935.3339999999998,1998.483,0.4005621135469372,0.8764777093445538,False,False,Short,0.5,None,None,0,No active J-Curve setup.,Short,76,Confirmed,CPR width: Wide; directional confirmation limited (8/20); Price location: Below CPR (20/20); Trend: aligned with SMA50/SMA100 (20/20); Participation: moderate (0.88x) (12/20); Higher timeframe: aligned (-2) (16/20),Wide CPR,Wide Downside Watch,Watch,Wide CPR + close below CPR; trend aligned; participation light,-2,0,0,-2
2026-09-30,2026-09-30,CM,NSE,STK,2004,INE00PV01013,AHLADA,EQ,,,,,AHLADA ENGINEERS LIMITED,37.9,38.74,37.05,37.09,37.06,37.15,,37.09,,,2221,83356.8,50,F1,1,,,,,,Cash Only,Diversified,False,38.57,37.06,37.15,37.593333333333334,37.815,37.37166666666667,37.815,37.37166666666667,0.44333333333332803,1.1933602512337227,Wide,Bearish,Below CPR,37.626666666666665,37.894999999999996,37.358333333333334,37.894999999999996,37.358333333333334,0.5366666666666617,1.4469308888289611,Wide,False,False,0.21666666666666667,60,336761.745,False,False,Lower,True,Risk Off,True,None,2.8121428571428573,37.680400000000006,38.8975,0.1576496486326287,0.2475245518162997,False,False,Short,0.5,None,None,0,No active J-Curve setup.,Short,72,Confirmed,CPR width: Wide; directional confirmation limited (8/20); Price location: Below CPR (20/20); Trend: aligned with SMA50/SMA100 (20/20); Participation: light (0.25x) (4/20); Higher timeframe: strongly aligned (-4) (20/20),Wide CPR,Wide Downside Watch,Watch,Wide CPR + close below CPR; trend aligned; participation light,-2,0,-2,-4
2026-09-30,2026-09-30,CM,NSE,STK,30554,INE333I01044,NEUEON,BE,,,,,NEUEON CORPORATION LTD,13.85,15.06,13.64,15.06,15.06,14.35,,15.32,,,77987,1136117.55,147,F1,1,,,,,,Cash Only,Diversified,False,15.85,14.35,14.35,14.85,15.1,14.6,15.1,14.6,0.5,3.484320557491289,Wide,Bearish,Inside CPR,14.586666666666668,14.350000000000001,14.823333333333334,14.823333333333334,14.350000000000001,0.4733333333333327,3.1429836210712665,Wide,False,False,0.125,20,342678.115,True,True,Higher,True,Risk Off,True,None,0.7028571428571431,,,0.711382113821138,3.315407375810971,False,False,Watch Short,0.0,None,None,0,No active J-Curve setup.,Short,70,Confirmed,CPR width: Wide; directional confirmation limited (8/20); Price location: Inside CPR; watch state (10/20); Trend: aligned with SMA50/SMA100 (20/20); Participation: confirmed (3.32x) (20/20); Higher timeframe: slightly aligned (-1) (12/20),Wide CPR,Wide Consolidation,Watch,Wide CPR + close inside CPR; consolidation/range watch,-1,0,0,-1
2026-09-30,2026-09-30,CM,NSE,STK,10993,INE156A01020,INDORAMA,EQ,,,,,INDO RAMA SYNTHETICS LTD,105.85,107.5,99.0,100.36,99.95,103.44,,100.37,,,1164796,120639239.6,14631,F1,1,,,,,,Cash Only,Diversified,False,104.45,94.8,103.44,100.89666666666666,99.625,102.16833333333332,102.16833333333332,99.625,2.5433333333333223,2.4587522557360035,Wide,Bullish,Inside CPR,102.28666666666668,103.25,101.32333333333335,103.25,101.32333333333335,1.926666666666648,1.9197555466985334,Wide,False,False,0.18333333333333332,60,31109246.310000002,True,True,Outside,True,Risk Off,True,None,9.630714285714287,69.3822,56.6337,0.26408563870552926,3.8779222870860988,True,True,Watch Long,0.0,None,None,0,No active J-Curve setup.,Long,70,Confirmed,CPR width: Wide; directional confirmation limited (8/20); Price location: Inside CPR; watch state (10/20); Trend: aligned with SMA50/SMA100 (20/20); Participation: confirmed (3.88x) (20/20); Higher timeframe: slightly aligned (+1) (12/20),Wide CPR,Wide Consolidation,Watch,Wide CPR + close inside CPR; consolidation/range watch,1,0,0,1
2026-09-30,2026-09-30,CM,NSE,STK,17818,INE214T01019,LTM,EQ,,,,,LTM LIMITED,3979.9,4138.0,3979.9,4045.0,4045.0,3936.0,,4044.94,,,463734,1882426313.4,37839,F1,1,,,,,,F&O + Cash,Information Technology,True,4183.6,3936.0,3936.0,4018.5333333333333,4059.8,3977.2666666666664,4059.8,3977.2666666666664,82.53333333333376,2.096883468834699,Wide,Bearish,Inside CPR,4054.2999999999997,4058.95,4049.6499999999996,4058.95,4049.6499999999996,9.300000000000182,0.22991347342398472,Narrow,False,False,0.23333333333333334,60,1508849005.25,False,False,Overlapping,True,Risk Off,True,None,145.52142857142852,4415.176,4193.126,0.5671558762414338,1.2475909165530465,False,False,Watch Short,0.0,None,None,0,No active J-Curve setup.,Short,70,Confirmed,CPR width: Wide; directional confirmation limited (8/20); Price location: Inside CPR; watch state (10/20); Trend: aligned with SMA50/SMA100 (20/20); Participation: confirmed (1.25x) (20/20); Higher timeframe: slightly aligned (-1) (12/20),Wide CPR,Wide Consolidation,Watch,Wide CPR + close inside CPR; consolidation/range watch,-1,0,0,-1
2026-09-30,2026-09-30,CM,NSE,STK,23056,INE0MB501011,JGCHEM,EQ,,,,,J.G.CHEMICALS LIMITED,671.55,688.0,617.5,645.1,638.0,658.65,,644.8,,,1421545,947674646.2,47504,F1,1,,,,,,Cash Only,Chemicals & Fertilizers,False,667.2,611.05,658.65,645.6333333333333,639.125,652.1416666666667,652.1416666666667,639.125,13.016666666666652,1.9762645815936615,Wide,Bullish,Inside CPR,650.1999999999999,652.75,647.6499999999999,652.75,647.6499999999999,5.100000000000136,0.7905751046349614,Wide,False,False,0.2,60,163896441.35000002,True,True,Higher,True,Risk Off,True,None,34.31785714285714,582.0790000000001,503.31100000000004,0.3792971866652786,5.782155112057898,True,True,Watch Long,0.0,None,None,0,No active J-Curve setup.,Long,70,Confirmed,CPR width: Wide; directional confirmation limited (8/20); Price location: Inside CPR; watch state (10/20); Trend: aligned with SMA50/SMA100 (20/20); Participation: confirmed (5.78x) (20/20); Higher timeframe: slightly aligned (+1) (12/20),Wide CPR,Wide Consolidation,Watch,Wide CPR + close inside CPR; consolidation/range watch,1,0,0,1
2026-09-30,2026-09-30,CM,NSE,STK,19142,INE240C01028,UMESLTD,EQ,,,,,USHA MARTIN EDU & SOL LTD,4.69,4.69,4.15,4.49,4.5,4.41,,4.49,,,22388,99717.74,134,F1,1,,,,,,Cash Only,Diversified,False,4.71,4.35,4.41,4.489999999999999,4.529999999999999,4.449999999999999,4.529999999999999,4.449999999999999,0.08000000000000007,1.8140589569161012,Wide,Bearish,Inside CPR,4.443333333333333,4.42,4.466666666666667,4.466666666666667,4.42,0.046666666666666856,1.0393466963622908,Wide,False,False,0.03333333333333333,60,96472.9,True,True,Lower,True,Risk Off,True,None,0.42571428571428566,5.2398,5.1566,0.18791946308724852,1.033634730582371,False,False,Watch Short,0.0,None,None,0,No active J-Curve setup.,Short,70,Confirmed,CPR width: Wide; directional confirmation limited (8/20); Price location: Inside CPR; watch state (10/20); Trend: aligned with SMA50/SMA100 (20/20); Participation: confirmed (1.03x) (20/20); Higher timeframe: slightly aligned (-1) (12/20),Wide CPR,Wide Consolidation,Watch,Wide CPR + close inside CPR; consolidation/range watch,-1,0,0,-1
2026-09-30,2026-09-30,CM,NSE,STK,13,INE117A01022,ABB,EQ,,,,,ABB INDIA LIMITED,6801.0,6927.5,6771.0,6776.0,6776.0,6660.5,,6775.54,,,229223,1571344469.5,35422,F1,1,,,,,,F&O + Cash,Capital Goods,True,6953.0,6660.5,6660.5,6758.0,6806.75,6709.25,6806.75,6709.25,97.5,1.4638540650101344,Wide,Bearish,Inside CPR,6824.833333333333,6849.25,6800.416666666666,6849.25,6800.416666666666,48.83333333333394,0.7206808343172069,Moderate,False,False,0.06666666666666667,60,1443720083.75,True,True,Lower,True,Risk Off,True,None,171.96428571428572,7403.9,7165.185,0.5669781931464174,1.0883996746921336,False,False,Watch Short,0.0,None,None,0,No active J-Curve setup.,Short,70,Confirmed,CPR width: Wide; directional confirmation limited (8/20); Price location: Inside CPR; watch state (10/20); Trend: aligned with SMA50/SMA100 (20/20); Participation: confirmed (1.09x) (20/20); Higher timeframe: slightly aligned (-1) (12/20),Wide CPR,Wide Consolidation,Watch,Wide CPR + close inside CPR; consolidation/range watch,-1,0,0,-1
2026-09-30,2026-09-30,CM,NSE,STK,764980,INE359B01010,VEDAVAAG,EQ,,,,,VEDAVAAG SYSTEMS LTD.,22.06,22.96,21.81,22.24,22.4,22.06,,22.27,,,43880,980085.36,2041,F1,1,,,,,,Cash Only,Diversified,False,23.38,21.66,22.06,22.366666666666664,22.52,22.213333333333328,22.52,22.213333333333328,0.30666666666667197,1.39014808099126,Wide,Bearish,Inside CPR,22.336666666666662,22.384999999999998,22.288333333333327,22.384999999999998,22.288333333333327,0.09666666666667112,0.43465227817747804,Moderate,False,False,0.03225806451612903,31,586983.7,True,True,Overlapping,True,Risk Off,True,None,2.3707142857142856,,,0.12935623179672817,1.6696977445881378,False,False,Watch Short,0.0,None,None,0,No active J-Curve setup.,Short,70,Confirmed,CPR width: Wide; directional confirmation limited (8/20); Price location: Inside CPR; watch state (10/20); Trend: aligned with SMA50/SMA100 (20/20); Participation: confirmed (1.67x) (20/20); Higher timeframe: slightly aligned (-1) (12/20),Wide CPR,Wide Consolidation,Watch,Wide CPR + close inside CPR; consolidation/range watch,-1,0,0,-1
2026-09-30,2026-09-30,CM,NSE,STK,14198,INE325A01013,TIMKEN,EQ,,,,,TIMKEN INDIA LTD.,3116.6,3145.0,3075.0,3136.0,3140.0,3086.2,,3135.84,,,76082,236964309.1,17223,F1,1,,,,,,Cash Only,Capital Goods,True,3213.8,3065.0,3086.2,3121.6666666666665,3139.4,3103.933333333333,3139.4,3103.933333333333,35.46666666666715,1.1492018231698253,Wide,Bearish,Inside CPR,3118.6666666666665,3110.0,3127.333333333333,3127.333333333333,3110.0,17.33333333333303,0.5527210884353645,Moderate,False,False,0.08333333333333333,60,103695091.69999999,True,False,Lower,True,Risk Off,True,None,125.90000000000009,3183.19,3341.426,0.2817050569234879,2.2852027537191524,False,False,Watch Short,0.0,None,None,0,No active J-Curve setup.,Short,70,Confirmed,CPR width: Wide; directional confirmation limited (8/20); Price location: Inside CPR; watch state (10/20); Trend: aligned with SMA50/SMA100 (20/20); Participation: confirmed (2.29x) (20/20); Higher timeframe: slightly aligned (-1) (12/20),Wide CPR,Wide Consolidation,Watch,Wide CPR + close inside CPR; consolidation/range watch,-1,0,0,-1
2026-09-30,2026-09-30,CM,NSE,STK,778,INE055C01020,KEEPLEARN,EQ,,,,,DSJ KEEP LEARNING LTD,1.84,1.89,1.82,1.85,1.85,1.84,,1.85,,,39242,72212.57,54,F1,1,,,,,,Cash Only,Diversified,False,1.92,1.82,1.84,1.86,1.87,1.85,1.87,1.85,0.020000000000000018,1.0869565217391313,Wide,Bearish,Inside CPR,1.8533333333333335,1.855,1.851666666666667,1.855,1.851666666666667,0.0033333333333329662,0.18018018018016033,Narrow,False,False,0.23333333333333334,60,50991.134999999995,True,True,Outside,True,Risk Off,True,None,0.11142857142857131,1.8954,1.9417,0.17948717948717985,1.4161789103145088,False,False,Watch Short,0.0,None,None,0,No active J-Curve setup.,Short,70,Confirmed,CPR width: Wide; directional confirmation limited (8/20); Price location: Inside CPR; watch state (10/20); Trend: aligned with SMA50/SMA100 (20/20); Participation: confirmed (1.42x) (20/20); Higher timeframe: slightly aligned (-1) (12/20),Wide CPR,Wide Consolidation,Watch,Wide CPR + close inside CPR; consolidation/range watch,-1,0,0,-1
2026-09-30,2026-09-30,CM,NSE,STK,18151,INE395N01027,TVSSCS,EQ,,,,,TVS SUPPLY CHAIN SOL L,131.0,134.4,130.05,130.57,130.35,131.3,,130.57,,,488937,64253177.34,10476,F1,1,,,,,,Cash Only,Diversified,False,132.62,125.74,131.3,129.88666666666668,129.18,130.59333333333336,130.59333333333336,129.18,1.4133333333333553,1.0764153338410931,Wide,Bullish,Inside CPR,131.67333333333335,132.22500000000002,131.12166666666667,132.22500000000002,131.12166666666667,1.103333333333353,0.8450128921906663,Wide,False,False,0.016666666666666666,60,64174702.34,True,True,Outside,True,Risk Off,True,None,4.719999999999994,130.144,129.6577,0.2994350282485926,1.0012228338759444,True,True,Watch Long,0.0,None,None,0,No active J-Curve setup.,Long,70,Confirmed,CPR width: Wide; directional confirmation limited (8/20); Price location: Inside CPR; watch state (10/20); Trend: aligned with SMA50/SMA100 (20/20); Participation: confirmed (1.00x) (20/20); Higher timeframe: slightly aligned (+1) (12/20),Wide CPR,Wide Consolidation,Watch,Wide CPR + close inside CPR; consolidation/range watch,1,0,0,1
2026-09-30,2026-09-30,CM,NSE,STK,6568,INE801V01019,LAXMICOT,EQ,,,,,LAXMI COTSPIN LIMITED,12.84,13.5,12.84,13.01,13.0,12.85,,13.01,,,18035,235590.53,117,F1,1,,,,,,Cash Only,Diversified,False,13.4,12.69,12.85,12.979999999999999,13.045,12.914999999999997,13.045,12.914999999999997,0.13000000000000256,1.0116731517509927,Wide,Bearish,Inside CPR,13.116666666666667,13.17,13.063333333333334,13.17,13.063333333333334,0.10666666666666558,0.8198821419420875,Wide,False,False,0.13333333333333333,60,147923.07,True,True,Lower,True,Risk Off,True,None,0.8714285714285713,13.6818,14.439199999999998,0.1491803278688554,1.5926557635668324,False,False,Watch Short,0.0,None,None,0,No active J-Curve setup.,Short,70,Confirmed,CPR width: Wide; directional confirmation limited (8/20); Price location: Inside CPR; watch state (10/20); Trend: aligned with SMA50/SMA100 (20/20); Participation: confirmed (1.59x) (20/20); Higher timeframe: slightly aligned (-1) (12/20),Wide CPR,Wide Consolidation,Watch,Wide CPR + close inside CPR; consolidation/range watch,-1,0,0,-1
2026-09-30,2026-09-30,CM,NSE,STK,14687,INE426D01013,GOACARBON,EQ,,,,,GOA CARBON LIMITED,408.85,414.45,401.3,404.95,405.85,408.85,,404.95,,,17841,7281742.9,1223,F1,1,,,,,,Cash Only,Diversified,False,409.85,396.55,408.85,405.0833333333333,403.20000000000005,406.9666666666666,406.9666666666666,403.20000000000005,3.766666666666538,0.9212832742244192,Wide,Bullish,Inside CPR,406.90000000000003,407.875,405.92500000000007,407.875,405.92500000000007,1.9499999999999318,0.4815409309791164,Moderate,False,False,0.23333333333333334,60,5463836.075,False,False,Higher,True,Risk Off,True,None,26.500000000000004,379.73,387.89149999999995,0.14213836477986933,1.3327162089137163,True,True,Watch Long,0.0,None,None,0,No active J-Curve setup.,Long,70,Confirmed,CPR width: Wide; directional confirmation limited (8/20); Price location: Inside CPR; watch state (10/20); Trend: aligned with SMA50/SMA100 (20/20); Participation: confirmed (1.33x) (20/20); Higher timeframe: slightly aligned (+1) (12/20),Wide CPR,Wide Consolidation,Watch,Wide CPR + close inside CPR; consolidation/range watch,1,0,0,1
2026-09-30,2026-09-30,CM,NSE,STK,495,INE233B01017,BLUEDART,EQ,,,,,BLUE DART EXPRESS LTD,4574.9,4654.2,4539.3,4629.0,4636.0,4576.0,,4628.83,,,14406,66370271.1,3316,F1,1,,,,,,Cash Only,Services,True,4751.9,4523.0,4576.0,4616.966666666666,4637.45,4596.483333333333,4637.45,4596.483333333333,40.96666666666715,0.8952505827505933,Wide,Bearish,Inside CPR,4607.5,4596.75,4618.25,4618.25,4596.75,21.5,0.4644631669907107,Moderate,False,False,0.016666666666666666,60,32631425.1,True,True,Lower,True,Risk Off,True,None,89.65714285714284,4989.86,4942.381,0.45692585510941697,2.03393725209997,False,False,Watch Short,0.0,None,None,0,No active J-Curve setup.,Short,70,Confirmed,CPR width: Wide; directional confirmation limited (8/20); Price location: Inside CPR; watch state (10/20); Trend: aligned with SMA50/SMA100 (20/20); Participation: confirmed (2.03x) (20/20); Higher timeframe: slightly aligned (-1) (12/20),Wide CPR,Wide Consolidation,Watch,Wide CPR + close inside CPR; consolidation/range watch,-1,0,0,-1
2026-09-30,2026-09-30,CM,NSE,STK,11606,INE742B01025,GUFICBIO,EQ,,,,,GUFIC BIOSCIENCES LTD.,438.8,452.0,429.0,432.0,429.0,436.5,,431.99,,,150453,66508700.35,5275,F1,1,,,,,,Cash Only,Healthcare & Pharma,False,445.0,416.35,436.5,432.6166666666666,430.675,434.5583333333332,434.5583333333332,430.675,3.883333333333212,0.8896525391370474,Wide,Bullish,Inside CPR,437.6666666666667,440.5,434.83333333333337,440.5,434.83333333333337,5.666666666666629,1.3117283950617196,Wide,False,False,0.21666666666666667,60,31114659.65,True,False,Higher,True,Risk Off,True,None,16.38214285714284,416.58299999999997,384.61650000000003,0.23704672625535222,2.1375358463868013,True,True,Watch Long,0.0,None,None,0,No active J-Curve setup.,Long,70,Confirmed,CPR width: Wide; directional confirmation limited (8/20); Price location: Inside CPR; watch state (10/20); Trend: aligned with SMA50/SMA100 (20/20); Participation: confirmed (2.14x) (20/20); Higher timeframe: slightly aligned (+1) (12/20),Wide CPR,Wide Consolidation,Watch,Wide CPR + close inside CPR; consolidation/range watch,1,0,0,1
2026-09-30,2026-09-30,CM,NSE,STK,11536,INE467B01029,TCS,EQ,,,,,TATA CONSULTANCY SERV LT,2069.0,2101.0,2050.6,2050.6,2050.6,2032.4,,2050.59,,,3656425,7578320461.1,124004,F1,1,,,,,,F&O + Cash,Information Technology,True,2085.1,2032.4,2032.4,2049.9666666666667,2058.75,2041.1833333333334,2058.75,2041.1833333333334,17.566666666666606,0.8643311684051665,Wide,Bearish,Inside CPR,2067.4,2075.8,2059.0,2075.8,2059.0,16.800000000000182,0.8192724080756941,Wide,False,False,0.13333333333333333,60,6842815981.0,False,False,Lower,True,Risk Off,True,None,63.035714285714285,2282.512,2240.84,0.2786779981114249,1.107485643650542,False,False,Watch Short,0.0,None,None,0,No active J-Curve setup.,Short,70,Confirmed,CPR width: Wide; directional confirmation limited (8/20); Price location: Inside CPR; watch state (10/20); Trend: aligned with SMA50/SMA100 (20/20); Participation: confirmed (1.11x) (20/20); Higher timeframe: slightly aligned (-1) (12/20),Wide CPR,Wide Consolidation,Watch,Wide CPR + close inside CPR; consolidation/range watch,-1,0,0,-1
2026-09-30,2026-09-30,CM,NSE,STK,3339,INE660A01013,SUNDARMFIN,EQ,,,,,SUNDARAM FINANCE LTD,4325.0,4407.8,4315.0,4355.0,4353.2,4334.8,,4354.95,,,54266,236271456.0,16194,F1,1,,,,,,Cash Only,Financial Services,True,4462.8,4310.1,4334.8,4369.233333333334,4386.450000000001,4352.016666666666,4386.450000000001,4352.016666666666,34.4333333333343,0.7943465288671749,Wide,Bearish,Inside CPR,4359.266666666666,4361.4,4357.133333333333,4361.4,4357.133333333333,4.266666666666424,0.09797168006122672,Narrow,False,False,0.15,60,192483222.75,True,True,Lower,True,Risk Off,True,None,131.09285714285716,4578.71,4516.155,0.2626636880437423,1.2274911684478225,False,False,Watch Short,0.0,None,None,0,No active J-Curve setup.,Short,70,Confirmed,CPR width: Wide; directional confirmation limited (8/20); Price location: Inside CPR; watch state (10/20); Trend: aligned with SMA50/SMA100 (20/20); Participation: confirmed (1.23x) (20/20); Higher timeframe: slightly aligned (-1) (12/20),Wide CPR,Wide Consolidation,Watch,Wide CPR + close inside CPR; consolidation/range watch,-1,0,0,-1
2026-09-30,2026-09-30,CM,NSE,STK,13359,INE138Y01010,KFINTECH,EQ,,,,,KFIN TECHNOLOGIES LIMITED,840.0,853.8,837.4,840.0,840.0,838.2,,840.04,,,489013,413751847.95,24368,F1,1,,,,,,F&O + Cash,Financial Services,True,889.45,838.2,838.2,855.2833333333334,863.825,846.7416666666668,863.825,846.7416666666668,17.083333333333258,2.0380975105384462,Wide,Bearish,Below CPR,843.7333333333332,845.5999999999999,841.8666666666666,845.5999999999999,841.8666666666666,3.7333333333333485,0.44444444444444625,Moderate,False,False,0.15,60,622634477.65,True,False,Lower,True,Risk Off,True,None,24.30714285714286,926.2310000000001,894.1439999999999,0.7028112449799164,0.6645180483927222,False,False,Short,0.5,None,None,0,No active J-Curve setup.,Short,68,Confirmed,CPR width: Wide; directional confirmation limited (8/20); Price location: Below CPR (20/20); Trend: aligned with SMA50/SMA100 (20/20); Participation: light (0.66x) (4/20); Higher timeframe: aligned (-2) (16/20),Wide CPR,Wide Downside Watch,Watch,Wide CPR + close below CPR; trend aligned; participation light,-2,0,0,-2
2026-09-30,2026-09-30,CM,NSE,STK,6839,INE593W01028,FOCUS,BE,,,,,FOCUS LIGHTG & FIXTRS LTD,58.3,58.3,56.26,56.52,56.26,57.07,,56.52,,,17513,1002241.53,281,F1,1,,,,,,Cash Only,Diversified,False,59.75,57.0,57.07,57.94,58.375,57.504999999999995,58.375,57.504999999999995,0.8700000000000045,1.524443665673742,Wide,Bearish,Below CPR,57.02666666666667,57.28,56.77333333333334,57.28,56.77333333333334,0.5066666666666606,0.8964378391129876,Wide,False,False,0.1,60,7938600.555,True,True,Lower,True,Risk Off,True,None,2.212142857142857,77.7646,75.1067,0.393283823054571,0.1262491446768605,False,False,Short,0.5,None,None,0,No active J-Curve setup.,Short,68,Confirmed,CPR width: Wide; directional confirmation limited (8/20); Price location: Below CPR (20/20); Trend: aligned with SMA50/SMA100 (20/20); Participation: light (0.13x) (4/20); Higher timeframe: aligned (-2) (16/20),Wide CPR,Wide Downside Watch,Watch,Wide CPR + close below CPR; trend aligned; participation light,-2,0,0,-2
2026-09-30,2026-09-30,CM,NSE,STK,12188,INE510W01014,INOXGREEN,EQ,,,,,INOX GREEN ENERGY SER LTD,164.79,166.82,160.0,161.07,161.0,163.96,,161.06,,,413754,67445895.15,7868,F1,1,,,,,,Cash Only,Diversified,False,171.0,162.8,163.96,165.92,166.9,164.93999999999997,166.9,164.93999999999997,1.9600000000000364,1.1954135154916055,Wide,Bearish,Below CPR,162.63,163.41,161.85,163.41,161.85,1.5600000000000023,0.968523002421309,Wide,False,False,0.03333333333333333,60,228478011.02,True,True,Lower,True,Risk Off,True,None,6.129285714285713,180.0014,182.96489999999997,0.31977624985433534,0.29519643859336675,False,False,Short,0.5,None,None,0,No active J-Curve setup.,Short,68,Confirmed,CPR width: Wide; directional confirmation limited (8/20); Price location: Below CPR (20/20); Trend: aligned with SMA50/SMA100 (20/20); Participation: light (0.30x) (4/20); Higher timeframe: aligned (-2) (16/20),Wide CPR,Wide Downside Watch,Watch,Wide CPR + close below CPR; trend aligned; participation light,-2,0,0,-2
2026-09-30,2026-09-30,CM,NSE,STK,757658,INE771F01041,FISCHER,EQ,,,,,FISCHER MEDICAL VENTURE L,33.68,34.7,33.35,33.55,33.59,33.68,,33.55,,,284295,9601688.27,1278,F1,1,,,,,,Cash Only,Diversified,False,35.5,32.85,33.68,34.01,34.175,33.845,34.175,33.845,0.3299999999999983,0.9798099762470258,Wide,Bearish,Below CPR,33.86666666666667,34.025000000000006,33.70833333333333,34.025000000000006,33.70833333333333,0.3166666666666771,0.943864878291139,Wide,False,False,0.06666666666666667,60,45294838.39,True,True,Lower,True,Risk Off,True,None,1.9699999999999984,36.578399999999995,36.4846,0.16751269035532923,0.2119819522773663,False,False,Short,0.5,None,None,0,No active J-Curve setup.,Short,68,Confirmed,CPR width: Wide; directional confirmation limited (8/20); Price location: Below CPR (20/20); Trend: aligned with SMA50/SMA100 (20/20); Participation: light (0.21x) (4/20); Higher timeframe: aligned (-2) (16/20),Wide CPR,Wide Downside Watch,Watch,Wide CPR + close below CPR; trend aligned; participation light,-2,0,0,-2
2026-09-30,2026-09-30,CM,NSE,STK,762924,INE132C01027,SURYALA,EQ,,,,,SURYALATA SPINNING MILL L,380.0,385.0,376.35,377.0,377.0,376.65,,377.0,,,350,132673.15,44,F1,1,,,,,,Cash Only,Diversified,False,387.7,376.05,376.65,380.1333333333334,381.875,378.39166666666677,381.875,378.39166666666677,3.483333333333235,0.9248196822868008,Wide,Bearish,Below CPR,379.45,380.675,378.22499999999997,380.675,378.22499999999997,2.4500000000000455,0.649867374005317,Moderate,False,False,0.05,60,371249.7,True,True,Lower,True,Risk Off,True,None,17.61785714285714,398.99300000000005,411.59549999999996,0.1977160618960685,0.3573690429918192,False,False,Short,0.5,None,None,0,No active J-Curve setup.,Short,68,Confirmed,CPR width: Wide; directional confirmation limited (8/20); Price location: Below CPR (20/20); Trend: aligned with SMA50/SMA100 (20/20); Participation: light (0.36x) (4/20); Higher timeframe: aligned (-2) (16/20),Wide CPR,Wide Downside Watch,Watch,Wide CPR + close below CPR; trend aligned; participation light,-2,0,0,-2
2026-09-30,2026-09-30,CM,NSE,STK,14296,INE807F01027,VIYASH,EQ,,,,,VIYASH SCIENTIFIC LIMITED,238.8,242.5,235.05,235.8,235.3,238.05,,235.8,,,1248944,297142410.75,16892,F1,1,,,,,,Cash Only,Diversified,False,245.9,235.8,238.05,239.91666666666666,240.85000000000002,238.9833333333333,240.85000000000002,238.9833333333333,1.866666666666731,0.7841489883078056,Wide,Bearish,Below CPR,237.78333333333333,238.775,236.79166666666666,238.775,236.79166666666666,1.9833333333333485,0.8411082838563818,Wide,False,False,0.21666666666666667,60,549055619.9749999,False,False,Lower,True,Risk Off,True,None,8.214285714285708,259.168,258.4353,0.2272463768116022,0.5411881782824293,False,False,Short,0.5,None,None,0,No active J-Curve setup.,Short,68,Confirmed,CPR width: Wide; directional confirmation limited (8/20); Price location: Below CPR (20/20); Trend: aligned with SMA50/SMA100 (20/20); Participation: light (0.54x) (4/20); Higher timeframe: aligned (-2) (16/20),Wide CPR,Wide Downside Watch,Watch,Wide CPR + close below CPR; trend aligned; participation light,-2,0,0,-2
2026-09-30,2026-09-30,CM,NSE,STK,14403,INE952H01027,RAJTV,EQ,,,,,RAJ TV NETWORK LTD,10.58,11.09,10.08,10.88,11.0,10.59,,10.85,,,58444,604109.01,226,F1,1,,,,,,Cash Only,Diversified,False,11.6,10.59,10.59,10.926666666666668,11.094999999999999,10.758333333333336,11.094999999999999,10.758333333333336,0.33666666666666245,3.179099779666312,Wide,Bearish,Inside CPR,10.683333333333335,10.585,10.78166666666667,10.78166666666667,10.585,0.196666666666669,1.8075980392157076,Wide,False,False,0.03333333333333333,60,358686.14,True,True,Higher,True,Risk Off,True,None,0.5599999999999997,10.075800000000001,12.572899999999999,0.601190476190469,1.6842273582135066,True,False,Watch Short,0.0,None,None,0,No active J-Curve setup.,Short,62,Mixed,CPR width: Wide; directional confirmation limited (8/20); Price location: Inside CPR; watch state (10/20); Trend: partially aligned (1/2) (12/20); Participation: confirmed (1.68x) (20/20); Higher timeframe: slightly aligned (-1) (12/20),Wide CPR,Wide Consolidation,Watch,Wide CPR + close inside CPR; consolidation/range watch,-1,0,0,-1
2026-09-30,2026-09-30,CM,NSE,STK,11543,INE591G01025,COFORGE,EQ,,,,,COFORGE LIMITED,1757.6,1824.4,1749.1,1749.1,1749.1,1722.0,,1749.1,,,3113656,5563588495.0,102007,F1,1,,,,,,F&O + Cash,Information Technology,True,1813.8,1722.0,1722.0,1752.6000000000001,1767.9,1737.3000000000002,1767.9,1737.3000000000002,30.59999999999991,1.7770034843205522,Wide,Bearish,Inside CPR,1774.2,1786.75,1761.65,1786.75,1761.65,25.09999999999991,1.435023726487903,Wide,False,False,0.11666666666666667,60,3599653136.1,False,False,Lower,True,Risk Off,True,None,64.77142857142859,1797.3,1616.5080000000003,0.47243052492280396,1.5455901678981774,False,True,Watch Short,0.0,None,None,0,No active J-Curve setup.,Short,62,Mixed,CPR width: Wide; directional confirmation limited (8/20); Price location: Inside CPR; watch state (10/20); Trend: partially aligned (1/2) (12/20); Participation: confirmed (1.55x) (20/20); Higher timeframe: slightly aligned (-1) (12/20),Wide CPR,Wide Consolidation,Watch,Wide CPR + close inside CPR; consolidation/range watch,-1,0,0,-1
2026-09-30,2026-09-30,CM,NSE,STK,7229,INE860A01027,HCLTECH,EQ,,,,,HCL TECHNOLOGIES LTD,1229.0,1256.4,1224.8,1230.0,1230.0,1222.0,,1230.0,,,4242658,5232092984.9,81494,F1,1,,,,,,F&O + Cash,Information Technology,True,1261.0,1222.0,1222.0,1235.0,1241.5,1228.5,1241.5,1228.5,13.0,1.0638297872340425,Wide,Bearish,Inside CPR,1237.0666666666666,1240.6,1233.5333333333333,1240.6,1233.5333333333333,7.066666666666606,0.5745257452574476,Moderate,False,False,0.08333333333333333,60,3414236658.85,True,False,Lower,True,Risk Off,True,None,38.142857142857146,1299.386,1225.526,0.3408239700374532,1.532434188865601,False,True,Watch Short,0.0,None,None,0,No active J-Curve setup.,Short,62,Mixed,CPR width: Wide; directional confirmation limited (8/20); Price location: Inside CPR; watch state (10/20); Trend: partially aligned (1/2) (12/20); Participation: confirmed (1.53x) (20/20); Higher timeframe: slightly aligned (-1) (12/20),Wide CPR,Wide Consolidation,Watch,Wide CPR + close inside CPR; consolidation/range watch,-1,0,0,-1
2026-09-30,2026-09-30,CM,NSE,STK,13538,INE669C01036,TECHM,EQ,,,,,TECH MAHINDRA LIMITED,1524.6,1559.5,1518.0,1524.0,1524.0,1510.5,,1524.0,,,2794174,4289289869.4,81207,F1,1,,,,,,F&O + Cash,Information Technology,True,1557.5,1510.5,1510.5,1526.1666666666667,1534.0,1518.3333333333335,1534.0,1518.3333333333335,15.666666666666515,1.0371841553569359,Wide,Bearish,Inside CPR,1533.8333333333333,1538.75,1528.9166666666665,1538.75,1528.9166666666665,9.833333333333485,0.6452318460192575,Moderate,False,False,0.016666666666666666,60,3153385070.85,True,True,Lower,True,Risk Off,True,None,40.714285714285765,1591.8919999999998,1522.116,0.3847953216374227,1.360217598875045,False,True,Watch Short,0.0,None,None,0,No active J-Curve setup.,Short,62,Mixed,CPR width: Wide; directional confirmation limited (8/20); Price location: Inside CPR; watch state (10/20); Trend: partially aligned (1/2) (12/20); Participation: confirmed (1.36x) (20/20); Higher timeframe: slightly aligned (-1) (12/20),Wide CPR,Wide Consolidation,Watch,Wide CPR + close inside CPR; consolidation/range watch,-1,0,0,-1
2026-09-30,2026-09-30,CM,NSE,STK,1593,INE0APB01032,MGEL,EQ,,,,,MANGALAM GLOBAL ENT LTD,16.14,16.19,15.61,15.89,15.9,16.11,,15.89,,,235063,3755504.95,464,F1,1,,,,,,Cash Only,Diversified,False,16.2,15.55,16.11,15.953333333333333,15.875,16.031666666666666,16.031666666666666,15.875,0.1566666666666663,0.9724808607490149,Wide,Bullish,Inside CPR,15.896666666666667,15.9,15.893333333333333,15.9,15.893333333333333,0.006666666666667709,0.041955108034409744,Narrow,False,False,0.1,60,4538850.585,False,False,Overlapping,True,Risk Off,True,None,0.8214285714285715,14.509400000000001,13.005900000000002,0.19072463768115894,0.8274132139117332,True,True,Watch Long,0.0,None,None,0,No active J-Curve setup.,Long,62,Mixed,CPR width: Wide; directional confirmation limited (8/20); Price location: Inside CPR; watch state (10/20); Trend: aligned with SMA50/SMA100 (20/20); Participation: moderate (0.83x) (12/20); Higher timeframe: slightly aligned (+1) (12/20),Wide CPR,Wide Consolidation,Watch,Wide CPR + close inside CPR; consolidation/range watch,1,0,0,1
2026-09-30,2026-09-30,CM,NSE,STK,4041,INE785A01026,JAYAGROGN,EQ,,,,,JAYANT AGRO ORGANICS LTD,224.77,226.14,222.7,223.18,223.0,225.44,,223.17,,,7967,1785565.2,278,F1,1,,,,,,Cash Only,Chemicals & Fertilizers,False,233.48,223.0,225.44,227.3066666666667,228.24,226.3733333333334,228.24,226.3733333333334,1.8666666666666174,0.8280104092736946,Wide,Bearish,Below CPR,224.00666666666666,224.42,223.59333333333333,224.42,223.59333333333333,0.8266666666666538,0.37040356065357727,Moderate,False,False,0.08333333333333333,60,2608922.375,True,False,Lower,True,Risk Off,True,Bearish Virgin,11.974285714285712,227.8968,222.62539999999998,0.15588960470849827,0.6844071778870001,False,True,Short,0.5,None,None,0,No active J-Curve setup.,Short,60,Mixed,CPR width: Wide; directional confirmation limited (8/20); Price location: Below CPR (20/20); Trend: partially aligned (1/2) (12/20); Participation: light (0.68x) (4/20); Higher timeframe: aligned (-2) (16/20),Wide CPR,Wide Downside Watch,Watch,Wide CPR + close below CPR; trend mixed; participation light,-2,0,0,-2
2026-09-30,2026-09-30,CM,NSE,STK,11394,INE358U01012,ZOTA,EQ,,,,,ZOTA HEALTH CARE LIMITED,1309.4,1331.7,1276.0,1294.7,1305.0,1300.2,,1294.7,,,44545,57707259.5,4168,F1,1,,,,,,Cash Only,Diversified,False,1346.9,1291.0,1300.2,1312.7,1318.95,1306.45,1318.95,1306.45,12.5,0.9613905552991847,Wide,Bearish,Below CPR,1300.8,1303.85,1297.75,1303.85,1297.75,6.099999999999909,0.47115161813546835,Moderate,False,False,0.06666666666666667,60,60345001.8,True,True,Lower,True,Risk Off,True,None,58.72142857142857,1190.53,1236.5510000000002,0.21286948059846736,0.9562889680782146,True,True,Short,0.5,None,None,0,No active J-Curve setup.,Short,56,Mixed,CPR width: Wide; directional confirmation limited (8/20); Price location: Below CPR (20/20); Trend: opposes SMA direction (0/20); Participation: moderate (0.96x) (12/20); Higher timeframe: aligned (-2) (16/20),Wide CPR,Wide Downside Watch,Watch,Wide CPR + close below CPR; trend opposes; participation light,-2,0,0,-2
2026-09-30,2026-09-30,CM,NSE,STK,3637,INE700A01033,JUBLPHARMA,EQ,,,,,JUBILANT PHARMOVA LTD,1052.1,1063.1,1021.6,1028.8,1028.0,1048.2,,1028.8,,,460073,475692533.9,29569,F1,1,,,,,,Cash Only,Healthcare,True,1089.65,1036.2,1048.2,1058.0166666666667,1062.9250000000002,1053.1083333333331,1062.9250000000002,1053.1083333333331,9.81666666666706,0.9365261082490994,Wide,Bearish,Below CPR,1037.8333333333333,1042.35,1033.3166666666666,1042.35,1033.3166666666666,9.033333333333303,0.8780456194919618,Wide,False,False,0.11666666666666667,60,155096131.175,True,True,Lower,True,Risk Off,True,None,36.960714285714296,956.576,970.6904999999999,0.2655973201919776,3.067081882031349,True,True,Short,0.5,None,None,0,No active J-Curve setup.,Short,56,Mixed,CPR width: Wide; directional confirmation limited (8/20); Price location: Below CPR (20/20); Trend: opposes SMA direction (0/20); Participation: confirmed (3.07x) (20/20); Higher timeframe: neutral (0) (8/20),Wide CPR,Wide Downside Watch,Watch,Wide CPR + close below CPR; trend opposes; participation confirmed,-2,2,0,0
2026-09-30,2026-09-30,CM,NSE,STK,7780,INE977Y01011,BCONCEPTS,EQ,,,,,BRAND CONCEPTS LIMITED,144.9,145.77,136.5,140.66,140.55,139.25,,140.66,,,6718,959740.69,322,F1,1,,,,,,Cash Only,Diversified,False,146.0,138.0,139.25,141.08333333333334,142.0,140.16666666666669,142.0,140.16666666666669,1.8333333333333144,1.3165769000598309,Wide,Bearish,Inside CPR,140.97666666666666,141.135,140.81833333333333,141.135,140.81833333333333,0.3166666666666629,0.22512915304042577,Narrow,False,False,0.15,60,2025260.1800000002,True,False,Lower,True,Risk Off,True,None,7.612142857142857,166.6138,182.3634,0.2408432642081862,0.4738851331190444,False,False,Watch Short,0.0,None,None,0,No active J-Curve setup.,Short,54,Mixed,CPR width: Wide; directional confirmation limited (8/20); Price location: Inside CPR; watch state (10/20); Trend: aligned with SMA50/SMA100 (20/20); Participation: light (0.47x) (4/20); Higher timeframe: slightly aligned (-1) (12/20),Wide CPR,Wide Consolidation,Watch,Wide CPR + close inside CPR; consolidation/range watch,-1,0,0,-1
2026-09-30,2026-09-30,CM,NSE,STK,22477,INE02H701025,NOVAAGRI,EQ,,,,,NOVA AGRITECH LIMITED,22.5,22.85,22.1,22.43,22.8,22.28,,22.41,,,45494,1023565.16,411,F1,1,,,,,,Cash Only,Diversified,False,22.98,22.2,22.28,22.486666666666668,22.59,22.383333333333336,22.59,22.383333333333336,0.20666666666666345,0.927588270496694,Wide,Bearish,Inside CPR,22.459999999999997,22.475,22.444999999999993,22.475,22.444999999999993,0.030000000000008242,0.13374944271069214,Narrow,False,False,0.05,60,1998942.145,True,True,Lower,True,Risk Off,True,None,1.0499999999999996,26.0886,26.816300000000002,0.19682539682539382,0.5120534191348495,False,False,Watch Short,0.0,None,None,0,No active J-Curve setup.,Short,54,Mixed,CPR width: Wide; directional confirmation limited (8/20); Price location: Inside CPR; watch state (10/20); Trend: aligned with SMA50/SMA100 (20/20); Participation: light (0.51x) (4/20); Higher timeframe: slightly aligned (-1) (12/20),Wide CPR,Wide Consolidation,Watch,Wide CPR + close inside CPR; consolidation/range watch,-1,0,0,-1
2026-09-30,2026-09-30,CM,NSE,STK,1424,INE267A01025,HINDZINC,EQ,,,,,HINDUSTAN ZINC LIMITED,567.2,575.05,562.6,566.0,566.0,563.3,,566.0,,,2880602,1641643577.45,48468,F1,1,,,,,,F&O + Cash,Metals & Mining,True,576.55,563.2,563.3,567.6833333333333,569.875,565.4916666666666,569.875,565.4916666666666,4.383333333333439,0.7781525534055459,Wide,Bearish,Inside CPR,567.8833333333333,568.825,566.9416666666666,568.825,566.9416666666666,1.8833333333334394,0.33274440518258647,Moderate,False,False,0.2,60,2385724526.1499996,False,False,Lower,True,Risk Off,True,None,15.43214285714287,576.62,577.2185,0.2840391884594682,0.6881111207333012,False,False,Watch Short,0.0,None,None,0,No active J-Curve setup.,Short,54,Mixed,CPR width: Wide; directional confirmation limited (8/20); Price location: Inside CPR; watch state (10/20); Trend: aligned with SMA50/SMA100 (20/20); Participation: light (0.69x) (4/20); Higher timeframe: slightly aligned (-1) (12/20),Wide CPR,Wide Consolidation,Watch,Wide CPR + close inside CPR; consolidation/range watch,-1,0,0,-1
2026-09-30,2026-09-30,CM,NSE,STK,30491,IN9623B01058,FELDVR,BZ,,,,,FUTURE ENTERPRISES LTD,2.07,2.15,1.97,2.02,2.07,2.07,,2.02,,,5324,10979.3,19,F1,1,,,,,,Cash Only,Diversified,False,2.08,1.92,2.07,2.0233333333333334,2.0,2.046666666666667,2.046666666666667,2.0,0.046666666666666856,2.2544283413848722,Wide,Bullish,Inside CPR,2.046666666666667,2.06,2.0333333333333337,2.06,2.0333333333333337,0.026666666666666394,1.3201320132013066,Wide,False,False,0.2,20,6644.4400000000005,True,True,Outside,True,Risk Off,True,None,0.1471428571428571,,,0.31715210355987195,1.6524041153204783,False,False,Watch Long,0.0,None,None,0,No active J-Curve setup.,Long,50,Mixed,CPR width: Wide; directional confirmation limited (8/20); Price location: Inside CPR; watch state (10/20); Trend: opposes SMA direction (0/20); Participation: confirmed (1.65x) (20/20); Higher timeframe: slightly aligned (+1) (12/20),Wide CPR,Wide Consolidation,Watch,Wide CPR + close inside CPR; consolidation/range watch,1,0,0,1
2026-09-30,2026-09-30,CM,NSE,STK,3766,INE715A01015,WHEELS,EQ,,,,,WHEELS INDIA LTD,2239.8,2255.8,2177.5,2221.0,2225.0,2204.0,,2221.14,,,134353,297304637.5,11125,F1,1,,,,,,Cash Only,Automobile & Ancillary,False,2300.0,2191.0,2204.0,2231.6666666666665,2245.5,2217.833333333333,2245.5,2217.833333333333,27.66666666666697,1.2552934059286285,Wide,Bearish,Inside CPR,2218.1,2216.65,2219.5499999999997,2219.5499999999997,2216.65,2.899999999999636,0.1305718144979575,Narrow,False,False,0.16666666666666666,60,164255981.65,True,False,Lower,True,Risk Off,True,None,161.2857142857143,1696.764,1616.7959999999998,0.17153823442574737,1.810007979700263,True,True,Watch Short,0.0,None,None,0,No active J-Curve setup.,Short,50,Mixed,CPR width: Wide; directional confirmation limited (8/20); Price location: Inside CPR; watch state (10/20); Trend: opposes SMA direction (0/20); Participation: confirmed (1.81x) (20/20); Higher timeframe: slightly aligned (-1) (12/20),Wide CPR,Wide Consolidation,Watch,Wide CPR + close inside CPR; consolidation/range watch,-1,0,0,-1
2026-09-30,2026-09-30,CM,NSE,STK,14139,INE05ST01028,SBGLP,EQ,,,,,SURATWWALA BUS GROUP LTD,23.18,23.89,22.3,22.84,22.83,22.98,,22.84,,,49077,1127223.84,261,F1,1,,,,,,Cash Only,Diversified,False,24.2,21.0,22.98,22.72666666666667,22.6,22.85333333333334,22.85333333333334,22.6,0.2533333333333374,1.102407890919658,Wide,Bullish,Inside CPR,23.01,23.095,22.925000000000004,23.095,22.925000000000004,0.1699999999999946,0.7443082311733563,Moderate,False,False,0.2,60,543295.4450000001,True,False,Lower,True,Risk Off,True,None,2.935714285714286,24.2866,24.9824,0.08629359286293731,2.0747897858779214,False,False,Watch Long,0.0,None,None,0,No active J-Curve setup.,Long,50,Mixed,CPR width: Wide; directional confirmation limited (8/20); Price location: Inside CPR; watch state (10/20); Trend: opposes SMA direction (0/20); Participation: confirmed (2.07x) (20/20); Higher timeframe: slightly aligned (+1) (12/20),Wide CPR,Wide Consolidation,Watch,Wide CPR + close inside CPR; consolidation/range watch,1,0,0,1
2026-09-30,2026-09-30,CM,NSE,STK,757102,INE894V01022,BELRISE,EQ,,,,,BELRISE INDUSTRIES LTD,240.5,244.14,240.0,240.36,240.5,240.52,,240.35,,,1036662,250559924.49,22495,F1,1,,,,,,Cash Only,Automobile and Auto Components,True,249.45,239.2,240.52,243.05666666666664,244.325,241.7883333333333,244.325,241.7883333333333,2.53666666666669,1.0546593491878804,Wide,Bearish,Below CPR,241.5,242.07,240.93,242.07,240.93,1.1399999999999864,0.47428856714927037,Moderate,False,False,0.25,60,806592235.64,True,False,Lower,True,Risk Off,True,None,6.944999999999999,237.1534,231.5483,0.3652507799376084,0.3106401393650787,True,True,Short,0.5,None,None,0,No active J-Curve setup.,Short,48,Weak confirmation,CPR width: Wide; directional confirmation limited (8/20); Price location: Below CPR (20/20); Trend: opposes SMA direction (0/20); Participation: light (0.31x) (4/20); Higher timeframe: aligned (-2) (16/20),Wide CPR,Wide Downside Watch,Watch,Wide CPR + close below CPR; trend opposes; participation light,-2,0,0,-2
2026-09-30,2026-09-30,CM,NSE,STK,11626,INE625G01013,WELENT,EQ,,,,,WELSPUN ENTERPRISES LTD.,741.0,764.4,740.0,742.7,743.0,744.3,,742.73,,,169996,127703558.2,8349,F1,1,,,,,,Cash Only,Diversified,False,769.5,736.05,744.3,749.9499999999999,752.775,747.1249999999999,752.775,747.1249999999999,5.650000000000091,0.7591025124277968,Wide,Bearish,Below CPR,749.0333333333334,752.2,745.8666666666668,752.2,745.8666666666668,6.3333333333332575,0.8527444908217661,Wide,False,False,0.15,60,234692509.60000002,True,True,Lower,True,Risk Off,True,None,34.31785714285716,671.834,613.999,0.16463731917993807,0.5441313760616073,True,True,Short,0.5,None,None,0,No active J-Curve setup.,Short,48,Weak confirmation,CPR width: Wide; directional confirmation limited (8/20); Price location: Below CPR (20/20); Trend: opposes SMA direction (0/20); Participation: light (0.54x) (4/20); Higher timeframe: aligned (-2) (16/20),Wide CPR,Wide Downside Watch,Watch,Wide CPR + close below CPR; trend opposes; participation light,-2,0,0,-2
2026-09-30,2026-09-30,CM,NSE,STK,3912,INE731C01018,KHAITANLTD,EQ,,,,,KHAITAN (INDIA)LTD.,154.79,154.79,146.25,146.25,146.25,150.01,,146.25,,,1789,267632.3,51,F1,1,,,,,,Cash Only,Diversified,False,153.8,135.4,150.01,146.40333333333334,144.60000000000002,148.20666666666665,148.20666666666665,144.60000000000002,3.6066666666666265,2.404284158833829,Wide,Bullish,Inside CPR,149.09666666666666,150.51999999999998,147.67333333333335,150.51999999999998,147.67333333333335,2.8466666666666356,1.9464387464387252,Wide,False,False,0.16666666666666666,60,586426.265,False,False,Outside,True,Risk Off,True,None,8.867857142857138,146.8268,122.3354,0.4067123103772275,0.4563784331863103,False,True,Watch Long,0.0,None,None,0,No active J-Curve setup.,Long,46,Weak confirmation,CPR width: Wide; directional confirmation limited (8/20); Price location: Inside CPR; watch state (10/20); Trend: partially aligned (1/2) (12/20); Participation: light (0.46x) (4/20); Higher timeframe: slightly aligned (+1) (12/20),Wide CPR,Wide Consolidation,Watch,Wide CPR + close inside CPR; consolidation/range watch,1,0,0,1
2026-09-30,2026-09-30,CM,NSE,STK,19496,INE0BTM01013,SECMARK,EQ,,,,,SECMARK CONSULTANCY LTD,141.4,142.3,140.0,140.0,140.0,142.75,,142.0,,,175,24630.38,14,F1,1,,,,,,Cash Only,Diversified,False,143.7,133.41,142.75,139.95333333333335,138.555,141.3516666666667,141.3516666666667,138.555,2.796666666666681,1.9591360186806874,Wide,Bullish,Inside CPR,140.76666666666668,141.15,140.38333333333335,141.15,140.38333333333335,0.7666666666666515,0.5476190476190368,Moderate,False,False,0.05,60,181387.475,True,True,Higher,True,Risk Off,True,None,12.556428571428569,133.862,129.4007,0.22272787606424452,0.1357887582921588,True,True,Watch Long,0.0,None,None,0,No active J-Curve setup.,Long,42,Weak confirmation,CPR width: Wide; directional confirmation limited (8/20); Price location: Inside CPR; watch state (10/20); Trend: aligned with SMA50/SMA100 (20/20); Participation: light (0.14x) (4/20); Higher timeframe: opposes setup (-1) (0/20),Wide CPR,Wide Consolidation,Watch,Wide CPR + close inside CPR; consolidation/range watch,1,-2,0,-1
2026-09-30,2026-09-30,CM,NSE,STK,759439,INE0R8B01010,PATELRMART,EQ,,,,,PATEL RETAIL LIMITED,215.0,219.6,210.5,211.52,212.39,213.59,,211.52,,,55798,11963079.1,1308,F1,1,,,,,,Cash Only,Consumer & Retail,False,215.25,202.55,213.59,210.46333333333334,208.9,212.02666666666667,212.02666666666667,208.9,3.126666666666665,1.4638637888790043,Wide,Bullish,Inside CPR,213.87333333333333,215.05,212.69666666666666,215.05,212.69666666666666,2.353333333333353,1.1125819465456472,Wide,False,False,0.16666666666666666,60,15301967.96,False,False,Higher,True,Risk Off,True,None,6.215714285714286,219.58599999999998,214.5149,0.5030261242626214,0.7818000358693732,False,False,Watch Long,0.0,None,None,0,No active J-Curve setup.,Long,42,Weak confirmation,CPR width: Wide; directional confirmation limited (8/20); Price location: Inside CPR; watch state (10/20); Trend: opposes SMA direction (0/20); Participation: moderate (0.78x) (12/20); Higher timeframe: slightly aligned (+1) (12/20),Wide CPR,Wide Consolidation,Watch,Wide CPR + close inside CPR; consolidation/range watch,1,0,0,1
2026-09-30,2026-09-30,CM,NSE,STK,763663,INE763M01028,MERCURYEV,EQ,,,,,MERCURY EV-TECH LIMITED,38.18,39.25,38.13,38.17,38.2,38.69,,38.17,,,65295,2520618.73,964,F1,1,,,,,,Cash Only,Diversified,False,38.92,36.27,38.69,37.96,37.595,38.325,38.325,37.595,0.730000000000004,1.886792452830199,Wide,Bullish,Inside CPR,38.516666666666666,38.69,38.343333333333334,38.69,38.343333333333334,0.346666666666664,0.9082176229150222,Wide,False,False,0.21739130434782608,46,7208897.165,True,True,Lower,True,Risk Off,True,None,2.6457142857142864,,,0.27591792656587616,0.34965386137534116,False,False,Watch Long,0.0,None,None,0,No active J-Curve setup.,Long,34,Weak confirmation,CPR width: Wide; directional confirmation limited (8/20); Price location: Inside CPR; watch state (10/20); Trend: opposes SMA direction (0/20); Participation: light (0.35x) (4/20); Higher timeframe: slightly aligned (+1) (12/20),Wide CPR,Wide Consolidation,Watch,Wide CPR + close inside CPR; consolidation/range watch,1,0,0,1
2026-09-30,2026-09-30,CM,NSE,STK,24385,INE725L01011,KARMAENG,EQ,,,,,KARMA ENERGY LIMITED,39.0,39.0,37.1,37.43,37.66,37.9,,37.43,,,1021,38876.23,42,F1,1,,,,,,Cash Only,Diversified,False,39.14,35.11,37.9,37.38333333333333,37.125,37.641666666666666,37.641666666666666,37.125,0.5166666666666657,1.3632365875109913,Wide,Bullish,Inside CPR,37.843333333333334,38.05,37.63666666666667,38.05,37.63666666666667,0.4133333333333269,1.1042835515183727,Wide,False,False,0.016666666666666666,60,155359.515,True,True,Lower,True,Risk Off,True,None,2.5735714285714293,38.75,40.9273,0.2007586270700338,0.250233981484816,False,False,Watch Long,0.0,None,None,0,No active J-Curve setup.,Long,34,Weak confirmation,CPR width: Wide; directional confirmation limited (8/20); Price location: Inside CPR; watch state (10/20); Trend: opposes SMA direction (0/20); Participation: light (0.25x) (4/20); Higher timeframe: slightly aligned (+1) (12/20),Wide CPR,Wide Consolidation,Watch,Wide CPR + close inside CPR; consolidation/range watch,1,0,0,1
2026-09-30,2026-09-30,CM,NSE,STK,17307,INE298G01035,AJMERA,EQ,,,,,AJMERA REALTY & INF I LTD,120.15,121.09,117.45,118.74,117.88,120.16,,118.72,,,165082,19648191.1,2324,F1,1,,,,,,Cash Only,Diversified,False,121.0,114.61,120.16,118.58999999999999,117.805,119.37499999999997,119.37499999999997,117.805,1.5699999999999648,1.3065912117176803,Wide,Bullish,Inside CPR,119.09333333333335,119.27000000000001,118.91666666666669,119.27000000000001,118.91666666666669,0.3533333333333246,0.2975689180843226,Moderate,False,False,0.05,60,34953333.0,True,True,Lower,True,Risk Off,True,None,4.3678571428571455,119.9006,123.24860000000001,0.35944399018805384,0.5621263957860614,False,False,Watch Long,0.0,None,None,0,No active J-Curve setup.,Long,34,Weak confirmation,CPR width: Wide; directional confirmation limited (8/20); Price location: Inside CPR; watch state (10/20); Trend: opposes SMA direction (0/20); Participation: light (0.56x) (4/20); Higher timeframe: slightly aligned (+1) (12/20),Wide CPR,Wide Consolidation,Watch,Wide CPR + close inside CPR; consolidation/range watch,1,0,0,1
2026-09-30,2026-09-30,CM,NSE,STK,11140,INE748Z01013,SUMIT,EQ,,,,,SUMIT WOODS LIMITED,49.97,52.0,49.0,49.59,50.24,49.97,,49.59,,,12830,635160.46,150,F1,1,,,,,,Cash Only,Diversified,False,51.0,47.07,49.97,49.346666666666664,49.035,49.65833333333333,49.65833333333333,49.035,0.6233333333333348,1.2474151157361115,Wide,Bullish,Inside CPR,50.196666666666665,50.5,49.89333333333333,50.5,49.89333333333333,0.6066666666666691,1.2233649257242774,Wide,False,False,0.21666666666666667,60,1770098.275,False,False,Outside,True,Risk Off,True,None,3.2757142857142845,51.6772,48.603100000000005,0.1902892862334647,0.3588277944624289,False,True,Watch Long,0.0,None,None,0,No active J-Curve setup.,Long,34,Weak confirmation,CPR width: Wide; directional confirmation limited (8/20); Price location: Inside CPR; watch state (10/20); Trend: partially aligned (1/2) (12/20); Participation: light (0.36x) (4/20); Higher timeframe: opposes setup (-1) (0/20),Wide CPR,Wide Consolidation,Watch,Wide CPR + close inside CPR; consolidation/range watch,1,0,-2,-1
2026-09-30,2026-09-30,CM,NSE,STK,14848,INE385I01010,ALPA,EQ,,,,,ALPA LABORATORIES LTD,59.76,61.5,59.25,59.51,59.51,59.76,,59.51,,,8263,499205.53,107,F1,1,,,,,,Cash Only,Diversified,False,59.85,58.3,59.76,59.303333333333335,59.075,59.531666666666666,59.531666666666666,59.075,0.45666666666666345,0.764167782240066,Wide,Bullish,Inside CPR,60.086666666666666,60.375,59.79833333333333,60.375,59.79833333333333,0.576666666666668,0.9690248137567938,Wide,False,False,0.016666666666666666,60,693317.125,True,True,Overlapping,True,Risk Off,True,None,2.8814285714285726,63.669399999999996,66.36399999999999,0.1584862006279942,0.7200248082722608,False,False,Watch Long,0.0,None,None,0,No active J-Curve setup.,Long,22,Weak confirmation,CPR width: Wide; directional confirmation limited (8/20); Price location: Inside CPR; watch state (10/20); Trend: opposes SMA direction (0/20); Participation: light (0.72x) (4/20); Higher timeframe: opposes setup (-1) (0/20),Wide CPR,Wide Consolidation,Watch,Wide CPR + close inside CPR; consolidation/range watch,1,0,-2,-1
2026-09-30,2026-09-30,CM,NSE,STK,766164,INE281A20018,CENTEXT-RE,BE,,,,,CENTURY EXTRUSIONS LTD,3.88,3.88,3.0,3.62,3.7,2.79,,3.62,,,305177,1069401.41,728,F1,1,,,,,,Cash Only,Diversified,False,2.8,1.92,2.79,2.5033333333333334,2.36,2.646666666666667,2.646666666666667,2.36,0.28666666666666707,10.274790919952224,Wide,Bullish,Above CPR,3.5,3.44,3.56,3.56,3.44,0.1200000000000001,3.314917127071826,Wide,False,False,0.5,5,634046.57,False,False,Higher,False,Risk Off,False,Bullish Virgin,,,,,1.6866291225264416,False,False,No setup,0.0,None,None,0,No active J-Curve setup.,Neutral,0,Not applicable,No directional setup; confirmation score not applicable.,Wide CPR,Wide Upside Watch,Watch,Wide CPR + close above CPR; trend opposes; participation confirmed,0,0,0,0
2026-09-30,2026-09-30,CM,NSE,STK,766016,INE455U01024,PRASOLCHEM,EQ,,,,,PRASOL CHEMICALS LIMITED,868.25,914.9,812.3,839.1,815.0,840.15,,839.23,,,2133289,1841420829.5,91252,F1,1,,,,,,Cash Only,Chemicals & Fertilizers,False,840.15,692.8,840.15,791.0333333333333,766.4749999999999,815.5916666666667,815.5916666666667,766.4749999999999,49.11666666666679,5.84617826181834,Wide,Bullish,Above CPR,855.4333333333333,863.5999999999999,847.2666666666667,863.5999999999999,847.2666666666667,16.333333333333258,1.9465300123147726,Wide,False,False,0.3333333333333333,10,443215696.825,True,False,Higher,False,Risk Off,False,None,,,,,4.154683244955265,False,False,No setup,0.0,None,None,0,No active J-Curve setup.,Neutral,0,Not applicable,No directional setup; confirmation score not applicable.,Wide CPR,Wide Upside Watch,Watch,Wide CPR + close above CPR; trend opposes; participation confirmed,0,0,0,0
2026-09-30,2026-09-30,CM,NSE,STK,11992,INE312C01025,SYNCOMF,EQ,,,,,SYNCOM FORMU (I) LTD,27.49,27.49,24.5,25.08,24.9,26.18,,25.09,,,99577808,2533028424.46,210558,F1,1,,,,,,Cash Only,Diversified,False,26.64,22.03,26.18,24.95,24.335,25.564999999999998,25.564999999999998,24.335,1.2299999999999969,4.698242933537039,Wide,Bullish,Inside CPR,25.689999999999998,25.994999999999997,25.384999999999998,25.994999999999997,25.384999999999998,0.6099999999999994,2.4322169059011145,Wide,False,False,0.7833333333333333,60,84348489.94,False,False,Higher,True,Risk Off,False,None,1.624285714285714,17.071399999999997,15.6494,0.7572559366754599,30.030513009323947,True,True,No setup,0.0,None,None,0,No active J-Curve setup.,Neutral,0,Not applicable,No directional setup; confirmation score not applicable.,Wide CPR,Wide Consolidation,Watch,Wide CPR + close inside CPR; consolidation/range watch,0,0,0,0
2026-09-30,2026-09-30,CM,NSE,STK,764668,INE0CPR01018,EKI,EQ,,,,,EKI ENERGY SERVICES LTD,99.98,103.88,94.11,94.99,95.1,98.57,,94.99,,,82152,8122569.24,1553,F1,1,,,,,,Cash Only,Diversified,False,100.26,83.3,98.57,94.04333333333334,91.78,96.30666666666667,96.30666666666667,91.78,4.526666666666671,4.592337087010927,Wide,Bullish,Inside CPR,97.66000000000001,98.995,96.32500000000002,98.995,96.32500000000002,2.6699999999999875,2.810822191809651,Wide,False,False,0.967741935483871,31,968816.07,False,False,Lower,True,Risk Off,False,None,7.531428571428575,,,0.6010369246332831,8.384015801884873,False,False,No setup,0.0,None,None,0,No active J-Curve setup.,Neutral,0,Not applicable,No directional setup; confirmation score not applicable.,Wide CPR,Wide Consolidation,Watch,Wide CPR + close inside CPR; consolidation/range watch,0,0,0,0
2026-09-30,2026-09-30,CM,NSE,STK,18341,INE0AE001013,VPRPL,EQ,,,,,VISHNU PRAKASH R PUNGLI L,28.55,29.82,28.55,29.62,29.65,28.99,,29.63,,,376950,11112788.32,1920,F1,1,,,,,,Cash Only,Diversified,False,32.8,28.89,28.99,30.226666666666663,30.845,29.608333333333327,30.845,29.608333333333327,1.2366666666666717,4.265838794986795,Wide,Bearish,Inside CPR,29.330000000000002,29.185000000000002,29.475,29.475,29.185000000000002,0.28999999999999915,0.9790681971640754,Wide,False,False,0.38333333333333336,60,33219554.15,False,False,Lower,True,Risk Off,False,None,2.3499999999999988,36.5548,39.2063,0.5262411347517755,0.33452551078263043,False,False,No setup,0.0,None,None,0,No active J-Curve setup.,Neutral,0,Not applicable,No directional setup; confirmation score not applicable.,Wide CPR,Wide Consolidation,Watch,Wide CPR + close inside CPR; consolidation/range watch,0,0,0,0
2026-09-30,2026-09-30,CM,NSE,STK,761335,INE0J0B01017,KOTYARK,EQ,,,,,KOTYARK INDUSTRIES LTD,29.08,30.9,29.07,29.83,29.77,29.39,,29.79,,,288722,8688997.99,1477,F1,1,,,,,,Cash Only,Diversified,False,30.9,24.55,29.39,28.28,27.725,28.835,28.835,27.725,1.1099999999999994,3.7767948281728456,Wide,Bullish,Above CPR,29.933333333333334,29.985,29.881666666666668,29.985,29.881666666666668,0.10333333333333172,0.3464074198234386,Moderate,False,False,1.0,60,8589666.27,False,False,Lower,True,Risk Off,False,Bullish Virgin,2.2257142857142846,266.86940000000004,,0.4987163029525032,1.011564095376665,False,False,No setup,0.0,None,None,0,No active J-Curve setup.,Neutral,0,Not applicable,No directional setup; confirmation score not applicable.,Wide CPR,Wide Upside Watch,Watch,Wide CPR + close above CPR; trend opposes; participation confirmed,0,0,0,0
2026-09-30,2026-09-30,CM,NSE,STK,2320,INE103C01036,SMCGLOBAL,EQ,,,,,SMC GLOBAL SECURITIES LTD,93.0,96.24,91.17,94.48,94.5,92.98,,94.48,,,6836896,639567956.42,43561,F1,1,,,,,,Cash Only,Diversified,False,107.0,89.4,92.98,96.46,98.2,94.71999999999998,98.2,94.71999999999998,3.480000000000018,3.742740374274057,Wide,Bearish,Below CPR,93.96333333333332,93.705,94.22166666666665,94.22166666666665,93.705,0.5166666666666515,0.5468529494778276,Moderate,False,False,1.0,60,48351171.085,False,False,Higher,True,Risk Off,False,None,6.110714285714287,81.3994,74.9839,0.5694915254237317,13.227558755415819,True,True,No setup,0.0,None,None,0,No active J-Curve setup.,Neutral,0,Not applicable,No directional setup; confirmation score not applicable.,Wide CPR,Wide Downside Watch,Watch,Wide CPR + close below CPR; trend opposes; participation confirmed,0,0,0,0
2026-09-30,2026-09-30,CM,NSE,STK,15649,INE0ALR01029,ATALREAL,EQ,,,,,ATAL REALTECH LIMITED,11.88,12.63,11.7,12.58,12.62,12.03,,12.57,,,2281142,27619676.56,2902,F1,1,,,,,,Cash Only,Diversified,False,13.4,11.92,12.03,12.450000000000001,12.66,12.240000000000002,12.66,12.240000000000002,0.41999999999999815,3.491271820448863,Wide,Bearish,Inside CPR,12.303333333333333,12.165,12.441666666666666,12.441666666666666,12.165,0.2766666666666673,2.1992580816110276,Wide,False,False,0.8166666666666667,60,278007617.41999996,False,False,Lower,True,Risk Off,False,None,1.692142857142857,27.2352,28.235699999999998,0.24820599409033242,0.09934863230122784,False,False,No setup,0.0,None,None,0,No active J-Curve setup.,Neutral,0,Not applicable,No directional setup; confirmation score not applicable.,Wide CPR,Wide Consolidation,Watch,Wide CPR + close inside CPR; consolidation/range watch,0,0,0,0
2026-09-30,2026-09-30,CM,NSE,STK,20936,INE146L01010,KIRLOSENG,EQ,,,,,KIRLOSKAR OIL ENG LTD,2358.0,2360.0,2241.3,2304.2,2319.0,2402.0,,2304.19,,,1822978,4184966564.8,127618,F1,1,,,,,,Cash Only,Capital Goods,True,2444.0,2124.3,2402.0,2323.4333333333334,2284.15,2362.7166666666667,2362.7166666666667,2284.15,78.5666666666666,3.2708853733000254,Wide,Bullish,Inside CPR,2301.8333333333335,2300.65,2303.016666666667,2303.016666666667,2300.65,2.366666666666788,0.10271099152273189,Narrow,False,False,0.3,60,864101576.75,True,False,Higher,True,Risk Off,False,None,114.22142857142856,2158.0119999999997,2093.792,0.6878452462843678,4.843141914565428,True,True,No setup,0.0,None,None,0,No active J-Curve setup.,Neutral,0,Not applicable,No directional setup; confirmation score not applicable.,Wide CPR,Wide Consolidation,Watch,Wide CPR + close inside CPR; consolidation/range watch,0,0,0,0
2026-09-30,2026-09-30,CM,NSE,STK,759381,INE296Q01012,MONEYBOXX,EQ,,,,,MONEYBOXX FINANCE LIMITED,53.39,53.39,50.1,52.28,52.06,51.08,,52.26,,,31574,1640379.08,312,F1,1,,,,,,Cash Only,Diversified,False,51.08,46.22,51.08,49.46,48.65,50.27,50.27,48.65,1.6200000000000045,3.1714956930305496,Wide,Bullish,Above CPR,51.92333333333334,51.745000000000005,52.101666666666674,52.101666666666674,51.745000000000005,0.35666666666666913,0.6822239224687627,Moderate,False,False,0.6,60,876877.5900000001,False,False,Lower,True,Risk Off,False,None,4.770714285714285,55.7798,62.055299999999995,0.33957179218445976,1.8707047582319898,False,False,No setup,0.0,None,None,0,No active J-Curve setup.,Neutral,0,Not applicable,No directional setup; confirmation score not applicable.,Wide CPR,Wide Upside Watch,Watch,Wide CPR + close above CPR; trend opposes; participation confirmed,0,0,0,0
2026-09-30,2026-09-30,CM,NSE,STK,765138,INE493H01014,MPDL,BE,,,,,MPDL LTD.,26.75,29.37,26.59,29.35,29.35,27.98,,29.35,,,3970,111680.74,23,F1,1,,,,,,Cash Only,Diversified,False,27.98,25.32,27.98,27.093333333333334,26.65,27.53666666666667,27.53666666666667,26.65,0.8866666666666703,3.1689301882297007,Wide,Bullish,Above CPR,28.436666666666667,27.98,28.893333333333334,28.893333333333334,27.98,0.913333333333334,3.1118682566723477,Wide,False,False,0.2,26,25674.620000000003,False,False,Lower,True,Risk Off,True,None,1.3942857142857137,,,0.6359289617486368,4.3498497738233315,False,False,No setup,0.0,None,None,0,No active J-Curve setup.,Neutral,0,Not applicable,No directional setup; confirmation score not applicable.,Wide CPR,Wide Upside Watch,Watch,Wide CPR + close above CPR; trend opposes; participation confirmed,0,0,0,0
2026-09-30,2026-09-30,CM,NSE,STK,14064,INE855F01042,ASMS,EQ,,,,,AVIO SMART MRKT STACK LTD,6.2,6.49,5.81,6.06,5.96,6.08,,6.06,,,557356,3399026.26,932,F1,1,,,,,,Cash Only,Diversified,False,6.49,5.1,6.08,5.890000000000001,5.795,5.985000000000001,5.985000000000001,5.795,0.19000000000000128,3.125000000000021,Wide,Bullish,Above CPR,6.12,6.15,6.09,6.15,6.09,0.0600000000000005,0.9900990099009984,Wide,False,False,0.55,60,3569943.08,False,False,Lower,True,Risk Off,False,None,0.3300000000000001,7.2132,7.9523,0.5757575757575795,0.9521233767122135,False,False,No setup,0.0,None,None,0,No active J-Curve setup.,Neutral,0,Not applicable,No directional setup; confirmation score not applicable.,Wide CPR,Wide Upside Watch,Watch,Wide CPR + close above CPR; trend opposes; participation light,0,0,-2,-2
2026-09-30,2026-09-30,CM,NSE,STK,762227,INE1SJO01012,RAMBHAJO,EQ,,,,,ADVIT JEWELS LIMITED,296.0,300.0,282.5,285.98,286.5,290.97,,285.97,,,654381,190231453.9,12419,F1,1,,,,,,Cash Only,Diversified,False,291.53,263.21,290.97,281.90333333333336,277.37,286.4366666666667,286.4366666666667,277.37,9.06666666666672,3.1160142511828433,Wide,Bullish,Inside CPR,289.49333333333334,291.25,287.7366666666667,291.25,287.7366666666667,3.513333333333321,1.2285241392171904,Wide,False,False,0.8333333333333334,54,128196655.22,False,False,Outside,True,Risk Off,False,None,20.077857142857138,226.52199999999996,,0.4515754147544705,1.4839034105339275,True,False,No setup,0.0,None,None,0,No active J-Curve setup.,Neutral,0,Not applicable,No directional setup; confirmation score not applicable.,Wide CPR,Wide Consolidation,Watch,Wide CPR + close inside CPR; consolidation/range watch,0,0,0,0
2026-09-30,2026-09-30,CM,NSE,STK,765150,INE914G01029,POLYSPIN,EQ,,,,,POLYSPIN EXPORTS LTD.,30.0,31.39,29.3,31.22,31.22,31.46,,31.05,,,918,27563.94,28,F1,1,,,,,,Cash Only,Textiles & Apparel,False,32.0,28.0,31.46,30.486666666666668,30.0,30.973333333333336,30.973333333333336,30.0,0.9733333333333363,3.0938758211485577,Wide,Bullish,Above CPR,30.636666666666667,30.345,30.928333333333335,30.928333333333335,30.345,0.5833333333333357,1.8684603886397686,Wide,False,False,0.7931034482758621,30,22393.519999999997,False,False,Overlapping,True,Risk Off,False,None,2.2678571428571432,,,0.42918635170603797,1.2308891143509373,False,False,No setup,0.0,None,None,0,No active J-Curve setup.,Neutral,0,Not applicable,No directional setup; confirmation score not applicable.,Wide CPR,Wide Upside Watch,Watch,Wide CPR + close above CPR; trend opposes; participation confirmed,0,0,0,0
2026-09-30,2026-09-30,CM,NSE,STK,9342,INE392B01011,PNC,EQ,,,,,PNC MEDIA AND ENT LTD,17.4,18.5,16.4,17.65,17.5,17.4,,17.65,,,10929,193474.89,255,F1,1,,,,,,Cash Only,Diversified,False,17.5,15.7,17.4,16.866666666666667,16.6,17.133333333333333,17.133333333333333,16.6,0.5333333333333314,3.0651340996168477,Wide,Bullish,Above CPR,17.516666666666666,17.45,17.583333333333332,17.583333333333332,17.45,0.13333333333333286,0.755429650613784,Wide,False,False,0.05,60,141552.14,True,True,Outside,True,Risk Off,True,None,1.1414285714285712,18.0016,19.353099999999998,0.46725073007926415,1.366810067300996,False,False,No setup,0.0,None,None,0,No active J-Curve setup.,Neutral,0,Not applicable,No directional setup; confirmation score not applicable.,Wide CPR,Wide Upside Watch,Watch,Wide CPR + close above CPR; trend opposes; participation confirmed,0,0,0,0
2026-09-30,2026-09-30,CM,NSE,STK,25608,INE337M01021,INDOTHAI,EQ,,,,,INDO THAI SEC LTD,32.4,33.52,32.39,33.52,33.52,31.93,,33.53,,,452135,15045008.99,1625,F1,1,,,,,,Cash Only,Diversified,False,31.93,29.0,31.93,30.953333333333333,30.465,31.441666666666666,31.441666666666666,30.465,0.9766666666666666,3.0587744023384484,Wide,Bullish,Above CPR,33.14333333333334,32.955,33.33166666666668,33.33166666666668,32.955,0.37666666666667936,1.1237072394590673,Wide,False,False,0.8166666666666667,60,44864696.28,False,False,Lower,True,Risk Off,False,Bullish Virgin,2.4007142857142845,87.6922,163.6093,0.4068233660616882,0.33534182191057954,False,False,No setup,0.0,None,None,0,No active J-Curve setup.,Neutral,0,Not applicable,No directional setup; confirmation score not applicable.,Wide CPR,Wide Upside Watch,Watch,Wide CPR + close above CPR; trend opposes; participation light,0,0,0,0
2026-09-30,2026-09-30,CM,NSE,STK,13295,INE286H01012,VISACHROME,EQ,,,,,VISA CHROME LIMITED,35.98,36.77,35.5,36.77,36.77,35.02,,37.13,,,1439494,51851850.29,234,F1,1,,,,,,Cash Only,Diversified,False,35.02,31.81,35.02,33.949999999999996,33.415,34.48499999999999,34.48499999999999,33.415,1.0699999999999932,3.055396916047953,Wide,Bullish,Above CPR,36.34666666666667,36.135000000000005,36.55833333333334,36.55833333333334,36.135000000000005,0.423333333333332,1.151300879340038,Wide,False,False,0.5806451612903226,31,989484.44,False,False,Lower,True,Risk Off,False,Bullish Virgin,2.49857142857143,,,0.4282447112635762,52.402896087986996,False,False,No setup,0.0,None,None,0,No active J-Curve setup.,Neutral,0,Not applicable,No directional setup; confirmation score not applicable.,Wide CPR,Wide Upside Watch,Watch,Wide CPR + close above CPR; trend opposes; participation confirmed,0,0,0,0
2026-09-30,2026-09-30,CM,NSE,STK,764641,INE700F01024,CFEL,BE,,,,,CONFIDENCE FUTURIST ENE L,47.1,47.1,45.05,45.58,46.05,47.12,,45.58,,,4882,223354.58,108,F1,1,,,,,,Cash Only,Diversified,False,47.16,43.03,47.12,45.77,45.095,46.44500000000001,46.44500000000001,45.095,1.3500000000000085,2.8650254668930573,Wide,Bullish,Inside CPR,45.910000000000004,46.075,45.745000000000005,46.075,45.745000000000005,0.3299999999999983,0.7240017551557664,Moderate,False,False,0.7741935483870968,31,550443.98,False,False,Overlapping,True,Risk Off,False,None,4.312857142857143,,,0.3130175554819496,0.40577168270602215,False,False,No setup,0.0,None,None,0,No active J-Curve setup.,Neutral,0,Not applicable,No directional setup; confirmation score not applicable.,Wide CPR,Wide Consolidation,Watch,Wide CPR + close inside CPR; consolidation/range watch,0,0,0,0
2026-09-30,2026-09-30,CM,NSE,STK,2229,INE832A01018,MODIRUBBER,EQ,,,,,MODI RUBBER LTD,122.5,122.5,117.0,120.21,118.8,121.89,,120.21,,,987,118218.08,49,F1,1,,,,,,Cash Only,Diversified,False,122.5,111.0,121.89,118.46333333333332,116.75,120.17666666666665,120.17666666666665,116.75,3.426666666666648,2.811277928186601,Wide,Bullish,Above CPR,119.90333333333332,119.75,120.05666666666664,120.05666666666664,119.75,0.30666666666664355,0.2551091146049776,Moderate,False,False,0.2,60,230359.14500000002,False,False,Overlapping,True,Risk Off,True,None,5.811428571428571,124.3418,127.3592,0.5896427400852148,0.5131903055118563,False,False,No setup,0.0,None,None,0,No active J-Curve setup.,Neutral,0,Not applicable,No directional setup; confirmation score not applicable.,Wide CPR,Wide Upside Watch,Watch,Wide CPR + close above CPR; trend opposes; participation light,0,0,0,0
2026-09-30,2026-09-30,CM,NSE,STK,757938,INE344T01014,BELLACASA,EQ,,,,,BELLA CASA FASH AND RET L,260.62,268.0,243.51,246.61,243.51,255.51,,246.45,,,10056,2507601.94,638,F1,1,,,,,,Cash Only,Diversified,False,279.5,252.81,255.51,262.6066666666666,266.155,259.0583333333333,266.155,259.0583333333333,7.096666666666692,2.7774516326823577,Wide,Bearish,Below CPR,252.70666666666668,255.755,249.65833333333336,255.755,249.65833333333336,6.096666666666636,2.472189557060393,Wide,False,False,0.85,60,2297242.4,False,False,Lower,True,Risk Off,False,None,16.25428571428572,245.11739999999998,245.754,0.4366028007265497,1.091570458563711,True,True,No setup,0.0,None,None,0,No active J-Curve setup.,Neutral,0,Not applicable,No directional setup; confirmation score not applicable.,Wide CPR,Wide Downside Watch,Watch,Wide CPR + close below CPR; trend opposes; participation confirmed,0,0,0,0
2026-09-30,2026-09-30,CM,NSE,STK,765485,INE899I01028,SYMBIOTEC,EQ,,,,,SYMBIOTEC PHARMALAB LTD,1158.0,1196.8,1138.2,1176.75,1179.55,1144.2,,1176.71,,,2016189,2369784601.45,100904,F1,1,,,,,,Cash Only,Healthcare & Pharma,False,1149.85,1045.05,1144.2,1113.033333333333,1097.4499999999998,1128.6166666666663,1128.6166666666663,1097.4499999999998,31.166666666666515,2.723882771077304,Wide,Bullish,Above CPR,1170.5833333333333,1167.5,1173.6666666666665,1173.6666666666665,1167.5,6.166666666666515,0.5240422066425762,Moderate,False,False,0.6,20,1589821211.825,False,False,Higher,True,Risk Off,False,Bullish Virgin,71.81071428571433,,,0.43401137249050675,1.4905981778477204,False,False,No setup,0.0,None,None,0,No active J-Curve setup.,Neutral,0,Not applicable,No directional setup; confirmation score not applicable.,Wide CPR,Wide Upside Watch,Watch,Wide CPR + close above CPR; trend opposes; participation confirmed,0,0,0,0
2026-09-30,2026-09-30,CM,NSE,STK,4957,INE691Z01023,GANGAFORGE,EQ,,,,,GANGA FORGING LIMITED,1.54,1.54,1.51,1.54,1.54,1.47,,1.54,,,1174893,1807341.24,352,F1,1,,,,,,Cash Only,Automobile & Ancillary,False,1.47,1.35,1.47,1.43,1.4100000000000001,1.4499999999999997,1.4499999999999997,1.4100000000000001,0.03999999999999959,2.7210884353741216,Wide,Bullish,Above CPR,1.53,1.525,1.5350000000000001,1.5350000000000001,1.525,0.010000000000000231,0.6493506493506643,Moderate,False,False,0.6166666666666667,60,2565875.435,False,False,Lower,True,Risk Off,False,Bullish Virgin,0.06857142857142853,2.0096000000000003,2.3001,0.5833333333333277,0.7043760641482583,False,False,No setup,0.0,None,None,0,No active J-Curve setup.,Neutral,0,Not applicable,No directional setup; confirmation score not applicable.,Wide CPR,Wide Upside Watch,Watch,Wide CPR + close above CPR; trend opposes; participation light,0,0,0,0
2026-09-30,2026-09-30,CM,NSE,STK,762727,INE586E01020,IWP,EQ,,,,,INDIAN WOOD PRODUCTS CO L,38.34,38.65,36.41,37.52,37.5,36.88,,37.54,,,82945,3112218.85,491,F1,1,,,,,,Cash Only,Diversified,False,42.4,34.36,36.88,37.879999999999995,38.379999999999995,37.379999999999995,38.379999999999995,37.379999999999995,1.0,2.7114967462039044,Wide,Bearish,Inside CPR,37.52666666666667,37.53,37.52333333333334,37.53,37.52333333333334,0.006666666666660603,0.017768301350374743,Narrow,False,False,1.0,60,135850.965,False,False,Higher,True,Risk Off,False,None,2.434285714285715,34.242799999999995,34.0938,0.4107981220657276,22.90906693228127,True,True,No setup,0.0,None,None,0,No active J-Curve setup.,Neutral,0,Not applicable,No directional setup; confirmation score not applicable.,Wide CPR,Wide Consolidation,Watch,Wide CPR + close inside CPR; consolidation/range watch,0,0,0,0
2026-09-30,2026-09-30,CM,NSE,STK,3512,INE141D01018,TNTELE,EQ,,,,,TAMILNADU TELECOMMUNICATI,13.11,13.2,12.84,12.84,12.84,14.26,,12.84,,,217122,2823686.58,569,F1,1,,,,,,Cash Only,Diversified,False,14.26,13.11,14.26,13.876666666666665,13.684999999999999,14.068333333333332,14.068333333333332,13.684999999999999,0.38333333333333286,2.6881720430107494,Wide,Bullish,Below CPR,12.959999999999999,13.02,12.899999999999999,13.02,12.899999999999999,0.120000000000001,0.9345794392523442,Wide,False,False,1.0,60,184336.375,False,False,Higher,True,Risk Off,False,Bearish Virgin,0.9221428571428572,9.1874,9.1896,0.41569842499354454,15.318119280581492,True,True,No setup,0.0,None,None,0,No active J-Curve setup.,Neutral,0,Not applicable,No directional setup; confirmation score not applicable.,Wide CPR,Wide Downside Watch,Watch,Wide CPR + close below CPR; trend opposes; participation confirmed,0,0,0,0
2026-09-30,2026-09-30,CM,NSE,STK,2439,INE542C01019,NKIND,EQ,,,,,NK INDUSTRIES LTD,63.7,63.7,56.11,58.2,58.2,61.99,,58.2,,,317,19814.06,28,F1,1,,,,,,Cash Only,Diversified,False,62.0,57.0,61.99,60.330000000000005,59.5,61.16000000000001,61.16000000000001,59.5,1.6600000000000108,2.6778512663332967,Wide,Bullish,Below CPR,59.336666666666666,59.905,58.76833333333333,59.905,58.76833333333333,1.1366666666666703,1.9530355097365468,Wide,False,False,0.7457627118644068,60,32401.64,False,False,Outside,True,Risk Off,False,None,4.685714285714285,59.7276,62.225500000000004,0.3542682926829292,0.6115141085451231,False,False,No setup,0.0,None,None,0,No active J-Curve setup.,Neutral,0,Not applicable,No directional setup; confirmation score not applicable.,Wide CPR,Wide Downside Watch,Watch,Wide CPR + close below CPR; trend aligned; participation light,0,0,0,0
2026-09-30,2026-09-30,CM,NSE,STK,13276,INE559R01029,LANDMARK,EQ,,,,,LANDMARK CARS LIMITED,479.9,495.5,471.0,475.7,473.0,487.0,,475.73,,,949666,457180038.45,23433,F1,1,,,,,,Cash Only,Diversified,False,537.85,475.0,487.0,499.95,506.425,493.47499999999997,506.425,493.47499999999997,12.950000000000045,2.659137577002063,Wide,Bearish,Below CPR,480.73333333333335,483.25,478.2166666666667,483.25,478.2166666666667,5.033333333333303,1.058089832527497,Wide,False,False,0.7333333333333333,60,59193864.2,False,False,Higher,True,Risk Off,False,None,23.935714285714287,514.495,466.4155,0.5410325276037022,7.723436282269269,False,True,No setup,0.0,None,None,0,No active J-Curve setup.,Neutral,0,Not applicable,No directional setup; confirmation score not applicable.,Wide CPR,Wide Downside Watch,Watch,Wide CPR + close below CPR; trend mixed; participation confirmed,0,0,0,0
2026-09-30,2026-09-30,CM,NSE,STK,21954,INE548A01028,HFCL,BE,,,,,HFCL LIMITED,227.02,227.02,227.02,227.02,227.02,216.21,,227.02,,,3383926,768218880.52,8257,F1,1,,,,,,Cash Only,Telecommunication,True,216.21,199.0,216.21,210.47333333333336,207.60500000000002,213.3416666666667,213.3416666666667,207.60500000000002,5.736666666666679,2.653284615266028,Wide,Bullish,Above CPR,227.02,227.02,227.02,227.02,227.02,0.0,0.0,Narrow,False,False,0.16666666666666666,60,3675257064.6549997,False,False,Outside,True,Risk Off,True,Bullish Virgin,11.132857142857146,219.71580000000003,203.2724,0.5152915009196297,0.2090245299867517,True,True,No setup,0.0,None,None,0,No active J-Curve setup.,Neutral,0,Not applicable,No directional setup; confirmation score not applicable.,Wide CPR,Wide Upside Watch,Watch,Wide CPR + close above CPR; trend aligned; participation light,0,0,0,0
2026-09-30,2026-09-30,CM,NSE,STK,2715,INE864I01014,MTARTECH,BE,,,,,MTAR TECHNOLOGIES LIMITED,7797.0,7797.0,7797.0,7797.0,7797.0,7426.0,,7796.95,,,190323,1483948431.0,8434,F1,1,,,,,,Cash Only,Information Technology,False,7426.0,6840.0,7426.0,7230.666666666667,7133.0,7328.333333333334,7328.333333333334,7133.0,195.33333333333394,2.6303977017685694,Wide,Bullish,Above CPR,7797.0,7797.0,7797.0,7797.0,7797.0,0.0,0.0,Narrow,False,False,0.6,60,8203428997.0,False,False,Higher,True,Risk Off,False,Bullish Virgin,356.67857142857144,7402.19,5919.365,0.5476452721871783,0.1808936764787848,True,True,No setup,0.0,None,None,0,No active J-Curve setup.,Neutral,0,Not applicable,No directional setup; confirmation score not applicable.,Wide CPR,Wide Upside Watch,Watch,Wide CPR + close above CPR; trend aligned; participation light,0,0,0,0
2026-09-30,2026-09-30,CM,NSE,STK,2711,INE283A01014,PRECOT,EQ,,,,,PRECOT LIMITED,650.0,650.1,615.0,627.7,643.4,638.55,,627.7,,,2044,1289109.75,127,F1,1,,,,,,Cash Only,Diversified,False,644.7,582.05,638.55,621.7666666666667,613.375,630.1583333333333,630.1583333333333,613.375,16.783333333333303,2.6283506903661897,Wide,Bullish,Inside CPR,630.9333333333333,632.55,629.3166666666666,632.55,629.3166666666666,3.2333333333333485,0.5151080664861157,Moderate,False,False,0.8833333333333333,60,3177818.825,False,False,Lower,True,Risk Off,False,None,34.3214285714286,727.745,723.7489999999999,0.4890045091918128,0.4056586674666703,False,False,No setup,0.0,None,None,0,No active J-Curve setup.,Neutral,0,Not applicable,No directional setup; confirmation score not applicable.,Wide CPR,Wide Consolidation,Watch,Wide CPR + close inside CPR; consolidation/range watch,0,0,0,0
2026-09-30,2026-09-30,CM,NSE,STK,14982,INE320B01020,CENTUM,EQ,,,,,CENTUM ELECTRONICS LTD,4915.8,4925.0,4738.4,4797.9,4800.0,4920.7,,4798.34,,,90214,435317222.2,15782,F1,1,,,,,,Cash Only,Diversified,False,4995.0,4460.2,4920.7,4791.966666666667,4727.6,4856.333333333334,4856.333333333334,4727.6,128.73333333333358,2.6161589475752143,Wide,Bullish,Inside CPR,4820.433333333333,4831.7,4809.166666666667,4831.7,4809.166666666667,22.53333333333285,0.46964991628280806,Moderate,False,False,0.8666666666666667,60,158488645.5,False,False,Outside,True,Risk Off,False,None,262.59285714285704,3865.778,3653.2540000000004,0.49023928043594667,2.7466776615237083,True,True,No setup,0.0,None,None,0,No active J-Curve setup.,Neutral,0,Not applicable,No directional setup; confirmation score not applicable.,Wide CPR,Wide Consolidation,Watch,Wide CPR + close inside CPR; consolidation/range watch,0,0,0,0
2026-09-30,2026-09-30,CM,NSE,STK,762742,INE555P01013,KIRANVYPAR,EQ,,,,,KIRAN VYAPAR LTD.,187.15,187.15,187.15,187.15,187.15,189.66,,185.45,,,10,1871.5,1,F1,1,,,,,,Cash Only,Diversified,False,195.0,169.82,189.66,184.82666666666668,182.41,187.24333333333337,187.24333333333337,182.41,4.833333333333371,2.5484199796126603,Wide,Bullish,Inside CPR,187.15,187.15,187.15,187.15,187.15,0.0,0.0,Narrow,False,False,0.7666666666666667,60,419155.3,False,False,Lower,True,Risk Off,False,None,14.64357142857143,201.2906,193.3068,0.3300652000715438,0.004464932210090151,False,False,No setup,0.0,None,None,0,No active J-Curve setup.,Neutral,0,Not applicable,No directional setup; confirmation score not applicable.,Wide CPR,Wide Consolidation,Watch,Wide CPR + close inside CPR; consolidation/range watch,0,0,0,0
2026-09-30,2026-09-30,CM,NSE,STK,18483,INE566K01011,ISFT,BE,,,,,INTRASOFT TECH. LTD,101.61,101.84,95.11,95.86,95.11,100.11,,95.87,,,9354,904995.96,125,F1,1,,,,,,Cash Only,Diversified,False,101.1,91.48,100.11,97.56333333333333,96.28999999999999,98.83666666666667,98.83666666666667,96.28999999999999,2.546666666666681,2.5438684114141257,Wide,Bullish,Below CPR,97.60333333333334,98.475,96.73166666666668,98.475,96.73166666666668,1.743333333333311,1.8186243827804205,Wide,False,False,0.05,60,5140728.275,True,True,Lower,True,Risk Off,True,None,7.748571428571428,85.2398,83.12819999999999,0.32866273352999203,0.1760443095973595,True,True,No setup,0.0,None,None,0,No active J-Curve setup.,Neutral,0,Not applicable,No directional setup; confirmation score not applicable.,Wide CPR,Wide Downside Watch,Watch,Wide CPR + close below CPR; trend opposes; participation light,0,0,0,0
2026-09-30,2026-09-30,CM,NSE,STK,759412,INE1BZC01019,OMFREIGHT,BE,,,,,OM FREIGHT FORWARDERS LTD,93.49,94.0,90.0,94.0,94.0,93.46,,94.0,,,12358,1151557.38,129,F1,1,,,,,,Cash Only,Logistics & Ports,False,93.46,86.51,93.46,91.14333333333333,89.985,92.30166666666666,92.30166666666666,89.985,2.316666666666663,2.4787788001997253,Wide,Bullish,Above CPR,92.66666666666667,92.0,93.33333333333334,93.33333333333334,92.0,1.3333333333333428,1.4184397163120668,Wide,False,False,0.15,60,1437416.015,True,True,Outside,True,Risk Off,True,None,4.596428571428573,87.80760000000001,83.171,0.504014504014503,0.8011302002920845,True,True,No setup,0.0,None,None,0,No active J-Curve setup.,Neutral,0,Not applicable,No directional setup; confirmation score not applicable.,Wide CPR,Wide Upside Watch,Watch,Wide CPR + close above CPR; trend aligned; participation light,0,0,0,0
2026-09-30,2026-09-30,CM,NSE,STK,14797,INE933B01012,SIGMAADV,BE,,,,,SIGMA ADVANCED SYSTEM LTD,990.25,1025.7,990.05,1025.7,1025.7,976.9,,1025.43,,,370551,378181156.55,2431,F1,1,,,,,,Cash Only,Diversified,False,976.9,904.85,976.9,952.8833333333333,940.875,964.8916666666667,964.8916666666667,940.875,24.01666666666665,2.4584570239191987,Wide,Bullish,Above CPR,1013.8166666666666,1007.875,1019.7583333333332,1019.7583333333332,1007.875,11.883333333333212,1.1585583828929717,Wide,False,False,0.11666666666666667,60,192370659.875,True,True,Outside,True,Risk Off,True,Bullish Virgin,57.1142857142857,642.7801999999999,,0.4205019176254792,1.9658983173199973,True,False,No setup,0.0,None,None,0,No active J-Curve setup.,Neutral,0,Not applicable,No directional setup; confirmation score not applicable.,Wide CPR,Wide Upside Watch,Watch,Wide CPR + close above CPR; trend mixed; participation confirmed,0,0,0,0
2026-09-30,2026-09-30,CM,NSE,STK,764850,INE0AK901016,RRECL,EQ,,,,,RDB REAL ESTATE CONS L,139.99,139.99,134.95,134.95,134.95,129.19,,134.95,,,431,58184.39,12,F1,1,,,,,,Cash Only,Diversified,False,131.0,118.0,129.19,126.06333333333333,124.5,127.62666666666667,127.62666666666667,124.5,3.126666666666665,2.4202079624325914,Wide,Bullish,Above CPR,136.63,137.47,135.79,137.47,135.79,1.6800000000000068,1.2449055205631767,Wide,False,False,0.4,30,71696.225,False,False,Outside,True,Risk Off,False,Bullish Virgin,11.879285714285714,,,0.2632032549656263,0.8115404960303,False,False,No setup,0.0,None,None,0,No active J-Curve setup.,Neutral,0,Not applicable,No directional setup; confirmation score not applicable.,Wide CPR,Wide Upside Watch,Watch,Wide CPR + close above CPR; trend opposes; participation light,0,0,0,0
2026-09-30,2026-09-30,CM,NSE,STK,757991,INE0TGX01019,CHEMBONDCH,BE,,,,,CHEMBOND CHEMICAL LIMITED,230.0,237.45,218.8,225.5,227.0,230.3,,225.5,,,25729,5768191.25,343,F1,1,,,,,,Cash Only,Chemicals & Fertilizers,False,246.8,230.3,230.3,235.80000000000004,238.55,233.05000000000007,238.55,233.05000000000007,5.499999999999943,2.388189318280479,Wide,Bearish,Below CPR,227.25,228.125,226.375,228.125,226.375,1.75,0.7760532150776054,Wide,False,False,0.9,60,1941258.065,False,False,Lower,True,Risk Off,False,None,14.692857142857141,194.233,169.5884,0.3743315508021352,2.9713675651876814,True,True,No setup,0.0,None,None,0,No active J-Curve setup.,Neutral,0,Not applicable,No directional setup; confirmation score not applicable.,Wide CPR,Wide Downside Watch,Watch,Wide CPR + close below CPR; trend opposes; participation confirmed,0,0,0,0
2026-09-30,2026-09-30,CM,NSE,STK,18827,INE747K01017,TARAPUR,EQ,,,,,TARAPUR TRANSFORMERS LTD,12.6,12.6,12.0,12.16,12.3,12.03,,12.17,,,12032,146268.49,110,F1,1,,,,,,Cash Only,Diversified,False,12.4,10.8,12.03,11.743333333333334,11.600000000000001,11.886666666666667,11.886666666666667,11.600000000000001,0.2866666666666653,2.382931559988905,Wide,Bullish,Above CPR,12.253333333333336,12.3,12.20666666666667,12.3,12.20666666666667,0.09333333333333016,0.7675438596490967,Wide,False,False,0.1,60,409257.415,True,True,Lower,True,Risk Off,True,Bullish Virgin,0.8135714285714286,14.283199999999999,17.0172,0.3523558677202207,0.3573997309248508,False,False,No setup,0.0,None,None,0,No active J-Curve setup.,Neutral,0,Not applicable,No directional setup; confirmation score not applicable.,Wide CPR,Wide Upside Watch,Watch,Wide CPR + close above CPR; trend opposes; participation light,0,0,-2,-2
2026-09-30,2026-09-30,CM,NSE,STK,759203,INE278R01034,DHARAN,BZ,,,,,DHARAN INFRA-EPC LIMITED,0.15,0.15,0.14,0.14,0.15,0.14,,0.14,,,5532871,795716.83,1131,F1,1,,,,,,Cash Only,Diversified,False,0.15,0.14,0.14,0.14333333333333334,0.14500000000000002,0.14166666666666666,0.14500000000000002,0.14166666666666666,0.003333333333333355,2.380952380952396,Wide,Bearish,Below CPR,0.14333333333333334,0.14500000000000002,0.14166666666666666,0.14500000000000002,0.14166666666666666,0.003333333333333355,2.380952380952396,Wide,False,False,0.2,20,1087661.125,True,True,Inside,True,Risk Off,True,None,0.009999999999999995,,,0.33333333333333565,0.731585244439071,False,False,No setup,0.0,None,None,0,No active J-Curve setup.,Neutral,0,Not applicable,No directional setup; confirmation score not applicable.,Wide CPR,Wide Downside Watch,Watch,Wide CPR + close below CPR; trend aligned; participation light,0,0,0,0
2026-09-30,2026-09-30,CM,NSE,STK,23365,INE416A01051,AQYLON,EQ,,,,,AQYLON NEXUS LIMITED,17.11,17.39,16.26,16.26,16.26,17.11,,16.26,,,476188,7843059.64,1728,F1,1,,,,,,Cash Only,Diversified,False,18.34,17.1,17.11,17.516666666666666,17.72,17.313333333333333,17.72,17.313333333333333,0.4066666666666663,2.3767777128384937,Wide,Bearish,Below CPR,16.63666666666667,16.825000000000003,16.448333333333338,16.825000000000003,16.448333333333338,0.37666666666666515,2.3165231652316427,Wide,False,False,0.7333333333333333,60,28470658.11,False,False,Lower,True,Risk Off,False,None,1.3185714285714278,23.212600000000002,36.6679,0.3084145901047308,0.2754786914196835,False,False,No setup,0.0,None,None,0,No active J-Curve setup.,Neutral,0,Not applicable,No directional setup; confirmation score not applicable.,Wide CPR,Wide Downside Watch,Watch,Wide CPR + close below CPR; trend aligned; participation light,0,0,0,0
2026-09-30,2026-09-30,CM,NSE,STK,9678,INE980Y01015,SOUTHWEST,EQ,,,,,SOUTH WEST PINNACLE LTD,183.5,186.28,180.35,182.49,180.36,183.41,,182.53,,,62445,11467784.59,1865,F1,1,,,,,,Cash Only,Diversified,False,197.05,182.82,183.41,187.76,189.935,185.58499999999998,189.935,185.58499999999998,4.350000000000023,2.3717354560820145,Wide,Bearish,Below CPR,183.04,183.315,182.765,183.315,182.765,0.5500000000000114,0.30138637733575063,Moderate,False,False,0.36666666666666664,60,28916093.475,False,False,Overlapping,True,Risk Off,False,None,10.241428571428571,216.8084,228.2548,0.42474543171990736,0.3965883081653027,False,False,No setup,0.0,None,None,0,No active J-Curve setup.,Neutral,0,Not applicable,No directional setup; confirmation score not applicable.,Wide CPR,Wide Downside Watch,Watch,Wide CPR + close below CPR; trend aligned; participation light,0,0,0,0
2026-09-30,2026-09-30,CM,NSE,STK,8797,INE426Z01016,OBCL,EQ,,,,,OBCL LIMITED,56.0,59.5,54.7,55.34,55.31,54.68,,55.34,,,14378,816925.62,433,F1,1,,,,,,Cash Only,Diversified,False,58.69,54.51,54.68,55.96,56.599999999999994,55.32000000000001,56.599999999999994,55.32000000000001,1.279999999999987,2.3408924652523537,Wide,Bearish,Inside CPR,56.51333333333334,57.1,55.926666666666684,57.1,55.926666666666684,1.1733333333333178,2.1202264787374734,Wide,False,False,0.85,60,313045.51,False,False,Lower,True,Risk Off,False,None,2.6807142857142865,54.918800000000005,54.889300000000006,0.4774846789235228,2.609606571261795,True,True,No setup,0.0,None,None,0,No active J-Curve setup.,Neutral,0,Not applicable,No directional setup; confirmation score not applicable.,Wide CPR,Wide Consolidation,Watch,Wide CPR + close inside CPR; consolidation/range watch,0,0,0,0
2026-09-30,2026-09-30,CM,NSE,STK,759291,INE304W01038,BLUESTONE,EQ,,,,,BLUESTONE JEWEL LFSTL LTD,806.2,812.0,782.0,794.85,790.5,806.05,,794.9,,,805919,643962189.8,36320,F1,1,,,,,,Cash Only,Diversified,False,815.95,740.35,806.05,787.4500000000002,778.1500000000001,796.7500000000002,796.7500000000002,778.1500000000001,18.600000000000136,2.307549159481439,Wide,Bullish,Inside CPR,796.2833333333333,797.0,795.5666666666666,797.0,795.5666666666666,1.433333333333394,0.18032752510956707,Narrow,False,False,0.4,60,881445065.55,True,False,Overlapping,True,Risk Off,False,None,62.39285714285713,823.5540000000001,675.365,0.29811104751001943,0.7305755230454248,False,True,No setup,0.0,None,None,0,No active J-Curve setup.,Neutral,0,Not applicable,No directional setup; confirmation score not applicable.,Wide CPR,Wide Consolidation,Watch,Wide CPR + close inside CPR; consolidation/range watch,0,0,0,0
2026-09-30,2026-09-30,CM,NSE,STK,19582,INE071E01023,UGARSUGAR,BE,,,,,THE UGAR SUGAR WORKS LTD,56.5,60.0,55.9,57.26,57.0,57.81,,57.23,,,301755,17268529.29,1160,F1,1,,,,,,Cash Only,FMCG & Food Products,False,62.41,57.2,57.81,59.14000000000001,59.805,58.475000000000016,59.805,58.475000000000016,1.329999999999984,2.300640027676845,Wide,Bearish,Below CPR,57.72,57.95,57.489999999999995,57.95,57.489999999999995,0.46000000000000796,0.8033531260915263,Wide,False,False,0.85,60,22441193.810000002,False,False,Lower,True,Risk Off,False,None,4.527142857142857,50.3762,45.563500000000005,0.2937835279267873,0.769501365934685,True,True,No setup,0.0,None,None,0,No active J-Curve setup.,Neutral,0,Not applicable,No directional setup; confirmation score not applicable.,Wide CPR,Wide Downside Watch,Watch,Wide CPR + close below CPR; trend opposes; participation light,0,0,0,0
2026-09-30,2026-09-30,CM,NSE,STK,19884,INE818W01011,ESAFSFB,BE,,,,,ESAF SMALL FINANCE BANK L,44.55,46.0,44.03,44.52,44.5,44.54,,44.5,,,733692,33069030.97,1284,F1,1,,,,,,Cash Only,Diversified,False,44.8,41.21,44.54,43.51666666666666,43.004999999999995,44.02833333333332,44.02833333333332,43.004999999999995,1.0233333333333263,2.2975602454722193,Wide,Bullish,Above CPR,44.85,45.015,44.685,45.015,44.685,0.3299999999999983,0.7412398921832845,Moderate,False,False,0.7666666666666667,60,46599170.095,False,False,Higher,True,Risk Off,False,Bullish Virgin,2.042142857142857,38.427800000000005,33.347,0.50110761338463,0.7096484959406657,True,True,No setup,0.0,None,None,0,No active J-Curve setup.,Neutral,0,Not applicable,No directional setup; confirmation score not applicable.,Wide CPR,Wide Upside Watch,Watch,Wide CPR + close above CPR; trend aligned; participation light,0,0,0,0
2026-09-30,2026-09-30,CM,NSE,STK,7457,INE293B01029,HAVISHA,EQ,,,,,SRI HAVISHA HOSP & INFR L,1.36,1.39,1.32,1.34,1.34,1.32,,1.33,,,33131,44811.96,76,F1,1,,,,,,Cash Only,Diversified,False,1.44,1.29,1.32,1.3499999999999999,1.365,1.3349999999999997,1.365,1.3349999999999997,0.03000000000000025,2.2727272727272916,Wide,Bearish,Inside CPR,1.3499999999999999,1.355,1.3449999999999998,1.355,1.3449999999999998,0.010000000000000231,0.746268656716435,Moderate,False,False,0.75,60,56528.274999999994,False,False,Lower,True,Risk Off,False,None,0.0914285714285714,1.3419999999999999,1.3675,0.32812500000000283,0.7927353169719048,False,False,No setup,0.0,None,None,0,No active J-Curve setup.,Neutral,0,Not applicable,No directional setup; confirmation score not applicable.,Wide CPR,Wide Consolidation,Watch,Wide CPR + close inside CPR; consolidation/range watch,0,0,0,0
2026-09-30,2026-09-30,CM,NSE,STK,762621,INE274K01012,BTTL,BE,,,,,BHILWARA TECHNICAL TEXT L,40.76,41.5,38.25,40.98,40.98,39.96,,40.98,,,1488,57726.6,13,F1,1,,,,,,Cash Only,Diversified,False,40.4,36.8,39.96,39.053333333333335,38.599999999999994,39.506666666666675,39.506666666666675,38.599999999999994,0.9066666666666805,2.26893560226897,Wide,Bullish,Above CPR,40.24333333333333,39.875,40.611666666666665,40.611666666666665,39.875,0.7366666666666646,1.7976248576541354,Wide,False,False,0.8666666666666667,60,210034.28999999998,False,False,Lower,True,Risk Off,False,None,2.043571428571429,40.1886,,0.4436677152510844,0.274843693379781,True,False,No setup,0.0,None,None,0,No active J-Curve setup.,Neutral,0,Not applicable,No directional setup; confirmation score not applicable.,Wide CPR,Wide Upside Watch,Watch,Wide CPR + close above CPR; trend mixed; participation light,0,0,0,0
2026-09-30,2026-09-30,CM,NSE,STK,8940,INE255Z01027,E2E,BE,,,,,E2E NETWORKS LIMITED,655.05,679.0,636.2,650.5,650.0,651.8,,650.42,,,479810,315993369.15,11526,F1,1,,,,,,Cash Only,Diversified,False,657.15,602.15,651.8,637.0333333333333,629.65,644.4166666666666,644.4166666666666,629.65,14.766666666666652,2.265521120998259,Wide,Bullish,Above CPR,655.2333333333333,657.6,652.8666666666667,657.6,652.8666666666667,4.7333333333333485,0.7276454009736124,Moderate,False,False,0.6,60,550484218.0,False,False,Lower,True,Risk Off,False,None,32.86071428571427,524.293,1325.8504999999998,0.4493714451327751,0.5740280262675941,True,False,No setup,0.0,None,None,0,No active J-Curve setup.,Neutral,0,Not applicable,No directional setup; confirmation score not applicable.,Wide CPR,Wide Upside Watch,Watch,Wide CPR + close above CPR; trend mixed; participation light,0,0,0,0
2026-09-30,2026-09-30,CM,NSE,STK,13622,INE071A01013,BILVYAPAR,BE,,,,,BIL VYAPAR LIMITED,4.27,4.27,4.16,4.25,4.25,4.29,,4.25,,,1571,6598.3,9,F1,1,,,,,,Cash Only,Diversified,False,4.6,4.27,4.29,4.386666666666667,4.435,4.338333333333334,4.435,4.338333333333334,0.09666666666666579,2.2533022533022327,Wide,Bearish,Below CPR,4.226666666666667,4.215,4.238333333333333,4.238333333333333,4.215,0.023333333333333428,0.5490196078431395,Moderate,False,False,0.38333333333333336,60,62787.149999999994,True,True,Overlapping,True,Risk Off,False,Bearish Virgin,0.2350000000000001,8.4778,,0.41134751773049255,0.10508997462060311,False,False,No setup,0.0,None,None,0,No active J-Curve setup.,Neutral,0,Not applicable,No directional setup; confirmation score not applicable.,Wide CPR,Wide Downside Watch,Watch,Wide CPR + close below CPR; trend aligned; participation light,0,0,0,0
2026-09-30,2026-09-30,CM,NSE,STK,9380,INE369I01014,IL&FSENGG,BZ,,,,,IL&FS ENG AND CONS CO LTD,35.0,38.59,35.0,38.57,38.59,36.76,,38.55,,,14299,542578.86,43,F1,1,,,,,,Cash Only,Diversified,False,39.35,36.63,36.76,37.580000000000005,37.99,37.17000000000001,37.99,37.17000000000001,0.8199999999999932,2.230685527747533,Wide,Bearish,Above CPR,37.38666666666666,36.795,37.978333333333325,37.978333333333325,36.795,1.183333333333323,3.06801486474805,Wide,False,False,0.55,20,1478360.415,False,False,Lower,True,Risk Off,False,None,2.089999999999999,,,0.39234449760765244,0.36701392603237415,False,False,No setup,0.0,None,None,0,No active J-Curve setup.,Neutral,0,Not applicable,No directional setup; confirmation score not applicable.,Wide CPR,Wide Upside Watch,Watch,Wide CPR + close above CPR; trend opposes; participation light,0,0,0,0
2026-09-30,2026-09-30,CM,NSE,STK,18232,INE846D01012,LORDSCHLO,EQ,,,,,LORDS CHLORO ALKALI LTD,143.0,144.7,137.15,138.54,139.45,140.34,,138.29,,,11305,1592417.47,442,F1,1,,,,,,Cash Only,Diversified,False,151.0,139.01,140.34,143.45000000000002,145.005,141.89500000000004,145.005,141.89500000000004,3.109999999999957,2.2160467436226,Wide,Bearish,Below CPR,140.13,140.925,139.33499999999998,140.925,139.33499999999998,1.5900000000000318,1.1476829796448909,Wide,False,False,0.9666666666666667,60,1837190.5899999999,False,False,Overlapping,True,Risk Off,False,None,8.155000000000005,140.3942,138.3823,0.3813611281422385,0.8667677042695936,False,True,No setup,0.0,None,None,0,No active J-Curve setup.,Neutral,0,Not applicable,No directional setup; confirmation score not applicable.,Wide CPR,Wide Downside Watch,Watch,Wide CPR + close below CPR; trend mixed; participation light,0,0,0,0
2026-09-30,2026-09-30,CM,NSE,STK,13794,INE020D01022,BAIDFIN,EQ,,,,,BAID FINSERV LIMITED,10.26,10.7,10.26,10.38,10.35,10.45,,10.38,,,74200,773204.3,316,F1,1,,,,,,Cash Only,Diversified,False,11.2,10.39,10.45,10.68,10.795,10.565,10.795,10.565,0.23000000000000043,2.200956937799047,Wide,Bearish,Below CPR,10.446666666666667,10.48,10.413333333333334,10.48,10.413333333333334,0.06666666666666643,0.6422607578676919,Moderate,False,False,0.35,60,529170.2949999999,False,False,Lower,True,Risk Off,False,None,0.8557142857142858,10.2234,10.275900000000002,0.2687813021702843,1.4611634615658087,True,True,No setup,0.0,None,None,0,No active J-Curve setup.,Neutral,0,Not applicable,No directional setup; confirmation score not applicable.,Wide CPR,Wide Downside Watch,Watch,Wide CPR + close below CPR; trend opposes; participation confirmed,0,0,0,0
2026-09-30,2026-09-30,CM,NSE,STK,13756,INE637H01024,SHIVAMAUTO,EQ,,,,,SHIVAM AUTO.LTD,17.5,18.54,16.85,17.04,17.02,16.7,,17.04,,,113889,1994101.21,628,F1,1,,,,,,Cash Only,Automobile & Ancillary,False,17.99,16.51,16.7,17.066666666666666,17.25,16.883333333333333,17.25,16.883333333333333,0.36666666666666714,2.1956087824351327,Wide,Bearish,Inside CPR,17.476666666666667,17.695,17.258333333333333,17.695,17.258333333333333,0.4366666666666674,2.562597809076687,Wide,False,False,0.35,60,1103557.1800000002,False,False,Lower,True,Risk Off,False,None,1.2557142857142856,17.4238,19.1326,0.2919984831247634,1.8069758832070666,False,False,No setup,0.0,None,None,0,No active J-Curve setup.,Neutral,0,Not applicable,No directional setup; confirmation score not applicable.,Wide CPR,Wide Consolidation,Watch,Wide CPR + close inside CPR; consolidation/range watch,0,0,0,0
2026-09-30,2026-09-30,CM,NSE,STK,21578,INE073V01015,COMSYN,EQ,,,,,COMMERCIAL SYN BAGS LTD,267.65,279.15,265.0,269.7,268.5,261.95,,269.71,,,610951,166378717.35,10495,F1,1,,,,,,Cash Only,Diversified,False,282.85,258.25,261.95,267.68333333333334,270.55,264.81666666666666,270.55,264.81666666666666,5.7333333333333485,2.1887128586880507,Wide,Bearish,Inside CPR,271.2833333333333,272.075,270.4916666666666,272.075,270.4916666666666,1.5833333333333712,0.5870720553701785,Moderate,False,False,0.8166666666666667,60,122176418.75999999,False,False,Lower,True,Risk Off,False,None,16.932142857142846,264.38879999999995,215.95050000000003,0.3386064824579917,1.3617907533926803,True,True,No setup,0.0,None,None,0,No active J-Curve setup.,Neutral,0,Not applicable,No directional setup; confirmation score not applicable.,Wide CPR,Wide Consolidation,Watch,Wide CPR + close inside CPR; consolidation/range watch,0,0,0,0
2026-09-30,2026-09-30,CM,NSE,STK,763301,INE361K01017,GRADIENTE,BE,,,,,GRADIENTE INFOTAINMENT L,2.23,2.25,2.23,2.25,2.25,2.15,,2.25,,,1396620,3141975.01,170,F1,1,,,,,,Cash Only,Diversified,False,2.16,2.0,2.15,2.1033333333333335,2.08,2.126666666666667,2.126666666666667,2.08,0.046666666666666856,2.170542635658924,Wide,Bullish,Above CPR,2.2433333333333336,2.24,2.246666666666667,2.246666666666667,2.24,0.006666666666666821,0.2962962962963031,Moderate,False,False,0.6333333333333333,60,2826847.9050000003,True,False,Overlapping,True,Risk Off,False,Bullish Virgin,0.15000000000000005,2.6526,,0.3111111111111123,1.111476498060832,False,False,No setup,0.0,None,None,0,No active J-Curve setup.,Neutral,0,Not applicable,No directional setup; confirmation score not applicable.,Wide CPR,Wide Upside Watch,Watch,Wide CPR + close above CPR; trend opposes; participation confirmed,0,0,0,0
2026-09-30,2026-09-30,CM,NSE,STK,6156,INE738V01013,ARTNIRMAN,EQ,,,,,ART NIRMAN LIMITED,37.85,41.8,37.75,40.24,40.7,36.52,,40.24,,,6656,266746.11,75,F1,1,,,,,,Cash Only,Diversified,False,39.0,36.41,36.52,37.31,37.705,36.915000000000006,37.705,36.915000000000006,0.789999999999992,2.1631982475355747,Wide,Bearish,Above CPR,39.93,39.775,40.085,40.085,39.775,0.3100000000000023,0.7703777335984151,Wide,False,False,0.3220338983050847,60,33313.995,False,False,Unknown,True,Risk Off,False,Bullish Virgin,1.8699999999999999,40.233599999999996,40.4492,0.4224598930481241,8.00702857762931,True,False,No setup,0.0,None,None,0,No active J-Curve setup.,Neutral,0,Not applicable,No directional setup; confirmation score not applicable.,Wide CPR,Wide Upside Watch,Watch,Wide CPR + close above CPR; trend mixed; participation confirmed,0,0,0,0
2026-09-30,2026-09-30,CM,NSE,STK,19458,INE0INJ01017,PLAZACABLE,EQ,,,,,PLAZA WIRES LIMITED,61.88,61.88,59.05,59.15,59.05,59.9,,59.14,,,59674,3585628.37,951,F1,1,,,,,,Cash Only,Media & Entertainment,False,59.9,56.05,59.9,58.61666666666667,57.974999999999994,59.25833333333334,59.25833333333334,57.974999999999994,1.2833333333333456,2.1424596549805437,Wide,Bullish,Inside CPR,60.02666666666667,60.465,59.58833333333334,60.465,59.58833333333334,0.8766666666666652,1.4821076359537873,Wide,False,False,0.9333333333333333,60,4447472.17,False,False,Lower,True,Risk Off,False,None,3.560714285714286,53.38320000000001,45.05330000000001,0.36041457706453034,0.8062171572846515,True,True,No setup,0.0,None,None,0,No active J-Curve setup.,Neutral,0,Not applicable,No directional setup; confirmation score not applicable.,Wide CPR,Wide Consolidation,Watch,Wide CPR + close inside CPR; consolidation/range watch,0,0,0,0
2026-09-30,2026-09-30,CM,NSE,STK,760865,INE0UH301010,OMNI,EQ,,,,,OMNITECH ENGINEERING LTD,555.0,580.0,552.0,564.05,564.55,560.4,,564.06,,,1008108,574779770.6,29802,F1,1,,,,,,Cash Only,Diversified,False,565.75,519.05,560.4,548.4,542.4,554.4,554.4,542.4,12.0,2.1413276231263385,Wide,Bullish,Above CPR,565.35,566.0,564.7,566.0,564.7,1.2999999999999545,0.23047602162928013,Narrow,False,False,0.31666666666666665,60,244622696.5,True,False,Higher,True,Risk Off,False,None,28.935714285714305,571.1479999999999,528.589,0.41471241668723746,2.349658387483273,False,True,No setup,0.0,None,None,0,No active J-Curve setup.,Neutral,0,Not applicable,No directional setup; confirmation score not applicable.,Wide CPR,Wide Upside Watch,Watch,Wide CPR + close above CPR; trend mixed; participation confirmed,0,0,0,0
2026-09-30,2026-09-30,CM,NSE,STK,4491,INE782A01015,BOSCH-HCIL,EQ,,,,,BOSCH HOME COMFRT IND LTD,1950.1,1979.0,1851.2,1876.7,1879.0,1934.4,,1876.85,,,72922,140868623.8,10773,F1,1,,,,,,Cash Only,Diversified,False,1964.9,1780.0,1934.4,1893.1000000000001,1872.45,1913.7500000000002,1913.7500000000002,1872.45,41.30000000000018,2.135028949545088,Wide,Bullish,Inside CPR,1902.3,1915.1,1889.5,1915.1,1889.5,25.59999999999991,1.3640965524590989,Wide,False,False,0.7833333333333333,60,62079717.8,False,False,Higher,True,Risk Off,False,None,76.35000000000004,1640.4620000000002,1502.906,0.540929927963329,2.2691569612772953,True,True,No setup,0.0,None,None,0,No active J-Curve setup.,Neutral,0,Not applicable,No directional setup; confirmation score not applicable.,Wide CPR,Wide Consolidation,Watch,Wide CPR + close inside CPR; consolidation/range watch,0,0,0,0
2026-09-30,2026-09-30,CM,NSE,STK,24851,INE442P01014,SUYOG,EQ,,,,,SUYOG TELEMATICS LIMITED,710.0,725.0,670.0,695.1,672.3,689.95,,695.11,,,70242,49142264.85,3459,F1,1,,,,,,Cash Only,Diversified,False,710.0,625.8,689.95,675.25,667.9,682.6,682.6,667.9,14.700000000000045,2.130589173128494,Wide,Bullish,Above CPR,696.6999999999999,697.5,695.8999999999999,697.5,695.8999999999999,1.6000000000001364,0.23018270752411685,Narrow,False,False,0.13333333333333333,60,16083649.0,True,True,Higher,True,Risk Off,True,None,32.8142857142857,764.398,782.313,0.4479756203744029,3.0554176387460332,False,False,No setup,0.0,None,None,0,No active J-Curve setup.,Neutral,0,Not applicable,No directional setup; confirmation score not applicable.,Wide CPR,Wide Upside Watch,Watch,Wide CPR + close above CPR; trend opposes; participation confirmed,0,0,0,0
2026-09-30,2026-09-30,CM,NSE,STK,19451,INE707C01018,CAPTRUST,BE,,,,,CAPITAL TRUST LIMITED,17.65,18.42,16.9,18.28,18.42,17.55,,18.3,,,27829,504429.08,73,F1,1,,,,,,Cash Only,Diversified,False,18.73,17.48,17.55,17.92,18.105,17.735000000000003,18.105,17.735000000000003,0.36999999999999744,2.108262108262094,Wide,Bearish,Above CPR,17.866666666666667,17.66,18.073333333333334,18.073333333333334,17.66,0.413333333333334,2.2611232676878226,Wide,False,False,0.4166666666666667,60,558520.42,False,False,Lower,True,Risk Off,False,None,0.8957142857142859,16.3578,15.005900000000002,0.4130781499202522,0.9031524397979934,True,True,No setup,0.0,None,None,0,No active J-Curve setup.,Neutral,0,Not applicable,No directional setup; confirmation score not applicable.,Wide CPR,Wide Upside Watch,Watch,Wide CPR + close above CPR; trend aligned; participation light,0,0,0,0
2026-09-30,2026-09-30,CM,NSE,STK,20188,INE956G01038,WABAG,EQ,,,,,VA TECH WABAG LTD,2077.9,2141.9,2051.0,2061.4,2058.0,2093.8,,2061.53,,,394972,829319517.0,29478,F1,1,,,,,,Cash Only,Diversified,False,2099.8,1956.8,2093.8,2050.1333333333337,2028.3000000000002,2071.966666666667,2071.966666666667,2028.3000000000002,43.66666666666697,2.0855223357850305,Wide,Bullish,Inside CPR,2084.7666666666664,2096.45,2073.083333333333,2096.45,2073.083333333333,23.366666666666788,1.1335338443129324,Wide,False,False,0.4166666666666667,60,1136571606.9,False,False,Higher,True,Risk Off,False,None,98.34285714285718,2021.25,1891.2120000000002,0.4440247917877232,0.7296676355148177,True,True,No setup,0.0,None,None,0,No active J-Curve setup.,Neutral,0,Not applicable,No directional setup; confirmation score not applicable.,Wide CPR,Wide Consolidation,Watch,Wide CPR + close inside CPR; consolidation/range watch,0,0,0,0
2026-09-30,2026-09-30,CM,NSE,STK,762969,INE232E01013,VELJAN,BE,,,,,VELJAN DENISON LTD.,2083.0,2186.8,2020.0,2186.8,2186.8,2082.7,,2186.8,,,2070,4432695.8,212,F1,1,,,,,,Cash Only,Diversified,False,2094.0,1942.0,2082.7,2039.5666666666666,2018.0,2061.133333333333,2061.133333333333,2018.0,43.13333333333321,2.071029592996265,Wide,Bullish,Above CPR,2131.2000000000003,2103.4,2159.0000000000005,2159.0000000000005,2103.4,55.600000000000364,2.542527894640587,Wide,False,False,0.4666666666666667,60,752291.1,False,False,Overlapping,True,Risk Off,False,None,96.23571428571431,1505.884,,0.4482050520794662,5.892261386582933,True,False,No setup,0.0,None,None,0,No active J-Curve setup.,Neutral,0,Not applicable,No directional setup; confirmation score not applicable.,Wide CPR,Wide Upside Watch,Watch,Wide CPR + close above CPR; trend mixed; participation confirmed,0,0,0,0
2026-09-30,2026-09-30,CM,NSE,STK,3965,INE474C01023,REMSONSIND,EQ,,,,,REMSONS INDUSTRIES LTD,113.43,124.8,112.97,113.93,115.5,111.56,,113.94,,,869570,101915869.13,8670,F1,1,,,,,,Cash Only,Diversified,False,119.95,110.1,111.56,113.87,115.025,112.715,115.025,112.715,2.3100000000000023,2.070634636070278,Wide,Bearish,Inside CPR,117.23333333333333,118.88499999999999,115.58166666666668,118.88499999999999,115.58166666666668,3.3033333333333132,2.899441177331092,Wide,False,False,0.8833333333333333,60,9043926.295,False,False,Lower,True,Risk Off,False,None,8.145714285714286,90.5886,89.76610000000001,0.2835847071203089,11.268984930399634,True,True,No setup,0.0,None,None,0,No active J-Curve setup.,Neutral,0,Not applicable,No directional setup; confirmation score not applicable.,Wide CPR,Wide Consolidation,Watch,Wide CPR + close inside CPR; consolidation/range watch,0,0,0,0
2026-09-30,2026-09-30,CM,NSE,STK,764496,INE0GMR01016,SWARAJ,BE,,,,,SWARAJ SUITING LIMITED,379.0,391.85,365.0,388.6,390.5,373.2,,392.67,,,66614,25435173.35,570,F1,1,,,,,,Cash Only,Diversified,False,373.2,350.1,373.2,365.5,361.65,369.35,369.35,361.65,7.7000000000000455,2.0632368703108375,Wide,Bullish,Above CPR,381.81666666666666,378.425,385.2083333333333,385.2083333333333,378.425,6.783333333333303,1.7455824326642568,Wide,False,False,0.8275862068965517,29,38052458.25,False,False,Higher,True,Risk Off,False,None,16.753571428571423,,,0.45960349605628087,0.6684239210747969,False,False,No setup,0.0,None,None,0,No active J-Curve setup.,Neutral,0,Not applicable,No directional setup; confirmation score not applicable.,Wide CPR,Wide Upside Watch,Watch,Wide CPR + close above CPR; trend opposes; participation light,0,0,0,0
2026-09-30,2026-09-30,CM,NSE,STK,1782,INE694E01014,KANPRPLA,EQ,,,,,KANPUR PLASTIPACK LIMITED,249.0,253.4,246.45,249.0,248.55,245.2,,248.89,,,5949,1484288.25,421,F1,1,,,,,,Cash Only,Diversified,False,262.0,243.45,245.2,250.21666666666667,252.725,247.70833333333334,252.725,247.70833333333334,5.0166666666666515,2.045948885263724,Wide,Bearish,Inside CPR,249.61666666666667,249.925,249.30833333333334,249.925,249.30833333333334,0.6166666666666742,0.24765729585006996,Narrow,False,False,0.43333333333333335,60,5540088.1,False,False,Lower,True,Risk Off,False,None,17.932142857142857,242.47280000000003,219.8575,0.279758348270596,0.2679178062168362,True,True,No setup,0.0,None,None,0,No active J-Curve setup.,Neutral,0,Not applicable,No directional setup; confirmation score not applicable.,Wide CPR,Wide Consolidation,Watch,Wide CPR + close inside CPR; consolidation/range watch,0,0,0,0
2026-09-30,2026-09-30,CM,NSE,STK,7406,INE935A01035,GLENMARK,EQ,,,,,GLENMARK PHARMACEUTICALS,2391.0,2410.0,2334.7,2334.7,2334.7,2441.5,,2328.61,,,1261905,2999614989.8,60710,F1,1,,,,,,F&O + Cash,Healthcare,True,2441.5,2292.0,2441.5,2391.6666666666665,2366.75,2416.583333333333,2416.583333333333,2366.75,49.83333333333303,2.041094955287038,Wide,Bullish,Below CPR,2359.7999999999997,2372.35,2347.2499999999995,2372.35,2347.2499999999995,25.100000000000364,1.0750845933096487,Wide,False,False,0.85,60,1107378125.3,False,False,Outside,True,Risk Off,False,None,66.28571428571432,2349.42,2297.2529999999997,0.7517959770114893,2.7087540572353044,False,True,No setup,0.0,None,None,0,No active J-Curve setup.,Neutral,0,Not applicable,No directional setup; confirmation score not applicable.,Wide CPR,Wide Downside Watch,Watch,Wide CPR + close below CPR; trend mixed; participation confirmed,0,0,0,0
2026-09-30,2026-09-30,CM,NSE,STK,760891,INE0OFM01015,DSFCL,EQ,,,,,DCM SHRIRAM FINE CHEM LTD,29.17,29.8,28.19,28.94,28.68,29.1,,28.85,,,45090,1310849.31,384,F1,1,,,,,,Cash Only,Diversified,False,30.98,28.98,29.1,29.686666666666667,29.98,29.393333333333334,29.98,29.393333333333334,0.586666666666666,2.0160366552119107,Wide,Bearish,Below CPR,28.97666666666667,28.995,28.95833333333334,28.995,28.95833333333334,0.03666666666666174,0.1266989173001442,Narrow,False,False,0.4,60,1766463.15,False,False,Lower,True,Risk Off,False,None,1.643571428571429,26.326200000000004,,0.3569462552513395,0.7420756611877243,True,False,No setup,0.0,None,None,0,No active J-Curve setup.,Neutral,0,Not applicable,No directional setup; confirmation score not applicable.,Wide CPR,Wide Downside Watch,Watch,Wide CPR + close below CPR; trend mixed; participation light,0,0,0,0
2026-09-30,2026-09-30,CM,NSE,STK,765977,INE0JHH01011,DOLLEX,EQ,,,,,DOLLEX AGROTECH LIMITED,40.0,40.0,37.6,38.0,38.0,38.9,,38.26,,,17634,674505.0,568,F1,1,,,,,,Cash Only,Diversified,False,39.55,35.9,38.9,38.11666666666667,37.724999999999994,38.50833333333334,38.50833333333334,37.724999999999994,0.7833333333333456,2.013710368466184,Wide,Bullish,Inside CPR,38.53333333333333,38.8,38.266666666666666,38.8,38.266666666666666,0.5333333333333314,1.4035087719298196,Wide,False,False,0.9090909090909091,12,1174107.325,False,False,Higher,False,Risk Off,False,None,,,,,0.5744832568862476,False,False,No setup,0.0,None,None,0,No active J-Curve setup.,Neutral,0,Not applicable,No directional setup; confirmation score not applicable.,Wide CPR,Wide Consolidation,Watch,Wide CPR + close inside CPR; consolidation/range watch,0,0,0,0
2026-09-30,2026-09-30,CM,NSE,STK,25,INE423A01024,ADANIENT,EQ,,,,,ADANI ENTERPRISES LIMITED,2910.0,2957.6,2880.0,2903.4,2903.4,2972.9,,2903.4,,,1663023,4838753003.9,69848,F1,1,,,,,,F&O + Cash,Metals & Mining,True,2972.9,2793.7,2972.9,2913.1666666666665,2883.3,2943.033333333333,2943.033333333333,2883.3,59.733333333332666,2.0092614394474304,Wide,Bullish,Inside CPR,2913.6666666666665,2918.8,2908.533333333333,2918.8,2908.533333333333,10.266666666667334,0.3536084131248651,Moderate,False,False,0.85,60,3252521990.2,False,False,Outside,True,Risk Off,False,None,91.79285714285717,3004.408,2975.2380000000003,0.6507405389982547,1.4876926331257367,False,False,No setup,0.0,None,None,0,No active J-Curve setup.,Neutral,0,Not applicable,No directional setup; confirmation score not applicable.,Wide CPR,Wide Consolidation,Watch,Wide CPR + close inside CPR; consolidation/range watch,0,0,0,0
2026-09-30,2026-09-30,CM,NSE,STK,2289,INE461D01028,HLEGLAS,EQ,,,,,HLE GLASCOAT LIMITED,440.0,456.35,436.15,439.4,438.9,434.65,,439.38,,,124676,55849954.1,3954,F1,1,,,,,,Cash Only,Diversified,False,436.95,406.2,434.65,425.93333333333334,421.575,430.2916666666667,430.2916666666667,421.575,8.716666666666697,2.0054449940565275,Wide,Bullish,Above CPR,443.9666666666667,446.25,441.6833333333334,446.25,441.6833333333334,4.566666666666606,1.0392960097101973,Wide,False,False,0.8333333333333334,60,94110324.625,False,False,Lower,True,Risk Off,False,Bullish Virgin,32.942857142857136,383.00800000000004,376.3485,0.26459959525874627,0.5934519333829149,True,True,No setup,0.0,None,None,0,No active J-Curve setup.,Neutral,0,Not applicable,No directional setup; confirmation score not applicable.,Wide CPR,Wide Upside Watch,Watch,Wide CPR + close above CPR; trend aligned; participation light,0,0,0,0
2026-09-30,2026-09-30,CM,NSE,STK,765140,INE258R01028,PANORAMA,EQ,,,,,PANORAMA STUDIOS INTL. L,59.0,62.15,55.0,58.29,57.28,57.77,,58.29,,,1206378,70600226.14,5706,F1,1,,,,,,Cash Only,Diversified,False,59.3,52.77,57.77,56.61333333333334,56.035,57.19166666666668,57.19166666666668,56.035,1.1566666666666805,2.002192602850408,Wide,Bullish,Above CPR,58.48,58.575,58.38499999999999,58.575,58.38499999999999,0.19000000000001194,0.32595642477270875,Moderate,False,False,0.7741935483870968,31,17744803.54,False,False,Lower,True,Risk Off,False,None,4.697857142857141,,,0.2462115452840738,3.978642309612181,False,False,No setup,0.0,None,None,0,No active J-Curve setup.,Neutral,0,Not applicable,No directional setup; confirmation score not applicable.,Wide CPR,Wide Upside Watch,Watch,Wide CPR + close above CPR; trend opposes; participation confirmed,0,0,0,0
2026-09-30,2026-09-30,CM,NSE,STK,1185,INE371P01015,AMBER,EQ,,,,,AMBER ENTERPRISES (I) LTD,6639.0,6786.0,6617.0,6672.5,6672.5,6606.5,,6672.71,,,224400,1513297307.5,32872,F1,1,,,,,,F&O + Cash,Consumer Durables,True,7001.0,6606.5,6606.5,6738.0,6803.75,6672.25,6803.75,6672.25,131.5,1.9904639370317112,Wide,Bearish,Inside CPR,6691.833333333333,6701.5,6682.166666666666,6701.5,6682.166666666666,19.33333333333394,0.2897464718371516,Moderate,False,False,0.38333333333333336,60,1332904315.5,False,False,Lower,True,Risk Off,False,None,181.75,7280.95,7495.045,0.7235213204951857,1.1353382909052485,False,False,No setup,0.0,None,None,0,No active J-Curve setup.,Neutral,0,Not applicable,No directional setup; confirmation score not applicable.,Wide CPR,Wide Consolidation,Watch,Wide CPR + close inside CPR; consolidation/range watch,0,0,0,0
2026-09-30,2026-09-30,CM,NSE,STK,765130,INE154B01023,MOHITE,EQ,,,,,MOHITE INDUSTRIES LTD.,2.53,2.6,2.25,2.52,2.59,2.53,,2.52,,,151942,374954.75,182,F1,1,,,,,,Cash Only,Diversified,False,2.54,2.37,2.53,2.48,2.455,2.505,2.505,2.455,0.04999999999999982,1.9762845849802302,Wide,Bullish,Above CPR,2.4566666666666666,2.425,2.4883333333333333,2.4883333333333333,2.425,0.06333333333333346,2.5132275132275184,Wide,False,False,0.1935483870967742,31,129029.23,True,False,Higher,True,Risk Off,True,None,0.21499999999999994,,,0.23255813953488297,2.905967508292501,False,False,No setup,0.0,None,None,0,No active J-Curve setup.,Neutral,0,Not applicable,No directional setup; confirmation score not applicable.,Wide CPR,Wide Upside Watch,Watch,Wide CPR + close above CPR; trend opposes; participation confirmed,0,0,0,0
2026-09-30,2026-09-30,CM,NSE,STK,19215,INE871K01015,HMVL,BE,,,,,HINDUSTAN MEDIA VENT LTD,72.4,76.02,72.4,75.96,76.02,72.4,,75.96,,,18380,1382553.0,138,F1,1,,,,,,Cash Only,Diversified,False,72.4,68.11,72.4,70.97,70.255,71.685,71.685,70.255,1.4300000000000068,1.9751381215469705,Wide,Bullish,Above CPR,74.79333333333334,74.21000000000001,75.37666666666667,75.37666666666667,74.21000000000001,1.1666666666666572,1.5358960856591064,Wide,False,False,0.9166666666666666,60,4569555.325,False,False,Lower,True,Risk Off,False,Bullish Virgin,4.0321428571428575,87.12380000000002,79.3907,0.35465013286094055,0.30255744851934796,False,False,No setup,0.0,None,None,0,No active J-Curve setup.,Neutral,0,Not applicable,No directional setup; confirmation score not applicable.,Wide CPR,Wide Upside Watch,Watch,Wide CPR + close above CPR; trend opposes; participation light,0,0,0,0
2026-09-30,2026-09-30,CM,NSE,STK,16589,INE972X01022,VAISHALI,EQ,,,,,VAISHALI PHARMA LIMITED,8.75,8.99,8.31,8.35,8.39,8.39,,8.35,,,199730,1693045.99,371,F1,1,,,,,,Cash Only,Diversified,False,8.94,8.33,8.39,8.553333333333333,8.635,8.471666666666666,8.635,8.471666666666666,0.163333333333334,1.9467620182757328,Wide,Bearish,Below CPR,8.549999999999999,8.65,8.449999999999998,8.65,8.449999999999998,0.20000000000000284,2.3952095808383573,Wide,False,False,0.3333333333333333,60,1301523.25,False,False,Outside,True,Risk Off,False,None,0.5914285714285711,8.2316,7.536199999999999,0.276167471819647,1.3008188597476074,True,True,No setup,0.0,None,None,0,No active J-Curve setup.,Neutral,0,Not applicable,No directional setup; confirmation score not applicable.,Wide CPR,Wide Downside Watch,Watch,Wide CPR + close below CPR; trend opposes; participation confirmed,0,0,0,0
2026-09-30,2026-09-30,CM,NSE,STK,7129,INE761Y01019,ZODIAC,EQ,,,,,ZODIAC ENERGY LIMITED,208.61,219.6,208.61,216.32,216.6,208.6,,216.17,,,10246,2219669.47,829,F1,1,,,,,,Cash Only,Diversified,False,227.99,201.35,208.6,212.64666666666668,214.67000000000002,210.62333333333333,214.67000000000002,210.62333333333333,4.046666666666681,1.9399169063598662,Wide,Bearish,Above CPR,214.84333333333333,214.10500000000002,215.58166666666665,215.58166666666665,214.10500000000002,1.476666666666631,0.6826306706114234,Moderate,False,False,0.4666666666666667,60,3583339.2800000003,False,False,Lower,True,Risk Off,False,None,9.705714285714288,254.86739999999998,254.3255,0.4169365126091663,0.6194416148057295,False,False,No setup,0.0,None,None,0,No active J-Curve setup.,Neutral,0,Not applicable,No directional setup; confirmation score not applicable.,Wide CPR,Wide Upside Watch,Watch,Wide CPR + close above CPR; trend opposes; participation light,0,0,-2,-2
2026-09-30,2026-09-30,CM,NSE,STK,757520,INE0U4101014,BLUSPRING,EQ,,,,,BLUSPRING ENTERPRISES LTD,145.8,147.8,140.1,141.74,143.0,143.11,,141.73,,,149662,21409430.85,2835,F1,1,,,,,,Cash Only,Diversified,False,152.5,142.0,143.11,145.87,147.25,144.49,147.25,144.49,2.759999999999991,1.9285864020683325,Wide,Bearish,Below CPR,143.21333333333334,143.95,142.4766666666667,143.95,142.4766666666667,1.4733333333333007,1.0394619255914355,Wide,False,False,0.85,60,54034788.894999996,False,False,Higher,True,Risk Off,False,None,9.456428571428571,122.814,108.08689999999999,0.2918649444822107,0.3962156841512354,True,True,No setup,0.0,None,None,0,No active J-Curve setup.,Neutral,0,Not applicable,No directional setup; confirmation score not applicable.,Wide CPR,Wide Downside Watch,Watch,Wide CPR + close below CPR; trend opposes; participation light,0,0,0,0
2026-09-30,2026-09-30,CM,NSE,STK,9610,INE613B01010,ICDSLTD,BE,,,,,ICDSLTD,51.45,51.45,48.88,48.88,48.88,51.45,,49.55,,,2591,127273.09,22,F1,1,,,,,,Cash Only,Diversified,False,54.42,51.45,51.45,52.44,52.935,51.94499999999999,52.935,51.94499999999999,0.9900000000000091,1.9241982507288806,Wide,Bearish,Below CPR,49.73666666666667,50.165000000000006,49.30833333333334,50.165000000000006,49.30833333333334,0.8566666666666691,1.7525913802509598,Wide,False,False,0.7,60,39854.845,False,False,Lower,True,Risk Off,False,Bearish Virgin,3.538571428571428,48.556599999999996,45.569300000000005,0.2797739200645969,3.1934157566037453,True,True,No setup,0.0,None,None,0,No active J-Curve setup.,Neutral,0,Not applicable,No directional setup; confirmation score not applicable.,Wide CPR,Wide Downside Watch,Watch,Wide CPR + close below CPR; trend opposes; participation confirmed,0,0,0,0
2026-09-30,2026-09-30,CM,NSE,STK,20852,INE565L01011,ZEELEARN,EQ,,,,,ZEE LEARN LIMITED,6.36,6.68,6.36,6.5,6.5,6.25,,6.5,,,269367,1760717.53,643,F1,1,,,,,,Cash Only,Diversified,False,6.85,6.01,6.25,6.37,6.43,6.3100000000000005,6.43,6.3100000000000005,0.11999999999999922,1.9199999999999873,Wide,Bearish,Above CPR,6.513333333333333,6.52,6.506666666666666,6.52,6.506666666666666,0.013333333333333641,0.20512820512820987,Narrow,False,False,0.7666666666666667,60,3510144.005,False,False,Lower,True,Risk Off,False,None,0.5642857142857144,6.434,5.8974,0.21265822784809985,0.501608346407429,True,True,No setup,0.0,None,None,0,No active J-Curve setup.,Neutral,0,Not applicable,No directional setup; confirmation score not applicable.,Wide CPR,Wide Upside Watch,Watch,Wide CPR + close above CPR; trend aligned; participation light,0,0,0,0
2026-09-30,2026-09-30,CM,NSE,STK,31017,INE480M01011,THOMASCOTT,EQ,,,,,THOMAS SCOTT (INDIA) LTD,255.0,276.4,240.85,267.35,270.2,250.35,,267.27,,,115936,30298513.65,2863,F1,1,,,,,,Cash Only,Diversified,False,270.5,244.55,250.35,255.13333333333333,257.525,252.74166666666667,257.525,252.74166666666667,4.783333333333303,1.9106584115571412,Wide,Bearish,Above CPR,261.53333333333336,258.625,264.4416666666667,264.4416666666667,258.625,5.81666666666672,2.175674833239843,Wide,False,False,0.4,60,10816834.774999999,False,False,Overlapping,True,Risk Off,False,None,15.767857142857139,279.82,286.12899999999996,0.30335975839939416,2.8010517198641414,False,False,No setup,0.0,None,None,0,No active J-Curve setup.,Neutral,0,Not applicable,No directional setup; confirmation score not applicable.,Wide CPR,Wide Upside Watch,Watch,Wide CPR + close above CPR; trend opposes; participation confirmed,0,0,0,0
2026-09-30,2026-09-30,CM,NSE,STK,765931,INE1M2N01020,DEEPA,EQ,,,,,DEEPA JEWELLERS LIMITED,191.8,199.9,189.74,195.48,195.91,188.89,,195.48,,,2948558,578093420.0,29728,F1,1,,,,,,Cash Only,Diversified,False,203.35,185.25,188.89,192.49666666666667,194.3,190.69333333333333,194.3,190.69333333333333,3.6066666666666833,1.9094005329380506,Wide,Bearish,Above CPR,195.04,194.82,195.26,195.26,194.82,0.4399999999999977,0.22508696541845596,Narrow,False,False,0.42857142857142855,15,664510774.22,False,False,Lower,False,Risk Off,False,None,13.760000000000003,,,0.2621124031007763,0.8699534190074851,False,False,No setup,0.0,None,None,0,No active J-Curve setup.,Neutral,0,Not applicable,No directional setup; confirmation score not applicable.,Wide CPR,Wide Upside Watch,Watch,Wide CPR + close above CPR; trend opposes; participation light,0,0,0,0
2026-09-30,2026-09-30,CM,NSE,STK,4774,INE651C01018,LAKPRE,BZ,,,,,LAKSHMI PRE SCRE LTD,5.34,5.34,4.98,5.25,5.25,5.24,,5.23,,,107,569.05,7,F1,1,,,,,,Cash Only,Diversified,False,5.34,4.84,5.24,5.14,5.09,5.1899999999999995,5.1899999999999995,5.09,0.09999999999999964,1.9083969465648787,Wide,Bullish,Above CPR,5.19,5.16,5.220000000000001,5.220000000000001,5.16,0.0600000000000005,1.1428571428571523,Wide,False,False,,19,15484.0,False,False,Outside,False,Risk Off,False,None,0.38214285714285695,,,0.2616822429906534,0.03675083957633686,False,False,No setup,0.0,None,None,0,No active J-Curve setup.,Neutral,0,Not applicable,No directional setup; confirmation score not applicable.,Wide CPR,Wide Upside Watch,Watch,Wide CPR + close above CPR; trend opposes; participation light,0,0,0,0
2026-09-30,2026-09-30,CM,NSE,STK,2814,INE006Z01016,ARVEE,EQ,,,,,ARVEE LABORATORIES I LTD,233.99,235.79,222.2,225.16,226.4,232.85,,225.16,,,5986,1362961.28,308,F1,1,,,,,,Cash Only,Diversified,False,249.0,230.0,232.85,237.28333333333333,239.5,235.06666666666666,239.5,235.06666666666666,4.433333333333337,1.903943883759217,Wide,Bearish,Below CPR,227.71666666666667,228.995,226.43833333333333,228.995,226.43833333333333,2.556666666666672,1.135488837567362,Wide,False,False,0.9333333333333333,60,196078.09,False,False,Higher,True,Risk Off,False,None,20.59857142857143,175.73680000000002,169.5525,0.21522528145733658,6.951114629890571,True,True,No setup,0.0,None,None,0,No active J-Curve setup.,Neutral,0,Not applicable,No directional setup; confirmation score not applicable.,Wide CPR,Wide Downside Watch,Watch,Wide CPR + close below CPR; trend opposes; participation confirmed,0,0,0,0
2026-09-30,2026-09-30,CM,NSE,STK,23621,INE0OAF01028,JNKINDIA,EQ,,,,,JNK INDIA LIMITED,459.95,462.9,434.8,438.2,437.65,451.75,,438.21,,,239632,106799276.7,11384,F1,1,,,,,,Cash Only,Diversified,False,464.0,413.7,451.75,443.15000000000003,438.85,447.45000000000005,447.45000000000005,438.85,8.600000000000023,1.9037078029883834,Wide,Bullish,Below CPR,445.3,448.85,441.75,448.85,441.75,7.100000000000023,1.620264719306258,Wide,False,False,0.7833333333333333,60,77913799.35,False,False,Higher,True,Risk Off,False,None,20.19285714285714,436.806,439.216,0.4258931729748862,1.3707363469754863,True,False,No setup,0.0,None,None,0,No active J-Curve setup.,Neutral,0,Not applicable,No directional setup; confirmation score not applicable.,Wide CPR,Wide Downside Watch,Watch,Wide CPR + close below CPR; trend mixed; participation confirmed,0,0,0,0
2026-09-30,2026-09-30,CM,NSE,STK,27303,INE735M01018,SAMPANN,EQ,,,,,SAMPANN UTPADAN INDIA LTD,24.7,24.7,23.56,24.17,24.1,23.82,,24.17,,,3944,95093.59,70,F1,1,,,,,,Cash Only,Diversified,False,25.25,23.75,23.82,24.27333333333333,24.5,24.04666666666666,24.5,24.04666666666666,0.45333333333334025,1.90316260845231,Wide,Bearish,Inside CPR,24.143333333333334,24.13,24.15666666666667,24.15666666666667,24.13,0.026666666666670835,0.1103296097090229,Narrow,False,False,0.7333333333333333,60,416778.68000000005,False,False,Lower,True,Risk Off,False,None,1.31,25.770599999999998,26.622600000000002,0.34605597964377116,0.22816327840953857,False,False,No setup,0.0,None,None,0,No active J-Curve setup.,Neutral,0,Not applicable,No directional setup; confirmation score not applicable.,Wide CPR,Wide Consolidation,Watch,Wide CPR + close inside CPR; consolidation/range watch,0,0,0,0
2026-09-30,2026-09-30,CM,NSE,STK,764578,INE058F01019,ALUFLUOR,EQ,,,,,ALUFLUORIDE LTD.,640.0,645.0,622.3,632.7,632.0,632.55,,632.76,,,19252,12128220.05,754,F1,1,,,,,,Cash Only,Diversified,False,649.0,580.0,632.55,620.5166666666667,614.5,626.5333333333333,626.5333333333333,614.5,12.033333333333303,1.9023529101783738,Wide,Bullish,Above CPR,633.3333333333334,633.65,633.0166666666668,633.65,633.0166666666668,0.6333333333332121,0.10010010010008093,Narrow,False,False,0.03225806451612903,31,2863605.35,True,True,Higher,True,Risk Off,True,None,29.914285714285718,,,0.4022604266157264,4.235297314973937,False,False,No setup,0.0,None,None,0,No active J-Curve setup.,Neutral,0,Not applicable,No directional setup; confirmation score not applicable.,Wide CPR,Wide Upside Watch,Watch,Wide CPR + close above CPR; trend opposes; participation confirmed,0,0,0,0
2026-09-30,2026-09-30,CM,NSE,STK,17801,INE093R01011,LLOYDSENGG,EQ,,,,,LLOYDS ENGG WORK LIMITED,102.72,104.2,97.51,98.64,98.35,102.19,,98.64,,,20659896,2088175646.95,85605,F1,1,,,,,,Cash Only,Diversified,False,103.45,95.1,102.19,100.24666666666667,99.275,101.21833333333333,101.21833333333333,99.275,1.943333333333328,1.9016864011481827,Wide,Bullish,Below CPR,100.11666666666667,100.855,99.37833333333334,100.855,99.37833333333334,1.4766666666666595,1.4970262233035883,Wide,False,False,0.5833333333333334,60,668545775.325,False,False,Higher,True,Risk Off,False,None,4.37357142857143,88.6408,83.4778,0.4443355653546723,3.123459490765424,True,True,No setup,0.0,None,None,0,No active J-Curve setup.,Neutral,0,Not applicable,No directional setup; confirmation score not applicable.,Wide CPR,Wide Downside Watch,Watch,Wide CPR + close below CPR; trend opposes; participation confirmed,0,0,0,0
2026-09-30,2026-09-30,CM,NSE,STK,7862,INE878A01011,GVPIL,EQ,,,,,GE POWER INDIA LIMITED,687.0,718.0,673.8,678.4,678.5,683.95,,678.1,,,263834,184977430.45,9630,F1,1,,,,,,Cash Only,Diversified,False,683.95,645.05,683.95,670.9833333333333,664.5,677.4666666666667,677.4666666666667,664.5,12.966666666666697,1.8958500865073027,Wide,Bullish,Above CPR,690.0666666666666,695.9,684.2333333333332,695.9,684.2333333333332,11.666666666666742,1.7197327044025268,Wide,False,False,0.6,60,146649737.675,False,False,Outside,True,Risk Off,False,None,29.021428571428583,699.5329999999999,761.7439999999999,0.4467962917384536,1.261355344937203,False,False,No setup,0.0,None,None,0,No active J-Curve setup.,Neutral,0,Not applicable,No directional setup; confirmation score not applicable.,Wide CPR,Wide Upside Watch,Watch,Wide CPR + close above CPR; trend opposes; participation confirmed,0,0,0,0
2026-09-30,2026-09-30,CM,NSE,STK,762239,INE713R01022,GSPCROP,EQ,,,,,GSP CROP SCIENCE LIMITED,478.7,480.55,462.55,467.15,463.2,469.45,,467.16,,,261143,124127106.85,3436,F1,1,,,,,,Cash Only,Diversified,False,498.45,467.0,469.45,478.3,482.725,473.875,482.725,473.875,8.850000000000023,1.8851847907125407,Wide,Bearish,Below CPR,470.0833333333333,471.55,468.6166666666666,471.55,468.6166666666666,2.933333333333394,0.6279210817367856,Moderate,False,False,0.7166666666666667,60,149477522.97500002,False,False,Lower,True,Risk Off,False,None,21.53928571428571,560.198,495.8585,0.4108771348035163,0.8304065011216445,False,False,No setup,0.0,None,None,0,No active J-Curve setup.,Neutral,0,Not applicable,No directional setup; confirmation score not applicable.,Wide CPR,Wide Downside Watch,Watch,Wide CPR + close below CPR; trend aligned; participation light,0,0,0,0
2026-09-30,2026-09-30,CM,NSE,STK,14618,INE995D01025,CHEMBOND,EQ,,,,,CHEMBOND MATERIALTECH LTD,182.5,189.44,181.62,182.73,182.0,182.87,,182.89,,,12149,2259116.85,507,F1,1,,,,,,Cash Only,Chemicals & Fertilizers,False,194.0,182.0,182.87,186.29,188.0,184.57999999999998,188.0,184.57999999999998,3.420000000000016,1.8701810028982424,Wide,Bearish,Below CPR,184.59666666666666,185.53,183.66333333333333,185.53,183.66333333333333,1.8666666666666742,1.0215436253853631,Wide,False,False,0.8333333333333334,60,1757732.1949999998,False,False,Lower,True,Risk Off,False,None,16.445000000000004,175.49940000000004,158.5614,0.2079659470963828,1.2852451906076627,True,True,No setup,0.0,None,None,0,No active J-Curve setup.,Neutral,0,Not applicable,No directional setup; confirmation score not applicable.,Wide CPR,Wide Downside Watch,Watch,Wide CPR + close below CPR; trend opposes; participation confirmed,0,0,0,0
2026-09-30,2026-09-30,CM,NSE,STK,9288,INE00Z501029,KRITIKA,EQ,,,,,KRITIKA WIRES LIMITED,5.1,5.1,4.81,4.91,4.97,5.01,,4.91,,,120247,597310.59,430,F1,1,,,,,,Cash Only,Diversified,False,5.12,4.62,5.01,4.916666666666667,4.87,4.963333333333334,4.963333333333334,4.87,0.09333333333333371,1.8629407850964812,Wide,Bullish,Inside CPR,4.94,4.955,4.925000000000001,4.955,4.925000000000001,0.02999999999999936,0.6109979633401091,Moderate,False,False,0.7666666666666667,60,557388.6950000001,False,False,Lower,True,Risk Off,False,None,0.20499999999999988,5.4478,5.695200000000001,0.4552845528455306,1.0716230798330058,False,False,No setup,0.0,None,None,0,No active J-Curve setup.,Neutral,0,Not applicable,No directional setup; confirmation score not applicable.,Wide CPR,Wide Consolidation,Watch,Wide CPR + close inside CPR; consolidation/range watch,0,0,-2,-2
2026-09-30,2026-09-30,CM,NSE,STK,13868,INE0LRU01027,AARTIPHARM,EQ,,,,,AARTI PHARMALABS LIMITED,983.5,1002.4,943.0,953.75,954.0,972.8,,953.69,,,951362,921938256.75,56867,F1,1,,,,,,Cash Only,Diversified,False,985.05,906.2,972.8,954.6833333333334,945.625,963.7416666666668,963.7416666666668,945.625,18.116666666666788,1.8623218201754512,Wide,Bullish,Inside CPR,966.3833333333333,972.7,960.0666666666666,972.7,960.0666666666666,12.63333333333344,1.324595893403244,Wide,False,False,0.85,60,288291603.675,False,False,Higher,True,Risk Off,False,None,46.932142857142836,808.4659999999999,746.1255,0.3860183141820792,3.1979365510392364,True,True,No setup,0.0,None,None,0,No active J-Curve setup.,Neutral,0,Not applicable,No directional setup; confirmation score not applicable.,Wide CPR,Wide Consolidation,Watch,Wide CPR + close inside CPR; consolidation/range watch,0,0,0,0
2026-09-30,2026-09-30,CM,NSE,STK,23647,INE185E01021,FILATFASH,EQ,,,,,FILATEX FASHIONS LIMITED,0.19,0.19,0.18,0.18,0.19,0.18,,0.18,,,10328490,1905736.96,1407,F1,1,,,,,,Cash Only,Diversified,False,0.19,0.18,0.18,0.18333333333333335,0.185,0.1816666666666667,0.185,0.1816666666666667,0.0033333333333332993,1.851851851851833,Wide,Bearish,Below CPR,0.18333333333333335,0.185,0.1816666666666667,0.185,0.1816666666666667,0.0033333333333332993,1.851851851851833,Wide,False,False,0.5416666666666666,60,4101848.79,True,True,Inside,True,Risk Off,False,None,0.011428571428571429,0.17980000000000002,0.2181,0.2916666666666637,0.4646043912311063,True,False,No setup,0.0,None,None,0,No active J-Curve setup.,Neutral,0,Not applicable,No directional setup; confirmation score not applicable.,Wide CPR,Wide Downside Watch,Watch,Wide CPR + close below CPR; trend mixed; participation light,0,1,1,2
2026-09-30,2026-09-30,CM,NSE,STK,750518,INE694L01019,VEDPOWER,EQ,,,,,VEDANTA POWER LIMITED,34.25,34.3,32.7,32.84,32.8,34.25,,32.84,,,17056090,566219284.61,155914,F1,1,,,,,,Cash Only,Power & Utilities,False,34.8,31.8,34.25,33.61666666666667,33.3,33.93333333333334,33.93333333333334,33.3,0.63333333333334,1.8491484184915037,Wide,Bullish,Below CPR,33.28,33.5,33.06,33.5,33.06,0.4399999999999977,1.3398294762484704,Wide,False,False,0.7833333333333333,60,604803557.98,False,False,Higher,True,Risk Off,False,None,1.2328571428571415,34.8078,,0.5137118578601836,0.9362036270109444,False,False,No setup,0.0,None,None,0,No active J-Curve setup.,Neutral,0,Not applicable,No directional setup; confirmation score not applicable.,Wide CPR,Wide Downside Watch,Watch,Wide CPR + close below CPR; trend aligned; participation light,0,0,0,0
2026-09-30,2026-09-30,CM,NSE,STK,14843,INE450G01024,VIPCLOTHNG,EQ,,,,,VIP CLOTHING LIMITED,20.44,21.4,20.41,20.51,20.5,20.44,,20.51,,,12182,251169.39,166,F1,1,,,,,,Cash Only,Diversified,False,21.8,20.21,20.44,20.816666666666666,21.005000000000003,20.62833333333333,21.005000000000003,20.62833333333333,0.37666666666667226,1.8427919112850892,Wide,Bearish,Below CPR,20.773333333333337,20.905,20.641666666666673,20.905,20.641666666666673,0.2633333333333283,1.2839265398992117,Wide,False,False,0.31666666666666665,60,1843754.9849999999,False,False,Lower,True,Risk Off,False,None,1.1699999999999997,21.638199999999998,21.324299999999997,0.32193732193732677,0.13622709744158334,False,False,No setup,0.0,None,None,0,No active J-Curve setup.,Neutral,0,Not applicable,No directional setup; confirmation score not applicable.,Wide CPR,Wide Downside Watch,Watch,Wide CPR + close below CPR; trend aligned; participation light,0,2,0,2
2026-09-30,2026-09-30,CM,NSE,STK,30249,INE561M01018,ISHANCH,EQ,,,,,ISHAN DYES N CHEMICALS L,47.35,49.69,46.26,47.82,48.25,47.35,,47.82,,,48457,2354757.81,227,F1,1,,,,,,Cash Only,Diversified,False,50.81,46.5,47.35,48.22,48.655,47.785,48.655,47.785,0.8700000000000045,1.8373812038014878,Wide,Bearish,Inside CPR,47.923333333333325,47.974999999999994,47.871666666666655,47.974999999999994,47.871666666666655,0.10333333333333883,0.2160881081834773,Narrow,False,False,0.6666666666666666,60,1223913.34,False,False,Lower,True,Risk Off,False,None,3.6207142857142847,48.3522,53.7953,0.24028407970013943,1.9239579576769708,False,False,No setup,0.0,None,None,0,No active J-Curve setup.,Neutral,0,Not applicable,No directional setup; confirmation score not applicable.,Wide CPR,Wide Consolidation,Watch,Wide CPR + close inside CPR; consolidation/range watch,0,0,0,0
2026-09-30,2026-09-30,CM,NSE,STK,14557,INE210C01013,AROGRANITE,EQ,,,,,ARO GRANITE IND. LTD.,23.0,23.89,22.2,23.28,23.62,22.81,,23.32,,,1925,44291.14,43,F1,1,,,,,,Cash Only,Diversified,False,24.07,22.8,22.81,23.22666666666667,23.435000000000002,23.018333333333338,23.435000000000002,23.018333333333338,0.4166666666666643,1.8266842028350037,Wide,Bearish,Inside CPR,23.123333333333335,23.045,23.201666666666668,23.201666666666668,23.045,0.1566666666666663,0.6729667812142022,Moderate,False,False,0.8833333333333333,60,144852.16499999998,False,False,Lower,True,Risk Off,False,None,1.355714285714286,24.5892,25.0673,0.3073410607657165,0.3057678841044592,False,False,No setup,0.0,None,None,0,No active J-Curve setup.,Neutral,0,Not applicable,No directional setup; confirmation score not applicable.,Wide CPR,Wide Consolidation,Watch,Wide CPR + close inside CPR; consolidation/range watch,0,0,0,0
2026-09-30,2026-09-30,CM,NSE,STK,14440,INE290A01027,NAHARSPING,EQ,,,,,NAHAR SPINNING MILLS LTD.,265.95,271.7,259.2,260.05,259.2,261.75,,260.05,,,15466,4080204.95,444,F1,1,,,,,,Cash Only,Textiles & Apparel,False,278.55,259.2,261.75,266.5,268.875,264.125,268.875,264.125,4.75,1.8147086914995225,Wide,Bearish,Below CPR,263.65000000000003,265.45,261.8500000000001,265.45,261.8500000000001,3.599999999999909,1.3843491636223453,Wide,False,False,0.7666666666666667,60,8234348.18,False,False,Overlapping,True,Risk Off,False,None,13.214285714285714,281.7312,238.2764,0.3594594594594595,0.49551037444714907,False,True,No setup,0.0,None,None,0,No active J-Curve setup.,Neutral,0,Not applicable,No directional setup; confirmation score not applicable.,Wide CPR,Wide Downside Watch,Watch,Wide CPR + close below CPR; trend mixed; participation light,0,0,0,0
2026-09-30,2026-09-30,CM,NSE,STK,751653,INE0FMW01018,QMSMEDI,BE,,,,,QMS MEDICAL ALLIED S LTD,215.4,215.4,205.96,205.96,205.96,216.79,,205.96,,,169995,35176426.0,715,F1,1,,,,,,Cash Only,Diversified,False,216.79,205.0,216.79,212.85999999999999,210.89499999999998,214.825,214.825,210.89499999999998,3.930000000000007,1.812814244199459,Wide,Bullish,Below CPR,209.10666666666668,210.68,207.53333333333336,210.68,207.53333333333336,3.146666666666647,1.5278047517317181,Wide,False,False,0.5166666666666667,60,2231044.3200000003,False,False,Higher,True,Risk Off,False,None,9.196428571428575,137.57659999999998,,0.4273398058252433,15.766798393319231,True,False,No setup,0.0,None,None,0,No active J-Curve setup.,Neutral,0,Not applicable,No directional setup; confirmation score not applicable.,Wide CPR,Wide Downside Watch,Watch,Wide CPR + close below CPR; trend mixed; participation confirmed,0,0,0,0
2026-09-30,2026-09-30,CM,NSE,STK,25178,INE419M01035,TDPOWERSYS,EQ,,,,,TD POWER SYSTEMS LTD.,783.0,801.0,770.15,786.05,781.0,777.35,,785.99,,,2612869,2061637422.5,110713,F1,1,,,,,,Cash Only,Power & Utilities,False,799.0,714.0,777.35,763.4499999999999,756.5,770.3999999999999,770.3999999999999,756.5,13.899999999999864,1.7881263266224818,Wide,Bullish,Above CPR,785.7333333333332,785.575,785.8916666666664,785.8916666666664,785.575,0.31666666666637866,0.04028581727197744,Narrow,False,False,0.18333333333333332,60,1266626121.0,False,False,Higher,True,Risk Off,True,None,43.83571428571428,1001.878,1111.279,0.3170930422030277,1.6276605924346006,False,False,No setup,0.0,None,None,0,No active J-Curve setup.,Neutral,0,Not applicable,No directional setup; confirmation score not applicable.,Wide CPR,Wide Upside Watch,Watch,Wide CPR + close above CPR; trend opposes; participation confirmed,0,0,0,0
2026-09-30,2026-09-30,CM,NSE,STK,25340,INE590L01019,VASWANI,EQ,,,,,VASWANI IND LTD,45.58,45.58,44.47,44.57,44.47,44.51,,44.56,,,8219,369199.21,79,F1,1,,,,,,Cash Only,Diversified,False,47.0,44.4,44.51,45.303333333333335,45.7,44.906666666666666,45.7,44.906666666666666,0.7933333333333366,1.7823710027709203,Wide,Bearish,Below CPR,44.873333333333335,45.025,44.72166666666667,45.025,44.72166666666667,0.30333333333332746,0.6805773689327517,Moderate,False,False,0.36666666666666664,60,837528.53,False,False,Outside,True,Risk Off,False,None,2.537857142857143,48.72839999999999,52.281000000000006,0.31259968102073493,0.44081986078730956,False,False,No setup,0.0,None,None,0,No active J-Curve setup.,Neutral,0,Not applicable,No directional setup; confirmation score not applicable.,Wide CPR,Wide Downside Watch,Watch,Wide CPR + close below CPR; trend aligned; participation light,0,0,0,0
2026-09-30,2026-09-30,CM,NSE,STK,764312,INE0NG701011,XTRANET,EQ,,,,,XTRANET TECHNOLOGIES LTD,271.9,285.05,262.2,285.05,285.05,271.48,,285.1,,,712037,197091452.52,11776,F1,1,,,,,,Cash Only,Diversified,False,285.97,271.48,271.48,276.31,278.725,273.895,278.725,273.895,4.830000000000041,1.7791365846471345,Wide,Bearish,Above CPR,277.43333333333334,273.625,281.2416666666667,281.2416666666667,273.625,7.616666666666674,2.6720458399111293,Wide,False,False,0.7272727272727273,33,341431236.68,False,False,Lower,True,Risk Off,False,None,25.697142857142865,,,0.18795863909273003,0.5772507941466418,False,False,No setup,0.0,None,None,0,No active J-Curve setup.,Neutral,0,Not applicable,No directional setup; confirmation score not applicable.,Wide CPR,Wide Upside Watch,Watch,Wide CPR + close above CPR; trend opposes; participation light,0,0,0,0
2026-09-30,2026-09-30,CM,NSE,STK,20303,INE717W01049,GANDHAR,EQ,,,,,GANDHAR OIL REFINE IND L,274.0,283.45,274.0,278.85,279.15,273.55,,278.84,,,742278,207892680.85,10959,F1,1,,,,,,Cash Only,Diversified,False,274.55,258.0,273.55,268.7,266.275,271.125,271.125,266.275,4.850000000000023,1.7729848290988934,Wide,Bullish,Above CPR,278.7666666666667,278.725,278.8083333333334,278.8083333333334,278.725,0.08333333333337123,0.029884645269274243,Narrow,False,False,0.3,60,236276389.77499998,False,False,Higher,True,Risk Off,False,Bullish Virgin,10.696428571428564,253.993,212.98399999999998,0.4534223706176986,0.879870735488937,True,True,No setup,0.0,None,None,0,No active J-Curve setup.,Neutral,0,Not applicable,No directional setup; confirmation score not applicable.,Wide CPR,Wide Upside Watch,Watch,Wide CPR + close above CPR; trend aligned; participation light,0,0,0,0
2026-09-30,2026-09-30,CM,NSE,STK,16943,INE760Y01011,ASHOKAMET,EQ,,,,,ASHOKA METCAST LIMITED,15.0,15.68,15.0,15.18,15.3,15.15,,15.18,,,15455,234947.69,112,F1,1,,,,,,Cash Only,Diversified,False,16.1,15.0,15.15,15.416666666666666,15.55,15.283333333333331,15.55,15.283333333333331,0.26666666666666927,1.7601760176017773,Wide,Bearish,Below CPR,15.286666666666667,15.34,15.233333333333334,15.34,15.233333333333334,0.10666666666666558,0.7026789635485216,Moderate,False,False,0.9,60,185692.525,False,False,Lower,True,Risk Off,False,None,1.4100000000000001,14.277000000000001,14.8001,0.18912529550827606,1.2652511995299758,True,True,No setup,0.0,None,None,0,No active J-Curve setup.,Neutral,0,Not applicable,No directional setup; confirmation score not applicable.,Wide CPR,Wide Downside Watch,Watch,Wide CPR + close below CPR; trend opposes; participation confirmed,0,0,0,0
2026-09-30,2026-09-30,CM,NSE,STK,12809,INE965B01022,HYBRIDFIN,EQ,,,,,HYBRID FINANCIAL SERVICE,17.74,18.35,17.5,17.94,17.94,17.82,,18.0,,,3054,54227.05,38,F1,1,,,,,,Cash Only,Diversified,False,18.0,16.7,17.82,17.506666666666668,17.35,17.663333333333334,17.663333333333334,17.35,0.3133333333333326,1.7583239805461985,Wide,Bullish,Above CPR,17.930000000000003,17.925,17.935000000000006,17.935000000000006,17.925,0.010000000000005116,0.05574136008921469,Narrow,False,False,0.5,60,120969.53,False,False,Higher,True,Risk Off,False,None,0.7278571428571432,17.7028,18.191599999999998,0.430487405953548,0.448270320633634,True,False,No setup,0.0,None,None,0,No active J-Curve setup.,Neutral,0,Not applicable,No directional setup; confirmation score not applicable.,Wide CPR,Wide Upside Watch,Watch,Wide CPR + close above CPR; trend mixed; participation light,0,0,0,0
2026-09-30,2026-09-30,CM,NSE,STK,3348,INE947A01014,SUNFLAG,EQ,,,,,SUNFLAG IRON AND STEEL CO,465.0,471.0,447.6,456.05,452.65,464.3,,455.95,,,624779,287042802.75,15258,F1,1,,,,,,Cash Only,Diversified,False,469.0,435.15,464.3,456.15000000000003,452.075,460.2250000000001,460.2250000000001,452.075,8.150000000000091,1.7553306052121669,Wide,Bullish,Inside CPR,458.2166666666667,459.3,457.1333333333334,459.3,457.1333333333334,2.1666666666666288,0.4750941051785174,Moderate,False,False,0.9833333333333333,60,55132384.7,False,False,Higher,True,Risk Off,False,None,19.124999999999996,360.70099999999996,360.2865,0.426143790849678,5.206428205707561,True,True,No setup,0.0,None,None,0,No active J-Curve setup.,Neutral,0,Not applicable,No directional setup; confirmation score not applicable.,Wide CPR,Wide Consolidation,Watch,Wide CPR + close inside CPR; consolidation/range watch,0,0,0,0
2026-09-30,2026-09-30,CM,NSE,STK,9381,INE975G01012,IL&FSTRANS,BZ,,,,,IL&FS TRANS NET LTD,1.95,1.96,1.86,1.92,1.93,1.9,,1.92,,,23269,44886.59,59,F1,1,,,,,,Cash Only,Diversified,False,2.02,1.88,1.9,1.9333333333333333,1.95,1.9166666666666667,1.95,1.9166666666666667,0.033333333333333215,1.7543859649122746,Wide,Bearish,Inside CPR,1.9133333333333333,1.9100000000000001,1.9166666666666665,1.9166666666666665,1.9100000000000001,0.0066666666666663765,0.3472222222222071,Moderate,False,False,0.55,20,111810.275,False,False,Higher,True,Risk Off,False,None,0.10928571428571429,,,0.30501089324618624,0.40145317592680996,False,False,No setup,0.0,None,None,0,No active J-Curve setup.,Neutral,0,Not applicable,No directional setup; confirmation score not applicable.,Wide CPR,Wide Consolidation,Watch,Wide CPR + close inside CPR; consolidation/range watch,0,0,0,0
2026-09-30,2026-09-30,CM,NSE,STK,12092,INE918Z01012,KAYNES,EQ,,,,,KAYNES TECHNOLOGY IND LTD,3520.4,3611.0,3501.0,3501.0,3501.0,3511.5,,3501.14,,,720015,2552613352.6,45535,F1,1,,,,,,F&O + Cash,Capital Goods,True,3707.2,3500.0,3511.5,3572.9,3603.6,3542.2000000000003,3603.6,3542.2000000000003,61.399999999999636,1.7485405097536562,Wide,Bearish,Below CPR,3537.6666666666665,3556.0,3519.333333333333,3556.0,3519.333333333333,36.66666666666697,1.0473198133866601,Wide,False,False,0.23333333333333334,60,3678716474.7,False,False,Overlapping,True,Risk Off,True,None,141.67857142857142,3629.25,3467.9109999999996,0.4333753466095261,0.6938869494714637,False,True,No setup,0.0,None,None,0,No active J-Curve setup.,Neutral,0,Not applicable,No directional setup; confirmation score not applicable.,Wide CPR,Wide Downside Watch,Watch,Wide CPR + close below CPR; trend mixed; participation light,0,0,0,0
2026-09-30,2026-09-30,CM,NSE,STK,765467,INE0LEG01024,HTEL,EQ,,,,,HY-TECH ENGINEERS LIMITED,71.7,77.15,70.0,72.29,72.65,69.52,,72.28,,,4644616,344922253.23,39218,F1,1,,,,,,Cash Only,Diversified,False,70.39,65.01,69.52,68.30666666666667,67.7,68.91333333333334,68.91333333333334,67.7,1.2133333333333383,1.7453011123897273,Wide,Bullish,Above CPR,73.14666666666666,73.575,72.71833333333332,73.575,72.71833333333332,0.8566666666666833,1.1850417300687277,Wide,False,False,0.45,20,134673122.26,False,False,Overlapping,True,Risk Off,False,Bullish Virgin,5.287857142857141,,,0.22945652663334784,2.5611810838104203,False,False,No setup,0.0,None,None,0,No active J-Curve setup.,Neutral,0,Not applicable,No directional setup; confirmation score not applicable.,Wide CPR,Wide Upside Watch,Watch,Wide CPR + close above CPR; trend opposes; participation confirmed,0,0,0,0
2026-09-30,2026-09-30,CM,NSE,STK,11423,INE365B01017,DATAMATICS,EQ,,,,,DATAMATICS GLOBAL SER LTD,825.0,837.0,802.15,805.55,828.0,821.4,,805.63,,,146286,120629098.45,7990,F1,1,,,,,,Cash Only,Information Technology,False,829.9,770.0,821.4,807.1,799.95,814.25,814.25,799.95,14.299999999999955,1.740930119308492,Wide,Bullish,Inside CPR,814.9,819.575,810.2249999999999,819.575,810.2249999999999,9.350000000000136,1.160697659983879,Wide,False,False,0.9833333333333333,60,57197297.775000006,False,False,Overlapping,True,Risk Off,False,None,38.167857142857166,809.1070000000001,805.6735000000001,0.3746608028445761,2.108999955286786,False,False,No setup,0.0,None,None,0,No active J-Curve setup.,Neutral,0,Not applicable,No directional setup; confirmation score not applicable.,Wide CPR,Wide Consolidation,Watch,Wide CPR + close inside CPR; consolidation/range watch,0,0,0,0
2026-09-30,2026-09-30,CM,NSE,STK,4229,INE116C01012,ZFSTEERING,EQ,,,,,Z F STEERING GEAR (I) LTD,720.1,731.95,711.3,714.5,715.0,710.85,,715.36,,,896,644086.85,145,F1,1,,,,,,Cash Only,Diversified,False,750.0,708.65,710.85,723.1666666666666,729.325,717.0083333333332,729.325,717.0083333333332,12.316666666666833,1.7326674638344,Wide,Bearish,Below CPR,719.25,721.625,716.875,721.625,716.875,4.75,0.6648005598320503,Moderate,False,False,0.6,60,2411431.925,False,False,Lower,True,Risk Off,False,None,40.825000000000024,683.9409999999999,688.416,0.3016942233108837,0.2670972559177676,True,True,No setup,0.0,None,None,0,No active J-Curve setup.,Neutral,0,Not applicable,No directional setup; confirmation score not applicable.,Wide CPR,Wide Downside Watch,Watch,Wide CPR + close below CPR; trend opposes; participation light,0,0,0,0
2026-09-30,2026-09-30,CM,NSE,STK,15275,INE792I01017,CORDSCABLE,BE,,,,,CORDS CABLE INDUS LTD.,314.0,332.5,314.0,332.5,332.5,316.7,,332.51,,,29609,9747741.0,515,F1,1,,,,,,Cash Only,Media & Entertainment,False,335.0,314.85,316.7,322.18333333333334,324.925,319.44166666666666,324.925,319.44166666666666,5.4833333333333485,1.7313966950847328,Wide,Bearish,Above CPR,326.3333333333333,323.25,329.41666666666663,329.41666666666663,323.25,6.166666666666629,1.8546365914786853,Wide,False,False,0.5,60,18297639.240000002,False,False,Lower,True,Risk Off,False,None,31.274999999999995,259.9408,210.4916,0.1753264055422334,0.5327321668191333,True,True,No setup,0.0,None,None,0,No active J-Curve setup.,Neutral,0,Not applicable,No directional setup; confirmation score not applicable.,Wide CPR,Wide Upside Watch,Watch,Wide CPR + close above CPR; trend aligned; participation light,0,0,0,0
2026-09-30,2026-09-30,CM,NSE,STK,10346,INE03JI01017,DGCONTENT,EQ,,,,,DIGICONTENT LIMITED,25.5,26.75,24.75,25.43,26.75,25.24,,25.43,,,84649,2154801.66,175,F1,1,,,,,,Cash Only,Diversified,False,25.95,23.23,25.24,24.80666666666667,24.59,25.023333333333337,25.023333333333337,24.59,0.4333333333333371,1.7168515583729682,Wide,Bullish,Above CPR,25.643333333333334,25.75,25.53666666666667,25.75,25.53666666666667,0.21333333333333115,0.8389041814130207,Wide,False,False,0.9,60,325096.42500000005,False,False,Higher,True,Risk Off,False,None,1.318571428571428,24.4998,25.6971,0.3286384976525852,6.628192420141193,True,False,No setup,0.0,None,None,0,No active J-Curve setup.,Neutral,0,Not applicable,No directional setup; confirmation score not applicable.,Wide CPR,Wide Upside Watch,Watch,Wide CPR + close above CPR; trend mixed; participation confirmed,0,-2,0,-2
2026-09-30,2026-09-30,CM,NSE,STK,8477,INE01P501012,XELPMOC,EQ,,,,,XELPMOC DESIGN & TECH LTD,88.0,88.0,79.0,80.24,79.51,85.53,,80.25,,,40713,3374770.78,819,F1,1,,,,,,Cash Only,Diversified,False,91.9,83.56,85.53,86.99666666666667,87.73,86.26333333333334,87.73,86.26333333333334,1.4666666666666686,1.7147979266534181,Wide,Bearish,Below CPR,82.41333333333334,83.5,81.32666666666668,83.5,81.32666666666668,2.173333333333318,2.7085410435360395,Wide,False,False,0.9666666666666667,60,750780.28,False,False,Overlapping,True,Risk Off,False,None,5.172857142857145,79.7492,85.5215,0.2835312528767378,4.4950178766016595,True,False,No setup,0.0,None,None,0,No active J-Curve setup.,Neutral,0,Not applicable,No directional setup; confirmation score not applicable.,Wide CPR,Wide Downside Watch,Watch,Wide CPR + close below CPR; trend mixed; participation confirmed,0,0,0,0
2026-09-30,2026-09-30,CM,NSE,STK,764713,INE558A01019,IPRINGLTD,EQ,,,,,IP RINGS LTD.,144.0,147.99,142.0,145.03,145.0,136.13,,144.62,,,3198,466828.03,151,F1,1,,,,,,Cash Only,Diversified,False,144.14,135.1,136.13,138.45666666666668,139.62,137.29333333333335,139.62,137.29333333333335,2.326666666666654,1.7091505668600997,Wide,Bearish,Above CPR,145.00666666666666,144.995,145.01833333333332,145.01833333333332,144.995,0.023333333333312112,0.016088625341868657,Narrow,False,False,0.45161290322580644,31,326669.11,False,False,Lower,True,Risk Off,False,Bullish Virgin,9.662142857142854,,,0.24080234592543184,1.4290547092132466,False,False,No setup,0.0,None,None,0,No active J-Curve setup.,Neutral,0,Not applicable,No directional setup; confirmation score not applicable.,Wide CPR,Wide Upside Watch,Watch,Wide CPR + close above CPR; trend opposes; participation confirmed,0,0,0,0
2026-09-30,2026-09-30,CM,NSE,STK,764895,INE960A01017,SHILGRAVQ,EQ,,,,,SHILP GRAVURES LTD.,142.0,149.8,139.82,146.05,146.05,139.82,,145.81,,,3356,483307.94,114,F1,1,,,,,,Cash Only,Diversified,False,148.8,138.0,139.82,142.20666666666668,143.4,141.01333333333335,143.4,141.01333333333335,2.386666666666656,1.7069565632002976,Wide,Bearish,Above CPR,145.22333333333333,144.81,145.63666666666666,145.63666666666666,144.81,0.8266666666666538,0.5660162044961683,Moderate,False,False,0.06451612903225806,31,572099.09,True,True,Lower,True,Risk Off,True,None,11.074285714285717,,,0.21551427588579192,0.8447976031564742,False,False,No setup,0.0,None,None,0,No active J-Curve setup.,Neutral,0,Not applicable,No directional setup; confirmation score not applicable.,Wide CPR,Wide Upside Watch,Watch,Wide CPR + close above CPR; trend opposes; participation light,0,0,0,0
2026-09-30,2026-09-30,CM,NSE,STK,6045,INE818B01023,PASUPTAC,EQ,,,,,PASUPATI ACRYLON LIMITED,76.1,76.89,71.87,72.73,72.05,75.2,,72.75,,,180671,13509299.43,2516,F1,1,,,,,,Cash Only,Diversified,False,75.5,71.05,75.2,73.91666666666667,73.275,74.55833333333334,74.55833333333334,73.275,1.2833333333333314,1.7065602836879405,Wide,Bullish,Below CPR,73.83,74.38,73.28,74.38,73.28,1.0999999999999943,1.5124432833768655,Wide,False,False,0.8166666666666667,60,9116902.14,False,False,Lower,True,Risk Off,False,None,4.257857142857143,63.2688,55.69910000000001,0.30140356763406545,1.481786161850806,True,True,No setup,0.0,None,None,0,No active J-Curve setup.,Neutral,0,Not applicable,No directional setup; confirmation score not applicable.,Wide CPR,Wide Downside Watch,Watch,Wide CPR + close below CPR; trend opposes; participation confirmed,0,0,0,0
2026-09-30,2026-09-30,CM,NSE,STK,24445,INE976R01033,AGIIL,EQ,,,,,AGI INFRA LIMITED,265.0,268.95,262.55,264.7,264.1,264.85,,264.69,,,319369,84795552.7,5338,F1,1,,,,,,Cash Only,Diversified,False,279.9,263.35,264.85,269.3666666666667,271.625,267.10833333333335,271.625,267.10833333333335,4.5166666666666515,1.7053678182619034,Wide,Bearish,Below CPR,265.40000000000003,265.75,265.05000000000007,265.75,265.05000000000007,0.6999999999999318,0.2644503211182213,Moderate,False,False,0.8833333333333333,60,304544968.375,False,False,Overlapping,True,Risk Off,False,None,14.18571428571428,289.896,327.62649999999996,0.31839543470963316,0.27843360260540373,False,False,No setup,0.0,None,None,0,No active J-Curve setup.,Neutral,0,Not applicable,No directional setup; confirmation score not applicable.,Wide CPR,Wide Downside Watch,Watch,Wide CPR + close below CPR; trend aligned; participation light,0,0,0,0
2026-09-30,2026-09-30,CM,NSE,STK,765225,INE945P01024,WARDINMOBI,EQ,,,,,WARDWIZARD INNO & MOB L,5.64,5.64,5.41,5.45,5.47,5.49,,5.46,,,275407,1508810.48,894,F1,1,,,,,,Cash Only,Diversified,False,5.54,5.16,5.49,5.396666666666666,5.35,5.443333333333332,5.443333333333332,5.35,0.09333333333333194,1.7000607164541337,Wide,Bullish,Above CPR,5.5,5.525,5.475,5.525,5.475,0.05000000000000071,0.9174311926605635,Wide,False,False,0.7096774193548387,31,1596914.35,False,False,Lower,True,Risk Off,False,None,0.25785714285714295,,,0.3619575253924229,0.9448286816384359,False,False,No setup,0.0,None,None,0,No active J-Curve setup.,Neutral,0,Not applicable,No directional setup; confirmation score not applicable.,Wide CPR,Wide Upside Watch,Watch,Wide CPR + close above CPR; trend opposes; participation light,0,0,0,0
2026-09-30,2026-09-30,CM,NSE,STK,11884,INE993A01026,MANINDS,EQ,,,,,MAN INDUSTRIES (I) LTD.,962.0,992.95,898.25,907.35,911.0,959.6,,907.29,,,1072563,999992180.35,48431,F1,1,,,,,,Cash Only,Diversified,False,970.2,900.15,959.6,943.3166666666666,935.175,951.4583333333333,951.4583333333333,935.175,16.283333333333303,1.696887592052241,Wide,Bullish,Below CPR,932.85,945.6,920.1,945.6,920.1,25.5,2.810381881302695,Wide,False,False,0.9833333333333333,60,372469609.175,False,False,Lower,True,Risk Off,False,None,72.32500000000002,704.488,628.5035,0.2251411452932361,2.6847618053052127,True,True,No setup,0.0,None,None,0,No active J-Curve setup.,Neutral,0,Not applicable,No directional setup; confirmation score not applicable.,Wide CPR,Wide Downside Watch,Watch,Wide CPR + close below CPR; trend opposes; participation confirmed,0,0,0,0
2026-09-30,2026-09-30,CM,NSE,STK,8546,INE427F01016,CHALET,EQ,,,,,CHALET HOTELS LIMITED,849.9,861.95,831.0,845.2,841.45,840.75,,845.2,,,132305,112298007.2,12441,F1,1,,,,,,Cash Only,Consumer Services,True,893.95,830.2,840.75,854.9666666666667,862.075,847.8583333333333,862.075,847.8583333333333,14.216666666666697,1.6909505401922924,Wide,Bearish,Below CPR,846.0500000000001,846.475,845.6250000000001,846.475,845.6250000000001,0.849999999999909,0.10056791292000816,Narrow,False,False,0.5666666666666667,60,89646071.775,False,False,Lower,True,Risk Off,False,None,29.324999999999996,858.891,828.305,0.4847968172776368,1.2526818518256262,False,True,No setup,0.0,None,None,0,No active J-Curve setup.,Neutral,0,Not applicable,No directional setup; confirmation score not applicable.,Wide CPR,Wide Downside Watch,Watch,Wide CPR + close below CPR; trend mixed; participation confirmed,0,0,0,0
2026-09-30,2026-09-30,CM,NSE,STK,25403,INE0CJF01024,WCIL,EQ,,,,,WESTERN CARRIERS (IND) L,95.0,96.5,93.0,93.16,93.0,94.91,,93.16,,,165294,15734359.85,1332,F1,1,,,,,,Cash Only,Diversified,False,95.5,89.51,94.91,93.30666666666666,92.505,94.10833333333332,94.10833333333332,92.505,1.6033333333333246,1.6893197063884993,Wide,Bullish,Inside CPR,94.21999999999998,94.75,93.68999999999997,94.75,93.68999999999997,1.0600000000000307,1.137827393731248,Wide,False,False,0.75,60,4833570.84,False,False,Lower,True,Risk Off,False,None,4.344285714285713,88.8854,93.48509999999999,0.36906719280938094,3.2552248370482144,True,False,No setup,0.0,None,None,0,No active J-Curve setup.,Neutral,0,Not applicable,No directional setup; confirmation score not applicable.,Wide CPR,Wide Consolidation,Watch,Wide CPR + close inside CPR; consolidation/range watch,0,0,0,0
2026-09-30,2026-09-30,CM,NSE,STK,4422,INE061A01014,INDIANCARD,EQ,,,,,INDIAN CARD CLOTHING CO.,180.9,190.0,180.0,186.13,189.9,183.72,,186.13,,,4029,744085.65,167,F1,1,,,,,,Cash Only,Diversified,False,193.75,183.0,183.72,186.82333333333335,188.375,185.2716666666667,188.375,185.2716666666667,3.103333333333296,1.6891646708759507,Wide,Bearish,Inside CPR,185.37666666666667,185.0,185.75333333333333,185.75333333333333,185.0,0.7533333333333303,0.40473504181664977,Moderate,False,False,0.7666666666666667,60,347707.70999999996,False,False,Lower,True,Risk Off,False,None,9.390714285714283,214.245,216.1611,0.330468294414438,2.1399745493132727,False,False,No setup,0.0,None,None,0,No active J-Curve setup.,Neutral,0,Not applicable,No directional setup; confirmation score not applicable.,Wide CPR,Wide Consolidation,Watch,Wide CPR + close inside CPR; consolidation/range watch,0,0,0,0
2026-09-30,2026-09-30,CM,NSE,STK,29015,INE968D01022,ARSHIYA,BZ,,,,,ARSHIYA LIMITED,0.79,0.82,0.79,0.81,0.82,0.79,,0.81,,,154611,126524.54,73,F1,1,,,,,,Cash Only,Diversified,False,0.79,0.75,0.79,0.7766666666666667,0.77,0.7833333333333334,0.7833333333333334,0.77,0.01333333333333342,1.6877637130801797,Wide,Bullish,Above CPR,0.8066666666666666,0.8049999999999999,0.8083333333333333,0.8083333333333333,0.8049999999999999,0.0033333333333334103,0.4115226337448655,Moderate,False,False,0.55,20,137051.43,False,False,Higher,True,Risk Off,False,Bullish Virgin,0.03500000000000002,,,0.3809523809523832,0.9231902213643448,False,False,No setup,0.0,None,None,0,No active J-Curve setup.,Neutral,0,Not applicable,No directional setup; confirmation score not applicable.,Wide CPR,Wide Upside Watch,Watch,Wide CPR + close above CPR; trend opposes; participation light,0,0,0,0
2026-09-30,2026-09-30,CM,NSE,STK,23030,INE572G01025,LANCORHOL,BE,,,,,LANCOR HOLDINGS LIMITED,33.45,33.5,32.06,32.83,32.99,33.58,,32.83,,,61310,2009078.06,128,F1,1,,,,,,Cash Only,Diversified,False,33.76,31.7,33.58,33.01333333333333,32.73,33.29666666666666,33.29666666666666,32.73,0.5666666666666629,1.6875124081794608,Wide,Bullish,Inside CPR,32.79666666666667,32.78,32.81333333333333,32.81333333333333,32.78,0.03333333333333144,0.10153315057365654,Narrow,False,False,0.6666666666666666,60,3913238.335,False,False,Lower,True,Risk Off,False,None,2.5657142857142863,30.8626,28.3235,0.22086117297698438,0.5134054938670123,True,True,No setup,0.0,None,None,0,No active J-Curve setup.,Neutral,0,Not applicable,No directional setup; confirmation score not applicable.,Wide CPR,Wide Consolidation,Watch,Wide CPR + close inside CPR; consolidation/range watch,0,0,0,0
2026-09-30,2026-09-30,CM,NSE,STK,13804,INE645H01027,SUTLEJTEX,BE,,,,,SUTLEJ TEXT & INDUS LTD,36.55,38.23,36.55,37.5,38.0,36.41,,37.31,,,24675,940358.83,134,F1,1,,,,,,Cash Only,Diversified,False,38.3,36.35,36.41,37.02,37.325,36.715,37.325,36.715,0.6099999999999994,1.6753639110134566,Wide,Bearish,Above CPR,37.42666666666667,37.39,37.46333333333334,37.46333333333334,37.39,0.07333333333333769,0.19555555555556717,Narrow,False,False,0.6333333333333333,60,1452741.325,False,False,Lower,True,Risk Off,False,None,1.72,37.6676,35.3999,0.35465116279069736,0.6472995665625468,False,True,No setup,0.0,None,None,0,No active J-Curve setup.,Neutral,0,Not applicable,No directional setup; confirmation score not applicable.,Wide CPR,Wide Upside Watch,Watch,Wide CPR + close above CPR; trend mixed; participation light,0,0,0,0
2026-09-30,2026-09-30,CM,NSE,STK,184,INE822C01015,TCPLPACK,EQ,,,,,TCPL PACKAGING LIMITED,4117.4,4179.2,4050.0,4102.6,4101.0,4117.4,,4102.59,,,5095,20908611.2,1317,F1,1,,,,,,Cash Only,Paper & Packaging,False,4202.2,3826.0,4117.4,4048.533333333333,4014.1,4082.966666666666,4082.966666666666,4014.1,68.86666666666588,1.6725765450688757,Wide,Bullish,Above CPR,4110.6,4114.6,4106.6,4114.6,4106.6,8.0,0.19499829376492953,Narrow,False,False,0.6166666666666667,60,21264765.1,False,False,Lower,True,Risk Off,False,None,169.11428571428573,3743.184,3266.6389999999997,0.4072196880103574,0.9832514538333649,True,True,No setup,0.0,None,None,0,No active J-Curve setup.,Neutral,0,Not applicable,No directional setup; confirmation score not applicable.,Wide CPR,Wide Upside Watch,Watch,Wide CPR + close above CPR; trend aligned; participation light,0,0,0,0
2026-09-30,2026-09-30,CM,NSE,STK,764875,INE327G01032,SAYAJIIND,EQ,,,,,SAYAJI INDUSTRIES LTD.,121.0,121.0,116.5,119.9,119.9,118.7,,119.86,,,2055,248210.87,14,F1,1,,,,,,Cash Only,Diversified,False,120.95,110.5,118.7,116.71666666666665,115.725,117.70833333333331,117.70833333333331,115.725,1.98333333333332,1.6708789665824095,Wide,Bullish,Above CPR,119.13333333333333,118.75,119.51666666666665,119.51666666666665,118.75,0.7666666666666515,0.6394217403391589,Moderate,False,False,0.9354838709677419,31,97535.6,False,False,Lower,True,Risk Off,False,None,5.387857142857145,,,0.3681117150558991,2.5448233260471045,False,False,No setup,0.0,None,None,0,No active J-Curve setup.,Neutral,0,Not applicable,No directional setup; confirmation score not applicable.,Wide CPR,Wide Upside Watch,Watch,Wide CPR + close above CPR; trend opposes; participation confirmed,0,0,0,0
2026-09-30,2026-09-30,CM,NSE,STK,2708,INE603A01013,PRAKASH,EQ,,,,,PRAKASH INDUSTRIES LTD,120.85,129.0,120.62,123.72,122.86,121.62,,123.72,,,750601,93932962.64,10716,F1,1,,,,,,Cash Only,Diversified,False,122.8,114.4,121.62,119.60666666666667,118.6,120.61333333333334,120.61333333333334,118.6,2.0133333333333496,1.6554294798004847,Wide,Bullish,Above CPR,124.44666666666667,124.81,124.08333333333334,124.81,124.08333333333334,0.7266666666666595,0.5873477745446649,Moderate,False,False,0.8,60,41795235.805,False,False,Outside,True,Risk Off,False,Bullish Virgin,4.519285714285713,124.93879999999999,133.0434,0.4454981297086597,2.2474562191311462,False,False,No setup,0.0,None,None,0,No active J-Curve setup.,Neutral,0,Not applicable,No directional setup; confirmation score not applicable.,Wide CPR,Wide Upside Watch,Watch,Wide CPR + close above CPR; trend opposes; participation confirmed,0,0,0,0
2026-09-30,2026-09-30,CM,NSE,STK,19205,INE759V01019,HEADSUP,EQ,,,,,HEADS UP VENTURES LIMITED,6.78,6.84,6.33,6.75,6.84,6.45,,6.75,,,2539,16804.04,59,F1,1,,,,,,Cash Only,Diversified,False,6.95,6.27,6.45,6.556666666666666,6.609999999999999,6.503333333333332,6.609999999999999,6.503333333333332,0.10666666666666735,1.6537467700258504,Wide,Bearish,Above CPR,6.640000000000001,6.585,6.695000000000001,6.695000000000001,6.585,0.11000000000000121,1.6296296296296475,Wide,False,False,0.5333333333333333,60,65101.785,False,False,Lower,True,Risk Off,False,None,0.45857142857142863,6.8652,6.989899999999999,0.23260643821391633,0.25811949703068815,False,False,No setup,0.0,None,None,0,No active J-Curve setup.,Neutral,0,Not applicable,No directional setup; confirmation score not applicable.,Wide CPR,Wide Upside Watch,Watch,Wide CPR + close above CPR; trend opposes; participation light,0,0,0,0
2026-09-30,2026-09-30,CM,NSE,STK,766021,INE877D01025,KANOHAR,EQ,,,,,KANOHAR ELECTRICALS LTD,869.0,884.0,841.1,856.75,848.4,862.75,,856.73,,,2079818,1803143249.15,65775,F1,1,,,,,,Cash Only,Diversified,False,877.8,805.0,862.75,848.5166666666668,841.4,855.6333333333336,855.6333333333336,841.4,14.233333333333576,1.649763353617337,Wide,Bullish,Above CPR,860.6166666666667,862.55,858.6833333333334,862.55,858.6833333333334,3.8666666666665606,0.45131796517847217,Moderate,False,False,0.7777777777777778,10,5293577598.15,False,False,Lower,False,Risk Off,False,None,,,,,0.34062847209043706,False,False,No setup,0.0,None,None,0,No active J-Curve setup.,Neutral,0,Not applicable,No directional setup; confirmation score not applicable.,Wide CPR,Wide Upside Watch,Watch,Wide CPR + close above CPR; trend opposes; participation light,0,0,0,0
2026-09-30,2026-09-30,CM,NSE,STK,5637,INE04LG01015,PAR,BE,,,,,PAR DRUGS AND CHEM LTD,125.32,128.95,124.0,126.64,126.0,125.32,,126.64,,,8540,1081515.01,134,F1,1,,,,,,Cash Only,Diversified,False,132.6,124.21,125.32,127.37666666666667,128.405,126.34833333333333,128.405,126.34833333333333,2.056666666666672,1.6411320353229109,Wide,Bearish,Inside CPR,126.52999999999999,126.475,126.58499999999998,126.58499999999998,126.475,0.10999999999998522,0.08686039166139073,Narrow,False,False,0.45,60,1515345.945,False,False,Lower,True,Risk Off,False,None,8.34428571428571,115.82779999999998,103.3802,0.2464760600353828,0.7137083209075403,True,True,No setup,0.0,None,None,0,No active J-Curve setup.,Neutral,0,Not applicable,No directional setup; confirmation score not applicable.,Wide CPR,Wide Consolidation,Watch,Wide CPR + close inside CPR; consolidation/range watch,0,0,0,0
2026-09-30,2026-09-30,CM,NSE,STK,766255,INE0M5301040,VARMORA,EQ,,,,,VARMORA GRANITO LIMITED,145.0,147.67,136.54,139.65,139.17,152.19,,139.64,,,11245606,1588761346.38,88623,F1,1,,,,,,Cash Only,Diversified,False,163.77,148.1,152.19,154.68666666666667,155.935,153.43833333333333,155.935,153.43833333333333,2.4966666666666697,1.640493243095256,Wide,Bearish,Below CPR,141.28666666666666,142.105,140.46833333333333,142.105,140.46833333333333,1.636666666666656,1.1719775629549989,Wide,False,False,,1,7980453951.36,False,False,Unknown,False,Risk Off,False,Bearish Virgin,,,,,0.1990815755674211,False,False,No setup,0.0,None,None,0,No active J-Curve setup.,Neutral,0,Not applicable,No directional setup; confirmation score not applicable.,Wide CPR,Wide Downside Watch,Watch,Wide CPR + close below CPR; trend aligned; participation light,0,0,0,0
2026-09-30,2026-09-30,CM,NSE,STK,17507,INE452L01012,INCREDIBLE,EQ,,,,,INCREDIBLE INDUSTRIES LTD,31.52,33.98,31.52,32.61,32.11,31.6,,32.36,,,6216,202985.99,72,F1,1,,,,,,Cash Only,Diversified,False,33.2,31.55,31.6,32.11666666666667,32.375,31.858333333333334,32.375,31.858333333333334,0.5166666666666657,1.6350210970464105,Wide,Bearish,Above CPR,32.70333333333333,32.75,32.656666666666666,32.75,32.656666666666666,0.09333333333333371,0.28621077379127174,Moderate,False,False,0.48333333333333334,60,116653.57500000001,False,False,Lower,True,Risk Off,False,None,1.9314285714285704,32.7512,33.6362,0.2675049309664691,1.7400751755786308,False,False,No setup,0.0,None,None,0,No active J-Curve setup.,Neutral,0,Not applicable,No directional setup; confirmation score not applicable.,Wide CPR,Wide Upside Watch,Watch,Wide CPR + close above CPR; trend opposes; participation confirmed,0,0,0,0
2026-09-30,2026-09-30,CM,NSE,STK,750290,INE1CLE01013,VISL,EQ,,,,,VEDANTA IRON AND STEEL L,34.4,34.49,31.82,32.3,32.35,32.85,,32.3,,,67267019,2267987843.83,60075,F1,1,,,,,,Cash Only,Diversified,False,32.99,31.1,32.85,32.31333333333333,32.045,32.58166666666666,32.58166666666666,32.045,0.5366666666666617,1.6336884830035363,Wide,Bullish,Inside CPR,32.87,33.155,32.584999999999994,33.155,32.584999999999994,0.5700000000000074,1.764705882352964,Wide,False,False,0.6666666666666666,60,865883725.2249999,False,False,Overlapping,True,Risk Off,False,None,1.462142857142857,34.4494,,0.36704119850186934,2.619275288077118,False,False,No setup,0.0,None,None,0,No active J-Curve setup.,Neutral,0,Not applicable,No directional setup; confirmation score not applicable.,Wide CPR,Wide Consolidation,Watch,Wide CPR + close inside CPR; consolidation/range watch,0,2,0,2
2026-09-30,2026-09-30,CM,NSE,STK,6596,INE269A01021,SONATSOFTW,EQ,,,,,SONATA SOFTWARE LTD,260.85,267.4,257.0,258.25,258.0,260.85,,258.25,,,817817,214040552.5,24653,F1,1,,,,,,Cash Only,Information Technology,True,276.2,258.2,260.85,265.0833333333333,267.2,262.96666666666664,267.2,262.96666666666664,4.2333333333333485,1.6228994952399263,Wide,Bearish,Below CPR,260.8833333333333,262.2,259.56666666666666,262.2,259.56666666666666,2.6333333333333258,1.0196837689577254,Wide,False,False,0.3333333333333333,60,297802746.4,True,True,Lower,True,Risk Off,False,None,11.067857142857141,298.264,288.669,0.38248897493815354,0.7187326345624326,False,False,No setup,0.0,None,None,0,No active J-Curve setup.,Neutral,0,Not applicable,No directional setup; confirmation score not applicable.,Wide CPR,Wide Downside Watch,Watch,Wide CPR + close below CPR; trend aligned; participation light,0,0,0,0
2026-09-30,2026-09-30,CM,NSE,STK,19670,INE070C01037,COMPINFO,BZ,,,,,COMPUAGE INFOCOM LTD,1.05,1.08,1.0,1.06,1.06,1.03,,1.11,,,54241,58040.68,32,F1,1,,,,,,Cash Only,Information Technology,False,1.08,1.03,1.03,1.0466666666666669,1.0550000000000002,1.0383333333333336,1.0550000000000002,1.0383333333333336,0.016666666666666607,1.6181229773462726,Wide,Bearish,Above CPR,1.0466666666666666,1.04,1.0533333333333332,1.0533333333333332,1.04,0.013333333333333197,1.2578616352201129,Wide,False,False,0.475,20,14461.150000000001,True,False,Overlapping,True,Risk Off,False,None,0.07714285714285714,,,0.21604938271604862,4.013559087624428,False,False,No setup,0.0,None,None,0,No active J-Curve setup.,Neutral,0,Not applicable,No directional setup; confirmation score not applicable.,Wide CPR,Wide Upside Watch,Watch,Wide CPR + close above CPR; trend opposes; participation confirmed,0,0,0,0
2026-09-30,2026-09-30,CM,NSE,STK,762782,INE435D01014,MCCHRLS-B,EQ,,,,,MAC CHARLES (INDIA) LTD.,704.0,704.0,660.0,689.85,689.95,695.35,,687.45,,,68,45805.75,18,F1,1,,,,,,Cash Only,Diversified,False,702.0,655.0,695.35,684.1166666666667,678.5,689.7333333333333,689.7333333333333,678.5,11.233333333333348,1.6154933966108218,Wide,Bullish,Above CPR,684.6166666666667,682.0,687.2333333333333,687.2333333333333,682.0,5.2333333333333485,0.7586190234592083,Wide,False,False,0.25,60,123986.825,True,True,Higher,True,Risk Off,True,None,34.08571428571428,680.1820000000001,685.6965000000001,0.32956132998044196,0.36944046272658404,True,True,No setup,0.0,None,None,0,No active J-Curve setup.,Neutral,0,Not applicable,No directional setup; confirmation score not applicable.,Wide CPR,Wide Upside Watch,Watch,Wide CPR + close above CPR; trend aligned; participation light,0,0,0,0
2026-09-30,2026-09-30,CM,NSE,STK,7518,INE00CA01015,TREJHARA,EQ,,,,,TREJHARA SOLUTIONS LTD,141.5,141.5,136.69,138.84,139.97,135.7,,138.74,,,10186,1418761.07,425,F1,1,,,,,,Cash Only,Diversified,False,144.95,132.98,135.7,137.87666666666664,138.96499999999997,136.7883333333333,138.96499999999997,136.7883333333333,2.1766666666666765,1.6040284942274698,Wide,Bearish,Inside CPR,139.01,139.095,138.92499999999998,139.095,138.92499999999998,0.17000000000001592,0.12244309997120131,Narrow,False,False,0.6833333333333333,60,2270054.56,False,False,Lower,True,Risk Off,False,None,8.000000000000002,147.27540000000002,145.8009,0.2720833333333345,0.6249898548693913,False,False,No setup,0.0,None,None,0,No active J-Curve setup.,Neutral,0,Not applicable,No directional setup; confirmation score not applicable.,Wide CPR,Wide Consolidation,Watch,Wide CPR + close inside CPR; consolidation/range watch,0,0,-2,-2
2026-09-30,2026-09-30,CM,NSE,STK,25643,INE0Q3J01015,KRN,EQ,,,,,KRN HEAT EXCHANGE N REF L,1456.0,1481.0,1424.0,1436.5,1427.6,1443.1,,1436.54,,,184949,269834928.5,15962,F1,1,,,,,,Cash Only,Diversified,False,1455.0,1362.1,1443.1,1420.0666666666666,1408.55,1431.5833333333333,1431.5833333333333,1408.55,23.033333333333303,1.5961009863026336,Wide,Bullish,Above CPR,1447.1666666666667,1452.5,1441.8333333333335,1452.5,1441.8333333333335,10.666666666666515,0.7425455389256189,Moderate,False,False,0.4,60,595363542.55,False,False,Higher,True,Risk Off,False,None,64.95714285714288,1415.4189999999999,1175.199,0.3545927717909238,0.4532271615831073,True,True,No setup,0.0,None,None,0,No active J-Curve setup.,Neutral,0,Not applicable,No directional setup; confirmation score not applicable.,Wide CPR,Wide Upside Watch,Watch,Wide CPR + close above CPR; trend aligned; participation light,0,0,0,0
2026-09-30,2026-09-30,CM,NSE,STK,2998,INE018401013,SUVIDHAA,EQ,,,,,SUVIDHAA INFOSERVE LTD,2.1,2.21,2.04,2.09,2.1,2.09,,2.09,,,104823,219070.65,295,F1,1,,,,,,Cash Only,Diversified,False,2.26,2.02,2.09,2.123333333333333,2.1399999999999997,2.1066666666666665,2.1399999999999997,2.1066666666666665,0.033333333333333215,1.5948963317384313,Wide,Bearish,Below CPR,2.1133333333333333,2.125,2.1016666666666666,2.125,2.1016666666666666,0.023333333333333428,1.1164274322169105,Wide,False,False,0.36666666666666664,60,256530.185,False,False,Lower,True,Risk Off,False,None,0.18571428571428564,2.3702,2.5509,0.17948717948717893,0.8539761120119256,False,False,No setup,0.0,None,None,0,No active J-Curve setup.,Neutral,0,Not applicable,No directional setup; confirmation score not applicable.,Wide CPR,Wide Downside Watch,Watch,Wide CPR + close below CPR; trend aligned; participation light,0,0,0,0
2026-09-30,2026-09-30,CM,NSE,STK,17029,INE619A01035,PATANJALI,EQ,,,,,PATANJALI FOODS LIMITED,369.7,372.25,363.0,363.0,363.0,371.4,,363.0,,,1344954,494506780.9,39615,F1,1,,,,,,F&O + Cash,Fast Moving Consumer Goods,True,391.6,368.9,371.4,377.3,380.25,374.35,380.25,374.35,5.899999999999977,1.5885837372105485,Wide,Bearish,Below CPR,366.0833333333333,367.625,364.54166666666663,367.625,364.54166666666663,3.0833333333333712,0.8494031221304053,Wide,False,False,0.7666666666666667,60,979703275.95,False,False,Lower,True,Risk Off,False,Bearish Virgin,13.857142857142849,356.13599999999997,390.7705,0.42577319587628726,0.5047515845249021,True,False,No setup,0.0,None,None,0,No active J-Curve setup.,Neutral,0,Not applicable,No directional setup; confirmation score not applicable.,Wide CPR,Wide Downside Watch,Watch,Wide CPR + close below CPR; trend mixed; participation light,0,0,0,0
2026-09-30,2026-09-30,CM,NSE,STK,3676,INE386A01023,VESUVIUS,EQ,,,,,VESUVIUS INDIA LTD,404.95,453.8,403.75,424.2,425.45,400.2,,424.17,,,8173574,3574040196.55,186705,F1,1,,,,,,Cash Only,Diversified,False,433.8,385.6,400.2,406.53333333333336,409.70000000000005,403.3666666666667,409.70000000000005,403.3666666666667,6.333333333333371,1.582542062302192,Wide,Bearish,Above CPR,427.25,428.775,425.725,428.775,425.725,3.0499999999999545,0.7190004714757083,Moderate,False,False,0.8833333333333333,60,27990850.725,False,False,Higher,True,Risk Off,False,None,13.939285714285713,428.01,448.31700000000006,0.45435135365958085,127.68601539351748,False,False,No setup,0.0,None,None,0,No active J-Curve setup.,Neutral,0,Not applicable,No directional setup; confirmation score not applicable.,Wide CPR,Wide Upside Watch,Watch,Wide CPR + close above CPR; trend opposes; participation confirmed,0,0,0,0
2026-09-30,2026-09-30,CM,NSE,STK,13859,INE411B01019,VENUSREM,EQ,,,,,VENUS REMEDIES LIMITED,1738.9,1796.1,1730.0,1796.1,1796.1,1710.6,,1796.14,,,28419,50801105.3,877,F1,1,,,,,,Cash Only,Diversified,False,1710.6,1629.8,1710.6,1683.6666666666667,1670.1999999999998,1697.1333333333337,1697.1333333333337,1670.1999999999998,26.93333333333385,1.5744962781090759,Wide,Bullish,Above CPR,1774.0666666666666,1763.05,1785.0833333333333,1785.0833333333333,1763.05,22.033333333333303,1.226731993393091,Wide,False,False,0.9333333333333333,60,54304046.7,False,False,Higher,True,Risk Off,False,Bullish Virgin,81.53571428571425,1375.45,1102.8735000000001,0.3303255949773754,0.93549391596262,True,True,No setup,0.0,None,None,0,No active J-Curve setup.,Neutral,0,Not applicable,No directional setup; confirmation score not applicable.,Wide CPR,Wide Upside Watch,Watch,Wide CPR + close above CPR; trend aligned; participation light,0,0,0,0
2026-09-30,2026-09-30,CM,NSE,STK,1919,INE082A01010,KOPRAN,EQ,,,,,KOPRAN LTD,293.8,295.83,277.01,278.32,279.0,290.9,,278.31,,,487875,139538828.7,9241,F1,1,,,,,,Cash Only,Diversified,False,292.3,275.77,290.9,286.3233333333333,284.03499999999997,288.6116666666667,288.6116666666667,284.03499999999997,4.576666666666711,1.5732783316145451,Wide,Bullish,Below CPR,283.71999999999997,286.41999999999996,281.02,286.41999999999996,281.02,5.399999999999977,1.9402127048002218,Wide,False,False,0.8333333333333334,60,88977672.765,False,False,Higher,True,Risk Off,False,None,17.05142857142857,202.535,166.2412,0.2684037086684566,1.5682454301601894,True,True,No setup,0.0,None,None,0,No active J-Curve setup.,Neutral,0,Not applicable,No directional setup; confirmation score not applicable.,Wide CPR,Wide Downside Watch,Watch,Wide CPR + close below CPR; trend opposes; participation confirmed,0,0,0,0
2026-09-30,2026-09-30,CM,NSE,STK,5108,INE542W01025,KPIGREEN,EQ,,,,,KPI GREEN ENERGY LIMITED,386.4,386.9,355.5,358.95,357.8,371.25,,358.95,,,4386433,1636430792.9,69570,F1,1,,,,,,Cash Only,Diversified,False,373.5,351.5,371.25,365.4166666666667,362.5,368.33333333333337,368.33333333333337,362.5,5.833333333333371,1.5712682379349148,Wide,Bullish,Below CPR,367.1166666666666,371.2,363.03333333333325,371.2,363.03333333333325,8.166666666666742,2.2751543854761787,Wide,False,False,0.5,60,240015421.05,False,False,Higher,True,Risk Off,False,None,16.892857142857142,335.075,373.85650000000004,0.3453136011275569,6.818023549241442,True,False,No setup,0.0,None,None,0,No active J-Curve setup.,Neutral,0,Not applicable,No directional setup; confirmation score not applicable.,Wide CPR,Wide Downside Watch,Watch,Wide CPR + close below CPR; trend mixed; participation confirmed,0,0,0,0
2026-09-30,2026-09-30,CM,NSE,STK,16795,INE877I01016,ARCHIDPLY,EQ,,,,,ARCHIDPLY IND. LTD,101.11,104.99,99.52,103.5,103.51,101.98,,103.5,,,33170,3399347.32,286,F1,1,,,,,,Cash Only,Diversified,False,107.69,101.07,101.98,103.58,104.38,102.78,104.38,102.78,1.5999999999999943,1.5689350853108397,Wide,Bearish,Inside CPR,102.67,102.255,103.08500000000001,103.08500000000001,102.255,0.8300000000000125,0.8019323671497705,Wide,False,False,0.95,60,1443219.33,False,False,Lower,True,Risk Off,False,None,4.593571428571429,96.53859999999999,88.74690000000001,0.3483128595863772,2.3553920387138936,True,True,No setup,0.0,None,None,0,No active J-Curve setup.,Neutral,0,Not applicable,No directional setup; confirmation score not applicable.,Wide CPR,Wide Consolidation,Watch,Wide CPR + close inside CPR; consolidation/range watch,0,0,0,0
2026-09-30,2026-09-30,CM,NSE,STK,765361,INE0K9O01026,LALITHAA,EQ,,,,,LALITHAA JEWELLERY MART L,384.0,393.75,375.5,381.9,383.0,375.0,,381.92,,,6734536,2622306577.4,43886,F1,1,,,,,,Cash Only,Diversified,False,375.0,357.35,375.0,369.1166666666666,366.175,372.0583333333332,372.0583333333332,366.175,5.883333333333212,1.5688888888888566,Wide,Bullish,Above CPR,383.7166666666667,384.625,382.8083333333334,384.625,382.8083333333334,1.816666666666606,0.47569171685430905,Moderate,False,False,0.2692307692307692,26,3101189596.665,True,True,Overlapping,True,Risk Off,False,Bullish Virgin,19.171428571428574,,,0.30688027819174724,0.8455808636208545,False,False,No setup,0.0,None,None,0,No active J-Curve setup.,Neutral,0,Not applicable,No directional setup; confirmation score not applicable.,Wide CPR,Wide Upside Watch,Watch,Wide CPR + close above CPR; trend opposes; participation light,0,0,0,0
2026-09-30,2026-09-30,CM,NSE,STK,21794,INE179G01029,DAVANGERE,EQ,,,,,DAVANGERE SUGAR COMPANY L,2.37,2.4,2.26,2.31,2.3,2.34,,2.31,,,6763373,15749801.52,2621,F1,1,,,,,,Cash Only,Diversified,False,2.49,2.3,2.34,2.3766666666666665,2.395,2.358333333333333,2.395,2.358333333333333,0.03666666666666707,1.5669515669515843,Wide,Bearish,Below CPR,2.3233333333333337,2.33,2.3166666666666673,2.33,2.3166666666666673,0.013333333333332753,0.5772005772005521,Moderate,False,False,0.2833333333333333,60,24617452.335,False,False,Overlapping,True,Risk Off,False,None,0.1685714285714286,2.6526,3.1756,0.21751412429378766,0.6397819443569159,False,False,No setup,0.0,None,None,0,No active J-Curve setup.,Neutral,0,Not applicable,No directional setup; confirmation score not applicable.,Wide CPR,Wide Downside Watch,Watch,Wide CPR + close below CPR; trend aligned; participation light,0,0,0,0
2026-09-30,2026-09-30,CM,NSE,STK,760039,INE0QPI01025,SUDEEPPHRM,EQ,,,,,SUDEEP PHARMA LIMITED,1195.1,1249.8,1181.5,1205.8,1202.0,1195.2,,1205.78,,,176078,215439472.3,14162,F1,1,,,,,,Cash Only,Diversified,False,1195.7,1138.8,1195.2,1176.5666666666666,1167.25,1185.8833333333332,1185.8833333333332,1167.25,18.633333333333212,1.5590138331102086,Wide,Bullish,Above CPR,1212.3666666666668,1215.65,1209.0833333333335,1215.65,1209.0833333333335,6.566666666666606,0.5445900370431752,Moderate,False,False,0.7166666666666667,60,224191879.14999998,False,False,Higher,True,Risk Off,False,None,63.52142857142859,1088.096,929.035,0.2933393305596142,0.9609601967600977,True,True,No setup,0.0,None,None,0,No active J-Curve setup.,Neutral,0,Not applicable,No directional setup; confirmation score not applicable.,Wide CPR,Wide Upside Watch,Watch,Wide CPR + close above CPR; trend aligned; participation light,0,0,0,0
2026-09-30,2026-09-30,CM,NSE,STK,3553,INE217G01035,EQUIPPP,BE,,,,,EQUIPPP SOC IMP TECH LTD,23.8,23.8,22.4,22.65,22.65,22.93,,22.65,,,1424,32993.36,18,F1,1,,,,,,Cash Only,Diversified,False,22.94,21.85,22.93,22.573333333333334,22.395000000000003,22.751666666666665,22.751666666666665,22.395000000000003,0.356666666666662,1.555458642244492,Wide,Bullish,Inside CPR,22.95,23.1,22.799999999999997,23.1,22.799999999999997,0.30000000000000426,1.3245033112582971,Wide,False,False,0.8,20,127877.43,False,False,Outside,True,Risk Off,False,None,1.2742857142857138,,,0.27989536621823263,0.25800768751764874,False,False,No setup,0.0,None,None,0,No active J-Curve setup.,Neutral,0,Not applicable,No directional setup; confirmation score not applicable.,Wide CPR,Wide Consolidation,Watch,Wide CPR + close inside CPR; consolidation/range watch,0,0,0,0
2026-09-30,2026-09-30,CM,NSE,STK,24067,INE0HV901016,IXIGO,EQ,,,,,LE TRAVENUES TECHNOLOGY L,160.24,164.21,159.51,162.89,163.18,160.24,,162.86,,,842850,137179614.86,19162,F1,1,,,,,,Cash Only,Diversified,False,160.5,152.51,160.24,157.75,156.505,158.995,158.995,156.505,2.490000000000009,1.5539191213180286,Wide,Bullish,Above CPR,162.20333333333335,161.86,162.54666666666668,162.54666666666668,161.86,0.6866666666666674,0.42155237685964,Moderate,False,False,0.3,60,145457381.62,True,False,Outside,True,Risk Off,False,Bullish Virgin,6.089999999999997,173.6828,177.60080000000002,0.4088669950738933,0.9430914631639304,False,False,No setup,0.0,None,None,0,No active J-Curve setup.,Neutral,0,Not applicable,No directional setup; confirmation score not applicable.,Wide CPR,Wide Upside Watch,Watch,Wide CPR + close above CPR; trend opposes; participation light,0,0,0,0
2026-09-30,2026-09-30,CM,NSE,STK,764683,INE194R01017,FREDUN,EQ,,,,,FREDUN PHARMACEUTICALS L,1403.0,1447.4,1398.9,1404.5,1405.0,1392.4,,1404.68,,,35676,50608125.9,2924,F1,1,,,,,,Cash Only,Diversified,False,1424.9,1295.0,1392.4,1370.7666666666667,1359.95,1381.5833333333333,1381.5833333333333,1359.95,21.633333333333212,1.553672316384172,Wide,Bullish,Above CPR,1416.9333333333334,1423.15,1410.7166666666667,1423.15,1410.7166666666667,12.433333333333394,0.8852497923341683,Wide,False,False,0.7419354838709677,31,41396276.4,False,False,Overlapping,True,Risk Off,False,Bullish Virgin,77.60714285714288,,,0.27875441018560965,1.2225284566898873,False,False,No setup,0.0,None,None,0,No active J-Curve setup.,Neutral,0,Not applicable,No directional setup; confirmation score not applicable.,Wide CPR,Wide Upside Watch,Watch,Wide CPR + close above CPR; trend opposes; participation confirmed,0,0,0,0
2026-09-30,2026-09-30,CM,NSE,STK,10786,INE781B01015,NOIDATOLL,EQ,,,,,NOIDA TOLL BRIDGE CO LTD,3.6,3.87,3.6,3.85,3.87,3.65,,3.85,,,96546,365335.13,465,F1,1,,,,,,Cash Only,Diversified,False,3.88,3.59,3.65,3.7066666666666666,3.735,3.6783333333333332,3.735,3.6783333333333332,0.05666666666666664,1.5525114155251136,Wide,Bearish,Above CPR,3.7733333333333334,3.7350000000000003,3.8116666666666665,3.8116666666666665,3.7350000000000003,0.07666666666666622,1.9913419913419796,Wide,False,False,0.9666666666666667,60,355656.23,False,False,Lower,True,Risk Off,False,None,0.15714285714285697,4.1418,3.892,0.3606060606060608,1.027214200634135,False,False,No setup,0.0,None,None,0,No active J-Curve setup.,Neutral,0,Not applicable,No directional setup; confirmation score not applicable.,Wide CPR,Wide Upside Watch,Watch,Wide CPR + close above CPR; trend opposes; participation confirmed,0,-1,0,-1
2026-09-30,2026-09-30,CM,NSE,STK,9683,INE04I401011,KPITTECH,EQ,,,,,KPIT TECHNOLOGIES LIMITED,510.95,518.0,499.1,499.1,499.1,519.7,,499.13,,,1625467,826014915.8,38309,F1,1,,,,,,F&O + Cash,Information Technology,True,519.7,495.5,519.7,511.6333333333334,507.6,515.6666666666667,515.6666666666667,507.6,8.06666666666672,1.5521775383234018,Wide,Bullish,Below CPR,505.40000000000003,508.55,502.25000000000006,508.55,502.25000000000006,6.2999999999999545,1.2622720897615616,Wide,False,False,0.55,60,902406684.6,False,False,Overlapping,True,Risk Off,False,None,14.771428571428572,579.9580000000001,636.745,0.5460992907801454,0.9153466279631324,False,False,No setup,0.0,None,None,0,No active J-Curve setup.,Neutral,0,Not applicable,No directional setup; confirmation score not applicable.,Wide CPR,Wide Downside Watch,Watch,Wide CPR + close below CPR; trend aligned; participation light,0,-2,0,-2
2026-09-30,2026-09-30,CM,NSE,STK,17922,INE669X01032,GEEKAYWIRE,EQ,,,,,GEEKAY WIRES LIMITED,30.01,31.64,30.01,31.19,31.5,30.5,,31.19,,,82538,2550040.74,780,F1,1,,,,,,Cash Only,Diversified,False,32.11,30.31,30.5,30.973333333333333,31.21,30.736666666666665,31.21,30.736666666666665,0.47333333333333627,1.5519125683060206,Wide,Bearish,Inside CPR,30.94666666666667,30.825000000000003,31.068333333333335,31.068333333333335,30.825000000000003,0.2433333333333323,0.7801645826653808,Wide,False,False,0.55,60,3137903.895,False,False,Lower,True,Risk Off,False,None,2.547142857142856,26.1428,25.378200000000003,0.18582912693961612,0.8126573742628915,True,True,No setup,0.0,None,None,0,No active J-Curve setup.,Neutral,0,Not applicable,No directional setup; confirmation score not applicable.,Wide CPR,Wide Consolidation,Watch,Wide CPR + close inside CPR; consolidation/range watch,0,0,0,0
2026-09-30,2026-09-30,CM,NSE,STK,999,INE022C01012,EUROTEXIND,EQ,,,,,EUROTEX INDUSTRIES LTD,12.85,14.3,11.75,14.3,14.3,13.0,,14.3,,,4554,64715.65,26,F1,1,,,,,,Cash Only,Diversified,False,14.1,12.5,13.0,13.200000000000001,13.3,13.100000000000001,13.3,13.100000000000001,0.1999999999999993,1.538461538461533,Wide,Bearish,Above CPR,13.450000000000001,13.025,13.875000000000002,13.875000000000002,13.025,0.8500000000000014,5.944055944055954,Wide,False,False,0.7966101694915254,60,35581.604999999996,True,False,Higher,True,Risk Off,False,None,0.7428571428571429,15.145600000000002,14.823799999999999,0.2692307692307683,1.8187951330469778,False,False,No setup,0.0,None,None,0,No active J-Curve setup.,Neutral,0,Not applicable,No directional setup; confirmation score not applicable.,Wide CPR,Wide Upside Watch,Watch,Wide CPR + close above CPR; trend opposes; participation confirmed,0,0,0,0
2026-09-30,2026-09-30,CM,NSE,STK,7529,INE938A01021,LCCINFOTEC,EQ,,,,,LCC INFOTECH LTD,3.9,4.05,3.76,4.02,4.04,3.9,,4.02,,,79585,317121.07,143,F1,1,,,,,,Cash Only,Information Technology,False,4.16,3.82,3.9,3.9600000000000004,3.99,3.9300000000000006,3.99,3.9300000000000006,0.05999999999999961,1.5384615384615286,Wide,Bearish,Above CPR,3.943333333333333,3.905,3.981666666666666,3.981666666666666,3.905,0.07666666666666622,1.9071310116086124,Wide,False,False,0.8666666666666667,60,225391.36,False,False,Lower,True,Risk Off,False,None,0.2535714285714286,3.8161999999999994,4.2581,0.23661971830985756,1.406979708538961,True,False,No setup,0.0,None,None,0,No active J-Curve setup.,Neutral,0,Not applicable,No directional setup; confirmation score not applicable.,Wide CPR,Wide Upside Watch,Watch,Wide CPR + close above CPR; trend mixed; participation confirmed,0,0,0,0
2026-09-30,2026-09-30,CM,NSE,STK,11634,INE658G01014,SALSTEEL,EQ,,,,,S.A.L. STEEL LTD.,99.87,101.53,97.0,99.06,98.0,97.08,,99.06,,,1173619,116841311.67,8178,F1,1,,,,,,Cash Only,Metals & Mining,False,97.68,92.0,97.08,95.58666666666666,94.84,96.33333333333331,96.33333333333331,94.84,1.493333333333311,1.538250240351577,Wide,Bullish,Above CPR,99.19666666666667,99.265,99.12833333333334,99.265,99.12833333333334,0.13666666666665606,0.13796352379028473,Narrow,False,False,0.2,60,30887376.855,True,True,Higher,True,Risk Off,True,Bullish Virgin,4.674285714285715,72.1524,,0.3194784026079821,3.7828175639034853,True,False,No setup,0.0,None,None,0,No active J-Curve setup.,Neutral,0,Not applicable,No directional setup; confirmation score not applicable.,Wide CPR,Wide Upside Watch,Watch,Wide CPR + close above CPR; trend mixed; participation confirmed,0,0,0,0
2026-09-30,2026-09-30,CM,NSE,STK,762802,INE200D01020,MMWL,EQ,,,,,MEDIA MATRIX WORLDWIDE L,14.82,14.82,14.02,14.82,14.82,14.12,,14.91,,,28234,417483.14,104,F1,1,,,,,,Cash Only,Diversified,False,14.9,13.99,14.12,14.336666666666666,14.445,14.228333333333332,14.445,14.228333333333332,0.21666666666666856,1.5344664778092674,Wide,Bearish,Above CPR,14.553333333333333,14.42,14.686666666666666,14.686666666666666,14.42,0.2666666666666657,1.7993702204228457,Wide,False,False,0.8727272727272727,55,424294.0,False,False,Lower,True,Risk Off,False,None,0.8371428571428572,13.995999999999999,,0.25881683731513305,0.9839477814911359,True,False,No setup,0.0,None,None,0,No active J-Curve setup.,Neutral,0,Not applicable,No directional setup; confirmation score not applicable.,Wide CPR,Wide Upside Watch,Watch,Wide CPR + close above CPR; trend mixed; participation light,0,0,0,0
2026-09-30,2026-09-30,CM,NSE,STK,9617,INE663A01033,SPLPETRO,EQ,,,,,SUPREME PETROCHEM LIMITED,834.9,855.0,801.65,808.2,808.0,831.85,,808.18,,,247547,203612780.9,20533,F1,1,,,,,,Cash Only,Chemicals,True,881.9,820.05,831.85,844.5999999999999,850.9749999999999,838.2249999999999,850.9749999999999,838.2249999999999,12.75,1.5327282562962072,Wide,Bearish,Below CPR,821.6166666666668,828.325,814.9083333333335,828.325,814.9083333333335,13.416666666666515,1.6600676400230778,Wide,False,False,0.6333333333333333,60,85306660.375,False,False,Lower,True,Risk Off,False,None,34.00357142857142,755.7189999999999,731.9234999999999,0.3749606133809475,2.3868333375722073,True,True,No setup,0.0,None,None,0,No active J-Curve setup.,Neutral,0,Not applicable,No directional setup; confirmation score not applicable.,Wide CPR,Wide Downside Watch,Watch,Wide CPR + close below CPR; trend opposes; participation confirmed,0,0,0,0
2026-09-30,2026-09-30,CM,NSE,STK,762695,INE926B01016,GRANDOAK,EQ,,,,,GRAND OAK CANYONS DIST L,35.01,35.01,33.94,34.19,34.74,35.72,,34.23,,,1400,47990.27,46,F1,1,,,,,,Cash Only,Diversified,False,35.8,34.0,35.72,35.17333333333333,34.9,35.446666666666665,35.446666666666665,34.9,0.5466666666666669,1.5304217991787987,Wide,Bullish,Below CPR,34.379999999999995,34.474999999999994,34.285,34.474999999999994,34.285,0.18999999999999773,0.5557180462123361,Moderate,False,False,0.45,60,238970.29499999998,False,False,Higher,True,Risk Off,False,None,2.1278571428571427,36.8184,36.7612,0.2569094774532842,0.20082106857674506,False,False,No setup,0.0,None,None,0,No active J-Curve setup.,Neutral,0,Not applicable,No directional setup; confirmation score not applicable.,Wide CPR,Wide Downside Watch,Watch,Wide CPR + close below CPR; trend aligned; participation light,0,0,0,0
2026-09-30,2026-09-30,CM,NSE,STK,15083,INE742F01042,ADANIPORTS,EQ,,,,,ADANI PORT & SEZ LTD,1793.5,1803.2,1775.4,1798.3,1798.3,1822.0,,1798.27,,,3199507,5723548458.8,110981,F1,1,,,,,,F&O + Cash,Services,True,1822.0,1738.4,1822.0,1794.1333333333332,1780.2,1808.0666666666664,1808.0666666666664,1780.2,27.866666666666333,1.5294548115623674,Wide,Bullish,Inside CPR,1792.3000000000002,1789.3000000000002,1795.3000000000002,1795.3000000000002,1789.3000000000002,6.0,0.3336484457543235,Moderate,False,False,0.8666666666666667,60,2838951485.55,False,False,Outside,True,Risk Off,False,None,45.71428571428573,1724.2579999999998,1765.836,0.6095833333333258,2.0160782908522146,True,True,No setup,0.0,None,None,0,No active J-Curve setup.,Neutral,0,Not applicable,No directional setup; confirmation score not applicable.,Wide CPR,Wide Consolidation,Watch,Wide CPR + close inside CPR; consolidation/range watch,0,0,0,0
2026-09-30,2026-09-30,CM,NSE,STK,759989,INE1SPP01016,KSR,BE,,,,,KSR FOOTWEAR LIMITED,37.69,39.43,37.69,39.32,39.35,37.56,,39.1,,,39624,1557859.83,95,F1,1,,,,,,Cash Only,Diversified,False,38.15,35.25,37.56,36.98666666666667,36.7,37.27333333333334,37.27333333333334,36.7,0.5733333333333377,1.5264465743699087,Wide,Bullish,Above CPR,38.81333333333333,38.56,39.06666666666666,39.06666666666666,38.56,0.5066666666666606,1.2885723974228398,Wide,False,False,0.43333333333333335,60,620110.8049999999,True,False,Lower,True,Risk Off,False,Bullish Virgin,2.6628571428571424,32.681,,0.21530758226037364,2.512228165416341,True,False,No setup,0.0,None,None,0,No active J-Curve setup.,Neutral,0,Not applicable,No directional setup; confirmation score not applicable.,Wide CPR,Wide Upside Watch,Watch,Wide CPR + close above CPR; trend mixed; participation confirmed,0,-2,0,-2
2026-09-30,2026-09-30,CM,NSE,STK,14402,INE005I01014,AMDIND,BE,,,,,AMD INDUSTRIES LIMITED,53.1,54.48,53.1,53.45,53.45,54.0,,53.44,,,19423,1045530.11,107,F1,1,,,,,,Cash Only,Diversified,False,56.65,53.82,54.0,54.82333333333333,55.235,54.41166666666666,55.235,54.41166666666666,0.8233333333333377,1.5246913580246995,Wide,Bearish,Below CPR,53.67666666666667,53.79,53.56333333333334,53.79,53.56333333333334,0.22666666666665947,0.4240723417524031,Moderate,False,False,0.6833333333333333,60,1233167.155,False,False,Lower,True,Risk Off,False,None,4.7771428571428585,54.07759999999999,50.168,0.17234848484848572,0.8478413536727711,False,True,No setup,0.0,None,None,0,No active J-Curve setup.,Neutral,0,Not applicable,No directional setup; confirmation score not applicable.,Wide CPR,Wide Downside Watch,Watch,Wide CPR + close below CPR; trend mixed; participation light,0,0,0,0
2026-09-30,2026-09-30,CM,NSE,STK,3980,INE107A01015,TNPL,EQ,,,,,TAMILNADU NEWSPRT & PAPER,150.62,152.9,149.75,150.61,149.8,151.8,,150.59,,,68064,10293072.58,2169,F1,1,,,,,,Cash Only,Diversified,False,152.9,143.78,151.8,149.49333333333334,148.34,150.64666666666668,150.64666666666668,148.34,2.306666666666672,1.5195432586736968,Wide,Bullish,Inside CPR,151.08666666666667,151.325,150.84833333333336,151.325,150.84833333333336,0.47666666666663104,0.31649071553458,Moderate,False,False,0.6833333333333333,60,29006131.09,False,False,Lower,True,Risk Off,False,None,6.064999999999998,148.61260000000001,147.7785,0.38032426490794274,0.3548585141556016,True,True,No setup,0.0,None,None,0,No active J-Curve setup.,Neutral,0,Not applicable,No directional setup; confirmation score not applicable.,Wide CPR,Wide Consolidation,Watch,Wide CPR + close inside CPR; consolidation/range watch,0,0,0,0
2026-09-30,2026-09-30,CM,NSE,STK,18029,INE912H01013,MBLINFRA,EQ,,,,,MBL INFRASTRUCTURE LTD,22.5,22.85,21.96,22.85,22.85,21.77,,22.85,,,53197,1210241.59,70,F1,1,,,,,,Cash Only,Real Estate & Infra,False,21.84,20.71,21.77,21.439999999999998,21.275,21.604999999999997,21.604999999999997,21.275,0.3299999999999983,1.5158474965548843,Wide,Bullish,Above CPR,22.55333333333333,22.405,22.70166666666666,22.70166666666666,22.405,0.29666666666665975,1.298322392414266,Wide,False,False,0.4,60,1247712.0,False,False,Higher,True,Risk Off,False,Bullish Virgin,1.2371428571428573,24.2976,24.722600000000003,0.2667436489607376,0.9699687027134467,False,False,No setup,0.0,None,None,0,No active J-Curve setup.,Neutral,0,Not applicable,No directional setup; confirmation score not applicable.,Wide CPR,Wide Upside Watch,Watch,Wide CPR + close above CPR; trend opposes; participation light,0,0,0,0
2026-09-30,2026-09-30,CM,NSE,STK,10738,INE881D01027,OFSS,EQ,,,,,ORACLE FIN SERV SOFT LTD.,10525.0,10869.0,10500.0,10630.0,10630.0,10406.0,,10630.45,,,272759,2912479246.0,44234,F1,1,,,,,,F&O + Cash,Information Technology,True,10876.0,10406.0,10406.0,10562.666666666666,10641.0,10484.333333333332,10641.0,10484.333333333332,156.66666666666788,1.5055416746748786,Wide,Bearish,Inside CPR,10666.333333333334,10684.5,10648.166666666668,10684.5,10648.166666666668,36.33333333333212,0.3417999372844038,Moderate,False,False,0.38333333333333336,60,2697197517.5,True,False,Overlapping,True,Risk Off,False,None,398.7857142857143,11544.76,10867.535,0.39285927518061087,1.0798168199040692,False,False,No setup,0.0,None,None,0,No active J-Curve setup.,Neutral,0,Not applicable,No directional setup; confirmation score not applicable.,Wide CPR,Wide Consolidation,Watch,Wide CPR + close inside CPR; consolidation/range watch,0,0,0,0
2026-09-30,2026-09-30,CM,NSE,STK,30835,INE600A01035,PILITA,EQ,,,,,PIL ITALICA LIFESTYLE LTD,7.7,7.7,7.17,7.52,7.63,7.34,,7.52,,,45283,334831.66,163,F1,1,,,,,,Cash Only,Diversified,False,7.71,7.3,7.34,7.45,7.505,7.3950000000000005,7.505,7.3950000000000005,0.10999999999999943,1.4986376021798289,Wide,Bearish,Above CPR,7.463333333333334,7.4350000000000005,7.491666666666667,7.491666666666667,7.4350000000000005,0.05666666666666664,0.7535460992907799,Wide,False,False,0.9166666666666666,60,592154.745,False,False,Lower,True,Risk Off,False,None,0.41571428571428565,8.0502,7.963100000000001,0.26460481099656225,0.5654462162588936,False,False,No setup,0.0,None,None,0,No active J-Curve setup.,Neutral,0,Not applicable,No directional setup; confirmation score not applicable.,Wide CPR,Wide Upside Watch,Watch,Wide CPR + close above CPR; trend opposes; participation light,0,0,-2,-2
2026-09-30,2026-09-30,CM,NSE,STK,18979,INE562X01013,UNIVASTU,BE,,,,,UNIVASTU INDIA LIMITED,123.5,132.96,123.5,132.96,132.96,126.63,,132.96,,,57992,7645281.4,332,F1,1,,,,,,Cash Only,Diversified,False,132.79,126.16,126.63,128.52666666666667,129.475,127.57833333333335,129.475,127.57833333333335,1.896666666666647,1.4978019953144177,Wide,Bearish,Above CPR,129.8066666666667,128.23000000000002,131.38333333333338,131.38333333333338,128.23000000000002,3.1533333333333644,2.3716405936622778,Wide,False,False,0.5833333333333334,60,8850128.620000001,False,False,Lower,True,Risk Off,False,None,7.641428571428575,109.30060000000002,88.0465,0.24820838786065663,0.8638610497391844,True,True,No setup,0.0,None,None,0,No active J-Curve setup.,Neutral,0,Not applicable,No directional setup; confirmation score not applicable.,Wide CPR,Wide Upside Watch,Watch,Wide CPR + close above CPR; trend aligned; participation light,0,0,0,0
2026-09-30,2026-09-30,CM,NSE,STK,2331,INE854B01010,JAYNECOIND,EQ,,,,,JAYASWAL NECO INDUSTR LTD,93.7,96.38,92.0,92.79,92.8,92.66,,92.76,,,5628555,533756154.77,37801,F1,1,,,,,,Cash Only,Diversified,False,94.4,86.77,92.66,91.27666666666669,90.58500000000001,91.96833333333336,91.96833333333336,90.58500000000001,1.3833333333333542,1.4929131592201101,Wide,Bullish,Above CPR,93.72333333333334,94.19,93.25666666666669,94.19,93.25666666666669,0.9333333333333087,1.0058555160397764,Wide,False,False,0.03333333333333333,60,281618544.89,True,True,Higher,True,Risk Off,True,Bullish Virgin,2.837142857142858,91.5922,93.1733,0.4875797247398528,1.8953160736573111,True,False,No setup,0.0,None,None,0,No active J-Curve setup.,Neutral,0,Not applicable,No directional setup; confirmation score not applicable.,Wide CPR,Wide Upside Watch,Watch,Wide CPR + close above CPR; trend mixed; participation confirmed,0,0,-2,-2
2026-09-30,2026-09-30,CM,NSE,STK,21501,INE285J01028,SIS,EQ,,,,,SIS LIMITED,416.4,424.0,415.8,419.1,419.15,418.65,,419.1,,,321349,135282574.4,18966,F1,1,,,,,,Cash Only,Diversified,False,424.4,394.15,418.65,412.3999999999999,409.275,415.52499999999986,415.52499999999986,409.275,6.249999999999886,1.4928938253911113,Wide,Bullish,Above CPR,419.6333333333334,419.9,419.3666666666668,419.9,419.3666666666668,0.5333333333331893,0.12725682017017162,Narrow,False,False,0.95,60,73673328.475,False,False,Lower,True,Risk Off,False,Bullish Virgin,15.317857142857147,425.515,420.78799999999995,0.4080205176031634,1.8362489818266625,False,False,No setup,0.0,None,None,0,No active J-Curve setup.,Neutral,0,Not applicable,No directional setup; confirmation score not applicable.,Wide CPR,Wide Upside Watch,Watch,Wide CPR + close above CPR; trend opposes; participation confirmed,0,0,0,0
2026-09-30,2026-09-30,CM,NSE,STK,27084,INE0CJD01029,KMEW,EQ,,,,,KNOWLEDGE MARINE & EN W L,3106.3,3170.0,2986.0,3041.5,3010.0,3064.8,,3041.59,,,217728,670937586.7,24515,F1,1,,,,,,Cash Only,Diversified,False,3099.9,2892.7,3064.8,3019.1333333333337,2996.3,3041.966666666667,3041.966666666667,2996.3,45.66666666666697,1.4900374140781443,Wide,Bullish,Inside CPR,3065.8333333333335,3078.0,3053.666666666667,3078.0,3053.666666666667,24.33333333333303,0.8000438380185116,Wide,False,False,0.6,60,184255083.1,False,False,Higher,True,Risk Off,False,None,146.1,2747.188,2432.9,0.31257129819758367,3.6413518444745696,True,True,No setup,0.0,None,None,0,No active J-Curve setup.,Neutral,0,Not applicable,No directional setup; confirmation score not applicable.,Wide CPR,Wide Consolidation,Watch,Wide CPR + close inside CPR; consolidation/range watch,0,0,0,0
2026-09-30,2026-09-30,CM,NSE,STK,4775,INE891B01012,DCMFINSERV,EQ,,,,,DCM FINANCIAL SERVICES LT,4.93,5.15,4.85,5.07,5.09,4.93,,5.07,,,23478,118243.48,250,F1,1,,,,,,Cash Only,Financial Services,False,5.2,4.88,4.93,5.003333333333333,5.04,4.966666666666666,5.04,4.966666666666666,0.07333333333333414,1.4874915483434918,Wide,Bearish,Above CPR,5.023333333333333,5.0,5.046666666666667,5.046666666666667,5.0,0.046666666666666856,0.9204470742932317,Wide,False,False,0.6833333333333333,60,52597.61,False,False,Outside,True,Risk Off,False,None,0.36428571428571427,5.3648,5.0091,0.2013071895424859,2.24807705140975,False,True,No setup,0.0,None,None,0,No active J-Curve setup.,Neutral,0,Not applicable,No directional setup; confirmation score not applicable.,Wide CPR,Wide Upside Watch,Watch,Wide CPR + close above CPR; trend mixed; participation confirmed,0,0,0,0
2026-09-30,2026-09-30,CM,NSE,STK,759239,INE734I01027,FINKURVE,EQ,,,,,FINKURVE FINANCIAL SERV L,69.9,71.2,67.45,67.92,68.0,69.37,,68.02,,,42160,2894341.86,971,F1,1,,,,,,Cash Only,Diversified,False,73.02,68.8,69.37,70.39666666666666,70.91,69.88333333333333,70.91,69.88333333333333,1.0266666666666708,1.4799865455768644,Wide,Bearish,Below CPR,68.85666666666667,69.325,68.38833333333334,69.325,68.38833333333334,0.9366666666666674,1.3790734197094632,Wide,False,False,0.36666666666666664,60,4042958.965,False,False,Higher,True,Risk Off,False,None,4.51,68.4304,67.03240000000001,0.22764227642276516,0.715896917346031,False,True,No setup,0.0,None,None,0,No active J-Curve setup.,Neutral,0,Not applicable,No directional setup; confirmation score not applicable.,Wide CPR,Wide Downside Watch,Watch,Wide CPR + close below CPR; trend mixed; participation light,0,0,0,0
2026-09-30,2026-09-30,CM,NSE,STK,20854,INE330T01021,HAPPYFORGE,EQ,,,,,HAPPY FORGINGS LIMITED,2079.0,2107.0,2050.0,2067.2,2065.1,2074.8,,2067.18,,,57822,120511351.0,10112,F1,1,,,,,,Cash Only,Automobile & Ancillary,False,2096.5,1961.0,2074.8,2044.1000000000001,2028.75,2059.4500000000003,2059.4500000000003,2028.75,30.700000000000273,1.479660690187019,Wide,Bullish,Above CPR,2074.733333333333,2078.5,2070.9666666666662,2078.5,2070.9666666666662,7.533333333333758,0.3644220846233436,Moderate,False,False,0.8333333333333334,60,140442468.14999998,False,False,Lower,True,Risk Off,False,None,83.17857142857152,2038.098,1747.958,0.3690854443967397,0.8580834030293992,True,True,No setup,0.0,None,None,0,No active J-Curve setup.,Neutral,0,Not applicable,No directional setup; confirmation score not applicable.,Wide CPR,Wide Upside Watch,Watch,Wide CPR + close above CPR; trend aligned; participation light,0,0,0,0
2026-09-30,2026-09-30,CM,NSE,STK,761270,INE598D01035,ALGOQUANT,EQ,,,,,ALGOQUANT FINTECH LIMITED,65.15,69.1,65.15,66.03,65.8,65.64,,66.03,,,1174607,78551561.07,6939,F1,1,,,,,,Cash Only,Diversified,False,69.4,64.79,65.64,66.61,67.095,66.125,67.095,66.125,0.9699999999999989,1.4777574649603882,Wide,Bearish,Below CPR,66.76,67.125,66.39500000000001,67.125,66.39500000000001,0.7299999999999898,1.1055580796607447,Wide,False,False,0.8,60,82136892.12,False,False,Lower,True,Risk Off,False,None,3.8449999999999998,66.893,62.499,0.25227568270481115,0.9563493217546881,False,True,No setup,0.0,None,None,0,No active J-Curve setup.,Neutral,0,Not applicable,No directional setup; confirmation score not applicable.,Wide CPR,Wide Downside Watch,Watch,Wide CPR + close below CPR; trend mixed; participation light,0,2,0,2
2026-09-30,2026-09-30,CM,NSE,STK,18118,INE085J01014,THANGAMAYL,EQ,,,,,THANGAMAYIL JEWELLERY LTD,5210.5,5240.0,5050.0,5062.0,5075.0,5204.5,,5062.07,,,38301,196369329.5,11129,F1,1,,,,,,Cash Only,Diversified,False,5262.0,4916.5,5204.5,5127.666666666667,5089.25,5166.083333333334,5166.083333333334,5089.25,76.83333333333394,1.476286546898529,Wide,Bullish,Below CPR,5117.333333333333,5145.0,5089.666666666666,5145.0,5089.666666666666,55.33333333333394,1.0931120769129583,Wide,False,False,0.5,60,692647984.5,False,False,Outside,True,Risk Off,False,None,204.67857142857142,5463.92,5334.91,0.3753853312394609,0.2835052348297131,False,False,No setup,0.0,None,None,0,No active J-Curve setup.,Neutral,0,Not applicable,No directional setup; confirmation score not applicable.,Wide CPR,Wide Downside Watch,Watch,Wide CPR + close below CPR; trend aligned; participation light,0,0,-2,-2
2026-09-30,2026-09-30,CM,NSE,STK,762737,INE081G01019,KANCHI,EQ,,,,,KANCHI KARPOORAM LTD.,383.05,394.85,380.0,388.05,392.2,391.0,,389.04,,,929,360343.85,142,F1,1,,,,,,Cash Only,Diversified,False,394.7,370.0,391.0,385.23333333333335,382.35,388.1166666666667,388.1166666666667,382.35,5.7666666666666515,1.4748508098891693,Wide,Bullish,Inside CPR,387.6333333333334,387.425,387.84166666666675,387.84166666666675,387.425,0.41666666666674246,0.10737447923379524,Narrow,False,False,0.37209302325581395,43,826722.75,False,False,Overlapping,True,Risk Off,False,None,16.239285714285707,,,0.3551059306502448,0.4358702479156404,False,False,No setup,0.0,None,None,0,No active J-Curve setup.,Neutral,0,Not applicable,No directional setup; confirmation score not applicable.,Wide CPR,Wide Consolidation,Watch,Wide CPR + close inside CPR; consolidation/range watch,0,0,0,0
2026-09-30,2026-09-30,CM,NSE,STK,1181,INE260B01028,GODFRYPHLP,EQ,,,,,GODFREY PHILLIPS INDIA LT,1882.5,1932.0,1882.1,1891.8,1891.8,1862.0,,1892.3,,,240882,461887292.1,22332,F1,1,,,,,,F&O + Cash,Fast Moving Consumer Goods,True,1944.2,1862.0,1862.0,1889.3999999999999,1903.1,1875.6999999999998,1903.1,1875.6999999999998,27.40000000000009,1.4715359828141832,Wide,Bearish,Inside CPR,1901.9666666666665,1907.05,1896.883333333333,1907.05,1896.883333333333,10.16666666666697,0.5374070550093546,Moderate,False,False,0.8833333333333333,60,381555538.04999995,False,False,Lower,True,Risk Off,False,None,47.47142857142858,2087.258,2163.8419999999996,0.5771892867890478,1.2105375129936475,False,False,No setup,0.0,None,None,0,No active J-Curve setup.,Neutral,0,Not applicable,No directional setup; confirmation score not applicable.,Wide CPR,Wide Consolidation,Watch,Wide CPR + close inside CPR; consolidation/range watch,0,0,0,0
2026-09-30,2026-09-30,CM,NSE,STK,13592,INE596H01014,HGM,EQ,,,,,HANDSON GBL MNGMNT LTD,43.4,43.4,42.05,42.56,42.5,42.85,,42.8,,,347,15026.87,18,F1,1,,,,,,Cash Only,Diversified,False,43.5,40.31,42.85,42.22,41.905,42.535,42.535,41.905,0.6299999999999955,1.4702450408401295,Wide,Bullish,Above CPR,42.669999999999995,42.724999999999994,42.614999999999995,42.724999999999994,42.614999999999995,0.10999999999999943,0.25845864661654,Moderate,False,False,0.7666666666666667,60,169777.605,False,False,Outside,True,Risk Off,False,None,2.6164285714285715,47.218,51.3117,0.24078624078623903,0.08850914112023196,False,False,No setup,0.0,None,None,0,No active J-Curve setup.,Neutral,0,Not applicable,No directional setup; confirmation score not applicable.,Wide CPR,Wide Upside Watch,Watch,Wide CPR + close above CPR; trend opposes; participation light,0,0,0,0
2026-09-30,2026-09-30,CM,NSE,STK,2739,INE010A01011,PRSMJOHNSN,EQ,,,,,PRISM JOHNSON LIMITED,109.89,111.29,108.25,108.74,108.9,109.27,,108.74,,,221376,24361976.9,4520,F1,1,,,,,,Cash Only,Diversified,False,115.15,108.2,109.27,110.87333333333333,111.67500000000001,110.07166666666666,111.67500000000001,110.07166666666666,1.603333333333353,1.467313382752222,Wide,Bearish,Below CPR,109.42666666666668,109.77000000000001,109.08333333333334,109.77000000000001,109.08333333333334,0.6866666666666674,0.6314756912513035,Moderate,False,False,0.8333333333333334,60,29626941.22,False,False,Lower,True,Risk Off,False,None,3.2142857142857144,110.6842,114.84700000000001,0.49881481481482093,0.8222913300126363,False,False,No setup,0.0,None,None,0,No active J-Curve setup.,Neutral,0,Not applicable,No directional setup; confirmation score not applicable.,Wide CPR,Wide Downside Watch,Watch,Wide CPR + close below CPR; trend aligned; participation light,0,0,0,0
2026-09-30,2026-09-30,CM,NSE,STK,760259,INE0E7301029,WAKEFIT,EQ,,,,,WAKEFIT INNOVATIONS LTD,144.06,144.93,140.8,143.82,141.9,144.06,,143.79,,,215953,30972154.27,3422,F1,1,,,,,,Cash Only,Diversified,False,145.1,136.7,144.06,141.95333333333332,140.89999999999998,143.00666666666666,143.00666666666666,140.89999999999998,2.1066666666666833,1.4623536489425817,Wide,Bullish,Above CPR,143.18333333333334,142.865,143.50166666666667,143.50166666666667,142.865,0.6366666666666561,0.44268298335882084,Moderate,False,False,0.5166666666666667,60,117380170.805,True,False,Overlapping,True,Risk Off,False,None,5.9350000000000005,138.5146,132.30450000000002,0.35495647290087334,0.263861894710079,True,True,No setup,0.0,None,None,0,No active J-Curve setup.,Neutral,0,Not applicable,No directional setup; confirmation score not applicable.,Wide CPR,Wide Upside Watch,Watch,Wide CPR + close above CPR; trend aligned; participation light,0,0,0,0
2026-09-30,2026-09-30,CM,NSE,STK,764870,INE304D01012,SAMBANDAM,EQ,,,,,SAMBANDAM SPINNING MILL L,109.98,114.7,105.1,111.4,111.4,109.98,,111.4,,,576,64988.17,22,F1,1,,,,,,Cash Only,Diversified,False,110.15,105.0,109.98,108.37666666666667,107.575,109.17833333333333,109.17833333333333,107.575,1.6033333333333246,1.4578408195429393,Wide,Bullish,Above CPR,110.40000000000002,109.9,110.90000000000003,110.90000000000003,109.9,1.0000000000000284,0.8976660682226467,Wide,False,False,0.5555555555555556,28,71813.33,False,False,Lower,True,Risk Off,False,None,4.067857142857144,,,0.3941469124963396,0.9049597059487423,False,False,No setup,0.0,None,None,0,No active J-Curve setup.,Neutral,0,Not applicable,No directional setup; confirmation score not applicable.,Wide CPR,Wide Upside Watch,Watch,Wide CPR + close above CPR; trend opposes; participation light,0,0,0,0
2026-09-30,2026-09-30,CM,NSE,STK,11732,INE025A01027,CONSOFINVT,BE,,,,,CONSO. FIN. & HOLD. LTD.,292.1,299.85,280.0,293.9,296.9,289.3,,293.9,,,1868,536843.1,45,F1,1,,,,,,Cash Only,Diversified,False,289.9,276.05,289.3,285.0833333333333,282.975,287.1916666666666,287.1916666666666,282.975,4.216666666666583,1.4575411913814666,Wide,Bullish,Above CPR,291.25,289.925,292.575,292.575,289.925,2.6499999999999773,0.9016672337529695,Wide,False,False,0.7333333333333333,60,1782690.555,False,False,Overlapping,True,Risk Off,False,None,11.796428571428565,262.9522,233.3582,0.35745282066807266,0.3011420565920932,True,True,No setup,0.0,None,None,0,No active J-Curve setup.,Neutral,0,Not applicable,No directional setup; confirmation score not applicable.,Wide CPR,Wide Upside Watch,Watch,Wide CPR + close above CPR; trend aligned; participation light,0,0,0,0
2026-09-30,2026-09-30,CM,NSE,STK,1663,INE209A01019,SUNDROP,EQ,,,,,SUNDROP BRANDS LIMITED,758.25,761.9,740.0,745.2,749.0,750.75,,745.02,,,6739,5017857.75,502,F1,1,,,,,,Cash Only,Diversified,False,753.0,715.95,750.75,739.9,734.475,745.3249999999999,745.3249999999999,734.475,10.849999999999909,1.4452214452214331,Wide,Bullish,Inside CPR,749.0333333333334,750.95,747.1166666666668,750.95,747.1166666666668,3.8333333333332575,0.5144032921810597,Moderate,False,False,0.9333333333333333,60,10786819.825,False,False,Overlapping,True,Risk Off,False,None,32.11428571428571,673.5939999999999,665.716,0.33785587188611826,0.46518416284013536,True,True,No setup,0.0,None,None,0,No active J-Curve setup.,Neutral,0,Not applicable,No directional setup; confirmation score not applicable.,Wide CPR,Wide Consolidation,Watch,Wide CPR + close inside CPR; consolidation/range watch,0,0,0,0
2026-09-30,2026-09-30,CM,NSE,STK,2972,INE142Z01019,ORIENTELEC,EQ,,,,,ORIENT ELECTRIC LIMITED,156.9,159.46,156.6,158.11,157.05,156.62,,158.1,,,128698,20332403.94,3246,F1,1,,,,,,Cash Only,Diversified,False,165.0,155.0,156.62,158.87333333333333,160.0,157.74666666666667,160.0,157.74666666666667,2.2533333333333303,1.4387264291491062,Wide,Bearish,Inside CPR,158.05666666666667,158.03,158.08333333333334,158.08333333333334,158.03,0.05333333333334167,0.03373179010394135,Narrow,False,False,0.38333333333333336,60,26490460.134999998,True,False,Lower,True,Risk Off,False,None,4.763571428571429,176.58919999999998,178.6468,0.473034437946718,0.7675368353883825,False,False,No setup,0.0,None,None,0,No active J-Curve setup.,Neutral,0,Not applicable,No directional setup; confirmation score not applicable.,Wide CPR,Wide Consolidation,Watch,Wide CPR + close inside CPR; consolidation/range watch,0,0,0,0
2026-09-30,2026-09-30,CM,NSE,STK,15404,INE09KD01013,ATAM,EQ,,,,,ATAM VALVES LIMITED,56.01,58.6,55.01,56.34,57.2,54.91,,56.34,,,12689,731056.89,251,F1,1,,,,,,Cash Only,Diversified,False,57.74,54.45,54.91,55.699999999999996,56.095,55.30499999999999,56.095,55.30499999999999,0.7900000000000063,1.4387179020215013,Wide,Bearish,Above CPR,56.65,56.805,56.495,56.805,56.495,0.3100000000000023,0.5502307419240366,Moderate,False,False,0.8166666666666667,60,520067.74,False,False,Lower,True,Risk Off,False,None,3.7357142857142867,59.6224,65.3331,0.21147227533460966,1.4056955157418531,False,False,No setup,0.0,None,None,0,No active J-Curve setup.,Neutral,0,Not applicable,No directional setup; confirmation score not applicable.,Wide CPR,Wide Upside Watch,Watch,Wide CPR + close above CPR; trend opposes; participation confirmed,0,0,0,0
2026-09-30,2026-09-30,CM,NSE,STK,19525,INE886A01014,IITL,EQ,,,,,INDUSTRIAL INV TRUST LTD,127.69,139.25,127.52,133.26,134.0,125.64,,133.26,,,113106,14853485.13,1541,F1,1,,,,,,Cash Only,Diversified,False,132.85,123.85,125.64,127.44666666666666,128.35,126.54333333333332,128.35,126.54333333333332,1.806666666666672,1.4379709222116142,Wide,Bearish,Above CPR,133.34333333333333,133.385,133.30166666666668,133.385,133.30166666666668,0.08333333333331439,0.06253439391663995,Narrow,False,False,0.85,60,14458229.195,False,False,Lower,True,Risk Off,False,None,8.506428571428573,144.245,143.2384,0.21238838973325552,1.0273377831869404,False,False,No setup,0.0,None,None,0,No active J-Curve setup.,Neutral,0,Not applicable,No directional setup; confirmation score not applicable.,Wide CPR,Wide Upside Watch,Watch,Wide CPR + close above CPR; trend opposes; participation confirmed,0,0,0,0
2026-09-30,2026-09-30,CM,NSE,STK,9668,INE475B01022,HIKAL,EQ,,,,,HIKAL LIMITED,217.0,223.0,216.65,217.89,217.68,218.05,,217.89,,,411937,90826266.95,8973,F1,1,,,,,,Cash Only,Diversified,False,219.5,207.21,218.05,214.92,213.35500000000002,216.48499999999996,216.48499999999996,213.35500000000002,3.1299999999999386,1.435450584728245,Wide,Bullish,Above CPR,219.17999999999998,219.825,218.53499999999997,219.825,218.53499999999997,1.2900000000000205,0.5920418559823859,Moderate,False,False,0.9,60,83448867.985,False,False,Lower,True,Risk Off,False,Bullish Virgin,12.559285714285718,219.8482,214.3948,0.24921799465392214,1.0884062197982853,False,True,No setup,0.0,None,None,0,No active J-Curve setup.,Neutral,0,Not applicable,No directional setup; confirmation score not applicable.,Wide CPR,Wide Upside Watch,Watch,Wide CPR + close above CPR; trend mixed; participation confirmed,0,0,0,0
2026-09-30,2026-09-30,CM,NSE,STK,25844,INE0V6F01027,HYUNDAI,EQ,,,,,HYUNDAI MOTOR INDIA LTD,2060.0,2084.6,2026.7,2031.0,2031.0,2100.0,,2031.03,,,644391,1327390039.5,52815,F1,1,,,,,,F&O + Cash,Automobile and Auto Components,True,2100.0,2009.6,2100.0,2069.866666666667,2054.8,2084.9333333333334,2084.9333333333334,2054.8,30.133333333333212,1.4349206349206292,Wide,Bullish,Below CPR,2047.4333333333334,2055.65,2039.2166666666667,2055.65,2039.2166666666667,16.433333333333394,0.8091252256688032,Wide,False,False,0.9,60,1389912711.85,False,False,Lower,True,Risk Off,False,None,63.82142857142863,2151.402,2036.7820000000002,0.4721507181495966,0.9550168353617106,False,False,No setup,0.0,None,None,0,No active J-Curve setup.,Neutral,0,Not applicable,No directional setup; confirmation score not applicable.,Wide CPR,Wide Downside Watch,Watch,Wide CPR + close below CPR; trend aligned; participation light,0,0,0,0
2026-09-30,2026-09-30,CM,NSE,STK,1110,INE688Y01022,DANGEE,EQ,,,,,DANGEE DUMS LIMITED,2.85,3.0,2.8,2.92,2.95,2.79,,2.92,,,102268,298829.5,238,F1,1,,,,,,Cash Only,Diversified,False,2.96,2.74,2.79,2.83,2.85,2.81,2.85,2.81,0.040000000000000036,1.4336917562724028,Wide,Bearish,Above CPR,2.9066666666666663,2.9,2.9133333333333327,2.9133333333333327,2.9,0.013333333333332753,0.45662100456619015,Moderate,False,False,1.0,60,127757.76000000001,False,False,Lower,True,Risk Off,False,None,0.20142857142857132,2.8922,3.0633000000000004,0.19858156028368823,2.339032086974599,True,False,No setup,0.0,None,None,0,No active J-Curve setup.,Neutral,0,Not applicable,No directional setup; confirmation score not applicable.,Wide CPR,Wide Upside Watch,Watch,Wide CPR + close above CPR; trend mixed; participation confirmed,0,0,0,0
2026-09-30,2026-09-30,CM,NSE,STK,20560,INE325C01035,DOLLAR,EQ,,,,,DOLLAR INDUSTRIES LIMITED,278.2,285.9,276.0,277.25,279.0,280.25,,277.25,,,210742,59473350.05,3296,F1,1,,,,,,Cash Only,Diversified,False,282.95,265.5,280.25,276.23333333333335,274.225,278.2416666666667,278.2416666666667,274.225,4.0166666666666515,1.4332441272673155,Wide,Bullish,Inside CPR,279.71666666666664,280.95,278.4833333333333,280.95,278.4833333333333,2.466666666666697,0.8896904117823975,Wide,False,False,0.35,60,22857398.75,False,False,Higher,True,Risk Off,False,None,10.03214285714284,268.92,266.7875,0.4003797318144052,2.6019299352687715,True,True,No setup,0.0,None,None,0,No active J-Curve setup.,Neutral,0,Not applicable,No directional setup; confirmation score not applicable.,Wide CPR,Wide Consolidation,Watch,Wide CPR + close inside CPR; consolidation/range watch,0,0,0,0
2026-09-30,2026-09-30,CM,NSE,STK,5516,INE696V01013,JAIPURKURT,EQ,,,,,NANDANI CREATION LIMITED,27.0,27.0,25.02,26.69,26.75,25.86,,26.69,,,48210,1274819.12,217,F1,1,,,,,,Cash Only,Diversified,False,26.0,24.61,25.86,25.49,25.305,25.674999999999997,25.674999999999997,25.305,0.36999999999999744,1.4307811291569894,Wide,Bullish,Above CPR,26.236666666666665,26.009999999999998,26.46333333333333,26.46333333333333,26.009999999999998,0.45333333333333314,1.6985138004246276,Wide,False,False,0.6666666666666666,60,181609.055,False,False,Overlapping,True,Risk Off,False,None,1.3185714285714287,26.382599999999996,27.8725,0.28060671722643354,7.019579062288497,True,False,No setup,0.0,None,None,0,No active J-Curve setup.,Neutral,0,Not applicable,No directional setup; confirmation score not applicable.,Wide CPR,Wide Upside Watch,Watch,Wide CPR + close above CPR; trend mixed; participation confirmed,0,0,0,0
2026-09-30,2026-09-30,CM,NSE,STK,18018,INE224E01028,GATECH,BE,,,,,GACM TECHNOLOGIES LIMITED,0.7,0.73,0.67,0.68,0.7,0.7,,0.68,,,21658907,14891335.6,5707,F1,1,,,,,,Cash Only,Information Technology,False,0.73,0.7,0.7,0.71,0.715,0.705,0.715,0.705,0.010000000000000009,1.42857142857143,Wide,Bearish,Below CPR,0.6933333333333334,0.7,0.6866666666666668,0.7,0.6866666666666668,0.013333333333333197,1.9607843137254701,Wide,False,False,0.9333333333333333,60,3465066.875,False,False,Higher,True,Risk Off,False,None,0.03714285714285714,0.626,0.5677,0.2692307692307695,4.297560808260013,True,True,No setup,0.0,None,None,0,No active J-Curve setup.,Neutral,0,Not applicable,No directional setup; confirmation score not applicable.,Wide CPR,Wide Downside Watch,Watch,Wide CPR + close below CPR; trend opposes; participation confirmed,0,0,0,0
2026-09-30,2026-09-30,CM,NSE,STK,19097,INE203Y01012,CRESTO,EQ,,,,,CRESTO TECHNO LIMITED,23.99,23.99,22.93,23.21,22.94,23.59,,23.21,,,53671,1268255.96,286,F1,1,,,,,,Cash Only,Diversified,False,23.97,22.2,23.59,23.253333333333334,23.085,23.421666666666667,23.421666666666667,23.085,0.336666666666666,1.427158400452166,Wide,Bullish,Inside CPR,23.376666666666665,23.46,23.29333333333333,23.46,23.29333333333333,0.1666666666666714,0.7180812868016864,Moderate,False,False,0.5833333333333334,13,966616.15,True,False,Higher,False,Risk Off,False,None,,,,,1.3120574904526476,False,False,No setup,0.0,None,None,0,No active J-Curve setup.,Neutral,0,Not applicable,No directional setup; confirmation score not applicable.,Wide CPR,Wide Consolidation,Watch,Wide CPR + close inside CPR; consolidation/range watch,0,0,0,0
2026-09-30,2026-09-30,CM,NSE,STK,764397,INE0OWZ01020,MVELECTRO,EQ,,,,,MV ELECTROSYSTEMS LIMITED,840.3,843.4,811.55,818.15,818.0,838.05,,818.15,,,433635,358563051.75,15079,F1,1,,,,,,Cash Only,Diversified,False,859.0,781.3,838.05,826.1166666666667,820.15,832.0833333333334,832.0833333333334,820.15,11.933333333333394,1.4239404967881861,Wide,Bullish,Below CPR,824.3666666666667,827.4749999999999,821.2583333333334,827.4749999999999,821.2583333333334,6.21666666666647,0.7598443643178475,Wide,False,False,0.42105263157894735,38,1385808756.9,False,False,Higher,True,Risk Off,False,None,67.08928571428574,,,0.17787241593470052,0.2587392019026431,False,False,No setup,0.0,None,None,0,No active J-Curve setup.,Neutral,0,Not applicable,No directional setup; confirmation score not applicable.,Wide CPR,Wide Downside Watch,Watch,Wide CPR + close below CPR; trend aligned; participation light,0,0,0,0
2026-09-30,2026-09-30,CM,NSE,STK,2275,INE01GN01025,IRISDOREME,EQ,,,,,IRIS CLOTHINGS LIMITED,62.8,63.48,61.0,61.55,61.4,62.8,,61.55,,,155703,9701413.0,2340,F1,1,,,,,,Cash Only,Diversified,False,66.17,62.11,62.8,63.69333333333333,64.14,63.246666666666655,64.14,63.246666666666655,0.8933333333333451,1.422505307855645,Wide,Bearish,Below CPR,62.00999999999999,62.239999999999995,61.77999999999999,62.239999999999995,61.77999999999999,0.46000000000000796,0.7473598700243834,Moderate,False,False,1.0,60,38292579.230000004,False,False,Lower,True,Risk Off,False,None,3.5450000000000004,57.51259999999999,48.4015,0.25199811941702255,0.25334968798339674,True,True,No setup,0.0,None,None,0,No active J-Curve setup.,Neutral,0,Not applicable,No directional setup; confirmation score not applicable.,Wide CPR,Wide Downside Watch,Watch,Wide CPR + close below CPR; trend opposes; participation light,0,2,0,2
2026-09-30,2026-09-30,CM,NSE,STK,29439,INE822E01011,SUPREME,EQ,,,,,SUPREME HOLDIN N HOSP I L,29.84,30.89,29.48,30.42,30.53,29.77,,30.42,,,12129,367090.92,148,F1,1,,,,,,Cash Only,Diversified,False,31.75,29.06,29.77,30.19333333333333,30.405,29.981666666666662,30.405,29.981666666666662,0.4233333333333391,1.422013212406245,Wide,Bearish,Above CPR,30.263333333333335,30.185000000000002,30.34166666666667,30.34166666666667,30.185000000000002,0.1566666666666663,0.5150120534735907,Moderate,False,False,0.6833333333333333,60,870448.56,False,False,Lower,True,Risk Off,False,None,2.397857142857144,39.202000000000005,43.3648,0.1765465197100609,0.42172615002085817,False,False,No setup,0.0,None,None,0,No active J-Curve setup.,Neutral,0,Not applicable,No directional setup; confirmation score not applicable.,Wide CPR,Wide Upside Watch,Watch,Wide CPR + close above CPR; trend opposes; participation light,0,0,0,0
2026-09-30,2026-09-30,CM,NSE,STK,762762,INE515C01023,LAHOTIOV,EQ,,,,,LAHOTI OVERSEAS LTD.,40.0,42.0,40.0,41.25,41.25,39.26,,41.62,,,7759,317832.91,46,F1,1,,,,,,Cash Only,Diversified,False,41.0,39.19,39.26,39.81666666666666,40.095,39.53833333333333,40.095,39.53833333333333,0.556666666666672,1.4178977755136832,Wide,Bearish,Above CPR,41.083333333333336,41.0,41.16666666666667,41.16666666666667,41.0,0.1666666666666714,0.40404040404041547,Moderate,False,False,0.16666666666666666,60,147937.28499999997,True,False,Overlapping,True,Risk Off,True,None,1.9342857142857137,41.58519999999999,42.7861,0.2877892663712485,2.148430059399833,False,False,No setup,0.0,None,None,0,No active J-Curve setup.,Neutral,0,Not applicable,No directional setup; confirmation score not applicable.,Wide CPR,Wide Upside Watch,Watch,Wide CPR + close above CPR; trend opposes; participation confirmed,0,0,0,0
2026-09-30,2026-09-30,CM,NSE,STK,9652,INE750D01016,RELCHEMQ,EQ,,,,,RELIANCE CHEMOTEX IND LTD,115.0,116.85,113.18,116.23,116.79,113.09,,115.63,,,1280,147279.16,73,F1,1,,,,,,Cash Only,Chemicals & Fertilizers,False,118.99,112.0,113.09,114.69333333333334,115.495,113.89166666666668,115.495,113.89166666666668,1.6033333333333246,1.4177498747310324,Wide,Bearish,Above CPR,115.42,115.015,115.825,115.825,115.015,0.8100000000000023,0.696894089305689,Moderate,False,False,0.6833333333333333,60,337038.835,False,False,Lower,True,Risk Off,False,None,6.774285714285716,119.2562,123.9391,0.23667931955574167,0.4369797919578021,False,False,No setup,0.0,None,None,0,No active J-Curve setup.,Neutral,0,Not applicable,No directional setup; confirmation score not applicable.,Wide CPR,Wide Upside Watch,Watch,Wide CPR + close above CPR; trend opposes; participation light,0,0,0,0
2026-09-30,2026-09-30,CM,NSE,STK,6136,INE731U01028,DIGJAMLMTD,BE,,,,,DIGJAM LTD,49.5,51.94,49.1,50.46,50.46,49.5,,50.46,,,1729,87366.74,25,F1,1,,,,,,Cash Only,Diversified,False,52.0,49.1,49.5,50.199999999999996,50.55,49.849999999999994,50.55,49.849999999999994,0.7000000000000028,1.41414141414142,Wide,Bearish,Inside CPR,50.5,50.519999999999996,50.480000000000004,50.519999999999996,50.480000000000004,0.03999999999999204,0.07927070947283402,Narrow,False,False,0.43333333333333335,60,357506.20999999996,True,True,Lower,True,Risk Off,False,None,4.424285714285714,51.214000000000006,48.297799999999995,0.1582176299644824,0.24437824450657797,False,True,No setup,0.0,None,None,0,No active J-Curve setup.,Neutral,0,Not applicable,No directional setup; confirmation score not applicable.,Wide CPR,Wide Consolidation,Watch,Wide CPR + close inside CPR; consolidation/range watch,0,0,0,0
2026-09-30,2026-09-30,CM,NSE,STK,3906,INE475E01026,CAPLIPOINT,EQ,,,,,CAPLIN POINT LAB LTD.,2760.1,2797.8,2663.3,2716.4,2710.0,2744.0,,2716.12,,,156298,422709374.5,23175,F1,1,,,,,,Cash Only,Healthcare,True,2869.0,2735.0,2744.0,2782.6666666666665,2802.0,2763.333333333333,2802.0,2763.333333333333,38.66666666666697,1.4091350826044815,Wide,Bearish,Below CPR,2725.8333333333335,2730.55,2721.116666666667,2730.55,2721.116666666667,9.433333333333394,0.34727335198547316,Moderate,False,False,0.4166666666666667,60,258039676.39999998,False,False,Lower,True,Risk Off,False,None,114.98571428571434,2626.1739999999995,2459.8109999999997,0.33627365718308944,1.6381565052218459,True,True,No setup,0.0,None,None,0,No active J-Curve setup.,Neutral,0,Not applicable,No directional setup; confirmation score not applicable.,Wide CPR,Wide Downside Watch,Watch,Wide CPR + close below CPR; trend opposes; participation confirmed,0,0,0,0
2026-09-30,2026-09-30,CM,NSE,STK,25114,INE01FR01028,STYLEBAAZA,EQ,,,,,BAAZAR STYLE RETAIL LTD,409.0,409.0,384.75,384.75,384.75,405.0,,384.75,,,1886372,732116781.1,10513,F1,1,,,,,,Cash Only,Diversified,False,407.95,385.0,405.0,399.31666666666666,396.475,402.1583333333333,402.1583333333333,396.475,5.68333333333328,1.4032921810699457,Wide,Bullish,Below CPR,392.8333333333333,396.875,388.79166666666663,396.875,388.79166666666663,8.083333333333371,2.1009313406974326,Wide,False,False,0.7,60,353327902.45000005,False,False,Higher,True,Risk Off,False,None,18.274999999999995,393.20799999999997,348.8405,0.3109895120839005,2.0720604742038535,False,True,No setup,0.0,None,None,0,No active J-Curve setup.,Neutral,0,Not applicable,No directional setup; confirmation score not applicable.,Wide CPR,Wide Downside Watch,Watch,Wide CPR + close below CPR; trend mixed; participation confirmed,0,0,0,0
2026-09-30,2026-09-30,CM,NSE,STK,2112,INE882A01013,MARALOVER,EQ,,,,,MARAL OVERSEAS LTD,61.5,61.74,57.0,60.31,59.71,61.09,,60.32,,,23420,1393607.79,391,F1,1,,,,,,Cash Only,Diversified,False,64.75,60.0,61.09,61.946666666666665,62.375,61.51833333333333,62.375,61.51833333333333,0.8566666666666691,1.402302613630167,Wide,Bearish,Below CPR,59.68333333333334,59.370000000000005,59.99666666666667,59.99666666666667,59.370000000000005,0.6266666666666652,1.03907588570165,Wide,False,False,0.26666666666666666,60,649934.4450000001,False,False,Higher,True,Risk Off,False,None,4.272857142857143,54.30480000000001,48.3411,0.20049035996879583,2.1442282382802467,True,True,No setup,0.0,None,None,0,No active J-Curve setup.,Neutral,0,Not applicable,No directional setup; confirmation score not applicable.,Wide CPR,Wide Downside Watch,Watch,Wide CPR + close below CPR; trend opposes; participation confirmed,0,0,0,0
2026-09-30,2026-09-30,CM,NSE,STK,4732,INE411D01023,SKMEGGPROD,EQ,,,,,SKM EGG PROD EXPORT(I) LT,220.95,223.9,210.1,211.15,211.05,219.1,,211.14,,,187953,40401034.2,4074,F1,1,,,,,,Cash Only,Diversified,False,220.7,208.3,219.1,216.03333333333333,214.5,217.56666666666666,217.56666666666666,214.5,3.066666666666663,1.399665297428874,Wide,Bullish,Below CPR,215.04999999999998,217.0,213.09999999999997,217.0,213.09999999999997,3.900000000000034,1.8470281790196705,Wide,False,False,0.7833333333333333,60,73648136.805,False,False,Lower,True,Risk Off,False,None,8.639285714285714,254.68399999999997,252.54049999999998,0.35496761747278444,0.5485683135062984,False,False,No setup,0.0,None,None,0,No active J-Curve setup.,Neutral,0,Not applicable,No directional setup; confirmation score not applicable.,Wide CPR,Wide Downside Watch,Watch,Wide CPR + close below CPR; trend aligned; participation light,0,0,0,0
2026-09-30,2026-09-30,CM,NSE,STK,21427,INE924D01017,THEINVEST,EQ,,,,,THE INVEST TRUST OF IND L,92.34,94.74,91.25,93.45,93.7,90.53,,93.5,,,3646,337791.72,183,F1,1,,,,,,Cash Only,Diversified,False,94.86,90.0,90.53,91.79666666666667,92.43,91.16333333333333,92.43,91.16333333333333,1.26666666666668,1.3991678633234064,Wide,Bearish,Above CPR,93.14666666666666,92.995,93.29833333333332,93.29833333333332,92.995,0.30333333333331325,0.3245942571785053,Moderate,False,False,0.7166666666666667,60,407093.82999999996,False,False,Lower,True,Risk Off,False,None,4.015714285714286,96.5556,98.0125,0.31542748725246383,0.829763791802003,False,False,No setup,0.0,None,None,0,No active J-Curve setup.,Neutral,0,Not applicable,No directional setup; confirmation score not applicable.,Wide CPR,Wide Upside Watch,Watch,Wide CPR + close above CPR; trend opposes; participation light,0,0,0,0
2026-09-30,2026-09-30,CM,NSE,STK,17062,INE218G01033,PALREDTEC,EQ,,,,,PALRED TECHNOLOGIES LTD,45.44,45.9,43.7,43.86,45.68,45.99,,44.02,,,12703,557712.83,106,F1,1,,,,,,Cash Only,Diversified,False,46.05,44.0,45.99,45.346666666666664,45.025,45.66833333333333,45.66833333333333,45.025,0.6433333333333309,1.3988548235123524,Wide,Bullish,Below CPR,44.48666666666666,44.8,44.17333333333332,44.8,44.17333333333332,0.6266666666666794,1.4287885696914713,Wide,False,False,0.25,60,184575.965,False,False,Overlapping,True,Risk Off,True,None,3.0435714285714286,39.6244,39.2793,0.21137448173355156,3.0215896744735966,True,True,No setup,0.0,None,None,0,No active J-Curve setup.,Neutral,0,Not applicable,No directional setup; confirmation score not applicable.,Wide CPR,Wide Downside Watch,Watch,Wide CPR + close below CPR; trend opposes; participation confirmed,0,0,0,0
2026-09-30,2026-09-30,CM,NSE,STK,9253,INE937C01029,NILAINFRA,EQ,,,,,NILA INFRASTRUCTURES LTD,6.77,6.99,6.66,6.71,6.7,6.71,,6.71,,,117718,802451.29,594,F1,1,,,,,,Cash Only,Real Estate & Infra,False,7.04,6.66,6.71,6.803333333333334,6.85,6.756666666666668,6.85,6.756666666666668,0.09333333333333194,1.3909587680079276,Wide,Bearish,Below CPR,6.786666666666666,6.825,6.748333333333332,6.825,6.748333333333332,0.07666666666666799,1.1425732737208345,Wide,False,False,0.9333333333333333,60,1077321.075,False,False,Lower,True,Risk Off,False,None,0.3714285714285714,7.014599999999999,7.4312000000000005,0.25128205128204756,0.7448580637856732,False,False,No setup,0.0,None,None,0,No active J-Curve setup.,Neutral,0,Not applicable,No directional setup; confirmation score not applicable.,Wide CPR,Wide Downside Watch,Watch,Wide CPR + close below CPR; trend aligned; participation light,0,0,0,0
2026-09-30,2026-09-30,CM,NSE,STK,766005,INE644Q01039,GLASSWALL,EQ,,,,,GLASS WALL SYSTEM (I) LTD,283.4,293.28,276.01,282.0,280.56,286.55,,282.0,,,10083480,2856153605.64,101366,F1,1,,,,,,Cash Only,Building Materials,False,297.0,264.15,286.55,282.56666666666666,280.575,284.55833333333334,284.55833333333334,280.575,3.9833333333333485,1.3901006223463088,Wide,Bullish,Inside CPR,283.7633333333333,284.645,282.88166666666666,284.645,282.88166666666666,1.7633333333333212,0.6252955082742274,Moderate,False,False,0.1111111111111111,10,10493757415.805,True,True,Higher,False,Risk Off,False,None,,,,,0.272176446668974,False,False,No setup,0.0,None,None,0,No active J-Curve setup.,Neutral,0,Not applicable,No directional setup; confirmation score not applicable.,Wide CPR,Wide Consolidation,Watch,Wide CPR + close inside CPR; consolidation/range watch,0,0,0,0
2026-09-30,2026-09-30,CM,NSE,STK,10415,INE296G01013,MUTHOOTCAP,EQ,,,,,MUTHOOT CAP SERV LTD,219.32,221.5,216.52,218.9,217.03,217.07,,218.91,,,5699,1243141.3,387,F1,1,,,,,,Cash Only,Diversified,False,226.75,216.44,217.07,220.08666666666667,221.595,218.57833333333335,221.595,218.57833333333335,3.0166666666666515,1.3897206738225694,Wide,Bearish,Inside CPR,218.97333333333333,219.01,218.93666666666667,219.01,218.93666666666667,0.07333333333332348,0.03350083752093352,Narrow,False,False,0.8,60,3095276.5949999997,False,False,Lower,True,Risk Off,False,None,9.452142857142857,238.0664,222.2363,0.3191516159097191,0.4016252705842594,False,False,No setup,0.0,None,None,0,No active J-Curve setup.,Neutral,0,Not applicable,No directional setup; confirmation score not applicable.,Wide CPR,Wide Consolidation,Watch,Wide CPR + close inside CPR; consolidation/range watch,0,0,0,0
2026-09-30,2026-09-30,CM,NSE,STK,8817,INE00LM01029,SONAMLTD,BE,,,,,SONAM LIMITED,68.47,70.25,68.0,68.15,68.8,68.4,,68.15,,,117828,8112158.52,309,F1,1,,,,,,Cash Only,Diversified,False,71.9,67.75,68.4,69.35000000000001,69.825,68.87500000000001,69.825,68.87500000000001,0.9499999999999886,1.3888888888888722,Wide,Bearish,Below CPR,68.8,69.125,68.475,69.125,68.475,0.6500000000000057,0.9537784299339774,Wide,False,False,0.08333333333333333,60,2659834.08,True,True,Higher,True,Risk Off,True,None,3.8292857142857124,63.1954,58.8205,0.24808804327550546,3.0498738928858296,True,True,No setup,0.0,None,None,0,No active J-Curve setup.,Neutral,0,Not applicable,No directional setup; confirmation score not applicable.,Wide CPR,Wide Downside Watch,Watch,Wide CPR + close below CPR; trend opposes; participation confirmed,0,0,0,0
2026-09-30,2026-09-30,CM,NSE,STK,765105,INE348N01042,KDGREEN,EQ,,,,,KD GREEN INDUSTRIES LTD,49.0,49.0,46.82,47.72,48.26,48.53,,47.72,,,19545,935427.73,872,F1,1,,,,,,Cash Only,Diversified,False,48.88,46.16,48.53,47.85666666666666,47.519999999999996,48.19333333333333,48.19333333333333,47.519999999999996,0.673333333333332,1.3874579298028684,Wide,Bullish,Inside CPR,47.846666666666664,47.91,47.78333333333333,47.91,47.78333333333333,0.12666666666666515,0.2654372729812765,Moderate,False,False,0.8888888888888888,18,1938722.19,False,False,Lower,False,Risk Off,False,None,3.2721428571428572,,,0.20577748672051185,0.48249704616007927,False,False,No setup,0.0,None,None,0,No active J-Curve setup.,Neutral,0,Not applicable,No directional setup; confirmation score not applicable.,Wide CPR,Wide Consolidation,Watch,Wide CPR + close inside CPR; consolidation/range watch,0,0,0,0
2026-09-30,2026-09-30,CM,NSE,STK,9384,INE230B01021,CREATIVEYE,EQ,,,,,CREATIVE EYE LIMITED,6.15,6.75,5.85,6.12,6.14,6.03,,6.12,,,4878,30141.75,116,F1,1,,,,,,Cash Only,Diversified,False,6.18,5.63,6.03,5.946666666666666,5.904999999999999,5.988333333333333,5.988333333333333,5.904999999999999,0.08333333333333393,1.3819789939193023,Wide,Bullish,Above CPR,6.239999999999999,6.3,6.179999999999999,6.3,6.179999999999999,0.120000000000001,1.9607843137255065,Wide,False,False,0.9666666666666667,60,57346.145000000004,False,False,Lower,True,Risk Off,False,None,0.6157142857142857,6.091799999999999,6.3167,0.1353441608662036,0.5256107450640317,True,False,No setup,0.0,None,None,0,No active J-Curve setup.,Neutral,0,Not applicable,No directional setup; confirmation score not applicable.,Wide CPR,Wide Upside Watch,Watch,Wide CPR + close above CPR; trend mixed; participation light,0,0,0,0
2026-09-30,2026-09-30,CM,NSE,STK,765125,INE588G01021,MLKFOOD,EQ,,,,,MILKFOOD LTD.,84.24,85.99,81.0,83.36,85.9,84.24,,83.47,,,6097,510902.98,114,F1,1,,,,,,Cash Only,FMCG & Food Products,False,85.0,80.0,84.24,83.08,82.5,83.66,83.66,82.5,1.1599999999999966,1.3770180436847064,Wide,Bullish,Inside CPR,83.45,83.495,83.405,83.495,83.405,0.09000000000000341,0.1079654510556663,Narrow,False,False,1.0,31,368111.23,False,False,Higher,True,Risk Off,False,None,5.891428571428572,,,0.19689621726479087,1.3879038137467308,False,False,No setup,0.0,None,None,0,No active J-Curve setup.,Neutral,0,Not applicable,No directional setup; confirmation score not applicable.,Wide CPR,Wide Consolidation,Watch,Wide CPR + close inside CPR; consolidation/range watch,0,0,0,0
2026-09-30,2026-09-30,CM,NSE,STK,29472,INE004A01022,PROTEAN,EQ,,,,,PROTEAN EGOV TECHNO LTD,666.65,684.4,651.65,659.3,657.35,666.65,,659.17,,,574562,384474689.65,15711,F1,1,,,,,,Cash Only,FMCG & Food Products,False,699.4,661.35,666.65,675.8000000000001,680.375,671.2250000000001,680.375,671.2250000000001,9.149999999999864,1.3725343133578136,Wide,Bearish,Below CPR,665.1166666666667,668.025,662.2083333333334,668.025,662.2083333333334,5.816666666666606,0.8822488497901724,Wide,False,False,0.5,60,120833895.65,False,False,Inside,True,Risk Off,False,None,36.85357142857141,564.828,579.9245,0.24827987208062438,3.181844693343709,True,True,No setup,0.0,None,None,0,No active J-Curve setup.,Neutral,0,Not applicable,No directional setup; confirmation score not applicable.,Wide CPR,Wide Downside Watch,Watch,Wide CPR + close below CPR; trend opposes; participation confirmed,0,0,0,0
2026-09-30,2026-09-30,CM,NSE,STK,1313,INE544A01019,HARRMALAYA,EQ,,,,,HARRISON MALAYALAM LTD,179.88,184.0,172.52,179.13,180.5,175.61,,179.37,,,16158,2919562.16,518,F1,1,,,,,,Cash Only,Diversified,False,178.44,165.55,175.61,173.20000000000002,171.995,174.40500000000003,174.40500000000003,171.995,2.410000000000025,1.3723592050566737,Wide,Bullish,Above CPR,178.54999999999998,178.26,178.83999999999997,178.83999999999997,178.26,0.5799999999999841,0.32378719365822817,Moderate,False,False,0.9333333333333333,60,2098198.41,False,False,Overlapping,True,Risk Off,False,None,6.680000000000002,198.8058,203.33919999999998,0.36077844311377605,1.3914614299988912,False,False,No setup,0.0,None,None,0,No active J-Curve setup.,Neutral,0,Not applicable,No directional setup; confirmation score not applicable.,Wide CPR,Wide Upside Watch,Watch,Wide CPR + close above CPR; trend opposes; participation confirmed,0,0,0,0
2026-09-30,2026-09-30,CM,NSE,STK,1497,INE644Y01017,SHIVAMILLS,EQ,,,,,SHIVA MILLS LIMITED,61.5,61.5,58.0,58.14,58.03,60.0,,57.67,,,580,34107.15,18,F1,1,,,,,,Cash Only,Diversified,False,60.0,57.53,60.0,59.17666666666667,58.765,59.58833333333334,59.58833333333334,58.765,0.8233333333333377,1.3722222222222296,Wide,Bullish,Below CPR,59.21333333333333,59.75,58.67666666666666,59.75,58.67666666666666,1.0733333333333377,1.8461185643848257,Wide,False,False,0.6833333333333333,60,143356.655,False,False,Overlapping,True,Risk Off,False,None,3.0971428571428565,61.772,57.896300000000004,0.2658364083640851,0.23791814896908695,False,True,No setup,0.0,None,None,0,No active J-Curve setup.,Neutral,0,Not applicable,No directional setup; confirmation score not applicable.,Wide CPR,Wide Downside Watch,Watch,Wide CPR + close below CPR; trend mixed; participation light,0,0,0,0
2026-09-30,2026-09-30,CM,NSE,STK,16725,INE105J01010,RPGLIFE,EQ,,,,,RPG LIFE SCIENCES LTD,3103.6,3112.8,2986.0,3037.1,3041.4,3089.2,,3036.99,,,46586,141712639.3,9048,F1,1,,,,,,Cash Only,Diversified,False,3125.0,2926.3,3089.2,3046.8333333333335,3025.65,3068.016666666667,3068.016666666667,3025.65,42.36666666666679,1.37144460270189,Wide,Bullish,Inside CPR,3045.2999999999997,3049.4,3041.1999999999994,3049.4,3041.1999999999994,8.200000000000728,0.26999440255509294,Moderate,False,False,0.7833333333333333,60,40536525.25,False,False,Overlapping,True,Risk Off,False,None,168.25000000000006,2759.2340000000004,2566.619,0.25180782565626614,3.495924685848598,True,True,No setup,0.0,None,None,0,No active J-Curve setup.,Neutral,0,Not applicable,No directional setup; confirmation score not applicable.,Wide CPR,Wide Consolidation,Watch,Wide CPR + close inside CPR; consolidation/range watch,0,0,0,0
2026-09-30,2026-09-30,CM,NSE,STK,762712,INE640B01021,HBESD,EQ,,,,,H B ESTATE DEVELOPERS L,74.53,74.53,69.11,71.63,71.63,73.98,,71.63,,,200,14211.81,12,F1,1,,,,,,Cash Only,Diversified,False,75.9,69.02,73.98,72.96666666666668,72.46000000000001,73.47333333333336,73.47333333333336,72.46000000000001,1.0133333333333496,1.3697395692529732,Wide,Bullish,Below CPR,71.75666666666666,71.82,71.69333333333333,71.82,71.69333333333333,0.12666666666666515,0.17683465959327818,Narrow,False,False,0.8333333333333334,60,59635.235,False,False,Higher,True,Risk Off,False,None,4.800714285714286,74.5184,74.9429,0.21107970044140595,0.2383122997670756,False,False,No setup,0.0,None,None,0,No active J-Curve setup.,Neutral,0,Not applicable,No directional setup; confirmation score not applicable.,Wide CPR,Wide Downside Watch,Watch,Wide CPR + close below CPR; trend aligned; participation light,0,0,0,0
2026-09-30,2026-09-30,CM,NSE,STK,3247,INE439T01012,NITIRAJ,EQ,,,,,NITIRAJ ENGINEERS LTD,215.0,215.0,201.47,209.26,201.47,215.74,,209.26,,,1020,214873.9,48,F1,1,,,,,,Cash Only,Diversified,False,219.65,203.0,215.74,212.79666666666665,211.325,214.26833333333332,214.26833333333332,211.325,2.943333333333328,1.3642965297734904,Wide,Bullish,Below CPR,208.57666666666668,208.235,208.91833333333335,208.91833333333335,208.235,0.6833333333333371,0.3265475166459606,Moderate,False,False,0.8,60,583376.235,False,False,Lower,True,Risk Off,False,None,11.73785714285714,215.1764,203.97369999999998,0.25075559341974446,0.36832816818463643,False,True,No setup,0.0,None,None,0,No active J-Curve setup.,Neutral,0,Not applicable,No directional setup; confirmation score not applicable.,Wide CPR,Wide Downside Watch,Watch,Wide CPR + close below CPR; trend mixed; participation light,0,0,0,0
2026-09-30,2026-09-30,CM,NSE,STK,24999,INE126M01010,IBULLSLTD,EQ,,,,,INDIABULLS LIMITED,30.45,30.65,29.52,29.61,29.56,29.93,,29.6,,,7753680,233362547.03,12681,F1,1,,,,,,Cash Only,Diversified,False,30.19,28.45,29.93,29.52333333333333,29.32,29.72666666666666,29.72666666666666,29.32,0.4066666666666592,1.3587259160262586,Wide,Bullish,Inside CPR,29.926666666666666,30.085,29.76833333333333,30.085,29.76833333333333,0.31666666666667,1.0694585162670383,Wide,False,False,0.7833333333333333,60,287045162.645,False,False,Overlapping,True,Risk Off,False,None,1.5599999999999998,24.961799999999997,18.04,0.2606837606837559,0.8129819881988697,True,True,No setup,0.0,None,None,0,No active J-Curve setup.,Neutral,0,Not applicable,No directional setup; confirmation score not applicable.,Wide CPR,Wide Consolidation,Watch,Wide CPR + close inside CPR; consolidation/range watch,0,0,0,0
2026-09-30,2026-09-30,CM,NSE,STK,19372,INE970N01027,SPCENET,EQ,,,,,SPACENET ENTERS IND LTD,3.16,3.35,3.15,3.18,3.2,3.19,,3.18,,,450589,1445643.21,483,F1,1,,,,,,Cash Only,Diversified,False,3.36,3.15,3.19,3.233333333333333,3.255,3.211666666666666,3.255,3.211666666666666,0.04333333333333389,1.3584117032393068,Wide,Bearish,Below CPR,3.2266666666666666,3.25,3.203333333333333,3.25,3.203333333333333,0.046666666666666856,1.4675052410901526,Wide,False,False,0.5333333333333333,60,2169655.04,False,False,Lower,True,Risk Off,False,None,0.16857142857142857,3.4211999999999994,3.5443000000000002,0.25706214689265866,0.6663009480069237,False,False,No setup,0.0,None,None,0,No active J-Curve setup.,Neutral,0,Not applicable,No directional setup; confirmation score not applicable.,Wide CPR,Wide Downside Watch,Watch,Wide CPR + close below CPR; trend aligned; participation light,0,2,0,2
2026-09-30,2026-09-30,CM,NSE,STK,11975,INE050H01012,RML,EQ,,,,,RANE (MADRAS) LIMITED,1397.4,1405.0,1348.5,1351.9,1357.0,1380.9,,1351.94,,,51913,71375661.2,5430,F1,1,,,,,,Cash Only,Diversified,False,1407.1,1298.5,1380.9,1362.1666666666667,1352.8,1371.5333333333335,1371.5333333333335,1352.8,18.733333333333576,1.3566031815000055,Wide,Bullish,Below CPR,1368.4666666666665,1376.75,1360.183333333333,1376.75,1360.183333333333,16.56666666666706,1.2254358063959656,Wide,False,False,0.2833333333333333,60,36714564.7,False,False,Higher,True,Risk Off,False,None,70.35000000000004,1196.492,1113.2830000000001,0.26628760957119496,1.9440693845404626,True,True,No setup,0.0,None,None,0,No active J-Curve setup.,Neutral,0,Not applicable,No directional setup; confirmation score not applicable.,Wide CPR,Wide Downside Watch,Watch,Wide CPR + close below CPR; trend opposes; participation confirmed,0,0,0,0
2026-09-30,2026-09-30,CM,NSE,STK,3009,INE080B01012,KOHINOOR,EQ,,,,,KOHINOOR FOODS LIMITED,30.35,32.3,30.35,30.58,30.52,30.99,,30.6,,,105851,3253471.12,2429,F1,1,,,,,,Cash Only,Diversified,False,31.45,29.27,30.99,30.569999999999997,30.36,30.779999999999994,30.779999999999994,30.36,0.4199999999999946,1.3552758954501278,Wide,Bullish,Inside CPR,31.076666666666664,31.325,30.82833333333333,31.325,30.82833333333333,0.4966666666666697,1.6241552212775334,Wide,False,False,0.8333333333333334,60,3409057.245,False,False,Lower,True,Risk Off,False,None,1.8857142857142855,28.753199999999996,26.8284,0.2227272727272699,0.9543609526568686,True,True,No setup,0.0,None,None,0,No active J-Curve setup.,Neutral,0,Not applicable,No directional setup; confirmation score not applicable.,Wide CPR,Wide Consolidation,Watch,Wide CPR + close inside CPR; consolidation/range watch,0,0,0,0
2026-09-30,2026-09-30,CM,NSE,STK,380,INE050A01025,BBTC,EQ,,,,,BOMBAY BURMAH TRADING COR,1362.4,1378.8,1350.0,1357.4,1354.7,1355.0,,1357.61,,,24685,33741549.1,3174,F1,1,,,,,,Cash Only,Fast Moving Consumer Goods,True,1415.0,1350.0,1355.0,1373.3333333333333,1382.5,1364.1666666666665,1382.5,1364.1666666666665,18.333333333333485,1.3530135301353126,Wide,Bearish,Below CPR,1362.0666666666668,1364.4,1359.7333333333336,1364.4,1359.7333333333336,4.666666666666515,0.3437945091105433,Moderate,False,False,0.5,60,44599875.55,False,False,Lower,True,Risk Off,False,None,42.90000000000003,1472.704,1497.906,0.4273504273504306,0.756539086351778,False,False,No setup,0.0,None,None,0,No active J-Curve setup.,Neutral,0,Not applicable,No directional setup; confirmation score not applicable.,Wide CPR,Wide Downside Watch,Watch,Wide CPR + close below CPR; trend aligned; participation light,0,0,0,0
2026-09-30,2026-09-30,CM,NSE,STK,19955,INE866K01023,WAAREEINDO,EQ,,,,,INDOSOLAR LIMITED,214.4,215.0,205.55,209.95,208.3,210.65,,209.93,,,89461,18904397.8,2748,F1,1,,,,,,Cash Only,Diversified,False,221.4,208.45,210.65,213.5,214.925,212.075,214.925,212.075,2.8500000000000227,1.3529551388559329,Wide,Bearish,Below CPR,210.16666666666666,210.275,210.0583333333333,210.275,210.0583333333333,0.21666666666669698,0.1031991744066192,Narrow,False,False,0.8166666666666667,60,21700040.9,False,False,Lower,True,Risk Off,False,None,12.874999999999995,287.54400000000004,351.82599999999996,0.22135922330097274,0.8711687635574918,False,False,No setup,0.0,None,None,0,No active J-Curve setup.,Neutral,0,Not applicable,No directional setup; confirmation score not applicable.,Wide CPR,Wide Downside Watch,Watch,Wide CPR + close below CPR; trend aligned; participation light,0,0,0,0
2026-09-30,2026-09-30,CM,NSE,STK,10836,INE573R01012,SEYAIND,BE,,,,,SEYA INDUSTRIES LIMITED,13.59,13.59,13.07,13.45,13.45,13.33,,13.32,,,7911,103840.91,36,F1,1,,,,,,Cash Only,Diversified,False,13.87,13.33,13.33,13.51,13.6,13.42,13.6,13.42,0.17999999999999972,1.350337584396097,Wide,Bearish,Inside CPR,13.37,13.33,13.409999999999998,13.409999999999998,13.33,0.0799999999999983,0.5947955390334446,Moderate,False,False,1.0,20,133847.785,False,False,Lower,True,Risk Off,False,None,0.4592857142857144,,,0.39191290824261205,0.775813436135682,False,False,No setup,0.0,None,None,0,No active J-Curve setup.,Neutral,0,Not applicable,No directional setup; confirmation score not applicable.,Wide CPR,Wide Consolidation,Watch,Wide CPR + close inside CPR; consolidation/range watch,0,0,0,0
2026-09-30,2026-09-30,CM,NSE,STK,8437,INE946H01037,VIPULLTD,BE,,,,,VIPUL LIMITED,11.0,11.83,11.0,11.0,11.01,11.36,,11.0,,,832267,9393913.65,327,F1,1,,,,,,Cash Only,Diversified,False,11.41,10.85,11.36,11.206666666666665,11.129999999999999,11.283333333333331,11.283333333333331,11.129999999999999,0.15333333333333243,1.3497652582159545,Wide,Bullish,Below CPR,11.276666666666666,11.415,11.138333333333332,11.415,11.138333333333332,0.2766666666666673,2.5151515151515205,Wide,False,False,0.9166666666666666,60,1951151.065,False,False,Higher,True,Risk Off,False,None,0.4314285714285714,11.6492,10.5967,0.35540838852096923,4.814549636114414,False,True,No setup,0.0,None,None,0,No active J-Curve setup.,Neutral,0,Not applicable,No directional setup; confirmation score not applicable.,Wide CPR,Wide Downside Watch,Watch,Wide CPR + close below CPR; trend mixed; participation confirmed,0,0,0,0
2026-09-30,2026-09-30,CM,NSE,STK,18545,INE989C01038,DIACABS,BE,,,,,DIAMOND POWER INFRA LTD,349.5,360.0,348.0,354.2,352.0,352.05,,354.2,,,338526,119906787.45,4343,F1,1,,,,,,Cash Only,Diversified,False,356.2,333.65,352.05,347.29999999999995,344.92499999999995,349.67499999999995,349.67499999999995,344.92499999999995,4.75,1.3492401647493253,Wide,Bullish,Above CPR,354.06666666666666,354.0,354.1333333333333,354.1333333333333,354.0,0.13333333333332575,0.037643515904383335,Narrow,False,False,0.7333333333333333,60,709694134.86,False,False,Lower,True,Risk Off,False,None,19.61785714285714,290.5114,234.7247,0.24212634261787733,0.1689555846106207,True,True,No setup,0.0,None,None,0,No active J-Curve setup.,Neutral,0,Not applicable,No directional setup; confirmation score not applicable.,Wide CPR,Wide Upside Watch,Watch,Wide CPR + close above CPR; trend aligned; participation light,0,0,0,0
2026-09-30,2026-09-30,CM,NSE,STK,757850,INE0S4R01014,CRIZAC,EQ,,,,,CRIZAC LIMITED,170.6,173.39,168.9,170.12,168.9,169.08,,170.13,,,100955,17266366.55,3725,F1,1,,,,,,Cash Only,Diversified,False,177.0,168.0,169.08,171.36,172.5,170.22000000000003,172.5,170.22000000000003,2.2799999999999727,1.3484740951028937,Wide,Bearish,Below CPR,170.8033333333333,171.14499999999998,170.46166666666664,171.14499999999998,170.46166666666664,0.6833333333333371,0.4016772474331866,Moderate,False,False,0.8833333333333333,60,40857941.46,False,False,Lower,True,Risk Off,False,None,8.355714285714287,179.17559999999997,193.09529999999998,0.27286715677893325,0.4225951169591793,False,False,No setup,0.0,None,None,0,No active J-Curve setup.,Neutral,0,Not applicable,No directional setup; confirmation score not applicable.,Wide CPR,Wide Downside Watch,Watch,Wide CPR + close below CPR; trend aligned; participation light,0,0,0,0
2026-09-30,2026-09-30,CM,NSE,STK,8304,INE974Z01015,PRITI,EQ,,,,,PRITI INTERNATIONAL LTD,32.98,32.98,32.0,32.71,32.0,32.14,,32.71,,,5984,193724.58,82,F1,1,,,,,,Cash Only,Diversified,False,32.48,30.5,32.14,31.706666666666667,31.49,31.923333333333336,31.923333333333336,31.49,0.4333333333333371,1.348267994192088,Wide,Bullish,Above CPR,32.56333333333333,32.489999999999995,32.63666666666667,32.63666666666667,32.489999999999995,0.14666666666667538,0.44838479567922773,Moderate,False,False,0.9833333333333333,60,340412.95,False,False,Lower,True,Risk Off,False,Bullish Virgin,2.035,38.179199999999994,43.0907,0.21294021294021478,0.5690869868493545,False,False,No setup,0.0,None,None,0,No active J-Curve setup.,Neutral,0,Not applicable,No directional setup; confirmation score not applicable.,Wide CPR,Wide Upside Watch,Watch,Wide CPR + close above CPR; trend opposes; participation light,0,0,-2,-2
2026-09-30,2026-09-30,CM,NSE,STK,13941,INE505C01016,PRAENG,EQ,,,,,PRAJAY ENG. SYN. LTD.,22.88,22.88,21.0,21.18,21.17,21.76,,21.18,,,46147,994084.29,526,F1,1,,,,,,Cash Only,Diversified,False,23.0,21.4,21.76,22.05333333333333,22.2,21.906666666666663,22.2,21.906666666666663,0.29333333333333655,1.3480392156862893,Wide,Bearish,Below CPR,21.686666666666667,21.939999999999998,21.433333333333337,21.939999999999998,21.433333333333337,0.5066666666666606,2.3921938936102958,Wide,False,False,0.9166666666666666,60,803143.62,False,False,Lower,True,Risk Off,False,None,1.6400000000000006,21.2866,21.1129,0.17886178861788807,1.23774162583773,False,True,No setup,0.0,None,None,0,No active J-Curve setup.,Neutral,0,Not applicable,No directional setup; confirmation score not applicable.,Wide CPR,Wide Downside Watch,Watch,Wide CPR + close below CPR; trend mixed; participation confirmed,0,0,0,0
2026-09-30,2026-09-30,CM,NSE,STK,13441,INE083D01012,BALPHARMA,EQ,,,,,BAL PHARMA LTD.,112.44,113.38,109.0,109.53,109.58,112.11,,109.53,,,41420,4596323.56,1090,F1,1,,,,,,Cash Only,Healthcare & Pharma,False,114.63,105.06,112.11,110.60000000000001,109.845,111.35500000000002,111.35500000000002,109.845,1.5100000000000193,1.3468914459013641,Wide,Bullish,Below CPR,110.63666666666666,111.19,110.08333333333331,111.19,110.08333333333331,1.1066666666666833,1.0103776743053805,Wide,False,False,0.8666666666666667,60,1821563.69,False,False,Higher,True,Risk Off,False,None,9.395714285714288,92.9126,88.54800000000002,0.16071157062490699,2.5232845742549905,True,True,No setup,0.0,None,None,0,No active J-Curve setup.,Neutral,0,Not applicable,No directional setup; confirmation score not applicable.,Wide CPR,Wide Downside Watch,Watch,Wide CPR + close below CPR; trend opposes; participation confirmed,0,0,0,0
2026-09-30,2026-09-30,CM,NSE,STK,762844,INE722B01019,PRAVEG,EQ,,,,,PRAVEG LTD.,244.35,248.0,240.5,241.8,241.0,242.6,,241.94,,,18438,4497951.45,649,F1,1,,,,,,Cash Only,Diversified,False,253.95,241.05,242.6,245.86666666666667,247.5,244.23333333333335,247.5,244.23333333333335,3.2666666666666515,1.3465237702665505,Wide,Bearish,Below CPR,243.4333333333333,244.25,242.61666666666662,244.25,242.61666666666662,1.6333333333333826,0.6754893851668249,Moderate,False,False,0.9166666666666666,60,11424418.98,False,False,Lower,True,Risk Off,False,None,10.842857142857136,270.0984,258.8258,0.3012736056214305,0.39371380355309765,False,False,No setup,0.0,None,None,0,No active J-Curve setup.,Neutral,0,Not applicable,No directional setup; confirmation score not applicable.,Wide CPR,Wide Downside Watch,Watch,Wide CPR + close below CPR; trend aligned; participation light,0,0,0,0
2026-09-30,2026-09-30,CM,NSE,STK,758563,INE236E01022,ELLEN,EQ,,,,,ELLENBARRIE INDUS GASES L,378.0,381.0,354.15,356.9,356.0,369.35,,356.89,,,2144133,786237369.8,38513,F1,1,,,,,,Cash Only,Diversified,False,394.95,358.65,369.35,374.3166666666666,376.79999999999995,371.83333333333326,376.79999999999995,371.83333333333326,4.966666666666697,1.3447046613420053,Wide,Bearish,Below CPR,364.01666666666665,367.575,360.4583333333333,367.575,360.4583333333333,7.116666666666674,1.9940226020360534,Wide,False,False,0.9166666666666666,60,158453365.625,False,False,Higher,True,Risk Off,False,None,25.942857142857147,322.394,298.2125,0.19144640234948718,4.961948057706332,True,True,No setup,0.0,None,None,0,No active J-Curve setup.,Neutral,0,Not applicable,No directional setup; confirmation score not applicable.,Wide CPR,Wide Downside Watch,Watch,Wide CPR + close below CPR; trend opposes; participation confirmed,0,0,0,0
2026-09-30,2026-09-30,CM,NSE,STK,10181,INE875R01011,BALKRISHNA,EQ,,,,,BALKRISHNA PAPER MILLS L,15.88,16.49,15.76,16.29,16.4,15.87,,16.29,,,4016,65083.83,45,F1,1,,,,,,Cash Only,Diversified,False,16.58,15.8,15.87,16.083333333333332,16.189999999999998,15.976666666666667,16.189999999999998,15.976666666666667,0.21333333333333115,1.3442554085276066,Wide,Bearish,Above CPR,16.18,16.125,16.235,16.235,16.125,0.10999999999999943,0.6752608962553679,Moderate,False,False,0.5833333333333334,60,139058.575,False,False,Overlapping,True,Risk Off,False,None,0.8242857142857136,17.0794,17.7498,0.25880993645291495,0.46803176287402626,False,False,No setup,0.0,None,None,0,No active J-Curve setup.,Neutral,0,Not applicable,No directional setup; confirmation score not applicable.,Wide CPR,Wide Upside Watch,Watch,Wide CPR + close above CPR; trend opposes; participation light,0,0,0,0
2026-09-30,2026-09-30,CM,NSE,STK,17358,INE735W01017,UTKARSHBNK,EQ,,,,,UTKARSH SMALL FIN BANK L,13.97,14.0,13.68,13.76,13.79,13.91,,13.76,,,4363721,60181446.63,4858,F1,1,,,,,,Cash Only,Banking,False,14.0,13.26,13.91,13.723333333333334,13.629999999999999,13.81666666666667,13.81666666666667,13.629999999999999,0.18666666666667098,1.3419602204649244,Wide,Bullish,Inside CPR,13.813333333333333,13.84,13.786666666666665,13.84,13.786666666666665,0.053333333333334565,0.38759689922481516,Moderate,False,False,0.8,60,66218965.735,False,False,Outside,True,Risk Off,False,None,0.6385714285714289,14.413800000000002,14.1722,0.2923191648023929,0.9088249259409851,False,False,No setup,0.0,None,None,0,No active J-Curve setup.,Neutral,0,Not applicable,No directional setup; confirmation score not applicable.,Wide CPR,Wide Consolidation,Watch,Wide CPR + close inside CPR; consolidation/range watch,0,0,0,0
2026-09-30,2026-09-30,CM,NSE,STK,761581,INE05HV01027,CMPDI,EQ,,,,,CENTRAL MINE P N D INST L,213.1,214.89,207.5,209.21,208.2,213.12,,209.17,,,726889,153349962.57,14087,F1,1,,,,,,Cash Only,Diversified,False,214.65,203.02,213.12,210.26333333333332,208.835,211.69166666666663,211.69166666666663,208.835,2.8566666666666265,1.3404029029028839,Wide,Bullish,Inside CPR,210.53333333333333,211.195,209.87166666666667,211.195,209.87166666666667,1.3233333333333235,0.6325382789222902,Moderate,False,False,0.65,60,345700202.01,False,False,Overlapping,True,Risk Off,False,None,9.15142857142857,232.69600000000003,239.3975,0.31215527110000607,0.4435923429560625,False,False,No setup,0.0,None,None,0,No active J-Curve setup.,Neutral,0,Not applicable,No directional setup; confirmation score not applicable.,Wide CPR,Wide Consolidation,Watch,Wide CPR + close inside CPR; consolidation/range watch,0,0,0,0
2026-09-30,2026-09-30,CM,NSE,STK,4201,INE314C01013,SOMATEX,EQ,,,,,SOMA TEXTILES & INDUST LT,79.35,81.7,79.05,79.16,79.05,81.52,,79.16,,,1858,148151.98,40,F1,1,,,,,,Cash Only,Diversified,False,81.99,77.8,81.52,80.43666666666667,79.895,80.97833333333334,80.97833333333334,79.895,1.0833333333333428,1.328917239123335,Wide,Bullish,Below CPR,79.97,80.375,79.565,80.375,79.565,0.8100000000000023,1.023244062657911,Wide,False,False,0.15,60,893015.255,True,False,Higher,True,Risk Off,True,None,3.4050000000000002,88.81,95.26719999999999,0.3181595692608936,0.16590083895039398,False,False,No setup,0.0,None,None,0,No active J-Curve setup.,Neutral,0,Not applicable,No directional setup; confirmation score not applicable.,Wide CPR,Wide Downside Watch,Watch,Wide CPR + close below CPR; trend aligned; participation light,0,-2,0,-2
2026-09-30,2026-09-30,CM,NSE,STK,764761,INE519D01015,LADDERUP,BE,,,,,LADDERUP FINANCE LTD.,50.75,51.98,49.0,51.98,51.98,50.25,,52.44,,,1817,90927.48,17,F1,1,,,,,,Cash Only,Diversified,False,52.4,50.1,50.25,50.916666666666664,51.25,50.58333333333333,51.25,50.58333333333333,0.6666666666666714,1.3266998341625302,Wide,Bearish,Above CPR,50.98666666666666,50.489999999999995,51.48333333333332,51.48333333333332,50.489999999999995,0.9933333333333252,1.9109914069513763,Wide,False,False,0.22580645161290322,31,20569.59,False,False,Lower,True,Risk Off,True,None,5.937142857142858,,,0.11228745588707169,4.420480913815005,False,False,No setup,0.0,None,None,0,No active J-Curve setup.,Neutral,0,Not applicable,No directional setup; confirmation score not applicable.,Wide CPR,Wide Upside Watch,Watch,Wide CPR + close above CPR; trend opposes; participation confirmed,0,0,0,0
2026-09-30,2026-09-30,CM,NSE,STK,2029,INE053F01010,IRFC,EQ,,,,,INDIAN RAILWAY FIN CORP L,78.6,81.5,78.41,79.28,79.28,80.26,,79.28,,,38110222,3061230145.95,104381,F1,1,,,,,,F&O + Cash,Financial Services,True,80.26,77.07,80.26,79.19666666666666,78.66499999999999,79.72833333333332,79.72833333333332,78.66499999999999,1.0633333333333326,1.3248608688429262,Wide,Bullish,Inside CPR,79.73,79.955,79.50500000000001,79.955,79.50500000000001,0.44999999999998863,0.5676084762865649,Moderate,False,False,0.8333333333333334,60,599796519.56,False,False,Overlapping,True,Risk Off,False,None,1.6271428571428592,84.7758,89.9944,0.6534972197834344,5.103781109292971,False,False,No setup,0.0,None,None,0,No active J-Curve setup.,Neutral,0,Not applicable,No directional setup; confirmation score not applicable.,Wide CPR,Wide Consolidation,Watch,Wide CPR + close inside CPR; consolidation/range watch,0,0,0,0
2026-09-30,2026-09-30,CM,NSE,STK,7083,INE575P01011,STARHEALTH,EQ,,,,,STAR HEALTH & AL INS CO L,538.1,542.8,531.35,534.65,533.95,538.1,,534.64,,,240982,129412042.95,26553,F1,1,,,,,,Cash Only,Financial Services,True,561.65,535.9,538.1,545.2166666666667,548.775,541.6583333333334,548.775,541.6583333333334,7.116666666666561,1.3225546676577886,Wide,Bearish,Below CPR,536.2666666666668,537.075,535.4583333333335,537.075,535.4583333333335,1.6166666666665606,0.3023785030705248,Moderate,False,False,0.38333333333333336,60,207230869.4,False,False,Lower,True,Risk Off,False,None,19.546428571428578,572.562,561.305,0.3640903830927528,0.6244824592238091,False,False,No setup,0.0,None,None,0,No active J-Curve setup.,Neutral,0,Not applicable,No directional setup; confirmation score not applicable.,Wide CPR,Wide Downside Watch,Watch,Wide CPR + close below CPR; trend aligned; participation light,0,0,0,0
2026-09-30,2026-09-30,CM,NSE,STK,11968,INE526G01021,VIVIMEDLAB,BE,,,,,VIVIMED LABS LIMITED,5.44,5.65,5.44,5.44,5.64,5.55,,5.44,,,15749,85851.04,57,F1,1,,,,,,Cash Only,Healthcare & Pharma,False,5.77,5.55,5.55,5.623333333333334,5.66,5.586666666666668,5.66,5.586666666666668,0.07333333333333236,1.321321321321304,Wide,Bearish,Below CPR,5.510000000000001,5.545,5.475000000000001,5.545,5.475000000000001,0.06999999999999851,1.2867647058823255,Wide,False,False,0.65,60,809289.495,False,False,Higher,True,Risk Off,False,None,0.17142857142857146,6.353399999999999,,0.42777777777777204,0.1060819898570412,False,False,No setup,0.0,None,None,0,No active J-Curve setup.,Neutral,0,Not applicable,No directional setup; confirmation score not applicable.,Wide CPR,Wide Downside Watch,Watch,Wide CPR + close below CPR; trend aligned; participation light,0,0,0,0
2026-09-30,2026-09-30,CM,NSE,STK,25082,INE040M01013,TREEHOUSE,EQ,,,,,TREE HOUSE EDU LTD,5.81,5.99,5.72,5.78,5.9,5.81,,5.78,,,28154,164026.68,83,F1,1,,,,,,Cash Only,Diversified,False,5.93,5.46,5.81,5.733333333333333,5.695,5.7716666666666665,5.7716666666666665,5.695,0.07666666666666622,1.3195639701663722,Wide,Bullish,Above CPR,5.830000000000001,5.855,5.8050000000000015,5.855,5.8050000000000015,0.049999999999998934,0.8650519031141684,Wide,False,False,0.65,60,121614.095,False,False,Lower,True,Risk Off,False,None,0.3757142857142857,6.1574,6.6283,0.20405576679340817,1.3487472813081411,False,False,No setup,0.0,None,None,0,No active J-Curve setup.,Neutral,0,Not applicable,No directional setup; confirmation score not applicable.,Wide CPR,Wide Upside Watch,Watch,Wide CPR + close above CPR; trend opposes; participation confirmed,0,0,0,0
2026-09-30,2026-09-30,CM,NSE,STK,2268,INE861B01023,MOTOGENFIN,EQ,,,,,MOTOR & GENERAL FINANCE L,25.5,25.77,25.2,25.5,25.77,25.57,,25.46,,,7018,178667.57,33,F1,1,,,,,,Cash Only,Diversified,False,26.65,25.5,25.57,25.906666666666666,26.075,25.738333333333333,26.075,25.738333333333333,0.336666666666666,1.3166471125016268,Wide,Bearish,Below CPR,25.49,25.485,25.494999999999997,25.494999999999997,25.485,0.00999999999999801,0.039215686274502004,Narrow,False,False,0.5333333333333333,60,565662.9299999999,False,False,Overlapping,True,Risk Off,False,None,1.4607142857142859,25.698799999999995,23.5023,0.23048084759576154,0.3158551860557665,False,True,No setup,0.0,None,None,0,No active J-Curve setup.,Neutral,0,Not applicable,No directional setup; confirmation score not applicable.,Wide CPR,Wide Downside Watch,Watch,Wide CPR + close below CPR; trend mixed; participation light,0,0,0,0
2026-09-30,2026-09-30,CM,NSE,STK,15228,INE551W01018,UJJIVANSFB,EQ,,,,,UJJIVAN SMALL FINANC BANK,65.98,68.3,65.7,67.5,67.5,65.26,,67.5,,,28889413,1945550400.18,67741,F1,1,,,,,,F&O + Cash,Diversified,False,65.4,62.56,65.26,64.40666666666668,63.980000000000004,64.83333333333336,64.83333333333336,63.980000000000004,0.853333333333353,1.3075901522116962,Wide,Bullish,Above CPR,67.16666666666667,67.0,67.33333333333334,67.33333333333334,67.0,0.3333333333333428,0.4938271604938412,Moderate,False,False,0.8,60,858477397.85,False,False,Overlapping,True,Risk Off,False,Bullish Virgin,2.181428571428573,67.99680000000001,62.8263,0.391180964854844,2.2662802830365747,False,True,No setup,0.0,None,None,0,No active J-Curve setup.,Neutral,0,Not applicable,No directional setup; confirmation score not applicable.,Wide CPR,Wide Upside Watch,Watch,Wide CPR + close above CPR; trend mixed; participation confirmed,0,0,0,0
2026-09-30,2026-09-30,CM,NSE,STK,758910,INE084K01015,AMANTA,BE,,,,,AMANTA HEALTHCARE LIMITED,190.39,190.39,190.39,190.39,190.39,186.66,,189.75,,,16960,3229014.4,85,F1,1,,,,,,Cash Only,Diversified,False,186.66,179.34,186.66,184.22,183.0,185.44,185.44,183.0,2.4399999999999977,1.307189542483659,Wide,Bullish,Above CPR,190.39,190.39,190.39,190.39,190.39,0.0,0.0,Narrow,False,False,0.26666666666666666,60,9919465.7,True,True,Lower,True,Risk Off,False,Bullish Virgin,4.57071428571428,157.0464,133.53289999999998,0.5338334114705424,0.3255230168294246,True,True,No setup,0.0,None,None,0,No active J-Curve setup.,Neutral,0,Not applicable,No directional setup; confirmation score not applicable.,Wide CPR,Wide Upside Watch,Watch,Wide CPR + close above CPR; trend aligned; participation light,0,0,0,0
2026-09-30,2026-09-30,CM,NSE,STK,765035,INE566M01017,AZADIND,EQ,,,,,AZAD INDIA MOBILITY LTD.,80.84,88.1,80.01,84.6,83.89,80.62,,84.43,,,77601,6531120.74,1302,F1,1,,,,,,Cash Only,Diversified,False,85.4,79.0,80.62,81.67333333333333,82.2,81.14666666666666,82.2,81.14666666666666,1.0533333333333417,1.3065409741172682,Wide,Bearish,Above CPR,84.23666666666666,84.055,84.41833333333332,84.41833333333332,84.055,0.3633333333333155,0.429472025216685,Moderate,False,False,0.9354838709677419,31,3119285.8,False,False,Lower,True,Risk Off,False,None,6.822142857142858,,,0.1543991903116614,2.0937872188563165,False,False,No setup,0.0,None,None,0,No active J-Curve setup.,Neutral,0,Not applicable,No directional setup; confirmation score not applicable.,Wide CPR,Wide Upside Watch,Watch,Wide CPR + close above CPR; trend opposes; participation confirmed,0,0,0,0
2026-09-30,2026-09-30,CM,NSE,STK,13300,INE858F01012,NITCO,EQ,,,,,NITCO LIMITED,86.01,89.29,85.74,88.12,86.57,86.75,,88.13,,,905412,79534208.41,5006,F1,1,,,,,,Cash Only,Diversified,False,87.5,82.6,86.75,85.61666666666667,85.05,86.18333333333335,86.18333333333335,85.05,1.1333333333333542,1.3064361191162583,Wide,Bullish,Above CPR,87.71666666666665,87.515,87.91833333333331,87.91833333333331,87.515,0.40333333333330756,0.4577091844454239,Moderate,False,False,0.8666666666666667,60,45261783.925,False,False,Lower,True,Risk Off,False,None,3.8064285714285697,95.79,99.35650000000001,0.2977419153061919,1.7572044562315603,False,False,No setup,0.0,None,None,0,No active J-Curve setup.,Neutral,0,Not applicable,No directional setup; confirmation score not applicable.,Wide CPR,Wide Upside Watch,Watch,Wide CPR + close above CPR; trend opposes; participation confirmed,0,0,0,0
2026-09-30,2026-09-30,CM,NSE,STK,181,INE610C01014,ARENTERP,EQ,,,,,RAJDARSHAN INDUSTRIES LTD,34.4,34.4,31.12,33.9,33.95,32.95,,33.9,,,137,4641.52,13,F1,1,,,,,,Cash Only,Diversified,False,33.49,31.12,32.95,32.52,32.305,32.73500000000001,32.73500000000001,32.305,0.4300000000000068,1.3050075872534348,Wide,Bullish,Above CPR,33.13999999999999,32.76,33.51999999999999,33.51999999999999,32.76,0.7599999999999909,2.241887905604693,Wide,False,False,0.21666666666666667,60,49191.855,False,False,Lower,True,Risk Off,True,None,2.4907142857142843,37.0076,37.1354,0.17264123888729851,0.09435545782935001,False,False,No setup,0.0,None,None,0,No active J-Curve setup.,Neutral,0,Not applicable,No directional setup; confirmation score not applicable.,Wide CPR,Wide Upside Watch,Watch,Wide CPR + close above CPR; trend opposes; participation light,0,0,0,0
2026-09-30,2026-09-30,CM,NSE,STK,762586,INE986A01012,BI,BE,,,,,BILCARE LTD.,98.67,98.67,98.67,98.67,98.67,100.68,,98.47,,,5190,512097.3,12,F1,1,,,,,,Cash Only,Diversified,False,100.68,96.74,100.68,99.36666666666667,98.71000000000001,100.02333333333334,100.02333333333334,98.71000000000001,1.3133333333333326,1.304462985035094,Wide,Bullish,Below CPR,98.67,98.67,98.67,98.67,98.67,0.0,0.0,Narrow,False,False,0.016666666666666666,60,760725.615,True,True,Lower,True,Risk Off,True,Bearish Virgin,4.258571428571431,78.52759999999999,70.2384,0.3083976294308394,0.6731695238105003,True,True,No setup,0.0,None,None,0,No active J-Curve setup.,Neutral,0,Not applicable,No directional setup; confirmation score not applicable.,Wide CPR,Wide Downside Watch,Watch,Wide CPR + close below CPR; trend opposes; participation light,0,0,0,0
2026-09-30,2026-09-30,CM,NSE,STK,14627,INE788H01017,HILTON,EQ,,,,,HILTON METAL FORGING LTD,16.3,16.9,16.06,16.34,16.14,16.45,,16.37,,,93970,1560792.75,351,F1,1,,,,,,Cash Only,Diversified,False,17.28,16.26,16.45,16.663333333333338,16.770000000000003,16.556666666666672,16.770000000000003,16.556666666666672,0.21333333333333115,1.2968591691995814,Wide,Bearish,Below CPR,16.433333333333334,16.479999999999997,16.38666666666667,16.479999999999997,16.38666666666667,0.0933333333333266,0.5711954304365153,Moderate,False,False,0.2833333333333333,60,4052412.68,False,False,Lower,True,Risk Off,False,None,0.870714285714285,20.5966,20.8708,0.24500957068635262,0.3851514821535895,False,False,No setup,0.0,None,None,0,No active J-Curve setup.,Neutral,0,Not applicable,No directional setup; confirmation score not applicable.,Wide CPR,Wide Downside Watch,Watch,Wide CPR + close below CPR; trend aligned; participation light,0,0,0,0
2026-09-30,2026-09-30,CM,NSE,STK,17635,INE768C01028,ZYDUSWELL,EQ,,,,,ZYDUS WELLNESS LIMITED,507.0,518.6,500.2,512.8,515.0,506.1,,512.8,,,258147,131413707.85,18328,F1,1,,,,,,Cash Only,Fast Moving Consumer Goods,True,528.8,503.05,506.1,512.65,515.925,509.375,515.925,509.375,6.5499999999999545,1.2942106303102063,Wide,Bearish,Inside CPR,510.5333333333333,509.4,511.66666666666663,511.66666666666663,509.4,2.2666666666666515,0.4420176807072254,Moderate,False,False,0.6,60,117712414.6,False,False,Lower,True,Risk Off,False,None,17.76071428571428,535.066,532.76,0.3687914739593782,1.1163963316576127,False,False,No setup,0.0,None,None,0,No active J-Curve setup.,Neutral,0,Not applicable,No directional setup; confirmation score not applicable.,Wide CPR,Wide Consolidation,Watch,Wide CPR + close inside CPR; consolidation/range watch,0,0,0,0
2026-09-30,2026-09-30,CM,NSE,STK,3078,INE631A01022,SHANTIGEAR,EQ,,,,,SHANTHI GEARS LTD,604.8,604.8,571.6,579.9,579.0,601.65,,579.94,,,120371,70232673.15,4511,F1,1,,,,,,Cash Only,Automobile & Ancillary,False,625.0,601.65,601.65,609.4333333333334,613.325,605.5416666666667,613.325,605.5416666666667,7.783333333333303,1.2936646444499798,Wide,Bearish,Below CPR,585.4333333333334,588.2,582.6666666666667,588.2,582.6666666666667,5.533333333333303,0.9541875035925682,Wide,False,False,0.8833333333333333,60,14699748.725,False,False,Lower,True,Risk Off,False,Bearish Virgin,39.085714285714275,523.47,483.23799999999994,0.19913499025341058,4.777814537098491,True,True,No setup,0.0,None,None,0,No active J-Curve setup.,Neutral,0,Not applicable,No directional setup; confirmation score not applicable.,Wide CPR,Wide Downside Watch,Watch,Wide CPR + close below CPR; trend opposes; participation confirmed,0,0,0,0
2026-09-30,2026-09-30,CM,NSE,STK,10753,INE692A01016,UNIONBANK,EQ,,,,,UNION BANK OF INDIA,169.98,172.6,169.95,171.0,171.0,166.0,,170.99,,,16921657,2901554106.45,79629,F1,1,,,,,,F&O + Cash,Financial Services,True,172.44,166.0,166.0,168.14666666666668,169.22,167.07333333333335,169.22,167.07333333333335,2.146666666666647,1.2931726907630403,Wide,Bearish,Above CPR,171.1833333333333,171.27499999999998,171.09166666666664,171.27499999999998,171.09166666666664,0.18333333333333712,0.10721247563353048,Narrow,False,False,0.9833333333333333,60,1769117048.96,False,False,Lower,True,Risk Off,False,Bullish Virgin,4.290714285714279,179.9514,173.64950000000002,0.5003051994894806,1.6401142638672317,False,False,No setup,0.0,None,None,0,No active J-Curve setup.,Neutral,0,Not applicable,No directional setup; confirmation score not applicable.,Wide CPR,Wide Upside Watch,Watch,Wide CPR + close above CPR; trend opposes; participation confirmed,0,0,0,0
2026-09-30,2026-09-30,CM,NSE,STK,19111,INE365I01020,NBIFIN,EQ,,,,,N.B.I. IND. FIN. CO. LTD,1900.3,1916.9,1863.1,1897.5,1880.0,1876.6,,1897.5,,,352,663020.7,108,F1,1,,,,,,Cash Only,Diversified,False,1966.0,1860.0,1876.6,1900.8666666666668,1913.0,1888.7333333333336,1913.0,1888.7333333333336,24.266666666666424,1.293118760879592,Wide,Bearish,Inside CPR,1892.5,1890.0,1895.0,1895.0,1890.0,5.0,0.2635046113306983,Moderate,False,False,0.31666666666666665,60,919620.95,True,False,Lower,True,Risk Off,False,None,61.157142857142894,2047.194,1994.401,0.39679202678501485,0.7209717220991975,False,False,No setup,0.0,None,None,0,No active J-Curve setup.,Neutral,0,Not applicable,No directional setup; confirmation score not applicable.,Wide CPR,Wide Consolidation,Watch,Wide CPR + close inside CPR; consolidation/range watch,0,0,0,0
2026-09-30,2026-09-30,CM,NSE,STK,13966,INE292B01021,HBLENGINE,EQ,,,,,HBL ENGINEERING LTD,812.3,815.5,786.2,794.5,789.0,808.3,,794.49,,,1235100,990325527.8,34501,F1,1,,,,,,Cash Only,Capital Goods,True,811.6,773.65,808.3,797.85,792.625,803.075,803.075,792.625,10.450000000000045,1.2928368180131198,Wide,Bullish,Inside CPR,798.7333333333332,800.85,796.6166666666664,800.85,796.6166666666664,4.233333333333576,0.532829872036951,Moderate,False,False,0.9666666666666667,60,631747703.775,False,False,Overlapping,True,Risk Off,False,None,31.689285714285713,713.7339999999999,750.2639999999999,0.32976445396145754,1.567596560909241,True,True,No setup,0.0,None,None,0,No active J-Curve setup.,Neutral,0,Not applicable,No directional setup; confirmation score not applicable.,Wide CPR,Wide Consolidation,Watch,Wide CPR + close inside CPR; consolidation/range watch,0,0,0,0
2026-09-30,2026-09-30,CM,NSE,STK,15199,INE015D01022,MANAKSIA,EQ,,,,,MANAKSIA LTD.,61.0,62.7,59.11,59.99,59.63,61.66,,60.02,,,43003,2612171.84,816,F1,1,,,,,,Cash Only,Diversified,False,62.4,58.53,61.66,60.86333333333334,60.465,61.26166666666667,61.26166666666667,60.465,0.7966666666666669,1.292031570980647,Wide,Bullish,Below CPR,60.6,60.905,60.295,60.905,60.295,0.6099999999999994,1.0168361393565584,Wide,False,False,0.9166666666666666,60,1393177.175,False,False,Lower,True,Risk Off,False,None,3.929285714285716,60.209799999999994,59.5496,0.20275101496697565,1.8749746169219286,False,True,No setup,0.0,None,None,0,No active J-Curve setup.,Neutral,0,Not applicable,No directional setup; confirmation score not applicable.,Wide CPR,Wide Downside Watch,Watch,Wide CPR + close below CPR; trend mixed; participation confirmed,0,0,0,0
2026-09-30,2026-09-30,CM,NSE,STK,25235,INE547B01028,XTGLOBAL,EQ,,,,,XTGLOBAL INFOTECH LIMITED,30.29,30.29,28.8,29.19,29.0,29.43,,29.38,,,29401,858419.34,177,F1,1,,,,,,Cash Only,Diversified,False,31.0,29.0,29.43,29.810000000000002,30.0,29.620000000000005,30.0,29.620000000000005,0.37999999999999545,1.2911994563370557,Wide,Bearish,Below CPR,29.426666666666666,29.545,29.30833333333333,29.545,29.30833333333333,0.2366666666666717,0.8107799474706121,Wide,False,False,0.8833333333333333,60,1423113.995,False,False,Higher,True,Risk Off,False,None,1.787142857142857,30.374000000000002,30.113699999999998,0.212629896083131,0.6031978766395308,False,False,No setup,0.0,None,None,0,No active J-Curve setup.,Neutral,0,Not applicable,No directional setup; confirmation score not applicable.,Wide CPR,Wide Downside Watch,Watch,Wide CPR + close below CPR; trend aligned; participation light,0,0,0,0
2026-09-30,2026-09-30,CM,NSE,STK,25941,INE497S01012,GODAVARIB,EQ,,,,,GODAVARI BIOREFINERIES L,236.79,237.0,230.0,232.01,230.01,236.48,,232.02,,,112434,26173744.69,1829,F1,1,,,,,,Cash Only,Diversified,False,237.79,226.01,236.48,233.42666666666665,231.89999999999998,234.95333333333332,234.95333333333332,231.89999999999998,3.0533333333333417,1.2911592241768193,Wide,Bullish,Inside CPR,233.00333333333333,233.5,232.50666666666666,233.5,232.50666666666666,0.9933333333333394,0.42814246512363235,Moderate,False,False,0.85,60,23141184.575,False,False,Lower,True,Risk Off,False,None,10.030000000000001,249.2078,266.9049,0.30442007311399216,1.1310460190649079,False,False,No setup,0.0,None,None,0,No active J-Curve setup.,Neutral,0,Not applicable,No directional setup; confirmation score not applicable.,Wide CPR,Wide Consolidation,Watch,Wide CPR + close inside CPR; consolidation/range watch,0,0,0,0
2026-09-30,2026-09-30,CM,NSE,STK,23507,INE899L01030,UEL,EQ,,,,,UJAAS ENERGY LIMITED,186.5,189.4,182.01,184.92,185.0,184.75,,184.99,,,12717,2363339.54,668,F1,1,,,,,,Cash Only,Diversified,False,193.6,183.05,184.75,187.13333333333333,188.325,185.94166666666666,188.325,185.94166666666666,2.3833333333333258,1.2900315741993644,Wide,Bearish,Below CPR,185.4433333333333,185.70499999999998,185.18166666666662,185.70499999999998,185.18166666666662,0.523333333333369,0.2830052635374048,Moderate,False,False,0.6166666666666667,60,2170772.3200000003,False,False,Higher,True,Risk Off,False,None,12.582857142857145,194.3066,165.9231,0.18941114138661758,1.0887090821205974,False,True,No setup,0.0,None,None,0,No active J-Curve setup.,Neutral,0,Not applicable,No directional setup; confirmation score not applicable.,Wide CPR,Wide Downside Watch,Watch,Wide CPR + close below CPR; trend mixed; participation confirmed,0,0,0,0
2026-09-30,2026-09-30,CM,NSE,STK,17313,INE281B01032,LLOYDSME,EQ,,,,,LLOYDS METALS N ENERGY L,1902.5,1918.8,1870.0,1884.0,1871.0,1902.2,,1883.55,,,333292,633072394.0,26811,F1,1,,,,,,Cash Only,Metals & Mining,True,1908.1,1822.7,1902.2,1877.6666666666667,1865.4,1889.9333333333334,1889.9333333333334,1865.4,24.533333333333303,1.2897346931623017,Wide,Bullish,Inside CPR,1890.9333333333334,1894.4,1887.4666666666667,1894.4,1887.4666666666667,6.933333333333394,0.3680113234253394,Moderate,False,False,0.6,60,742198284.95,False,False,Higher,True,Risk Off,False,None,48.04285714285714,1897.126,1833.375,0.5106551689959355,0.8529693571612719,False,True,No setup,0.0,None,None,0,No active J-Curve setup.,Neutral,0,Not applicable,No directional setup; confirmation score not applicable.,Wide CPR,Wide Consolidation,Watch,Wide CPR + close inside CPR; consolidation/range watch,0,0,0,0
2026-09-30,2026-09-30,CM,NSE,STK,764663,INE316A01038,ECORECO,EQ,,,,,ECO RECYCLING LTD.,407.95,410.0,391.45,395.5,398.0,403.3,,395.49,,,9028,3628154.2,768,F1,1,,,,,,Cash Only,Diversified,False,405.0,386.0,403.3,398.09999999999997,395.5,400.69999999999993,400.69999999999993,395.5,5.199999999999932,1.2893627572526485,Wide,Bullish,Inside CPR,398.98333333333335,400.725,397.2416666666667,400.725,397.2416666666667,3.4833333333333485,0.8807416772018579,Wide,False,False,0.6451612903225806,31,4314049.25,False,False,Lower,True,Risk Off,False,None,17.621428571428563,,,0.29509525739764525,0.8410089894082688,False,False,No setup,0.0,None,None,0,No active J-Curve setup.,Neutral,0,Not applicable,No directional setup; confirmation score not applicable.,Wide CPR,Wide Consolidation,Watch,Wide CPR + close inside CPR; consolidation/range watch,0,0,0,0
2026-09-30,2026-09-30,CM,NSE,STK,4747,INE092B01025,INDNIPPON,EQ,,,,,INDIA NIPPON ELECT  LTD,1246.0,1267.6,1216.1,1244.4,1241.2,1244.8,,1245.0,,,48325,59970545.5,5571,F1,1,,,,,,Cash Only,Diversified,False,1311.6,1226.0,1244.8,1260.8,1268.8,1252.8,1268.8,1252.8,16.0,1.2853470437017995,Wide,Bearish,Below CPR,1242.7,1241.85,1243.5500000000002,1243.5500000000002,1241.85,1.7000000000002728,0.1366120218579454,Narrow,False,False,0.6166666666666667,60,42216674.4,True,False,Lower,True,Risk Off,False,None,94.84285714285714,1176.046,1055.27,0.1687001054375659,1.4205416781952869,True,True,No setup,0.0,None,None,0,No active J-Curve setup.,Neutral,0,Not applicable,No directional setup; confirmation score not applicable.,Wide CPR,Wide Downside Watch,Watch,Wide CPR + close below CPR; trend opposes; participation confirmed,0,0,0,0
2026-09-30,2026-09-30,CM,NSE,STK,19867,INE275D01022,AMNPLST,EQ,,,,,AMINES & PLASTICIZERS LTD,174.9,174.9,168.56,171.57,170.05,170.18,,171.57,,,2629,451702.94,79,F1,1,,,,,,Cash Only,Diversified,False,171.8,162.0,170.18,167.99333333333334,166.9,169.08666666666667,169.08666666666667,166.9,2.1866666666666674,1.2849140126140952,Wide,Bullish,Above CPR,171.67666666666665,171.73000000000002,171.62333333333328,171.73000000000002,171.62333333333328,0.10666666666674018,0.06217093120402179,Narrow,False,False,0.08333333333333333,60,1026311.075,True,True,Higher,True,Risk Off,True,None,9.392142857142856,183.335,188.49059999999997,0.23281871878723362,0.4401228350770745,False,False,No setup,0.0,None,None,0,No active J-Curve setup.,Neutral,0,Not applicable,No directional setup; confirmation score not applicable.,Wide CPR,Wide Upside Watch,Watch,Wide CPR + close above CPR; trend opposes; participation light,0,0,-2,-2
2026-09-30,2026-09-30,CM,NSE,STK,762954,INE064A01026,TIMEX,EQ,,,,,TIMEX GROUP INDIA LTD.,729.1,746.4,713.2,719.55,716.8,729.1,,719.61,,,317889,231303865.9,17200,F1,1,,,,,,Cash Only,Diversified,False,747.0,683.1,729.1,719.7333333333332,715.05,724.4166666666665,724.4166666666665,715.05,9.36666666666656,1.2846888858409766,Wide,Bullish,Inside CPR,726.3833333333332,729.8,722.9666666666665,729.8,722.9666666666665,6.833333333333485,0.9496676163343041,Wide,False,False,0.8,60,185260934.225,False,False,Overlapping,True,Risk Off,False,None,37.135714285714286,609.22,535.6985,0.2522279925626694,1.248530171067154,True,True,No setup,0.0,None,None,0,No active J-Curve setup.,Neutral,0,Not applicable,No directional setup; confirmation score not applicable.,Wide CPR,Wide Consolidation,Watch,Wide CPR + close inside CPR; consolidation/range watch,0,0,0,0
2026-09-30,2026-09-30,CM,NSE,STK,6718,INE806T01020,SAPPHIRE,EQ,,,,,SAPPHIRE FOODS INDIA LTD,211.48,216.92,209.45,212.08,210.95,211.05,,212.08,,,448922,95760440.06,19895,F1,1,,,,,,Cash Only,Consumer Services,True,224.13,206.1,211.05,213.76,215.115,212.40499999999997,215.115,212.40499999999997,2.7100000000000364,1.2840559109215997,Wide,Bearish,Below CPR,212.8166666666667,213.185,212.44833333333338,213.185,212.44833333333338,0.736666666666622,0.34735320005027437,Moderate,False,False,0.5666666666666667,60,163245052.39,False,False,Lower,True,Risk Off,False,None,9.124999999999998,220.188,200.57289999999998,0.29698630136986703,0.5866054661872623,False,True,No setup,0.0,None,None,0,No active J-Curve setup.,Neutral,0,Not applicable,No directional setup; confirmation score not applicable.,Wide CPR,Wide Downside Watch,Watch,Wide CPR + close below CPR; trend mixed; participation light,0,0,0,0
2026-09-30,2026-09-30,CM,NSE,STK,11082,INE908V01012,LIBAS,EQ,,,,,LIBAS CONSU PRODUCTS LTD,11.63,12.05,11.42,11.87,11.88,11.98,,11.87,,,30725,360730.26,235,F1,1,,,,,,Cash Only,Diversified,False,12.29,11.21,11.98,11.826666666666668,11.75,11.903333333333336,11.903333333333336,11.75,0.15333333333333599,1.2799109627156593,Wide,Bullish,Inside CPR,11.78,11.735,11.825,11.825,11.735,0.08999999999999986,0.7582139848357192,Wide,False,False,1.0,60,304578.305,False,False,Lower,True,Risk Off,False,None,1.0399999999999998,10.529200000000001,11.153699999999999,0.14743589743590002,1.1843596673768344,True,True,No setup,0.0,None,None,0,No active J-Curve setup.,Neutral,0,Not applicable,No directional setup; confirmation score not applicable.,Wide CPR,Wide Consolidation,Watch,Wide CPR + close inside CPR; consolidation/range watch,0,0,0,0
2026-09-30,2026-09-30,CM,NSE,STK,13421,INE296H01011,EMKAY,EQ,,,,,EMKAY GLOBAL FIN SERV LTD,284.7,289.05,277.05,278.2,277.1,282.6,,278.19,,,41969,11848192.35,1301,F1,1,,,,,,Cash Only,Diversified,False,295.05,281.0,282.6,286.21666666666664,288.025,284.4083333333333,288.025,284.4083333333333,3.6166666666666742,1.2797829676810595,Wide,Bearish,Below CPR,281.43333333333334,283.05,279.81666666666666,283.05,279.81666666666666,3.2333333333333485,1.1622334052240648,Wide,False,False,0.8833333333333333,60,6269650.5649999995,False,False,Higher,True,Risk Off,False,None,13.617857142857138,248.74380000000002,252.143,0.26558265582655893,1.8897691708915838,True,True,No setup,0.0,None,None,0,No active J-Curve setup.,Neutral,0,Not applicable,No directional setup; confirmation score not applicable.,Wide CPR,Wide Downside Watch,Watch,Wide CPR + close below CPR; trend opposes; participation confirmed,0,0,0,0
2026-09-30,2026-09-30,CM,NSE,STK,25672,INE184O01015,DIFFNKG,EQ,,,,,DIFFUSION ENGINEERS LTD,451.45,452.0,435.1,438.75,439.6,448.15,,438.76,,,78332,34611028.4,3833,F1,1,,,,,,Cash Only,Diversified,False,450.6,428.5,448.15,442.4166666666667,439.55,445.28333333333336,445.28333333333336,439.55,5.7333333333333485,1.2793335564729107,Wide,Bullish,Below CPR,441.95,443.55,440.34999999999997,443.55,440.34999999999997,3.2000000000000455,0.7293447293447397,Moderate,False,False,0.8833333333333333,60,43055251.175,False,False,Higher,True,Risk Off,False,None,19.949999999999992,420.552,390.0060000000001,0.2873851294903935,0.8038747296891132,True,True,No setup,0.0,None,None,0,No active J-Curve setup.,Neutral,0,Not applicable,No directional setup; confirmation score not applicable.,Wide CPR,Wide Downside Watch,Watch,Wide CPR + close below CPR; trend opposes; participation light,0,0,0,0
2026-09-30,2026-09-30,CM,NSE,STK,10299,INE050001010,PPL,BE,,,,,PRAKASH PIPES LIMITED,249.45,255.2,245.1,253.35,252.0,251.5,,253.41,,,11802,2978033.8,239,F1,1,,,,,,Cash Only,Diversified,False,255.0,238.35,251.5,248.28333333333333,246.675,249.89166666666665,249.89166666666665,246.675,3.21666666666664,1.2789927104042307,Wide,Bullish,Above CPR,251.21666666666667,250.14999999999998,252.28333333333336,252.28333333333336,250.14999999999998,2.1333333333333826,0.8420498651404709,Wide,False,False,0.9166666666666666,60,20351883.48,False,False,Lower,True,Risk Off,False,None,13.396428571428563,249.1782,224.42520000000002,0.2401137474451239,0.1463271840626713,True,True,No setup,0.0,None,None,0,No active J-Curve setup.,Neutral,0,Not applicable,No directional setup; confirmation score not applicable.,Wide CPR,Wide Upside Watch,Watch,Wide CPR + close above CPR; trend aligned; participation light,0,0,0,0
2026-09-30,2026-09-30,CM,NSE,STK,474,INE470A01017,3MINDIA,EQ,,,,,3M INDIA LIMITED,31890.0,32695.0,31890.0,32160.0,31905.0,31890.0,,32158.63,,,3548,114749275.0,2370,F1,1,,,,,,Cash Only,Diversified,True,33400.0,31600.0,31890.0,32296.666666666668,32500.0,32093.333333333336,32500.0,32093.333333333336,406.66666666666424,1.2752168913975046,Wide,Bearish,Inside CPR,32248.333333333332,32292.5,32204.166666666664,32292.5,32204.166666666664,88.33333333333576,0.27466832504146693,Moderate,False,False,0.6333333333333333,60,98416330.0,False,False,Lower,True,Risk Off,False,None,1055.7142857142858,34269.7,33689.5,0.38520523229589304,1.1659576718619766,False,False,No setup,0.0,None,None,0,No active J-Curve setup.,Neutral,0,Not applicable,No directional setup; confirmation score not applicable.,Wide CPR,Wide Consolidation,Watch,Wide CPR + close inside CPR; consolidation/range watch,0,0,0,0
2026-09-30,2026-09-30,CM,NSE,STK,23142,INE772T01024,PVSL,EQ,,,,,POPULAR VEHICLES N SER L,95.02,99.96,95.0,95.5,95.35,97.01,,95.5,,,15961,1524855.48,512,F1,1,,,,,,Cash Only,Diversified,False,102.5,95.23,97.01,98.24666666666667,98.86500000000001,97.62833333333333,98.86500000000001,97.62833333333333,1.2366666666666788,1.2747826684534365,Wide,Bearish,Below CPR,96.82,97.47999999999999,96.16,97.47999999999999,96.16,1.3199999999999932,1.382198952879574,Wide,False,False,0.6,60,2958024.49,False,False,Lower,True,Risk Off,False,None,3.669285714285716,105.801,101.9158,0.33703199013691837,0.5154979227369412,False,False,No setup,0.0,None,None,0,No active J-Curve setup.,Neutral,0,Not applicable,No directional setup; confirmation score not applicable.,Wide CPR,Wide Downside Watch,Watch,Wide CPR + close below CPR; trend aligned; participation light,0,-2,0,-2
2026-09-30,2026-09-30,CM,NSE,STK,2303,INE066F01020,HAL,EQ,,,,,HINDUSTAN AERONAUTICS LTD,4640.0,4701.0,4614.7,4668.0,4668.0,4549.3,,4667.88,,,1233758,5759356710.6,62129,F1,1,,,,,,F&O + Cash,Capital Goods,True,4723.1,4549.3,4549.3,4607.233333333334,4636.200000000001,4578.266666666666,4636.200000000001,4578.266666666666,57.9333333333343,1.2734559895661817,Wide,Bearish,Above CPR,4661.233333333334,4657.85,4664.616666666667,4664.616666666667,4657.85,6.766666666666424,0.14495858326191996,Narrow,False,False,0.5166666666666667,60,3149648076.3,False,False,Lower,True,Risk Off,False,None,109.74999999999987,4812.558,4604.29,0.527866362946099,1.8285715010312247,False,True,No setup,0.0,None,None,0,No active J-Curve setup.,Neutral,0,Not applicable,No directional setup; confirmation score not applicable.,Wide CPR,Wide Upside Watch,Watch,Wide CPR + close above CPR; trend mixed; participation confirmed,0,0,0,0
2026-09-30,2026-09-30,CM,NSE,STK,764803,INE839E01023,ODYCORP,EQ,,,,,ODYSSEY CORPORATION LTD.,7.07,7.08,6.67,6.97,6.98,7.08,,7.03,,,6337,43444.15,48,F1,1,,,,,,Cash Only,Diversified,False,7.09,6.8,7.08,6.989999999999999,6.945,7.034999999999998,7.034999999999998,6.945,0.08999999999999808,1.271186440677939,Wide,Bullish,Inside CPR,6.906666666666666,6.875,6.938333333333333,6.938333333333333,6.875,0.06333333333333258,0.9086561453849723,Wide,False,False,0.5483870967741935,31,278095.85,False,False,Lower,True,Risk Off,False,None,0.5821428571428571,,,0.15460122699386175,0.15622005865963123,False,False,No setup,0.0,None,None,0,No active J-Curve setup.,Neutral,0,Not applicable,No directional setup; confirmation score not applicable.,Wide CPR,Wide Consolidation,Watch,Wide CPR + close inside CPR; consolidation/range watch,0,0,0,0
2026-09-30,2026-09-30,CM,NSE,STK,9422,INE625X01026,SILVERTUC,EQ,,,,,SILVER TOUCH TECHNO LTD,141.5,144.8,138.86,140.49,143.6,140.59,,140.45,,,261015,36759614.34,3885,F1,1,,,,,,Cash Only,Diversified,False,147.27,139.26,140.59,142.37333333333333,143.265,141.48166666666668,143.265,141.48166666666668,1.783333333333303,1.2684638547075204,Wide,Bearish,Below CPR,141.38333333333335,141.83,140.9366666666667,141.83,140.9366666666667,0.8933333333333167,0.6358696941656464,Moderate,False,False,0.9666666666666667,60,85474612.35499999,False,False,Lower,True,Risk Off,False,None,9.470000000000002,179.4556,177.92770000000002,0.18831397395283025,0.4300647095926804,False,False,No setup,0.0,None,None,0,No active J-Curve setup.,Neutral,0,Not applicable,No directional setup; confirmation score not applicable.,Wide CPR,Wide Downside Watch,Watch,Wide CPR + close below CPR; trend aligned; participation light,0,0,0,0
2026-09-30,2026-09-30,CM,NSE,STK,5401,INE236Y01012,NGIL,EQ,,,,,NAKODA GROUP OF IND. LTD,41.0,41.98,39.07,39.11,39.11,39.72,,39.2,,,36513,1456317.18,109,F1,1,,,,,,Cash Only,Diversified,False,41.75,39.2,39.72,40.223333333333336,40.475,39.97166666666667,40.475,39.97166666666667,0.5033333333333303,1.267203759650882,Wide,Bearish,Below CPR,40.053333333333335,40.525,39.58166666666667,40.525,39.58166666666667,0.943333333333328,2.4120003409187625,Wide,False,False,0.8166666666666667,60,1202806.4100000001,False,False,Higher,True,Risk Off,False,None,2.9257142857142866,37.6398,31.6463,0.17203776041666557,1.2107660616806988,True,True,No setup,0.0,None,None,0,No active J-Curve setup.,Neutral,0,Not applicable,No directional setup; confirmation score not applicable.,Wide CPR,Wide Downside Watch,Watch,Wide CPR + close below CPR; trend opposes; participation confirmed,0,0,0,0
2026-09-30,2026-09-30,CM,NSE,STK,2595,INE105C01023,3PLAND,EQ,,,,,3P LAND HOLDINGS LIMITED,32.0,32.0,30.9,31.01,31.0,31.87,,31.01,,,1104,34224.95,55,F1,1,,,,,,Cash Only,Diversified,False,32.48,30.05,31.87,31.46666666666667,31.265,31.668333333333337,31.668333333333337,31.265,0.403333333333336,1.2655579960255288,Wide,Bullish,Below CPR,31.30333333333333,31.45,31.156666666666663,31.45,31.156666666666663,0.29333333333333655,0.9459314199720623,Wide,False,False,0.06666666666666667,60,66457.60500000001,True,True,Higher,True,Risk Off,True,None,1.8849999999999987,31.791,32.0192,0.2139699381078707,0.5149892175620833,False,False,No setup,0.0,None,None,0,No active J-Curve setup.,Neutral,0,Not applicable,No directional setup; confirmation score not applicable.,Wide CPR,Wide Downside Watch,Watch,Wide CPR + close below CPR; trend aligned; participation light,0,0,-2,-2
2026-09-30,2026-09-30,CM,NSE,STK,24937,INE0US801024,MFML,EQ,,,,,MAHALAXMI FABRIC MILLS LT,18.46,19.84,18.37,18.63,18.8,18.46,,18.78,,,14210,270534.99,135,F1,1,,,,,,Cash Only,Diversified,False,19.51,18.11,18.46,18.693333333333335,18.810000000000002,18.576666666666668,18.810000000000002,18.576666666666668,0.23333333333333428,1.2639942217407056,Wide,Bearish,Inside CPR,18.94666666666667,19.105,18.788333333333338,19.105,18.788333333333338,0.3166666666666629,1.699767400250472,Wide,False,False,0.38333333333333336,60,51496.11,False,False,Overlapping,True,Risk Off,False,None,1.5971428571428565,18.866400000000002,20.815900000000003,0.14609421586165838,5.253503419967061,False,False,No setup,0.0,None,None,0,No active J-Curve setup.,Neutral,0,Not applicable,No directional setup; confirmation score not applicable.,Wide CPR,Wide Consolidation,Watch,Wide CPR + close inside CPR; consolidation/range watch,0,0,0,0
2026-09-30,2026-09-30,CM,NSE,STK,765451,INE16W401027,AUGMONT,EQ,,,,,AUGMONT ENTERPRISES LTD,1074.0,1138.5,1014.3,1086.55,1098.0,1062.2,,1086.8,,,2989279,3156296720.05,102537,F1,1,,,,,,Cash Only,Diversified,False,1062.2,1022.0,1062.2,1048.8,1042.1,1055.5,1055.5,1042.1,13.400000000000091,1.2615326680474572,Wide,Bullish,Above CPR,1079.7833333333335,1076.4,1083.166666666667,1083.166666666667,1076.4,6.766666666666879,0.6227662479100713,Moderate,False,False,0.9047619047619048,21,936583272.15,False,False,Higher,True,Risk Off,False,None,53.83928571428574,,,0.24888888888889046,3.3700118440130526,False,False,No setup,0.0,None,None,0,No active J-Curve setup.,Neutral,0,Not applicable,No directional setup; confirmation score not applicable.,Wide CPR,Wide Upside Watch,Watch,Wide CPR + close above CPR; trend opposes; participation confirmed,0,0,0,0
2026-09-30,2026-09-30,CM,NSE,STK,18024,INE023M01027,SETUINFRA,BZ,,,,,SETUBANDHAN INFRA LTD,0.52,0.52,0.52,0.52,0.52,0.53,,0.52,,,12422,6459.44,14,F1,1,,,,,,Cash Only,Real Estate & Infra,False,0.55,0.53,0.53,0.5366666666666667,0.54,0.5333333333333334,0.54,0.5333333333333334,0.006666666666666599,1.2578616352201129,Wide,Bearish,Below CPR,0.52,0.52,0.52,0.52,0.52,0.0,0.0,Narrow,False,False,0.85,20,15418.335,False,False,Lower,True,Risk Off,False,Bearish Virgin,0.022857142857142854,,,0.29166666666666374,0.4189453660203907,False,False,No setup,0.0,None,None,0,No active J-Curve setup.,Neutral,0,Not applicable,No directional setup; confirmation score not applicable.,Wide CPR,Wide Downside Watch,Watch,Wide CPR + close below CPR; trend aligned; participation light,0,0,0,0
2026-09-30,2026-09-30,CM,NSE,STK,18564,INE010V01017,LTTS,EQ,,,,,L&T TECHNOLOGY SER. LTD.,3100.0,3254.9,3100.0,3228.6,3209.4,3081.6,,3228.2,,,146167,466698933.8,29043,F1,1,,,,,,Cash Only,Information Technology,True,3227.3,3051.8,3081.6,3120.2333333333336,3139.55,3100.916666666667,3139.55,3100.916666666667,38.63333333333321,1.2536777431637205,Wide,Bearish,Above CPR,3194.5,3177.45,3211.55,3211.55,3177.45,34.100000000000364,1.0561853434925468,Wide,False,False,0.25,60,277258555.6,False,False,Lower,True,Risk Off,True,None,82.52857142857144,3458.8460000000005,3419.425,0.4681207085569196,1.6832625157050338,False,False,No setup,0.0,None,None,0,No active J-Curve setup.,Neutral,0,Not applicable,No directional setup; confirmation score not applicable.,Wide CPR,Wide Upside Watch,Watch,Wide CPR + close above CPR; trend opposes; participation confirmed,0,0,0,0
2026-09-30,2026-09-30,CM,NSE,STK,25855,INE692Z01013,AFFORDABLE,EQ,,,,,AFFORD ROBO & AUTO LTD,176.2,176.85,168.0,171.1,171.99,173.52,,171.1,,,23394,4051176.63,586,F1,1,,,,,,Cash Only,Diversified,False,175.4,165.12,173.52,171.34666666666666,170.26,172.43333333333334,172.43333333333334,170.26,2.173333333333346,1.2524973105886044,Wide,Bullish,Inside CPR,171.98333333333335,172.425,171.54166666666669,172.425,171.54166666666669,0.8833333333333258,0.5162672900837673,Moderate,False,False,0.7666666666666667,60,5994271.055,False,False,Lower,True,Risk Off,False,None,9.524285714285712,161.8116,177.59350000000003,0.2281885905704729,0.6758414147156047,True,False,No setup,0.0,None,None,0,No active J-Curve setup.,Neutral,0,Not applicable,No directional setup; confirmation score not applicable.,Wide CPR,Wide Consolidation,Watch,Wide CPR + close inside CPR; consolidation/range watch,0,0,0,0
2026-09-30,2026-09-30,CM,NSE,STK,10922,INE090B01011,OMAXAUTO,EQ,,,,,OMAX AUTOS LTD,200.0,207.5,198.02,200.32,200.0,198.48,,200.32,,,53737,10870200.78,974,F1,1,,,,,,Cash Only,Automobile & Ancillary,False,208.0,196.36,198.48,200.9466666666667,202.18,199.71333333333337,202.18,199.71333333333337,2.46666666666664,1.2427784495498992,Wide,Bearish,Inside CPR,201.94666666666663,202.76,201.13333333333327,202.76,201.13333333333327,1.626666666666722,0.8120340788072694,Wide,False,False,0.7833333333333333,60,10881644.370000001,False,False,Outside,True,Risk Off,False,None,12.18285714285714,176.19799999999998,141.5956,0.20247029393370644,0.998948358390433,True,True,No setup,0.0,None,None,0,No active J-Curve setup.,Neutral,0,Not applicable,No directional setup; confirmation score not applicable.,Wide CPR,Wide Consolidation,Watch,Wide CPR + close inside CPR; consolidation/range watch,0,2,0,2
2026-09-30,2026-09-30,CM,NSE,STK,13565,INE278B01020,RAMANEWS,EQ,,,,,SHREE RAMA NEWSPRINT LTD,30.65,31.48,30.01,30.27,30.21,30.31,,30.27,,,6718,205456.59,106,F1,1,,,,,,Cash Only,Diversified,False,31.58,30.17,30.31,30.686666666666667,30.875,30.498333333333335,30.875,30.498333333333335,0.37666666666666515,1.242714175739575,Wide,Bearish,Below CPR,30.58666666666667,30.745,30.428333333333338,30.745,30.428333333333338,0.3166666666666629,1.0461402929192696,Wide,False,False,0.6,60,545602.0599999999,False,False,Lower,True,Risk Off,False,None,1.6007142857142858,31.4236,30.425300000000004,0.2353116168377203,0.376568574539473,False,False,No setup,0.0,None,None,0,No active J-Curve setup.,Neutral,0,Not applicable,No directional setup; confirmation score not applicable.,Wide CPR,Wide Downside Watch,Watch,Wide CPR + close below CPR; trend aligned; participation light,0,0,0,0
2026-09-30,2026-09-30,CM,NSE,STK,764126,INE17IR01028,LASERPOWER,EQ,,,,,LASER POWER & INFRA LTD,269.75,277.0,262.25,263.85,263.0,270.45,,263.84,,,490611,132635783.05,9958,F1,1,,,,,,Cash Only,Power & Utilities,False,273.7,257.15,270.45,267.09999999999997,265.42499999999995,268.775,268.775,265.42499999999995,3.3500000000000227,1.2386762802736266,Wide,Bullish,Below CPR,267.7,269.625,265.775,269.625,265.775,3.8500000000000227,1.4591624028804329,Wide,False,False,0.7735849056603774,53,393438333.05,False,False,Lower,True,Risk Off,False,None,12.59285714285714,297.8388,,0.26602382302892985,0.3371196243685386,False,False,No setup,0.0,None,None,0,No active J-Curve setup.,Neutral,0,Not applicable,No directional setup; confirmation score not applicable.,Wide CPR,Wide Downside Watch,Watch,Wide CPR + close below CPR; trend aligned; participation light,0,0,0,0
2026-09-30,2026-09-30,CM,NSE,STK,3963,INE077F01035,GOCLCORP,EQ,,,,,GOCL CORPORATION LIMITED,364.7,370.6,360.65,362.45,360.65,363.65,,362.45,,,64481,23563659.9,2914,F1,1,,,,,,Cash Only,Diversified,False,381.05,359.75,363.65,368.1499999999999,370.4,365.89999999999986,370.4,365.89999999999986,4.500000000000114,1.2374535954902006,Wide,Bearish,Below CPR,364.56666666666666,365.625,363.5083333333333,365.625,363.5083333333333,2.1166666666666742,0.5839885961282038,Moderate,False,False,0.5666666666666667,60,30088067.175,True,True,Lower,True,Risk Off,False,None,20.492857142857144,409.165,395.49299999999994,0.21958870686650955,0.7831563178501179,False,False,No setup,0.0,None,None,0,No active J-Curve setup.,Neutral,0,Not applicable,No directional setup; confirmation score not applicable.,Wide CPR,Wide Downside Watch,Watch,Wide CPR + close below CPR; trend aligned; participation light,0,0,0,0
2026-09-30,2026-09-30,CM,NSE,STK,29210,INE965H01011,SITINET,BZ,,,,,SITI NETWORKS LIMITED,0.28,0.28,0.27,0.27,0.28,0.27,,0.27,,,378627,104688.21,184,F1,1,,,,,,Cash Only,Diversified,False,0.28,0.27,0.27,0.2733333333333334,0.275,0.2716666666666667,0.275,0.2716666666666667,0.0033333333333332993,1.2345679012345552,Wide,Bearish,Below CPR,0.2733333333333334,0.275,0.2716666666666667,0.275,0.2716666666666667,0.0033333333333332993,1.2345679012345552,Wide,False,False,0.95,20,127604.23000000001,False,False,Lower,True,Risk Off,False,None,0.013571428571428543,,,0.2456140350877173,0.8204133201540419,False,False,No setup,0.0,None,None,0,No active J-Curve setup.,Neutral,0,Not applicable,No directional setup; confirmation score not applicable.,Wide CPR,Wide Downside Watch,Watch,Wide CPR + close below CPR; trend aligned; participation light,0,0,0,0
2026-09-30,2026-09-30,CM,NSE,STK,764255,INE11XY01018,CMLL,EQ,,,,,CALIBER MINING AND LOG L,547.05,553.55,529.0,532.05,534.0,542.9,,532.08,,,314749,170509751.85,11311,F1,1,,,,,,Cash Only,Diversified,False,552.05,513.65,542.9,536.1999999999999,532.8499999999999,539.55,539.55,532.8499999999999,6.7000000000000455,1.2341130963345084,Wide,Bullish,Below CPR,538.1999999999999,541.275,535.1249999999999,541.275,535.1249999999999,6.150000000000091,1.1559063997744745,Wide,False,False,0.3829787234042553,47,274164773.0,True,False,Higher,True,Risk Off,False,None,19.521428571428565,,,0.343212586900844,0.6219243631638992,False,False,No setup,0.0,None,None,0,No active J-Curve setup.,Neutral,0,Not applicable,No directional setup; confirmation score not applicable.,Wide CPR,Wide Downside Watch,Watch,Wide CPR + close below CPR; trend aligned; participation light,0,0,0,0
2026-09-30,2026-09-30,CM,NSE,STK,15380,INE634S01028,MANKIND,EQ,,,,,MANKIND PHARMA LIMITED,2545.0,2552.0,2455.0,2503.8,2503.8,2545.0,,2503.8,,,1311278,3285399344.5,51912,F1,1,,,,,,F&O + Cash,Healthcare,True,2559.0,2436.8,2545.0,2513.6,2497.9,2529.2999999999997,2529.2999999999997,2497.9,31.399999999999636,1.2337917485265084,Wide,Bullish,Inside CPR,2503.6,2503.5,2503.7,2503.7,2503.5,0.1999999999998181,0.00798785845514091,Narrow,False,False,0.75,60,813148635.0,False,False,Higher,True,Risk Off,False,None,65.0714285714286,2419.0480000000002,2436.68,0.48254665203072966,4.040342937426194,True,True,No setup,0.0,None,None,0,No active J-Curve setup.,Neutral,0,Not applicable,No directional setup; confirmation score not applicable.,Wide CPR,Wide Consolidation,Watch,Wide CPR + close inside CPR; consolidation/range watch,0,0,0,0
2026-09-30,2026-09-30,CM,NSE,STK,1153,INE159A01016,GLAXO,EQ,,,,,GLAXOSMITHKLINE PHARMA LT,2783.8,2813.6,2752.1,2769.3,2780.1,2783.8,,2769.29,,,45801,127141263.4,10225,F1,1,,,,,,Cash Only,Healthcare,True,2899.9,2770.6,2783.8,2818.1,2835.25,2800.95,2835.25,2800.95,34.30000000000018,1.2321287448811042,Wide,Bearish,Below CPR,2778.3333333333335,2782.85,2773.816666666667,2782.85,2773.816666666667,9.033333333332848,0.32619554881496576,Moderate,False,False,0.2833333333333333,60,170790770.39999998,False,False,Outside,True,Risk Off,False,None,87.6714285714286,2791.8379999999997,2563.416,0.3912335017109356,0.7444270150092375,False,True,No setup,0.0,None,None,0,No active J-Curve setup.,Neutral,0,Not applicable,No directional setup; confirmation score not applicable.,Wide CPR,Wide Downside Watch,Watch,Wide CPR + close below CPR; trend mixed; participation light,0,0,0,0
2026-09-30,2026-09-30,CM,NSE,STK,12015,INE065D01027,AEROENTER,EQ,,,,,AEROFLEX ENTERPRISES LTD,125.5,126.99,122.71,124.0,123.53,124.7,,124.02,,,231674,28918594.54,3688,F1,1,,,,,,Cash Only,Diversified,False,126.0,118.81,124.7,123.17,122.405,123.935,123.935,122.405,1.5300000000000011,1.226944667201284,Wide,Bullish,Above CPR,124.56666666666666,124.85,124.28333333333333,124.85,124.28333333333333,0.5666666666666629,0.45698924731182494,Moderate,False,False,0.5666666666666667,60,75098261.985,False,False,Lower,True,Risk Off,False,None,9.062142857142858,130.475,122.24480000000001,0.1688342397729961,0.3850767484575895,False,True,No setup,0.0,None,None,0,No active J-Curve setup.,Neutral,0,Not applicable,No directional setup; confirmation score not applicable.,Wide CPR,Wide Upside Watch,Watch,Wide CPR + close above CPR; trend mixed; participation light,0,2,0,2
2026-09-30,2026-09-30,CM,NSE,STK,7165,INE287C01037,MICEL,BE,,,,,MIC ELECTRONICS LTD,36.22,36.72,36.22,36.72,36.72,36.0,,36.22,,,194181,7106919.08,586,F1,1,,,,,,Cash Only,Diversified,False,36.0,34.68,36.0,35.56,35.34,35.78,35.78,35.34,0.4399999999999977,1.2222222222222159,Wide,Bullish,Above CPR,36.553333333333335,36.47,36.63666666666667,36.63666666666667,36.47,0.1666666666666714,0.45388525780683936,Moderate,False,False,0.1,60,18155520.314999998,True,True,Lower,True,Risk Off,True,Bullish Virgin,0.5600000000000003,39.7248,39.4309,0.7857142857142813,0.39144673117014994,False,False,No setup,0.0,None,None,0,No active J-Curve setup.,Neutral,0,Not applicable,No directional setup; confirmation score not applicable.,Wide CPR,Wide Upside Watch,Watch,Wide CPR + close above CPR; trend opposes; participation light,0,0,0,0
2026-09-30,2026-09-30,CM,NSE,STK,16682,INE596F01018,PTCIL,EQ,,,,,PTC INDUSTRIES LIMITED,22535.0,23245.0,22035.0,22190.0,22075.0,22535.0,,22190.13,,,20719,469975045.0,8645,F1,1,,,,,,Cash Only,Capital Goods,True,22690.0,21555.0,22535.0,22260.0,22122.5,22397.5,22397.5,22122.5,275.0,1.2203239405369426,Wide,Bullish,Inside CPR,22490.0,22640.0,22340.0,22640.0,22340.0,300.0,1.35196034249662,Wide,False,False,0.4666666666666667,60,338726903.5,False,False,Higher,True,Risk Off,False,None,847.5,20611.6,19045.92,0.32448377581120946,1.3874748068247258,True,True,No setup,0.0,None,None,0,No active J-Curve setup.,Neutral,0,Not applicable,No directional setup; confirmation score not applicable.,Wide CPR,Wide Consolidation,Watch,Wide CPR + close inside CPR; consolidation/range watch,0,0,0,0
2026-09-30,2026-09-30,CM,NSE,STK,11821,INE191B01025,WELCORP,EQ,,,,,WELSPUN CORP LIMITED,2802.0,2835.8,2700.9,2717.0,2720.7,2842.0,,2716.96,,,1718055,4714433601.2,116570,F1,1,,,,,,Cash Only,Capital Goods,True,2900.0,2680.5,2842.0,2807.5,2790.25,2824.75,2824.75,2790.25,34.5,1.2139338494018297,Wide,Bullish,Below CPR,2751.2333333333336,2768.3500000000004,2734.116666666667,2768.3500000000004,2734.116666666667,34.233333333333576,1.2599681020733742,Wide,False,False,0.45,60,2398257333.05,False,False,Outside,True,Risk Off,False,None,160.34285714285718,2203.036,1816.728,0.21516393442622944,1.9657747049205878,True,True,No setup,0.0,None,None,0,No active J-Curve setup.,Neutral,0,Not applicable,No directional setup; confirmation score not applicable.,Wide CPR,Wide Downside Watch,Watch,Wide CPR + close below CPR; trend opposes; participation confirmed,0,0,0,0
2026-09-30,2026-09-30,CM,NSE,STK,757801,INE05J901018,IGCL,EQ,,,,,INDOGULF CROPSCIENCES LTD,58.75,59.1,56.15,56.8,56.65,57.15,,56.79,,,95296,5448047.1,4391,F1,1,,,,,,Cash Only,Diversified,False,59.88,56.5,57.15,57.843333333333334,58.19,57.49666666666667,58.19,57.49666666666667,0.693333333333328,1.2131816856226214,Wide,Bearish,Below CPR,57.35,57.625,57.075,57.625,57.075,0.5499999999999972,0.9683098591549246,Wide,False,False,0.9666666666666667,60,7478044.115,False,False,Lower,True,Risk Off,False,None,3.255714285714285,70.81739999999999,67.26650000000001,0.2129589001023825,0.7285390425916202,False,False,No setup,0.0,None,None,0,No active J-Curve setup.,Neutral,0,Not applicable,No directional setup; confirmation score not applicable.,Wide CPR,Wide Downside Watch,Watch,Wide CPR + close below CPR; trend aligned; participation light,0,0,0,0
2026-09-30,2026-09-30,CM,NSE,STK,4010,INE362A01016,PVP,EQ,,,,,PVP VENTURES LIMITED,54.5,56.88,53.12,53.12,53.12,55.91,,53.13,,,2852031,154740134.02,8906,F1,1,,,,,,Cash Only,Diversified,False,57.94,55.91,55.91,56.586666666666666,56.925,56.248333333333335,56.925,56.248333333333335,0.6766666666666623,1.2102784236570603,Wide,Bearish,Below CPR,54.373333333333335,55.0,53.74666666666667,55.0,53.74666666666667,1.2533333333333303,2.3594377510040103,Wide,False,False,0.2833333333333333,60,52240501.115,True,False,Lower,True,Risk Off,False,None,3.7714285714285714,47.8038,38.3819,0.17941919191919076,2.9620721608194702,True,True,No setup,0.0,None,None,0,No active J-Curve setup.,Neutral,0,Not applicable,No directional setup; confirmation score not applicable.,Wide CPR,Wide Downside Watch,Watch,Wide CPR + close below CPR; trend opposes; participation confirmed,0,0,0,0
2026-09-30,2026-09-30,CM,NSE,STK,18211,INE609C01024,ORIENTLTD,BE,,,,,ORIENT PRESS LIMITED,76.02,78.23,76.02,78.23,78.23,79.9,,78.23,,,781,59749.53,22,F1,1,,,,,,Cash Only,Diversified,False,79.9,77.0,79.9,78.93333333333334,78.45,79.41666666666667,79.41666666666667,78.45,0.9666666666666686,1.2098456403838154,Wide,Bullish,Below CPR,77.49333333333334,77.125,77.86166666666668,77.86166666666668,77.125,0.7366666666666788,0.941667731901673,Wide,False,False,0.25,60,257859.65499999997,False,False,Overlapping,True,Risk Off,True,Bearish Virgin,3.3714285714285728,76.376,69.3682,0.28672316384180835,0.231713371368623,True,True,No setup,0.0,None,None,0,No active J-Curve setup.,Neutral,0,Not applicable,No directional setup; confirmation score not applicable.,Wide CPR,Wide Downside Watch,Watch,Wide CPR + close below CPR; trend opposes; participation light,0,0,0,0
2026-09-30,2026-09-30,CM,NSE,STK,20196,INE844K01012,BEDMUTHA,EQ,,,,,BEDMUTHA INDUST LTD,109.2,111.97,105.1,109.96,107.81,107.46,,109.96,,,7028,763515.02,125,F1,1,,,,,,Cash Only,Diversified,False,112.2,106.62,107.46,108.75999999999999,109.41,108.10999999999999,109.41,108.10999999999999,1.3000000000000114,1.2097524660338839,Wide,Bearish,Above CPR,109.00999999999999,108.535,109.48499999999999,109.48499999999999,108.535,0.9499999999999886,0.8639505274645222,Wide,False,False,0.8,60,327868.47,True,False,Inside,True,Risk Off,False,None,5.152142857142856,108.7916,111.2807,0.2523221960349392,2.328723527455995,True,False,No setup,0.0,None,None,0,No active J-Curve setup.,Neutral,0,Not applicable,No directional setup; confirmation score not applicable.,Wide CPR,Wide Upside Watch,Watch,Wide CPR + close above CPR; trend mixed; participation confirmed,0,0,0,0
2026-09-30,2026-09-30,CM,NSE,STK,18365,INE262H01021,PERSISTENT,EQ,,,,,PERSISTENT SYSTEMS LTD,5200.0,5397.0,5200.0,5279.0,5279.0,5162.0,,5279.01,,,611251,3232685006.5,47849,F1,1,,,,,,F&O + Cash,Information Technology,True,5348.5,5162.0,5162.0,5224.166666666667,5255.25,5193.083333333334,5255.25,5193.083333333334,62.16666666666606,1.2043135735502917,Wide,Bearish,Above CPR,5292.0,5298.5,5285.5,5298.5,5285.5,13.0,0.2462587611290017,Narrow,False,False,0.03333333333333333,60,2287159097.5,True,True,Lower,True,Risk Off,True,None,149.92857142857142,5482.835999999999,5212.429,0.4146418929648999,1.4134062689532685,False,True,No setup,0.0,None,None,0,No active J-Curve setup.,Neutral,0,Not applicable,No directional setup; confirmation score not applicable.,Wide CPR,Wide Upside Watch,Watch,Wide CPR + close above CPR; trend mixed; participation confirmed,0,0,0,0
2026-09-30,2026-09-30,CM,NSE,STK,14952,INE227G01018,INDOWIND,EQ,,,,,INDOWIND ENERGY LTD,8.7,9.0,8.6,8.69,8.75,8.86,,8.7,,,115529,1013487.64,597,F1,1,,,,,,Cash Only,Power & Utilities,False,8.92,8.48,8.86,8.753333333333332,8.7,8.806666666666665,8.806666666666665,8.7,0.10666666666666558,1.203912716328054,Wide,Bullish,Below CPR,8.763333333333334,8.8,8.726666666666667,8.8,8.726666666666667,0.07333333333333414,0.8438818565400937,Wide,False,False,0.4166666666666667,60,1606801.5350000001,False,False,Lower,True,Risk Off,False,None,0.3149999999999998,9.462,9.501900000000001,0.3386243386243354,0.6307484887982758,False,False,No setup,0.0,None,None,0,No active J-Curve setup.,Neutral,0,Not applicable,No directional setup; confirmation score not applicable.,Wide CPR,Wide Downside Watch,Watch,Wide CPR + close below CPR; trend aligned; participation light,0,0,0,0
2026-09-30,2026-09-30,CM,NSE,STK,17094,INE299U01018,CROMPTON,EQ,,,,,CROMPT GREA CON ELEC LTD,212.0,214.56,208.67,208.67,208.67,211.37,,208.69,,,1957515,414613525.82,25209,F1,1,,,,,,F&O + Cash,Consumer Durables,True,219.0,211.37,211.37,213.91333333333333,215.185,212.64166666666665,215.185,212.64166666666665,2.5433333333333508,1.2032612638185887,Wide,Bearish,Below CPR,210.63333333333333,211.615,209.65166666666664,211.615,209.65166666666664,1.9633333333333667,0.9408795386655325,Wide,False,False,0.35,60,571875709.875,True,False,Lower,True,Risk Off,False,None,4.824285714285714,240.81859999999998,257.3738,0.5271937617214527,0.7250063583057685,False,False,No setup,0.0,None,None,0,No active J-Curve setup.,Neutral,0,Not applicable,No directional setup; confirmation score not applicable.,Wide CPR,Wide Downside Watch,Watch,Wide CPR + close below CPR; trend aligned; participation light,0,0,0,0
2026-09-30,2026-09-30,CM,NSE,STK,15347,INE871H01011,GSS,EQ,,,,,GSS INFOTECH LIMITED,10.97,10.97,10.18,10.37,10.21,10.25,,10.36,,,20250,211538.14,164,F1,1,,,,,,Cash Only,Diversified,False,10.79,10.08,10.25,10.373333333333333,10.434999999999999,10.311666666666667,10.434999999999999,10.311666666666667,0.1233333333333313,1.2032520325203053,Wide,Bearish,Inside CPR,10.506666666666666,10.575,10.438333333333333,10.575,10.438333333333333,0.13666666666666671,1.3179042108646744,Wide,False,False,0.7833333333333333,60,482906.74,False,False,Lower,True,Risk Off,False,None,0.6828571428571429,11.9868,12.668099999999999,0.1806136680613638,0.4380517447323266,False,False,No setup,0.0,None,None,0,No active J-Curve setup.,Neutral,0,Not applicable,No directional setup; confirmation score not applicable.,Wide CPR,Wide Consolidation,Watch,Wide CPR + close inside CPR; consolidation/range watch,0,0,0,0
2026-09-30,2026-09-30,CM,NSE,STK,766176,INE1EQW01028,SSRETAIL,EQ,,,,,SS RETAIL LIMITED,756.05,761.6,725.3,749.5,735.0,746.85,,749.65,,,13357301,9919129303.25,286361,F1,1,,,,,,Cash Only,Consumer & Retail,False,775.75,691.0,746.85,737.8666666666667,733.375,742.3583333333333,742.3583333333333,733.375,8.983333333333348,1.2028296623596904,Wide,Bullish,Above CPR,745.4666666666667,743.45,747.4833333333333,747.4833333333333,743.45,4.033333333333303,0.5381365354680857,Moderate,False,False,0.5,5,25720719642.8,False,False,Lower,False,Risk Off,False,None,,,,,0.385647425149967,False,False,No setup,0.0,None,None,0,No active J-Curve setup.,Neutral,0,Not applicable,No directional setup; confirmation score not applicable.,Wide CPR,Wide Upside Watch,Watch,Wide CPR + close above CPR; trend opposes; participation light,0,0,0,0
2026-09-30,2026-09-30,CM,NSE,STK,10530,INE597I01028,SHARDAMOTR,EQ,,,,,SHARDA MOTOR INDS LTD,964.75,986.85,953.05,956.95,957.0,971.25,,957.04,,,37174,36031344.5,5609,F1,1,,,,,,Cash Only,Diversified,False,976.5,931.0,971.25,959.5833333333334,953.75,965.4166666666667,965.4166666666667,953.75,11.666666666666742,1.201201201201209,Wide,Bullish,Inside CPR,965.6166666666668,969.95,961.2833333333335,969.95,961.2833333333335,8.666666666666515,0.9056551195638763,Wide,False,False,0.7166666666666667,60,36772050.025000006,False,False,Outside,True,Risk Off,False,None,39.271428571428565,903.8330000000001,876.5645,0.2970777252334202,0.9798568335326308,True,True,No setup,0.0,None,None,0,No active J-Curve setup.,Neutral,0,Not applicable,No directional setup; confirmation score not applicable.,Wide CPR,Wide Consolidation,Watch,Wide CPR + close inside CPR; consolidation/range watch,0,0,0,0
2026-09-30,2026-09-30,CM,NSE,STK,3787,INE075A01022,WIPRO,EQ,,,,,WIPRO LTD,157.01,161.73,157.01,158.5,158.5,156.79,,158.5,,,15966068,2549259844.27,107306,F1,1,,,,,,F&O + Cash,Information Technology,True,162.43,156.79,156.79,158.67,159.61,157.72999999999996,159.61,157.72999999999996,1.8800000000000523,1.1990560622489013,Wide,Bearish,Inside CPR,159.08,159.37,158.79000000000002,159.37,158.79000000000002,0.5799999999999841,0.3659305993690751,Moderate,False,False,0.7,60,1748311539.6100001,False,False,Lower,True,Risk Off,False,None,3.5907142857142804,176.41440000000003,181.0859,0.5235727073801626,1.458126762029306,False,False,No setup,0.0,None,None,0,No active J-Curve setup.,Neutral,0,Not applicable,No directional setup; confirmation score not applicable.,Wide CPR,Wide Consolidation,Watch,Wide CPR + close inside CPR; consolidation/range watch,0,0,0,0
2026-09-30,2026-09-30,CM,NSE,STK,8150,INE392A01021,VISAKAIND,BE,,,,,VISAKA INDUSTRIES LTD,86.68,87.88,83.0,83.58,84.4,87.07,,83.61,,,104474,8861918.49,622,F1,1,,,,,,Cash Only,Diversified,False,88.01,83.0,87.07,86.02666666666666,85.505,86.54833333333332,86.54833333333332,85.505,1.0433333333333223,1.198269591516392,Wide,Bullish,Below CPR,84.82,85.44,84.19999999999999,85.44,84.19999999999999,1.240000000000009,1.4836085187844092,Wide,False,False,0.6833333333333333,60,18595663.68,False,False,Lower,True,Risk Off,False,None,4.142142857142859,90.42939999999999,83.47099999999999,0.25188250847847055,0.4765583333027886,False,True,No setup,0.0,None,None,0,No active J-Curve setup.,Neutral,0,Not applicable,No directional setup; confirmation score not applicable.,Wide CPR,Wide Downside Watch,Watch,Wide CPR + close below CPR; trend mixed; participation light,0,0,0,0
2026-09-30,2026-09-30,CM,NSE,STK,14761,INE189I01024,NELCAST,EQ,,,,,NELCAST LIMITED,119.0,124.7,118.8,123.4,122.1,118.93,,123.4,,,394628,48285136.31,5596,F1,1,,,,,,Cash Only,Diversified,False,121.0,112.6,118.93,117.50999999999999,116.8,118.21999999999998,118.21999999999998,116.8,1.4199999999999875,1.1939796518960626,Wide,Bullish,Above CPR,122.3,121.75,122.85,122.85,121.75,1.0999999999999943,0.8914100486223616,Wide,False,False,0.9666666666666667,60,13292560.0,False,False,Overlapping,True,Risk Off,False,Bullish Virgin,5.510714285714288,117.69319999999999,128.3131,0.257679844458844,3.6324933880305976,True,False,No setup,0.0,None,None,0,No active J-Curve setup.,Neutral,0,Not applicable,No directional setup; confirmation score not applicable.,Wide CPR,Wide Upside Watch,Watch,Wide CPR + close above CPR; trend mixed; participation confirmed,0,0,0,0
2026-09-30,2026-09-30,CM,NSE,STK,3607,INE279A01012,UNIVCABLES,EQ,,,,,UNIVERSAL CABLES LTD,1470.0,1484.0,1433.3,1443.0,1435.0,1468.4,,1443.01,,,41248,60130232.4,4380,F1,1,,,,,,Cash Only,Media & Entertainment,False,1479.9,1404.4,1468.4,1450.9000000000003,1442.15,1459.6500000000005,1459.6500000000005,1442.15,17.500000000000455,1.1917733587578627,Wide,Bullish,Inside CPR,1453.4333333333334,1458.65,1448.2166666666667,1458.65,1448.2166666666667,10.433333333333394,0.7230307230307272,Moderate,False,False,0.8666666666666667,60,166226967.25,False,False,Lower,True,Risk Off,False,None,71.94285714285715,1505.852,1331.9180000000001,0.24324861000794912,0.3617357243218308,False,True,No setup,0.0,None,None,0,No active J-Curve setup.,Neutral,0,Not applicable,No directional setup; confirmation score not applicable.,Wide CPR,Wide Consolidation,Watch,Wide CPR + close inside CPR; consolidation/range watch,0,0,0,0
2026-09-30,2026-09-30,CM,NSE,STK,15355,INE020B01018,RECLTD,EQ,,,,,REC LIMITED,294.0,301.75,293.0,299.0,299.0,292.45,,299.0,,,6842344,2046461789.7,75005,F1,1,,,,,,F&O + Cash,Financial Services,True,303.15,292.2,292.45,295.93333333333334,297.67499999999995,294.1916666666667,297.67499999999995,294.1916666666667,3.483333333333235,1.1910867954635784,Wide,Bearish,Above CPR,297.9166666666667,297.375,298.45833333333337,298.45833333333337,297.375,1.0833333333333712,0.3623188405797228,Moderate,False,False,0.9166666666666666,60,1471422733.2,False,False,Lower,True,Risk Off,False,None,5.621428571428567,333.655,341.69849999999997,0.6196526895383142,1.3908047928887333,False,False,No setup,0.0,None,None,0,No active J-Curve setup.,Neutral,0,Not applicable,No directional setup; confirmation score not applicable.,Wide CPR,Wide Upside Watch,Watch,Wide CPR + close above CPR; trend opposes; participation confirmed,0,0,0,0
2026-09-30,2026-09-30,CM,NSE,STK,10304,INE230R01035,RAMASTEEL,BE,,,,,RAMA STEEL TUBES LIMITED,4.47,4.56,4.47,4.56,4.56,4.48,,4.57,,,3775009,17071655.58,1199,F1,1,,,,,,Cash Only,Metals & Mining,False,4.48,4.32,4.48,4.426666666666667,4.4,4.453333333333333,4.453333333333333,4.4,0.05333333333333279,1.1904761904761783,Wide,Bullish,Above CPR,4.53,4.515,4.545000000000001,4.545000000000001,4.515,0.030000000000001137,0.6578947368421303,Moderate,False,False,0.08333333333333333,60,20069978.549999997,True,True,Lower,True,Risk Off,True,Bullish Virgin,0.1799999999999999,4.7854,5.1791,0.2962962962962934,0.8506065682865416,False,False,No setup,0.0,None,None,0,No active J-Curve setup.,Neutral,0,Not applicable,No directional setup; confirmation score not applicable.,Wide CPR,Wide Upside Watch,Watch,Wide CPR + close above CPR; trend opposes; participation light,0,0,0,0
2026-09-30,2026-09-30,CM,NSE,STK,1196,INE531A01024,KANSAINER,EQ,,,,,KANSAI NEROLAC PAINTS LTD,182.9,183.54,177.1,177.99,177.98,181.33,,178.0,,,178729,32112573.71,8372,F1,1,,,,,,Cash Only,Diversified,False,182.59,173.6,181.33,179.17333333333332,178.095,180.25166666666664,180.25166666666664,178.095,2.156666666666638,1.189360098531207,Wide,Bullish,Below CPR,179.54333333333332,180.32,178.76666666666665,180.32,178.76666666666665,1.5533333333333417,0.8727082045807864,Wide,False,False,0.8666666666666667,60,35664088.815,False,False,Outside,True,Risk Off,False,None,4.722857142857147,196.35100000000003,204.22459999999998,0.4566444847751498,0.9004176127021571,False,False,No setup,0.0,None,None,0,No active J-Curve setup.,Neutral,0,Not applicable,No directional setup; confirmation score not applicable.,Wide CPR,Wide Downside Watch,Watch,Wide CPR + close below CPR; trend aligned; participation light,0,0,0,0
2026-09-30,2026-09-30,CM,NSE,STK,2658,INE245B01011,PHOENXINTL,EQ,,,,,PHOENIX INTERNATIONAL LTD,28.4,29.55,28.16,28.71,28.4,28.05,,28.71,,,3924,113757.38,51,F1,1,,,,,,Cash Only,Diversified,False,29.3,27.8,28.05,28.383333333333336,28.55,28.216666666666672,28.55,28.216666666666672,0.3333333333333286,1.1883541295305833,Wide,Bearish,Above CPR,28.80666666666667,28.855,28.758333333333336,28.855,28.758333333333336,0.09666666666666401,0.33670033670032745,Moderate,False,False,0.5161290322580645,31,60448.19,False,False,Overlapping,True,Risk Off,False,None,1.3721428571428567,,,0.24292903001908392,1.8818988624804152,False,False,No setup,0.0,None,None,0,No active J-Curve setup.,Neutral,0,Not applicable,No directional setup; confirmation score not applicable.,Wide CPR,Wide Upside Watch,Watch,Wide CPR + close above CPR; trend opposes; participation confirmed,0,0,0,0
2026-09-30,2026-09-30,CM,NSE,STK,762797,INE085D01033,METROGLOBL,EQ,,,,,METROGLOBAL LTD.,131.99,134.8,131.0,133.9,133.9,131.9,,133.9,,,513,67481.85,34,F1,1,,,,,,Cash Only,Diversified,False,132.0,127.1,131.9,130.33333333333334,129.55,131.11666666666667,131.11666666666667,129.55,1.5666666666666629,1.1877685114986072,Wide,Bullish,Above CPR,133.23333333333335,132.9,133.5666666666667,133.5666666666667,132.9,0.6666666666666856,0.4978839930296382,Moderate,False,False,0.18333333333333332,60,182348.66999999998,False,False,Higher,True,Risk Off,True,None,6.021428571428573,135.47060000000002,132.8444,0.2601818900751278,0.37007042606891516,False,True,No setup,0.0,None,None,0,No active J-Curve setup.,Neutral,0,Not applicable,No directional setup; confirmation score not applicable.,Wide CPR,Wide Upside Watch,Watch,Wide CPR + close above CPR; trend mixed; participation light,0,0,0,0
2026-09-30,2026-09-30,CM,NSE,STK,760433,INE987S01020,KSHINTL,EQ,,,,,KSH INTERNATIONAL LIMITED,1036.7,1040.2,1000.0,1001.1,1001.0,1028.4,,1001.04,,,165317,167376650.5,15200,F1,1,,,,,,Cash Only,Diversified,False,1035.0,985.25,1028.4,1016.2166666666667,1010.125,1022.3083333333334,1022.3083333333334,1010.125,12.183333333333394,1.1846881887722085,Wide,Bullish,Below CPR,1013.7666666666668,1020.1,1007.4333333333335,1020.1,1007.4333333333335,12.666666666666515,1.265274864315904,Wide,False,False,0.9333333333333333,60,230977929.625,False,False,Lower,True,Risk Off,False,None,57.36785714285715,984.26,889.717,0.2123721181182438,0.7246434790187154,True,True,No setup,0.0,None,None,0,No active J-Curve setup.,Neutral,0,Not applicable,No directional setup; confirmation score not applicable.,Wide CPR,Wide Downside Watch,Watch,Wide CPR + close below CPR; trend opposes; participation light,0,0,0,0
2026-09-30,2026-09-30,CM,NSE,STK,757645,INE0LEZ01016,ATHERENERG,EQ,,,,,ATHER ENERGY LIMITED,1416.5,1441.0,1405.0,1425.0,1425.0,1407.0,,1425.01,,,3085289,4407931520.5,97640,F1,1,,,,,,F&O + Cash,Automobile and Auto Components,True,1460.2,1403.8,1407.0,1423.6666666666667,1432.0,1415.3333333333335,1432.0,1415.3333333333335,16.666666666666515,1.1845534233593829,Wide,Bearish,Inside CPR,1423.6666666666667,1423.0,1424.3333333333335,1424.3333333333335,1423.0,1.333333333333485,0.09356725146199894,Narrow,False,False,0.8666666666666667,60,5097136928.35,False,False,Lower,True,Risk Off,False,None,62.50714285714287,1478.6760000000002,1259.2085,0.2666361939587832,0.8647857772827964,False,True,No setup,0.0,None,None,0,No active J-Curve setup.,Neutral,0,Not applicable,No directional setup; confirmation score not applicable.,Wide CPR,Wide Consolidation,Watch,Wide CPR + close inside CPR; consolidation/range watch,0,0,0,0
2026-09-30,2026-09-30,CM,NSE,STK,18026,INE423Y01016,SBFC,EQ,,,,,SBFC FINANCE LIMITED,85.4,86.36,84.7,85.48,85.2,84.46,,85.48,,,642934,55045789.5,17308,F1,1,,,,,,Cash Only,Financial Services,True,88.3,83.61,84.46,85.45666666666666,85.955,84.95833333333333,85.955,84.95833333333333,0.9966666666666697,1.1800457810403384,Wide,Bearish,Inside CPR,85.51333333333334,85.53,85.49666666666667,85.53,85.49666666666667,0.03333333333333144,0.038995476524720914,Narrow,False,False,0.9,60,79882659.99,False,False,Lower,True,Risk Off,False,None,2.6771428571428566,93.9118,93.07099999999998,0.37228744219139215,0.6890830814458462,False,False,No setup,0.0,None,None,0,No active J-Curve setup.,Neutral,0,Not applicable,No directional setup; confirmation score not applicable.,Wide CPR,Wide Consolidation,Watch,Wide CPR + close inside CPR; consolidation/range watch,0,0,0,0
2026-09-30,2026-09-30,CM,NSE,STK,11627,INE117Z01029,NARMADA,EQ,,,,,NARMADA AGROBASE LIMITED,12.75,13.19,12.6,12.71,12.85,12.75,,12.71,,,465925,6030178.87,744,F1,1,,,,,,Cash Only,Diversified,False,13.3,12.65,12.75,12.9,12.975000000000001,12.825,12.975000000000001,12.825,0.15000000000000213,1.1764705882353108,Wide,Bearish,Below CPR,12.833333333333334,12.895,12.771666666666668,12.895,12.771666666666668,0.1233333333333313,0.970364542355085,Wide,False,False,0.7333333333333333,60,12650155.41,False,False,Lower,True,Risk Off,False,None,0.6457142857142854,17.4814,27.162300000000002,0.23230088495575565,0.47668812552556616,False,False,No setup,0.0,None,None,0,No active J-Curve setup.,Neutral,0,Not applicable,No directional setup; confirmation score not applicable.,Wide CPR,Wide Downside Watch,Watch,Wide CPR + close below CPR; trend aligned; participation light,0,0,0,0
2026-09-30,2026-09-30,CM,NSE,STK,25835,INE498Q01014,VINCOFE,EQ,,,,,VINTAGE COFFEE N BVRGS L,182.5,187.3,179.0,179.96,179.01,182.56,,179.91,,,817945,150195248.81,14262,F1,1,,,,,,Cash Only,Diversified,False,184.0,174.68,182.56,180.41333333333333,179.34,181.48666666666665,181.48666666666665,179.34,2.146666666666647,1.1758691206543859,Wide,Bullish,Inside CPR,182.08666666666667,183.15,181.02333333333334,183.15,181.02333333333334,2.126666666666665,1.1817440912795427,Wide,False,False,0.6333333333333333,60,339919325.11,False,False,Lower,True,Risk Off,False,None,7.913571428571428,164.41080000000002,156.8762,0.2712639528236579,0.44185557488205734,True,True,No setup,0.0,None,None,0,No active J-Curve setup.,Neutral,0,Not applicable,No directional setup; confirmation score not applicable.,Wide CPR,Wide Consolidation,Watch,Wide CPR + close inside CPR; consolidation/range watch,0,0,0,0
2026-09-30,2026-09-30,CM,NSE,STK,765000,INE285C01015,VOITHPAPR,EQ,,,,,VOITH PAPER FABRICS IND L,1446.0,1465.0,1420.0,1449.9,1449.9,1408.2,,1443.99,,,225,324158.5,53,F1,1,,,,,,Cash Only,Diversified,False,1460.5,1405.5,1408.2,1424.7333333333333,1433.0,1416.4666666666667,1433.0,1416.4666666666667,16.533333333333303,1.174075652132744,Wide,Bearish,Above CPR,1444.9666666666665,1442.5,1447.433333333333,1447.433333333333,1442.5,4.933333333332939,0.34025335080577546,Moderate,False,False,0.5161290322580645,31,561026.5,False,False,Lower,True,Risk Off,False,None,41.72857142857145,,,0.39621134314732304,0.5777953447831787,False,False,No setup,0.0,None,None,0,No active J-Curve setup.,Neutral,0,Not applicable,No directional setup; confirmation score not applicable.,Wide CPR,Wide Upside Watch,Watch,Wide CPR + close above CPR; trend opposes; participation light,0,0,0,0
2026-09-30,2026-09-30,CM,NSE,STK,11580,INE274F01020,WESTLIFE,EQ,,,,,WESTLIFE FOODWORLD LTD,600.0,600.0,586.65,589.85,592.0,596.6,,589.85,,,58873,34823185.45,8200,F1,1,,,,,,Cash Only,Diversified,False,602.0,570.2,596.6,589.6,586.1,593.1,593.1,586.1,7.0,1.1733154542406972,Wide,Bullish,Inside CPR,592.1666666666666,593.325,591.0083333333332,593.325,591.0083333333332,2.3166666666668334,0.3927552202537651,Moderate,False,False,0.5333333333333333,60,47486377.099999994,False,False,Higher,True,Risk Off,False,None,26.874999999999982,553.888,512.7515,0.26046511627906993,0.7333300111875666,True,True,No setup,0.0,None,None,0,No active J-Curve setup.,Neutral,0,Not applicable,No directional setup; confirmation score not applicable.,Wide CPR,Wide Consolidation,Watch,Wide CPR + close inside CPR; consolidation/range watch,0,0,0,0
2026-09-30,2026-09-30,CM,NSE,STK,13536,INE632C01026,VIDHIING,EQ,,,,,VIDHI SPCLTY F INGRDNTS L,359.9,364.8,346.05,357.6,355.7,359.4,,357.44,,,22528,8034109.25,1137,F1,1,,,,,,Cash Only,Diversified,False,361.15,345.0,359.4,355.18333333333334,353.075,357.2916666666667,357.2916666666667,353.075,4.216666666666697,1.1732517158226758,Wide,Bullish,Above CPR,356.15000000000003,355.425,356.87500000000006,356.87500000000006,355.425,1.4500000000000455,0.40548098434005747,Moderate,False,False,0.6666666666666666,60,8374851.275,False,False,Higher,True,Risk Off,False,None,15.771428571428556,332.68700000000007,312.463,0.26736111111111327,0.9593136625581449,True,True,No setup,0.0,None,None,0,No active J-Curve setup.,Neutral,0,Not applicable,No directional setup; confirmation score not applicable.,Wide CPR,Wide Upside Watch,Watch,Wide CPR + close above CPR; trend aligned; participation light,0,0,0,0
2026-09-30,2026-09-30,CM,NSE,STK,7672,INE172N01012,IMAGICAA,EQ,,,,,IMAGICAAWORLD ENT LTD,51.3,52.19,50.6,51.08,50.8,51.3,,51.09,,,281012,14391561.83,2002,F1,1,,,,,,Cash Only,Diversified,False,54.3,50.1,51.3,51.9,52.2,51.599999999999994,52.2,51.599999999999994,0.6000000000000085,1.1695906432748706,Wide,Bearish,Below CPR,51.29,51.394999999999996,51.185,51.394999999999996,51.185,0.20999999999999375,0.41111981205950227,Moderate,False,False,0.48333333333333334,60,33382619.845,False,False,Outside,True,Risk Off,False,None,2.6450000000000005,50.6212,47.940799999999996,0.2268431001890391,0.4311094185184374,True,True,No setup,0.0,None,None,0,No active J-Curve setup.,Neutral,0,Not applicable,No directional setup; confirmation score not applicable.,Wide CPR,Wide Downside Watch,Watch,Wide CPR + close below CPR; trend opposes; participation light,0,0,0,0
2026-09-30,2026-09-30,CM,NSE,STK,764738,INE344D01018,KAMANWALA,EQ,,,,,KAMANWALA HOUSING CONST L,16.5,17.1,16.4,16.9,16.9,17.1,,17.15,,,2326,38834.42,289,F1,1,,,,,,Cash Only,Diversified,False,17.1,16.5,17.1,16.900000000000002,16.8,17.000000000000004,17.000000000000004,16.8,0.20000000000000284,1.1695906432748704,Wide,Bullish,Inside CPR,16.8,16.75,16.85,16.85,16.75,0.10000000000000142,0.5917159763313694,Moderate,False,False,0.7241379310344828,30,50710.7,False,False,Unknown,True,Risk Off,False,None,1.1249999999999998,,,0.17777777777778034,0.7658032722877026,False,False,No setup,0.0,None,None,0,No active J-Curve setup.,Neutral,0,Not applicable,No directional setup; confirmation score not applicable.,Wide CPR,Wide Consolidation,Watch,Wide CPR + close inside CPR; consolidation/range watch,0,0,0,0
2026-09-30,2026-09-30,CM,NSE,STK,1467,INE133A01011,JSWDULUX,EQ,,,,,JSW DULUX LIMITED,3069.0,3091.3,3035.7,3079.0,3070.0,3034.4,,3079.01,,,14235,43717953.5,4123,F1,1,,,,,,Cash Only,Consumer Durables,True,3169.8,3005.2,3034.4,3069.7999999999997,3087.5,3052.0999999999995,3087.5,3052.0999999999995,35.400000000000546,1.1666227260743653,Wide,Bearish,Inside CPR,3068.6666666666665,3063.5,3073.833333333333,3073.833333333333,3063.5,10.33333333333303,0.33560679874417115,Moderate,False,False,0.5666666666666667,60,50158842.3,False,False,Lower,True,Risk Off,False,None,94.3214285714286,3092.6939999999995,3087.4339999999997,0.37531238167361414,0.8715901622793236,False,False,No setup,0.0,None,None,0,No active J-Curve setup.,Neutral,0,Not applicable,No directional setup; confirmation score not applicable.,Wide CPR,Wide Consolidation,Watch,Wide CPR + close inside CPR; consolidation/range watch,0,0,0,0
2026-09-30,2026-09-30,CM,NSE,STK,7560,INE368U01029,UNITEDPOLY,EQ,,,,,UNITED POLYFAB GUJ. LTD.,46.93,47.56,46.26,47.47,47.51,46.87,,47.47,,,555562,26226376.01,1315,F1,1,,,,,,Cash Only,Diversified,False,47.1,45.0,46.87,46.32333333333333,46.05,46.596666666666664,46.596666666666664,46.05,0.5466666666666669,1.1663466325296925,Wide,Bullish,Above CPR,47.096666666666664,46.91,47.28333333333333,47.28333333333333,46.91,0.37333333333333485,0.7864616248858961,Wide,False,False,0.7,60,6261735.535,False,False,Overlapping,True,Risk Off,False,None,2.4207142857142854,37.3602,,0.2258286613553655,4.188355746327444,True,False,No setup,0.0,None,None,0,No active J-Curve setup.,Neutral,0,Not applicable,No directional setup; confirmation score not applicable.,Wide CPR,Wide Upside Watch,Watch,Wide CPR + close above CPR; trend mixed; participation confirmed,0,0,0,0
2026-09-30,2026-09-30,CM,NSE,STK,766140,INE0KWF01020,MANIKA,BE,,,,,MANIKA PLASTECH LIMITED,42.0,43.52,40.99,42.34,42.5,41.83,,42.33,,,934281,39868925.85,2483,F1,1,,,,,,Cash Only,Diversified,False,42.2,40.0,41.83,41.343333333333334,41.1,41.586666666666666,41.586666666666666,41.1,0.4866666666666646,1.1634393178739293,Wide,Bullish,Above CPR,42.28333333333334,42.255,42.311666666666675,42.311666666666675,42.255,0.05666666666667197,0.13383719099355684,Narrow,False,False,0.5,7,38344021.44,False,False,Overlapping,False,Risk Off,False,None,,,,,1.0397690266365551,False,False,No setup,0.0,None,None,0,No active J-Curve setup.,Neutral,0,Not applicable,No directional setup; confirmation score not applicable.,Wide CPR,Wide Upside Watch,Watch,Wide CPR + close above CPR; trend opposes; participation confirmed,0,0,0,0
2026-09-30,2026-09-30,CM,NSE,STK,11618,INE386C01029,ASTRAMICRO,EQ,,,,,ASTRA MICROWAVE LTD,1651.4,1663.6,1621.0,1636.7,1636.0,1652.6,,1636.66,,,270444,444409518.8,23824,F1,1,,,,,,Cash Only,Diversified,False,1670.0,1577.6,1652.6,1633.3999999999999,1623.8,1642.9999999999998,1642.9999999999998,1623.8,19.199999999999818,1.161805639598198,Wide,Bullish,Inside CPR,1640.4333333333334,1642.3,1638.5666666666668,1642.3,1638.5666666666668,3.733333333333121,0.22810126066677588,Narrow,False,False,0.6333333333333333,60,545503804.35,False,False,Higher,True,Risk Off,False,None,57.857142857142875,1707.37,1600.33,0.3318518518518486,0.8146772126173165,False,True,No setup,0.0,None,None,0,No active J-Curve setup.,Neutral,0,Not applicable,No directional setup; confirmation score not applicable.,Wide CPR,Wide Consolidation,Watch,Wide CPR + close inside CPR; consolidation/range watch,0,0,-2,-2
2026-09-30,2026-09-30,CM,NSE,STK,20481,INE215F01023,WIPL,EQ,,,,,THE WESTERN INDIA PLY LTD,165.01,169.0,164.05,164.8,164.4,163.72,,164.8,,,151,24861.33,18,F1,1,,,,,,Cash Only,Diversified,False,169.9,163.22,163.72,165.61333333333334,166.56,164.66666666666669,166.56,164.66666666666669,1.8933333333333167,1.156445964655092,Wide,Bearish,Inside CPR,165.95000000000002,166.525,165.37500000000003,166.525,165.37500000000003,1.1499999999999773,0.6978155339805687,Moderate,False,False,0.8166666666666667,60,158736.375,False,False,Overlapping,True,Risk Off,False,None,6.23285714285714,166.6922,162.9735,0.30376652150660605,0.1566202453596411,False,True,No setup,0.0,None,None,0,No active J-Curve setup.,Neutral,0,Not applicable,No directional setup; confirmation score not applicable.,Wide CPR,Wide Consolidation,Watch,Wide CPR + close inside CPR; consolidation/range watch,0,0,0,0
2026-09-30,2026-09-30,CM,NSE,STK,29050,INE840M01016,ZUARI,EQ,,,,,ZUARI AGRO CHEMICALS LTD,220.76,224.1,218.6,220.33,219.0,221.66,,220.34,,,86644,19143188.05,2479,F1,1,,,,,,Cash Only,Diversified,False,222.47,213.16,221.66,219.09666666666666,217.815,220.37833333333333,220.37833333333333,217.815,2.5633333333333326,1.156425757165629,Wide,Bullish,Inside CPR,221.01,221.35,220.67,221.35,220.67,0.6800000000000068,0.30862796714020185,Moderate,False,False,0.6333333333333333,60,18798102.695,False,False,Overlapping,True,Risk Off,False,None,7.1207142857142856,225.45260000000002,226.4284,0.35998261276624194,1.0183574566326732,False,False,No setup,0.0,None,None,0,No active J-Curve setup.,Neutral,0,Not applicable,No directional setup; confirmation score not applicable.,Wide CPR,Wide Consolidation,Watch,Wide CPR + close inside CPR; consolidation/range watch,0,0,0,0
2026-09-30,2026-09-30,CM,NSE,STK,14222,INE627H01017,CTE,BE,,,,,CAMBRIDGE TECH ENTER LTD,40.0,41.4,39.3,40.39,40.39,41.34,,40.39,,,11833,468778.45,67,F1,1,,,,,,Cash Only,Diversified,False,42.0,39.25,41.34,40.86333333333334,40.625,41.101666666666674,41.101666666666674,40.625,0.4766666666666737,1.153039832285132,Wide,Bullish,Below CPR,40.36333333333333,40.349999999999994,40.376666666666665,40.376666666666665,40.349999999999994,0.026666666666670835,0.06602294297269333,Narrow,False,False,0.75,60,338331.1,False,False,Lower,True,Risk Off,False,None,2.4614285714285704,39.2116,34.9565,0.1936544786225605,1.3855612150346215,True,True,No setup,0.0,None,None,0,No active J-Curve setup.,Neutral,0,Not applicable,No directional setup; confirmation score not applicable.,Wide CPR,Wide Downside Watch,Watch,Wide CPR + close below CPR; trend opposes; participation confirmed,0,0,-2,-2
2026-09-30,2026-09-30,CM,NSE,STK,811,INE499A01024,DCMSHRIRAM,EQ,,,,,DCM SHRIRAM LIMITED,905.1,923.9,905.1,915.6,911.0,907.8,,915.63,,,58580,53766645.1,7313,F1,1,,,,,,Cash Only,Diversified,True,944.0,903.0,907.8,918.2666666666668,923.5,913.0333333333335,923.5,913.0333333333335,10.46666666666647,1.1529705515164652,Wide,Bearish,Inside CPR,914.8666666666667,914.5,915.2333333333333,915.2333333333333,914.5,0.7333333333333485,0.08009319935925606,Narrow,False,False,0.9333333333333333,60,68291279.15,False,False,Lower,True,Risk Off,False,None,22.071428571428555,1015.306,1037.989,0.47421790722760737,0.7873134867177253,False,False,No setup,0.0,None,None,0,No active J-Curve setup.,Neutral,0,Not applicable,No directional setup; confirmation score not applicable.,Wide CPR,Wide Consolidation,Watch,Wide CPR + close inside CPR; consolidation/range watch,0,0,0,0
2026-09-30,2026-09-30,CM,NSE,STK,15234,INE540G01014,AMBIKCO,EQ,,,,,AMBIKA COTTON MILL LTD.,1531.0,1545.9,1516.2,1520.6,1522.4,1527.1,,1520.56,,,5265,8030270.6,645,F1,1,,,,,,Cash Only,Diversified,False,1582.0,1525.0,1527.1,1544.7,1553.5,1535.9,1553.5,1535.9,17.59999999999991,1.152511295920366,Wide,Bearish,Below CPR,1527.5666666666668,1531.0500000000002,1524.0833333333335,1531.0500000000002,1524.0833333333335,6.966666666666697,0.45815248366872924,Moderate,False,False,0.7833333333333333,60,14286506.399999999,False,False,Outside,True,Risk Off,False,None,37.77857142857147,1649.1959999999997,1653.6299999999997,0.4658725657023983,0.562087775357032,False,False,No setup,0.0,None,None,0,No active J-Curve setup.,Neutral,0,Not applicable,No directional setup; confirmation score not applicable.,Wide CPR,Wide Downside Watch,Watch,Wide CPR + close below CPR; trend aligned; participation light,0,0,0,0
2026-09-30,2026-09-30,CM,NSE,STK,14942,INE245I01016,NAGREEKCAP,EQ,,,,,NAGREEKA CAP & INFR.LTD,26.05,28.0,25.2,26.03,26.03,26.05,,26.54,,,3598,95852.18,51,F1,1,,,,,,Cash Only,Diversified,False,27.5,25.5,26.05,26.349999999999998,26.5,26.199999999999996,26.5,26.199999999999996,0.30000000000000426,1.1516314779270798,Wide,Bearish,Below CPR,26.41,26.6,26.22,26.6,26.22,0.38000000000000256,1.45985401459855,Wide,False,False,0.9,60,153764.175,False,False,Lower,True,Risk Off,False,None,2.4092857142857134,25.127,25.225,0.12451823302698077,0.6233713412113062,True,True,No setup,0.0,None,None,0,No active J-Curve setup.,Neutral,0,Not applicable,No directional setup; confirmation score not applicable.,Wide CPR,Wide Downside Watch,Watch,Wide CPR + close below CPR; trend opposes; participation light,0,0,0,0
2026-09-30,2026-09-30,CM,NSE,STK,342,INE596I01020,CAMS,EQ,,,,,COMPUTER AGE MNGT SER LTD,666.6,679.95,666.0,671.0,671.0,666.0,,671.03,,,1798467,1210473701.8,36586,F1,1,,,,,,F&O + Cash,Financial Services,True,689.95,665.05,666.0,673.6666666666666,677.5,669.8333333333333,677.5,669.8333333333333,7.6666666666667425,1.1511511511511625,Wide,Bearish,Inside CPR,672.3166666666667,672.975,671.6583333333334,672.975,671.6583333333334,1.316666666666606,0.19622454048682653,Narrow,False,False,0.8333333333333334,60,800239144.8,False,False,Lower,True,Risk Off,False,None,19.48214285714284,751.8240000000001,765.9305,0.39352276199206043,1.512639952276426,False,False,No setup,0.0,None,None,0,No active J-Curve setup.,Neutral,0,Not applicable,No directional setup; confirmation score not applicable.,Wide CPR,Wide Consolidation,Watch,Wide CPR + close inside CPR; consolidation/range watch,0,0,0,0
2026-09-30,2026-09-30,CM,NSE,STK,22425,INE336X01012,TOTAL,BE,,,,,TOTAL TRANSPORT SYS LTD,71.9,72.0,68.12,69.54,68.12,71.38,,69.54,,,3994,282887.46,34,F1,1,,,,,,Cash Only,Diversified,False,71.5,68.8,71.38,70.56,70.15,70.97,70.97,70.15,0.8199999999999932,1.148781171196404,Wide,Bullish,Below CPR,69.88666666666667,70.06,69.71333333333334,70.06,69.71333333333334,0.346666666666664,0.498514044674524,Moderate,False,False,0.05,60,486467.44,True,False,Outside,True,Risk Off,True,None,3.2185714285714297,65.9284,59.3929,0.25477141588992236,0.5815136569057942,True,True,No setup,0.0,None,None,0,No active J-Curve setup.,Neutral,0,Not applicable,No directional setup; confirmation score not applicable.,Wide CPR,Wide Downside Watch,Watch,Wide CPR + close below CPR; trend opposes; participation light,0,0,0,0
2026-09-30,2026-09-30,CM,NSE,STK,25496,INE912L01015,ONELIFECAP,BE,,,,,ONELIFE CAP ADVISORS LTD,39.14,40.5,38.9,40.08,40.4,38.97,,40.3,,,49109,1941744.97,145,F1,1,,,,,,Cash Only,Diversified,False,39.2,37.4,38.97,38.52333333333333,38.3,38.74666666666667,38.74666666666667,38.3,0.44666666666667254,1.1461808228552028,Wide,Bullish,Above CPR,39.82666666666667,39.7,39.95333333333333,39.95333333333333,39.7,0.2533333333333303,0.6320691949434389,Moderate,False,False,0.8333333333333334,60,2040610.7200000002,False,False,Higher,True,Risk Off,False,Bullish Virgin,2.1864285714285723,24.3242,19.3463,0.20429053686159468,0.9515509013889724,True,True,No setup,0.0,None,None,0,No active J-Curve setup.,Neutral,0,Not applicable,No directional setup; confirmation score not applicable.,Wide CPR,Wide Upside Watch,Watch,Wide CPR + close above CPR; trend aligned; participation light,0,0,0,0
2026-09-30,2026-09-30,CM,NSE,STK,27144,INE0UIZ01018,BLACKBUCK,EQ,,,,,BLACKBUCK LIMITED,628.0,634.0,606.0,607.9,607.6,622.4,,607.92,,,471558,292287016.05,22685,F1,1,,,,,,Cash Only,Diversified,False,625.0,598.4,622.4,615.2666666666668,611.7,618.8333333333335,618.8333333333335,611.7,7.133333333333439,1.146101113967455,Wide,Bullish,Below CPR,615.9666666666667,620.0,611.9333333333334,620.0,611.9333333333334,8.066666666666606,1.326972638043528,Wide,False,False,0.11666666666666667,60,220438867.65,True,True,Higher,True,Risk Off,True,None,27.514285714285716,584.616,564.3679999999999,0.2592592592592631,1.3259323057042567,True,True,No setup,0.0,None,None,0,No active J-Curve setup.,Neutral,0,Not applicable,No directional setup; confirmation score not applicable.,Wide CPR,Wide Downside Watch,Watch,Wide CPR + close below CPR; trend opposes; participation confirmed,0,0,0,0
2026-09-30,2026-09-30,CM,NSE,STK,4160,INE369C01017,NORBTEAEXP,EQ,,,,,NORBEN TEA & EXPORTS LTD,64.8,68.12,61.72,66.25,67.32,64.9,,66.25,,,4585,297721.73,85,F1,1,,,,,,Cash Only,FMCG & Food Products,False,68.0,64.03,64.9,65.64333333333333,66.015,65.27166666666666,66.015,65.27166666666666,0.7433333333333394,1.1453518233179343,Wide,Bearish,Above CPR,65.36333333333333,64.92,65.80666666666666,65.80666666666666,64.92,0.8866666666666561,1.338364779874198,Wide,False,False,0.9166666666666666,60,88479.41,False,False,Lower,True,Risk Off,False,None,3.540714285714287,66.85300000000001,71.24520000000001,0.20993880707417284,3.3648701997447765,False,False,No setup,0.0,None,None,0,No active J-Curve setup.,Neutral,0,Not applicable,No directional setup; confirmation score not applicable.,Wide CPR,Wide Upside Watch,Watch,Wide CPR + close above CPR; trend opposes; participation confirmed,0,0,0,0
2026-09-30,2026-09-30,CM,NSE,STK,20527,INE024D01016,PRUDMOULI,EQ,,,,,PRUDENTIAL SUGAR CORPORAT,14.0,14.0,12.6,13.39,13.33,13.98,,13.44,,,6380,85238.84,67,F1,1,,,,,,Cash Only,Diversified,False,13.98,13.5,13.98,13.82,13.74,13.9,13.9,13.74,0.16000000000000014,1.1444921316165961,Wide,Bullish,Below CPR,13.33,13.3,13.36,13.36,13.3,0.05999999999999872,0.44809559372665214,Moderate,False,False,0.5333333333333333,60,151140.985,False,False,Overlapping,True,Risk Off,False,None,0.9085714285714287,15.607000000000001,15.615499999999999,0.17610062893081774,0.5639690650421526,False,False,No setup,0.0,None,None,0,No active J-Curve setup.,Neutral,0,Not applicable,No directional setup; confirmation score not applicable.,Wide CPR,Wide Downside Watch,Watch,Wide CPR + close below CPR; trend aligned; participation light,0,0,0,0
2026-09-30,2026-09-30,CM,NSE,STK,3908,INE309M01020,PREMIERPOL,EQ,,,,,PREMIER POLYFILM LTD,97.89,97.89,92.0,92.76,92.2,95.89,,92.77,,,208407,19545690.85,3818,F1,1,,,,,,Cash Only,Diversified,False,97.38,91.11,95.89,94.79333333333334,94.245,95.34166666666667,95.34166666666667,94.245,1.096666666666664,1.1436715681162415,Wide,Bullish,Below CPR,94.21666666666665,94.945,93.48833333333332,94.945,93.48833333333332,1.4566666666666777,1.5703607876958576,Wide,False,False,0.6,60,22705528.87,False,False,Lower,True,Risk Off,False,None,6.327142857142856,83.3828,70.865,0.17332731241062654,0.8608339828553837,True,True,No setup,0.0,None,None,0,No active J-Curve setup.,Neutral,0,Not applicable,No directional setup; confirmation score not applicable.,Wide CPR,Wide Downside Watch,Watch,Wide CPR + close below CPR; trend opposes; participation light,0,0,0,0
2026-09-30,2026-09-30,CM,NSE,STK,5258,INE095A01012,INDUSINDBK,EQ,,,,,INDUSIND BANK LIMITED,885.0,902.1,885.0,901.4,901.4,878.0,,901.39,,,2428835,2174391194.9,53275,F1,1,,,,,,F&O + Cash,Financial Services,True,908.1,878.0,878.0,888.0333333333333,893.05,883.0166666666667,893.05,883.0166666666667,10.033333333333303,1.142748671222472,Wide,Bearish,Above CPR,896.1666666666666,893.55,898.7833333333333,898.7833333333333,893.55,5.2333333333333485,0.5805783595887894,Moderate,False,False,0.9,60,1408048788.1999998,False,False,Lower,True,Risk Off,False,None,21.83571428571429,995.19,966.4644999999999,0.4594918765674394,1.5442584185450459,False,False,No setup,0.0,None,None,0,No active J-Curve setup.,Neutral,0,Not applicable,No directional setup; confirmation score not applicable.,Wide CPR,Wide Upside Watch,Watch,Wide CPR + close above CPR; trend opposes; participation confirmed,0,0,0,0
2026-09-30,2026-09-30,CM,NSE,STK,15214,INE477B01010,DVL,EQ,,,,,DHUNSERI VENTURES LIMITED,288.0,291.45,282.1,282.95,282.25,287.65,,282.68,,,8519,2419466.1,399,F1,1,,,,,,Cash Only,Diversified,False,289.0,276.45,287.65,284.3666666666667,282.725,286.0083333333333,286.0083333333333,282.725,3.283333333333303,1.1414334550089702,Wide,Bullish,Inside CPR,285.5,286.775,284.225,286.775,284.225,2.5499999999999545,0.9012192966955133,Wide,False,False,0.8833333333333333,60,4300264.8100000005,False,False,Lower,True,Risk Off,False,None,11.032142857142848,272.3304,256.6431,0.29761519369806594,0.562631885918672,True,True,No setup,0.0,None,None,0,No active J-Curve setup.,Neutral,0,Not applicable,No directional setup; confirmation score not applicable.,Wide CPR,Wide Consolidation,Watch,Wide CPR + close inside CPR; consolidation/range watch,0,0,0,0
2026-09-30,2026-09-30,CM,NSE,STK,18431,INE412U01025,BIGBLOC,EQ,,,,,BIGBLOC CONSTRUCTION LTD,39.77,40.0,38.8,39.79,39.95,38.64,,39.76,,,23838,944438.53,491,F1,1,,,,,,Cash Only,Diversified,False,40.4,38.2,38.64,39.08,39.3,38.86,39.3,38.86,0.4399999999999977,1.1387163561076545,Wide,Bearish,Above CPR,39.53,39.4,39.660000000000004,39.660000000000004,39.4,0.2600000000000051,0.6534305101784497,Moderate,False,False,0.5166666666666667,60,1737611.01,False,False,Lower,True,Risk Off,False,None,1.7007142857142854,43.2604,47.15240000000001,0.25871482570348464,0.5435270175918142,False,False,No setup,0.0,None,None,0,No active J-Curve setup.,Neutral,0,Not applicable,No directional setup; confirmation score not applicable.,Wide CPR,Wide Upside Watch,Watch,Wide CPR + close above CPR; trend opposes; participation light,0,0,-2,-2
2026-09-30,2026-09-30,CM,NSE,STK,359,INE294G01026,ROML,EQ,,,,,RAJ OIL MILLS LIMITED,41.56,43.53,41.56,43.38,43.39,41.91,,43.38,,,1171,50633.92,46,F1,1,,,,,,Cash Only,Diversified,False,43.75,41.5,41.91,42.38666666666666,42.625,42.148333333333326,42.625,42.148333333333326,0.4766666666666737,1.137357830271233,Wide,Bearish,Above CPR,42.82333333333333,42.545,43.10166666666666,43.10166666666666,42.545,0.5566666666666578,1.283233440909769,Wide,False,False,0.4166666666666667,60,83018.14000000001,False,False,Overlapping,True,Risk Off,False,None,1.407857142857143,43.328599999999994,44.582699999999996,0.3385760189413207,0.6099139296544104,True,False,No setup,0.0,None,None,0,No active J-Curve setup.,Neutral,0,Not applicable,No directional setup; confirmation score not applicable.,Wide CPR,Wide Upside Watch,Watch,Wide CPR + close above CPR; trend mixed; participation light,0,0,0,0
2026-09-30,2026-09-30,CM,NSE,STK,11979,INE501G01024,HTMEDIA,EQ,,,,,HT MEDIA LIMITED,23.51,24.13,22.92,23.02,22.95,23.46,,23.04,,,62468,1456948.89,351,F1,1,,,,,,Cash Only,Media & Entertainment,False,23.6,22.52,23.46,23.19333333333334,23.060000000000002,23.326666666666675,23.326666666666675,23.060000000000002,0.2666666666666728,1.1366865586814698,Wide,Bullish,Below CPR,23.356666666666666,23.525,23.188333333333333,23.525,23.188333333333333,0.336666666666666,1.4624963799594528,Wide,False,False,0.9166666666666666,60,2891626.83,False,False,Lower,True,Risk Off,False,None,1.395714285714286,25.627799999999997,24.337400000000002,0.19106107130672564,0.503850937778164,False,False,No setup,0.0,None,None,0,No active J-Curve setup.,Neutral,0,Not applicable,No directional setup; confirmation score not applicable.,Wide CPR,Wide Downside Watch,Watch,Wide CPR + close below CPR; trend aligned; participation light,0,0,0,0
2026-09-30,2026-09-30,CM,NSE,STK,31415,INE095N01031,NBCC,EQ,,,,,NBCC (INDIA) LIMITED,78.83,79.99,78.5,78.5,78.5,78.01,,78.51,,,6032283,478166290.7,33876,F1,1,,,,,,F&O + Cash,Construction,True,80.67,78.01,78.01,78.89666666666666,79.34,78.45333333333332,79.34,78.45333333333332,0.8866666666666845,1.1366064179806235,Wide,Bearish,Inside CPR,78.99666666666667,79.245,78.74833333333333,79.245,78.74833333333333,0.4966666666666697,0.632696390658178,Moderate,False,False,0.95,60,479678659.94,False,False,Lower,True,Risk Off,False,None,2.1578571428571416,88.54720000000002,94.8293,0.4109014675052496,0.9968471200278345,False,False,No setup,0.0,None,None,0,No active J-Curve setup.,Neutral,0,Not applicable,No directional setup; confirmation score not applicable.,Wide CPR,Wide Consolidation,Watch,Wide CPR + close inside CPR; consolidation/range watch,0,0,0,0
2026-09-30,2026-09-30,CM,NSE,STK,765480,INE0PX301025,SKYWAYS,EQ,,,,,SKYWAYS AIR SERVICES LTD,116.0,117.79,112.31,113.26,113.32,115.31,,113.26,,,2306221,263874074.11,24779,F1,1,,,,,,Cash Only,Diversified,False,119.7,114.85,115.31,116.62,117.275,115.965,117.275,115.965,1.3100000000000023,1.1360679906339453,Wide,Bearish,Below CPR,114.45333333333333,115.05000000000001,113.85666666666665,115.05000000000001,113.85666666666665,1.1933333333333564,1.0536229324857465,Wide,False,False,0.8,20,670819587.5350001,False,False,Lower,True,Risk Off,False,None,8.287142857142857,,,0.15807619375969686,0.3933607172677145,False,False,No setup,0.0,None,None,0,No active J-Curve setup.,Neutral,0,Not applicable,No directional setup; confirmation score not applicable.,Wide CPR,Wide Downside Watch,Watch,Wide CPR + close below CPR; trend aligned; participation light,0,0,0,0
2026-09-30,2026-09-30,CM,NSE,STK,25358,INE457L01029,PGEL,EQ,,,,,PG ELECTROPLAST LTD,499.9,506.0,493.45,493.45,493.45,493.15,,493.46,,,825728,412022556.8,22552,F1,1,,,,,,F&O + Cash,Consumer Durables,True,509.95,493.15,493.15,498.75,501.54999999999995,495.95000000000005,501.54999999999995,495.95000000000005,5.599999999999909,1.1355571327182215,Wide,Bearish,Below CPR,497.6333333333334,499.725,495.54166666666674,499.725,495.54166666666674,4.18333333333328,0.8477724862363524,Wide,False,False,0.8166666666666667,60,684155564.825,False,False,Lower,True,Risk Off,False,None,15.078571428571442,574.87,549.253,0.37138796778777194,0.6022351903333435,False,False,No setup,0.0,None,None,0,No active J-Curve setup.,Neutral,0,Not applicable,No directional setup; confirmation score not applicable.,Wide CPR,Wide Downside Watch,Watch,Wide CPR + close below CPR; trend aligned; participation light,0,0,0,0
2026-09-30,2026-09-30,CM,NSE,STK,3088,INE896L01010,INDOSTAR,EQ,,,,,INDOSTAR CAPITAL FIN LTD,210.0,215.7,209.05,213.54,215.7,209.04,,213.52,,,106921,22619839.46,1606,F1,1,,,,,,Cash Only,Diversified,False,217.19,208.0,209.04,211.41,212.595,210.225,212.595,210.225,2.3700000000000045,1.1337543053960988,Wide,Bearish,Above CPR,212.76333333333332,212.375,213.15166666666664,213.15166666666664,212.375,0.7766666666666424,0.3637101557865704,Moderate,False,False,0.9833333333333333,60,23536601.615000002,False,False,Lower,True,Risk Off,False,None,9.83642857142857,246.7184,242.4934,0.24094110812577205,0.9610495104605185,False,False,No setup,0.0,None,None,0,No active J-Curve setup.,Neutral,0,Not applicable,No directional setup; confirmation score not applicable.,Wide CPR,Wide Upside Watch,Watch,Wide CPR + close above CPR; trend opposes; participation light,0,0,0,0
2026-09-30,2026-09-30,CM,NSE,STK,1406,INE094A01015,HINDPETRO,EQ,,,,,HINDUSTAN PETROLEUM CORP,351.2,357.4,350.35,350.35,350.35,349.2,,350.37,,,2520543,892988877.7,37720,F1,1,,,,,,F&O + Cash,Oil Gas & Consumable Fuels,True,349.35,337.2,349.2,345.25,343.275,347.225,347.225,343.275,3.9500000000000455,1.1311569301260154,Wide,Bullish,Above CPR,352.7,353.875,351.525,353.875,351.525,2.3500000000000227,0.6707578136149629,Moderate,False,False,0.6666666666666666,60,1947089021.375,False,False,Lower,True,Risk Off,False,Bullish Virgin,8.671428571428569,371.365,380.8310000000001,0.45551894563427225,0.4586276579534032,False,False,No setup,0.0,None,None,0,No active J-Curve setup.,Neutral,0,Not applicable,No directional setup; confirmation score not applicable.,Wide CPR,Wide Upside Watch,Watch,Wide CPR + close above CPR; trend opposes; participation light,0,0,0,0
2026-09-30,2026-09-30,CM,NSE,STK,6248,INE342A01018,PREMIER,BE,,,,,PREMIER LIMITED,2.75,2.77,2.73,2.73,2.73,2.66,,2.83,,,2674,7346.18,22,F1,1,,,,,,Cash Only,Diversified,False,2.75,2.66,2.66,2.69,2.705,2.675,2.705,2.675,0.03000000000000025,1.1278195488721898,Wide,Bearish,Above CPR,2.7433333333333336,2.75,2.7366666666666672,2.75,2.7366666666666672,0.013333333333332753,0.4884004884004671,Moderate,False,False,0.65,20,23033.98,False,False,Lower,True,Risk Off,False,Bullish Virgin,0.21142857142857144,,,0.14189189189189305,0.3189279490561336,False,False,No setup,0.0,None,None,0,No active J-Curve setup.,Neutral,0,Not applicable,No directional setup; confirmation score not applicable.,Wide CPR,Wide Upside Watch,Watch,Wide CPR + close above CPR; trend opposes; participation light,0,0,0,0
2026-09-30,2026-09-30,CM,NSE,STK,10717,INE289C01025,TEAMGTY,EQ,,,,,TEAM INDIA GUARANTY LTD,235.0,235.01,235.0,235.0,235.0,235.0,,235.0,,,165,38775.1,10,F1,1,,,,,,Cash Only,FMCG & Food Products,False,242.95,235.0,235.0,237.65,238.975,236.32500000000002,238.975,236.32500000000002,2.6499999999999773,1.1276595744680755,Wide,Bearish,Below CPR,235.00333333333333,235.005,235.00166666666667,235.005,235.00166666666667,0.0033333333333303017,0.0014184397163107666,Narrow,False,False,0.6333333333333333,60,157078.03,False,False,Overlapping,True,Risk Off,False,Bearish Virgin,8.15714285714286,231.52720000000002,237.1589,0.32486865148861355,0.2468524719847836,True,False,No setup,0.0,None,None,0,No active J-Curve setup.,Neutral,0,Not applicable,No directional setup; confirmation score not applicable.,Wide CPR,Wide Downside Watch,Watch,Wide CPR + close below CPR; trend mixed; participation light,0,0,0,0
2026-09-30,2026-09-30,CM,NSE,STK,1348,INE158A01026,HEROMOTOCO,EQ,,,,,HERO MOTOCORP LIMITED,5236.5,5341.0,5236.5,5241.0,5241.0,5208.0,,5241.0,,,567810,3003681123.5,57772,F1,1,,,,,,F&O + Cash,Automobile and Auto Components,True,5384.0,5208.0,5208.0,5266.666666666667,5296.0,5237.333333333334,5296.0,5237.333333333334,58.66666666666606,1.126472094214018,Wide,Bearish,Inside CPR,5272.833333333333,5288.75,5256.916666666666,5288.75,5256.916666666666,31.83333333333394,0.6073904471157019,Moderate,False,False,0.8,60,2901419285.65,False,False,Lower,True,Risk Off,False,None,113.71428571428571,5439.726,5192.577,0.5159128978224402,1.0352454532703261,False,True,No setup,0.0,None,None,0,No active J-Curve setup.,Neutral,0,Not applicable,No directional setup; confirmation score not applicable.,Wide CPR,Wide Consolidation,Watch,Wide CPR + close inside CPR; consolidation/range watch,0,0,0,0
2026-09-30,2026-09-30,CM,NSE,STK,764050,INE724A01017,GYFTR,EQ,,,,,GYFTR LIMITED,154.18,166.0,154.18,159.16,160.0,156.36,,159.16,,,146651,23402068.65,4397,F1,1,,,,,,Cash Only,Diversified,False,164.59,153.41,156.36,158.12,159.0,157.24,159.0,157.24,1.759999999999991,1.1256075722691166,Wide,Bearish,Above CPR,159.78,160.09,159.47,160.09,159.47,0.6200000000000045,0.38954511183714785,Moderate,False,False,0.543859649122807,57,7203333.21,False,False,Lower,True,Risk Off,False,None,8.289285714285711,165.2962,,0.21232227488151556,3.248783301807025,False,False,No setup,0.0,None,None,0,No active J-Curve setup.,Neutral,0,Not applicable,No directional setup; confirmation score not applicable.,Wide CPR,Wide Upside Watch,Watch,Wide CPR + close above CPR; trend opposes; participation confirmed,0,0,0,0
2026-09-30,2026-09-30,CM,NSE,STK,765274,INE00IT01020,MILKYMIST,BE,,,,,MILKY MIST DAIRY FOOD L,323.0,323.0,310.0,316.46,315.1,317.99,,316.13,,,676275,214468029.19,6841,F1,1,,,,,,Cash Only,Diversified,False,320.25,305.0,317.99,314.41333333333336,312.625,316.2016666666667,316.2016666666667,312.625,3.5766666666667106,1.1247733157227304,Wide,Bullish,Above CPR,316.4866666666667,316.5,316.47333333333336,316.5,316.47333333333336,0.026666666666642413,0.00842655206555091,Narrow,False,False,0.06666666666666667,30,3257703830.315,True,True,Lower,True,Risk Off,True,None,16.875714285714285,,,0.21194164620898143,0.06583410904153993,False,False,No setup,0.0,None,None,0,No active J-Curve setup.,Neutral,0,Not applicable,No directional setup; confirmation score not applicable.,Wide CPR,Wide Upside Watch,Watch,Wide CPR + close above CPR; trend opposes; participation light,0,0,0,0
2026-09-30,2026-09-30,CM,NSE,STK,25907,INE377N01017,WAAREEENER,EQ,,,,,WAAREE ENERGIES LIMITED,2390.0,2401.4,2364.9,2374.4,2374.4,2380.0,,2374.03,,,402951,961026441.9,33321,F1,1,,,,,,F&O + Cash,Capital Goods,True,2460.0,2380.0,2380.0,2406.6666666666665,2420.0,2393.333333333333,2420.0,2393.333333333333,26.66666666666697,1.1204481792717214,Wide,Bearish,Below CPR,2380.2333333333336,2383.15,2377.316666666667,2383.15,2377.316666666667,5.83333333333303,0.24567610062891806,Narrow,False,False,0.7,60,1392040750.45,False,False,Lower,True,Risk Off,False,None,65.97857142857139,2623.232,2811.1730000000007,0.4041716285951476,0.6903723483592936,False,False,No setup,0.0,None,None,0,No active J-Curve setup.,Neutral,0,Not applicable,No directional setup; confirmation score not applicable.,Wide CPR,Wide Downside Watch,Watch,Wide CPR + close below CPR; trend aligned; participation light,0,-2,0,-2
2026-09-30,2026-09-30,CM,NSE,STK,2106,INE347A01017,MANGLMCEM,EQ,,,,,MANGALAM CEMENT LTD,982.6,1021.8,982.6,993.2,985.0,985.8,,993.2,,,85822,86034635.0,3016,F1,1,,,,,,Cash Only,Diversified,False,1023.0,981.7,985.8,996.8333333333334,1002.35,991.3166666666667,1002.35,991.3166666666667,11.033333333333303,1.119226347467367,Wide,Bearish,Inside CPR,999.2000000000002,1002.2,996.2000000000003,1002.2,996.2000000000003,5.999999999999773,0.604107933950843,Moderate,False,False,0.7666666666666667,60,53864195.225,False,False,Lower,True,Risk Off,False,None,34.51428571428572,993.908,939.8815,0.31967439293598143,1.597250912978808,False,True,No setup,0.0,None,None,0,No active J-Curve setup.,Neutral,0,Not applicable,No directional setup; confirmation score not applicable.,Wide CPR,Wide Consolidation,Watch,Wide CPR + close inside CPR; consolidation/range watch,0,0,0,0
2026-09-30,2026-09-30,CM,NSE,STK,23799,INE03JT01014,GODIGIT,EQ,,,,,GO DIGIT GENERAL INS LTD,251.05,261.9,251.05,260.05,260.0,253.2,,260.05,,,1467678,380606676.65,18221,F1,1,,,,,,Cash Only,Financial Services,True,263.1,251.8,253.2,256.03333333333336,257.45000000000005,254.61666666666667,257.45000000000005,254.61666666666667,2.8333333333333712,1.1190100052659444,Wide,Bearish,Above CPR,257.6666666666667,256.475,258.85833333333335,258.85833333333335,256.475,2.3833333333333258,0.9164904185092582,Wide,False,False,0.8333333333333334,60,84550642.69999999,False,False,Higher,True,Risk Off,False,None,9.653571428571421,258.557,282.305,0.2935010482180335,4.50152316405751,True,False,No setup,0.0,None,None,0,No active J-Curve setup.,Neutral,0,Not applicable,No directional setup; confirmation score not applicable.,Wide CPR,Wide Upside Watch,Watch,Wide CPR + close above CPR; trend mixed; participation confirmed,0,0,0,0
2026-09-30,2026-09-30,CM,NSE,STK,13192,INE265F01028,ENIL,EQ,,,,,ENTERTAIN NET. IND. LTD.,96.99,96.99,95.05,95.59,95.6,95.33,,95.59,,,12291,1177465.3,300,F1,1,,,,,,Cash Only,Diversified,False,98.74,95.12,95.33,96.39666666666666,96.93,95.86333333333332,96.93,95.86333333333332,1.0666666666666913,1.1189202419665283,Wide,Bearish,Below CPR,95.87666666666667,96.02,95.73333333333333,96.02,95.73333333333333,0.28666666666666174,0.2998918994315951,Moderate,False,False,0.9833333333333333,60,1757165.06,False,False,Lower,True,Risk Off,False,None,3.1499999999999995,102.7282,106.3759,0.3386243386243465,0.6700937361001248,False,False,No setup,0.0,None,None,0,No active J-Curve setup.,Neutral,0,Not applicable,No directional setup; confirmation score not applicable.,Wide CPR,Wide Downside Watch,Watch,Wide CPR + close below CPR; trend aligned; participation light,0,0,0,0
2026-09-30,2026-09-30,CM,NSE,STK,10733,INE885H01029,SPORTKING,EQ,,,,,SPORTKING INDIA LIMITED,212.2,217.61,208.1,210.5,209.05,212.16,,210.49,,,121292,25853333.77,8291,F1,1,,,,,,Cash Only,Logistics & Ports,False,213.9,203.31,212.16,209.79,208.60500000000002,210.97499999999997,210.97499999999997,208.60500000000002,2.3699999999999477,1.1170814479637763,Wide,Bullish,Inside CPR,212.07000000000002,212.85500000000002,211.28500000000003,212.85500000000002,211.28500000000003,1.5699999999999932,0.7458432304037972,Moderate,False,False,0.6166666666666667,60,70165997.83,False,False,Lower,True,Risk Off,False,None,8.592857142857143,212.92,193.89789999999996,0.27581047381545526,0.3684595754290864,False,True,No setup,0.0,None,None,0,No active J-Curve setup.,Neutral,0,Not applicable,No directional setup; confirmation score not applicable.,Wide CPR,Wide Consolidation,Watch,Wide CPR + close inside CPR; consolidation/range watch,0,0,0,0
2026-09-30,2026-09-30,CM,NSE,STK,20302,INE811K01011,PRESTIGE,EQ,,,,,PRESTIGE ESTATE LTD,1425.0,1493.0,1420.5,1481.9,1481.9,1417.5,,1481.9,,,1284002,1891568561.0,57208,F1,1,,,,,,F&O + Cash,Realty,True,1465.0,1417.5,1417.5,1433.3333333333333,1441.25,1425.4166666666665,1441.25,1425.4166666666665,15.833333333333485,1.1169900058789055,Wide,Bearish,Above CPR,1465.1333333333332,1456.75,1473.5166666666664,1473.5166666666664,1456.75,16.766666666666424,1.1314303709201987,Wide,False,False,0.7166666666666667,60,829520653.25,False,False,Lower,True,Risk Off,False,None,43.5214285714286,1570.8459999999998,1532.345,0.3638054598172799,2.2803152080529587,False,False,No setup,0.0,None,None,0,No active J-Curve setup.,Neutral,0,Not applicable,No directional setup; confirmation score not applicable.,Wide CPR,Wide Upside Watch,Watch,Wide CPR + close above CPR; trend opposes; participation confirmed,0,0,0,0
2026-09-30,2026-09-30,CM,NSE,STK,757,INE007A01025,CRISIL,EQ,,,,,CRISIL LTD,4464.8,4519.0,4416.0,4450.8,4424.7,4464.1,,4450.84,,,36918,164571561.1,9154,F1,1,,,,,,Cash Only,Financial Services,True,4640.2,4437.1,4464.1,4513.8,4538.65,4488.950000000001,4538.65,4488.950000000001,49.69999999999891,1.1133263143746535,Wide,Bearish,Below CPR,4461.933333333333,4467.5,4456.366666666667,4467.5,4456.366666666667,11.133333333333212,0.2501422965159794,Moderate,False,False,0.9166666666666666,60,211462980.25,False,False,Overlapping,True,Risk Off,False,None,133.2642857142857,4556.723999999999,4302.388,0.3729431312643966,0.7782523489711386,False,True,No setup,0.0,None,None,0,No active J-Curve setup.,Neutral,0,Not applicable,No directional setup; confirmation score not applicable.,Wide CPR,Wide Downside Watch,Watch,Wide CPR + close below CPR; trend mixed; participation light,0,-2,0,-2
2026-09-30,2026-09-30,CM,NSE,STK,761021,INE947T01022,GICL,BE,,,,,GLOBE INTL CARRIERS LTD,22.3,23.0,22.21,22.83,22.98,23.12,,22.83,,,200478,4539328.41,189,F1,1,,,,,,Cash Only,Diversified,False,23.17,22.3,23.12,22.863333333333333,22.735,22.991666666666667,22.991666666666667,22.735,0.2566666666666677,1.1101499423298775,Wide,Bullish,Inside CPR,22.679999999999996,22.605,22.754999999999992,22.754999999999992,22.605,0.14999999999999147,0.6570302233902386,Moderate,False,False,0.7666666666666667,60,3711662.675,False,False,Lower,True,Risk Off,False,None,1.2914285714285705,21.932199999999998,24.587000000000003,0.19874631268436674,1.2229905590760617,True,False,No setup,0.0,None,None,0,No active J-Curve setup.,Neutral,0,Not applicable,No directional setup; confirmation score not applicable.,Wide CPR,Wide Consolidation,Watch,Wide CPR + close inside CPR; consolidation/range watch,0,0,0,0
2026-09-30,2026-09-30,CM,NSE,STK,2421,INE310A01015,NILKAMAL,EQ,,,,,NILKAMAL LIMITED,1901.0,1935.0,1896.5,1901.7,1896.5,1898.9,,1901.68,,,8647,16532063.5,2228,F1,1,,,,,,Cash Only,Diversified,False,1969.9,1891.0,1898.9,1919.9333333333334,1930.45,1909.4166666666667,1930.45,1909.4166666666667,21.033333333333303,1.1076588200186055,Wide,Bearish,Below CPR,1911.0666666666666,1915.75,1906.3833333333332,1915.75,1906.3833333333332,9.366666666666788,0.49254176088062196,Moderate,False,False,0.1,60,69910244.45,True,False,Higher,True,Risk Off,True,None,74.92142857142862,1907.4360000000001,1599.725,0.28073855149839455,0.2364755499006126,False,True,No setup,0.0,None,None,0,No active J-Curve setup.,Neutral,0,Not applicable,No directional setup; confirmation score not applicable.,Wide CPR,Wide Downside Watch,Watch,Wide CPR + close below CPR; trend mixed; participation light,0,0,0,0
2026-09-30,2026-09-30,CM,NSE,STK,5633,INE168A01041,J&KBANK,EQ,,,,,J & K BANK LTD.,139.0,142.26,138.0,138.65,138.81,138.52,,138.65,,,1592541,223338077.51,29540,F1,1,,,,,,Cash Only,Financial Services,True,143.64,138.0,138.52,140.0533333333333,140.82,139.28666666666663,140.82,139.28666666666663,1.5333333333333599,1.1069400327269419,Wide,Bearish,Below CPR,139.63666666666666,140.13,139.14333333333332,140.13,139.14333333333332,0.9866666666666788,0.7116239932684304,Moderate,False,False,0.8333333333333334,60,429416563.155,False,False,Lower,True,Risk Off,False,None,3.702857142857141,153.42340000000002,154.0672,0.4140946502057687,0.5200965604798645,False,False,No setup,0.0,None,None,0,No active J-Curve setup.,Neutral,0,Not applicable,No directional setup; confirmation score not applicable.,Wide CPR,Wide Downside Watch,Watch,Wide CPR + close below CPR; trend aligned; participation light,0,0,0,0
2026-09-30,2026-09-30,CM,NSE,STK,7669,INE687A01016,TRANSPEK,BE,,,,,TRANSPEK INDUSTRIES LTD,1352.5,1352.5,1320.9,1340.2,1352.0,1352.5,,1339.75,,,635,846983.8,33,F1,1,,,,,,Cash Only,Diversified,False,1355.0,1305.1,1352.5,1337.5333333333333,1330.05,1345.0166666666667,1345.0166666666667,1330.05,14.966666666666697,1.1065927295132494,Wide,Bullish,Inside CPR,1337.8666666666668,1336.7,1339.0333333333335,1339.0333333333335,1336.7,2.333333333333485,0.17410336765658,Narrow,False,False,0.65,60,4176922.3,False,False,Overlapping,True,Risk Off,False,None,62.25,1199.925,,0.24042838018741683,0.20277700640971943,True,False,No setup,0.0,None,None,0,No active J-Curve setup.,Neutral,0,Not applicable,No directional setup; confirmation score not applicable.,Wide CPR,Wide Consolidation,Watch,Wide CPR + close inside CPR; consolidation/range watch,0,0,0,0
2026-09-30,2026-09-30,CM,NSE,STK,13236,INE226H01026,SADBHAV,EQ,,,,,SADBHAV ENGINEERING LTD,7.1,7.27,7.09,7.15,7.19,6.93,,7.15,,,138349,994869.64,314,F1,1,,,,,,Cash Only,Diversified,False,7.19,6.9,6.93,7.006666666666667,7.045,6.968333333333334,7.045,6.968333333333334,0.07666666666666622,1.1063011063011,Wide,Bearish,Above CPR,7.169999999999999,7.18,7.159999999999998,7.18,7.159999999999998,0.02000000000000135,0.27972027972029856,Moderate,False,False,0.7666666666666667,60,1392082.715,False,False,Lower,True,Risk Off,False,Bullish Virgin,0.34142857142857147,8.224,8.5087,0.2245467224546709,0.7146627346780898,False,False,No setup,0.0,None,None,0,No active J-Curve setup.,Neutral,0,Not applicable,No directional setup; confirmation score not applicable.,Wide CPR,Wide Upside Watch,Watch,Wide CPR + close above CPR; trend opposes; participation light,0,0,0,0
2026-09-30,2026-09-30,CM,NSE,STK,5292,INE583R01029,PRITIKAUTO,EQ,,,,,PRITIKA AUTO INDUS LTD,19.0,19.0,16.91,17.08,17.15,18.4,,17.08,,,394236,6995893.76,1502,F1,1,,,,,,Cash Only,Automobile & Ancillary,False,19.85,17.56,18.4,18.60333333333333,18.705,18.501666666666665,18.705,18.501666666666665,0.20333333333333314,1.105072463768115,Wide,Bearish,Below CPR,17.66333333333333,17.955,17.371666666666663,17.955,17.371666666666663,0.5833333333333357,3.4153005464481017,Wide,False,False,0.95,60,1824942.9700000002,False,False,Higher,True,Risk Off,False,None,0.9014285714285721,15.061599999999999,13.918,0.22556788166930758,3.833486237654867,True,True,No setup,0.0,None,None,0,No active J-Curve setup.,Neutral,0,Not applicable,No directional setup; confirmation score not applicable.,Wide CPR,Wide Downside Watch,Watch,Wide CPR + close below CPR; trend opposes; participation confirmed,0,0,0,0
2026-09-30,2026-09-30,CM,NSE,STK,27079,INE127T01021,KPEL,EQ,,,,,K.P. ENERGY LIMITED,225.5,229.2,219.13,220.41,223.92,224.03,,220.41,,,231806,51817279.11,6107,F1,1,,,,,,Cash Only,Diversified,False,225.0,215.64,224.03,221.55666666666664,220.32,222.7933333333333,222.7933333333333,220.32,2.4733333333333007,1.1040188070049997,Wide,Bullish,Inside CPR,222.91333333333333,224.165,221.66166666666666,224.165,221.66166666666666,2.5033333333333303,1.1357621402537683,Wide,False,False,0.8166666666666667,60,63690738.224999994,False,False,Outside,True,Risk Off,False,None,10.00428571428572,259.95959999999997,303.2858,0.24722737874244033,0.81357636218543,False,False,No setup,0.0,None,None,0,No active J-Curve setup.,Neutral,0,Not applicable,No directional setup; confirmation score not applicable.,Wide CPR,Wide Consolidation,Watch,Wide CPR + close inside CPR; consolidation/range watch,0,0,0,0
2026-09-30,2026-09-30,CM,NSE,STK,763839,INE17QZ01016,KNACK,EQ,,,,,KNACK PACKAGING LIMITED,175.75,182.0,175.75,180.0,180.0,176.58,,180.0,,,582310,104649689.32,5881,F1,1,,,,,,Cash Only,Diversified,False,183.0,176.0,176.58,178.52666666666667,179.5,177.55333333333334,179.5,177.55333333333334,1.9466666666666583,1.1024276059953892,Wide,Bearish,Above CPR,179.25,178.875,179.625,179.625,178.875,0.75,0.4166666666666667,Moderate,False,False,0.7457627118644068,59,190186252.01,False,False,Lower,True,Risk Off,False,None,6.483571428571429,193.1548,,0.30024604311262765,0.5502484444275053,False,False,No setup,0.0,None,None,0,No active J-Curve setup.,Neutral,0,Not applicable,No directional setup; confirmation score not applicable.,Wide CPR,Wide Upside Watch,Watch,Wide CPR + close above CPR; trend opposes; participation light,0,0,0,0
2026-09-30,2026-09-30,CM,NSE,STK,20223,INE201M01029,CLEDUCATE,EQ,,,,,CL EDUCATE LIMITED,55.96,58.2,55.0,57.01,57.0,55.43,,57.01,,,31888,1804687.29,183,F1,1,,,,,,Cash Only,Diversified,False,55.98,53.05,55.43,54.82,54.515,55.125,55.125,54.515,0.6099999999999994,1.1004871008479153,Wide,Bullish,Above CPR,56.73666666666667,56.6,56.87333333333334,56.87333333333334,56.6,0.27333333333334053,0.4794480500497115,Moderate,False,False,0.4666666666666667,60,2807679.05,False,False,Lower,True,Risk Off,False,None,2.7914285714285723,50.561400000000006,64.3363,0.21852610030706215,0.6427683712638025,True,False,No setup,0.0,None,None,0,No active J-Curve setup.,Neutral,0,Not applicable,No directional setup; confirmation score not applicable.,Wide CPR,Wide Upside Watch,Watch,Wide CPR + close above CPR; trend mixed; participation light,0,0,0,0
2026-09-30,2026-09-30,CM,NSE,STK,764833,INE383L01019,PARNAXLAB,EQ,,,,,PARNAX LAB LTD.,112.0,117.74,109.99,111.73,111.0,113.37,,111.6,,,2982,332852.59,122,F1,1,,,,,,Cash Only,Healthcare & Pharma,False,118.0,105.0,113.37,112.12333333333333,111.5,112.74666666666667,112.74666666666667,111.5,1.2466666666666697,1.099644232748231,Wide,Bullish,Inside CPR,113.15333333333332,113.865,112.44166666666665,113.865,112.44166666666665,1.4233333333333462,1.2739043527551654,Wide,False,False,0.3548387096774194,31,241206.78,False,False,Lower,True,Risk Off,False,None,13.293571428571425,,,0.09377966435620536,1.3799470727978709,False,False,No setup,0.0,None,None,0,No active J-Curve setup.,Neutral,0,Not applicable,No directional setup; confirmation score not applicable.,Wide CPR,Wide Consolidation,Watch,Wide CPR + close inside CPR; consolidation/range watch,0,0,0,0
2026-09-30,2026-09-30,CM,NSE,STK,765120,INE227F01010,MKEXIM,EQ,,,,,M K EXIM (INDIA) LTD.,69.95,69.95,64.72,66.84,66.91,66.72,,66.08,,,6295,420895.3,165,F1,1,,,,,,Cash Only,Diversified,False,69.99,65.65,66.72,67.45333333333333,67.82,67.08666666666667,67.82,67.08666666666667,0.7333333333333201,1.0991207034372303,Wide,Bearish,Below CPR,67.17,67.33500000000001,67.005,67.33500000000001,67.005,0.3300000000000125,0.49371633752246036,Moderate,False,False,0.5161290322580645,31,1094811.36,False,False,Lower,True,Risk Off,False,None,4.070000000000002,,,0.18018018018017684,0.3844454993598166,False,False,No setup,0.0,None,None,0,No active J-Curve setup.,Neutral,0,Not applicable,No directional setup; confirmation score not applicable.,Wide CPR,Wide Downside Watch,Watch,Wide CPR + close below CPR; trend aligned; participation light,0,0,0,0
2026-09-30,2026-09-30,CM,NSE,STK,6198,INE045J01034,FCL,EQ,,,,,FINEOTEX CHEMICAL LIMITED,57.94,59.21,57.0,57.45,57.5,57.94,,57.45,,,16165821,936727613.33,48898,F1,1,,,,,,Cash Only,Diversified,False,58.42,55.55,57.94,57.303333333333335,56.985,57.62166666666667,57.62166666666667,56.985,0.6366666666666703,1.098837878264878,Wide,Bullish,Inside CPR,57.88666666666668,58.105000000000004,57.66833333333335,58.105000000000004,57.66833333333335,0.4366666666666532,0.760081230055097,Wide,False,False,0.9,60,663353050.875,False,False,Lower,True,Risk Off,False,None,3.7435714285714288,47.997600000000006,42.7844,0.17006932519239426,1.4121102060123243,True,True,No setup,0.0,None,None,0,No active J-Curve setup.,Neutral,0,Not applicable,No directional setup; confirmation score not applicable.,Wide CPR,Wide Consolidation,Watch,Wide CPR + close inside CPR; consolidation/range watch,0,0,0,0
2026-09-30,2026-09-30,CM,NSE,STK,13920,INE083C01022,PLASTIBLEN,EQ,,,,,PLASTIBLENDS INDIA LTD,205.85,207.0,199.23,200.29,200.89,204.5,,200.24,,,39036,7906262.28,1169,F1,1,,,,,,Cash Only,Diversified,False,205.99,196.27,204.5,202.25333333333333,201.13,203.37666666666667,203.37666666666667,201.13,2.2466666666666697,1.0986145069274669,Wide,Bullish,Below CPR,202.17333333333332,203.115,201.23166666666663,203.115,201.23166666666663,1.8833333333333826,0.9403032269875594,Wide,False,False,0.9333333333333333,60,5618132.755,False,False,Overlapping,True,Risk Off,False,None,8.590000000000002,191.20579999999998,183.7434,0.26154443150950746,1.4072758022607461,True,True,No setup,0.0,None,None,0,No active J-Curve setup.,Neutral,0,Not applicable,No directional setup; confirmation score not applicable.,Wide CPR,Wide Downside Watch,Watch,Wide CPR + close below CPR; trend opposes; participation confirmed,0,0,0,0
2026-09-30,2026-09-30,CM,NSE,STK,758958,INE1VXE01018,STLNETWORK,EQ,,,,,STL NETWORKS LIMITED,51.93,51.93,48.48,48.97,49.32,49.46,,48.97,,,26400187,1354059390.35,36566,F1,1,,,,,,Cash Only,Diversified,False,51.09,49.46,49.46,50.00333333333334,50.275000000000006,49.73166666666667,50.275000000000006,49.73166666666667,0.5433333333333366,1.0985307992991034,Wide,Bearish,Below CPR,49.79333333333333,50.205,49.38166666666666,50.205,49.38166666666666,0.8233333333333377,1.681301477094829,Wide,False,False,0.9666666666666667,60,122638063.925,False,False,Lower,True,Risk Off,False,None,2.6771428571428575,31.953200000000002,26.4971,0.2029526858769133,11.041102142464371,True,True,No setup,0.0,None,None,0,No active J-Curve setup.,Neutral,0,Not applicable,No directional setup; confirmation score not applicable.,Wide CPR,Wide Downside Watch,Watch,Wide CPR + close below CPR; trend opposes; participation confirmed,0,0,0,0
2026-09-30,2026-09-30,CM,NSE,STK,6818,INE0I7C01011,LATENTVIEW,EQ,,,,,LATENT VIEW ANALYTICS LTD,235.5,243.8,234.75,236.0,235.6,235.5,,236.0,,,300979,71838303.65,8526,F1,1,,,,,,Cash Only,Information Technology,True,244.5,234.25,235.5,238.08333333333334,239.375,236.79166666666669,239.375,236.79166666666669,2.5833333333333144,1.0969568294408978,Wide,Bearish,Below CPR,238.1833333333333,239.275,237.0916666666666,239.275,237.0916666666666,2.183333333333394,0.9251412429378788,Wide,False,False,0.4166666666666667,60,125719727.4,False,False,Lower,True,Risk Off,False,None,6.757142857142861,277.433,290.065,0.3823114869626468,0.5714163173567302,False,False,No setup,0.0,None,None,0,No active J-Curve setup.,Neutral,0,Not applicable,No directional setup; confirmation score not applicable.,Wide CPR,Wide Downside Watch,Watch,Wide CPR + close below CPR; trend aligned; participation light,0,0,0,0
2026-09-30,2026-09-30,CM,NSE,STK,21690,INE935N01020,DIXON,EQ,,,,,DIXON TECHNO (INDIA) LTD,13300.0,13425.0,13100.0,13100.0,13100.0,13250.0,,13100.3,,,273569,3631014617.0,42262,F1,1,,,,,,F&O + Cash,Consumer Durables,True,13686.0,13250.0,13250.0,13395.333333333334,13468.0,13322.666666666668,13468.0,13322.666666666668,145.33333333333212,1.0968553459119406,Wide,Bearish,Below CPR,13208.333333333334,13262.5,13154.166666666668,13262.5,13154.166666666668,108.33333333333212,0.8269720101781077,Wide,False,False,0.75,60,5317003174.0,False,False,Outside,True,Risk Off,False,None,404.07142857142856,14004.82,13037.57,0.35967238229921333,0.68290623461644,False,True,No setup,0.0,None,None,0,No active J-Curve setup.,Neutral,0,Not applicable,No directional setup; confirmation score not applicable.,Wide CPR,Wide Downside Watch,Watch,Wide CPR + close below CPR; trend mixed; participation light,0,0,0,0
2026-09-30,2026-09-30,CM,NSE,STK,6417,INE479D01038,KRITI,EQ,,,,,KRITI INDUSTRIES IND LTD,63.8,63.8,60.46,61.0,60.5,62.41,,61.0,,,10030,618063.09,253,F1,1,,,,,,Cash Only,Diversified,False,62.5,60.27,62.41,61.72666666666667,61.385000000000005,62.06833333333333,62.06833333333333,61.385000000000005,0.6833333333333229,1.0949100037387005,Wide,Bullish,Below CPR,61.75333333333333,62.129999999999995,61.376666666666665,62.129999999999995,61.376666666666665,0.7533333333333303,1.2349726775956236,Wide,False,False,0.11666666666666667,60,1797757.5,True,True,Outside,True,Risk Off,True,None,3.0949999999999993,69.1226,73.7436,0.22078621432417547,0.3437966967179945,False,False,No setup,0.0,None,None,0,No active J-Curve setup.,Neutral,0,Not applicable,No directional setup; confirmation score not applicable.,Wide CPR,Wide Downside Watch,Watch,Wide CPR + close below CPR; trend aligned; participation light,0,0,-2,-2
2026-09-30,2026-09-30,CM,NSE,STK,759103,INE00RL01028,HILINFRA,EQ,,,,,HIGHWAY INFRASTRUCTURE L,42.3,43.34,41.71,42.75,42.97,43.26,,42.75,,,81532,3472203.23,716,F1,1,,,,,,Cash Only,Real Estate & Infra,False,43.55,41.55,43.26,42.78666666666666,42.55,43.023333333333326,43.023333333333326,42.55,0.47333333333332916,1.0941593465865214,Wide,Bullish,Inside CPR,42.6,42.525000000000006,42.675,42.675,42.525000000000006,0.14999999999999147,0.3508771929824362,Moderate,False,False,0.5833333333333334,60,3412562.115,False,False,Outside,True,Risk Off,False,None,2.088571428571428,45.6046,48.579899999999995,0.2266301869585024,1.017476931698282,False,False,No setup,0.0,None,None,0,No active J-Curve setup.,Neutral,0,Not applicable,No directional setup; confirmation score not applicable.,Wide CPR,Wide Consolidation,Watch,Wide CPR + close inside CPR; consolidation/range watch,0,0,-2,-2
2026-09-30,2026-09-30,CM,NSE,STK,18755,INE438K01021,KALAMANDIR,EQ,,,,,SAI SILKS (KALAMANDIR) L,76.0,77.63,75.9,76.27,76.25,76.19,,76.27,,,385217,29586681.58,4044,F1,1,,,,,,Cash Only,Diversified,False,79.5,75.37,76.19,77.02,77.435,76.60499999999999,77.435,76.60499999999999,0.8300000000000125,1.0893818086363205,Wide,Bearish,Below CPR,76.60000000000001,76.765,76.43500000000002,76.765,76.43500000000002,0.3299999999999841,0.4326733971417125,Moderate,False,False,0.3,60,39691904.015,False,False,Lower,True,Risk Off,False,None,2.767857142857141,84.958,95.1706,0.2998709677419402,0.7454084734463449,False,False,No setup,0.0,None,None,0,No active J-Curve setup.,Neutral,0,Not applicable,No directional setup; confirmation score not applicable.,Wide CPR,Wide Downside Watch,Watch,Wide CPR + close below CPR; trend aligned; participation light,0,0,0,0
2026-09-30,2026-09-30,CM,NSE,STK,23590,INE350Z01018,GLOSTERLTD,EQ,,,,,GLOSTER LIMITED,553.9,553.9,545.4,546.1,549.9,539.25,,546.1,,,238,130555.0,31,F1,1,,,,,,Cash Only,Diversified,False,559.9,536.2,539.25,545.1166666666667,548.05,542.1833333333334,548.05,542.1833333333334,5.866666666666561,1.087930768042014,Wide,Bearish,Inside CPR,548.4666666666667,549.65,547.2833333333334,549.65,547.2833333333334,2.3666666666665606,0.4333760605505513,Moderate,False,False,0.8166666666666667,60,774008.675,False,False,Lower,True,Risk Off,False,None,19.696428571428555,617.689,646.68,0.29785433665759536,0.1686738200963962,False,False,No setup,0.0,None,None,0,No active J-Curve setup.,Neutral,0,Not applicable,No directional setup; confirmation score not applicable.,Wide CPR,Wide Consolidation,Watch,Wide CPR + close inside CPR; consolidation/range watch,0,0,0,0
2026-09-30,2026-09-30,CM,NSE,STK,4934,INE0D6701023,IPL,EQ,,,,,INDIA PESTICIDES LIMITED,133.0,135.0,131.1,132.72,131.3,133.12,,132.73,,,140290,18708175.28,2203,F1,1,,,,,,Cash Only,Diversified,False,133.85,128.05,133.12,131.67333333333332,130.95,132.39666666666665,132.39666666666665,130.95,1.4466666666666583,1.0867387820512757,Wide,Bullish,Above CPR,132.94000000000003,133.05,132.83000000000004,133.05,132.83000000000004,0.21999999999997044,0.16576250753463714,Narrow,False,False,0.7166666666666667,60,17202506.939999998,False,False,Lower,True,Risk Off,False,None,4.490714285714282,140.6938,151.5131,0.3221462276655517,1.087526099844143,False,False,No setup,0.0,None,None,0,No active J-Curve setup.,Neutral,0,Not applicable,No directional setup; confirmation score not applicable.,Wide CPR,Wide Upside Watch,Watch,Wide CPR + close above CPR; trend opposes; participation confirmed,0,0,0,0
2026-09-30,2026-09-30,CM,NSE,STK,8614,INE803D01021,INDOBORAX,EQ,,,,,INDO BORAX & CHEMICAL LTD,489.0,495.0,470.0,481.45,477.9,489.5,,481.82,,,168168,81101608.05,7386,F1,1,,,,,,Cash Only,Diversified,False,497.5,465.55,489.5,484.18333333333334,481.525,486.8416666666667,486.8416666666667,481.525,5.31666666666672,1.0861423220973891,Wide,Bullish,Below CPR,482.15000000000003,482.5,481.80000000000007,482.5,481.80000000000007,0.6999999999999318,0.14539412192334236,Narrow,False,False,0.6333333333333333,60,98095536.025,False,False,Higher,True,Risk Off,False,None,25.449999999999992,455.12199999999996,410.026,0.20890635232482205,0.826761454561306,True,True,No setup,0.0,None,None,0,No active J-Curve setup.,Neutral,0,Not applicable,No directional setup; confirmation score not applicable.,Wide CPR,Wide Downside Watch,Watch,Wide CPR + close below CPR; trend opposes; participation light,0,0,0,0
2026-09-30,2026-09-30,CM,NSE,STK,3453,INE014B01011,TECILCHEM,EQ,,,,,TECIL CHEMICALS,9.2,9.46,8.75,9.02,9.4,9.21,,9.02,,,6287,57036.31,61,F1,1,,,,,,Cash Only,Chemicals & Fertilizers,False,9.8,8.92,9.21,9.31,9.36,9.260000000000002,9.36,9.260000000000002,0.09999999999999787,1.085776330075981,Wide,Bearish,Below CPR,9.076666666666666,9.105,9.048333333333332,9.105,9.048333333333332,0.05666666666666842,0.6282335550628428,Moderate,False,False,0.03333333333333333,60,97124.60500000001,True,True,Higher,True,Risk Off,True,None,0.7714285714285712,9.3792,10.2688,0.1296296296296269,0.5872488233028077,False,False,No setup,0.0,None,None,0,No active J-Curve setup.,Neutral,0,Not applicable,No directional setup; confirmation score not applicable.,Wide CPR,Wide Downside Watch,Watch,Wide CPR + close below CPR; trend aligned; participation light,0,0,0,0
2026-09-30,2026-09-30,CM,NSE,STK,762985,INE967G01019,ZSARACOM,EQ,,,,,SARASWATI COMM (INDIA) L,10199.0,10287.0,10100.0,10140.0,10101.0,10233.0,,10140.0,,,30,303694.0,20,F1,1,,,,,,Cash Only,Diversified,False,10299.0,9834.0,10233.0,10122.0,10066.5,10177.5,10177.5,10066.5,111.0,1.084725886836705,Wide,Bullish,Inside CPR,10175.666666666666,10193.5,10157.833333333332,10193.5,10157.833333333332,35.66666666666788,0.3517422748192099,Moderate,False,False,0.26666666666666666,60,538749.5,False,False,Lower,True,Risk Off,False,None,494.35714285714283,11482.46,10830.37,0.2245340268747291,0.5637016832498221,False,False,No setup,0.0,None,None,0,No active J-Curve setup.,Neutral,0,Not applicable,No directional setup; confirmation score not applicable.,Wide CPR,Wide Consolidation,Watch,Wide CPR + close inside CPR; consolidation/range watch,0,0,0,0
2026-09-30,2026-09-30,CM,NSE,STK,31841,INE099F01013,SREEL,BE,,,,,SREELEATHERS LIMITED,291.74,295.0,282.0,287.59,292.8,288.86,,286.62,,,18887,5440737.85,241,F1,1,,,,,,Cash Only,Diversified,False,301.0,286.12,288.86,291.99333333333334,293.56,290.4266666666667,293.56,290.4266666666667,3.1333333333333258,1.084723857001082,Wide,Bearish,Below CPR,288.19666666666666,288.5,287.8933333333333,288.5,287.8933333333333,0.6066666666666833,0.21094845671500517,Narrow,False,False,0.8333333333333334,60,3248025.89,False,False,Lower,True,Risk Off,False,None,23.77500000000001,257.7636,229.50170000000003,0.13179109709078127,1.675090665610427,True,True,No setup,0.0,None,None,0,No active J-Curve setup.,Neutral,0,Not applicable,No directional setup; confirmation score not applicable.,Wide CPR,Wide Downside Watch,Watch,Wide CPR + close below CPR; trend opposes; participation confirmed,0,0,0,0
2026-09-30,2026-09-30,CM,NSE,STK,2263,INE545U01014,BANDHANBNK,EQ,,,,,BANDHAN BANK LIMITED,184.01,184.37,177.26,178.23,178.23,185.31,,178.23,,,13031625,2343520135.03,68285,F1,1,,,,,,F&O + Cash,Financial Services,True,185.31,179.3,185.31,183.3066666666667,182.305,184.3083333333334,184.3083333333334,182.305,2.003333333333387,1.0810713579048012,Wide,Bullish,Below CPR,179.95333333333335,180.815,179.0916666666667,180.815,179.0916666666667,1.7233333333333007,0.9669154089285198,Wide,False,False,0.8333333333333334,60,1602311765.2199998,False,False,Lower,True,Risk Off,False,None,6.317857142857142,173.88719999999998,189.0246,0.3170906350103722,1.4625868609959507,True,False,No setup,0.0,None,None,0,No active J-Curve setup.,Neutral,0,Not applicable,No directional setup; confirmation score not applicable.,Wide CPR,Wide Downside Watch,Watch,Wide CPR + close below CPR; trend mixed; participation confirmed,0,0,0,0
2026-09-30,2026-09-30,CM,NSE,STK,20822,INE843S01025,SURAJEST,EQ,,,,,SURAJ ESTATE DEVELOPERS L,209.0,214.82,203.24,207.69,207.0,209.06,,207.63,,,91950,19092716.36,1599,F1,1,,,,,,Cash Only,Diversified,False,217.89,207.01,209.06,211.32000000000002,212.45,210.19000000000005,212.45,210.19000000000005,2.259999999999934,1.0810293695589466,Wide,Bearish,Below CPR,208.58333333333334,209.03,208.13666666666668,209.03,208.13666666666668,0.8933333333333167,0.43012823599273764,Moderate,False,False,0.8333333333333334,60,17091934.955,False,False,Lower,True,Risk Off,False,None,12.135000000000003,197.09,200.64280000000002,0.1862381540997061,1.1170599706977413,True,True,No setup,0.0,None,None,0,No active J-Curve setup.,Neutral,0,Not applicable,No directional setup; confirmation score not applicable.,Wide CPR,Wide Downside Watch,Watch,Wide CPR + close below CPR; trend opposes; participation confirmed,0,0,0,0
2026-09-30,2026-09-30,CM,NSE,STK,6006,INE377E01024,COASTCORP,EQ,,,,,COASTAL CORPORATION LTD,36.53,37.8,36.0,36.97,36.21,35.55,,36.97,,,86221,3152965.42,1001,F1,1,,,,,,Cash Only,Diversified,False,36.95,35.3,35.55,35.93333333333333,36.125,35.74166666666666,36.125,35.74166666666666,0.38333333333333997,1.0782934833567932,Wide,Bearish,Above CPR,36.92333333333333,36.9,36.946666666666665,36.946666666666665,36.9,0.046666666666666856,0.12622847353710268,Narrow,False,False,0.21666666666666667,60,3350160.1849999996,True,False,Lower,True,Risk Off,True,None,1.938571428571429,42.4086,47.78889999999999,0.19774011299435365,0.9411387055810289,False,False,No setup,0.0,None,None,0,No active J-Curve setup.,Neutral,0,Not applicable,No directional setup; confirmation score not applicable.,Wide CPR,Wide Upside Watch,Watch,Wide CPR + close above CPR; trend opposes; participation light,0,0,0,0
2026-09-30,2026-09-30,CM,NSE,STK,19698,INE262A01018,HMT,BZ,,,,,HMT LTD -,59.98,62.0,59.01,60.1,60.79,59.98,,60.1,,,7423,454038.51,106,F1,1,,,,,,Cash Only,Diversified,False,60.0,58.02,59.98,59.333333333333336,59.010000000000005,59.656666666666666,59.656666666666666,59.010000000000005,0.6466666666666612,1.0781371568300453,Wide,Bullish,Above CPR,60.37,60.504999999999995,60.235,60.504999999999995,60.235,0.269999999999996,0.4492512479201265,Moderate,False,False,0.8,20,903819.665,False,False,Lower,True,Risk Off,False,None,2.457142857142856,,,0.2631782945736413,0.502355201576633,False,False,No setup,0.0,None,None,0,No active J-Curve setup.,Neutral,0,Not applicable,No directional setup; confirmation score not applicable.,Wide CPR,Wide Upside Watch,Watch,Wide CPR + close above CPR; trend opposes; participation light,0,0,0,0
2026-09-30,2026-09-30,CM,NSE,STK,3586,INE514Y01020,MOKSH,EQ,,,,,MOKSH ORNAMENTS LIMITED,9.55,9.83,9.45,9.51,9.8,9.6,,9.51,,,34960,335892.83,251,F1,1,,,,,,Cash Only,Diversified,False,10.0,9.51,9.6,9.703333333333333,9.754999999999999,9.651666666666667,9.754999999999999,9.651666666666667,0.10333333333333172,1.0763888888888722,Wide,Bearish,Below CPR,9.596666666666666,9.64,9.553333333333331,9.64,9.553333333333331,0.08666666666666956,0.9113214160533076,Wide,False,False,0.5166666666666667,60,734702.9,False,False,Lower,True,Risk Off,False,None,0.45357142857142857,10.3348,11.156199999999998,0.22782152230970773,0.4571818486084647,False,False,No setup,0.0,None,None,0,No active J-Curve setup.,Neutral,0,Not applicable,No directional setup; confirmation score not applicable.,Wide CPR,Wide Downside Watch,Watch,Wide CPR + close below CPR; trend aligned; participation light,0,0,0,0
2026-09-30,2026-09-30,CM,NSE,STK,764995,INE380K01017,VIVOBIOT,EQ,,,,,VIVO BIO TECH LTD.,17.24,17.24,16.11,17.06,17.17,17.05,,17.06,,,12331,204653.34,132,F1,1,,,,,,Cash Only,Healthcare & Pharma,False,17.44,16.11,17.05,16.866666666666664,16.775,16.95833333333333,16.95833333333333,16.775,0.18333333333333002,1.0752688172042815,Wide,Bullish,Above CPR,16.80333333333333,16.674999999999997,16.931666666666665,16.931666666666665,16.674999999999997,0.2566666666666677,1.5044939429464697,Wide,False,False,0.9354838709677419,31,246904.99,False,False,Higher,True,Risk Off,False,None,1.2014285714285715,,,0.15259611573523307,0.828874863970955,False,False,No setup,0.0,None,None,0,No active J-Curve setup.,Neutral,0,Not applicable,No directional setup; confirmation score not applicable.,Wide CPR,Wide Upside Watch,Watch,Wide CPR + close above CPR; trend opposes; participation light,0,0,0,0
2026-09-30,2026-09-30,CM,NSE,STK,18659,INE182D01020,MARATHON,EQ,,,,,MARATHON NXTGEN REALT LTD,385.15,394.4,384.15,389.15,386.45,384.9,,389.15,,,29572,11505389.25,1191,F1,1,,,,,,Cash Only,Diversified,False,400.0,382.2,384.9,389.0333333333333,391.1,386.9666666666666,391.1,386.9666666666666,4.133333333333439,1.0738720013856689,Wide,Bearish,Inside CPR,389.2333333333333,389.275,389.1916666666666,389.275,389.1916666666666,0.08333333333337123,0.0214141933273471,Narrow,False,False,0.8833333333333333,60,29283721.924999997,False,False,Lower,True,Risk Off,False,None,14.971428571428564,400.89700000000005,416.08099999999996,0.276081424936394,0.3928936792757091,False,False,No setup,0.0,None,None,0,No active J-Curve setup.,Neutral,0,Not applicable,No directional setup; confirmation score not applicable.,Wide CPR,Wide Consolidation,Watch,Wide CPR + close inside CPR; consolidation/range watch,0,0,0,0
2026-09-30,2026-09-30,CM,NSE,STK,13270,INE823G01014,JKCEMENT,EQ,,,,,JK CEMENT LIMITED,4848.0,5117.0,4848.0,5076.0,5074.0,4824.5,,5075.94,,,106778,534934824.0,19279,F1,1,,,,,,Cash Only,Construction Materials,True,4993.5,4810.5,4824.5,4876.166666666667,4902.0,4850.333333333334,4902.0,4850.333333333334,51.66666666666606,1.0709227208346164,Wide,Bearish,Above CPR,5013.666666666667,4982.5,5044.833333333334,5044.833333333334,4982.5,62.33333333333394,1.228001050696098,Wide,False,False,0.16666666666666666,60,186974388.0,False,False,Lower,True,Risk Off,True,None,160.39285714285714,5248.66,5284.085,0.32212573294737246,2.8610058827950273,False,False,No setup,0.0,None,None,0,No active J-Curve setup.,Neutral,0,Not applicable,No directional setup; confirmation score not applicable.,Wide CPR,Wide Upside Watch,Watch,Wide CPR + close above CPR; trend opposes; participation confirmed,0,0,0,0
2026-09-30,2026-09-30,CM,NSE,STK,25486,INE440L01017,TIJARIA,BE,,,,,TIJARIA POLYPIPES LTD,6.57,6.86,6.25,6.6,6.6,6.54,,6.6,,,106200,694034.3,230,F1,1,,,,,,Cash Only,Diversified,False,6.85,6.44,6.54,6.609999999999999,6.645,6.574999999999999,6.645,6.574999999999999,0.07000000000000028,1.0703363914373132,Wide,Bearish,Inside CPR,6.57,6.555,6.585000000000001,6.585000000000001,6.555,0.030000000000001137,0.4545454545454718,Moderate,False,False,0.7333333333333333,60,576397.7050000001,False,False,Lower,True,Risk Off,False,None,0.5642857142857142,6.214200000000001,5.3462,0.12405063291139294,1.2040892841514697,True,True,No setup,0.0,None,None,0,No active J-Curve setup.,Neutral,0,Not applicable,No directional setup; confirmation score not applicable.,Wide CPR,Wide Consolidation,Watch,Wide CPR + close inside CPR; consolidation/range watch,0,-2,0,-2
2026-09-30,2026-09-30,CM,NSE,STK,762725,INE155E01016,INVPRECQ,BE,,,,,INVESTMENT & PREC CAST L,1550.0,1560.0,1480.1,1536.7,1555.0,1521.2,,1536.82,,,3316,5078127.2,251,F1,1,,,,,,Cash Only,Diversified,False,1543.6,1450.0,1521.2,1504.9333333333334,1496.8,1513.0666666666668,1513.0666666666668,1496.8,16.26666666666688,1.069331229730928,Wide,Bullish,Above CPR,1525.6000000000001,1520.05,1531.1500000000003,1531.1500000000003,1520.05,11.100000000000364,0.7223270644888633,Moderate,False,False,0.8666666666666667,60,2998023.7249999996,False,False,Higher,True,Risk Off,False,None,39.37142857142856,1025.824,,0.41315916787615453,1.693824887926796,True,False,No setup,0.0,None,None,0,No active J-Curve setup.,Neutral,0,Not applicable,No directional setup; confirmation score not applicable.,Wide CPR,Wide Upside Watch,Watch,Wide CPR + close above CPR; trend mixed; participation confirmed,0,0,0,0
2026-09-30,2026-09-30,CM,NSE,STK,4469,INE822G01016,ELECTHERM,EQ,,,,,ELECTROTHERM (I) LTD.,785.05,790.85,768.7,774.25,775.0,778.35,,774.25,,,8860,6893215.85,753,F1,1,,,,,,Cash Only,Diversified,False,806.65,775.0,778.35,786.6666666666666,790.825,782.5083333333332,790.825,782.5083333333332,8.316666666666833,1.0684996038628938,Wide,Bearish,Below CPR,777.9333333333334,779.7750000000001,776.0916666666667,779.7750000000001,776.0916666666667,3.683333333333394,0.4757292003013748,Moderate,False,False,0.9666666666666667,60,11032734.725,False,False,Lower,True,Risk Off,False,None,40.82500000000001,981.6859999999999,985.7159999999999,0.2037150438865115,0.6247966639114492,False,False,No setup,0.0,None,None,0,No active J-Curve setup.,Neutral,0,Not applicable,No directional setup; confirmation score not applicable.,Wide CPR,Wide Downside Watch,Watch,Wide CPR + close below CPR; trend aligned; participation light,0,0,0,0
2026-09-30,2026-09-30,CM,NSE,STK,9769,INE962C01035,EASTSILK,BE,,,,,EASTERN SILK INDUSTRIES L,69.0,73.81,66.79,73.81,73.81,70.3,,73.81,,,961,69913.25,17,F1,1,,,,,,Cash Only,Diversified,False,72.55,70.3,70.3,71.05,71.425,70.675,71.425,70.675,0.75,1.0668563300142249,Wide,Bearish,Above CPR,71.47000000000001,70.30000000000001,72.64000000000001,72.64000000000001,70.30000000000001,2.3400000000000034,3.1703021270830556,Wide,False,False,0.65,20,48254.965,False,False,Lower,True,Risk Off,False,None,4.499285714285715,,,0.16669312589299884,1.4488301877330136,False,False,No setup,0.0,None,None,0,No active J-Curve setup.,Neutral,0,Not applicable,No directional setup; confirmation score not applicable.,Wide CPR,Wide Upside Watch,Watch,Wide CPR + close above CPR; trend opposes; participation confirmed,0,0,0,0
2026-09-30,2026-09-30,CM,NSE,STK,12913,INE324X01026,SARVESHWAR,EQ,,,,,SARVESHWAR FOODS LIMITED,3.45,3.56,3.45,3.49,3.49,3.44,,3.49,,,1207657,4229355.92,1619,F1,1,,,,,,Cash Only,Diversified,False,3.59,3.4,3.44,3.4766666666666666,3.495,3.458333333333333,3.495,3.458333333333333,0.03666666666666707,1.065891472868229,Wide,Bearish,Inside CPR,3.5,3.505,3.495,3.505,3.495,0.009999999999999787,0.28653295128939216,Moderate,False,False,0.8,60,5392417.92,False,False,Lower,True,Risk Off,False,None,0.2064285714285714,3.5598,3.5998,0.17762399077278168,0.7843153076681416,False,False,No setup,0.0,None,None,0,No active J-Curve setup.,Neutral,0,Not applicable,No directional setup; confirmation score not applicable.,Wide CPR,Wide Consolidation,Watch,Wide CPR + close inside CPR; consolidation/range watch,0,-2,0,-2
2026-09-30,2026-09-30,CM,NSE,STK,5264,INE111Q01021,PDSL,EQ,,,,,PDS LIMITED,350.0,357.0,349.85,352.3,353.0,348.95,,352.3,,,61453,21774655.2,8114,F1,1,,,,,,Cash Only,Diversified,False,364.9,344.15,348.95,352.6666666666667,354.525,350.8083333333334,354.525,350.8083333333334,3.7166666666665833,1.0651000620910112,Wide,Bearish,Inside CPR,353.05,353.425,352.675,353.425,352.675,0.75,0.2128867442520579,Narrow,False,False,0.7666666666666667,60,34815447.7,False,False,Lower,True,Risk Off,False,None,11.232142857142852,358.647,342.958,0.3308956014838295,0.6254308543618124,False,True,No setup,0.0,None,None,0,No active J-Curve setup.,Neutral,0,Not applicable,No directional setup; confirmation score not applicable.,Wide CPR,Wide Consolidation,Watch,Wide CPR + close inside CPR; consolidation/range watch,0,0,0,0
2026-09-30,2026-09-30,CM,NSE,STK,25597,INE939X01013,MANBA,EQ,,,,,MANBA FINANCE LIMITED,137.6,138.95,136.0,136.84,136.5,136.52,,136.85,,,93564,12799321.2,641,F1,1,,,,,,Cash Only,Diversified,False,140.89,136.5,136.52,137.97,138.695,137.245,138.695,137.245,1.4499999999999886,1.062115440961023,Wide,Bearish,Below CPR,137.26333333333332,137.475,137.05166666666665,137.475,137.05166666666665,0.4233333333333462,0.30936373380104226,Moderate,False,False,0.9166666666666666,60,11328800.96,False,False,Lower,True,Risk Off,False,None,5.689285714285719,133.4544,128.4399,0.25486503452604925,1.1298036963657625,True,True,No setup,0.0,None,None,0,No active J-Curve setup.,Neutral,0,Not applicable,No directional setup; confirmation score not applicable.,Wide CPR,Wide Downside Watch,Watch,Wide CPR + close below CPR; trend opposes; participation confirmed,0,0,0,0
2026-09-30,2026-09-30,CM,NSE,STK,15219,INE529D01014,PATINTLOG,EQ,,,,,PATEL INT. LOG. LTD,13.57,13.8,13.0,13.11,13.05,13.51,,13.08,,,72397,959756.63,301,F1,1,,,,,,Cash Only,Diversified,False,14.35,13.1,13.51,13.653333333333334,13.725,13.581666666666669,13.725,13.581666666666669,0.14333333333333087,1.0609425117196956,Wide,Bearish,Below CPR,13.303333333333333,13.4,13.206666666666665,13.4,13.206666666666665,0.19333333333333513,1.4747012458683078,Wide,False,False,0.8833333333333333,60,1079906.9849999999,False,False,Overlapping,True,Risk Off,False,None,0.8057142857142854,13.2226,11.841800000000001,0.17789598108746746,0.8887400890364646,False,True,No setup,0.0,None,None,0,No active J-Curve setup.,Neutral,0,Not applicable,No directional setup; confirmation score not applicable.,Wide CPR,Wide Downside Watch,Watch,Wide CPR + close below CPR; trend mixed; participation light,0,0,0,0
2026-09-30,2026-09-30,CM,NSE,STK,7109,INE412C01023,JMA,EQ,,,,,JULLUNDUR MOT AGENCY LTD,89.1,91.34,87.06,89.6,90.0,89.34,,89.6,,,7776,696320.15,214,F1,1,,,,,,Cash Only,Diversified,False,90.5,85.34,89.34,88.39333333333333,87.92,88.86666666666666,88.86666666666666,87.92,0.9466666666666583,1.059622416237585,Wide,Bullish,Above CPR,89.33333333333333,89.2,89.46666666666665,89.46666666666665,89.2,0.2666666666666515,0.29761904761903074,Moderate,False,False,0.16666666666666666,60,745602.82,True,False,Outside,True,Risk Off,True,None,4.677857142857143,89.69800000000001,89.57359999999998,0.20237186338881075,0.9339022483847367,False,True,No setup,0.0,None,None,0,No active J-Curve setup.,Neutral,0,Not applicable,No directional setup; confirmation score not applicable.,Wide CPR,Wide Upside Watch,Watch,Wide CPR + close above CPR; trend mixed; participation light,0,0,0,0
2026-09-30,2026-09-30,CM,NSE,STK,764598,INE372M01010,ARCL,EQ,,,,,ARCL ORGANICS LTD.,233.0,242.0,232.95,241.9,241.9,233.0,,243.72,,,351,83326.32,21,F1,1,,,,,,Cash Only,Diversified,False,241.89,231.5,233.0,235.46333333333334,236.695,234.23166666666668,236.695,234.23166666666668,2.46333333333331,1.0572246065808195,Wide,Bearish,Above CPR,238.95000000000002,237.475,240.42500000000004,240.42500000000004,237.475,2.9500000000000455,1.21951219512197,Wide,False,False,0.3548387096774194,31,154120.58,False,False,Lower,True,Risk Off,False,None,16.58142857142857,,,0.1485597771459737,0.5406566728466764,False,False,No setup,0.0,None,None,0,No active J-Curve setup.,Neutral,0,Not applicable,No directional setup; confirmation score not applicable.,Wide CPR,Wide Upside Watch,Watch,Wide CPR + close above CPR; trend opposes; participation light,0,0,0,0
2026-09-30,2026-09-30,CM,NSE,STK,6054,INE214A01019,CYBERTECH,BE,,,,,CYBERTECH SYSTEMS & SOFTW,136.8,139.5,135.35,138.83,139.0,137.56,,138.84,,,7837,1085282.16,132,F1,1,,,,,,Cash Only,Information Technology,False,137.75,133.01,137.56,136.10666666666665,135.38,136.83333333333331,136.83333333333331,135.38,1.453333333333319,1.0565086750024126,Wide,Bullish,Above CPR,137.89333333333335,137.425,138.36166666666668,138.36166666666668,137.425,0.9366666666666674,0.6746860668923629,Moderate,False,False,0.7,60,5245227.48,False,False,Overlapping,True,Risk Off,False,None,5.057857142857141,141.096,129.8786,0.28734171256413604,0.20690850189780516,False,True,No setup,0.0,None,None,0,No active J-Curve setup.,Neutral,0,Not applicable,No directional setup; confirmation score not applicable.,Wide CPR,Wide Upside Watch,Watch,Wide CPR + close above CPR; trend mixed; participation light,0,0,0,0
2026-09-30,2026-09-30,CM,NSE,STK,1085,INE524A01029,GABRIEL,EQ,,,,,GABRIEL INDIA LTD,1315.4,1355.0,1313.0,1341.8,1347.0,1303.9,,1341.92,,,243468,324457476.5,22454,F1,1,,,,,,Cash Only,Automobile and Auto Components,True,1355.1,1294.0,1303.9,1317.6666666666667,1324.55,1310.7833333333335,1324.55,1310.7833333333335,13.766666666666424,1.0558069381598607,Wide,Bearish,Above CPR,1336.6000000000001,1334.0,1339.2000000000003,1339.2000000000003,1334.0,5.200000000000273,0.3875391265464505,Moderate,False,False,0.7666666666666667,60,385289784.65,False,False,Lower,True,Risk Off,False,None,63.121428571428574,1406.7,1283.9340000000002,0.21809814793858767,0.842112844478188,False,True,No setup,0.0,None,None,0,No active J-Curve setup.,Neutral,0,Not applicable,No directional setup; confirmation score not applicable.,Wide CPR,Wide Upside Watch,Watch,Wide CPR + close above CPR; trend mixed; participation light,0,0,0,0
2026-09-30,2026-09-30,CM,NSE,STK,17130,INE883N01014,PARAGMILK,EQ,,,,,PARAG MILK FOODS LTD.,269.4,274.5,268.0,271.65,271.5,268.55,,271.64,,,893163,242831278.15,14198,F1,1,,,,,,Cash Only,Diversified,False,280.5,265.1,268.55,271.3833333333334,272.8,269.96666666666675,272.8,269.96666666666675,2.8333333333332575,1.0550487184260873,Wide,Bearish,Inside CPR,271.3833333333333,271.25,271.51666666666665,271.51666666666665,271.25,0.2666666666666515,0.09816553162770164,Narrow,False,False,0.9,60,151556320.63,False,False,Higher,True,Risk Off,False,None,16.48214285714284,239.14280000000002,232.8684,0.17190321415673088,1.6022510782828576,True,True,No setup,0.0,None,None,0,No active J-Curve setup.,Neutral,0,Not applicable,No directional setup; confirmation score not applicable.,Wide CPR,Wide Consolidation,Watch,Wide CPR + close inside CPR; consolidation/range watch,0,0,0,0
2026-09-30,2026-09-30,CM,NSE,STK,25977,INE101I01011,AFCONS,EQ,,,,,AFCONS INFRASTRUCTURE LTD,246.5,250.05,246.5,247.8,248.3,245.1,,247.82,,,370681,92056568.8,9599,F1,1,,,,,,Cash Only,Construction,True,253.05,244.9,245.1,247.68333333333337,248.97500000000002,246.3916666666667,248.97500000000002,246.3916666666667,2.5833333333333144,1.0539915680674476,Wide,Bearish,Inside CPR,248.11666666666667,248.275,247.95833333333334,248.275,247.95833333333334,0.3166666666666629,0.12779122948614322,Narrow,False,False,0.35,60,193132983.27499998,False,False,Lower,True,Risk Off,False,None,16.174999999999997,274.26399999999995,294.906,0.1597114889232343,0.4766486140221924,False,False,No setup,0.0,None,None,0,No active J-Curve setup.,Neutral,0,Not applicable,No directional setup; confirmation score not applicable.,Wide CPR,Wide Consolidation,Watch,Wide CPR + close inside CPR; consolidation/range watch,0,0,0,0
2026-09-30,2026-09-30,CM,NSE,STK,3273,INE647A01010,SRF,EQ,,,,,SRF LTD,2450.3,2502.1,2450.3,2472.5,2472.5,2420.1,,2472.5,,,292029,724994928.0,31766,F1,1,,,,,,F&O + Cash,Chemicals,True,2498.7,2417.9,2420.1,2445.566666666667,2458.3,2432.833333333334,2458.3,2432.833333333334,25.466666666666242,1.0522981144029686,Wide,Bearish,Above CPR,2474.9666666666667,2476.2,2473.7333333333336,2476.2,2473.7333333333336,2.4666666666662422,0.0997640714526286,Narrow,False,False,0.7833333333333333,60,670554449.45,False,False,Lower,True,Risk Off,False,None,49.285714285714285,2587.7419999999997,2660.126,0.516714975845402,1.0811872601764896,False,False,No setup,0.0,None,None,0,No active J-Curve setup.,Neutral,0,Not applicable,No directional setup; confirmation score not applicable.,Wide CPR,Wide Upside Watch,Watch,Wide CPR + close above CPR; trend opposes; participation confirmed,0,0,0,0
2026-09-30,2026-09-30,CM,NSE,STK,759012,INE652V01016,GANESHCP,EQ,,,,,GANESH CONSUMER PRODUCT L,156.1,157.99,150.72,151.41,151.99,153.08,,151.41,,,97953,15034864.38,2102,F1,1,,,,,,Cash Only,Diversified,False,158.99,152.0,153.08,154.69000000000003,155.495,153.88500000000005,155.495,153.88500000000005,1.6099999999999568,1.051737653514474,Wide,Bearish,Below CPR,153.37333333333333,154.35500000000002,152.39166666666665,154.35500000000002,152.39166666666665,1.9633333333333667,1.29669990973738,Wide,False,False,0.43333333333333335,60,19336535.025,False,False,Lower,True,Risk Off,False,None,5.551428571428572,166.7884,182.2679,0.29001544004116564,0.7775366352121301,False,False,No setup,0.0,None,None,0,No active J-Curve setup.,Neutral,0,Not applicable,No directional setup; confirmation score not applicable.,Wide CPR,Wide Downside Watch,Watch,Wide CPR + close below CPR; trend aligned; participation light,0,0,0,0
2026-09-30,2026-09-30,CM,NSE,STK,764593,INE217S01014,APOORVA,EQ,,,,,APOORVA LEAS F & INV C L,33.0,33.0,31.35,33.0,33.0,33.0,,33.51,,,103,3250.5,6,F1,1,,,,,,Cash Only,Diversified,False,33.14,31.82,33.0,32.653333333333336,32.480000000000004,32.82666666666667,32.82666666666667,32.480000000000004,0.346666666666664,1.0505050505050426,Wide,Bullish,Above CPR,32.449999999999996,32.175,32.724999999999994,32.724999999999994,32.175,0.5499999999999972,1.666666666666658,Wide,False,False,0.25,20,12568.045,True,True,Lower,True,Risk Off,True,None,2.108571428571428,,,0.16440831074977294,0.2586321102446721,False,False,No setup,0.0,None,None,0,No active J-Curve setup.,Neutral,0,Not applicable,No directional setup; confirmation score not applicable.,Wide CPR,Wide Upside Watch,Watch,Wide CPR + close above CPR; trend opposes; participation light,0,0,0,0
2026-09-30,2026-09-30,CM,NSE,STK,15295,INE539B01017,VIRINCHI,EQ,,,,,VIRINCHI LIMITED,13.39,13.7,13.11,13.47,13.54,13.37,,13.47,,,60617,816334.61,218,F1,1,,,,,,Cash Only,Diversified,False,14.0,13.16,13.37,13.51,13.58,13.44,13.58,13.44,0.14000000000000057,1.0471204188481718,Wide,Bearish,Inside CPR,13.426666666666668,13.405,13.448333333333336,13.448333333333336,13.405,0.043333333333336554,0.32170254887406496,Moderate,False,False,0.8666666666666667,60,748934.505,False,False,Lower,True,Risk Off,False,None,0.5485714285714284,14.854000000000001,15.6455,0.2552083333333345,1.0899946584781803,False,False,No setup,0.0,None,None,0,No active J-Curve setup.,Neutral,0,Not applicable,No directional setup; confirmation score not applicable.,Wide CPR,Wide Consolidation,Watch,Wide CPR + close inside CPR; consolidation/range watch,0,0,0,0
2026-09-30,2026-09-30,CM,NSE,STK,20372,INE00Y201027,FLAIR,EQ,,,,,FLAIR WRITING INDUST LTD,232.0,232.87,228.51,229.32,230.4,230.38,,229.33,,,67611,15566257.43,1530,F1,1,,,,,,Cash Only,Diversified,False,237.95,230.0,230.38,232.77666666666664,233.975,231.5783333333333,233.975,231.5783333333333,2.396666666666704,1.040310212113336,Wide,Bearish,Below CPR,230.23333333333335,230.69,229.7766666666667,230.69,229.7766666666667,0.9133333333332985,0.3982789697075259,Moderate,False,False,0.4666666666666667,60,20526794.990000002,False,False,Lower,True,Risk Off,False,None,8.617142857142857,246.6448,266.0989,0.27812776304156045,0.7583384272889842,False,False,No setup,0.0,None,None,0,No active J-Curve setup.,Neutral,0,Not applicable,No directional setup; confirmation score not applicable.,Wide CPR,Wide Downside Watch,Watch,Wide CPR + close below CPR; trend aligned; participation light,0,0,0,0
2026-09-30,2026-09-30,CM,NSE,STK,27016,INE00YB01025,ABINFRA,BE,,,,,A B INFRABUILD LIMITED,12.56,12.79,12.25,12.71,12.79,12.5,,12.71,,,316291,3988451.18,213,F1,1,,,,,,Cash Only,Real Estate & Infra,False,12.6,12.01,12.5,12.37,12.305,12.434999999999999,12.434999999999999,12.305,0.129999999999999,1.039999999999992,Wide,Bullish,Above CPR,12.583333333333334,12.52,12.646666666666668,12.646666666666668,12.52,0.1266666666666687,0.996590611067417,Wide,False,False,0.13333333333333333,60,7701882.325,True,True,Overlapping,True,Risk Off,True,None,0.632142857142857,11.0754,11.5216,0.20564971751412275,0.5178540792623705,True,True,No setup,0.0,None,None,0,No active J-Curve setup.,Neutral,0,Not applicable,No directional setup; confirmation score not applicable.,Wide CPR,Wide Upside Watch,Watch,Wide CPR + close above CPR; trend aligned; participation light,0,0,0,0
2026-09-30,2026-09-30,CM,NSE,STK,764703,INE400G01011,HRYNSHP,EQ,,,,,HARIYANA SHIP BREAKERS L,96.5,97.0,95.0,96.0,96.0,96.01,,96.0,,,331,31784.81,25,F1,1,,,,,,Cash Only,Diversified,False,99.0,96.01,96.01,97.00666666666666,97.505,96.50833333333333,97.505,96.50833333333333,0.9966666666666697,1.0380863104537752,Wide,Bearish,Below CPR,96.0,96.0,96.0,96.0,96.0,0.0,0.0,Narrow,False,False,0.03225806451612903,31,78536.05,True,True,Higher,True,Risk Off,True,None,4.30357142857143,,,0.23159059474412236,0.40471617811183525,False,False,No setup,0.0,None,None,0,No active J-Curve setup.,Neutral,0,Not applicable,No directional setup; confirmation score not applicable.,Wide CPR,Wide Downside Watch,Watch,Wide CPR + close below CPR; trend aligned; participation light,0,0,0,0
2026-09-30,2026-09-30,CM,NSE,STK,19876,INE258Y01016,LGHL,EQ,,,,,LAXMI GOLDORNA HOUSE LTD,184.99,208.95,180.0,200.04,203.63,178.72,,200.04,,,71282,13969607.93,520,F1,1,,,,,,Cash Only,Diversified,False,185.0,178.0,178.72,180.57333333333335,181.5,179.6466666666667,181.5,179.6466666666667,1.8533333333332962,1.0370038794389527,Wide,Bearish,Above CPR,196.33,194.475,198.18500000000003,198.18500000000003,194.475,3.7100000000000364,1.8546290741851812,Wide,False,False,0.4166666666666667,60,3573669.02,False,False,Lower,True,Risk Off,False,None,11.924999999999997,187.53580000000002,207.62129999999996,0.15541579315163914,3.90903798080327,True,False,No setup,0.0,None,None,0,No active J-Curve setup.,Neutral,0,Not applicable,No directional setup; confirmation score not applicable.,Wide CPR,Wide Upside Watch,Watch,Wide CPR + close above CPR; trend mixed; participation confirmed,0,0,0,0
2026-09-30,2026-09-30,CM,NSE,STK,16192,INE07S101038,PAVNAIND,EQ,,,,,PAVNA INDUSTRIES LIMITED,15.34,16.1,15.34,15.46,15.42,15.77,,15.46,,,40169,626407.52,310,F1,1,,,,,,Cash Only,Diversified,False,16.0,15.05,15.77,15.606666666666667,15.525,15.688333333333334,15.688333333333334,15.525,0.163333333333334,1.0357218347072543,Wide,Bullish,Below CPR,15.633333333333335,15.72,15.546666666666669,15.72,15.546666666666669,0.173333333333332,1.1211729193617852,Wide,False,False,0.1,60,1171389.85,False,False,Higher,True,Risk Off,True,None,1.2749999999999997,17.1482,18.4584,0.12810457516339924,0.5347558031171262,False,False,No setup,0.0,None,None,0,No active J-Curve setup.,Neutral,0,Not applicable,No directional setup; confirmation score not applicable.,Wide CPR,Wide Downside Watch,Watch,Wide CPR + close below CPR; trend aligned; participation light,0,0,0,0
2026-09-30,2026-09-30,CM,NSE,STK,15198,INE817H01022,BURNPUR,BE,,,,,BURNPUR CEMENT LIMITED,13.69,14.0,13.15,13.16,13.43,13.84,,13.18,,,47764,636203.49,368,F1,1,,,,,,Cash Only,Diversified,False,14.27,13.84,13.84,13.983333333333334,14.055,13.911666666666669,14.055,13.911666666666669,0.14333333333333087,1.0356454720616393,Wide,Bearish,Below CPR,13.436666666666667,13.575,13.298333333333336,13.575,13.298333333333336,0.27666666666666373,2.102330293819633,Wide,False,False,0.6,25,978385.04,False,False,Lower,True,Risk Off,False,None,1.004285714285714,,,0.1427216690374561,0.6502588081273196,False,False,No setup,0.0,None,None,0,No active J-Curve setup.,Neutral,0,Not applicable,No directional setup; confirmation score not applicable.,Wide CPR,Wide Downside Watch,Watch,Wide CPR + close below CPR; trend aligned; participation light,0,0,0,0
2026-09-30,2026-09-30,CM,NSE,STK,5068,INE363M01019,SHEMAROO,EQ,,,,,SHEMAROO ENTER. LTD.,118.15,122.0,116.55,117.12,118.5,117.95,,117.12,,,14665,1739430.82,170,F1,1,,,,,,Cash Only,Diversified,False,123.0,116.56,117.95,119.17,119.78,118.56,119.78,118.56,1.2199999999999989,1.0343365832980067,Wide,Bearish,Below CPR,118.55666666666667,119.275,117.83833333333334,119.275,117.83833333333334,1.4366666666666674,1.2266621129326054,Wide,False,False,0.95,60,1014814.27,False,False,Lower,True,Risk Off,False,None,5.201428571428572,115.05380000000001,106.7137,0.23455094754188385,1.7140385895440748,True,True,No setup,0.0,None,None,0,No active J-Curve setup.,Neutral,0,Not applicable,No directional setup; confirmation score not applicable.,Wide CPR,Wide Downside Watch,Watch,Wide CPR + close below CPR; trend opposes; participation confirmed,0,0,0,0
2026-09-30,2026-09-30,CM,NSE,STK,16908,INE486Y01013,TOUCHWOOD,EQ,,,,,TOUCHWOOD ENTERTAIN LTD.,59.01,60.0,57.0,59.22,59.79,59.99,,59.22,,,2223,129955.09,111,F1,1,,,,,,Cash Only,Diversified,False,60.0,58.12,59.99,59.370000000000005,59.06,59.68000000000001,59.68000000000001,59.06,0.6200000000000045,1.0335055842640515,Wide,Bullish,Inside CPR,58.74,58.5,58.980000000000004,58.980000000000004,58.5,0.480000000000004,0.8105369807497536,Wide,False,False,0.4067796610169492,60,48172.2,False,False,Lower,True,Risk Off,False,None,2.692857142857143,63.377199999999995,67.1895,0.2302387267904526,2.697719639127962,False,False,No setup,0.0,None,None,0,No active J-Curve setup.,Neutral,0,Not applicable,No directional setup; confirmation score not applicable.,Wide CPR,Wide Consolidation,Watch,Wide CPR + close inside CPR; consolidation/range watch,0,0,0,0
2026-09-30,2026-09-30,CM,NSE,STK,29164,INE542F01020,SWANDEF,BE,,,,,SWAN DEFENCE N HEVY IND L,2715.0,2791.2,2663.0,2756.6,2730.0,2704.4,,2756.3,,,19651,53849919.9,1071,F1,1,,,,,,Cash Only,Diversified,False,2750.0,2575.0,2704.4,2676.4666666666667,2662.5,2690.4333333333334,2690.4333333333334,2662.5,27.933333333333394,1.0328846817531945,Wide,Bullish,Above CPR,2736.933333333333,2727.1,2746.766666666666,2746.766666666666,2727.1,19.66666666666606,0.7134392609252724,Moderate,False,False,0.8,20,51972980.6,False,False,Overlapping,True,Risk Off,False,None,129.6571428571429,,,0.21543998824739277,1.0361137513825789,False,False,No setup,0.0,None,None,0,No active J-Curve setup.,Neutral,0,Not applicable,No directional setup; confirmation score not applicable.,Wide CPR,Wide Upside Watch,Watch,Wide CPR + close above CPR; trend opposes; participation confirmed,0,0,0,0
2026-09-30,2026-09-30,CM,NSE,STK,13821,INE803H01014,RUCHIRA,EQ,,,,,RUCHIRA PAPERS LIMITED,104.27,106.9,102.01,103.25,102.01,104.29,,103.25,,,15631,1627629.04,417,F1,1,,,,,,Cash Only,Diversified,False,107.8,104.0,104.29,105.36333333333334,105.9,104.82666666666668,105.9,104.82666666666668,1.0733333333333235,1.0291814491641802,Wide,Bearish,Below CPR,104.05333333333334,104.45500000000001,103.65166666666667,104.45500000000001,103.65166666666667,0.8033333333333417,0.7780468119451251,Wide,False,False,0.9333333333333333,60,2669660.1900000004,False,False,Outside,True,Risk Off,False,None,3.3314285714285723,106.46879999999999,109.6621,0.3221841052029701,0.6096764847064674,False,False,No setup,0.0,None,None,0,No active J-Curve setup.,Neutral,0,Not applicable,No directional setup; confirmation score not applicable.,Wide CPR,Wide Downside Watch,Watch,Wide CPR + close below CPR; trend aligned; participation light,0,0,0,0
2026-09-30,2026-09-30,CM,NSE,STK,2645,INE03RS01027,DRCSYSTEMS,EQ,,,,,DRC SYSTEMS INDIA LIMITED,12.19,14.0,12.16,13.15,13.8,12.31,,13.12,,,111616,1446176.32,623,F1,1,,,,,,Cash Only,Information Technology,False,12.75,12.25,12.31,12.436666666666667,12.5,12.373333333333335,12.5,12.373333333333335,0.12666666666666515,1.0289737340915122,Wide,Bearish,Above CPR,13.103333333333333,13.08,13.126666666666667,13.126666666666667,13.08,0.046666666666666856,0.3548795944233221,Moderate,False,False,0.6166666666666667,60,513313.97,False,False,Lower,True,Risk Off,False,None,0.5757142857142858,13.022199999999998,13.7458,0.2200165425971851,2.8173328693937556,True,False,No setup,0.0,None,None,0,No active J-Curve setup.,Neutral,0,Not applicable,No directional setup; confirmation score not applicable.,Wide CPR,Wide Upside Watch,Watch,Wide CPR + close above CPR; trend mixed; participation confirmed,0,0,0,0
2026-09-30,2026-09-30,CM,NSE,STK,13693,INE669A01022,INFOMEDIA,EQ,,,,,INFOMEDIA PRESS LIMITED,5.29,5.54,5.05,5.38,5.54,5.19,,5.38,,,21723,114883.58,49,F1,1,,,,,,Cash Only,Information Technology,False,5.48,5.06,5.19,5.243333333333333,5.27,5.216666666666667,5.27,5.216666666666667,0.05333333333333279,1.0276172125883003,Wide,Bearish,Above CPR,5.323333333333333,5.295,5.351666666666667,5.351666666666667,5.295,0.05666666666666664,1.0532837670384134,Wide,False,False,0.9166666666666666,60,72212.44,False,False,Lower,True,Risk Off,False,None,0.4492857142857143,5.3348,5.5302999999999995,0.1187069422363528,1.5909112058808703,True,False,No setup,0.0,None,None,0,No active J-Curve setup.,Neutral,0,Not applicable,No directional setup; confirmation score not applicable.,Wide CPR,Wide Upside Watch,Watch,Wide CPR + close above CPR; trend mixed; participation confirmed,0,0,0,0
2026-09-30,2026-09-30,CM,NSE,STK,758572,INE0V3U01015,GLOBECIVIL,EQ,,,,,GLOBE CIVIL PROJECTS LTD,41.23,43.45,41.23,41.53,41.5,42.06,,41.53,,,30345,1276957.35,861,F1,1,,,,,,Cash Only,Diversified,False,43.75,41.66,42.06,42.49,42.705,42.275000000000006,42.705,42.275000000000006,0.4299999999999926,1.0223490252020746,Wide,Bearish,Below CPR,42.07,42.34,41.8,42.34,41.8,0.5400000000000063,1.300264868769579,Wide,False,False,0.6666666666666666,60,2443808.635,False,False,Lower,True,Risk Off,False,None,2.4078571428571425,43.7616,45.494800000000005,0.17858202313853153,0.5225275546176308,False,False,No setup,0.0,None,None,0,No active J-Curve setup.,Neutral,0,Not applicable,No directional setup; confirmation score not applicable.,Wide CPR,Wide Downside Watch,Watch,Wide CPR + close below CPR; trend aligned; participation light,0,0,0,0
2026-09-30,2026-09-30,CM,NSE,STK,5162,INE0GK401011,TATVA,EQ,,,,,TATVA CHIN PHARM CHEM LTD,1811.9,1825.0,1776.1,1784.2,1787.0,1806.4,,1784.1,,,55095,99435119.2,9669,F1,1,,,,,,Cash Only,Diversified,False,1830.0,1727.4,1806.4,1787.9333333333334,1778.7,1797.1666666666667,1797.1666666666667,1778.7,18.466666666666697,1.022291113079423,Wide,Bullish,Inside CPR,1795.1000000000001,1800.55,1789.6500000000003,1800.55,1789.6500000000003,10.899999999999636,0.6109180585135991,Moderate,False,False,0.9166666666666666,60,115280235.65,False,False,Overlapping,True,Risk Off,False,None,90.22857142857141,1694.274,1468.6960000000001,0.2046654000422212,0.8625513180064357,True,True,No setup,0.0,None,None,0,No active J-Curve setup.,Neutral,0,Not applicable,No directional setup; confirmation score not applicable.,Wide CPR,Wide Consolidation,Watch,Wide CPR + close inside CPR; consolidation/range watch,0,0,0,0
2026-09-30,2026-09-30,CM,NSE,STK,13229,INE251H01024,GVKPIL,BE,,,,,GVK POW. & INFRA LTD.,2.56,2.56,2.56,2.56,2.56,2.61,,2.56,,,352294,901872.64,561,F1,1,,,,,,Cash Only,Diversified,False,2.69,2.61,2.61,2.6366666666666667,2.65,2.6233333333333335,2.65,2.6233333333333335,0.026666666666666394,1.0217113665389423,Wide,Bearish,Below CPR,2.56,2.56,2.56,2.56,2.56,0.0,0.0,Narrow,False,False,0.95,20,1247218.705,False,False,Higher,True,Risk Off,False,Bearish Virgin,0.05214285714285717,,,0.5114155251141498,0.7231070512208201,False,False,No setup,0.0,None,None,0,No active J-Curve setup.,Neutral,0,Not applicable,No directional setup; confirmation score not applicable.,Wide CPR,Wide Downside Watch,Watch,Wide CPR + close below CPR; trend aligned; participation light,0,0,0,0
2026-09-30,2026-09-30,CM,NSE,STK,4344,INE277B01014,PUNJABCHEM,EQ,,,,,PUNJAB CHEM & CROP PROT L,1025.9,1059.8,1025.9,1054.5,1059.7,1035.8,,1054.5,,,2439,2560886.2,566,F1,1,,,,,,Cash Only,Chemicals & Fertilizers,False,1078.9,1024.4,1035.8,1046.3666666666668,1051.65,1041.0833333333335,1051.65,1041.0833333333335,10.566666666666606,1.020145459226357,Wide,Bearish,Above CPR,1046.7333333333333,1042.85,1050.6166666666668,1050.6166666666668,1042.85,7.766666666666879,0.7365259996839146,Moderate,False,False,0.8666666666666667,60,6415725.45,False,False,Lower,True,Risk Off,False,None,36.685714285714305,1106.922,1077.263,0.28803219106957245,0.3991576977471815,False,False,No setup,0.0,None,None,0,No active J-Curve setup.,Neutral,0,Not applicable,No directional setup; confirmation score not applicable.,Wide CPR,Wide Upside Watch,Watch,Wide CPR + close above CPR; trend opposes; participation light,0,0,-2,-2
2026-09-30,2026-09-30,CM,NSE,STK,13951,INE074B01023,PARACABLES,EQ,,,,,PARAMOUNT COMM LTD,58.58,59.39,56.0,56.36,57.15,57.85,,56.36,,,1234180,70889286.48,6782,F1,1,,,,,,Cash Only,Media & Entertainment,False,58.6,55.33,57.85,57.26,56.965,57.55499999999999,57.55499999999999,56.965,0.5899999999999892,1.0198789974070688,Wide,Bullish,Below CPR,57.25,57.695,56.805,57.695,56.805,0.8900000000000006,1.5791341376863035,Wide,False,False,0.9,60,77557032.63499999,False,False,Lower,True,Risk Off,False,None,2.836428571428572,63.5352,64.1537,0.20800805842356704,0.9140278330866547,False,False,No setup,0.0,None,None,0,No active J-Curve setup.,Neutral,0,Not applicable,No directional setup; confirmation score not applicable.,Wide CPR,Wide Downside Watch,Watch,Wide CPR + close below CPR; trend aligned; participation light,0,0,0,0
2026-09-30,2026-09-30,CM,NSE,STK,760657,INE0ALI01010,ADVAIT,EQ,,,,,ADVAIT ENRGY TRANSITION L,1915.2,1935.2,1863.4,1901.8,1874.0,1903.6,,1901.39,,,33345,63047592.2,5847,F1,1,,,,,,Cash Only,Diversified,False,1911.0,1838.0,1903.6,1884.2,1874.5,1893.9,1893.9,1874.5,19.40000000000009,1.019121664215176,Wide,Bullish,Above CPR,1900.1333333333334,1899.3000000000002,1900.9666666666667,1900.9666666666667,1899.3000000000002,1.666666666666515,0.08763627440669446,Narrow,False,False,0.7166666666666667,60,76690489.35,False,False,Lower,True,Risk Off,False,None,65.3285714285715,2129.51,2146.314,0.29696041985567573,0.8221044452104543,False,False,No setup,0.0,None,None,0,No active J-Curve setup.,Neutral,0,Not applicable,No directional setup; confirmation score not applicable.,Wide CPR,Wide Upside Watch,Watch,Wide CPR + close above CPR; trend opposes; participation light,0,0,0,0
2026-09-30,2026-09-30,CM,NSE,STK,761330,INE757T01025,AEPL,EQ,,,,,ARTEMIS ELECTRICALS & P L,14.26,15.58,14.26,15.18,15.18,14.72,,15.31,,,17337,255425.63,175,F1,1,,,,,,Cash Only,Diversified,False,15.49,14.4,14.72,14.87,14.945,14.794999999999998,14.945,14.794999999999998,0.15000000000000213,1.0190217391304492,Wide,Bearish,Above CPR,15.006666666666666,14.92,15.093333333333332,15.093333333333332,14.92,0.173333333333332,1.1418533157663506,Wide,False,False,0.9833333333333333,60,323149.895,False,False,Lower,True,Risk Off,False,None,1.1535714285714285,15.558,16.1492,0.13003095975232384,0.7904246108450692,False,False,No setup,0.0,None,None,0,No active J-Curve setup.,Neutral,0,Not applicable,No directional setup; confirmation score not applicable.,Wide CPR,Wide Upside Watch,Watch,Wide CPR + close above CPR; trend opposes; participation light,0,0,0,0
2026-09-30,2026-09-30,CM,NSE,STK,759453,INE078V01014,VIKRAMSOLR,EQ,,,,,VIKRAM SOLAR LIMITED,161.0,162.28,160.0,160.01,160.05,160.05,,160.01,,,1243665,199401244.0,10833,F1,1,,,,,,Cash Only,Diversified,False,164.99,160.0,160.05,161.68,162.495,160.865,162.495,160.865,1.6299999999999955,1.0184317400812217,Wide,Bearish,Below CPR,160.76333333333332,161.14,160.38666666666666,161.14,160.38666666666666,0.7533333333333303,0.4708039080890759,Moderate,False,False,0.21666666666666667,60,304688406.905,False,False,Higher,True,Risk Off,True,None,3.3228571428571434,170.26,186.7344,0.4905417024935497,0.6544431605570478,False,False,No setup,0.0,None,None,0,No active J-Curve setup.,Neutral,0,Not applicable,No directional setup; confirmation score not applicable.,Wide CPR,Wide Downside Watch,Watch,Wide CPR + close below CPR; trend aligned; participation light,0,0,0,0
2026-09-30,2026-09-30,CM,NSE,STK,203,INE348A01023,ASHAPURMIN,EQ,,,,,ASHAPURA MINECHEM LTD,526.6,526.6,502.5,504.15,504.0,518.8,,504.16,,,261585,134077006.3,10952,F1,1,,,,,,Cash Only,Diversified,False,524.25,497.5,518.8,513.5166666666667,510.875,516.1583333333333,516.1583333333333,510.875,5.283333333333303,1.0183757388845998,Wide,Bullish,Below CPR,511.0833333333333,514.55,507.6166666666667,514.55,507.6166666666667,6.93333333333328,1.3752520744487315,Wide,False,False,0.3,60,207616845.05,True,False,Higher,True,Risk Off,False,None,19.692857142857147,603.016,640.355,0.2682867851529424,0.6457905969417388,False,False,No setup,0.0,None,None,0,No active J-Curve setup.,Neutral,0,Not applicable,No directional setup; confirmation score not applicable.,Wide CPR,Wide Downside Watch,Watch,Wide CPR + close below CPR; trend aligned; participation light,0,0,0,0
2026-09-30,2026-09-30,CM,NSE,STK,31258,INE875G01048,NDL,EQ,,,,,NANDAN DENIM LIMITED,2.65,2.65,2.6,2.61,2.62,2.62,,2.61,,,635500,1662028.38,890,F1,1,,,,,,Cash Only,Diversified,False,2.75,2.57,2.62,2.646666666666667,2.66,2.6333333333333337,2.66,2.6333333333333337,0.026666666666666394,1.0178117048345952,Wide,Bearish,Below CPR,2.6199999999999997,2.625,2.6149999999999993,2.625,2.6149999999999993,0.010000000000000675,0.38314176245213316,Moderate,False,False,0.13333333333333333,60,2252759.075,True,False,Higher,True,Risk Off,True,None,0.15928571428571428,2.6045999999999996,2.571,0.16741405082212088,0.7377745798227446,True,True,No setup,0.0,None,None,0,No active J-Curve setup.,Neutral,0,Not applicable,No directional setup; confirmation score not applicable.,Wide CPR,Wide Downside Watch,Watch,Wide CPR + close below CPR; trend opposes; participation light,0,0,0,0
2026-09-30,2026-09-30,CM,NSE,STK,760392,INE027T01023,RUDRA,EQ,,,,,RUDRA GLOBAL INFRA PROD L,18.39,19.15,18.0,18.77,18.9,18.03,,18.77,,,20494,378780.56,194,F1,1,,,,,,Cash Only,Diversified,False,18.6,18.01,18.03,18.213333333333335,18.305,18.12166666666667,18.305,18.12166666666667,0.18333333333333002,1.0168238121648918,Wide,Bearish,Above CPR,18.64,18.575,18.705000000000002,18.705000000000002,18.575,0.13000000000000256,0.6925945657964975,Moderate,False,False,0.9333333333333333,60,940331.365,False,False,Lower,True,Risk Off,False,None,0.8657142857142855,20.141199999999998,19.0396,0.211771177117708,0.40281604346995276,False,False,No setup,0.0,None,None,0,No active J-Curve setup.,Neutral,0,Not applicable,No directional setup; confirmation score not applicable.,Wide CPR,Wide Upside Watch,Watch,Wide CPR + close above CPR; trend opposes; participation light,0,0,0,0
2026-09-30,2026-09-30,CM,NSE,STK,764773,INE987A01010,MAKERSL,EQ,,,,,MAKERS LABORATORIES LTD.,181.4,189.49,178.0,181.75,180.06,181.38,,183.74,,,1070,195225.42,77,F1,1,,,,,,Cash Only,Diversified,False,188.3,179.99,181.38,183.22333333333336,184.145,182.3016666666667,184.145,182.3016666666667,1.8433333333333053,1.0162825743374713,Wide,Bearish,Below CPR,183.08,183.745,182.41500000000002,183.745,182.41500000000002,1.329999999999984,0.7317744154057684,Moderate,False,False,0.7096774193548387,31,719153.09,False,False,Lower,True,Risk Off,False,None,10.574285714285717,,,0.17432225524632713,0.27146573200429414,False,False,No setup,0.0,None,None,0,No active J-Curve setup.,Neutral,0,Not applicable,No directional setup; confirmation score not applicable.,Wide CPR,Wide Downside Watch,Watch,Wide CPR + close below CPR; trend aligned; participation light,0,0,0,0
2026-09-30,2026-09-30,CM,NSE,STK,764558,INE451C01013,ACGL,EQ,,,,,AUTOMOBILE CORPN OF GOA L,1630.0,1674.9,1630.0,1638.0,1636.0,1633.5,,1636.8,,,339,558005.8,77,F1,1,,,,,,Cash Only,Diversified,False,1696.9,1619.9,1633.5,1650.1000000000001,1658.4,1641.8000000000002,1658.4,1641.8000000000002,16.59999999999991,1.0162228344046471,Wide,Bearish,Below CPR,1647.6333333333332,1652.45,1642.8166666666664,1652.45,1642.8166666666664,9.633333333333667,0.5881155881156085,Moderate,False,False,0.8709677419354839,31,1104711.5,False,False,Lower,True,Risk Off,False,None,81.57857142857146,,,0.2034848086857531,0.5051145027457395,False,False,No setup,0.0,None,None,0,No active J-Curve setup.,Neutral,0,Not applicable,No directional setup; confirmation score not applicable.,Wide CPR,Wide Downside Watch,Watch,Wide CPR + close below CPR; trend aligned; participation light,0,0,0,0
2026-09-30,2026-09-30,CM,NSE,STK,14601,INE137C01018,ALPHAGEO,BE,,,,,ALPHAGEO (INDIA) LIMITED,259.0,265.9,252.2,256.5,258.0,259.15,,256.49,,,6932,1798356.35,211,F1,1,,,,,,Cash Only,Diversified,False,270.0,256.2,259.15,261.78333333333336,263.1,260.4666666666667,263.1,260.4666666666667,2.6333333333333258,1.0161425172036758,Wide,Bearish,Below CPR,258.2,259.04999999999995,257.35,259.04999999999995,257.35,1.6999999999999318,0.6627680311890571,Moderate,False,False,0.95,60,1650793.875,False,False,Lower,True,Risk Off,False,None,15.192857142857141,262.26579999999996,237.7597,0.1733270647233971,1.0893887948306085,False,True,No setup,0.0,None,None,0,No active J-Curve setup.,Neutral,0,Not applicable,No directional setup; confirmation score not applicable.,Wide CPR,Wide Downside Watch,Watch,Wide CPR + close below CPR; trend mixed; participation confirmed,0,0,0,0
2026-09-30,2026-09-30,CM,NSE,STK,17794,INE323J01019,SOMICONVEY,EQ,,,,,SOMI CONVEYOR BELT. LTD.,88.1,89.98,87.5,89.31,87.56,88.62,,89.29,,,5523,488228.86,127,F1,1,,,,,,Cash Only,Diversified,False,91.68,88.26,88.62,89.52,89.97,89.07,89.97,89.07,0.9000000000000057,1.0155721056195053,Wide,Bearish,Inside CPR,88.93,88.74000000000001,89.12,89.12,88.74000000000001,0.37999999999999545,0.42548426827902297,Moderate,False,False,0.7666666666666667,60,1208967.9449999998,False,False,Overlapping,True,Risk Off,False,None,4.315,92.68860000000001,97.6813,0.2085747392815772,0.4038393755758347,False,False,No setup,0.0,None,None,0,No active J-Curve setup.,Neutral,0,Not applicable,No directional setup; confirmation score not applicable.,Wide CPR,Wide Consolidation,Watch,Wide CPR + close inside CPR; consolidation/range watch,0,0,0,0
2026-09-30,2026-09-30,CM,NSE,STK,24292,INE764D01017,VSTTILLERS,EQ,,,,,VST TILLERS TRACTORS LTD,4398.5,4421.1,4311.3,4390.0,4416.0,4427.4,,4389.5,,,7416,32331203.3,2518,F1,1,,,,,,Cash Only,Diversified,False,4488.0,4232.2,4427.4,4382.533333333334,4360.1,4404.966666666667,4404.966666666667,4360.1,44.86666666666679,1.013386336600867,Wide,Bullish,Inside CPR,4374.133333333334,4366.200000000001,4382.0666666666675,4382.0666666666675,4366.200000000001,15.866666666666788,0.3614274867122275,Moderate,False,False,0.95,60,27813371.299999997,False,False,Lower,True,Risk Off,False,None,161.46428571428572,4357.6,4487.545,0.277873626778737,1.1624338147026427,True,False,No setup,0.0,None,None,0,No active J-Curve setup.,Neutral,0,Not applicable,No directional setup; confirmation score not applicable.,Wide CPR,Wide Consolidation,Watch,Wide CPR + close inside CPR; consolidation/range watch,0,0,0,0
2026-09-30,2026-09-30,CM,NSE,STK,6216,INE052I01032,CAMLINFINE,EQ,,,,,CAMLIN FINE SCIENCES LTD,93.8,95.79,92.91,93.15,93.25,93.17,,93.15,,,369269,34702874.71,3653,F1,1,,,,,,Cash Only,Diversified,False,96.42,92.75,93.17,94.11333333333334,94.58500000000001,93.64166666666668,94.58500000000001,93.64166666666668,0.943333333333328,1.0124861364530728,Wide,Bearish,Below CPR,93.95,94.35,93.55000000000001,94.35,93.55000000000001,0.799999999999983,0.8588298443370723,Wide,False,False,0.7166666666666667,60,65484327.375,False,False,Lower,True,Risk Off,False,None,3.7257142857142855,110.2394,119.38060000000002,0.25319529652351597,0.5299416837752928,False,False,No setup,0.0,None,None,0,No active J-Curve setup.,Neutral,0,Not applicable,No directional setup; confirmation score not applicable.,Wide CPR,Wide Downside Watch,Watch,Wide CPR + close below CPR; trend aligned; participation light,0,0,0,0
2026-09-30,2026-09-30,CM,NSE,STK,21119,INE029L01018,KICL,EQ,,,,,KALYANI INVEST CO LTD,4837.0,4893.5,4761.5,4799.0,4783.5,4773.0,,4799.89,,,1070,5146955.0,334,F1,1,,,,,,Cash Only,Diversified,False,4940.0,4750.5,4773.0,4821.166666666667,4845.25,4797.083333333334,4845.25,4797.083333333334,48.16666666666606,1.0091486835672756,Wide,Bearish,Inside CPR,4818.0,4827.5,4808.5,4827.5,4808.5,19.0,0.39591581579495727,Moderate,False,False,0.7166666666666667,60,5448118.75,False,False,Lower,True,Risk Off,False,None,153.82142857142858,5230.54,5205.7029999999995,0.3131336583855699,0.944721515110147,False,False,No setup,0.0,None,None,0,No active J-Curve setup.,Neutral,0,Not applicable,No directional setup; confirmation score not applicable.,Wide CPR,Wide Consolidation,Watch,Wide CPR + close inside CPR; consolidation/range watch,0,0,0,0
2026-09-30,2026-09-30,CM,NSE,STK,764798,INE920C01017,NTCIND,EQ,,,,,N T C INDUSTRIES LTD.,135.7,138.0,132.5,134.54,132.5,136.46,,134.54,,,769,103807.24,28,F1,1,,,,,,Cash Only,Diversified,False,138.8,130.0,136.46,135.08666666666667,134.4,135.77333333333334,135.77333333333334,134.4,1.3733333333333348,1.0063999218330169,Wide,Bullish,Inside CPR,135.01333333333332,135.25,134.77666666666664,135.25,134.77666666666664,0.4733333333333576,0.35181606461525017,Moderate,False,False,0.9354838709677419,31,223966.61,False,False,Lower,True,Risk Off,False,None,7.602142857142856,,,0.18065081900466684,0.46349426818578005,False,False,No setup,0.0,None,None,0,No active J-Curve setup.,Neutral,0,Not applicable,No directional setup; confirmation score not applicable.,Wide CPR,Wide Consolidation,Watch,Wide CPR + close inside CPR; consolidation/range watch,0,0,0,0
2026-09-30,2026-09-30,CM,NSE,STK,765200,INE330E01023,TRANSCOR,EQ,,,,,TRANSCORP INTERNATIONAL L,23.74,25.0,23.52,24.22,24.89,23.85,,24.08,,,10425,253699.03,196,F1,1,,,,,,Cash Only,Diversified,False,24.9,23.52,23.85,24.090000000000003,24.21,23.970000000000006,24.21,23.970000000000006,0.23999999999999488,1.006289308176079,Wide,Bearish,Above CPR,24.246666666666666,24.259999999999998,24.233333333333334,24.259999999999998,24.233333333333334,0.02666666666666373,0.11010184420587833,Narrow,False,False,0.06451612903225806,31,74996.01,True,True,Overlapping,True,Risk Off,True,None,1.7928571428571425,,,0.1338645418326665,3.382833700086178,False,False,No setup,0.0,None,None,0,No active J-Curve setup.,Neutral,0,Not applicable,No directional setup; confirmation score not applicable.,Wide CPR,Wide Upside Watch,Watch,Wide CPR + close above CPR; trend opposes; participation confirmed,0,0,0,0
2026-09-30,2026-09-30,CM,NSE,STK,15409,INE317F01035,NESCO,EQ,,,,,NESCO LTD.,1035.0,1054.2,1035.0,1046.9,1050.7,1040.5,,1046.78,,,24923,26094453.4,3537,F1,1,,,,,,Cash Only,Diversified,False,1082.3,1030.1,1040.5,1050.9666666666665,1056.1999999999998,1045.7333333333331,1056.1999999999998,1045.7333333333331,10.466666666666697,1.0059266378343774,Wide,Bearish,Inside CPR,1045.3666666666666,1044.6,1046.1333333333332,1046.1333333333332,1044.6,1.533333333333303,0.14646416403986082,Narrow,False,False,0.9333333333333333,60,37499429.5,False,False,Lower,True,Risk Off,False,None,36.2714285714286,1058.116,1103.372,0.2885650518576874,0.6958626770575269,False,False,No setup,0.0,None,None,0,No active J-Curve setup.,Neutral,0,Not applicable,No directional setup; confirmation score not applicable.,Wide CPR,Wide Consolidation,Watch,Wide CPR + close inside CPR; consolidation/range watch,0,0,0,0
2026-09-30,2026-09-30,CM,NSE,STK,18146,INE753K01015,EMMBI,BE,,,,,EMMBI INDUSTRIES LIMITED,90.0,90.0,88.1,89.74,88.87,89.34,,89.74,,,5465,488640.24,33,F1,1,,,,,,Cash Only,Diversified,False,90.0,86.0,89.34,88.44666666666667,88.0,88.89333333333335,88.89333333333335,88.0,0.8933333333333451,0.9999253787030951,Wide,Bullish,Above CPR,89.27999999999999,89.05,89.50999999999998,89.50999999999998,89.05,0.45999999999997954,0.5125919322486958,Moderate,False,False,0.9166666666666666,60,767421.4099999999,False,False,Higher,True,Risk Off,False,None,3.842857142857144,88.87,85.00640000000001,0.23246592317224588,0.636730007311107,True,True,No setup,0.0,None,None,0,No active J-Curve setup.,Neutral,0,Not applicable,No directional setup; confirmation score not applicable.,Wide CPR,Wide Upside Watch,Watch,Wide CPR + close above CPR; trend aligned; participation light,0,-2,0,-2
2026-09-30,2026-09-30,CM,NSE,STK,11915,INE528G01035,YESBANK,EQ,,,,,YES BANK LIMITED,20.98,21.4,20.85,20.95,20.95,20.71,,20.95,,,94081938,1988140727.36,80661,F1,1,,,,,,F&O + Cash,Financial Services,True,21.33,20.71,20.71,20.916666666666668,21.02,20.813333333333336,21.02,20.813333333333336,0.20666666666666345,0.9979076130693552,Wide,Bearish,Inside CPR,21.066666666666666,21.125,21.008333333333333,21.125,21.008333333333333,0.11666666666666714,0.5568814638027071,Moderate,False,False,1.0,60,1224859592.47,False,False,Lower,True,Risk Off,False,None,0.6814285714285708,22.683000000000003,23.035500000000003,0.3032844164919592,1.6231580661019271,False,False,No setup,0.0,None,None,0,No active J-Curve setup.,Neutral,0,Not applicable,No directional setup; confirmation score not applicable.,Wide CPR,Wide Consolidation,Watch,Wide CPR + close inside CPR; consolidation/range watch,0,0,0,0
2026-09-30,2026-09-30,CM,NSE,STK,19941,INE729D01010,KILITCH,BE,,,,,KILITCH DRUGS INDIA LTD,217.9,221.5,208.33,213.32,215.0,216.76,,213.36,,,33773,7306524.81,227,F1,1,,,,,,Cash Only,Diversified,False,224.0,216.0,216.76,218.92,220.0,217.83999999999997,220.0,217.83999999999997,2.160000000000025,0.9964938180476218,Wide,Bearish,Below CPR,214.38333333333335,214.91500000000002,213.8516666666667,214.91500000000002,213.8516666666667,1.0633333333333326,0.4984686542908928,Moderate,False,False,0.35,60,13293951.86,False,False,Overlapping,True,Risk Off,False,None,9.75857142857143,188.6252,191.4882,0.22134387351778909,0.5496127025993307,True,True,No setup,0.0,None,None,0,No active J-Curve setup.,Neutral,0,Not applicable,No directional setup; confirmation score not applicable.,Wide CPR,Wide Downside Watch,Watch,Wide CPR + close below CPR; trend opposes; participation light,0,0,0,0
2026-09-30,2026-09-30,CM,NSE,STK,9592,INE0JA001018,VENUSPIPES,EQ,,,,,VENUS PIPES & TUBES LTD,2197.0,2244.4,2135.5,2147.1,2160.0,2195.8,,2147.18,,,125771,274283860.3,12398,F1,1,,,,,,Cash Only,Building Materials,False,2225.0,2101.0,2195.8,2173.9333333333334,2163.0,2184.866666666667,2184.866666666667,2163.0,21.866666666666788,0.9958405440689856,Wide,Bullish,Below CPR,2175.6666666666665,2189.95,2161.383333333333,2189.95,2161.383333333333,28.566666666666606,1.330476767112226,Wide,False,False,0.75,60,181324274.14999998,False,False,Outside,True,Risk Off,False,None,120.02857142857148,1767.2920000000001,1652.467,0.1821788463064359,1.512670388924869,True,True,No setup,0.0,None,None,0,No active J-Curve setup.,Neutral,0,Not applicable,No directional setup; confirmation score not applicable.,Wide CPR,Wide Downside Watch,Watch,Wide CPR + close below CPR; trend opposes; participation confirmed,0,0,0,0
2026-09-30,2026-09-30,CM,NSE,STK,3417,INE671A01010,HONAUT,EQ,,,,,HONEYWELL AUTOMATION IND,33980.0,34240.0,33360.0,33460.0,33400.0,33980.0,,33460.98,,,1786,60158345.0,1248,F1,1,,,,,,Cash Only,Capital Goods,True,35470.0,33505.0,33980.0,34318.333333333336,34487.5,34149.16666666667,34487.5,34149.16666666667,338.3333333333285,0.99568373553069,Wide,Bearish,Below CPR,33686.666666666664,33800.0,33573.33333333333,33800.0,33573.33333333333,226.66666666667152,0.6774257820283069,Moderate,False,False,0.5666666666666667,60,103497467.5,False,False,Higher,True,Risk Off,False,None,1066.0714285714287,36311.3,35993.85,0.3173646007816816,0.5812542707868673,False,False,No setup,0.0,None,None,0,No active J-Curve setup.,Neutral,0,Not applicable,No directional setup; confirmation score not applicable.,Wide CPR,Wide Downside Watch,Watch,Wide CPR + close below CPR; trend aligned; participation light,0,0,0,0
2026-09-30,2026-09-30,CM,NSE,STK,762675,INE417D01020,FEDDERSHOL,EQ,,,,,FEDDERS HOLDING LTD.,61.0,62.6,61.0,61.51,61.52,60.69,,61.51,,,2131447,131846407.4,9464,F1,1,,,,,,Cash Only,Diversified,False,64.08,59.11,60.69,61.29333333333333,61.595,60.99166666666666,61.595,60.99166666666666,0.6033333333333388,0.9941231394518684,Wide,Bearish,Inside CPR,61.703333333333326,61.8,61.606666666666655,61.8,61.606666666666655,0.19333333333334224,0.31431203598332347,Moderate,False,False,0.45,60,40300064.565,True,False,Lower,True,Risk Off,False,None,4.707142857142856,47.288000000000004,42.4654,0.12817400101163498,3.27161777091808,True,True,No setup,0.0,None,None,0,No active J-Curve setup.,Neutral,0,Not applicable,No directional setup; confirmation score not applicable.,Wide CPR,Wide Consolidation,Watch,Wide CPR + close inside CPR; consolidation/range watch,0,0,0,0
2026-09-30,2026-09-30,CM,NSE,STK,4179,INE073D01013,SUNDRMBRAK,EQ,,,,,SUNDARAM BRAK LININGS LTD,684.0,684.0,672.6,676.05,678.45,671.75,,676.05,,,396,268275.4,51,F1,1,,,,,,Cash Only,Diversified,False,694.5,669.0,671.75,678.4166666666666,681.75,675.0833333333333,681.75,675.0833333333333,6.6666666666667425,0.992432700657498,Wide,Bearish,Inside CPR,677.55,678.3,676.8,678.3,676.8,1.5,0.22187708009762594,Narrow,False,False,0.8666666666666667,60,878511.125,False,False,Overlapping,True,Risk Off,False,None,29.417857142857144,707.6460000000001,646.6275,0.22661972400955296,0.3053750742200334,False,True,No setup,0.0,None,None,0,No active J-Curve setup.,Neutral,0,Not applicable,No directional setup; confirmation score not applicable.,Wide CPR,Wide Consolidation,Watch,Wide CPR + close inside CPR; consolidation/range watch,0,0,0,0
2026-09-30,2026-09-30,CM,NSE,STK,765010,INE290E01011,YOGI,EQ,,,,,YOGI LTD.,161.7,161.7,156.5,160.56,160.0,156.67,,160.16,,,638,99926.75,8,F1,1,,,,,,Cash Only,Diversified,False,162.0,156.0,156.67,158.22333333333333,159.0,157.44666666666666,159.0,157.44666666666666,1.5533333333333417,0.9914682666326302,Wide,Bearish,Above CPR,159.58666666666667,159.1,160.07333333333335,160.07333333333335,159.1,0.9733333333333576,0.6062115927586931,Moderate,False,False,0.5333333333333333,30,113255.075,False,False,Lower,True,Risk Off,False,None,7.567142857142855,,,0.2052734252092391,0.882315869730341,False,False,No setup,0.0,None,None,0,No active J-Curve setup.,Neutral,0,Not applicable,No directional setup; confirmation score not applicable.,Wide CPR,Wide Upside Watch,Watch,Wide CPR + close above CPR; trend opposes; participation light,0,0,0,0
2026-09-30,2026-09-30,CM,NSE,STK,15179,INE738I01010,ECLERX,EQ,,,,,ECLERX SERVICES LTD,1772.0,1848.7,1772.0,1819.9,1816.5,1769.7,,1819.87,,,177436,324114153.0,23668,F1,1,,,,,,Cash Only,Services,True,1829.9,1762.0,1769.7,1787.2,1795.95,1778.45,1795.95,1778.45,17.5,0.9888681697462846,Wide,Bearish,Above CPR,1813.5333333333335,1810.35,1816.7166666666672,1816.7166666666672,1810.35,6.366666666667243,0.3498360715790561,Moderate,False,False,0.8666666666666667,60,364543749.75,False,False,Lower,True,Risk Off,False,None,65.15714285714284,1889.664,1700.358,0.26858145143608864,0.8890953506191612,False,True,No setup,0.0,None,None,0,No active J-Curve setup.,Neutral,0,Not applicable,No directional setup; confirmation score not applicable.,Wide CPR,Wide Upside Watch,Watch,Wide CPR + close above CPR; trend mixed; participation light,0,0,0,0
2026-09-30,2026-09-30,CM,NSE,STK,6705,INE982J01020,PAYTM,EQ,,,,,ONE 97 COMMUNICATIONS LTD,1701.0,1708.0,1667.1,1678.0,1678.0,1683.0,,1677.98,,,2424277,4081456886.3,120197,F1,1,,,,,,F&O + Cash,Financial Services,True,1691.7,1624.4,1683.0,1666.3666666666668,1658.0500000000002,1674.6833333333334,1674.6833333333334,1658.0500000000002,16.633333333333212,0.9883145177262752,Wide,Bullish,Above CPR,1684.3666666666668,1687.55,1681.1833333333336,1687.55,1681.1833333333336,6.366666666666333,0.37941994437820814,Moderate,False,False,0.55,60,5142527951.85,False,False,Lower,True,Risk Off,False,None,71.3214285714286,1587.2979999999998,1373.654,0.23321649140377054,0.7936674189260781,True,True,No setup,0.0,None,None,0,No active J-Curve setup.,Neutral,0,Not applicable,No directional setup; confirmation score not applicable.,Wide CPR,Wide Upside Watch,Watch,Wide CPR + close above CPR; trend aligned; participation light,0,0,0,0
2026-09-30,2026-09-30,CM,NSE,STK,764588,INE484D01012,AMARJOTHI,EQ,,,,,AMARJOTHI SPINNING MILL L,152.0,152.0,147.05,149.0,149.0,152.0,,149.17,,,342,50847.78,25,F1,1,,,,,,Cash Only,Diversified,False,152.45,147.05,152.0,150.5,149.75,151.25,151.25,149.75,1.5,0.9868421052631579,Wide,Bullish,Below CPR,149.35,149.525,149.17499999999998,149.525,149.17499999999998,0.35000000000002274,0.23489932885907566,Narrow,False,False,0.7096774193548387,31,184329.63,False,False,Higher,True,Risk Off,False,None,4.817142857142855,,,0.31138790035587205,0.275852449766215,False,False,No setup,0.0,None,None,0,No active J-Curve setup.,Neutral,0,Not applicable,No directional setup; confirmation score not applicable.,Wide CPR,Wide Downside Watch,Watch,Wide CPR + close below CPR; trend aligned; participation light,0,0,0,0
2026-09-30,2026-09-30,CM,NSE,STK,760300,INE0G1L01025,LEMERITE,EQ,,,,,LE MERITE EXPORTS LIMITED,19.9,20.38,19.0,19.93,19.59,19.95,,19.93,,,598289,11755992.59,665,F1,1,,,,,,Cash Only,Diversified,False,20.3,19.01,19.95,19.753333333333334,19.655,19.851666666666667,19.851666666666667,19.655,0.19666666666666544,0.9857978279030849,Wide,Bullish,Above CPR,19.77,19.689999999999998,19.85,19.85,19.689999999999998,0.1600000000000037,0.8028098344204901,Wide,False,False,0.9833333333333333,60,6827165.75,False,False,Lower,True,Risk Off,False,None,1.365,21.564,72.82400000000001,0.14407814407814318,1.7219433393718322,False,False,No setup,0.0,None,None,0,No active J-Curve setup.,Neutral,0,Not applicable,No directional setup; confirmation score not applicable.,Wide CPR,Wide Upside Watch,Watch,Wide CPR + close above CPR; trend opposes; participation confirmed,0,0,0,0
2026-09-30,2026-09-30,CM,NSE,STK,11293,INE037A01022,UNIENTER,EQ,,,,,UNIPHOS ENTERPRISES LTD,91.1,91.1,88.67,88.75,89.2,89.01,,88.75,,,5499,488872.43,98,F1,1,,,,,,Cash Only,Diversified,False,91.98,88.67,89.01,89.88666666666667,90.325,89.44833333333334,90.325,89.44833333333334,0.8766666666666652,0.9849080627644816,Wide,Bearish,Below CPR,89.50666666666666,89.88499999999999,89.12833333333333,89.88499999999999,89.12833333333333,0.7566666666666606,0.8525821596244064,Wide,False,False,0.8833333333333333,60,513086.36,False,False,Overlapping,True,Risk Off,False,None,2.9014285714285717,94.4566,100.4308,0.30215000820613763,0.952807301289397,False,False,No setup,0.0,None,None,0,No active J-Curve setup.,Neutral,0,Not applicable,No directional setup; confirmation score not applicable.,Wide CPR,Wide Downside Watch,Watch,Wide CPR + close below CPR; trend aligned; participation light,0,0,0,0
2026-09-30,2026-09-30,CM,NSE,STK,3456,INE155A01022,TMPV,EQ,,,,,TATA MOTORS PASS VEH LTD,281.0,287.05,280.1,283.5,283.5,280.95,,283.51,,,11539983,3274458637.2,107404,F1,1,,,,,,F&O + Cash,Automobile and Auto Components,True,281.4,272.2,280.95,278.18333333333334,276.79999999999995,279.5666666666667,279.5666666666667,276.79999999999995,2.766666666666765,0.9847541080856969,Wide,Bullish,Above CPR,283.55,283.57500000000005,283.525,283.57500000000005,283.525,0.05000000000006821,0.01763668430337503,Narrow,False,False,0.95,60,2555584813.325,False,False,Lower,True,Risk Off,False,Bullish Virgin,8.960714285714277,319.264,340.1455,0.30875514813339777,1.2812952323580657,False,False,No setup,0.0,None,None,0,No active J-Curve setup.,Neutral,0,Not applicable,No directional setup; confirmation score not applicable.,Wide CPR,Wide Upside Watch,Watch,Wide CPR + close above CPR; trend opposes; participation confirmed,0,0,0,0
2026-09-30,2026-09-30,CM,NSE,STK,764583,INE841D01013,AMAL,EQ,,,,,AMAL LTD.,671.3,700.0,671.3,684.5,695.0,682.1,,686.74,,,6607,4539109.95,611,F1,1,,,,,,Cash Only,Diversified,False,690.0,654.05,682.1,675.3833333333333,672.025,678.7416666666667,678.7416666666667,672.025,6.716666666666697,0.9847041000830812,Wide,Bullish,Above CPR,685.2666666666668,685.65,684.8833333333336,685.65,684.8833333333336,0.7666666666664241,0.11200389578764414,Narrow,False,False,0.25806451612903225,31,5241751.75,True,False,Outside,True,Risk Off,False,None,32.44285714285717,,,0.20703067664758626,0.8659528658525273,False,False,No setup,0.0,None,None,0,No active J-Curve setup.,Neutral,0,Not applicable,No directional setup; confirmation score not applicable.,Wide CPR,Wide Upside Watch,Watch,Wide CPR + close above CPR; trend opposes; participation light,0,0,0,0
2026-09-30,2026-09-30,CM,NSE,STK,761386,INE415B01044,MARSONS,EQ,,,,,MARSONS LIMITED,117.85,119.25,114.11,115.44,114.3,117.96,,115.44,,,1066194,123645644.39,5836,F1,1,,,,,,Cash Only,Diversified,False,121.9,117.5,117.96,119.12,119.7,118.54,119.7,118.54,1.1599999999999966,0.9833841980332287,Wide,Bearish,Below CPR,116.26666666666667,116.68,115.85333333333332,116.68,115.85333333333332,0.8266666666666822,0.7161007161007296,Moderate,False,False,0.36666666666666664,60,238120075.375,True,True,Lower,True,Risk Off,False,None,7.010714285714289,117.6586,122.31280000000001,0.16546102903718743,0.5192575392699604,False,False,No setup,0.0,None,None,0,No active J-Curve setup.,Neutral,0,Not applicable,No directional setup; confirmation score not applicable.,Wide CPR,Wide Downside Watch,Watch,Wide CPR + close below CPR; trend aligned; participation light,0,0,0,0
2026-09-30,2026-09-30,CM,NSE,STK,270,INE03YM01018,CHEMCON,EQ,,,,,CHEMCON SPECIAL CHEM LTD,212.1,221.37,212.1,217.28,218.7,213.81,,217.34,,,27761,6043170.34,847,F1,1,,,,,,Cash Only,Chemicals & Fertilizers,False,222.92,211.0,213.81,215.91,216.95999999999998,214.86,216.95999999999998,214.86,2.099999999999966,0.9821804405780674,Wide,Bearish,Above CPR,216.91666666666666,216.735,217.0983333333333,217.0983333333333,216.735,0.3633333333332871,0.167218949435423,Narrow,False,False,0.95,60,9264918.895,False,False,Lower,True,Risk Off,False,None,11.408571428571426,199.24339999999995,177.2582,0.18407212622088362,0.6522637066214707,True,True,No setup,0.0,None,None,0,No active J-Curve setup.,Neutral,0,Not applicable,No directional setup; confirmation score not applicable.,Wide CPR,Wide Upside Watch,Watch,Wide CPR + close above CPR; trend aligned; participation light,0,0,0,0
2026-09-30,2026-09-30,CM,NSE,STK,9539,INE732S01012,SAKAR,EQ,,,,,SAKAR HEALTHCARE LIMITED,1116.4,1143.8,1082.0,1093.05,1095.0,1121.85,,1093.05,,,58262,64344913.5,4916,F1,1,,,,,,Cash Only,Diversified,False,1129.0,1081.65,1121.85,1110.8333333333333,1105.325,1116.3416666666665,1116.3416666666665,1105.325,11.016666666666424,0.9820088841348152,Wide,Bullish,Below CPR,1106.2833333333335,1112.9,1099.666666666667,1112.9,1099.666666666667,13.233333333333121,1.2106795968467243,Wide,False,False,0.8166666666666667,60,106532636.05,False,False,Lower,True,Risk Off,False,None,72.7214285714286,975.092,884.325,0.15149134007791953,0.6039925030091283,True,True,No setup,0.0,None,None,0,No active J-Curve setup.,Neutral,0,Not applicable,No directional setup; confirmation score not applicable.,Wide CPR,Wide Downside Watch,Watch,Wide CPR + close below CPR; trend opposes; participation light,0,0,0,0
2026-09-30,2026-09-30,CM,NSE,STK,2144,INE171Z01026,BDL,EQ,,,,,BHARAT DYNAMICS LIMITED,1091.0,1127.6,1091.0,1110.1,1110.1,1085.1,,1109.89,,,1193043,1329029329.0,41801,F1,1,,,,,,F&O + Cash,Capital Goods,True,1117.0,1085.1,1085.1,1095.7333333333333,1101.05,1090.4166666666667,1101.05,1090.4166666666667,10.633333333333212,0.9799404048781876,Wide,Bearish,Above CPR,1109.5666666666666,1109.3,1109.8333333333333,1109.8333333333333,1109.3,0.533333333333303,0.048043719785001625,Narrow,False,False,0.6333333333333333,60,1208229737.35,False,False,Lower,True,Risk Off,False,None,35.20714285714288,1258.572,1281.135,0.30202204639209757,1.0999806476497995,False,False,No setup,0.0,None,None,0,No active J-Curve setup.,Neutral,0,Not applicable,No directional setup; confirmation score not applicable.,Wide CPR,Wide Upside Watch,Watch,Wide CPR + close above CPR; trend opposes; participation confirmed,0,0,0,0
2026-09-30,2026-09-30,CM,NSE,STK,5449,INE488A01050,CHEMPLASTS,EQ,,,,,CHEMPLAST SANMAR LIMITED,192.26,196.79,184.5,185.92,185.32,192.35,,185.98,,,278500,52511607.83,6726,F1,1,,,,,,Cash Only,Chemicals & Fertilizers,False,199.25,191.09,192.35,194.23000000000002,195.17000000000002,193.29000000000002,195.17000000000002,193.29000000000002,1.8799999999999955,0.9773849753054304,Wide,Bearish,Below CPR,189.06999999999996,190.64499999999998,187.49499999999995,190.64499999999998,187.49499999999995,3.150000000000034,1.6942771084337531,Wide,False,False,0.6166666666666667,60,44876322.985,False,False,Lower,True,Risk Off,False,None,10.127142857142854,184.681,198.6782,0.18563972351530503,1.1701406072764051,True,False,No setup,0.0,None,None,0,No active J-Curve setup.,Neutral,0,Not applicable,No directional setup; confirmation score not applicable.,Wide CPR,Wide Downside Watch,Watch,Wide CPR + close below CPR; trend mixed; participation confirmed,0,0,0,0
2026-09-30,2026-09-30,CM,NSE,STK,13680,INE0JM501013,NRL,BE,,,,,NUPUR RECYCLERS LIMITED,163.1,163.1,159.8,159.8,159.8,160.0,,159.8,,,40280,6551782.65,225,F1,1,,,,,,Cash Only,Diversified,False,160.0,155.31,160.0,158.43666666666667,157.655,159.21833333333333,159.21833333333333,157.655,1.5633333333333326,0.977083333333333,Wide,Bullish,Above CPR,160.9,161.45,160.35000000000002,161.45,160.35000000000002,1.099999999999966,0.6883604505631826,Moderate,False,False,0.041666666666666664,60,7205479.29,True,True,Lower,True,Risk Off,True,Bullish Virgin,6.677142857142856,94.41300000000001,73.2299,0.2341320781628868,0.9092778406972565,True,True,No setup,0.0,None,None,0,No active J-Curve setup.,Neutral,0,Not applicable,No directional setup; confirmation score not applicable.,Wide CPR,Wide Upside Watch,Watch,Wide CPR + close above CPR; trend aligned; participation light,0,0,0,0
2026-09-30,2026-09-30,CM,NSE,STK,24196,INE694D01016,VADILALIND,EQ,,,,,VADILAL INDUSTRIES LTD,7281.0,7494.5,7155.5,7253.0,7250.0,7277.0,,7253.21,,,11949,86977208.5,3451,F1,1,,,,,,Cash Only,Diversified,False,7543.0,7224.0,7277.0,7348.0,7383.5,7312.5,7383.5,7312.5,71.0,0.9756767898859421,Wide,Bearish,Below CPR,7301.0,7325.0,7277.0,7325.0,7277.0,48.0,0.6617951192609954,Moderate,False,False,0.7333333333333333,60,105731127.0,False,False,Lower,True,Risk Off,False,None,287.85714285714283,7332.11,6483.049,0.24665012406947892,0.8226263255474426,False,True,No setup,0.0,None,None,0,No active J-Curve setup.,Neutral,0,Not applicable,No directional setup; confirmation score not applicable.,Wide CPR,Wide Downside Watch,Watch,Wide CPR + close below CPR; trend mixed; participation light,0,0,-2,-2
2026-09-30,2026-09-30,CM,NSE,STK,11226,INE116D01028,BAGFILMS,EQ,,,,,B.A.G FILMS AND MEDIA LTD,4.02,4.23,3.9,4.1,4.11,4.1,,4.1,,,61189,247473.85,148,F1,1,,,,,,Cash Only,Media & Entertainment,False,4.32,4.0,4.1,4.14,4.16,4.119999999999999,4.16,4.119999999999999,0.040000000000000924,0.9756097560975835,Wide,Bearish,Below CPR,4.076666666666667,4.065,4.088333333333334,4.088333333333334,4.065,0.023333333333333428,0.569105691056913,Moderate,False,False,0.9,60,317266.75,False,False,Lower,True,Risk Off,False,None,0.21642857142857158,4.4208,4.625,0.18481848184818894,0.7800182338678731,False,False,No setup,0.0,None,None,0,No active J-Curve setup.,Neutral,0,Not applicable,No directional setup; confirmation score not applicable.,Wide CPR,Wide Downside Watch,Watch,Wide CPR + close below CPR; trend aligned; participation light,0,0,0,0
2026-09-30,2026-09-30,CM,NSE,STK,11619,INE973A01010,GOLDENTOBC,BZ,,,,,GOLDEN TOBACCO LIMITED,24.5,25.24,23.42,23.46,23.46,24.26,,23.46,,,312,7437.99,58,F1,1,,,,,,Cash Only,Diversified,False,24.5,23.31,24.26,24.023333333333337,23.905,24.141666666666673,24.141666666666673,23.905,0.2366666666666717,0.9755427315196689,Wide,Bullish,Below CPR,24.040000000000003,24.33,23.750000000000007,24.33,23.750000000000007,0.5799999999999912,2.472293265132102,Wide,False,False,0.05,20,52730.19,True,True,Overlapping,True,Risk Off,True,None,1.4392857142857136,,,0.16443341604632283,0.14105752321393114,False,False,No setup,0.0,None,None,0,No active J-Curve setup.,Neutral,0,Not applicable,No directional setup; confirmation score not applicable.,Wide CPR,Wide Downside Watch,Watch,Wide CPR + close below CPR; trend aligned; participation light,0,0,0,0
2026-09-30,2026-09-30,CM,NSE,STK,13557,INE323B01024,AVONMORE,EQ,,,,,AVONMORE CAP&MGT SERV LTD,13.42,13.42,12.75,12.94,12.98,12.99,,12.95,,,106930,1401453.84,829,F1,1,,,,,,Cash Only,Diversified,False,13.24,12.36,12.99,12.863333333333335,12.8,12.92666666666667,12.92666666666667,12.8,0.1266666666666687,0.9751090582499514,Wide,Bullish,Above CPR,13.036666666666667,13.085,12.988333333333333,13.085,12.988333333333333,0.09666666666666757,0.7470376094796566,Moderate,False,False,0.9333333333333333,60,2628049.835,False,False,Lower,True,Risk Off,False,None,0.8635714285714287,12.360199999999999,11.468900000000001,0.1466776950647942,0.5332676044935046,True,True,No setup,0.0,None,None,0,No active J-Curve setup.,Neutral,0,Not applicable,No directional setup; confirmation score not applicable.,Wide CPR,Wide Upside Watch,Watch,Wide CPR + close above CPR; trend aligned; participation light,0,0,0,0
2026-09-30,2026-09-30,CM,NSE,STK,4394,INE771A01026,MIRZAINT,EQ,,,,,MIRZA INTERNATIONAL LIMIT,28.3,28.48,27.9,27.94,28.0,28.09,,27.94,,,82196,2306214.13,610,F1,1,,,,,,Cash Only,Diversified,False,29.0,28.0,28.09,28.363333333333333,28.5,28.226666666666667,28.5,28.226666666666667,0.27333333333333343,0.9730627744155694,Wide,Bearish,Below CPR,28.106666666666666,28.189999999999998,28.023333333333333,28.189999999999998,28.023333333333333,0.1666666666666643,0.5965163445478321,Moderate,False,False,0.9166666666666666,60,4225384.515,False,False,Lower,True,Risk Off,False,None,1.143571428571428,31.8426,32.366,0.23901728086612553,0.5457998252734165,False,False,No setup,0.0,None,None,0,No active J-Curve setup.,Neutral,0,Not applicable,No directional setup; confirmation score not applicable.,Wide CPR,Wide Downside Watch,Watch,Wide CPR + close below CPR; trend aligned; participation light,0,0,0,0
2026-09-30,2026-09-30,CM,NSE,STK,13875,INE742C01031,JINDRILL,EQ,,,,,JINDAL DRILLING IND. LTD,599.9,612.4,595.35,600.6,598.0,599.95,,600.63,,,191699,115834685.4,8402,F1,1,,,,,,Cash Only,Diversified,False,620.9,596.4,599.95,605.75,608.65,602.85,608.65,602.85,5.7999999999999545,0.966747228935737,Wide,Bearish,Below CPR,602.7833333333333,603.875,601.6916666666666,603.875,601.6916666666666,2.183333333333394,0.3635253635253736,Moderate,False,False,0.8833333333333333,60,160178215.1,False,False,Higher,True,Risk Off,False,None,32.896428571428565,615.438,606.306,0.1763109325806088,0.7231612946097813,False,False,No setup,0.0,None,None,0,No active J-Curve setup.,Neutral,0,Not applicable,No directional setup; confirmation score not applicable.,Wide CPR,Wide Downside Watch,Watch,Wide CPR + close below CPR; trend aligned; participation light,0,0,0,0
2026-09-30,2026-09-30,CM,NSE,STK,766171,INE012G01022,HEROMOTORS,EQ,,,,,HERO MOTORS LIMITED,140.28,152.58,140.0,152.55,152.58,138.71,,152.55,,,107202546,15959107536.27,460639,F1,1,,,,,,Cash Only,Automobile & Ancillary,False,140.78,132.62,138.71,137.37,136.7,138.04000000000002,138.04000000000002,136.7,1.3400000000000318,0.9660442650133602,Wide,Bullish,Above CPR,148.3766666666667,146.29000000000002,150.46333333333337,150.46333333333337,146.29000000000002,4.173333333333346,2.735715066098555,Wide,False,False,0.25,5,14182662357.27,True,False,Inside,False,Risk Off,False,Bullish Virgin,,,,,1.1252547042473586,False,False,No setup,0.0,None,None,0,No active J-Curve setup.,Neutral,0,Not applicable,No directional setup; confirmation score not applicable.,Wide CPR,Wide Upside Watch,Watch,Wide CPR + close above CPR; trend opposes; participation confirmed,0,0,0,0
2026-09-30,2026-09-30,CM,NSE,STK,15184,INE791I01019,BRIGADE,EQ,,,,,BRIGADE ENTER. LTD,559.1,586.85,559.1,575.25,573.4,563.05,,575.26,,,566667,325979782.3,41508,F1,1,,,,,,Cash Only,Realty,True,584.85,557.55,563.05,568.4833333333333,571.2,565.7666666666667,571.2,565.7666666666667,5.433333333333394,0.9649823875914029,Wide,Bearish,Above CPR,573.7333333333333,572.975,574.4916666666667,574.4916666666667,572.975,1.5166666666666515,0.2636534839924644,Moderate,False,False,0.5833333333333334,60,200226056.95,False,False,Lower,True,Risk Off,False,None,21.982142857142858,610.0179999999999,610.997,0.24717032223125107,1.628058741532342,False,False,No setup,0.0,None,None,0,No active J-Curve setup.,Neutral,0,Not applicable,No directional setup; confirmation score not applicable.,Wide CPR,Wide Upside Watch,Watch,Wide CPR + close above CPR; trend opposes; participation confirmed,0,0,0,0
2026-09-30,2026-09-30,CM,NSE,STK,758448,INE0GV601021,ALLTIME,EQ,,,,,ALL TIME PLASTICS LIMITED,193.9,197.85,192.15,194.0,193.5,193.18,,194.0,,,31339,6090122.31,1062,F1,1,,,,,,Cash Only,Diversified,False,199.5,192.45,193.18,195.04333333333332,195.975,194.11166666666665,195.975,194.11166666666665,1.863333333333344,0.9645580978017102,Wide,Bearish,Below CPR,194.66666666666666,195.0,194.33333333333331,195.0,194.33333333333331,0.6666666666666856,0.34364261168385857,Moderate,False,False,0.21666666666666667,60,13330484.43,False,False,Lower,True,Risk Off,True,None,9.33285714285714,212.4908,225.3782,0.1996530435226299,0.4568567888121377,False,False,No setup,0.0,None,None,0,No active J-Curve setup.,Neutral,0,Not applicable,No directional setup; confirmation score not applicable.,Wide CPR,Wide Downside Watch,Watch,Wide CPR + close below CPR; trend aligned; participation light,0,0,0,0
2026-09-30,2026-09-30,CM,NSE,STK,14304,INE684F01012,FSL,EQ,,,,,FIRSTSOURCE SOLU. LTD.,248.9,270.7,248.9,255.8,254.05,248.9,,255.8,,,6657490,1720897599.7,107658,F1,1,,,,,,Cash Only,Services,True,257.0,248.0,248.9,251.29999999999998,252.5,250.09999999999997,252.5,250.09999999999997,2.400000000000034,0.9642426677380611,Wide,Bearish,Above CPR,258.4666666666667,259.8,257.1333333333334,259.8,257.1333333333334,2.6666666666666288,1.0424811050299565,Wide,False,False,0.4,60,221137596.04,False,False,Lower,True,Risk Off,False,None,9.521428571428572,273.06579999999997,262.6326,0.252063015753942,7.782021829470911,False,False,No setup,0.0,None,None,0,No active J-Curve setup.,Neutral,0,Not applicable,No directional setup; confirmation score not applicable.,Wide CPR,Wide Upside Watch,Watch,Wide CPR + close above CPR; trend opposes; participation confirmed,0,0,0,0
2026-09-30,2026-09-30,CM,NSE,STK,3563,INE364U01010,ADANIGREEN,EQ,,,,,ADANI GREEN ENERGY LTD,1250.4,1284.8,1250.4,1278.0,1278.0,1260.0,,1277.99,,,1452231,1849463322.9,38289,F1,1,,,,,,F&O + Cash,Power,True,1260.0,1223.6,1260.0,1247.8666666666666,1241.8,1253.9333333333332,1253.9333333333332,1241.8,12.133333333333212,0.9629629629629534,Wide,Bullish,Above CPR,1271.0666666666666,1267.6,1274.5333333333333,1274.5333333333333,1267.6,6.933333333333394,0.5425143453312514,Moderate,False,False,0.9333333333333333,60,2238476703.45,False,False,Lower,True,Risk Off,False,None,37.571428571428605,1327.9979999999998,1400.8110000000001,0.3229404309252183,0.826215131052987,False,False,No setup,0.0,None,None,0,No active J-Curve setup.,Neutral,0,Not applicable,No directional setup; confirmation score not applicable.,Wide CPR,Wide Upside Watch,Watch,Wide CPR + close above CPR; trend opposes; participation light,0,0,0,0
2026-09-30,2026-09-30,CM,NSE,STK,5382,INE071N01016,EPIGRAL,EQ,,,,,EPIGRAL LIMITED,1024.0,1030.0,1011.0,1012.5,1011.1,1018.1,,1012.55,,,37182,37798455.2,2838,F1,1,,,,,,Cash Only,Diversified,False,1052.4,1013.1,1018.1,1027.8666666666666,1032.75,1022.9833333333331,1032.75,1022.9833333333331,9.766666666666879,0.9593032773467123,Wide,Bearish,Below CPR,1017.8333333333334,1020.5,1015.1666666666667,1020.5,1015.1666666666667,5.3333333333332575,0.5267489711934081,Moderate,False,False,0.65,60,48502451.6,False,False,Lower,True,Risk Off,False,None,35.66428571428577,1136.226,1136.172,0.2738500567461168,0.7793101988271455,False,False,No setup,0.0,None,None,0,No active J-Curve setup.,Neutral,0,Not applicable,No directional setup; confirmation score not applicable.,Wide CPR,Wide Downside Watch,Watch,Wide CPR + close below CPR; trend aligned; participation light,0,0,0,0
2026-09-30,2026-09-30,CM,NSE,STK,8998,INE398B01018,UMIYA-MRO,EQ,,,,,UMIYA BUILDCON LIMITED,94.0,95.94,92.01,93.16,93.95,94.8,,93.26,,,21344,2003531.07,224,F1,1,,,,,,Cash Only,Diversified,False,97.9,94.42,94.8,95.70666666666666,96.16,95.25333333333333,96.16,95.25333333333333,0.9066666666666663,0.9563994374120952,Wide,Bearish,Below CPR,93.70333333333333,93.975,93.43166666666667,93.975,93.43166666666667,0.5433333333333223,0.5832259911263658,Moderate,False,False,0.6,60,792418.53,False,False,Lower,True,Risk Off,False,None,4.887142857142856,93.15320000000001,90.37129999999999,0.1855208028841469,2.5283748349499096,True,True,No setup,0.0,None,None,0,No active J-Curve setup.,Neutral,0,Not applicable,No directional setup; confirmation score not applicable.,Wide CPR,Wide Downside Watch,Watch,Wide CPR + close below CPR; trend opposes; participation confirmed,0,0,0,0
2026-09-30,2026-09-30,CM,NSE,STK,1802,INE197A01024,JYOTISTRUC,EQ,,,,,JYOTI STRUCTURES LTD,8.98,9.25,8.83,8.9,8.92,9.07,,8.9,,,4112757,37203874.77,4532,F1,1,,,,,,Cash Only,Diversified,False,9.26,8.62,9.07,8.983333333333333,8.94,9.026666666666666,9.026666666666666,8.94,0.086666666666666,0.9555310547592724,Wide,Bullish,Below CPR,8.993333333333332,9.04,8.946666666666665,9.04,8.946666666666665,0.09333333333333371,1.0486891385767834,Wide,False,False,0.95,60,42324739.495000005,False,False,Lower,True,Risk Off,False,None,0.3957142857142862,10.342,11.2601,0.21901323706377665,0.8790101301012154,False,False,No setup,0.0,None,None,0,No active J-Curve setup.,Neutral,0,Not applicable,No directional setup; confirmation score not applicable.,Wide CPR,Wide Downside Watch,Watch,Wide CPR + close below CPR; trend aligned; participation light,0,0,0,0
2026-09-30,2026-09-30,CM,NSE,STK,6973,INE505A01010,DMCC,EQ,,,,,DMCC SPECIALITY CHEMICALS,317.0,324.0,308.35,311.7,312.0,314.45,,311.77,,,250289,79688114.85,6024,F1,1,,,,,,Cash Only,Diversified,False,319.9,300.0,314.45,311.45,309.95,312.95,312.95,309.95,3.0,0.9540467482906663,Wide,Bullish,Inside CPR,314.68333333333334,316.175,313.19166666666666,316.175,313.19166666666666,2.9833333333333485,0.9571168858945616,Wide,False,False,0.7666666666666667,60,14927407.5,False,False,Higher,True,Risk Off,False,None,14.610714285714279,285.606,276.373,0.2053287704717674,5.338376060946953,True,True,No setup,0.0,None,None,0,No active J-Curve setup.,Neutral,0,Not applicable,No directional setup; confirmation score not applicable.,Wide CPR,Wide Consolidation,Watch,Wide CPR + close inside CPR; consolidation/range watch,0,0,0,0
2026-09-30,2026-09-30,CM,NSE,STK,5054,INE201P01022,GRINFRA,EQ,,,,,G R INFRAPROJECTS LIMITED,809.2,819.85,796.1,800.6,799.0,816.25,,800.58,,,12867,10396130.4,2430,F1,1,,,,,,Cash Only,Infrastructure,False,820.0,789.15,816.25,808.4666666666667,804.575,812.3583333333333,812.3583333333333,804.575,7.783333333333303,0.9535477284328702,Wide,Bullish,Below CPR,805.5166666666668,807.975,803.0583333333335,807.975,803.0583333333335,4.916666666666515,0.6141227412773563,Moderate,False,False,0.5833333333333334,60,14080460.975000001,False,False,Lower,True,Risk Off,False,None,29.875000000000007,866.0879999999999,889.199,0.26052998605299754,0.7383373611459478,False,False,No setup,0.0,None,None,0,No active J-Curve setup.,Neutral,0,Not applicable,No directional setup; confirmation score not applicable.,Wide CPR,Wide Downside Watch,Watch,Wide CPR + close below CPR; trend aligned; participation light,0,0,0,0
2026-09-30,2026-09-30,CM,NSE,STK,1521,INE560A01023,INDIAGLYCO,EQ,,,,,INDIA GLYCOLS LTD,307.0,314.3,304.1,307.4,306.5,304.5,,307.37,,,321153,99097603.8,7268,F1,1,,,,,,Cash Only,Diversified,False,307.7,292.6,304.5,301.59999999999997,300.15,303.04999999999995,303.04999999999995,300.15,2.8999999999999773,0.9523809523809448,Wide,Bullish,Above CPR,308.6,309.20000000000005,308.0,309.20000000000005,308.0,1.2000000000000455,0.390370852309709,Moderate,False,False,0.9833333333333333,60,148946572.55,False,False,Lower,True,Risk Off,False,Bullish Virgin,21.42857142857142,809.4939999999999,916.1035,0.13533333333333233,0.6653231565079071,False,False,No setup,0.0,None,None,0,No active J-Curve setup.,Neutral,0,Not applicable,No directional setup; confirmation score not applicable.,Wide CPR,Wide Upside Watch,Watch,Wide CPR + close above CPR; trend opposes; participation light,0,0,0,0
2026-09-30,2026-09-30,CM,NSE,STK,13702,INE430N01022,VISHWARAJ,EQ,,,,,VISHWARAJ SUGAR IND LTD,5.27,5.37,5.26,5.26,5.26,5.26,,5.26,,,190214,1009056.52,428,F1,1,,,,,,Cash Only,Diversified,False,5.43,5.24,5.26,5.31,5.335,5.284999999999999,5.335,5.284999999999999,0.05000000000000071,0.9505703422053366,Wide,Bearish,Below CPR,5.296666666666666,5.3149999999999995,5.278333333333332,5.3149999999999995,5.278333333333332,0.03666666666666707,0.6970849176172447,Moderate,False,False,0.8833333333333333,60,1367993.99,False,False,Lower,True,Risk Off,False,None,0.20500000000000002,5.528199999999999,5.541,0.24390243902439368,0.7376176557617772,False,False,No setup,0.0,None,None,0,No active J-Curve setup.,Neutral,0,Not applicable,No directional setup; confirmation score not applicable.,Wide CPR,Wide Downside Watch,Watch,Wide CPR + close below CPR; trend aligned; participation light,0,2,0,2
2026-09-30,2026-09-30,CM,NSE,STK,766072,INE148G01016,ARCIL,EQ,,,,,ASSET RECONSTRUC CO (I) L,143.51,149.27,143.32,144.59,144.99,142.51,,144.59,,,1943689,285060472.6,28804,F1,1,,,,,,Cash Only,Diversified,False,147.98,141.1,142.51,143.86333333333332,144.54,143.18666666666664,144.54,143.18666666666664,1.353333333333353,0.949640960868257,Wide,Bearish,Above CPR,145.7266666666667,146.29500000000002,145.15833333333336,146.29500000000002,145.15833333333336,1.136666666666656,0.7861308988634457,Wide,False,False,0.125,9,515706940.93,True,True,Lower,False,Risk Off,False,None,,,,,0.5527567111777404,False,False,No setup,0.0,None,None,0,No active J-Curve setup.,Neutral,0,Not applicable,No directional setup; confirmation score not applicable.,Wide CPR,Wide Upside Watch,Watch,Wide CPR + close above CPR; trend opposes; participation light,0,0,0,0
2026-09-30,2026-09-30,CM,NSE,STK,16807,INE947I01017,LOTUSEYE,EQ,,,,,LOTUS EYE HOSP & INST L,114.9,115.9,113.51,115.89,115.67,113.2,,115.89,,,4479,513273.67,340,F1,1,,,,,,Cash Only,Diversified,False,117.0,112.62,113.2,114.27333333333333,114.81,113.73666666666665,114.81,113.73666666666665,1.073333333333352,0.9481743227326429,Wide,Bearish,Above CPR,115.10000000000001,114.70500000000001,115.495,115.495,114.70500000000001,0.789999999999992,0.6816809043058003,Moderate,False,False,0.6166666666666667,60,1171360.205,False,False,Outside,True,Risk Off,False,None,3.655000000000001,114.8682,117.0933,0.29366165070679934,0.43818602323100087,True,False,No setup,0.0,None,None,0,No active J-Curve setup.,Neutral,0,Not applicable,No directional setup; confirmation score not applicable.,Wide CPR,Wide Upside Watch,Watch,Wide CPR + close above CPR; trend mixed; participation light,0,0,0,0
2026-09-30,2026-09-30,CM,NSE,STK,16657,INE087B01017,ANIKINDS,EQ,,,,,ANIK INDUSTRIES LTD,44.89,44.89,43.8,44.45,44.47,43.98,,44.47,,,2550,113011.94,88,F1,1,,,,,,Cash Only,Diversified,False,44.55,42.16,43.98,43.56333333333333,43.355,43.77166666666667,43.77166666666667,43.355,0.4166666666666714,0.9474003334849281,Wide,Bullish,Above CPR,44.379999999999995,44.345,44.41499999999999,44.41499999999999,44.345,0.06999999999999318,0.15748031496061457,Narrow,False,False,0.4,60,324432.705,True,False,Overlapping,True,Risk Off,False,Bullish Virgin,2.6021428571428564,43.8414,43.7984,0.1601244395644634,0.3483370765595287,True,True,No setup,0.0,None,None,0,No active J-Curve setup.,Neutral,0,Not applicable,No directional setup; confirmation score not applicable.,Wide CPR,Wide Upside Watch,Watch,Wide CPR + close above CPR; trend aligned; participation light,0,0,0,0
2026-09-30,2026-09-30,CM,NSE,STK,13126,INE461B01014,REPRO,EQ,,,,,REPRO INDIA LIMITED,320.0,327.95,311.0,318.6,316.0,317.05,,318.58,,,25861,8280782.35,1039,F1,1,,,,,,Cash Only,Diversified,False,333.0,310.1,317.05,320.05,321.55,318.55,321.55,318.55,3.0,0.9462229932187353,Wide,Bearish,Inside CPR,319.18333333333334,319.475,318.89166666666665,319.475,318.89166666666665,0.5833333333333712,0.1830926972170029,Narrow,False,False,0.95,60,3294312.975,False,False,Higher,True,Risk Off,False,None,19.578571428571426,331.972,349.1775,0.1532287486318862,2.5136598777473473,False,False,No setup,0.0,None,None,0,No active J-Curve setup.,Neutral,0,Not applicable,No directional setup; confirmation score not applicable.,Wide CPR,Wide Consolidation,Watch,Wide CPR + close inside CPR; consolidation/range watch,0,0,0,0
2026-09-30,2026-09-30,CM,NSE,STK,765168,INE009C01019,SRIKPRIND,BE,,,,,SRI KPR INDUSTRIES LTD.,26.11,28.0,26.11,26.25,26.2,27.48,,26.25,,,1518,40860.6,33,F1,1,,,,,,Cash Only,Diversified,False,27.78,26.4,27.48,27.22,27.09,27.349999999999998,27.349999999999998,27.09,0.259999999999998,0.9461426491994105,Wide,Bullish,Below CPR,26.786666666666665,27.055,26.51833333333333,27.055,26.51833333333333,0.5366666666666688,2.0444444444444527,Wide,False,False,0.7666666666666667,30,147898.82,False,False,Lower,True,Risk Off,False,None,1.9349999999999998,,,0.13436692506459846,0.2762740094883786,False,False,No setup,0.0,None,None,0,No active J-Curve setup.,Neutral,0,Not applicable,No directional setup; confirmation score not applicable.,Wide CPR,Wide Downside Watch,Watch,Wide CPR + close below CPR; trend aligned; participation light,0,0,0,0
2026-09-30,2026-09-30,CM,NSE,STK,15146,INE668F01031,JYOTHYLAB,EQ,,,,,JYOTHY LABS LIMITED,184.6,187.48,183.29,186.7,186.95,184.26,,186.7,,,398247,73994646.14,14275,F1,1,,,,,,Cash Only,Healthcare & Pharma,False,189.75,184.0,184.26,186.00333333333333,186.875,185.13166666666666,186.875,185.13166666666666,1.7433333333333394,0.9461268497413109,Wide,Bearish,Inside CPR,185.82333333333335,185.385,186.2616666666667,186.2616666666667,185.385,0.876666666666722,0.46955900732015105,Moderate,False,False,0.4,60,99970204.44999999,False,False,Lower,True,Risk Off,False,None,3.9278571428571456,201.00239999999997,202.74450000000002,0.44383827362550893,0.7401669982280407,False,False,No setup,0.0,None,None,0,No active J-Curve setup.,Neutral,0,Not applicable,No directional setup; confirmation score not applicable.,Wide CPR,Wide Consolidation,Watch,Wide CPR + close inside CPR; consolidation/range watch,0,0,0,0
2026-09-30,2026-09-30,CM,NSE,STK,9756,INE01QM01018,EMUDHRA,EQ,,,,,EMUDHRA LIMITED,628.5,637.6,592.1,596.5,596.75,627.15,,596.52,,,713583,434733108.85,29687,F1,1,,,,,,Cash Only,Diversified,False,651.0,621.1,627.15,633.0833333333334,636.05,630.1166666666668,636.05,630.1166666666668,5.933333333333167,0.9460788221849903,Wide,Bearish,Below CPR,608.7333333333333,614.85,602.6166666666667,614.85,602.6166666666667,12.233333333333348,2.0508521933501003,Wide,False,False,0.2833333333333333,60,70828757.525,True,True,Lower,True,Risk Off,False,None,40.260714285714286,540.157,500.6075,0.147372778615567,6.137805095572301,True,True,No setup,0.0,None,None,0,No active J-Curve setup.,Neutral,0,Not applicable,No directional setup; confirmation score not applicable.,Wide CPR,Wide Downside Watch,Watch,Wide CPR + close below CPR; trend opposes; participation confirmed,0,2,0,2
2026-09-30,2026-09-30,CM,NSE,STK,9480,INE0J1Y01017,LICI,EQ,,,,,LIFE INSURA CORP OF INDIA,395.0,398.95,391.9,395.2,395.2,390.0,,395.19,,,6311852,2496477849.85,101651,F1,1,,,,,,F&O + Cash,Financial Services,True,401.0,390.0,390.0,393.6666666666667,395.5,391.83333333333337,395.5,391.83333333333337,3.6666666666666288,0.9401709401709304,Wide,Bearish,Inside CPR,395.34999999999997,395.42499999999995,395.275,395.42499999999995,395.275,0.14999999999997726,0.037955465587038786,Narrow,False,False,0.8166666666666667,60,2257298422.05,False,False,Lower,True,Risk Off,False,None,9.364285714285709,410.97299999999996,470.60400000000004,0.39155860666157766,1.1059582665116938,False,False,No setup,0.0,None,None,0,No active J-Curve setup.,Neutral,0,Not applicable,No directional setup; confirmation score not applicable.,Wide CPR,Wide Consolidation,Watch,Wide CPR + close inside CPR; consolidation/range watch,0,0,0,0
2026-09-30,2026-09-30,CM,NSE,STK,527,INE094J01016,UTIAMC,EQ,,,,,UTI ASSET MNGMT CO LTD,873.25,894.55,873.25,882.4,885.0,877.6,,882.39,,,50373,44485465.2,7137,F1,1,,,,,,Cash Only,Financial Services,True,907.9,872.05,877.6,885.8499999999999,889.9749999999999,881.7249999999999,889.9749999999999,881.7249999999999,8.25,0.9400638103919781,Wide,Bearish,Inside CPR,883.4,883.9,882.9,883.9,882.9,1.0,0.11332728921124206,Narrow,False,False,0.8833333333333333,60,101729017.80000001,False,False,Lower,True,Risk Off,False,None,22.17500000000002,899.974,925.6284999999999,0.37204058624577196,0.4372937649654571,False,False,No setup,0.0,None,None,0,No active J-Curve setup.,Neutral,0,Not applicable,No directional setup; confirmation score not applicable.,Wide CPR,Wide Consolidation,Watch,Wide CPR + close inside CPR; consolidation/range watch,0,0,0,0
2026-09-30,2026-09-30,CM,NSE,STK,3150,INE003A01024,SIEMENS,EQ,,,,,SIEMENS LTD,3721.1,3789.1,3720.0,3725.6,3725.6,3710.0,,3725.69,,,183302,689178215.6,20825,F1,1,,,,,,F&O + Cash,Capital Goods,True,3814.6,3710.0,3710.0,3744.866666666667,3762.3,3727.4333333333334,3762.3,3727.4333333333334,34.86666666666679,0.9398023360287545,Wide,Bearish,Below CPR,3744.9,3754.55,3735.25,3754.55,3735.25,19.300000000000182,0.5180373631093027,Moderate,False,False,0.7833333333333333,60,1024778043.25,False,False,Lower,True,Risk Off,False,None,98.5714285714286,3893.9120000000003,3763.5430000000006,0.3537198067632862,0.6725146192772901,False,False,No setup,0.0,None,None,0,No active J-Curve setup.,Neutral,0,Not applicable,No directional setup; confirmation score not applicable.,Wide CPR,Wide Downside Watch,Watch,Wide CPR + close below CPR; trend aligned; participation light,0,0,0,0
2026-09-30,2026-09-30,CM,NSE,STK,12032,INE128S01021,FIVESTAR,EQ,,,,,FIVE-STAR BUS FIN LTD,495.05,519.9,494.85,516.85,517.9,497.25,,516.85,,,602120,308771545.95,25339,F1,1,,,,,,Cash Only,Financial Services,True,517.5,491.0,497.25,501.9166666666667,504.25,499.58333333333337,504.25,499.58333333333337,4.666666666666629,0.9384950561421074,Wide,Bearish,Above CPR,510.5333333333333,507.375,513.6916666666666,513.6916666666666,507.375,6.316666666666606,1.2221469801038225,Wide,False,False,0.016666666666666666,60,253798813.5,True,True,Lower,True,Risk Off,True,None,21.060714285714294,536.12,510.8405,0.2215815951613796,1.2165996432051878,False,True,No setup,0.0,None,None,0,No active J-Curve setup.,Neutral,0,Not applicable,No directional setup; confirmation score not applicable.,Wide CPR,Wide Upside Watch,Watch,Wide CPR + close above CPR; trend mixed; participation confirmed,0,0,-2,-2
2026-09-30,2026-09-30,CM,NSE,STK,16989,INE695B01025,COUNCODOS,BE,,,,,COUNTRY CONDO S LIMITED,6.3,6.58,6.2,6.4,6.4,6.4,,6.39,,,6350,40093.6,96,F1,1,,,,,,Cash Only,Diversified,False,6.69,6.29,6.4,6.460000000000001,6.49,6.4300000000000015,6.49,6.4300000000000015,0.05999999999999872,0.93749999999998,Wide,Bearish,Below CPR,6.3933333333333335,6.390000000000001,6.3966666666666665,6.3966666666666665,6.390000000000001,0.0066666666666659324,0.1041666666666552,Narrow,False,False,0.2,60,221938.565,False,False,Higher,True,Risk Off,True,None,0.3257142857142856,6.1613999999999995,5.587999999999999,0.1842105263157856,0.1806517943377709,True,True,No setup,0.0,None,None,0,No active J-Curve setup.,Neutral,0,Not applicable,No directional setup; confirmation score not applicable.,Wide CPR,Wide Downside Watch,Watch,Wide CPR + close below CPR; trend opposes; participation light,0,0,0,0
2026-09-30,2026-09-30,CM,NSE,STK,20203,INE550C01020,URJA,EQ,,,,,URJA GLOBAL LIMITED,8.88,8.93,8.67,8.77,8.8,8.9,,8.77,,,428412,3771150.39,2756,F1,1,,,,,,Cash Only,Diversified,False,9.0,8.55,8.9,8.816666666666668,8.775,8.858333333333336,8.858333333333336,8.775,0.0833333333333357,0.9363295880150079,Wide,Bullish,Below CPR,8.790000000000001,8.8,8.780000000000001,8.8,8.780000000000001,0.019999999999999574,0.22805017103762343,Narrow,False,False,0.05,60,5635682.385,True,True,Lower,True,Risk Off,True,None,0.26142857142857145,9.2376,9.7375,0.3187613843351639,0.6691559481842588,False,False,No setup,0.0,None,None,0,No active J-Curve setup.,Neutral,0,Not applicable,No directional setup; confirmation score not applicable.,Wide CPR,Wide Downside Watch,Watch,Wide CPR + close below CPR; trend aligned; participation light,0,0,0,0
2026-09-30,2026-09-30,CM,NSE,STK,765100,INE341H01023,LKPSEC,EQ,,,,,L K P SECURITIES LTD.,14.7,14.7,13.65,14.14,14.12,14.27,,14.07,,,7198,101332.42,100,F1,1,,,,,,Cash Only,Diversified,False,14.44,13.7,14.27,14.136666666666665,14.07,14.20333333333333,14.20333333333333,14.07,0.1333333333333293,0.9343611305769397,Wide,Bullish,Inside CPR,14.163333333333334,14.175,14.151666666666667,14.175,14.151666666666667,0.023333333333333428,0.16501650165016568,Narrow,False,False,0.967741935483871,31,129448.17,False,False,Lower,True,Risk Off,False,None,0.9571428571428574,,,0.13930348258706043,0.7828030322869763,False,False,No setup,0.0,None,None,0,No active J-Curve setup.,Neutral,0,Not applicable,No directional setup; confirmation score not applicable.,Wide CPR,Wide Consolidation,Watch,Wide CPR + close inside CPR; consolidation/range watch,0,0,0,0
2026-09-30,2026-09-30,CM,NSE,STK,2048,INE09VQ01012,INDIGOPNTS,EQ,,,,,INDIGO PAINTS LIMITED,1078.9,1104.2,1072.0,1091.0,1082.3,1078.9,,1091.04,,,37864,41190089.0,8429,F1,1,,,,,,Cash Only,Diversified,False,1115.5,1072.5,1078.9,1088.9666666666667,1094.0,1083.9333333333334,1094.0,1083.9333333333334,10.066666666666606,0.9330490932122166,Wide,Bearish,Inside CPR,1089.0666666666666,1088.1,1090.0333333333333,1090.0333333333333,1088.1,1.933333333333394,0.17720745493431658,Narrow,False,False,0.7333333333333333,60,59888320.25,False,False,Lower,True,Risk Off,False,None,38.30714285714287,1120.8,1064.9379999999999,0.26278824041270266,0.6877816714186437,False,True,No setup,0.0,None,None,0,No active J-Curve setup.,Neutral,0,Not applicable,No directional setup; confirmation score not applicable.,Wide CPR,Wide Consolidation,Watch,Wide CPR + close inside CPR; consolidation/range watch,0,2,0,2
2026-09-30,2026-09-30,CM,NSE,STK,764563,INE757C01021,ADDIND,EQ,,,,,ADDI INDUSTRIES LTD.,78.4,82.2,78.4,78.74,78.4,78.4,,79.23,,,378,29868.52,16,F1,1,,,,,,Cash Only,Diversified,False,82.0,76.99,78.4,79.13000000000001,79.495,78.76500000000001,79.495,78.76500000000001,0.7299999999999898,0.9311224489795787,Wide,Bearish,Below CPR,79.78000000000002,80.30000000000001,79.26000000000002,80.30000000000001,79.26000000000002,1.039999999999992,1.3208026416052732,Wide,False,False,0.7,30,37472.035,False,False,Higher,True,Risk Off,False,None,6.279285714285716,,,0.11625526106244857,0.7970882819681396,False,False,No setup,0.0,None,None,0,No active J-Curve setup.,Neutral,0,Not applicable,No directional setup; confirmation score not applicable.,Wide CPR,Wide Downside Watch,Watch,Wide CPR + close below CPR; trend aligned; participation light,0,0,0,0
2026-09-30,2026-09-30,CM,NSE,STK,13648,INE187D01029,TALBROAUTO,EQ,,,,,TALBROS AUTO. COMP. LTD,432.9,440.45,426.8,429.85,429.95,433.2,,429.78,,,126449,54642742.95,5220,F1,1,,,,,,Cash Only,Auto Ancillary,False,447.4,431.1,433.2,437.23333333333335,439.25,435.2166666666667,439.25,435.2166666666667,4.033333333333303,0.9310557094490542,Wide,Bearish,Below CPR,432.3666666666666,433.625,431.10833333333323,433.625,431.10833333333323,2.516666666666765,0.5854755534876737,Moderate,False,False,0.8833333333333333,60,65896492.55,False,False,Lower,True,Risk Off,False,None,21.957142857142852,422.01399999999995,395.124,0.18369117328128254,0.8292208103267251,True,True,No setup,0.0,None,None,0,No active J-Curve setup.,Neutral,0,Not applicable,No directional setup; confirmation score not applicable.,Wide CPR,Wide Downside Watch,Watch,Wide CPR + close below CPR; trend opposes; participation light,0,0,0,0
2026-09-30,2026-09-30,CM,NSE,STK,6908,INE270I01022,VISHNU,EQ,,,,,VISHNU CHEMICALS LIMITED,678.0,694.0,658.35,664.5,662.1,673.9,,664.52,,,96048,64550022.7,5267,F1,1,,,,,,Cash Only,Diversified,False,696.8,669.8,673.9,680.1666666666666,683.3,677.0333333333333,683.3,677.0333333333333,6.2666666666666515,0.9299104713854655,Wide,Bearish,Below CPR,672.2833333333333,676.175,668.3916666666667,676.175,668.3916666666667,7.783333333333303,1.1713067469275098,Wide,False,False,0.31666666666666665,60,54690479.025,False,False,Lower,True,Risk Off,False,None,23.43214285714286,652.428,627.235,0.2674389066707304,1.1802789781836256,True,True,No setup,0.0,None,None,0,No active J-Curve setup.,Neutral,0,Not applicable,No directional setup; confirmation score not applicable.,Wide CPR,Wide Downside Watch,Watch,Wide CPR + close below CPR; trend opposes; participation confirmed,0,0,0,0
2026-09-30,2026-09-30,CM,NSE,STK,12022,INE132H01018,AURIONPRO,EQ,,,,,AURIONPRO SOLN LTD,639.5,645.0,620.0,622.1,621.5,634.2,,622.13,,,128401,80811059.85,8530,F1,1,,,,,,Cash Only,Diversified,False,654.0,632.05,634.2,640.0833333333334,643.025,637.1416666666668,643.025,637.1416666666668,5.883333333333212,0.9276779144328621,Wide,Bearish,Below CPR,629.0333333333333,632.5,625.5666666666666,632.5,625.5666666666666,6.933333333333394,1.114504634838996,Wide,False,False,0.9666666666666667,60,88194611.42500001,False,False,Lower,True,Risk Off,False,None,23.942857142857147,713.9159999999999,770.526,0.24572394590293842,0.916281148522561,False,False,No setup,0.0,None,None,0,No active J-Curve setup.,Neutral,0,Not applicable,No directional setup; confirmation score not applicable.,Wide CPR,Wide Downside Watch,Watch,Wide CPR + close below CPR; trend aligned; participation light,0,0,0,0
2026-09-30,2026-09-30,CM,NSE,STK,25162,INE0KCE01017,EUREKAFORB,EQ,,,,,EUREKA FORBES LIMITED,361.95,371.0,357.5,361.0,363.3,362.95,,361.0,,,311340,112981794.1,12820,F1,1,,,,,,Cash Only,Diversified,False,365.8,350.0,362.95,359.5833333333333,357.9,361.26666666666665,361.26666666666665,357.9,3.3666666666666742,0.9275841484134659,Wide,Bullish,Inside CPR,363.1666666666667,364.25,362.08333333333337,364.25,362.08333333333337,2.1666666666666288,0.6001846722068224,Moderate,False,False,0.8166666666666667,60,58686241.175,False,False,Lower,True,Risk Off,False,None,12.374999999999988,422.155,443.606,0.27205387205387294,1.9251836859527747,False,False,No setup,0.0,None,None,0,No active J-Curve setup.,Neutral,0,Not applicable,No directional setup; confirmation score not applicable.,Wide CPR,Wide Consolidation,Watch,Wide CPR + close inside CPR; consolidation/range watch,0,0,0,0
2026-09-30,2026-09-30,CM,NSE,STK,357,INE298J01013,NAM-INDIA,EQ,,,,,NIPPON L I A M LTD,1077.0,1088.0,1062.0,1070.0,1070.0,1068.0,,1070.0,,,728404,781157541.4,47789,F1,1,,,,,,F&O + Cash,Financial Services,True,1097.7,1068.0,1068.0,1077.8999999999999,1082.85,1072.9499999999998,1082.85,1072.9499999999998,9.900000000000091,0.92696629213484,Wide,Bearish,Below CPR,1073.3333333333333,1075.0,1071.6666666666665,1075.0,1071.6666666666665,3.333333333333485,0.311526479750793,Moderate,False,False,1.0,60,1043089897.9,False,False,Lower,True,Risk Off,False,None,34.24285714285713,1171.36,1152.0040000000001,0.28911138923654844,0.7488880325393477,False,False,No setup,0.0,None,None,0,No active J-Curve setup.,Neutral,0,Not applicable,No directional setup; confirmation score not applicable.,Wide CPR,Wide Downside Watch,Watch,Wide CPR + close below CPR; trend aligned; participation light,0,0,0,0
2026-09-30,2026-09-30,CM,NSE,STK,7227,INE0BV301023,MAPMYINDIA,EQ,,,,,C.E. INFO SYSTEMS LIMITED,854.0,873.4,849.1,858.1,854.0,845.2,,858.16,,,121081,104173632.9,10248,F1,1,,,,,,Cash Only,Information Technology,True,873.9,840.0,845.2,853.0333333333334,856.95,849.1166666666668,856.95,849.1166666666668,7.8333333333332575,0.9268023347531067,Wide,Bearish,Above CPR,860.1999999999999,861.25,859.1499999999999,861.25,859.1499999999999,2.1000000000001364,0.24472672182730876,Narrow,False,False,0.7,60,222608925.25,False,False,Lower,True,Risk Off,False,None,32.564285714285695,998.087,965.6229999999999,0.24054982817869197,0.467967008883441,False,False,No setup,0.0,None,None,0,No active J-Curve setup.,Neutral,0,Not applicable,No directional setup; confirmation score not applicable.,Wide CPR,Wide Upside Watch,Watch,Wide CPR + close above CPR; trend opposes; participation light,0,0,0,0
2026-09-30,2026-09-30,CM,NSE,STK,14043,INE453D01025,SARLAPOLY,EQ,,,,,SARLA PERF. FIBERS LTD,96.86,99.23,93.5,93.96,93.5,95.67,,93.96,,,28986,2771655.38,632,F1,1,,,,,,Cash Only,Diversified,False,98.7,95.3,95.67,96.55666666666667,97.0,96.11333333333334,97.0,96.11333333333334,0.8866666666666561,0.9267969757151208,Wide,Bearish,Below CPR,95.56333333333333,96.36500000000001,94.76166666666666,96.36500000000001,94.76166666666666,1.603333333333353,1.706399886476536,Wide,False,False,0.8333333333333334,60,4324051.045,False,False,Lower,True,Risk Off,False,None,3.1285714285714286,100.16359999999999,99.4284,0.283409436834091,0.6409858142643642,False,False,No setup,0.0,None,None,0,No active J-Curve setup.,Neutral,0,Not applicable,No directional setup; confirmation score not applicable.,Wide CPR,Wide Downside Watch,Watch,Wide CPR + close below CPR; trend aligned; participation light,0,0,0,0
2026-09-30,2026-09-30,CM,NSE,STK,18863,INE188Y01031,VERTOZ,EQ,,,,,VERTOZ LIMITED,35.64,36.1,35.25,35.59,35.5,35.64,,35.59,,,25530,912502.74,334,F1,1,,,,,,Cash Only,Diversified,False,37.29,34.98,35.64,35.97,36.135,35.805,36.135,35.805,0.3299999999999983,0.9259259259259212,Wide,Bearish,Below CPR,35.64666666666667,35.675,35.61833333333334,35.675,35.61833333333334,0.05666666666665776,0.1592207548936717,Narrow,False,False,0.6833333333333333,60,2364622.31,False,False,Lower,True,Risk Off,False,None,2.0585714285714296,44.078799999999994,44.1176,0.16030534351144948,0.3858978815098805,False,False,No setup,0.0,None,None,0,No active J-Curve setup.,Neutral,0,Not applicable,No directional setup; confirmation score not applicable.,Wide CPR,Wide Downside Watch,Watch,Wide CPR + close below CPR; trend aligned; participation light,0,0,0,0
2026-09-30,2026-09-30,CM,NSE,STK,13870,INE529I01021,KUANTUM,EQ,,,,,KUANTUM PAPERS LIMITED,77.06,78.08,76.0,76.35,76.68,76.73,,76.36,,,68177,5251482.02,1262,F1,1,,,,,,Cash Only,Diversified,False,79.59,76.0,76.73,77.44,77.795,77.085,77.795,77.085,0.710000000000008,0.9253225596246683,Wide,Bearish,Below CPR,76.80999999999999,77.03999999999999,76.57999999999998,77.03999999999999,76.57999999999998,0.46000000000000796,0.6024885396201807,Moderate,False,False,0.9166666666666666,60,7932222.105,False,False,Lower,True,Risk Off,False,None,4.154285714285713,77.8132,77.1653,0.17090784044016702,0.6620442481924174,False,False,No setup,0.0,None,None,0,No active J-Curve setup.,Neutral,0,Not applicable,No directional setup; confirmation score not applicable.,Wide CPR,Wide Downside Watch,Watch,Wide CPR + close below CPR; trend aligned; participation light,0,0,0,0
2026-09-30,2026-09-30,CM,NSE,STK,11689,INE399C01030,SUPRAJIT,EQ,,,,,SUPRAJIT ENGINEERING LTD,495.0,495.0,479.0,481.2,479.8,492.1,,481.21,,,43215,20896126.6,4276,F1,1,,,,,,Cash Only,Diversified,False,495.0,475.55,492.1,487.55,485.275,489.82500000000005,489.82500000000005,485.275,4.550000000000068,0.9246088193456752,Wide,Bullish,Below CPR,485.06666666666666,487.0,483.1333333333333,487.0,483.1333333333333,3.8666666666666742,0.8035466888334736,Wide,False,False,0.08333333333333333,60,42546607.525000006,False,False,Outside,True,Risk Off,True,None,17.074999999999992,500.22,481.18800000000005,0.266471449487559,0.4911349650550076,False,True,No setup,0.0,None,None,0,No active J-Curve setup.,Neutral,0,Not applicable,No directional setup; confirmation score not applicable.,Wide CPR,Wide Downside Watch,Watch,Wide CPR + close below CPR; trend mixed; participation light,0,0,0,0
2026-09-30,2026-09-30,CM,NSE,STK,1797,INE01BK01022,AWHCL,EQ,,,,,ANTONY WASTE HDG CELL LTD,364.35,371.7,361.05,364.55,363.65,364.35,,364.53,,,68038,24815023.75,3602,F1,1,,,,,,Cash Only,Diversified,False,377.8,361.0,364.35,367.7166666666667,369.4,366.0333333333334,369.4,366.0333333333334,3.3666666666665606,0.9240199441928257,Wide,Bearish,Below CPR,365.76666666666665,366.375,365.1583333333333,366.375,365.1583333333333,1.216666666666697,0.3337447995245363,Moderate,False,False,0.8833333333333333,60,29579372.200000003,False,False,Lower,True,Risk Off,False,None,18.435714285714283,392.65,428.54299999999995,0.18261655689008854,0.8389300348301509,False,False,No setup,0.0,None,None,0,No active J-Curve setup.,Neutral,0,Not applicable,No directional setup; confirmation score not applicable.,Wide CPR,Wide Downside Watch,Watch,Wide CPR + close below CPR; trend aligned; participation light,0,0,-2,-2
2026-09-30,2026-09-30,CM,NSE,STK,18096,INE797F01020,JUBLFOOD,EQ,,,,,JUBILANT FOODWORKS LTD,463.4,466.25,451.1,456.7,456.7,463.0,,456.68,,,797358,363479414.55,27075,F1,1,,,,,,F&O + Cash,Consumer Services,True,478.55,460.2,463.0,467.25,469.375,465.125,469.375,465.125,4.25,0.9179265658747301,Wide,Bearish,Below CPR,458.01666666666665,458.675,457.3583333333333,458.675,457.3583333333333,1.3166666666667197,0.288300124078546,Moderate,False,False,0.36666666666666664,60,723560796.575,False,False,Lower,True,Risk Off,False,None,12.914285714285711,476.54900000000004,454.82099999999997,0.3290929203539824,0.5023481320029255,False,True,No setup,0.0,None,None,0,No active J-Curve setup.,Neutral,0,Not applicable,No directional setup; confirmation score not applicable.,Wide CPR,Wide Downside Watch,Watch,Wide CPR + close below CPR; trend mixed; participation light,0,0,0,0
2026-09-30,2026-09-30,CM,NSE,STK,4105,INE923A01015,SILINV,EQ,,,,,SIL INVESTMENTS LIMITED,435.0,444.9,431.0,431.45,431.0,436.6,,431.45,,,1394,605681.85,116,F1,1,,,,,,Cash Only,Diversified,False,453.0,432.2,436.6,440.6000000000001,442.6,438.60000000000014,442.6,438.60000000000014,3.9999999999998863,0.9161704076958054,Wide,Bearish,Below CPR,435.7833333333333,437.95,433.6166666666666,437.95,433.6166666666666,4.333333333333371,1.0043651253525023,Wide,False,False,0.5333333333333333,60,681267.8500000001,False,False,Lower,True,Risk Off,False,None,20.721428571428568,447.423,437.86699999999996,0.19303688383315554,0.8890509804623833,False,False,No setup,0.0,None,None,0,No active J-Curve setup.,Neutral,0,Not applicable,No directional setup; confirmation score not applicable.,Wide CPR,Wide Downside Watch,Watch,Wide CPR + close below CPR; trend aligned; participation light,0,0,0,0
2026-09-30,2026-09-30,CM,NSE,STK,10277,INE887E01022,NGLFINE,EQ,,,,,NGL FINE CHEM LIMITED,2893.9,2944.7,2823.1,2909.5,2900.0,2870.9,,2909.43,,,4054,11680472.2,947,F1,1,,,,,,Cash Only,Diversified,False,2948.0,2715.1,2870.9,2844.6666666666665,2831.55,2857.783333333333,2857.783333333333,2831.55,26.233333333332666,0.913766879143567,Wide,Bullish,Above CPR,2892.433333333333,2883.8999999999996,2900.9666666666662,2900.9666666666662,2883.8999999999996,17.066666666666606,0.5865841782665958,Moderate,False,False,0.9333333333333333,60,22809839.6,False,False,Lower,True,Risk Off,False,None,145.53571428571436,3011.762,2923.296,0.18025357873210165,0.5120804181367412,False,False,No setup,0.0,None,None,0,No active J-Curve setup.,Neutral,0,Not applicable,No directional setup; confirmation score not applicable.,Wide CPR,Wide Upside Watch,Watch,Wide CPR + close above CPR; trend opposes; participation light,0,0,0,0
2026-09-30,2026-09-30,CM,NSE,STK,22663,INE953L01027,JSFB,EQ,,,,,JANA SMALL FIN BANK LTD,506.0,509.0,486.0,489.3,489.0,503.7,,489.3,,,428503,212299789.2,15566,F1,1,,,,,,Cash Only,Diversified,False,506.65,486.95,503.7,499.09999999999997,496.79999999999995,501.4,501.4,496.79999999999995,4.600000000000023,0.9132420091324246,Wide,Bullish,Below CPR,494.76666666666665,497.5,492.0333333333333,497.5,492.0333333333333,5.466666666666697,1.1172423189590635,Wide,False,False,1.0,60,335772159.475,False,False,Lower,True,Risk Off,False,None,26.99285714285715,544.374,508.4625,0.1704154538237637,0.6322733532522276,False,False,No setup,0.0,None,None,0,No active J-Curve setup.,Neutral,0,Not applicable,No directional setup; confirmation score not applicable.,Wide CPR,Wide Downside Watch,Watch,Wide CPR + close below CPR; trend aligned; participation light,0,2,0,2
2026-09-30,2026-09-30,CM,NSE,STK,14672,INE048G01026,NAVINFLUOR,EQ,,,,,NAVIN FLUORINE INT. LTD,8334.0,8417.5,8200.5,8245.0,8216.5,8234.5,,8245.27,,,161189,1338802620.5,33933,F1,1,,,,,,Cash Only,Chemicals,True,8483.5,8211.0,8234.5,8309.666666666666,8347.25,8272.083333333332,8347.25,8272.083333333332,75.16666666666788,0.9128261177566078,Wide,Bearish,Below CPR,8287.666666666666,8309.0,8266.333333333332,8309.0,8266.333333333332,42.66666666666788,0.51748534465334,Moderate,False,False,0.5333333333333333,60,921562236.25,False,False,Lower,True,Risk Off,False,None,230.21428571428572,8230.49,7773.37,0.3265073947667857,1.452753344090818,True,True,No setup,0.0,None,None,0,No active J-Curve setup.,Neutral,0,Not applicable,No directional setup; confirmation score not applicable.,Wide CPR,Wide Downside Watch,Watch,Wide CPR + close below CPR; trend opposes; participation confirmed,0,0,0,0
2026-09-30,2026-09-30,CM,NSE,STK,7425,INE558R01013,HECPROJECT,EQ,,,,,HEC INFRA PROJECTS LTD,115.8,115.8,112.0,113.0,113.0,114.82,,113.0,,,385,44016.14,55,F1,1,,,,,,Cash Only,Diversified,False,116.0,110.5,114.82,113.77333333333333,113.25,114.29666666666665,114.29666666666665,113.25,1.0466666666666526,0.9115717354699989,Wide,Bullish,Below CPR,113.60000000000001,113.9,113.30000000000001,113.9,113.30000000000001,0.5999999999999943,0.5309734513274286,Moderate,False,False,0.5666666666666667,60,1251135.4100000001,False,False,Lower,True,Risk Off,False,None,4.941428571428573,124.5264,125.3856,0.21181458995855929,0.03518095615245995,False,False,No setup,0.0,None,None,0,No active J-Curve setup.,Neutral,0,Not applicable,No directional setup; confirmation score not applicable.,Wide CPR,Wide Downside Watch,Watch,Wide CPR + close below CPR; trend aligned; participation light,0,0,0,0
2026-09-30,2026-09-30,CM,NSE,STK,11343,INE00WC01027,AFFLE,EQ,,,,,AFFLE 3I LIMITED,1511.0,1547.0,1502.1,1511.0,1504.5,1501.0,,1511.0,,,216326,330593468.4,27747,F1,1,,,,,,Cash Only,Information Technology,True,1548.4,1494.5,1501.0,1514.6333333333332,1521.45,1507.8166666666664,1521.45,1507.8166666666664,13.633333333333667,0.9082833666444814,Wide,Bearish,Inside CPR,1520.0333333333335,1524.55,1515.516666666667,1524.55,1515.516666666667,9.033333333332848,0.5978380763291097,Moderate,False,False,0.5,60,246107540.15,False,False,Lower,True,Risk Off,False,None,43.314285714285724,1609.964,1544.61,0.31475373790677985,1.343288662340482,False,False,No setup,0.0,None,None,0,No active J-Curve setup.,Neutral,0,Not applicable,No directional setup; confirmation score not applicable.,Wide CPR,Wide Consolidation,Watch,Wide CPR + close inside CPR; consolidation/range watch,0,0,0,0
2026-09-30,2026-09-30,CM,NSE,STK,399,INE470Y01017,NIACL,EQ,,,,,THE NEW INDIA ASSU CO LTD,167.91,169.29,165.7,167.02,166.1,168.29,,167.02,,,1160229,194167089.23,19623,F1,1,,,,,,Cash Only,Financial Services,True,171.95,160.05,168.29,166.76333333333332,166.0,167.52666666666664,167.52666666666664,166.0,1.5266666666666424,0.9071642204923897,Wide,Bullish,Inside CPR,167.33666666666667,167.495,167.17833333333334,167.495,167.17833333333334,0.3166666666666629,0.18959805212948322,Narrow,False,False,0.8833333333333333,60,279123201.96000004,False,False,Lower,True,Risk Off,False,None,9.668571428571425,184.4554,177.3443,0.1578999211977911,0.6956322078084546,False,False,No setup,0.0,None,None,0,No active J-Curve setup.,Neutral,0,Not applicable,No directional setup; confirmation score not applicable.,Wide CPR,Wide Consolidation,Watch,Wide CPR + close inside CPR; consolidation/range watch,0,0,0,0
2026-09-30,2026-09-30,CM,NSE,STK,765426,INE1KZI01025,TEMPSENS,EQ,,,,,TEMPSENS INST (INDIA) LTD,529.65,537.95,523.0,526.75,524.85,529.3,,526.74,,,700380,370850692.5,23413,F1,1,,,,,,Cash Only,Diversified,False,549.0,524.0,529.3,534.1,536.5,531.7,536.5,531.7,4.7999999999999545,0.9068581144908284,Wide,Bearish,Below CPR,529.2333333333333,530.475,527.9916666666667,530.475,527.9916666666667,2.4833333333333485,0.4714443917101753,Moderate,False,False,0.045454545454545456,22,1455907755.25,True,True,Outside,True,Risk Off,True,None,32.564285714285695,,,0.1474007457775815,0.2547212837919939,False,False,No setup,0.0,None,None,0,No active J-Curve setup.,Neutral,0,Not applicable,No directional setup; confirmation score not applicable.,Wide CPR,Wide Downside Watch,Watch,Wide CPR + close below CPR; trend aligned; participation light,0,0,0,0
2026-09-30,2026-09-30,CM,NSE,STK,2610,INE844A01013,PEARLPOLY,EQ,,,,,PEARL POLYMERS LTD,17.63,17.76,17.09,17.75,17.75,16.92,,17.82,,,7471,131101.65,65,F1,1,,,,,,Cash Only,Diversified,False,17.5,16.8,16.92,17.073333333333334,17.15,16.99666666666667,17.15,16.99666666666667,0.15333333333332888,0.9062253743104542,Wide,Bearish,Above CPR,17.533333333333335,17.425,17.64166666666667,17.64166666666667,17.425,0.21666666666666856,1.220657276995316,Wide,False,False,0.2833333333333333,60,212309.05,True,True,Lower,True,Risk Off,False,None,0.8135714285714285,16.6718,17.610799999999998,0.18846941761778793,0.61750382284693,True,True,No setup,0.0,None,None,0,No active J-Curve setup.,Neutral,0,Not applicable,No directional setup; confirmation score not applicable.,Wide CPR,Wide Upside Watch,Watch,Wide CPR + close above CPR; trend aligned; participation light,0,0,0,0
2026-09-30,2026-09-30,CM,NSE,STK,765568,INE0I1B01016,PERNIASPOP,EQ,,,,,PURPLE STYLE LABS LIMITED,527.0,556.0,526.95,547.9,544.5,530.75,,547.82,,,97340,52693060.95,5019,F1,1,,,,,,Cash Only,Diversified,False,534.9,512.2,530.75,525.9499999999999,523.55,528.3499999999999,528.3499999999999,523.55,4.7999999999999545,0.9043805934997559,Wide,Bullish,Above CPR,543.6166666666667,541.475,545.7583333333333,545.7583333333333,541.475,4.283333333333303,0.7817728295917691,Wide,False,False,0.5625,16,104699237.25,False,False,Overlapping,False,Risk Off,False,None,30.78571428571427,,,0.15591647331786404,0.5032802753297996,False,False,No setup,0.0,None,None,0,No active J-Curve setup.,Neutral,0,Not applicable,No directional setup; confirmation score not applicable.,Wide CPR,Wide Upside Watch,Watch,Wide CPR + close above CPR; trend opposes; participation light,0,0,0,0
2026-09-30,2026-09-30,CM,NSE,STK,8024,INE039B01026,CINEVISTA,EQ,,,,,CINEVISTA LIMITED,13.75,13.99,13.65,13.83,13.65,13.64,,13.83,,,5653,78212.46,73,F1,1,,,,,,Cash Only,Diversified,False,14.25,13.4,13.64,13.763333333333334,13.825,13.701666666666668,13.825,13.701666666666668,0.1233333333333313,0.9042033235581473,Wide,Bearish,Above CPR,13.823333333333332,13.82,13.826666666666664,13.826666666666664,13.82,0.006666666666664156,0.048204386599162374,Narrow,False,False,0.6333333333333333,60,148730.62,False,False,Lower,True,Risk Off,False,None,0.9092857142857144,14.518600000000001,15.118500000000001,0.1356376014663502,0.5258665633209894,False,False,No setup,0.0,None,None,0,No active J-Curve setup.,Neutral,0,Not applicable,No directional setup; confirmation score not applicable.,Wide CPR,Wide Upside Watch,Watch,Wide CPR + close above CPR; trend opposes; participation light,0,0,0,0
2026-09-30,2026-09-30,CM,NSE,STK,9378,INE615R01029,TRU,EQ,,,,,TRUCAP FINANCE LIMITED,4.02,4.16,4.02,4.1,4.16,4.06,,4.1,,,25979,106128.48,83,F1,1,,,,,,Cash Only,Diversified,False,4.18,4.05,4.06,4.096666666666667,4.115,4.078333333333333,4.115,4.078333333333333,0.03666666666666707,0.90311986863712,Wide,Bearish,Inside CPR,4.093333333333333,4.09,4.096666666666666,4.096666666666666,4.09,0.0066666666666659324,0.16260162601624228,Narrow,False,False,0.6166666666666667,60,478883.615,False,False,Lower,True,Risk Off,False,None,0.30571428571428577,4.335,5.0056,0.11993769470405113,0.22161643596847638,False,False,No setup,0.0,None,None,0,No active J-Curve setup.,Neutral,0,Not applicable,No directional setup; confirmation score not applicable.,Wide CPR,Wide Consolidation,Watch,Wide CPR + close inside CPR; consolidation/range watch,0,0,0,0
2026-09-30,2026-09-30,CM,NSE,STK,11927,INE023H01027,NECLIFE,EQ,,,,,NECTAR LIFESCIENCES LTD.,10.7,10.95,10.3,10.5,10.63,10.71,,10.5,,,126810,1343280.52,416,F1,1,,,,,,Cash Only,Diversified,False,11.08,10.63,10.71,10.806666666666667,10.855,10.758333333333333,10.855,10.758333333333333,0.09666666666666757,0.9025832555244404,Wide,Bearish,Below CPR,10.583333333333334,10.625,10.541666666666668,10.625,10.541666666666668,0.08333333333333215,0.7936507936507823,Wide,False,False,0.6166666666666667,60,3368335.46,False,False,Outside,True,Risk Off,False,None,0.49214285714285694,11.8518,12.588199999999999,0.1964199322689908,0.39879653791965247,False,False,No setup,0.0,None,None,0,No active J-Curve setup.,Neutral,0,Not applicable,No directional setup; confirmation score not applicable.,Wide CPR,Wide Downside Watch,Watch,Wide CPR + close below CPR; trend aligned; participation light,0,0,0,0
2026-09-30,2026-09-30,CM,NSE,STK,1164,INE619B01017,NEWGEN,EQ,,,,,NEWGEN SOFTWARE TECH LTD,474.9,481.2,465.55,467.85,467.0,473.0,,467.86,,,443488,210449391.15,19998,F1,1,,,,,,Cash Only,Information Technology,True,493.4,465.4,473.0,477.26666666666665,479.4,475.1333333333333,479.4,475.1333333333333,4.2666666666666515,0.9020436927413641,Wide,Bearish,Below CPR,471.5333333333333,473.375,469.6916666666666,473.375,469.6916666666666,3.683333333333394,0.7872893733746701,Wide,False,False,0.7166666666666667,60,443956733.5,False,False,Lower,True,Risk Off,False,None,15.503571428571421,523.591,503.1675,0.27520540582047065,0.47403130816575395,False,False,No setup,0.0,None,None,0,No active J-Curve setup.,Neutral,0,Not applicable,No directional setup; confirmation score not applicable.,Wide CPR,Wide Downside Watch,Watch,Wide CPR + close below CPR; trend aligned; participation light,0,0,0,0
2026-09-30,2026-09-30,CM,NSE,STK,764116,INE0ISX01025,KUSUMGAR,EQ,,,,,KUSUMGAR LIMITED,608.6,616.95,597.0,600.95,602.25,606.25,,600.95,,,82582,49943000.6,6051,F1,1,,,,,,Cash Only,Diversified,False,628.85,600.05,606.25,611.7166666666667,614.45,608.9833333333333,614.45,608.9833333333333,5.466666666666697,0.9017182130584241,Wide,Bearish,Below CPR,604.9666666666667,606.975,602.9583333333334,606.975,602.9583333333334,4.0166666666666515,0.6683861663477246,Moderate,False,False,0.2962962962962963,54,244978923.02499998,False,False,Lower,True,Risk Off,False,None,24.271428571428594,592.154,,0.22523052776142932,0.2038665203655228,True,False,No setup,0.0,None,None,0,No active J-Curve setup.,Neutral,0,Not applicable,No directional setup; confirmation score not applicable.,Wide CPR,Wide Downside Watch,Watch,Wide CPR + close below CPR; trend mixed; participation light,0,0,0,0
2026-09-30,2026-09-30,CM,NSE,STK,7374,INE939A01011,STAR,EQ,,,,,STRIDES PHARMA SCI LTD,1167.0,1174.5,1110.0,1120.0,1110.3,1172.6,,1119.73,,,447494,506091852.2,40952,F1,1,,,,,,Cash Only,Diversified,False,1182.5,1131.0,1172.6,1162.0333333333333,1156.75,1167.3166666666666,1167.3166666666666,1156.75,10.566666666666606,0.9011313889362618,Wide,Bullish,Below CPR,1134.8333333333333,1142.25,1127.4166666666665,1142.25,1127.4166666666665,14.833333333333485,1.3244047619047754,Wide,False,False,0.7833333333333333,60,215850122.45,False,False,Lower,True,Risk Off,False,None,47.19285714285714,1069.732,1085.158,0.22390394026537383,2.3446447305918587,True,True,No setup,0.0,None,None,0,No active J-Curve setup.,Neutral,0,Not applicable,No directional setup; confirmation score not applicable.,Wide CPR,Wide Downside Watch,Watch,Wide CPR + close below CPR; trend opposes; participation confirmed,0,0,0,0
2026-09-30,2026-09-30,CM,NSE,STK,9867,INE747B01016,NEXTMEDIA,EQ,,,,,NEXT MEDIAWORKS LIMITED,3.78,3.78,3.64,3.73,3.75,3.7,,3.73,,,7958,29510.78,40,F1,1,,,,,,Cash Only,Media & Entertainment,False,3.76,3.54,3.7,3.6666666666666665,3.65,3.683333333333333,3.683333333333333,3.65,0.033333333333333215,0.9009009009008976,Wide,Bullish,Above CPR,3.716666666666667,3.71,3.7233333333333336,3.7233333333333336,3.71,0.013333333333333641,0.35746201966041935,Moderate,False,False,0.08333333333333333,60,37020.075,True,False,Lower,True,Risk Off,True,None,0.18785714285714286,3.8972,3.9476,0.1774397972116597,0.7971561375821092,False,False,No setup,0.0,None,None,0,No active J-Curve setup.,Neutral,0,Not applicable,No directional setup; confirmation score not applicable.,Wide CPR,Wide Upside Watch,Watch,Wide CPR + close above CPR; trend opposes; participation light,0,0,0,0
2026-09-30,2026-09-30,CM,NSE,STK,17187,INE055S01018,CYIENTDLM,EQ,,,,,CYIENT DLM LIMITED,921.0,928.25,905.35,914.1,915.0,921.15,,914.12,,,203064,185729887.05,17880,F1,1,,,,,,Cash Only,Diversified,False,932.0,885.45,921.15,912.8666666666667,908.725,917.0083333333333,917.0083333333333,908.725,8.283333333333303,0.8992382710018242,Wide,Bullish,Inside CPR,915.9,916.8,915.0,916.8,915.0,1.7999999999999545,0.1969149983590367,Narrow,False,False,0.48333333333333334,60,428437553.675,False,False,Lower,True,Risk Off,False,None,50.05714285714286,787.9420000000001,627.77,0.1654775494672749,0.43350515251725386,True,True,No setup,0.0,None,None,0,No active J-Curve setup.,Neutral,0,Not applicable,No directional setup; confirmation score not applicable.,Wide CPR,Wide Consolidation,Watch,Wide CPR + close inside CPR; consolidation/range watch,0,0,0,0
2026-09-30,2026-09-30,CM,NSE,STK,28764,INE037Z01029,CEWATER,EQ,,,,,CONCORD ENVIRO SYSTEMS L,259.25,267.4,257.05,259.6,259.7,259.6,,259.58,,,28177,7352577.6,1759,F1,1,,,,,,Cash Only,Diversified,False,261.95,250.25,259.6,257.2666666666667,256.1,258.4333333333334,258.4333333333334,256.1,2.3333333333333712,0.8988186954288794,Wide,Bullish,Above CPR,261.35,262.225,260.475,262.225,260.475,1.75,0.6741140215716486,Moderate,False,False,0.9666666666666667,60,25405976.5,False,False,Lower,True,Risk Off,False,None,13.982142857142852,274.38199999999995,288.317,0.16687952320136504,0.2894034637873494,False,False,No setup,0.0,None,None,0,No active J-Curve setup.,Neutral,0,Not applicable,No directional setup; confirmation score not applicable.,Wide CPR,Wide Upside Watch,Watch,Wide CPR + close above CPR; trend opposes; participation light,0,0,0,0
2026-09-30,2026-09-30,CM,NSE,STK,18250,INE0MIS01010,PYRAMID,EQ,,,,,PYRAMID TECHNOPLAST LTD,156.54,162.9,154.98,156.01,155.21,156.54,,156.01,,,21871,3417849.35,552,F1,1,,,,,,Cash Only,Diversified,False,162.24,155.05,156.54,157.94333333333336,158.645,157.2416666666667,158.645,157.2416666666667,1.4033333333333076,0.8964694859673614,Wide,Bearish,Below CPR,157.96333333333334,158.94,156.98666666666668,158.94,156.98666666666668,1.953333333333319,1.2520564921051978,Wide,False,False,0.4166666666666667,60,6272836.63,False,False,Lower,True,Risk Off,False,None,5.595714285714282,164.43920000000003,166.11640000000003,0.25078716704960835,0.5448650350072962,False,False,No setup,0.0,None,None,0,No active J-Curve setup.,Neutral,0,Not applicable,No directional setup; confirmation score not applicable.,Wide CPR,Wide Downside Watch,Watch,Wide CPR + close below CPR; trend aligned; participation light,0,0,-2,-2
2026-09-30,2026-09-30,CM,NSE,STK,30108,INE647O01011,ABFRL,EQ,,,,,ADITYA BIRLA FASHION & RT,46.6,47.29,45.97,46.32,46.2,46.24,,46.32,,,3805401,177944824.7,16117,F1,1,,,,,,Cash Only,Consumer Services,True,47.72,46.0,46.24,46.653333333333336,46.86,46.44666666666667,46.86,46.44666666666667,0.4133333333333269,0.8938869665513124,Wide,Bearish,Below CPR,46.526666666666664,46.629999999999995,46.42333333333333,46.629999999999995,46.42333333333333,0.20666666666666345,0.44617156016119053,Moderate,False,False,0.9166666666666666,60,185969887.55,False,False,Lower,True,Risk Off,False,None,1.3335714285714313,54.32,57.8358,0.3099446527405766,0.9568475146394742,False,False,No setup,0.0,None,None,0,No active J-Curve setup.,Neutral,0,Not applicable,No directional setup; confirmation score not applicable.,Wide CPR,Wide Downside Watch,Watch,Wide CPR + close below CPR; trend aligned; participation light,0,0,0,0
2026-09-30,2026-09-30,CM,NSE,STK,6943,INE144Z01023,TARSONS,EQ,,,,,TARSONS PRODUCTS LIMITED,330.35,334.0,319.95,320.3,320.0,330.35,,320.31,,,121512,39718551.65,3963,F1,1,,,,,,Cash Only,Diversified,False,342.0,327.55,330.35,333.3,334.775,331.82500000000005,334.775,331.82500000000005,2.949999999999932,0.8929922809141613,Wide,Bearish,Below CPR,324.75,326.975,322.525,326.975,322.525,4.4500000000000455,1.3893225101467515,Wide,False,False,0.43333333333333335,60,41669400.35,False,False,Overlapping,True,Risk Off,False,None,17.446428571428562,326.156,284.9437,0.16908904810644448,0.953182702807961,False,True,No setup,0.0,None,None,0,No active J-Curve setup.,Neutral,0,Not applicable,No directional setup; confirmation score not applicable.,Wide CPR,Wide Downside Watch,Watch,Wide CPR + close below CPR; trend mixed; participation light,0,0,0,0
2026-09-30,2026-09-30,CM,NSE,STK,14361,INE126J01016,APOLLOPIPE,EQ,,,,,APOLLO PIPES LIMITED,516.9,525.0,505.0,507.85,505.2,513.7,,507.85,,,166142,85730459.1,3931,F1,1,,,,,,Cash Only,Building Materials,False,530.0,511.1,513.7,518.2666666666667,520.55,515.9833333333333,520.55,515.9833333333333,4.566666666666606,0.88897540717668,Wide,Bearish,Below CPR,512.6166666666667,515.0,510.23333333333335,515.0,510.23333333333335,4.7666666666666515,0.9385973548619969,Wide,False,False,0.65,60,105998856.57499999,False,False,Higher,True,Risk Off,False,None,22.578571428571426,548.135,521.3785,0.20225666983021984,0.8087866404421166,False,False,No setup,0.0,None,None,0,No active J-Curve setup.,Neutral,0,Not applicable,No directional setup; confirmation score not applicable.,Wide CPR,Wide Downside Watch,Watch,Wide CPR + close below CPR; trend aligned; participation light,0,0,0,0
2026-09-30,2026-09-30,CM,NSE,STK,760125,INE0HF201011,FABTECH,EQ,,,,,FABTECH TECHNOLOGIES LTD,147.47,148.99,143.95,145.04,145.0,147.47,,145.04,,,43962,6382091.77,722,F1,1,,,,,,Cash Only,Information Technology,False,148.4,142.61,147.47,146.16,145.505,146.815,146.815,145.505,1.3100000000000023,0.8883162677154691,Wide,Bullish,Below CPR,145.99333333333334,146.47,145.51666666666668,146.47,145.51666666666668,0.9533333333333189,0.6572899430042188,Moderate,False,False,0.95,60,11978064.175,False,False,Overlapping,True,Risk Off,False,None,4.13428571428571,147.7814,151.59640000000002,0.3168624740843133,0.5328149588078158,False,False,No setup,0.0,None,None,0,No active J-Curve setup.,Neutral,0,Not applicable,No directional setup; confirmation score not applicable.,Wide CPR,Wide Downside Watch,Watch,Wide CPR + close below CPR; trend aligned; participation light,0,0,0,0
2026-09-30,2026-09-30,CM,NSE,STK,9014,INE294Z01018,ANUP,EQ,,,,,THE ANUP ENGINEERING LTD,1605.3,1635.0,1590.1,1596.3,1591.0,1591.2,,1595.99,,,11751,18936850.9,2443,F1,1,,,,,,Cash Only,Diversified,False,1644.8,1580.0,1591.2,1605.3333333333333,1612.4,1598.2666666666664,1612.4,1598.2666666666664,14.133333333333667,0.8882185352773797,Wide,Bearish,Below CPR,1607.1333333333332,1612.55,1601.7166666666665,1612.55,1601.7166666666665,10.833333333333485,0.6786527177431237,Moderate,False,False,0.8833333333333333,60,38071935.2,False,False,Lower,True,Risk Off,False,None,60.39285714285719,1854.394,1964.995,0.23402326039819182,0.4973965941190191,False,False,No setup,0.0,None,None,0,No active J-Curve setup.,Neutral,0,Not applicable,No directional setup; confirmation score not applicable.,Wide CPR,Wide Downside Watch,Watch,Wide CPR + close below CPR; trend aligned; participation light,0,0,0,0
2026-09-30,2026-09-30,CM,NSE,STK,766056,INE590T01012,KARAMTARA,EQ,,,,,KARAMTARA ENGINEERING L,364.0,395.35,361.35,395.35,395.35,359.45,,395.59,,,5878325,2267892422.95,69256,F1,1,,,,,,Cash Only,Diversified,False,363.0,346.35,359.45,356.26666666666665,354.675,357.8583333333333,357.8583333333333,354.675,3.1833333333332803,0.8856122780173266,Wide,Bullish,Above CPR,384.0166666666667,378.35,389.6833333333334,389.6833333333334,378.35,11.333333333333371,2.8666582353189254,Wide,False,False,0.25,9,2110312055.1,False,False,Lower,False,Risk Off,False,Bullish Virgin,,,,,1.0746715953544286,False,False,No setup,0.0,None,None,0,No active J-Curve setup.,Neutral,0,Not applicable,No directional setup; confirmation score not applicable.,Wide CPR,Wide Upside Watch,Watch,Wide CPR + close above CPR; trend opposes; participation confirmed,0,0,0,0
2026-09-30,2026-09-30,CM,NSE,STK,765053,INE716D01033,CRSL,BE,,,,,CRESSANDA RAILWAY SOLUT L,2.3,2.3,2.19,2.22,2.21,2.26,,2.22,,,200889,450074.28,524,F1,1,,,,,,Cash Only,Diversified,False,2.34,2.24,2.26,2.28,2.29,2.2699999999999996,2.29,2.2699999999999996,0.020000000000000462,0.8849557522124099,Wide,Bearish,Below CPR,2.236666666666667,2.245,2.2283333333333335,2.245,2.2283333333333335,0.016666666666666607,0.750750750750748,Wide,False,False,0.7037037037037037,27,877870.98,False,False,Lower,True,Risk Off,False,None,0.1514285714285714,,,0.13207547169811626,0.5126884135069598,False,False,No setup,0.0,None,None,0,No active J-Curve setup.,Neutral,0,Not applicable,No directional setup; confirmation score not applicable.,Wide CPR,Wide Downside Watch,Watch,Wide CPR + close below CPR; trend aligned; participation light,0,0,0,0
2026-09-30,2026-09-30,CM,NSE,STK,5688,INE731A01020,ARCHIES,EQ,,,,,ARCHIES LTD,12.73,12.73,12.33,12.39,12.39,12.43,,12.39,,,7581,94465.02,81,F1,1,,,,,,Cash Only,Diversified,False,12.85,12.34,12.43,12.54,12.594999999999999,12.485,12.594999999999999,12.485,0.10999999999999943,0.8849557522123849,Wide,Bearish,Below CPR,12.483333333333334,12.530000000000001,12.436666666666667,12.530000000000001,12.436666666666667,0.09333333333333371,0.7532956685499088,Wide,False,False,0.4666666666666667,60,146971.09000000003,False,False,Inside,True,Risk Off,False,None,0.7014285714285714,13.3352,13.8617,0.15682281059063055,0.6427455903062296,False,False,No setup,0.0,None,None,0,No active J-Curve setup.,Neutral,0,Not applicable,No directional setup; confirmation score not applicable.,Wide CPR,Wide Downside Watch,Watch,Wide CPR + close below CPR; trend aligned; participation light,0,0,0,0
2026-09-30,2026-09-30,CM,NSE,STK,18417,INE0N2P01017,RISHABH,EQ,,,,,RISHABH INSTRUMENTS LTD,723.9,729.7,695.0,703.0,701.0,723.85,,702.93,,,122457,86628131.4,7461,F1,1,,,,,,Cash Only,Diversified,False,728.85,699.65,723.85,717.4499999999999,714.25,720.6499999999999,720.6499999999999,714.25,6.399999999999864,0.884161083097308,Wide,Bullish,Below CPR,709.2333333333332,712.35,706.1166666666664,712.35,706.1166666666664,6.233333333333576,0.8866761498340792,Wide,False,False,0.25,60,134134704.525,False,False,Higher,True,Risk Off,True,None,41.02142857142858,697.933,631.6329999999999,0.1560160195019991,0.6458293676253953,True,True,No setup,0.0,None,None,0,No active J-Curve setup.,Neutral,0,Not applicable,No directional setup; confirmation score not applicable.,Wide CPR,Wide Downside Watch,Watch,Wide CPR + close below CPR; trend opposes; participation light,0,0,0,0
2026-09-30,2026-09-30,CM,NSE,STK,759169,INE0JYY01029,MWL,EQ,,,,,MANGALAM WORLDWIDE LTD,43.6,43.95,42.9,43.38,43.13,43.4,,43.38,,,283085,12285227.79,1752,F1,1,,,,,,Cash Only,Diversified,False,44.89,43.06,43.4,43.78333333333333,43.975,43.59166666666666,43.975,43.59166666666666,0.38333333333333997,0.8832565284178341,Wide,Bearish,Below CPR,43.41,43.425,43.394999999999996,43.425,43.394999999999996,0.030000000000001137,0.06915629322268588,Narrow,False,False,0.38333333333333336,60,14613057.04,True,True,Higher,True,Risk Off,False,None,3.106428571428571,39.9568,182.2709,0.1234000153291966,0.8407021033567388,True,False,No setup,0.0,None,None,0,No active J-Curve setup.,Neutral,0,Not applicable,No directional setup; confirmation score not applicable.,Wide CPR,Wide Downside Watch,Watch,Wide CPR + close below CPR; trend mixed; participation light,0,0,0,0
2026-09-30,2026-09-30,CM,NSE,STK,16723,INE326B01035,ALMONDZ,BE,,,,,ALMONDZ GLOBAL SEC LTD,20.5,20.5,19.5,20.0,20.0,20.06,,20.0,,,279934,5618425.18,484,F1,1,,,,,,Cash Only,Diversified,False,20.61,20.04,20.06,20.236666666666665,20.325,20.14833333333333,20.325,20.14833333333333,0.17666666666666941,0.8806912595546831,Wide,Bearish,Below CPR,20.0,20.0,20.0,20.0,20.0,0.0,0.0,Narrow,False,False,0.5166666666666667,60,2414419.77,False,False,Lower,True,Risk Off,False,None,1.4057142857142861,16.128,14.9327,0.12567750677506967,2.3270291478768,True,True,No setup,0.0,None,None,0,No active J-Curve setup.,Neutral,0,Not applicable,No directional setup; confirmation score not applicable.,Wide CPR,Wide Downside Watch,Watch,Wide CPR + close below CPR; trend opposes; participation confirmed,0,0,0,0
2026-09-30,2026-09-30,CM,NSE,STK,4421,INE741K01010,CREDITACC,EQ,,,,,CREDITACCESS GRAMEEN LTD,1220.2,1278.8,1220.2,1272.0,1262.5,1216.3,,1272.07,,,364278,458077385.4,52861,F1,1,,,,,,Cash Only,Financial Services,True,1255.6,1209.1,1216.3,1227.0,1232.35,1221.65,1232.35,1221.65,10.699999999999818,0.8797171750390379,Wide,Bearish,Above CPR,1257.0,1249.5,1264.5,1264.5,1249.5,15.0,1.179245283018868,Wide,False,False,0.9666666666666667,60,351185734.7,False,False,Lower,True,Risk Off,False,None,39.028571428571404,1460.7880000000002,1428.432,0.27415812591507605,1.3043735554672005,False,False,No setup,0.0,None,None,0,No active J-Curve setup.,Neutral,0,Not applicable,No directional setup; confirmation score not applicable.,Wide CPR,Wide Upside Watch,Watch,Wide CPR + close above CPR; trend opposes; participation confirmed,0,0,0,0
2026-09-30,2026-09-30,CM,NSE,STK,2124,INE759A01021,MASTEK,EQ,,,,,MASTEK LTD,1515.0,1583.8,1514.6,1562.8,1563.0,1523.4,,1562.81,,,139740,217124084.3,15444,F1,1,,,,,,Cash Only,Information Technology,False,1569.0,1518.0,1523.4,1536.8,1543.5,1530.1,1543.5,1530.1,13.400000000000091,0.8796113955625634,Wide,Bearish,Above CPR,1553.7333333333333,1549.1999999999998,1558.2666666666669,1558.2666666666669,1549.1999999999998,9.06666666666706,0.580155276853536,Moderate,False,False,0.3,60,155724444.0,False,False,Lower,True,Risk Off,False,None,50.56428571428574,1722.7120000000002,1678.7019999999998,0.26500918208786717,1.3942838948264282,False,False,No setup,0.0,None,None,0,No active J-Curve setup.,Neutral,0,Not applicable,No directional setup; confirmation score not applicable.,Wide CPR,Wide Upside Watch,Watch,Wide CPR + close above CPR; trend opposes; participation confirmed,0,0,0,0
2026-09-30,2026-09-30,CM,NSE,STK,822,INE862Y01015,BANKA,EQ,,,,,BANKA BIOLOO LIMITED,70.52,72.0,70.0,70.0,70.0,70.52,,70.0,,,918,64848.23,25,F1,1,,,,,,Cash Only,Financial Services,False,72.4,70.5,70.52,71.14,71.45,70.83,71.45,70.83,0.6200000000000045,0.879183210436762,Wide,Bearish,Below CPR,70.66666666666667,71.0,70.33333333333334,71.0,70.33333333333334,0.6666666666666572,0.9523809523809388,Wide,False,False,0.26666666666666666,60,299848.645,False,False,Lower,True,Risk Off,False,None,3.5242857142857136,72.8116,65.4927,0.17592217267936897,0.21626987842482998,False,True,No setup,0.0,None,None,0,No active J-Curve setup.,Neutral,0,Not applicable,No directional setup; confirmation score not applicable.,Wide CPR,Wide Downside Watch,Watch,Wide CPR + close below CPR; trend mixed; participation light,0,0,0,0
2026-09-30,2026-09-30,CM,NSE,STK,6858,INE506Z01015,DHRUV,EQ,,,,,DHRUV CONSULTANCY SER LTD,20.87,21.89,19.96,20.08,20.1,20.89,,20.07,,,8040,163311.13,105,F1,1,,,,,,Cash Only,Diversified,False,20.9,20.33,20.89,20.706666666666667,20.615,20.798333333333336,20.798333333333336,20.615,0.18333333333333712,0.8776128929312451,Wide,Bullish,Below CPR,20.643333333333334,20.925,20.361666666666668,20.925,20.361666666666668,0.5633333333333326,2.8054448871181905,Wide,False,False,0.06666666666666667,60,238318.255,True,True,Lower,True,Risk Off,True,None,1.4528571428571428,26.483600000000003,28.7008,0.12618813503769516,0.6852648782612142,False,False,No setup,0.0,None,None,0,No active J-Curve setup.,Neutral,0,Not applicable,No directional setup; confirmation score not applicable.,Wide CPR,Wide Downside Watch,Watch,Wide CPR + close below CPR; trend aligned; participation light,0,0,0,0
2026-09-30,2026-09-30,CM,NSE,STK,15193,INE661I01014,BGRENERGY,BE,,,,,BGR ENERGY SYSTEMS LTD,242.13,242.13,242.13,242.13,242.13,254.87,,241.18,,,35590,8617406.7,278,F1,1,,,,,,Cash Only,Diversified,False,261.58,254.87,254.87,257.1066666666667,258.225,255.98833333333334,258.225,255.98833333333334,2.236666666666679,0.8775715724356256,Wide,Bearish,Below CPR,242.13,242.13,242.13,242.13,242.13,0.0,0.0,Narrow,False,False,0.8979591836734694,49,21228598.45,False,False,Higher,True,Risk Off,False,Bearish Virgin,13.864999999999997,,,0.16131746604159244,0.4059338500512265,False,False,No setup,0.0,None,None,0,No active J-Curve setup.,Neutral,0,Not applicable,No directional setup; confirmation score not applicable.,Wide CPR,Wide Downside Watch,Watch,Wide CPR + close below CPR; trend aligned; participation light,0,0,0,0
2026-09-30,2026-09-30,CM,NSE,STK,7929,INE010B01027,ZYDUSLIFE,EQ,,,,,ZYDUS LIFESCIENCES LTD,1204.8,1210.5,1149.1,1162.0,1162.0,1200.5,,1162.0,,,1614233,1881255158.5,68813,F1,1,,,,,,F&O + Cash,Healthcare,True,1232.1,1200.5,1200.5,1211.0333333333333,1216.3,1205.7666666666667,1216.3,1205.7666666666667,10.533333333333303,0.8774121893655396,Wide,Bearish,Below CPR,1173.8666666666666,1179.8,1167.9333333333332,1179.8,1167.9333333333332,11.866666666666788,1.0212277682157305,Wide,False,False,0.016666666666666666,60,1240373323.25,True,True,Higher,True,Risk Off,True,None,27.864285714285725,1140.424,1111.3745,0.37802272921473,1.5166846329545165,True,True,No setup,0.0,None,None,0,No active J-Curve setup.,Neutral,0,Not applicable,No directional setup; confirmation score not applicable.,Wide CPR,Wide Downside Watch,Watch,Wide CPR + close below CPR; trend opposes; participation confirmed,0,0,0,0
2026-09-30,2026-09-30,CM,NSE,STK,13812,INE623B01027,FEL,BZ,,,,,FUTURE ENTERPRISES LTD,0.39,0.39,0.38,0.38,0.39,0.38,,0.38,,,82983,32195.8,95,F1,1,,,,,,Cash Only,Diversified,False,0.38,0.37,0.38,0.37666666666666665,0.375,0.3783333333333333,0.3783333333333333,0.375,0.0033333333333332993,0.8771929824561314,Wide,Bullish,Above CPR,0.3833333333333333,0.385,0.3816666666666666,0.385,0.3816666666666666,0.0033333333333334103,0.8771929824561606,Wide,False,False,0.55,20,69858.535,True,True,Higher,True,Risk Off,False,Bullish Virgin,0.011428571428571439,,,0.2916666666666634,0.46087138815607853,False,False,No setup,0.0,None,None,0,No active J-Curve setup.,Neutral,0,Not applicable,No directional setup; confirmation score not applicable.,Wide CPR,Wide Upside Watch,Watch,Wide CPR + close above CPR; trend opposes; participation light,0,0,0,0
2026-09-30,2026-09-30,CM,NSE,STK,6445,INE285K01026,TECHNOE,EQ,,,,,TECHNO ELEC & ENG CO. LTD,1006.2,1027.35,1001.5,1008.75,1004.55,1010.15,,1008.52,,,133810,135702797.9,12662,F1,1,,,,,,Cash Only,Construction,True,1027.6,966.2,1010.15,1001.3166666666666,996.9,1005.7333333333332,1005.7333333333332,996.9,8.833333333333258,0.8744575888069354,Wide,Bullish,Above CPR,1012.5333333333333,1014.425,1010.6416666666667,1014.425,1010.6416666666667,3.783333333333303,0.3750516315572047,Moderate,False,False,0.8833333333333333,60,138444752.325,False,False,Outside,True,Risk Off,False,None,37.50714285714287,993.971,1048.6965,0.2355106963752915,0.9801945947466234,True,False,No setup,0.0,None,None,0,No active J-Curve setup.,Neutral,0,Not applicable,No directional setup; confirmation score not applicable.,Wide CPR,Wide Upside Watch,Watch,Wide CPR + close above CPR; trend mixed; participation light,0,0,0,0
2026-09-30,2026-09-30,CM,NSE,STK,1485,INE559A01017,IFBIND,EQ,,,,,IFB INDUSTRIES LTD,1211.6,1223.8,1199.0,1201.0,1200.0,1201.0,,1201.01,,,20374,24613046.1,2381,F1,1,,,,,,Cash Only,Diversified,False,1234.5,1199.0,1201.0,1211.5,1216.75,1206.25,1216.75,1206.25,10.5,0.8742714404662781,Wide,Bearish,Below CPR,1207.9333333333334,1211.4,1204.4666666666667,1211.4,1204.4666666666667,6.933333333333394,0.5772966971967856,Moderate,False,False,0.75,60,50772728.7,False,False,Lower,True,Risk Off,False,None,42.942857142857164,1322.98,1281.8239999999998,0.24451097804391206,0.4847690232571644,False,False,No setup,0.0,None,None,0,No active J-Curve setup.,Neutral,0,Not applicable,No directional setup; confirmation score not applicable.,Wide CPR,Wide Downside Watch,Watch,Wide CPR + close below CPR; trend aligned; participation light,0,0,0,0
2026-09-30,2026-09-30,CM,NSE,STK,1100,INE276A01018,GARFIBRES,EQ,,,,,GARWARE TECH FIBRES LTD,754.85,783.3,752.05,770.85,775.0,753.85,,770.9,,,18057,13920886.85,2693,F1,1,,,,,,Cash Only,Diversified,False,777.4,750.0,753.85,760.4166666666666,763.7,757.1333333333332,763.7,757.1333333333332,6.566666666666833,0.8710839910680949,Wide,Bearish,Above CPR,768.7333333333332,767.675,769.7916666666665,769.7916666666665,767.675,2.1166666666665606,0.27458865754252587,Moderate,False,False,0.2,60,30846010.65,False,False,Lower,True,Risk Off,True,None,28.160714285714285,783.505,738.3639999999999,0.23318537307123824,0.45130266626553217,False,True,No setup,0.0,None,None,0,No active J-Curve setup.,Neutral,0,Not applicable,No directional setup; confirmation score not applicable.,Wide CPR,Wide Upside Watch,Watch,Wide CPR + close above CPR; trend mixed; participation light,0,0,0,0
2026-09-30,2026-09-30,CM,NSE,STK,10990,INE944F01028,RADICO,EQ,,,,,RADICO KHAITAN LTD,4408.9,4516.0,4365.1,4366.0,4366.0,4364.0,,4365.99,,,387850,1720105027.7,45971,F1,1,,,,,,F&O + Cash,Fast Moving Consumer Goods,True,4478.0,4364.0,4364.0,4402.0,4421.0,4383.0,4421.0,4383.0,38.0,0.8707607699358386,Wide,Bearish,Below CPR,4415.7,4440.55,4390.849999999999,4440.55,4390.849999999999,49.70000000000073,1.1383417315620872,Wide,False,False,0.4666666666666667,60,1084832080.45,False,False,Lower,True,Risk Off,False,None,119.02857142857134,4472.394,4090.7219999999998,0.3192510801728279,1.585595649961312,False,True,No setup,0.0,None,None,0,No active J-Curve setup.,Neutral,0,Not applicable,No directional setup; confirmation score not applicable.,Wide CPR,Wide Downside Watch,Watch,Wide CPR + close below CPR; trend mixed; participation confirmed,0,0,0,0
2026-09-30,2026-09-30,CM,NSE,STK,762717,INE620D01011,INDPRUD,EQ,,,,,INDUSTRIAL & PRU INV CO L,6350.0,6450.0,6290.0,6336.5,6427.0,6358.0,,6388.13,,,76,484594.5,38,F1,1,,,,,,Cash Only,Diversified,False,6450.0,6100.0,6358.0,6302.666666666667,6275.0,6330.333333333334,6330.333333333334,6275.0,55.33333333333394,0.870294641920949,Wide,Bullish,Above CPR,6358.833333333333,6370.0,6347.666666666666,6370.0,6347.666666666666,22.33333333333394,0.3524553512717421,Moderate,False,False,0.5333333333333333,60,343270.5,True,False,Higher,True,Risk Off,False,None,147.78571428571428,6326.83,6427.896,0.3744159819558604,1.411698645820133,True,False,No setup,0.0,None,None,0,No active J-Curve setup.,Neutral,0,Not applicable,No directional setup; confirmation score not applicable.,Wide CPR,Wide Upside Watch,Watch,Wide CPR + close above CPR; trend mixed; participation confirmed,0,0,0,0
2026-09-30,2026-09-30,CM,NSE,STK,21195,INE869I01013,GTPL,EQ,,,,,GTPL HATHWAY LIMITED,54.12,55.48,54.0,54.86,54.5,54.11,,54.87,,,23329,1274826.62,499,F1,1,,,,,,Cash Only,Diversified,False,55.88,53.75,54.11,54.580000000000005,54.815,54.34500000000001,54.815,54.34500000000001,0.46999999999998465,0.8686009979670758,Wide,Bearish,Above CPR,54.779999999999994,54.739999999999995,54.81999999999999,54.81999999999999,54.739999999999995,0.0799999999999983,0.14582573824279674,Narrow,False,False,0.9166666666666666,60,2620572.005,False,False,Lower,True,Risk Off,False,None,2.202857142857144,57.1034,60.58910000000001,0.21335927367055063,0.4864688386992061,False,False,No setup,0.0,None,None,0,No active J-Curve setup.,Neutral,0,Not applicable,No directional setup; confirmation score not applicable.,Wide CPR,Wide Upside Watch,Watch,Wide CPR + close above CPR; trend opposes; participation light,0,0,0,0
2026-09-30,2026-09-30,CM,NSE,STK,14599,INE0JSX01015,GSLSU,EQ,,,,,GLOBAL SURFACES LIMITED,31.87,31.87,30.26,31.0,30.9,30.74,,31.0,,,34789,1071824.21,730,F1,1,,,,,,Cash Only,Diversified,False,31.56,29.12,30.74,30.473333333333333,30.34,30.606666666666666,30.606666666666666,30.34,0.2666666666666657,0.8674907829104286,Wide,Bullish,Above CPR,31.043333333333333,31.065,31.021666666666665,31.065,31.021666666666665,0.043333333333336554,0.13978494623656953,Narrow,False,False,0.7833333333333333,60,2447319.315,False,False,Lower,True,Risk Off,False,None,1.8185714285714287,29.0642,38.2702,0.1466352448284886,0.43795846477025824,True,False,No setup,0.0,None,None,0,No active J-Curve setup.,Neutral,0,Not applicable,No directional setup; confirmation score not applicable.,Wide CPR,Wide Upside Watch,Watch,Wide CPR + close above CPR; trend mixed; participation light,0,0,0,0
2026-09-30,2026-09-30,CM,NSE,STK,6579,INE02NC01014,FINOPB,EQ,,,,,FINO PAYMENTS BANK LTD,129.85,131.06,126.3,127.21,127.0,129.23,,127.13,,,135642,17425232.58,2380,F1,1,,,,,,Cash Only,Diversified,False,130.05,125.05,129.23,128.11,127.55000000000001,128.67000000000002,128.67000000000002,127.55000000000001,1.1200000000000045,0.866671825427536,Wide,Bullish,Below CPR,128.19,128.68,127.69999999999999,128.68,127.69999999999999,0.9800000000000182,0.7703796871315292,Wide,False,False,0.16666666666666666,60,46064361.795,False,False,Outside,True,Risk Off,True,None,4.100714285714287,148.0184,143.112,0.27312314927713044,0.37828012591485416,False,False,No setup,0.0,None,None,0,No active J-Curve setup.,Neutral,0,Not applicable,No directional setup; confirmation score not applicable.,Wide CPR,Wide Downside Watch,Watch,Wide CPR + close below CPR; trend aligned; participation light,0,0,0,0
2026-09-30,2026-09-30,CM,NSE,STK,20830,INE490G01020,MOIL,EQ,,,,,MOIL LIMITED,244.0,245.88,235.0,237.76,238.9,243.96,,237.78,,,392618,94518998.98,7014,F1,1,,,,,,Cash Only,Energy & Oil/Gas,False,244.5,237.1,243.96,241.85333333333335,240.8,242.9066666666667,242.9066666666667,240.8,2.1066666666666833,0.8635295403618147,Wide,Bullish,Below CPR,239.54666666666665,240.44,238.6533333333333,240.44,238.6533333333333,1.7866666666666902,0.7514580529385474,Wide,False,False,0.23333333333333334,60,133220011.99000001,True,False,Overlapping,True,Risk Off,True,None,6.368571428571428,260.25919999999996,275.0701,0.33079108718409117,0.709495499723382,False,False,No setup,0.0,None,None,0,No active J-Curve setup.,Neutral,0,Not applicable,No directional setup; confirmation score not applicable.,Wide CPR,Wide Downside Watch,Watch,Wide CPR + close below CPR; trend aligned; participation light,0,0,0,0
2026-09-30,2026-09-30,CM,NSE,STK,27111,INE247M01014,SPECIALITY,BE,,,,,SPECIALITY REST LTD,153.0,154.85,151.0,154.1,154.5,153.99,,154.1,,,15753,2402022.13,144,F1,1,,,,,,Cash Only,Diversified,False,156.0,148.0,153.99,152.66333333333333,152.0,153.32666666666665,153.32666666666665,152.0,1.3266666666666538,0.8615278048358035,Wide,Bullish,Above CPR,153.3166666666667,152.925,153.70833333333337,153.70833333333337,152.925,0.7833333333333599,0.5083279255894613,Moderate,False,False,0.43333333333333335,60,5013318.83,False,False,Overlapping,True,Risk Off,False,None,6.9971428571428556,138.2106,123.9858,0.18960119776779458,0.4791281407490295,True,True,No setup,0.0,None,None,0,No active J-Curve setup.,Neutral,0,Not applicable,No directional setup; confirmation score not applicable.,Wide CPR,Wide Upside Watch,Watch,Wide CPR + close above CPR; trend aligned; participation light,0,0,0,0
2026-09-30,2026-09-30,CM,NSE,STK,3813,INE420B01036,ARIHANTCAP,EQ,,,,,ARIHANT CAPITAL MKTS LTD,90.58,92.55,88.98,89.74,89.5,90.58,,89.74,,,513589,46515031.83,3957,F1,1,,,,,,Cash Only,Diversified,False,91.62,87.2,90.58,89.8,89.41,90.19,90.19,89.41,0.7800000000000011,0.8611172444248191,Wide,Bullish,Inside CPR,90.42333333333333,90.765,90.08166666666666,90.765,90.08166666666666,0.6833333333333371,0.7614590297897673,Wide,False,False,0.8666666666666667,60,13800547.305,False,False,Lower,True,Risk Off,False,None,4.442142857142857,79.4998,74.575,0.1755909310178488,3.370520806312326,True,True,No setup,0.0,None,None,0,No active J-Curve setup.,Neutral,0,Not applicable,No directional setup; confirmation score not applicable.,Wide CPR,Wide Consolidation,Watch,Wide CPR + close inside CPR; consolidation/range watch,0,0,0,0
2026-09-30,2026-09-30,CM,NSE,STK,14501,INE050E01027,BALAMINES,EQ,,,,,BALAJI AMINES LIMITED,2143.0,2179.0,2095.0,2118.5,2122.1,2142.1,,2118.47,,,117148,248849004.4,14147,F1,1,,,,,,Cash Only,Specialty Chemicals,False,2207.4,2132.1,2142.1,2160.5333333333333,2169.75,2151.3166666666666,2169.75,2151.3166666666666,18.433333333333394,0.860526274839335,Wide,Bearish,Below CPR,2130.8333333333335,2137.0,2124.666666666667,2137.0,2124.666666666667,12.33333333333303,0.5821729210919533,Moderate,False,False,0.26666666666666666,60,382301653.7,True,False,Lower,True,Risk Off,False,None,95.81428571428572,2225.7980000000002,2117.2990000000004,0.19238606431091956,0.650923170202337,False,True,No setup,0.0,None,None,0,No active J-Curve setup.,Neutral,0,Not applicable,No directional setup; confirmation score not applicable.,Wide CPR,Wide Downside Watch,Watch,Wide CPR + close below CPR; trend mixed; participation light,0,0,0,0
2026-09-30,2026-09-30,CM,NSE,STK,13251,INE190H01024,SAKUMA,EQ,,,,,SAKUMA EXPORTS LIMITED,1.57,1.58,1.52,1.56,1.57,1.55,,1.56,,,797045,1237175.93,738,F1,1,,,,,,Cash Only,Diversified,False,1.61,1.53,1.55,1.5633333333333335,1.57,1.5566666666666669,1.57,1.5566666666666669,0.013333333333333197,0.860215053763432,Wide,Bearish,Inside CPR,1.5533333333333335,1.55,1.5566666666666669,1.5566666666666669,1.55,0.006666666666666821,0.4273504273504372,Moderate,False,False,0.6833333333333333,60,1603236.11,False,False,Lower,True,Risk Off,False,None,0.06857142857142855,1.6460000000000001,1.7049,0.19444444444444253,0.7716741921437884,False,False,No setup,0.0,None,None,0,No active J-Curve setup.,Neutral,0,Not applicable,No directional setup; confirmation score not applicable.,Wide CPR,Wide Consolidation,Watch,Wide CPR + close inside CPR; consolidation/range watch,0,0,0,0
2026-09-30,2026-09-30,CM,NSE,STK,350,INE459A01010,BANARISUG,EQ,,,,,BANNARI AMMAN SUGARS LTD,3245.1,3329.2,3245.1,3300.2,3300.0,3305.0,,3300.2,,,308,1018079.4,110,F1,1,,,,,,Cash Only,Diversified,False,3393.6,3301.6,3305.0,3333.4,3347.6,3319.2000000000003,3347.6,3319.2000000000003,28.399999999999636,0.8593040847201101,Wide,Bearish,Below CPR,3291.5,3287.1499999999996,3295.8500000000004,3295.8500000000004,3287.1499999999996,8.700000000000728,0.2636203866432558,Moderate,False,False,0.8166666666666667,60,1969118.5,False,False,Lower,True,Risk Off,False,None,106.2071428571429,3574.042,3564.784,0.26740197726813825,0.517022921677898,False,False,No setup,0.0,None,None,0,No active J-Curve setup.,Neutral,0,Not applicable,No directional setup; confirmation score not applicable.,Wide CPR,Wide Downside Watch,Watch,Wide CPR + close below CPR; trend aligned; participation light,0,0,0,0
2026-09-30,2026-09-30,CM,NSE,STK,277,INE481Y01014,GICRE,EQ,,,,,GENERAL INS CORP OF INDIA,320.0,333.5,320.0,331.15,329.5,320.25,,331.18,,,772056,253527593.85,25047,F1,1,,,,,,Cash Only,Financial Services,True,329.75,319.0,320.25,323.0,324.375,321.625,324.375,321.625,2.75,0.858704137392662,Wide,Bearish,Above CPR,328.21666666666664,326.75,329.6833333333333,329.6833333333333,326.75,2.9333333333332803,0.885802003120423,Wide,False,False,0.9333333333333333,60,209123153.02499998,False,False,Lower,True,Risk Off,False,None,8.535714285714278,351.733,363.085,0.3221757322175735,1.2123363204058597,False,False,No setup,0.0,None,None,0,No active J-Curve setup.,Neutral,0,Not applicable,No directional setup; confirmation score not applicable.,Wide CPR,Wide Upside Watch,Watch,Wide CPR + close above CPR; trend opposes; participation confirmed,0,0,0,0
2026-09-30,2026-09-30,CM,NSE,STK,305,INE118A01012,BAJAJHLDNG,EQ,,,,,BAJAJ HOLDINGS & INVS LTD,10686.0,10805.0,10655.0,10788.0,10788.0,10600.0,,10788.0,,,40117,430913453.0,11919,F1,1,,,,,,F&O + Cash,Financial Services,True,10873.0,10600.0,10600.0,10691.0,10736.5,10645.5,10736.5,10645.5,91.0,0.8584905660377359,Wide,Bearish,Above CPR,10749.333333333334,10730.0,10768.666666666668,10768.666666666668,10730.0,38.66666666666788,0.35842293906811157,Moderate,False,False,0.5333333333333333,60,444101464.5,False,False,Lower,True,Risk Off,False,None,240.42857142857142,11169.66,10810.08,0.37849079025549615,0.9703040576214987,False,False,No setup,0.0,None,None,0,No active J-Curve setup.,Neutral,0,Not applicable,No directional setup; confirmation score not applicable.,Wide CPR,Wide Upside Watch,Watch,Wide CPR + close above CPR; trend opposes; participation light,0,0,0,0
2026-09-30,2026-09-30,CM,NSE,STK,21484,INE577L01016,STEL,EQ,,,,,STEL HOLDINGS LIMITED,615.4,622.0,561.25,570.1,570.0,597.95,,570.07,,,11379,6628246.7,1492,F1,1,,,,,,Cash Only,Diversified,False,618.45,592.75,597.95,603.0500000000001,605.6,600.5000000000001,605.6,600.5000000000001,5.099999999999909,0.8529141232544375,Wide,Bearish,Below CPR,584.4499999999999,591.625,577.2749999999999,591.625,577.2749999999999,14.350000000000136,2.517102262760943,Wide,False,False,0.45,60,1826658.725,False,False,Lower,True,Risk Off,False,None,29.060714285714294,592.193,559.6905,0.1754946540494008,3.6286179839093915,False,True,No setup,0.0,None,None,0,No active J-Curve setup.,Neutral,0,Not applicable,No directional setup; confirmation score not applicable.,Wide CPR,Wide Downside Watch,Watch,Wide CPR + close below CPR; trend mixed; participation confirmed,0,0,0,0
2026-09-30,2026-09-30,CM,NSE,STK,29731,INE942C01045,GUJTHEM,EQ,,,,,GUJARAT THEMIS BIOSYN LTD,404.1,408.6,386.5,387.6,386.5,406.5,,387.61,,,187350,73822784.7,8962,F1,1,,,,,,Cash Only,Diversified,False,410.0,392.6,406.5,403.0333333333333,401.3,404.7666666666666,404.7666666666666,401.3,3.4666666666665833,0.8528085280852603,Wide,Bullish,Below CPR,394.23333333333335,397.55,390.9166666666667,397.55,390.9166666666667,6.633333333333326,1.7113863089095265,Wide,False,False,0.8666666666666667,60,66660077.650000006,False,False,Lower,True,Risk Off,False,None,19.578571428571426,389.99800000000005,386.9235,0.17706433175239758,1.1074512257187568,False,True,No setup,0.0,None,None,0,No active J-Curve setup.,Neutral,0,Not applicable,No directional setup; confirmation score not applicable.,Wide CPR,Wide Downside Watch,Watch,Wide CPR + close below CPR; trend mixed; participation confirmed,0,0,0,0
2026-09-30,2026-09-30,CM,NSE,STK,760896,INE0OU201013,DCMSIL,EQ,,,,,DCM SHRIRAM INTERNATNL L,78.05,85.31,77.3,82.25,82.64,77.56,,82.27,,,216984,17646800.21,2096,F1,1,,,,,,Cash Only,Diversified,False,81.5,75.6,77.56,78.22,78.55,77.89,78.55,77.89,0.6599999999999966,0.8509541000515686,Wide,Bearish,Above CPR,81.62,81.305,81.935,81.935,81.305,0.6299999999999955,0.7659574468085051,Wide,False,False,0.6744186046511628,43,8319564.91,False,False,Lower,True,Risk Off,False,None,5.005714285714288,,,0.1318493150684924,2.121120563503122,False,False,No setup,0.0,None,None,0,No active J-Curve setup.,Neutral,0,Not applicable,No directional setup; confirmation score not applicable.,Wide CPR,Wide Upside Watch,Watch,Wide CPR + close above CPR; trend opposes; participation confirmed,0,0,0,0
2026-09-30,2026-09-30,CM,NSE,STK,16736,INE964W01021,MKPL,EQ,,,,,M K PROTEINS LIMITED,4.0,4.05,3.92,3.99,4.02,3.92,,3.99,,,69786,278772.99,272,F1,1,,,,,,Cash Only,Diversified,False,4.04,3.9,3.92,3.953333333333333,3.9699999999999998,3.9366666666666665,3.9699999999999998,3.9366666666666665,0.033333333333333215,0.8503401360544187,Wide,Bearish,Above CPR,3.986666666666667,3.985,3.9883333333333337,3.9883333333333337,3.985,0.0033333333333338544,0.08354218880535975,Narrow,False,False,0.6333333333333333,60,407145.815,False,False,Lower,True,Risk Off,False,None,0.18714285714285706,4.1036,4.4872000000000005,0.17811704834605543,0.6847006151837763,False,False,No setup,0.0,None,None,0,No active J-Curve setup.,Neutral,0,Not applicable,No directional setup; confirmation score not applicable.,Wide CPR,Wide Upside Watch,Watch,Wide CPR + close above CPR; trend opposes; participation light,0,0,0,0
2026-09-30,2026-09-30,CM,NSE,STK,7030,INE276G01015,ASIANENE,EQ,,,,,ASIAN ENERGY SERVICES LTD,479.1,482.45,463.0,471.85,471.0,478.25,,471.85,,,211572,99701241.55,9420,F1,1,,,,,,Cash Only,Diversified,False,484.5,459.8,478.25,474.18333333333334,472.15,476.2166666666667,476.2166666666667,472.15,4.06666666666672,0.850322355811128,Wide,Bullish,Below CPR,472.4333333333334,472.725,472.14166666666677,472.725,472.14166666666677,0.5833333333332575,0.12362685881811117,Narrow,False,False,0.7833333333333333,60,147573247.0,False,False,Lower,True,Risk Off,False,None,28.607142857142858,451.691,399.7875,0.14215563878485413,0.6756051220449192,True,True,No setup,0.0,None,None,0,No active J-Curve setup.,Neutral,0,Not applicable,No directional setup; confirmation score not applicable.,Wide CPR,Wide Downside Watch,Watch,Wide CPR + close below CPR; trend opposes; participation light,0,0,0,0
2026-09-30,2026-09-30,CM,NSE,STK,11407,INE445C01015,XPROINDIA,EQ,,,,,XPRO INDIA LIMITED,1170.0,1181.9,1145.5,1161.9,1173.1,1160.4,,1161.92,,,28334,33095327.1,3248,F1,1,,,,,,Cash Only,Diversified,False,1170.0,1121.2,1160.4,1150.5333333333333,1145.6,1155.4666666666667,1155.4666666666667,1145.6,9.866666666666788,0.8502815121222671,Wide,Bullish,Above CPR,1163.1000000000001,1163.7,1162.5000000000002,1163.7,1162.5000000000002,1.199999999999818,0.10327911179962286,Narrow,False,False,0.9,60,59680621.0,False,False,Lower,True,Risk Off,False,None,58.92142857142858,1225.682,1244.004,0.16745464096658386,0.5545405953466872,False,False,No setup,0.0,None,None,0,No active J-Curve setup.,Neutral,0,Not applicable,No directional setup; confirmation score not applicable.,Wide CPR,Wide Upside Watch,Watch,Wide CPR + close above CPR; trend opposes; participation light,0,0,0,0
2026-09-30,2026-09-30,CM,NSE,STK,15308,INE964H01014,SEPC,EQ,,,,,SEPC LIMITED,5.15,5.19,5.01,5.02,5.04,5.1,,5.02,,,5233528,26569670.83,3735,F1,1,,,,,,Cash Only,Diversified,False,5.15,4.92,5.1,5.056666666666667,5.035,5.078333333333333,5.078333333333333,5.035,0.043333333333333,0.8496732026143726,Wide,Bullish,Below CPR,5.073333333333333,5.1,5.046666666666667,5.1,5.046666666666667,0.05333333333333279,1.0624169986719678,Wide,False,False,0.8166666666666667,60,60367629.739999995,False,False,Lower,True,Risk Off,False,None,0.17642857142857155,5.653200000000001,6.317699999999999,0.24561403508771726,0.44013109251488064,False,False,No setup,0.0,None,None,0,No active J-Curve setup.,Neutral,0,Not applicable,No directional setup; confirmation score not applicable.,Wide CPR,Wide Downside Watch,Watch,Wide CPR + close below CPR; trend aligned; participation light,0,0,0,0
2026-09-30,2026-09-30,CM,NSE,STK,20616,INE712B01010,SUPERHOUSE,EQ,,,,,SUPERHOUSE LIMITED,161.7,164.49,159.22,160.05,160.0,159.9,,160.06,,,3513,566855.18,138,F1,1,,,,,,Cash Only,Diversified,False,164.87,159.0,159.9,161.25666666666666,161.935,160.57833333333332,161.935,160.57833333333332,1.3566666666666833,0.848446946007932,Wide,Bearish,Below CPR,161.25333333333336,161.85500000000002,160.6516666666667,161.85500000000002,160.6516666666667,1.203333333333319,0.751848380714351,Wide,False,False,0.8,60,806926.395,False,False,Lower,True,Risk Off,False,None,9.064999999999998,165.7622,160.3112,0.14965986394558012,0.7024868482583223,False,False,No setup,0.0,None,None,0,No active J-Curve setup.,Neutral,0,Not applicable,No directional setup; confirmation score not applicable.,Wide CPR,Wide Downside Watch,Watch,Wide CPR + close below CPR; trend aligned; participation light,0,0,0,0
2026-09-30,2026-09-30,CM,NSE,STK,762842,INE770A01010,PRADPME,BE,,,,,PRADEEP METALS LTD.,473.0,483.7,460.0,460.35,460.15,473.75,,460.56,,,13662,6367065.65,109,F1,1,,,,,,Cash Only,Diversified,False,489.5,470.05,473.75,477.76666666666665,479.775,475.7583333333333,479.775,475.7583333333333,4.0166666666666515,0.8478452066842536,Wide,Bearish,Below CPR,468.0166666666667,471.85,464.1833333333334,471.85,464.1833333333334,7.666666666666629,1.6653995148618723,Wide,False,False,0.9,60,7041864.7,False,False,Lower,True,Risk Off,False,None,23.453571428571415,476.798,,0.1712603421146129,0.9041732440556548,False,False,No setup,0.0,None,None,0,No active J-Curve setup.,Neutral,0,Not applicable,No directional setup; confirmation score not applicable.,Wide CPR,Wide Downside Watch,Watch,Wide CPR + close below CPR; trend aligned; participation light,0,0,0,0
2026-09-30,2026-09-30,CM,NSE,STK,19913,INE192R01011,DMART,EQ,,,,,AVENUE SUPERMARTS LIMITED,3769.5,3865.0,3769.5,3801.4,3801.4,3750.0,,3801.4,,,620771,2379785236.7,39138,F1,1,,,,,,F&O + Cash,Consumer Services,True,3849.0,3746.2,3750.0,3781.7333333333336,3797.6,3765.8666666666672,3797.6,3765.8666666666672,31.733333333332666,0.8462222222222044,Wide,Bearish,Above CPR,3811.9666666666667,3817.25,3806.6833333333334,3817.25,3806.6833333333334,10.566666666666606,0.2779677662615511,Moderate,False,False,0.1,60,1577637579.0,True,True,Lower,True,Risk Off,True,None,68.06428571428572,3877.3,4019.3730000000005,0.46622590688074017,1.5084486249423954,False,False,No setup,0.0,None,None,0,No active J-Curve setup.,Neutral,0,Not applicable,No directional setup; confirmation score not applicable.,Wide CPR,Wide Upside Watch,Watch,Wide CPR + close above CPR; trend opposes; participation confirmed,0,0,0,0
2026-09-30,2026-09-30,CM,NSE,STK,3812,INE256A01028,ZEEL,EQ,,,,,ZEE ENTERTAINMENT ENT LTD,74.09,76.39,73.95,74.47,74.74,74.14,,74.47,,,13100562,984574787.5,53027,F1,1,,,,,,Cash Only,Media Entertainment & Publication,True,76.85,73.31,74.14,74.76666666666667,75.08,74.45333333333333,75.08,74.45333333333333,0.6266666666666652,0.8452477295207246,Wide,Bearish,Inside CPR,74.93666666666667,75.17,74.70333333333333,75.17,74.70333333333333,0.46666666666666856,0.6266505527953117,Moderate,False,False,0.31666666666666665,60,1948763450.585,False,False,Lower,True,Risk Off,False,None,2.8928571428571437,94.2788,97.4218,0.21662551440329159,0.5052305282123596,False,False,No setup,0.0,None,None,0,No active J-Curve setup.,Neutral,0,Not applicable,No directional setup; confirmation score not applicable.,Wide CPR,Wide Consolidation,Watch,Wide CPR + close inside CPR; consolidation/range watch,0,0,0,0
2026-09-30,2026-09-30,CM,NSE,STK,14096,INE076B01028,SIYSIL,EQ,,,,,SIYARAM SILK MILLS LTD,543.9,543.9,538.0,539.95,540.0,541.4,,539.95,,,14052,7584841.4,2665,F1,1,,,,,,Cash Only,Diversified,False,543.95,525.15,541.4,536.8333333333334,534.55,539.1166666666668,539.1166666666668,534.55,4.566666666666833,0.8434921807659463,Wide,Bullish,Above CPR,540.6166666666667,540.95,540.2833333333333,540.95,540.2833333333333,0.6666666666667425,0.12346822236628249,Narrow,False,False,0.11666666666666667,60,22249892.5,False,False,Outside,True,Risk Off,True,None,17.14642857142857,584.414,598.6345,0.26633340276332296,0.34089339532764035,False,False,No setup,0.0,None,None,0,No active J-Curve setup.,Neutral,0,Not applicable,No directional setup; confirmation score not applicable.,Wide CPR,Wide Upside Watch,Watch,Wide CPR + close above CPR; trend opposes; participation light,0,2,0,2
2026-09-30,2026-09-30,CM,NSE,STK,13510,INE737W01013,AKASH,EQ,,,,,AKASH INFRA-PROJECTS LTD,25.83,25.83,24.6,24.94,24.81,25.32,,24.94,,,4302,107893.02,57,F1,1,,,,,,Cash Only,Diversified,False,25.5,24.5,25.32,25.106666666666666,25.0,25.21333333333333,25.21333333333333,25.0,0.21333333333333115,0.8425487098472795,Wide,Bullish,Below CPR,25.123333333333335,25.215,25.03166666666667,25.215,25.03166666666667,0.18333333333333002,0.7350975674953087,Moderate,False,False,0.8333333333333334,60,128365.98999999999,False,False,Higher,True,Risk Off,False,None,0.9128571428571427,25.486200000000004,26.2209,0.23369848721961164,0.8405109484217744,False,False,No setup,0.0,None,None,0,No active J-Curve setup.,Neutral,0,Not applicable,No directional setup; confirmation score not applicable.,Wide CPR,Wide Downside Watch,Watch,Wide CPR + close below CPR; trend aligned; participation light,0,0,0,0
2026-09-30,2026-09-30,CM,NSE,STK,764608,INE759F01012,AUSTENG,EQ,,,,,AUSTIN ENGINEERING CO. L,159.72,176.45,155.5,171.52,172.0,158.0,,171.5,,,54150,9164288.51,1484,F1,1,,,,,,Cash Only,Diversified,False,160.0,152.01,158.0,156.67,156.005,157.33499999999998,157.33499999999998,156.005,1.329999999999984,0.8417721518987241,Wide,Bullish,Above CPR,167.82333333333335,165.975,169.6716666666667,169.6716666666667,165.975,3.696666666666715,2.1552394278607245,Wide,False,False,0.8064516129032258,31,441123.75,False,False,Lower,True,Risk Off,False,None,12.817142857142857,,,0.10376727596968222,20.774869886284744,False,False,No setup,0.0,None,None,0,No active J-Curve setup.,Neutral,0,Not applicable,No directional setup; confirmation score not applicable.,Wide CPR,Wide Upside Watch,Watch,Wide CPR + close above CPR; trend opposes; participation confirmed,0,0,0,0
2026-09-30,2026-09-30,CM,NSE,STK,762703,INE214F01026,GRAVISSHO,BE,,,,,GRAVISS HOSPITALITY LTD.,32.1,32.1,30.81,31.6,30.94,32.1,,31.6,,,1544,47854.81,21,F1,1,,,,,,Cash Only,Diversified,False,33.0,32.01,32.1,32.37,32.504999999999995,32.235,32.504999999999995,32.235,0.269999999999996,0.8411214953270904,Wide,Bearish,Below CPR,31.50333333333333,31.455,31.551666666666662,31.551666666666662,31.455,0.09666666666666401,0.3059071729957722,Moderate,False,False,0.8833333333333333,60,34864.72,False,False,Higher,True,Risk Off,False,Bearish Virgin,3.5071428571428567,31.627000000000002,30.516099999999998,0.07698574338085427,1.3725855248514829,False,True,No setup,0.0,None,None,0,No active J-Curve setup.,Neutral,0,Not applicable,No directional setup; confirmation score not applicable.,Wide CPR,Wide Downside Watch,Watch,Wide CPR + close below CPR; trend mixed; participation confirmed,0,0,0,0
2026-09-30,2026-09-30,CM,NSE,STK,4594,INE720A01015,KOTHARIPET,EQ,,,,,KOTHARI PETROCHEM LTD,130.51,132.39,129.0,129.43,130.3,128.97,,129.43,,,43927,5724777.03,769,F1,1,,,,,,Cash Only,Diversified,False,133.84,127.35,128.97,130.0533333333333,130.595,129.51166666666663,130.595,129.51166666666663,1.0833333333333712,0.8399886278462986,Wide,Bearish,Below CPR,130.27333333333334,130.695,129.8516666666667,130.695,129.8516666666667,0.8433333333333053,0.6515748538463303,Moderate,False,False,0.65,60,7309956.24,False,False,Lower,True,Risk Off,False,None,5.396428571428577,136.6784,131.9084,0.20075005515112088,0.7831479207322861,False,False,No setup,0.0,None,None,0,No active J-Curve setup.,Neutral,0,Not applicable,No directional setup; confirmation score not applicable.,Wide CPR,Wide Downside Watch,Watch,Wide CPR + close below CPR; trend aligned; participation light,0,0,0,0
2026-09-30,2026-09-30,CM,NSE,STK,5279,INE645S01024,ROLEXRINGS,EQ,,,,,ROLEX RINGS LIMITED,192.11,193.99,188.25,190.09,188.25,190.58,,190.1,,,1052365,201744433.17,19004,F1,1,,,,,,Cash Only,Diversified,False,196.81,189.15,190.58,192.18000000000004,192.98000000000002,191.38000000000005,192.98000000000002,191.38000000000005,1.599999999999966,0.839542449365078,Wide,Bearish,Below CPR,190.77666666666667,191.12,190.43333333333334,191.12,190.43333333333334,0.6866666666666674,0.361232398688341,Moderate,False,False,0.31666666666666665,60,238864295.495,False,False,Inside,True,Risk Off,False,None,7.873571428571428,167.6054,155.93869999999998,0.2032114669327726,0.8445985313624362,True,True,No setup,0.0,None,None,0,No active J-Curve setup.,Neutral,0,Not applicable,No directional setup; confirmation score not applicable.,Wide CPR,Wide Downside Watch,Watch,Wide CPR + close below CPR; trend opposes; participation light,0,0,0,0
2026-09-30,2026-09-30,CM,NSE,STK,24409,INE435G01025,DHANUKA,EQ,,,,,DHANUKA AGRITECH LTD,931.0,940.75,925.1,928.35,931.0,930.55,,928.35,,,21838,20330198.9,4319,F1,1,,,,,,Cash Only,Diversified,False,962.5,922.0,930.55,938.35,942.25,934.45,942.25,934.45,7.7999999999999545,0.8382139594863204,Wide,Bearish,Below CPR,931.4,932.925,929.875,932.925,929.875,3.0499999999999545,0.3285398825873813,Moderate,False,False,0.5166666666666667,60,23280058.799999997,False,False,Lower,True,Risk Off,False,None,25.482142857142858,994.965,1038.5365,0.3060967063770129,0.8732881250282754,False,False,No setup,0.0,None,None,0,No active J-Curve setup.,Neutral,0,Not applicable,No directional setup; confirmation score not applicable.,Wide CPR,Wide Downside Watch,Watch,Wide CPR + close below CPR; trend aligned; participation light,0,0,0,0
2026-09-30,2026-09-30,CM,NSE,STK,9116,INE760F01028,INDOAMIN,EQ,,,,,INDO AMINES LIMITED,145.61,148.0,138.35,142.07,143.42,145.45,,142.03,,,208080,29904598.24,3565,F1,1,,,,,,Cash Only,Diversified,False,149.6,137.65,145.45,144.23333333333332,143.625,144.84166666666664,144.84166666666664,143.625,1.2166666666666401,0.8364844734731113,Wide,Bullish,Below CPR,142.80666666666667,143.175,142.43833333333333,143.175,142.43833333333333,0.7366666666666788,0.5185237324323776,Moderate,False,False,1.0,60,12375564.525,False,False,Higher,True,Risk Off,False,None,6.69,131.08780000000002,118.0178,0.1818634778275994,2.41642295828925,True,True,No setup,0.0,None,None,0,No active J-Curve setup.,Neutral,0,Not applicable,No directional setup; confirmation score not applicable.,Wide CPR,Wide Downside Watch,Watch,Wide CPR + close below CPR; trend opposes; participation confirmed,0,0,0,0
2026-09-30,2026-09-30,CM,NSE,STK,11065,INE448G01010,NATHBIOGEN,EQ,,,,,NATH BIO-GENES (I) LTD,145.3,145.44,142.35,142.81,142.35,142.22,,142.82,,,2506,359481.96,162,F1,1,,,,,,Cash Only,Healthcare & Pharma,False,147.0,141.0,142.22,143.40666666666667,144.0,142.81333333333333,144.0,142.81333333333333,1.1866666666666674,0.8343880373130835,Wide,Bearish,Below CPR,143.53333333333333,143.89499999999998,143.17166666666668,143.89499999999998,143.17166666666668,0.7233333333333007,0.5065004784912126,Moderate,False,False,0.55,60,1588596.2650000001,False,False,Lower,True,Risk Off,False,None,5.349999999999999,154.54,160.7923,0.2218068535825547,0.22628906281609568,False,False,No setup,0.0,None,None,0,No active J-Curve setup.,Neutral,0,Not applicable,No directional setup; confirmation score not applicable.,Wide CPR,Wide Downside Watch,Watch,Wide CPR + close below CPR; trend aligned; participation light,0,0,0,0
2026-09-30,2026-09-30,CM,NSE,STK,11896,INE007B01023,GEOJITFSL,EQ,,,,,GEOJIT FINANCIAL SER L,76.76,78.29,76.1,76.59,76.6,76.76,,76.59,,,205675,15834899.54,2800,F1,1,,,,,,Cash Only,Stock Broking,False,79.28,76.16,76.76,77.39999999999999,77.72,77.07999999999998,77.72,77.07999999999998,0.6400000000000148,0.8337675872850635,Wide,Bearish,Below CPR,76.99333333333333,77.195,76.79166666666666,77.195,76.79166666666666,0.403333333333336,0.5266135700918344,Moderate,False,False,0.9,60,25043114.68,False,False,Lower,True,Risk Off,False,None,2.9849999999999994,79.58760000000001,77.9738,0.21440536013400835,0.6323055156013045,False,False,No setup,0.0,None,None,0,No active J-Curve setup.,Neutral,0,Not applicable,No directional setup; confirmation score not applicable.,Wide CPR,Wide Downside Watch,Watch,Wide CPR + close below CPR; trend aligned; participation light,0,0,0,0
2026-09-30,2026-09-30,CM,NSE,STK,764693,INE550F01049,HAZOOR,EQ,,,,,HAZOOR MULTI PROJECTS LTD,18.98,19.29,18.51,18.65,18.62,18.83,,18.66,,,146563,2744884.5,550,F1,1,,,,,,Cash Only,Diversified,False,19.48,18.65,18.83,18.986666666666665,19.064999999999998,18.90833333333333,19.064999999999998,18.90833333333333,0.1566666666666663,0.8320056647194174,Wide,Bearish,Below CPR,18.816666666666666,18.9,18.733333333333334,18.9,18.733333333333334,0.1666666666666643,0.893655049151015,Wide,False,False,0.7419354838709677,31,4972412.05,False,False,Inside,True,Risk Off,False,None,1.1428571428571423,,,0.13708333333333306,0.5520227351230879,False,False,No setup,0.0,None,None,0,No active J-Curve setup.,Neutral,0,Not applicable,No directional setup; confirmation score not applicable.,Wide CPR,Wide Downside Watch,Watch,Wide CPR + close below CPR; trend aligned; participation light,0,0,0,0
2026-09-30,2026-09-30,CM,NSE,STK,8132,INE791A01024,BLBLIMITED,EQ,,,,,BLB LIMITED,16.6,17.19,16.6,16.73,16.75,16.84,,16.73,,,47532,801054.81,244,F1,1,,,,,,Cash Only,Diversified,False,17.38,16.72,16.84,16.98,17.049999999999997,16.910000000000004,17.049999999999997,16.910000000000004,0.13999999999999346,0.8313539192398661,Wide,Bearish,Below CPR,16.840000000000003,16.895000000000003,16.785000000000004,16.895000000000003,16.785000000000004,0.10999999999999943,0.6575014943215746,Moderate,False,False,0.2833333333333333,60,1362228.12,False,False,Lower,True,Risk Off,False,None,0.9199999999999999,16.1746,16.1082,0.15217391304347117,0.5880474776867769,True,True,No setup,0.0,None,None,0,No active J-Curve setup.,Neutral,0,Not applicable,No directional setup; confirmation score not applicable.,Wide CPR,Wide Downside Watch,Watch,Wide CPR + close below CPR; trend opposes; participation light,0,0,0,0
2026-09-30,2026-09-30,CM,NSE,STK,809,INE032Z01020,BSHSL,EQ,,,,,BOMBAY SUPER HYBRID SEEDS,85.8,86.75,83.5,86.1,85.2,85.9,,86.4,,,3551,302247.91,70,F1,1,,,,,,Cash Only,Diversified,False,88.13,81.53,85.9,85.18666666666667,84.83,85.54333333333334,85.54333333333334,84.83,0.7133333333333383,0.8304229724485893,Wide,Bullish,Above CPR,85.45,85.125,85.775,85.775,85.125,0.6500000000000057,0.754936120789786,Wide,False,False,0.48333333333333334,60,1047369.585,False,False,Lower,True,Risk Off,False,None,4.867857142857143,92.16560000000001,90.0573,0.14653949620934315,0.28857808583395134,False,False,No setup,0.0,None,None,0,No active J-Curve setup.,Neutral,0,Not applicable,No directional setup; confirmation score not applicable.,Wide CPR,Wide Upside Watch,Watch,Wide CPR + close above CPR; trend opposes; participation light,0,0,0,0
2026-09-30,2026-09-30,CM,NSE,STK,25157,INE0DAB01012,RVTH,EQ,,,,,REVATHI EQUIPMENT INDIA L,664.0,700.0,641.9,669.8,670.0,664.9,,670.21,,,900,612207.3,59,F1,1,,,,,,Cash Only,Diversified,False,680.0,633.25,664.9,659.3833333333333,656.625,662.1416666666667,662.1416666666667,656.625,5.5166666666666515,0.8296987015591294,Wide,Bullish,Above CPR,670.5666666666667,670.95,670.1833333333334,670.95,670.1833333333334,0.7666666666666515,0.11446202846620657,Narrow,False,False,0.95,60,480120.6,False,False,Overlapping,True,Risk Off,False,None,48.00714285714287,712.1779999999999,715.582,0.11491345533898692,1.2751115032348124,False,False,No setup,0.0,None,None,0,No active J-Curve setup.,Neutral,0,Not applicable,No directional setup; confirmation score not applicable.,Wide CPR,Wide Upside Watch,Watch,Wide CPR + close above CPR; trend opposes; participation confirmed,0,0,0,0
2026-09-30,2026-09-30,CM,NSE,STK,23693,INE065X01017,INDGN,EQ,,,,,INDEGENE LIMITED,606.0,614.5,585.0,590.75,587.7,605.15,,590.74,,,390007,232691421.7,24081,F1,1,,,,,,Cash Only,Healthcare,True,627.0,598.35,605.15,610.1666666666666,612.675,607.6583333333333,612.675,607.6583333333333,5.0166666666666515,0.8289955658376686,Wide,Bearish,Below CPR,596.75,599.75,593.75,599.75,593.75,6.0,1.0156580617858655,Wide,False,False,0.5,60,187303244.05,False,False,Outside,True,Risk Off,False,None,17.928571428571452,565.865,540.743,0.2798140770252312,1.2423245677361774,True,True,No setup,0.0,None,None,0,No active J-Curve setup.,Neutral,0,Not applicable,No directional setup; confirmation score not applicable.,Wide CPR,Wide Downside Watch,Watch,Wide CPR + close below CPR; trend opposes; participation confirmed,0,0,0,0
2026-09-30,2026-09-30,CM,NSE,STK,4771,INE911B01018,TCIFINANCE,EQ,,,,,TCI FINANCE LTD,14.98,14.98,14.5,14.78,14.91,14.48,,14.78,,,8014,118074.51,46,F1,1,,,,,,Cash Only,Financial Services,False,15.3,14.02,14.48,14.6,14.66,14.54,14.66,14.54,0.120000000000001,0.8287292817679627,Wide,Bearish,Above CPR,14.753333333333332,14.74,14.766666666666664,14.766666666666664,14.74,0.02666666666666373,0.1804239963915002,Narrow,False,False,0.6166666666666667,60,251977.725,False,False,Lower,True,Risk Off,False,None,0.9071428571428569,14.8816,13.9506,0.13228346456693027,0.46859106296002945,False,True,No setup,0.0,None,None,0,No active J-Curve setup.,Neutral,0,Not applicable,No directional setup; confirmation score not applicable.,Wide CPR,Wide Upside Watch,Watch,Wide CPR + close above CPR; trend mixed; participation light,0,0,-2,-2
2026-09-30,2026-09-30,CM,NSE,STK,20110,INE999K01014,GREENPOWER,EQ,,,,,ORIENT GREEN POWER CO LTD,8.85,9.0,8.8,8.83,8.84,8.85,,8.83,,,1424370,12627030.25,3119,F1,1,,,,,,Cash Only,Power & Utilities,False,8.9,8.58,8.85,8.776666666666666,8.74,8.81333333333333,8.81333333333333,8.74,0.07333333333333059,0.8286252354048654,Wide,Bullish,Above CPR,8.876666666666667,8.9,8.853333333333333,8.9,8.853333333333333,0.046666666666666856,0.5285013212533053,Moderate,False,False,0.8333333333333334,60,17727824.36,False,False,Lower,True,Risk Off,False,None,0.3442857142857142,9.49,10.1976,0.21300138312585654,0.7122718498097755,False,False,No setup,0.0,None,None,0,No active J-Curve setup.,Neutral,0,Not applicable,No directional setup; confirmation score not applicable.,Wide CPR,Wide Upside Watch,Watch,Wide CPR + close above CPR; trend opposes; participation light,0,0,0,0
2026-09-30,2026-09-30,CM,NSE,STK,14385,INE063E01061,POCL,EQ,,,,,PONDY OXIDES & CHEM LTD,464.2,466.65,450.0,452.65,455.75,461.6,,452.65,,,373694,169815520.25,11646,F1,1,,,,,,Cash Only,Diversified,False,467.15,444.6,461.6,457.7833333333333,455.875,459.6916666666666,459.6916666666666,455.875,3.816666666666606,0.8268341998844467,Wide,Bullish,Below CPR,456.43333333333334,458.325,454.5416666666667,458.325,454.5416666666667,3.783333333333303,0.8358186973010723,Wide,False,False,0.9,60,193661369.2,False,False,Lower,True,Risk Off,False,None,19.87142857142856,493.309,933.5364999999999,0.19206805655403492,0.8768683240828807,False,False,No setup,0.0,None,None,0,No active J-Curve setup.,Neutral,0,Not applicable,No directional setup; confirmation score not applicable.,Wide CPR,Wide Downside Watch,Watch,Wide CPR + close below CPR; trend aligned; participation light,0,0,-2,-2
2026-09-30,2026-09-30,CM,NSE,STK,21062,INE0DUT01020,INNOVACAP,EQ,,,,,INNOVA CAPTAB LIMITED,1269.8,1270.0,1146.5,1159.8,1166.9,1271.2,,1159.75,,,621573,739069181.9,38680,F1,1,,,,,,Cash Only,Diversified,False,1314.8,1259.1,1271.2,1281.6999999999998,1286.9499999999998,1276.4499999999998,1286.9499999999998,1276.4499999999998,10.5,0.8259911894273128,Wide,Bearish,Below CPR,1192.1000000000001,1208.25,1175.9500000000003,1208.25,1175.9500000000003,32.29999999999973,2.784962924642156,Wide,False,False,0.7,60,53168544.974999994,False,False,Overlapping,True,Risk Off,False,Bearish Virgin,54.57142857142859,1077.594,999.3705,0.19240837696335072,13.900496661089983,True,True,No setup,0.0,None,None,0,No active J-Curve setup.,Neutral,0,Not applicable,No directional setup; confirmation score not applicable.,Wide CPR,Wide Downside Watch,Watch,Wide CPR + close below CPR; trend opposes; participation confirmed,0,0,0,0
2026-09-30,2026-09-30,CM,NSE,STK,762578,INE083K01017,BENGALASM,EQ,,,,,BENGAL & ASSAM CO. LTD.,6109.5,6138.0,6051.0,6103.0,6125.0,6161.5,,6113.82,,,246,1504390.0,206,F1,1,,,,,,Cash Only,Diversified,False,6220.5,5950.0,6161.5,6110.666666666667,6085.25,6136.083333333334,6136.083333333334,6085.25,50.83333333333394,0.8250155535719215,Wide,Bullish,Inside CPR,6097.333333333333,6094.5,6100.166666666666,6100.166666666666,6094.5,5.66666666666606,0.0928505106777988,Narrow,False,False,1.0,60,1393366.75,False,False,Overlapping,True,Risk Off,False,None,163.85714285714286,6237.64,6349.39,0.31022958442313653,1.07967984739122,False,False,No setup,0.0,None,None,0,No active J-Curve setup.,Neutral,0,Not applicable,No directional setup; confirmation score not applicable.,Wide CPR,Wide Consolidation,Watch,Wide CPR + close inside CPR; consolidation/range watch,0,0,0,0
2026-09-30,2026-09-30,CM,NSE,STK,30134,INE0I0M01023,PRABHA,EQ,,,,,PRABHA ENERGY LIMITED,226.0,229.8,220.15,222.03,220.15,224.41,,222.05,,,44247,9988364.32,1321,F1,1,,,,,,Cash Only,Diversified,False,227.68,215.6,224.41,222.5633333333333,221.64,223.48666666666662,223.48666666666662,221.64,1.8466666666666356,0.8228985636409409,Wide,Bullish,Inside CPR,223.99333333333334,224.97500000000002,223.01166666666666,224.97500000000002,223.01166666666666,1.9633333333333667,0.8842648891291117,Wide,False,False,0.26666666666666666,60,14234665.504999999,False,False,Lower,True,Risk Off,False,None,13.026428571428571,194.584,176.2028,0.14176308237831275,0.7016929422396007,True,True,No setup,0.0,None,None,0,No active J-Curve setup.,Neutral,0,Not applicable,No directional setup; confirmation score not applicable.,Wide CPR,Wide Consolidation,Watch,Wide CPR + close inside CPR; consolidation/range watch,0,0,0,0
2026-09-30,2026-09-30,CM,NSE,STK,11864,INE032B01021,PRIMESECU,EQ,,,,,PRIME SECURITIES LIMITED,300.25,302.9,291.1,298.45,292.15,302.5,,298.45,,,5435,1615009.2,221,F1,1,,,,,,Cash Only,Diversified,False,304.5,293.05,302.5,300.01666666666665,298.775,301.2583333333333,301.2583333333333,298.775,2.4833333333333485,0.8209366391184624,Wide,Bullish,Below CPR,297.48333333333335,297.0,297.9666666666667,297.9666666666667,297.0,0.966666666666697,0.32389568325236956,Moderate,False,False,0.3333333333333333,60,5967399.875,False,False,Lower,True,Risk Off,False,None,10.867857142857137,284.95799999999997,284.664,0.22850257421404468,0.27063867577669243,True,True,No setup,0.0,None,None,0,No active J-Curve setup.,Neutral,0,Not applicable,No directional setup; confirmation score not applicable.,Wide CPR,Wide Downside Watch,Watch,Wide CPR + close below CPR; trend opposes; participation light,0,0,0,0
2026-09-30,2026-09-30,CM,NSE,STK,24966,INE713C01016,SURAJLTD,EQ,,,,,SURAJ LIMITED,196.0,196.0,195.0,195.0,195.0,193.14,,194.75,,,7,1366.0,5,F1,1,,,,,,Cash Only,Diversified,False,198.01,193.02,193.14,194.72333333333333,195.515,193.93166666666667,195.515,193.93166666666667,1.5833333333333144,0.8197853025439135,Wide,Bearish,Inside CPR,195.33333333333334,195.5,195.16666666666669,195.5,195.16666666666669,0.3333333333333144,0.17094017094016123,Narrow,False,False,0.6666666666666666,60,175816.24,False,False,Lower,True,Risk Off,False,None,7.355714285714285,210.2746,220.3287,0.21525215252152266,0.007769475675284605,False,False,No setup,0.0,None,None,0,No active J-Curve setup.,Neutral,0,Not applicable,No directional setup; confirmation score not applicable.,Wide CPR,Wide Consolidation,Watch,Wide CPR + close inside CPR; consolidation/range watch,0,0,-2,-2
2026-09-30,2026-09-30,CM,NSE,STK,17081,INE568Z01015,URAVIDEF,BE,,,,,URAVI DEFENCE &TECH LTD,105.0,106.5,105.0,105.05,105.05,104.55,,104.03,,,335,35193.45,12,F1,1,,,,,,Cash Only,Diversified,False,104.55,101.99,104.55,103.69666666666666,103.27,104.12333333333332,104.12333333333332,103.27,0.8533333333333246,0.8161963972580819,Wide,Bullish,Above CPR,105.51666666666667,105.75,105.28333333333333,105.75,105.28333333333333,0.46666666666666856,0.4442329049658911,Moderate,False,False,0.03333333333333333,60,1031206.065,True,True,Outside,True,Risk Off,True,Bullish Virgin,1.8799999999999986,114.65719999999999,131.15679999999998,0.45390070921985387,0.03412843581365088,False,False,No setup,0.0,None,None,0,No active J-Curve setup.,Neutral,0,Not applicable,No directional setup; confirmation score not applicable.,Wide CPR,Wide Upside Watch,Watch,Wide CPR + close above CPR; trend opposes; participation light,0,0,0,0
2026-09-30,2026-09-30,CM,NSE,STK,20534,INE024L01027,GRAVITA,EQ,,,,,GRAVITA INDIA LIMITED,1459.7,1472.9,1439.7,1447.4,1455.5,1446.9,,1447.42,,,221058,321532939.6,21766,F1,1,,,,,,Cash Only,Metals & Mining,True,1488.1,1441.1,1446.9,1458.7,1464.6,1452.8000000000002,1464.6,1452.8000000000002,11.799999999999727,0.8155366645932494,Wide,Bearish,Below CPR,1453.3333333333333,1456.3000000000002,1450.3666666666663,1456.3000000000002,1450.3666666666663,5.933333333333849,0.4099304500023385,Moderate,False,False,0.8,60,361621905.85,False,False,Lower,True,Risk Off,False,None,45.25714285714285,1703.572,1697.97,0.2607323232323172,0.8891412118528328,False,False,No setup,0.0,None,None,0,No active J-Curve setup.,Neutral,0,Not applicable,No directional setup; confirmation score not applicable.,Wide CPR,Wide Downside Watch,Watch,Wide CPR + close below CPR; trend aligned; participation light,0,0,0,0
2026-09-30,2026-09-30,CM,NSE,STK,758968,INE0Y8W01025,AHCL,EQ,,,,,ANLON HEALTHCARE LIMITED,37.17,37.24,34.58,34.58,34.58,36.39,,34.58,,,18707312,655680325.01,19886,F1,1,,,,,,Cash Only,Diversified,False,36.39,35.5,36.39,36.093333333333334,35.945,36.24166666666667,36.24166666666667,35.945,0.29666666666666686,0.815242282678392,Wide,Bullish,Below CPR,35.46666666666666,35.91,35.023333333333326,35.91,35.023333333333326,0.8866666666666703,2.564102564102575,Wide,False,False,0.9,60,45046479.555,False,False,Higher,True,Risk Off,False,None,2.7621428571428575,17.8812,16.3407,0.10740453409188869,14.555639674559691,True,True,No setup,0.0,None,None,0,No active J-Curve setup.,Neutral,0,Not applicable,No directional setup; confirmation score not applicable.,Wide CPR,Wide Downside Watch,Watch,Wide CPR + close below CPR; trend opposes; participation confirmed,0,0,0,0
2026-09-30,2026-09-30,CM,NSE,STK,20642,INE247D01039,JINDWORLD,EQ,,,,,JINDAL WORLDWIDE LTD,47.6,47.97,46.26,46.54,46.59,47.07,,46.54,,,2793369,131379349.72,8278,F1,1,,,,,,Cash Only,Diversified,False,48.77,46.52,47.07,47.45333333333334,47.645,47.26166666666668,47.645,47.26166666666668,0.38333333333332575,0.8143899157283317,Wide,Bearish,Below CPR,46.923333333333325,47.114999999999995,46.731666666666655,47.114999999999995,46.731666666666655,0.38333333333333997,0.8236642314854749,Wide,False,False,0.5166666666666667,60,274179547.06,True,False,Overlapping,True,Risk Off,False,None,3.46857142857143,42.478199999999994,35.9253,0.110516199890168,0.4791726849386385,True,True,No setup,0.0,None,None,0,No active J-Curve setup.,Neutral,0,Not applicable,No directional setup; confirmation score not applicable.,Wide CPR,Wide Downside Watch,Watch,Wide CPR + close below CPR; trend opposes; participation light,0,0,0,0
2026-09-30,2026-09-30,CM,NSE,STK,11860,INE789E01012,JKPAPER,EQ,,,,,JK PAPER LIMITED,394.6,399.45,391.0,393.7,392.35,391.35,,393.7,,,294026,116179563.15,15826,F1,1,,,,,,Cash Only,Paper & Packaging,False,403.9,388.35,391.35,394.5333333333333,396.125,392.9416666666666,396.125,392.9416666666666,3.183333333333394,0.8134236190963061,Wide,Bearish,Inside CPR,394.7166666666667,395.225,394.20833333333337,395.225,394.20833333333337,1.0166666666666515,0.2582338498010291,Moderate,False,False,0.8166666666666667,60,145250316.8,False,False,Lower,True,Risk Off,False,None,14.06071428571428,398.035,380.94,0.22639911946491,0.7998575542521639,False,True,No setup,0.0,None,None,0,No active J-Curve setup.,Neutral,0,Not applicable,No directional setup; confirmation score not applicable.,Wide CPR,Wide Consolidation,Watch,Wide CPR + close inside CPR; consolidation/range watch,0,0,0,0
2026-09-30,2026-09-30,CM,NSE,STK,9558,INE256Z01025,AKSHAR,EQ,,,,,AKSHAR SPINTEX LIMITED,0.41,0.43,0.41,0.42,0.43,0.41,,0.42,,,1069940,445608.31,225,F1,1,,,,,,Cash Only,Diversified,False,0.42,0.39,0.41,0.4066666666666667,0.405,0.4083333333333333,0.4083333333333333,0.405,0.0033333333333332993,0.8130081300812926,Wide,Bullish,Above CPR,0.42,0.42,0.42,0.42,0.42,0.0,0.0,Narrow,False,False,0.5083333333333333,60,312162.725,False,False,Lower,True,Risk Off,False,Bullish Virgin,0.015714285714285712,0.4122,0.4339,0.21212121212121,1.4274872504396545,True,False,No setup,0.0,None,None,0,No active J-Curve setup.,Neutral,0,Not applicable,No directional setup; confirmation score not applicable.,Wide CPR,Wide Upside Watch,Watch,Wide CPR + close above CPR; trend mixed; participation confirmed,0,-1,0,-1
2026-09-30,2026-09-30,CM,NSE,STK,1630,INE570A01022,IONEXCHANG,EQ,,,,,ION EXCHANGE (INDIA) LTD,411.9,414.5,403.6,411.15,411.0,410.2,,411.15,,,230496,94700047.45,18523,F1,1,,,,,,Cash Only,Diversified,False,424.05,406.35,410.2,413.53333333333336,415.20000000000005,411.8666666666667,415.20000000000005,411.8666666666667,3.3333333333333712,0.8126117341134498,Wide,Bearish,Below CPR,409.75,409.05,410.45,410.45,409.05,1.3999999999999773,0.34050833029307487,Moderate,False,False,0.6833333333333333,60,116209016.775,False,False,Lower,True,Risk Off,False,None,17.68571428571428,404.71399999999994,398.3,0.1884760366182036,0.814911356089993,True,True,No setup,0.0,None,None,0,No active J-Curve setup.,Neutral,0,Not applicable,No directional setup; confirmation score not applicable.,Wide CPR,Wide Downside Watch,Watch,Wide CPR + close below CPR; trend opposes; participation light,0,0,0,0
2026-09-30,2026-09-30,CM,NSE,STK,1826,INE967C01018,KAMATHOTEL,EQ,,,,,KAMAT HOTELS (I) LTD,237.0,240.29,235.0,237.2,238.5,236.71,,237.2,,,26647,6324247.23,1059,F1,1,,,,,,Cash Only,Hotels & Tourism,False,238.4,229.25,236.71,234.78666666666666,233.825,235.74833333333333,235.74833333333333,233.825,1.9233333333333462,0.8125272837367861,Wide,Bullish,Above CPR,237.49666666666667,237.64499999999998,237.34833333333336,237.64499999999998,237.34833333333336,0.2966666666666242,0.12507026419334916,Narrow,False,False,0.11666666666666667,60,11176379.030000001,False,False,Lower,True,Risk Off,True,None,10.373571428571427,203.96079999999998,189.4131,0.18540705547522449,0.5658583350675787,True,True,No setup,0.0,None,None,0,No active J-Curve setup.,Neutral,0,Not applicable,No directional setup; confirmation score not applicable.,Wide CPR,Wide Upside Watch,Watch,Wide CPR + close above CPR; trend aligned; participation light,0,0,0,0
2026-09-30,2026-09-30,CM,NSE,STK,2963,INE114A01011,SAIL,EQ,,,,,STEEL AUTHORITY OF INDIA,181.85,186.0,180.26,181.49,181.49,181.82,,181.49,,,15646382,2866325991.26,77693,F1,1,,,,,,F&O + Cash,Metals & Mining,True,186.86,181.21,181.82,183.2966666666667,184.03500000000003,182.5583333333334,184.03500000000003,182.5583333333334,1.476666666666631,0.8121585450811963,Wide,Bearish,Below CPR,182.58333333333334,183.13,182.0366666666667,183.13,182.0366666666667,1.0933333333333053,0.6024207027016945,Moderate,False,False,0.45,60,2258214466.84,False,False,Lower,True,Risk Off,False,None,5.49071428571429,178.0018,180.18630000000002,0.26893890117513747,1.2692886496608766,True,True,No setup,0.0,None,None,0,No active J-Curve setup.,Neutral,0,Not applicable,No directional setup; confirmation score not applicable.,Wide CPR,Wide Downside Watch,Watch,Wide CPR + close below CPR; trend opposes; participation confirmed,0,0,0,0
2026-09-30,2026-09-30,CM,NSE,STK,9007,INE234A01025,NOVARTIND,EQ,,,,,NOVARTIS INDIA LIMITED,1924.1,2030.7,1910.0,1919.0,1915.0,1924.1,,1919.72,,,24059,47248593.8,3591,F1,1,,,,,,Cash Only,Diversified,False,1990.0,1905.0,1924.1,1939.7,1947.5,1931.9,1947.5,1931.9,15.599999999999909,0.8107686710669877,Wide,Bearish,Below CPR,1953.2333333333333,1970.35,1936.1166666666668,1970.35,1936.1166666666668,34.23333333333312,1.7839152336286148,Wide,False,False,0.7833333333333333,60,41977120.900000006,False,False,Lower,True,Risk Off,False,None,179.58571428571426,1726.4679999999998,1562.8580000000002,0.08686659772492195,1.1255796678518748,True,True,No setup,0.0,None,None,0,No active J-Curve setup.,Neutral,0,Not applicable,No directional setup; confirmation score not applicable.,Wide CPR,Wide Downside Watch,Watch,Wide CPR + close below CPR; trend opposes; participation confirmed,0,0,0,0
2026-09-30,2026-09-30,CM,NSE,STK,25690,INE417B01040,DSSL,EQ,,,,,DYNACONS SYS & SOLN LTD,1023.5,1023.5,981.1,983.2,985.0,993.0,,983.25,,,22519,22289130.2,2109,F1,1,,,,,,Cash Only,Diversified,False,1024.1,986.0,993.0,1001.0333333333333,1005.05,997.0166666666667,1005.05,997.0166666666667,8.033333333333303,0.8089963074857305,Wide,Bearish,Below CPR,995.9333333333334,1002.3,989.5666666666668,1002.3,989.5666666666668,12.733333333333121,1.2950908597775752,Wide,False,False,0.6833333333333333,60,29886182.700000003,False,False,Lower,True,Risk Off,False,None,40.47142857142858,1117.7359999999999,1258.44,0.19849394046358315,0.7458005066669152,False,False,No setup,0.0,None,None,0,No active J-Curve setup.,Neutral,0,Not applicable,No directional setup; confirmation score not applicable.,Wide CPR,Wide Downside Watch,Watch,Wide CPR + close below CPR; trend aligned; participation light,0,0,0,0
2026-09-30,2026-09-30,CM,NSE,STK,764678,INE130L01014,ENKEIWHEL,EQ,,,,,ENKEI WHEELS (INDIA) LTD.,399.0,399.0,390.0,396.55,390.35,397.8,,396.55,,,253,99681.35,26,F1,1,,,,,,Cash Only,Diversified,False,400.95,385.0,397.8,394.5833333333333,392.975,396.1916666666666,396.1916666666666,392.975,3.2166666666665833,0.8086140439081405,Wide,Bullish,Above CPR,395.18333333333334,394.5,395.8666666666667,395.8666666666667,394.5,1.3666666666666742,0.34463917959063783,Moderate,False,False,0.4838709677419355,31,886797.4,False,False,Overlapping,True,Risk Off,False,None,18.70000000000001,,,0.17201426024954983,0.11240600164141212,False,False,No setup,0.0,None,None,0,No active J-Curve setup.,Neutral,0,Not applicable,No directional setup; confirmation score not applicable.,Wide CPR,Wide Upside Watch,Watch,Wide CPR + close above CPR; trend opposes; participation light,0,0,0,0
2026-09-30,2026-09-30,CM,NSE,STK,14058,INE989A01032,SANGHVIMOV,EQ,,,,,SANGHVI MOVERS LTD,457.1,471.9,452.4,455.2,457.0,454.0,,455.29,,,204771,94724624.25,8276,F1,1,,,,,,Cash Only,Diversified,False,459.6,437.4,454.0,450.3333333333333,448.5,452.16666666666663,452.16666666666663,448.5,3.6666666666666288,0.8076358296622531,Wide,Bullish,Above CPR,459.8333333333333,462.15,457.51666666666665,462.15,457.51666666666665,4.633333333333326,1.0178676039835954,Wide,False,False,0.8,60,136124656.25,False,False,Lower,True,Risk Off,False,Bullish Virgin,18.43571428571428,454.894,423.796,0.1988893193852492,0.6958667655037697,True,True,No setup,0.0,None,None,0,No active J-Curve setup.,Neutral,0,Not applicable,No directional setup; confirmation score not applicable.,Wide CPR,Wide Upside Watch,Watch,Wide CPR + close above CPR; trend aligned; participation light,0,0,0,0
2026-09-30,2026-09-30,CM,NSE,STK,14278,INE607D01018,ORIENTBELL,EQ,,,,,ORIENT BELL LIMITED,404.9,408.25,396.05,398.55,402.5,402.6,,398.55,,,23214,9380610.5,1234,F1,1,,,,,,Cash Only,Diversified,False,405.4,390.05,402.6,399.3500000000001,397.725,400.97500000000014,400.97500000000014,397.725,3.2500000000001137,0.8072528564332125,Wide,Bullish,Inside CPR,400.95,402.15,399.75,402.15,399.75,2.3999999999999773,0.6021829130598362,Moderate,False,False,0.8166666666666667,60,5897098.5,False,False,Overlapping,True,Risk Off,False,None,15.739285714285716,364.77299999999997,344.8355,0.2064896755162314,1.590716264956402,True,True,No setup,0.0,None,None,0,No active J-Curve setup.,Neutral,0,Not applicable,No directional setup; confirmation score not applicable.,Wide CPR,Wide Consolidation,Watch,Wide CPR + close inside CPR; consolidation/range watch,0,0,0,0
2026-09-30,2026-09-30,CM,NSE,STK,759402,INE1B0W01010,ADVANCE,EQ,,,,,ADVANCE AGROLIFE LIMITED,120.19,125.45,120.0,121.19,121.88,120.19,,121.17,,,261919,32194094.93,4046,F1,1,,,,,,Cash Only,Diversified,False,123.78,119.51,120.19,121.16000000000001,121.64500000000001,120.67500000000001,121.64500000000001,120.67500000000001,0.9699999999999989,0.8070554954655119,Wide,Bearish,Inside CPR,122.21333333333332,122.725,121.70166666666665,122.725,121.70166666666665,1.0233333333333405,0.8444041037489401,Wide,False,False,0.75,60,23312030.005,False,False,Inside,True,Risk Off,False,None,5.562142857142857,117.9132,111.80300000000001,0.1743932194683445,1.3810077853835536,True,True,No setup,0.0,None,None,0,No active J-Curve setup.,Neutral,0,Not applicable,No directional setup; confirmation score not applicable.,Wide CPR,Wide Consolidation,Watch,Wide CPR + close inside CPR; consolidation/range watch,0,0,0,0
2026-09-30,2026-09-30,CM,NSE,STK,7739,INE139B01016,UCAL,BE,,,,,UCAL LIMITED,139.0,142.45,139.0,140.15,141.25,139.0,,140.15,,,5043,709210.14,76,F1,1,,,,,,Cash Only,Diversified,False,142.85,138.51,139.0,140.12,140.68,139.56,140.68,139.56,1.1200000000000045,0.8057553956834564,Wide,Bearish,Inside CPR,140.53333333333333,140.725,140.34166666666667,140.725,140.34166666666667,0.38333333333332575,0.2735164704483237,Moderate,False,False,0.26666666666666666,60,1338336.855,False,False,Lower,True,Risk Off,False,None,6.392142857142864,130.4688,117.19570000000002,0.17521510783327798,0.5299190090674145,True,True,No setup,0.0,None,None,0,No active J-Curve setup.,Neutral,0,Not applicable,No directional setup; confirmation score not applicable.,Wide CPR,Wide Consolidation,Watch,Wide CPR + close inside CPR; consolidation/range watch,0,0,0,0
2026-09-30,2026-09-30,CM,NSE,STK,2073,INE825A01020,VTL,EQ,,,,,VARDHMAN TEXTILES LIMITED,531.65,542.7,524.65,534.6,537.9,529.55,,534.6,,,615004,328683035.7,23753,F1,1,,,,,,Cash Only,Textiles,True,545.2,526.7,529.55,533.8166666666667,535.95,531.6833333333334,535.95,531.6833333333334,4.2666666666666515,0.8057155446448215,Wide,Bearish,Inside CPR,533.9833333333332,533.675,534.2916666666665,534.2916666666665,533.675,0.6166666666665606,0.11535104127694736,Narrow,False,False,0.7666666666666667,60,109628451.075,False,False,Lower,True,Risk Off,False,None,19.989285714285707,589.221,607.604,0.2134476803049246,2.9981545162499685,False,False,No setup,0.0,None,None,0,No active J-Curve setup.,Neutral,0,Not applicable,No directional setup; confirmation score not applicable.,Wide CPR,Wide Consolidation,Watch,Wide CPR + close inside CPR; consolidation/range watch,0,0,0,0
2026-09-30,2026-09-30,CM,NSE,STK,21314,INE256H01015,DYNPRO,EQ,,,,,DYNEMIC PRODUCTS LIMITED,226.0,227.02,221.0,223.58,223.0,222.6,,223.58,,,5756,1290590.97,343,F1,1,,,,,,Cash Only,Diversified,False,228.87,221.71,222.6,224.39333333333335,225.29000000000002,223.49666666666667,225.29000000000002,223.49666666666667,1.7933333333333508,0.8056304282719455,Wide,Bearish,Inside CPR,223.86666666666667,224.01,223.72333333333336,224.01,223.72333333333336,0.2866666666666333,0.12821659659479082,Narrow,False,False,0.8166666666666667,60,2659127.505,False,False,Lower,True,Risk Off,False,None,6.854285714285713,238.20219999999998,236.88710000000003,0.2616367931082421,0.48534377068165446,False,False,No setup,0.0,None,None,0,No active J-Curve setup.,Neutral,0,Not applicable,No directional setup; confirmation score not applicable.,Wide CPR,Wide Consolidation,Watch,Wide CPR + close inside CPR; consolidation/range watch,0,0,0,0
2026-09-30,2026-09-30,CM,NSE,STK,19597,INE07U701015,IRMENERGY,EQ,,,,,IRM ENERGY LIMITED,263.25,272.1,263.25,264.45,265.2,267.25,,264.43,,,32502,8666914.95,1447,F1,1,,,,,,Cash Only,Diversified,False,269.0,259.05,267.25,265.09999999999997,264.025,266.17499999999995,266.17499999999995,264.025,2.1499999999999773,0.8044901777361936,Wide,Bullish,Inside CPR,266.59999999999997,267.675,265.5249999999999,267.675,265.5249999999999,2.150000000000091,0.8130081300813352,Wide,False,False,0.6,60,16689550.15,False,False,Lower,True,Risk Off,False,None,8.460714285714273,276.58,273.66,0.2541156606162915,0.5193018908301731,False,False,No setup,0.0,None,None,0,No active J-Curve setup.,Neutral,0,Not applicable,No directional setup; confirmation score not applicable.,Wide CPR,Wide Consolidation,Watch,Wide CPR + close inside CPR; consolidation/range watch,0,0,0,0
2026-09-30,2026-09-30,CM,NSE,STK,11648,INE419A01022,KOTARISUG,BE,,,,,KOTHARI SUG & CHEM LTD.,25.96,26.88,25.8,26.08,26.09,26.12,,26.08,,,23944,628184.88,152,F1,1,,,,,,Cash Only,Diversified,False,27.37,25.5,26.12,26.330000000000002,26.435000000000002,26.225,26.435000000000002,26.225,0.21000000000000085,0.8039816232771854,Wide,Bearish,Below CPR,26.25333333333333,26.34,26.16666666666666,26.34,26.16666666666666,0.1733333333333391,0.6646216768916378,Moderate,False,False,0.85,60,1112377.0699999998,False,False,Lower,True,Risk Off,False,None,1.4950000000000003,27.586,26.627599999999997,0.1404682274247497,0.5647229675455285,False,False,No setup,0.0,None,None,0,No active J-Curve setup.,Neutral,0,Not applicable,No directional setup; confirmation score not applicable.,Wide CPR,Wide Downside Watch,Watch,Wide CPR + close below CPR; trend aligned; participation light,0,0,0,0
2026-09-30,2026-09-30,CM,NSE,STK,509,INE249Z01020,MAZDOCK,EQ,,,,,MAZAGON DOCK SHIPBUIL LTD,2083.4,2140.0,2081.1,2113.0,2113.0,2087.1,,2112.89,,,510455,1082002353.4,28574,F1,1,,,,,,F&O + Cash,Capital Goods,True,2137.4,2087.1,2087.1,2103.866666666667,2112.25,2095.4833333333336,2112.25,2095.4833333333336,16.766666666666424,0.8033475476338663,Wide,Bearish,Above CPR,2111.366666666667,2110.55,2112.1833333333334,2112.1833333333334,2110.55,1.633333333333212,0.07729925855812646,Narrow,False,False,0.8666666666666667,60,1329222502.95,False,False,Lower,True,Risk Off,False,None,63.142857142857174,2406.8520000000003,2433.585,0.26553544494720566,0.814011462338823,False,False,No setup,0.0,None,None,0,No active J-Curve setup.,Neutral,0,Not applicable,No directional setup; confirmation score not applicable.,Wide CPR,Wide Upside Watch,Watch,Wide CPR + close above CPR; trend opposes; participation light,0,0,0,0
2026-09-30,2026-09-30,CM,NSE,STK,4911,INE414A01015,MADRASFERT,EQ,,,,,MADRAS FERTILISERS LTD,58.5,59.69,58.5,58.77,58.65,58.55,,58.78,,,34224,2020272.56,880,F1,1,,,,,,Cash Only,Chemicals & Fertilizers,False,60.4,58.11,58.55,59.02,59.254999999999995,58.78500000000001,59.254999999999995,58.78500000000001,0.46999999999998465,0.8027327070879329,Wide,Bearish,Below CPR,58.98666666666667,59.095,58.878333333333345,59.095,58.878333333333345,0.21666666666665435,0.36866882196129713,Moderate,False,False,0.6833333333333333,60,2871623.375,False,False,Lower,True,Risk Off,False,None,1.8064285714285713,64.7328,66.628,0.26018189007512005,0.7035297795624053,False,False,No setup,0.0,None,None,0,No active J-Curve setup.,Neutral,0,Not applicable,No directional setup; confirmation score not applicable.,Wide CPR,Wide Downside Watch,Watch,Wide CPR + close below CPR; trend aligned; participation light,0,0,0,0
2026-09-30,2026-09-30,CM,NSE,STK,17869,INE121E01018,JSWENERGY,EQ,,,,,JSW ENERGY LIMITED,498.0,500.45,489.5,494.7,494.7,501.15,,494.63,,,1797485,886820660.95,42871,F1,1,,,,,,F&O + Cash,Power,True,501.15,489.1,501.15,497.1333333333334,495.125,499.14166666666677,499.14166666666677,495.125,4.016666666666765,0.801489906548292,Wide,Bullish,Below CPR,494.8833333333334,494.975,494.79166666666674,494.975,494.79166666666674,0.18333333333328028,0.037059497338443555,Narrow,False,False,0.8166666666666667,60,927947749.775,False,False,Lower,True,Risk Off,False,None,11.953571428571431,539.856,549.7260000000001,0.33602230853501464,0.9556795209267203,False,False,No setup,0.0,None,None,0,No active J-Curve setup.,Neutral,0,Not applicable,No directional setup; confirmation score not applicable.,Wide CPR,Wide Downside Watch,Watch,Wide CPR + close below CPR; trend aligned; participation light,0,0,0,0
2026-09-30,2026-09-30,CM,NSE,STK,759084,INE0CAZ01013,URBANCO,EQ,,,,,URBAN COMPANY LIMITED,163.4,164.29,155.85,157.48,156.5,163.71,,157.47,,,3304372,527338430.33,34438,F1,1,,,,,,Cash Only,Consumer Services,True,164.89,158.6,163.71,162.4,161.745,163.055,163.055,161.745,1.3100000000000023,0.800195467595139,Wide,Bullish,Below CPR,159.20666666666668,160.07,158.34333333333336,160.07,158.34333333333336,1.726666666666631,1.0964355262043632,Wide,False,False,0.95,60,714317432.75,False,False,Lower,True,Risk Off,False,None,7.707857142857141,154.744,141.28150000000002,0.16995644518580333,0.7382410202419912,True,True,No setup,0.0,None,None,0,No active J-Curve setup.,Neutral,0,Not applicable,No directional setup; confirmation score not applicable.,Wide CPR,Wide Downside Watch,Watch,Wide CPR + close below CPR; trend opposes; participation light,0,0,0,0
2026-09-30,2026-09-30,CM,NSE,STK,19691,INE863T01013,JITFINFRA,EQ,,,,,JITF INFRALOGISTICS LTD,288.4,288.4,275.6,278.8,275.6,277.15,,278.81,,,21653,6061866.85,433,F1,1,,,,,,Cash Only,Real Estate & Infra,False,285.95,275.0,277.15,279.3666666666667,280.475,278.2583333333333,280.475,278.2583333333333,2.216666666666697,0.7998075650971305,Wide,Bearish,Inside CPR,280.93333333333334,282.0,279.8666666666667,282.0,279.8666666666667,2.1333333333333258,0.7651841224294569,Wide,False,False,0.7666666666666667,60,6805252.6,False,False,Higher,True,Risk Off,False,None,12.24285714285712,317.342,319.3125,0.18105795410346448,0.890762945375459,False,False,No setup,0.0,None,None,0,No active J-Curve setup.,Neutral,0,Not applicable,No directional setup; confirmation score not applicable.,Wide CPR,Wide Consolidation,Watch,Wide CPR + close inside CPR; consolidation/range watch,0,0,0,0
2026-09-30,2026-09-30,CM,NSE,STK,11369,INE910C01018,TTKHLTCARE,EQ,,,,,TTK HEALTHCARE LIMITED,1041.3,1050.6,1012.6,1023.0,1012.6,1033.7,,1022.52,,,7751,8024760.1,1251,F1,1,,,,,,Cash Only,Diversified,False,1042.6,1000.0,1033.7,1025.4333333333334,1021.3,1029.5666666666668,1029.5666666666668,1021.3,8.266666666666879,0.7997162297249567,Wide,Bullish,Inside CPR,1028.7333333333333,1031.6,1025.8666666666668,1031.6,1025.8666666666668,5.733333333333121,0.5604431410882816,Moderate,False,False,0.45,60,28200391.95,False,False,Lower,True,Risk Off,False,None,43.828571428571436,1081.633,999.0255000000001,0.1886136462407697,0.2845620058837515,False,True,No setup,0.0,None,None,0,No active J-Curve setup.,Neutral,0,Not applicable,No directional setup; confirmation score not applicable.,Wide CPR,Wide Consolidation,Watch,Wide CPR + close inside CPR; consolidation/range watch,0,0,0,0
2026-09-30,2026-09-30,CM,NSE,STK,4235,INE274C01019,WENDT,EQ,,,,,WENDT (INDIA) LIMITED,8371.0,8599.0,8270.0,8351.5,8340.0,8395.0,,8352.72,,,6714,56680845.0,2092,F1,1,,,,,,Cash Only,Diversified,False,8651.0,8340.0,8395.0,8462.0,8495.5,8428.5,8495.5,8428.5,67.0,0.798094103633115,Wide,Bearish,Below CPR,8406.833333333334,8434.5,8379.166666666668,8434.5,8379.166666666668,55.33333333333212,0.6625556287293555,Moderate,False,False,0.8166666666666667,60,44016834.25,False,False,Lower,True,Risk Off,False,None,355.67857142857144,8238.48,7817.975,0.18837232653880912,1.2877083499025148,True,True,No setup,0.0,None,None,0,No active J-Curve setup.,Neutral,0,Not applicable,No directional setup; confirmation score not applicable.,Wide CPR,Wide Downside Watch,Watch,Wide CPR + close below CPR; trend opposes; participation confirmed,0,-2,0,-2
2026-09-30,2026-09-30,CM,NSE,STK,20293,INE142M01025,TATATECH,EQ,,,,,TATA TECHNOLOGIES LIMITED,686.75,719.75,686.75,707.5,706.5,686.75,,707.49,,,891561,631653895.8,48962,F1,1,,,,,,Cash Only,Information Technology,True,706.2,683.7,686.75,692.2166666666667,694.95,689.4833333333333,694.95,689.4833333333333,5.466666666666697,0.7960199004975169,Wide,Bearish,Above CPR,704.6666666666666,703.25,706.0833333333333,706.0833333333333,703.25,2.8333333333332575,0.40047114252060173,Moderate,False,False,0.5833333333333334,60,677005653.7249999,False,False,Lower,True,Risk Off,False,None,23.799999999999986,778.2909999999999,746.9345,0.22969187675070168,0.9330112567369757,False,False,No setup,0.0,None,None,0,No active J-Curve setup.,Neutral,0,Not applicable,No directional setup; confirmation score not applicable.,Wide CPR,Wide Upside Watch,Watch,Wide CPR + close above CPR; trend opposes; participation light,0,0,0,0
2026-09-30,2026-09-30,CM,NSE,STK,762568,INE177C01022,BATLIBOI,EQ,,,,,BATLIBOI LTD.,85.85,86.9,82.58,82.95,82.77,85.24,,83.06,,,26225,2205536.6,1046,F1,1,,,,,,Cash Only,Diversified,False,85.9,82.55,85.24,84.56333333333333,84.225,84.90166666666667,84.90166666666667,84.225,0.6766666666666765,0.7938370092288557,Wide,Bullish,Below CPR,84.14333333333333,84.74000000000001,83.54666666666665,84.74000000000001,83.54666666666665,1.1933333333333564,1.4386176411493146,Wide,False,False,0.55,60,2243791.85,False,False,Higher,True,Risk Off,False,None,3.7250000000000005,86.4108,83.63680000000001,0.18165548098434267,0.9829506244084094,False,False,No setup,0.0,None,None,0,No active J-Curve setup.,Neutral,0,Not applicable,No directional setup; confirmation score not applicable.,Wide CPR,Wide Downside Watch,Watch,Wide CPR + close below CPR; trend aligned; participation light,0,0,0,0
2026-09-30,2026-09-30,CM,NSE,STK,324,INE732I01021,ANGELONE,EQ,,,,,ANGEL ONE LIMITED,274.25,278.2,273.25,274.0,274.0,273.5,,274.0,,,2439788,673236701.5,24996,F1,1,,,,,,F&O + Cash,Financial Services,True,280.0,273.5,273.5,275.6666666666667,276.75,274.58333333333337,276.75,274.58333333333337,2.1666666666666288,0.7921998781230818,Wide,Bearish,Below CPR,275.15000000000003,275.725,274.57500000000005,275.725,274.57500000000005,1.1499999999999773,0.419708029197072,Moderate,False,False,0.7833333333333333,60,1336874284.5500002,False,False,Lower,True,Risk Off,False,None,8.51071428571428,295.329,314.9035,0.25458106028814786,0.5035901350489478,False,False,No setup,0.0,None,None,0,No active J-Curve setup.,Neutral,0,Not applicable,No directional setup; confirmation score not applicable.,Wide CPR,Wide Downside Watch,Watch,Wide CPR + close below CPR; trend aligned; participation light,0,0,0,0
2026-09-30,2026-09-30,CM,NSE,STK,11452,INE421D01022,CCL,EQ,,,,,CCL PRODUCTS (I) LTD,1002.0,1031.0,991.4,1019.5,1029.0,1006.2,,1019.49,,,146634,149517464.9,18926,F1,1,,,,,,Cash Only,Fast Moving Consumer Goods,True,1036.3,1000.0,1006.2,1014.1666666666666,1018.15,1010.1833333333333,1018.15,1010.1833333333333,7.966666666666697,0.7917577685019576,Wide,Bearish,Above CPR,1013.9666666666667,1011.2,1016.7333333333333,1016.7333333333333,1011.2,5.533333333333303,0.5427497139120454,Moderate,False,False,0.38333333333333336,60,161580184.05,False,False,Lower,True,Risk Off,False,None,26.850000000000005,1112.4620000000002,1125.59,0.2967101179391693,0.9253453062891223,False,False,No setup,0.0,None,None,0,No active J-Curve setup.,Neutral,0,Not applicable,No directional setup; confirmation score not applicable.,Wide CPR,Wide Upside Watch,Watch,Wide CPR + close above CPR; trend opposes; participation light,0,-2,0,-2
2026-09-30,2026-09-30,CM,NSE,STK,29711,INE0SII01026,QPOWER,EQ,,,,,QUALITY POWER ELEC EQUP L,1610.1,1675.0,1572.3,1584.8,1585.0,1614.3,,1584.87,,,267707,431699903.1,20306,F1,1,,,,,,Cash Only,Power & Utilities,False,1638.0,1552.3,1614.3,1601.5333333333335,1595.15,1607.916666666667,1607.916666666667,1595.15,12.766666666666879,0.7908484585682264,Wide,Bullish,Below CPR,1610.7,1623.65,1597.75,1623.65,1597.75,25.90000000000009,1.634275618374564,Wide,False,False,0.8833333333333333,60,714580299.9,False,False,Higher,True,Risk Off,False,None,78.93571428571428,1370.6470000000002,1141.3345,0.1617349862757545,0.6041307088376395,True,True,No setup,0.0,None,None,0,No active J-Curve setup.,Neutral,0,Not applicable,No directional setup; confirmation score not applicable.,Wide CPR,Wide Downside Watch,Watch,Wide CPR + close below CPR; trend opposes; participation light,0,0,0,0
2026-09-30,2026-09-30,CM,NSE,STK,759176,INE906O01029,TIGERLOGS,EQ,,,,,TIGER LOGISTICS (INDIA) L,26.94,27.0,25.8,26.25,26.34,26.17,,26.23,,,123268,3240612.97,941,F1,1,,,,,,Cash Only,Diversified,False,27.16,25.8,26.17,26.376666666666665,26.48,26.27333333333333,26.48,26.27333333333333,0.20666666666667055,0.7897083174118094,Wide,Bearish,Below CPR,26.349999999999998,26.4,26.299999999999997,26.4,26.299999999999997,0.10000000000000142,0.38095238095238637,Moderate,False,False,0.45,60,3331671.005,False,False,Overlapping,True,Risk Off,False,None,1.4149999999999998,30.9106,30.260299999999997,0.1460541813898732,0.9726689595511248,False,False,No setup,0.0,None,None,0,No active J-Curve setup.,Neutral,0,Not applicable,No directional setup; confirmation score not applicable.,Wide CPR,Wide Downside Watch,Watch,Wide CPR + close below CPR; trend aligned; participation light,0,0,0,0
2026-09-30,2026-09-30,CM,NSE,STK,759265,INE976I01016,TATACAP,EQ,,,,,TATA CAPITAL LIMITED,331.35,331.35,324.8,327.95,327.5,331.35,,327.96,,,1709693,559241942.9,52892,F1,1,,,,,,Cash Only,Financial Services,True,333.3,321.55,331.35,328.73333333333335,327.425,330.0416666666667,330.0416666666667,327.425,2.6166666666666742,0.7896987073084878,Wide,Bullish,Inside CPR,328.03333333333336,328.07500000000005,327.9916666666667,328.07500000000005,327.9916666666667,0.08333333333337123,0.025410377598222664,Narrow,False,False,0.95,60,402660466.675,False,False,Lower,True,Risk Off,False,None,10.049999999999999,359.21700000000004,345.715,0.26036484245439545,1.3888672695335196,False,False,No setup,0.0,None,None,0,No active J-Curve setup.,Neutral,0,Not applicable,No directional setup; confirmation score not applicable.,Wide CPR,Wide Consolidation,Watch,Wide CPR + close inside CPR; consolidation/range watch,0,0,0,0
2026-09-30,2026-09-30,CM,NSE,STK,14485,INE083B01024,THEMISMED,EQ,,,,,THEMIS MEDICARE LTD.,120.9,122.19,115.25,116.46,116.5,119.95,,116.46,,,468486,54697617.44,1409,F1,1,,,,,,Cash Only,Diversified,False,121.04,116.02,119.95,119.00333333333333,118.53,119.47666666666666,119.47666666666666,118.53,0.9466666666666583,0.7892177296095525,Wide,Bullish,Below CPR,117.96666666666665,118.72,117.21333333333331,118.72,117.21333333333331,1.506666666666689,1.2937203045394892,Wide,False,False,0.9666666666666667,60,9343795.559999999,False,False,Higher,True,Risk Off,False,None,5.940714285714286,116.2692,112.0151,0.1593523305679117,5.8538970687838985,True,True,No setup,0.0,None,None,0,No active J-Curve setup.,Neutral,0,Not applicable,No directional setup; confirmation score not applicable.,Wide CPR,Wide Downside Watch,Watch,Wide CPR + close below CPR; trend opposes; participation confirmed,0,0,0,0
2026-09-30,2026-09-30,CM,NSE,STK,10932,INE874F01027,RADAAN,EQ,,,,,RADAAN MEDIAWORKS (I) LTD,2.96,3.07,2.91,3.0,3.02,2.96,,2.99,,,28286,84846.49,93,F1,1,,,,,,Cash Only,Diversified,False,3.09,2.9,2.96,2.983333333333333,2.995,2.971666666666666,2.995,2.971666666666666,0.023333333333334316,0.7882882882883215,Wide,Bearish,Above CPR,2.9933333333333336,2.99,2.996666666666667,2.996666666666667,2.99,0.006666666666666821,0.22222222222222734,Narrow,False,False,0.26666666666666666,60,51890.55,True,True,Lower,True,Risk Off,False,None,0.2292857142857143,2.9932,3.0209,0.10176531671859203,1.6351048504978267,True,False,No setup,0.0,None,None,0,No active J-Curve setup.,Neutral,0,Not applicable,No directional setup; confirmation score not applicable.,Wide CPR,Wide Upside Watch,Watch,Wide CPR + close above CPR; trend mixed; participation confirmed,0,0,0,0
2026-09-30,2026-09-30,CM,NSE,STK,19531,INE933K01021,BAJAJCON,EQ,,,,,BAJAJ CONSUMER CARE LTD,499.0,503.9,493.45,495.55,497.0,493.0,,495.54,,,260252,129474716.8,9466,F1,1,,,,,,Cash Only,Diversified,False,499.8,474.55,493.0,489.1166666666666,487.175,491.0583333333332,491.0583333333332,487.175,3.883333333333212,0.787694388100043,Wide,Bullish,Above CPR,497.63333333333327,498.67499999999995,496.5916666666666,498.67499999999995,496.5916666666666,2.0833333333333712,0.4204083005414935,Moderate,False,False,0.8833333333333333,60,358040808.4,False,False,Lower,True,Risk Off,False,Bullish Virgin,18.700000000000006,509.68800000000005,543.7605,0.20766488413546583,0.3616199990682403,False,False,No setup,0.0,None,None,0,No active J-Curve setup.,Neutral,0,Not applicable,No directional setup; confirmation score not applicable.,Wide CPR,Wide Upside Watch,Watch,Wide CPR + close above CPR; trend opposes; participation light,0,0,0,0
2026-09-30,2026-09-30,CM,NSE,STK,17433,INE0NT901020,NETWEB,EQ,,,,,NETWEB TECH INDIA LTD,4625.0,4684.5,4530.0,4548.0,4548.0,4613.0,,4548.12,,,586472,2707898240.0,55267,F1,1,,,,,,Cash Only,Information Technology,True,4664.0,4453.0,4613.0,4576.666666666667,4558.5,4594.833333333334,4594.833333333334,4558.5,36.33333333333394,0.7876291639569464,Wide,Bullish,Below CPR,4587.5,4607.25,4567.75,4607.25,4567.75,39.5,0.8685136323658751,Wide,False,False,0.4166666666666667,60,5424344400.6,False,False,Overlapping,True,Risk Off,False,None,181.67857142857142,4859.558,4626.315,0.19998689469890907,0.499212077997937,False,False,No setup,0.0,None,None,0,No active J-Curve setup.,Neutral,0,Not applicable,No directional setup; confirmation score not applicable.,Wide CPR,Wide Downside Watch,Watch,Wide CPR + close below CPR; trend aligned; participation light,0,0,0,0
2026-09-30,2026-09-30,CM,NSE,STK,7,INE769A01020,AARTIIND,EQ,,,,,AARTI INDUSTRIES LTD,472.0,489.95,471.4,475.7,475.15,469.9,,475.71,,,723013,347849843.4,29822,F1,1,,,,,,Cash Only,Chemicals,True,482.9,468.0,469.9,473.59999999999997,475.45,471.74999999999994,475.45,471.74999999999994,3.7000000000000455,0.7874015748031593,Wide,Bearish,Above CPR,479.01666666666665,480.67499999999995,477.35833333333335,480.67499999999995,477.35833333333335,3.316666666666606,0.6972181346787063,Moderate,False,False,0.6833333333333333,60,317955495.4,False,False,Lower,True,Risk Off,False,None,14.807142857142846,502.574,488.0955,0.2498794018330954,1.0940205419704785,False,False,No setup,0.0,None,None,0,No active J-Curve setup.,Neutral,0,Not applicable,No directional setup; confirmation score not applicable.,Wide CPR,Wide Upside Watch,Watch,Wide CPR + close above CPR; trend opposes; participation confirmed,0,0,0,0
2026-09-30,2026-09-30,CM,NSE,STK,18566,INE777K01022,RRKABEL,EQ,,,,,R R KABEL LIMITED,2530.0,2537.0,2477.0,2518.6,2526.0,2523.2,,2518.71,,,254650,641102410.8,29990,F1,1,,,,,,Cash Only,Capital Goods,True,2546.5,2440.3,2523.2,2503.3333333333335,2493.4,2513.266666666667,2513.266666666667,2493.4,19.866666666666788,0.7873599661805163,Wide,Bullish,Above CPR,2510.866666666667,2507.0,2514.7333333333336,2514.7333333333336,2507.0,7.733333333333576,0.30704888959475807,Moderate,False,False,0.6833333333333333,60,934542016.6,False,False,Lower,True,Risk Off,False,None,75.37857142857148,2622.936,2400.7110000000002,0.26355854575318377,0.6860070488135181,False,True,No setup,0.0,None,None,0,No active J-Curve setup.,Neutral,0,Not applicable,No directional setup; confirmation score not applicable.,Wide CPR,Wide Upside Watch,Watch,Wide CPR + close above CPR; trend mixed; participation light,0,0,0,0
2026-09-30,2026-09-30,CM,NSE,STK,2307,INE577A01027,MUNJALSHOW,EQ,,,,,MUNJAL SHOWA LTD,126.0,127.75,125.0,126.44,125.52,126.32,,126.43,,,28696,3628344.27,544,F1,1,,,,,,Cash Only,Diversified,False,127.3,122.36,126.32,125.32666666666667,124.83,125.82333333333334,125.82333333333334,124.83,0.9933333333333394,0.786362676799667,Wide,Bullish,Above CPR,126.39666666666666,126.375,126.41833333333332,126.41833333333332,126.375,0.043333333333322344,0.034271854898230265,Narrow,False,False,0.8833333333333333,60,4315226.955,False,False,Lower,True,Risk Off,False,None,4.467857142857144,132.4414,132.3258,0.22232880362376894,0.8408235088993135,False,False,No setup,0.0,None,None,0,No active J-Curve setup.,Neutral,0,Not applicable,No directional setup; confirmation score not applicable.,Wide CPR,Wide Upside Watch,Watch,Wide CPR + close above CPR; trend opposes; participation light,0,0,0,0
2026-09-30,2026-09-30,CM,NSE,STK,22255,INE07OG01012,NDRAUTO,EQ,,,,,NDR AUTO COMPONENTS LTD,748.9,749.3,710.0,717.7,714.6,739.9,,717.71,,,7470,5452250.8,843,F1,1,,,,,,Cash Only,Automobile & Ancillary,False,746.3,716.05,739.9,734.0833333333334,731.175,736.9916666666668,736.9916666666668,731.175,5.816666666666833,0.7861422714781503,Wide,Bullish,Below CPR,725.6666666666666,729.65,721.6833333333333,729.65,721.6833333333333,7.966666666666697,1.110027402350104,Wide,False,False,0.9666666666666667,60,13142545.025,False,False,Lower,True,Risk Off,False,None,27.70357142857144,765.445,795.2425,0.20996089553522143,0.41485502158285353,False,False,No setup,0.0,None,None,0,No active J-Curve setup.,Neutral,0,Not applicable,No directional setup; confirmation score not applicable.,Wide CPR,Wide Downside Watch,Watch,Wide CPR + close below CPR; trend aligned; participation light,0,0,0,0
2026-09-30,2026-09-30,CM,NSE,STK,761814,INE887D01024,TCC,EQ,,,,,TCC CONCEPT LIMITED,50.1,54.55,48.15,49.93,49.31,50.09,,49.99,,,2215816,114810909.51,14402,F1,1,,,,,,Cash Only,Diversified,False,50.82,48.18,50.09,49.696666666666665,49.5,49.89333333333333,49.89333333333333,49.5,0.39333333333333087,0.7852532108870649,Wide,Bullish,Above CPR,50.876666666666665,51.349999999999994,50.403333333333336,51.349999999999994,50.403333333333336,0.9466666666666583,1.8959877161359069,Wide,False,False,0.6333333333333333,60,16553289.0,False,False,Lower,True,Risk Off,False,None,5.033571428571429,188.6436,268.2228,0.07814199895936755,6.935836709550592,False,False,No setup,0.0,None,None,0,No active J-Curve setup.,Neutral,0,Not applicable,No directional setup; confirmation score not applicable.,Wide CPR,Wide Upside Watch,Watch,Wide CPR + close above CPR; trend opposes; participation confirmed,0,0,0,0
2026-09-30,2026-09-30,CM,NSE,STK,1174,INE113A01013,GNFC,EQ,,,,,GUJ NAR VAL FER & CHEM L,611.0,621.7,603.0,604.4,603.0,611.5,,604.4,,,973991,594608042.25,20348,F1,1,,,,,,Cash Only,Diversified,False,627.55,609.85,611.5,616.3000000000001,618.7,613.9000000000001,618.7,613.9000000000001,4.7999999999999545,0.7849550286181447,Wide,Bearish,Below CPR,609.6999999999999,612.35,607.0499999999998,612.35,607.0499999999998,5.300000000000182,0.8769027134348415,Wide,False,False,0.5666666666666667,60,247181325.025,False,False,Lower,True,Risk Off,False,None,22.989285714285725,565.7139999999999,541.3570000000001,0.20879291595463517,2.4055540692237214,True,True,No setup,0.0,None,None,0,No active J-Curve setup.,Neutral,0,Not applicable,No directional setup; confirmation score not applicable.,Wide CPR,Wide Downside Watch,Watch,Wide CPR + close below CPR; trend opposes; participation confirmed,0,0,0,0
2026-09-30,2026-09-30,CM,NSE,STK,14813,INE102I01027,ADSL,EQ,,,,,ALLIED DIGITAL SERV. LTD,110.8,113.37,108.0,108.53,108.16,109.99,,108.54,,,187491,20682811.97,2877,F1,1,,,,,,Cash Only,Diversified,False,114.3,108.27,109.99,110.85333333333334,111.285,110.42166666666668,111.285,110.42166666666668,0.8633333333333155,0.7849198411976686,Wide,Bearish,Below CPR,109.96666666666665,110.685,109.2483333333333,110.685,109.2483333333333,1.4366666666666958,1.3237507294450344,Wide,False,False,0.9833333333333333,60,10821848.405000001,False,False,Inside,True,Risk Off,False,None,5.537857142857141,108.36219999999999,115.62180000000001,0.15589664216002092,1.911208806107832,True,False,No setup,0.0,None,None,0,No active J-Curve setup.,Neutral,0,Not applicable,No directional setup; confirmation score not applicable.,Wide CPR,Wide Downside Watch,Watch,Wide CPR + close below CPR; trend mixed; participation confirmed,0,0,0,0
2026-09-30,2026-09-30,CM,NSE,STK,17641,INE805D01034,SUNTECK,EQ,,,,,SUNTECK REALTY LIMITED,278.6,284.0,276.0,277.4,276.5,280.3,,277.41,,,67009,18782789.05,2657,F1,1,,,,,,Cash Only,Real Estate,False,285.45,268.55,280.3,278.09999999999997,277.0,279.19999999999993,279.19999999999993,277.0,2.199999999999932,0.7848733499821375,Wide,Bullish,Inside CPR,279.1333333333333,280.0,278.26666666666665,280.0,278.26666666666665,1.7333333333333485,0.6248497957221877,Moderate,False,False,0.6666666666666666,60,44828970.075,False,False,Lower,True,Risk Off,False,None,9.132142857142851,297.25500000000005,302.3725,0.24090731325771658,0.418987744277326,False,False,No setup,0.0,None,None,0,No active J-Curve setup.,Neutral,0,Not applicable,No directional setup; confirmation score not applicable.,Wide CPR,Wide Consolidation,Watch,Wide CPR + close inside CPR; consolidation/range watch,0,0,0,0
2026-09-30,2026-09-30,CM,NSE,STK,592,INE371A01025,GRAPHITE,EQ,,,,,GRAPHITE INDIA LTD,780.0,801.0,757.25,764.8,768.8,801.55,,764.75,,,2394392,1856389586.0,74949,F1,1,,,,,,Cash Only,Capital Goods,True,805.45,778.8,801.55,795.2666666666668,792.125,798.4083333333335,798.4083333333335,792.125,6.28333333333353,0.7838978645541178,Wide,Bullish,Below CPR,774.35,779.125,769.575,779.125,769.575,9.549999999999955,1.248692468619241,Wide,False,False,0.65,60,671636343.45,False,False,Lower,True,Risk Off,False,None,41.367857142857154,732.7490000000001,703.3325,0.15188926300037883,2.763980246310478,True,True,No setup,0.0,None,None,0,No active J-Curve setup.,Neutral,0,Not applicable,No directional setup; confirmation score not applicable.,Wide CPR,Wide Downside Watch,Watch,Wide CPR + close below CPR; trend opposes; participation confirmed,0,0,0,0
2026-09-30,2026-09-30,CM,NSE,STK,2306,INE052T01021,BESTAGRO,EQ,,,,,BEST AGROLIFE LIMITED,17.74,18.25,17.33,17.53,17.6,17.86,,17.53,,,672928,11996860.7,1698,F1,1,,,,,,Cash Only,Chemicals & Fertilizers,False,18.0,17.3,17.86,17.72,17.65,17.79,17.79,17.65,0.14000000000000057,0.7838745800671924,Wide,Bullish,Below CPR,17.703333333333333,17.79,17.616666666666667,17.79,17.616666666666667,0.173333333333332,0.9887811370983001,Wide,False,False,0.43333333333333335,60,10144644.955,False,False,Lower,True,Risk Off,False,None,0.8157142857142853,18.3052,17.299,0.17162872154115666,1.1825806376877779,False,True,No setup,0.0,None,None,0,No active J-Curve setup.,Neutral,0,Not applicable,No directional setup; confirmation score not applicable.,Wide CPR,Wide Downside Watch,Watch,Wide CPR + close below CPR; trend mixed; participation confirmed,0,0,0,0
2026-09-30,2026-09-30,CM,NSE,STK,11309,INE618N01022,BALAXI,EQ,,,,,BALAXI PHARMA LTD,23.4,23.4,22.55,22.78,22.7,23.02,,22.78,,,11994,273462.95,207,F1,1,,,,,,Cash Only,Diversified,False,23.45,22.05,23.02,22.84,22.75,22.93,22.93,22.75,0.17999999999999972,0.781928757602084,Wide,Bullish,Inside CPR,22.91,22.975,22.845,22.975,22.845,0.13000000000000256,0.5706760316066838,Moderate,False,False,0.6666666666666666,60,897961.765,False,False,Outside,True,Risk Off,False,None,1.3942857142857144,23.753,22.215700000000002,0.1290983606557375,0.30453740978603916,False,True,No setup,0.0,None,None,0,No active J-Curve setup.,Neutral,0,Not applicable,No directional setup; confirmation score not applicable.,Wide CPR,Wide Consolidation,Watch,Wide CPR + close inside CPR; consolidation/range watch,0,0,0,0
2026-09-30,2026-09-30,CM,NSE,STK,15303,INE863I01016,BANG,EQ,,,,,BANG OVERSEAS LTD.,31.53,32.8,30.92,32.27,31.5,31.68,,32.27,,,21308,671050.43,265,F1,1,,,,,,Cash Only,Diversified,False,32.68,31.42,31.68,31.926666666666666,32.05,31.803333333333335,32.05,31.803333333333335,0.2466666666666626,0.7786195286195158,Wide,Bearish,Above CPR,31.99666666666667,31.86,32.13333333333334,32.13333333333334,31.86,0.27333333333334053,0.8470199359570515,Wide,False,False,0.6333333333333333,60,736414.405,False,False,Lower,True,Risk Off,False,None,1.8914285714285712,31.5004,32.6563,0.1304128902316192,0.9112402275726804,True,False,No setup,0.0,None,None,0,No active J-Curve setup.,Neutral,0,Not applicable,No directional setup; confirmation score not applicable.,Wide CPR,Wide Upside Watch,Watch,Wide CPR + close above CPR; trend mixed; participation light,0,0,0,0
2026-09-30,2026-09-30,CM,NSE,STK,13816,INE818H01020,LTFOODS,EQ,,,,,LT FOODS LIMITED,405.65,409.4,399.0,400.4,400.95,402.8,,400.41,,,356756,143776857.8,22164,F1,1,,,,,,Cash Only,Fast Moving Consumer Goods,True,413.8,401.2,402.8,405.93333333333334,407.5,404.3666666666667,407.5,404.3666666666667,3.1333333333333258,0.7778881165177075,Wide,Bearish,Below CPR,402.93333333333334,404.2,401.6666666666667,404.2,401.6666666666667,2.533333333333303,0.6327006327006252,Moderate,False,False,0.9166666666666666,60,179198955.825,False,False,Lower,True,Risk Off,False,None,12.521428571428581,421.68299999999994,405.4705,0.25023768777334016,0.802330890479116,False,False,No setup,0.0,None,None,0,No active J-Curve setup.,Neutral,0,Not applicable,No directional setup; confirmation score not applicable.,Wide CPR,Wide Downside Watch,Watch,Wide CPR + close below CPR; trend aligned; participation light,0,0,0,0
2026-09-30,2026-09-30,CM,NSE,STK,764408,INE05C901015,JNPR,EQ,,,,,JUNIPER GREEN ENERGY LTD,270.5,282.75,269.85,273.3,273.0,272.3,,273.3,,,1056639,292044339.4,34888,F1,1,,,,,,Cash Only,Diversified,False,275.0,263.25,272.3,270.18333333333334,269.125,271.2416666666667,271.2416666666667,269.125,2.1166666666666742,0.7773289264291863,Wide,Bullish,Above CPR,275.3,276.3,274.3,276.3,274.3,2.0,0.7317965605561654,Moderate,False,False,0.2631578947368421,38,263926718.4,True,False,Higher,True,Risk Off,False,None,11.924999999999999,,,0.17749825296995173,1.1065357125283,False,False,No setup,0.0,None,None,0,No active J-Curve setup.,Neutral,0,Not applicable,No directional setup; confirmation score not applicable.,Wide CPR,Wide Upside Watch,Watch,Wide CPR + close above CPR; trend opposes; participation confirmed,0,0,0,0
2026-09-30,2026-09-30,CM,NSE,STK,4892,INE979A01025,SAREGAMA,EQ,,,,,SAREGAMA INDIA LIMITED,498.9,518.65,495.35,506.55,507.0,493.45,,506.56,,,643873,328186732.65,35414,F1,1,,,,,,Cash Only,Media Entertainment & Publication,True,502.4,473.0,493.45,489.6166666666666,487.7,491.53333333333325,491.53333333333325,487.7,3.8333333333332575,0.7768433140811142,Wide,Bullish,Above CPR,506.84999999999997,507.0,506.69999999999993,507.0,506.69999999999993,0.3000000000000682,0.059224163458704605,Narrow,False,False,0.3,60,211137082.925,False,False,Lower,True,Risk Off,False,Bullish Virgin,18.86785714285715,506.866,477.0985,0.20316739226449207,1.5543775072736903,False,True,No setup,0.0,None,None,0,No active J-Curve setup.,Neutral,0,Not applicable,No directional setup; confirmation score not applicable.,Wide CPR,Wide Upside Watch,Watch,Wide CPR + close above CPR; trend mixed; participation confirmed,0,0,0,0
2026-09-30,2026-09-30,CM,NSE,STK,4898,INE258B01022,FDC,EQ,,,,,FDC LIMITED,350.1,353.4,337.85,339.4,340.0,350.1,,339.41,,,103104,35435152.55,5295,F1,1,,,,,,Cash Only,Diversified,False,351.9,340.15,350.1,347.3833333333334,346.025,348.7416666666668,348.7416666666668,346.025,2.7166666666668107,0.7759687708274238,Wide,Bullish,Below CPR,343.55,345.625,341.475,345.625,341.475,4.149999999999977,1.2227460223924507,Wide,False,False,0.6,60,45882693.175,True,False,Higher,True,Risk Off,False,None,10.753571428571433,363.32200000000006,381.07599999999996,0.2526292483117591,0.7722988799904944,False,False,No setup,0.0,None,None,0,No active J-Curve setup.,Neutral,0,Not applicable,No directional setup; confirmation score not applicable.,Wide CPR,Wide Downside Watch,Watch,Wide CPR + close below CPR; trend aligned; participation light,0,0,0,0
2026-09-30,2026-09-30,CM,NSE,STK,765218,INE247C01023,VIRTUALG,BE,,,,,VIRTUAL GLOBAL EDU LTD,0.44,0.45,0.42,0.44,0.45,0.43,,0.44,,,382994,170100.97,130,F1,1,,,,,,Cash Only,Diversified,False,0.45,0.42,0.43,0.43333333333333335,0.435,0.4316666666666667,0.435,0.4316666666666667,0.0033333333333332993,0.7751937984496045,Wide,Bearish,Above CPR,0.4366666666666667,0.435,0.4383333333333334,0.4383333333333334,0.435,0.0033333333333334103,0.757575757575775,Wide,False,False,0.6935483870967742,31,133946.27,False,False,Lower,True,Risk Off,False,None,0.024285714285714282,,,0.13725490196078294,1.2699194236614428,False,False,No setup,0.0,None,None,0,No active J-Curve setup.,Neutral,0,Not applicable,No directional setup; confirmation score not applicable.,Wide CPR,Wide Upside Watch,Watch,Wide CPR + close above CPR; trend opposes; participation confirmed,0,0,0,0
2026-09-30,2026-09-30,CM,NSE,STK,19234,INE947Q01028,LAURUSLABS,EQ,,,,,LAURUS LABS LIMITED,1993.0,2001.6,1955.1,1980.0,1980.0,1979.0,,1980.01,,,1397926,2769093734.9,45660,F1,1,,,,,,F&O + Cash,Healthcare,True,2024.9,1979.0,1979.0,1994.3,2001.95,1986.6499999999999,2001.95,1986.6499999999999,15.300000000000182,0.7731177362304286,Wide,Bearish,Below CPR,1978.8999999999999,1978.35,1979.4499999999998,1979.4499999999998,1978.35,1.099999999999909,0.05555555555555096,Narrow,False,False,0.48333333333333334,60,2988945848.65,False,False,Lower,True,Risk Off,False,None,48.81428571428574,1857.54,1639.609,0.3134328358208991,0.9264449324669768,True,True,No setup,0.0,None,None,0,No active J-Curve setup.,Neutral,0,Not applicable,No directional setup; confirmation score not applicable.,Wide CPR,Wide Downside Watch,Watch,Wide CPR + close below CPR; trend opposes; participation light,0,0,0,0
2026-09-30,2026-09-30,CM,NSE,STK,1530,INE323C01030,INDIANHUME,EQ,,,,,INDIAN HUME PIPE CO. LTD.,352.15,362.8,350.3,352.8,350.3,355.8,,352.79,,,25759,9239818.25,1298,F1,1,,,,,,Cash Only,Diversified,False,358.0,345.35,355.8,353.05,351.675,354.425,354.425,351.675,2.75,0.7729061270376616,Wide,Bullish,Inside CPR,355.3,356.55,354.05,356.55,354.05,2.5,0.7086167800453514,Moderate,False,False,0.6,60,20217003.525,False,False,Lower,True,Risk Off,False,None,14.317857142857141,378.11400000000003,354.449,0.1920678473434772,0.4570320343751338,False,False,No setup,0.0,None,None,0,No active J-Curve setup.,Neutral,0,Not applicable,No directional setup; confirmation score not applicable.,Wide CPR,Wide Consolidation,Watch,Wide CPR + close inside CPR; consolidation/range watch,0,0,0,0
2026-09-30,2026-09-30,CM,NSE,STK,14466,INE884B01025,KIRLFER,EQ,,,,,KIRLOSKAR FERROUS IND LTD,474.4,481.7,468.3,470.0,470.35,474.4,,470.03,,,42951,20256540.85,2625,F1,1,,,,,,Cash Only,Diversified,False,476.8,461.0,474.4,470.7333333333333,468.9,472.5666666666666,472.5666666666666,468.9,3.6666666666666288,0.7729061270376537,Wide,Bullish,Inside CPR,473.3333333333333,475.0,471.66666666666663,475.0,471.66666666666663,3.3333333333333712,0.7092198581560364,Moderate,False,False,0.8166666666666667,60,34135881.900000006,False,False,Lower,True,Risk Off,False,None,13.26785714285713,459.38700000000006,454.60149999999993,0.27635711081202075,0.5934090383058186,True,True,No setup,0.0,None,None,0,No active J-Curve setup.,Neutral,0,Not applicable,No directional setup; confirmation score not applicable.,Wide CPR,Wide Consolidation,Watch,Wide CPR + close inside CPR; consolidation/range watch,0,0,0,0
2026-09-30,2026-09-30,CM,NSE,STK,15349,INE888C01040,SADHNANIQ,BE,,,,,SADHANA NITROCHEM LIMITED,2.6,2.68,2.49,2.53,2.59,2.59,,2.53,,,1260041,3247802.8,745,F1,1,,,,,,Cash Only,Diversified,False,2.69,2.55,2.59,2.61,2.62,2.5999999999999996,2.62,2.5999999999999996,0.020000000000000462,0.7722007722007901,Wide,Bearish,Below CPR,2.5666666666666664,2.585,2.548333333333333,2.585,2.548333333333333,0.03666666666666707,1.4492753623188566,Wide,False,False,0.9,60,5175608.785,False,False,Lower,True,Risk Off,False,None,0.1249999999999999,2.1446,3.7871000000000006,0.1600000000000038,0.6275209226425331,True,False,No setup,0.0,None,None,0,No active J-Curve setup.,Neutral,0,Not applicable,No directional setup; confirmation score not applicable.,Wide CPR,Wide Downside Watch,Watch,Wide CPR + close below CPR; trend mixed; participation light,0,0,0,0
2026-09-30,2026-09-30,CM,NSE,STK,756020,INE015C01016,TINNARUBR,EQ,,,,,TINNA RUBBER AND INFR LTD,954.0,977.55,941.5,952.1,945.0,955.2,,952.17,,,24523,23554711.0,2698,F1,1,,,,,,Cash Only,Diversified,False,968.85,919.45,955.2,947.8333333333334,944.1500000000001,951.5166666666667,951.5166666666667,944.1500000000001,7.366666666666561,0.771217197096583,Wide,Bullish,Above CPR,957.0500000000001,959.525,954.5750000000002,959.525,954.5750000000002,4.949999999999818,0.5199033714945718,Moderate,False,False,0.75,60,52851490.55,False,False,Lower,True,Risk Off,False,None,44.8714285714286,1048.996,961.824,0.1641727687572935,0.4456773263133636,False,False,No setup,0.0,None,None,0,No active J-Curve setup.,Neutral,0,Not applicable,No directional setup; confirmation score not applicable.,Wide CPR,Wide Upside Watch,Watch,Wide CPR + close above CPR; trend opposes; participation light,0,0,0,0
2026-09-30,2026-09-30,CM,NSE,STK,759205,INE1FF001016,JKIPL,EQ,,,,,JINKUSHAL INDUSTRIES LTD,96.05,100.5,96.0,97.7,97.0,97.69,,97.7,,,3154,308674.27,68,F1,1,,,,,,Cash Only,Diversified,False,98.07,95.05,97.69,96.93666666666667,96.56,97.31333333333333,97.31333333333333,96.56,0.7533333333333303,0.7711468249906135,Wide,Bullish,Above CPR,98.06666666666666,98.25,97.88333333333333,98.25,97.88333333333333,0.36666666666667425,0.3752985329239245,Moderate,False,False,0.25,60,3044350.385,False,False,Outside,True,Risk Off,True,None,4.096428571428572,89.15460000000002,78.2576,0.1839000290613186,0.10139249132454904,True,True,No setup,0.0,None,None,0,No active J-Curve setup.,Neutral,0,Not applicable,No directional setup; confirmation score not applicable.,Wide CPR,Wide Upside Watch,Watch,Wide CPR + close above CPR; trend aligned; participation light,0,0,-2,-2
2026-09-30,2026-09-30,CM,NSE,STK,13260,INE389H01022,KEC,EQ,,,,,KEC INTL. LIMITED,380.0,384.35,375.1,377.25,376.0,378.35,,377.26,,,715246,271875484.95,24435,F1,1,,,,,,Cash Only,Construction,True,390.35,375.1,378.35,381.2666666666667,382.725,379.8083333333334,382.725,379.8083333333334,2.9166666666666288,0.770891150169586,Wide,Bearish,Below CPR,378.90000000000003,379.725,378.07500000000005,379.725,378.07500000000005,1.6499999999999773,0.437375745526833,Moderate,False,False,0.5333333333333333,60,329559667.725,False,False,Lower,True,Risk Off,False,None,13.932142857142853,432.52200000000005,472.03399999999993,0.2093480304195479,0.8249658910836917,False,False,No setup,0.0,None,None,0,No active J-Curve setup.,Neutral,0,Not applicable,No directional setup; confirmation score not applicable.,Wide CPR,Wide Downside Watch,Watch,Wide CPR + close below CPR; trend aligned; participation light,0,0,0,0
2026-09-30,2026-09-30,CM,NSE,STK,14562,INE318D01020,ZENITHSTL,EQ,,,,,ZENITH STEEL PIP IND LTD,5.34,5.43,5.18,5.3,5.33,5.19,,5.29,,,56981,300208.36,200,F1,1,,,,,,Cash Only,Diversified,False,5.23,5.03,5.19,5.150000000000001,5.130000000000001,5.170000000000002,5.170000000000002,5.130000000000001,0.040000000000000924,0.7707129094412509,Wide,Bullish,Above CPR,5.303333333333334,5.305,5.301666666666668,5.305,5.301666666666668,0.003333333333332078,0.06289308176098261,Narrow,False,False,0.26666666666666666,60,342190.69,False,False,Lower,True,Risk Off,False,Bullish Virgin,0.35357142857142865,5.5324,5.669599999999999,0.11313131313131572,0.8773130560623961,False,False,No setup,0.0,None,None,0,No active J-Curve setup.,Neutral,0,Not applicable,No directional setup; confirmation score not applicable.,Wide CPR,Wide Upside Watch,Watch,Wide CPR + close above CPR; trend opposes; participation light,0,0,0,0
2026-09-30,2026-09-30,CM,NSE,STK,2868,INE106T01025,HITECH,EQ,,,,,HI-TECH PIPES LIMITED,73.0,74.35,72.3,72.61,72.68,73.19,,72.61,,,332376,24386346.96,3727,F1,1,,,,,,Cash Only,Information Technology,False,73.95,70.74,73.19,72.62666666666667,72.345,72.90833333333333,72.90833333333333,72.345,0.5633333333333326,0.7696862048549427,Wide,Bullish,Inside CPR,73.08666666666666,73.32499999999999,72.84833333333333,73.32499999999999,72.84833333333333,0.47666666666665947,0.6564752329798368,Moderate,False,False,0.3333333333333333,60,36390990.055,False,False,Lower,True,Risk Off,False,None,2.2542857142857153,79.6128,83.943,0.24989438107308784,0.6701204590241534,False,False,No setup,0.0,None,None,0,No active J-Curve setup.,Neutral,0,Not applicable,No directional setup; confirmation score not applicable.,Wide CPR,Wide Consolidation,Watch,Wide CPR + close inside CPR; consolidation/range watch,0,0,0,0
2026-09-30,2026-09-30,CM,NSE,STK,6951,INE802B01027,LINC,EQ,,,,,LINC LIMITED,88.84,90.78,88.12,88.63,88.35,88.84,,88.85,,,16141,1435409.95,448,F1,1,,,,,,Cash Only,Diversified,False,91.73,88.0,88.84,89.52333333333335,89.86500000000001,89.1816666666667,89.86500000000001,89.1816666666667,0.6833333333333087,0.7691730451748184,Wide,Bearish,Below CPR,89.17666666666666,89.45,88.90333333333332,89.45,88.90333333333332,0.5466666666666811,0.6167964195720198,Moderate,False,False,0.7833333333333333,60,1695828.17,False,False,Lower,True,Risk Off,False,None,3.891428571428572,97.08940000000001,100.50240000000002,0.17559960841898534,0.8464359629077278,False,False,No setup,0.0,None,None,0,No active J-Curve setup.,Neutral,0,Not applicable,No directional setup; confirmation score not applicable.,Wide CPR,Wide Downside Watch,Watch,Wide CPR + close below CPR; trend aligned; participation light,0,0,0,0
2026-09-30,2026-09-30,CM,NSE,STK,765058,INE00IY01012,DEEP,BE,,,,,DEEP POLYMERS LTD.,45.0,46.0,43.05,44.82,44.98,44.26,,44.82,,,2754,120902.67,40,F1,1,,,,,,Cash Only,Diversified,False,44.95,42.55,44.26,43.919999999999995,43.75,44.08999999999999,44.08999999999999,43.75,0.3399999999999892,0.7681879801174631,Wide,Bullish,Above CPR,44.623333333333335,44.525,44.72166666666667,44.72166666666667,44.525,0.19666666666667254,0.438792205860492,Moderate,False,False,0.6774193548387096,31,354704.77,False,False,Lower,True,Risk Off,False,None,3.8507142857142864,,,0.08829530699313388,0.3408543674222368,False,False,No setup,0.0,None,None,0,No active J-Curve setup.,Neutral,0,Not applicable,No directional setup; confirmation score not applicable.,Wide CPR,Wide Upside Watch,Watch,Wide CPR + close above CPR; trend opposes; participation light,0,0,0,0
2026-09-30,2026-09-30,CM,NSE,STK,17477,INE663B01015,CONTROLPR,EQ,,,,,CONTROL PRINT LIMITED,608.0,610.0,600.0,607.35,608.0,608.5,,607.29,,,13322,8060129.2,776,F1,1,,,,,,Cash Only,Diversified,False,610.0,593.0,608.5,603.8333333333334,601.5,606.1666666666667,606.1666666666667,601.5,4.6666666666667425,0.7669131744727596,Wide,Bullish,Above CPR,605.7833333333333,605.0,606.5666666666666,606.5666666666666,605.0,1.566666666666606,0.25795120880326106,Moderate,False,False,0.4666666666666667,60,12930357.6,False,False,Higher,True,Risk Off,False,None,17.660714285714295,588.553,610.4195000000001,0.26423997303674157,0.623349287725809,True,False,No setup,0.0,None,None,0,No active J-Curve setup.,Neutral,0,Not applicable,No directional setup; confirmation score not applicable.,Wide CPR,Wide Upside Watch,Watch,Wide CPR + close above CPR; trend mixed; participation light,0,0,0,0
2026-09-30,2026-09-30,CM,NSE,STK,764818,INE457G01029,ORIRAIL,EQ,,,,,ORIENTAL RAIL INFRA L,123.69,134.9,121.42,127.31,126.98,122.81,,127.34,,,625276,81166676.78,6317,F1,1,,,,,,Cash Only,Diversified,False,127.0,121.44,122.81,123.75,124.22,123.28,124.22,123.28,0.9399999999999977,0.7654099829004134,Wide,Bearish,Above CPR,127.87666666666667,128.16,127.59333333333333,128.16,127.59333333333333,0.5666666666666629,0.44510774225643146,Moderate,False,False,0.8064516129032258,31,10002204.78,False,False,Higher,True,Risk Off,False,None,5.943571428571429,,,0.1581540680206702,8.114878525812387,False,False,No setup,0.0,None,None,0,No active J-Curve setup.,Neutral,0,Not applicable,No directional setup; confirmation score not applicable.,Wide CPR,Wide Upside Watch,Watch,Wide CPR + close above CPR; trend opposes; participation confirmed,0,0,0,0
2026-09-30,2026-09-30,CM,NSE,STK,15883,INE05AN01011,HINDWAREAP,EQ,,,,,HINDWARE HME INOVATON LTD,170.2,178.0,169.13,169.97,169.95,170.2,,169.97,,,83588,14273396.08,2067,F1,1,,,,,,Cash Only,Diversified,False,171.5,165.0,170.2,168.9,168.25,169.55,169.55,168.25,1.3000000000000114,0.7638072855464227,Wide,Bullish,Above CPR,172.36666666666667,173.565,171.16833333333335,173.565,171.16833333333335,2.396666666666647,1.410052754407629,Wide,False,False,0.7166666666666667,60,17226881.075000003,False,False,Lower,True,Risk Off,False,None,7.306428571428569,195.3996,215.93690000000004,0.17792550591455827,0.8285537015004905,False,False,No setup,0.0,None,None,0,No active J-Curve setup.,Neutral,0,Not applicable,No directional setup; confirmation score not applicable.,Wide CPR,Wide Upside Watch,Watch,Wide CPR + close above CPR; trend opposes; participation light,0,0,0,0
2026-09-30,2026-09-30,CM,NSE,STK,30893,INE00WV01027,CMRGREEN,EQ,,,,,CMR GREEN TECHNOLOGIES L,228.98,233.99,223.5,224.83,225.2,227.91,,224.84,,,395630,89783067.25,10985,F1,1,,,,,,Cash Only,Diversified,False,232.0,218.6,227.91,226.17,225.3,227.03999999999996,227.03999999999996,225.3,1.7399999999999523,0.763459260234282,Wide,Bullish,Below CPR,227.44000000000003,228.745,226.13500000000005,228.745,226.13500000000005,2.609999999999957,1.1608771071476034,Wide,False,False,0.31666666666666665,60,140167765.37,True,False,Higher,True,Risk Off,False,None,8.760000000000003,220.87040000000002,,0.19863013698629584,0.640540048655268,True,False,No setup,0.0,None,None,0,No active J-Curve setup.,Neutral,0,Not applicable,No directional setup; confirmation score not applicable.,Wide CPR,Wide Downside Watch,Watch,Wide CPR + close below CPR; trend mixed; participation light,0,0,0,0
2026-09-30,2026-09-30,CM,NSE,STK,20950,INE722J01012,RKDL,EQ,,,,,RAVI KUMAR DIST. LTD.,18.47,18.47,17.6,18.17,18.2,18.36,,18.13,,,2815,50564.81,59,F1,1,,,,,,Cash Only,Diversified,False,18.5,17.8,18.36,18.22,18.15,18.29,18.29,18.15,0.14000000000000057,0.7625272331154715,Wide,Bullish,Inside CPR,18.080000000000002,18.035,18.125000000000004,18.125000000000004,18.035,0.09000000000000341,0.4953219592735465,Moderate,False,False,0.85,60,137940.16,False,False,Lower,True,Risk Off,False,None,0.6571428571428566,18.6976,19.182100000000002,0.2130434782608706,0.36657062018776837,False,False,No setup,0.0,None,None,0,No active J-Curve setup.,Neutral,0,Not applicable,No directional setup; confirmation score not applicable.,Wide CPR,Wide Consolidation,Watch,Wide CPR + close inside CPR; consolidation/range watch,0,0,-2,-2
2026-09-30,2026-09-30,CM,NSE,STK,760254,INE02ZQ01018,CORONA,EQ,,,,,CORONA REMEDIES LIMITED,2085.0,2111.8,2062.1,2093.4,2100.0,2078.4,,2093.42,,,23940,50048955.1,5553,F1,1,,,,,,Cash Only,Diversified,False,2108.2,2001.1,2078.4,2062.566666666666,2054.6499999999996,2070.4833333333327,2070.4833333333327,2054.6499999999996,15.83333333333303,0.7618039517577477,Wide,Bullish,Above CPR,2089.1,2086.95,2091.25,2091.25,2086.95,4.300000000000182,0.20540747109965518,Narrow,False,False,0.8666666666666667,60,44515360.150000006,False,False,Lower,True,Risk Off,False,None,79.57142857142865,2115.326,1976.739,0.19898264512267702,1.1243075408432923,False,True,No setup,0.0,None,None,0,No active J-Curve setup.,Neutral,0,Not applicable,No directional setup; confirmation score not applicable.,Wide CPR,Wide Upside Watch,Watch,Wide CPR + close above CPR; trend mixed; participation confirmed,0,0,0,0
2026-09-30,2026-09-30,CM,NSE,STK,13218,INE142Q01026,SULA,EQ,,,,,SULA VINEYARDS LIMITED,132.0,134.67,132.0,133.3,133.0,131.77,,133.31,,,137957,18384729.02,3224,F1,1,,,,,,Cash Only,Diversified,False,135.0,131.55,131.77,132.77333333333334,133.275,132.27166666666668,133.275,132.27166666666668,1.0033333333333303,0.7614277402544815,Wide,Bearish,Above CPR,133.32333333333332,133.33499999999998,133.31166666666667,133.33499999999998,133.31166666666667,0.023333333333312112,0.017504376094007585,Narrow,False,False,0.6666666666666666,60,34780728.525000006,False,False,Lower,True,Risk Off,False,None,4.259285714285714,147.859,152.1474,0.23556375426239518,0.5285895321826067,False,False,No setup,0.0,None,None,0,No active J-Curve setup.,Neutral,0,Not applicable,No directional setup; confirmation score not applicable.,Wide CPR,Wide Upside Watch,Watch,Wide CPR + close above CPR; trend opposes; participation light,0,0,0,0
2026-09-30,2026-09-30,CM,NSE,STK,6543,INE137I01015,GRPLTD,EQ,,,,,GRP LIMITED,1899.0,1935.9,1890.0,1898.6,1900.0,1899.4,,1898.63,,,628,1195063.7,124,F1,1,,,,,,Cash Only,Diversified,False,1952.0,1890.0,1899.4,1913.8,1921.0,1906.6,1921.0,1906.6,14.400000000000091,0.7581341476255707,Wide,Bearish,Below CPR,1908.1666666666667,1912.95,1903.3833333333334,1912.95,1903.3833333333334,9.566666666666606,0.5038800519681137,Moderate,False,False,0.7166666666666667,60,2821299.4000000004,False,False,Lower,True,Risk Off,False,None,60.0071428571429,1993.256,1899.078,0.23997143197238557,0.42358627375740404,False,False,No setup,0.0,None,None,0,No active J-Curve setup.,Neutral,0,Not applicable,No directional setup; confirmation score not applicable.,Wide CPR,Wide Downside Watch,Watch,Wide CPR + close below CPR; trend aligned; participation light,0,0,0,0
2026-09-30,2026-09-30,CM,NSE,STK,7902,INE850E01012,LFIC,EQ,,,,,LAKSHMI FIN IND CORP LTD,130.55,132.02,129.0,131.22,129.03,129.51,,131.22,,,1406,184648.58,39,F1,1,,,,,,Cash Only,Diversified,False,132.9,129.06,129.51,130.49,130.98000000000002,130.0,130.98000000000002,130.0,0.9800000000000182,0.7566983244537242,Wide,Bearish,Above CPR,130.74666666666667,130.51,130.98333333333335,130.98333333333335,130.51,0.4733333333333576,0.36071737031958356,Moderate,False,False,0.06666666666666667,60,139866.41999999998,True,True,Lower,True,Risk Off,True,None,9.454285714285712,138.6534,141.4643,0.10365669386521803,1.3201780670442556,False,False,No setup,0.0,None,None,0,No active J-Curve setup.,Neutral,0,Not applicable,No directional setup; confirmation score not applicable.,Wide CPR,Wide Upside Watch,Watch,Wide CPR + close above CPR; trend opposes; participation confirmed,0,-2,0,-2
2026-09-30,2026-09-30,CM,NSE,STK,12153,INE01EE01011,BBTCL,EQ,,,,,B&B TRIPLEWALL CONT LTD,233.3,233.3,225.62,228.67,228.5,228.15,,228.67,,,627,143243.08,97,F1,1,,,,,,Cash Only,Diversified,False,234.9,226.57,228.15,229.87333333333333,230.735,229.01166666666666,230.735,229.01166666666666,1.7233333333333576,0.7553510117612788,Wide,Bearish,Below CPR,229.1966666666667,229.46,228.93333333333337,229.46,228.93333333333337,0.5266666666666424,0.2303173423127837,Narrow,False,False,0.43333333333333335,60,1188058.48,False,False,Outside,True,Risk Off,False,None,9.148571428571438,228.75620000000004,219.81059999999997,0.1883718509265067,0.12056904808254892,False,True,No setup,0.0,None,None,0,No active J-Curve setup.,Neutral,0,Not applicable,No directional setup; confirmation score not applicable.,Wide CPR,Wide Downside Watch,Watch,Wide CPR + close below CPR; trend mixed; participation light,0,0,0,0
2026-09-30,2026-09-30,CM,NSE,STK,19503,INE388G01026,TICL,BE,,,,,TWAMEV CONS AND INFRA LTD,7.42,7.42,7.42,7.42,7.42,7.07,,7.44,,,17843,132395.06,33,F1,1,,,,,,Cash Only,Diversified,False,7.07,6.91,7.07,7.016666666666667,6.99,7.043333333333333,7.043333333333333,6.99,0.05333333333333279,0.7543611504007466,Wide,Bullish,Above CPR,7.419999999999999,7.42,7.419999999999998,7.42,7.419999999999998,1.7763568394002505e-15,2.394011912938343e-14,Narrow,False,False,0.06666666666666667,60,5536900.775,False,False,Higher,True,Risk Off,True,Bullish Virgin,0.395,11.6294,17.221700000000002,0.13502109704641213,0.023911401952114626,False,False,No setup,0.0,None,None,0,No active J-Curve setup.,Neutral,0,Not applicable,No directional setup; confirmation score not applicable.,Wide CPR,Wide Upside Watch,Watch,Wide CPR + close above CPR; trend opposes; participation light,0,0,0,0
2026-09-30,2026-09-30,CM,NSE,STK,15213,INE095I01015,PPAP,BE,,,,,PPAP AUTOMOTIVE LIMITED,232.0,242.0,231.95,234.45,234.0,234.3,,234.69,,,5803,1372386.45,131,F1,1,,,,,,Cash Only,Diversified,False,237.0,226.3,234.3,232.53333333333333,231.65,233.41666666666666,233.41666666666666,231.65,1.7666666666666515,0.7540190638782123,Wide,Bullish,Above CPR,236.13333333333333,236.975,235.29166666666666,236.975,235.29166666666666,1.6833333333333371,0.7179924646335412,Moderate,False,False,0.9166666666666666,60,3418213.105,False,False,Lower,True,Risk Off,False,None,10.824999999999998,246.8908,226.6518,0.16320246343340894,0.4014923610211833,False,True,No setup,0.0,None,None,0,No active J-Curve setup.,Neutral,0,Not applicable,No directional setup; confirmation score not applicable.,Wide CPR,Wide Upside Watch,Watch,Wide CPR + close above CPR; trend mixed; participation light,0,0,0,0
2026-09-30,2026-09-30,CM,NSE,STK,10590,INE970D01010,LOYALTEX,EQ,,,,,LOYAL TEXTILE MILLS LTD,206.3,213.95,206.3,209.67,213.95,207.28,,209.67,,,787,165818.48,55,F1,1,,,,,,Cash Only,Diversified,False,212.99,206.25,207.28,208.84,209.62,208.06,209.62,208.06,1.5600000000000023,0.7526051717483608,Wide,Bearish,Above CPR,209.97333333333333,210.125,209.82166666666666,210.125,209.82166666666666,0.30333333333334167,0.14467178582216897,Narrow,False,False,0.48333333333333334,60,94359.755,False,False,Lower,True,Risk Off,False,None,13.13,212.9134,214.7875,0.11881188118811897,1.7573008747214318,False,False,No setup,0.0,None,None,0,No active J-Curve setup.,Neutral,0,Not applicable,No directional setup; confirmation score not applicable.,Wide CPR,Wide Upside Watch,Watch,Wide CPR + close above CPR; trend opposes; participation confirmed,0,0,0,0
2026-09-30,2026-09-30,CM,NSE,STK,3821,INE206B01013,ZODIACLOTH,EQ,,,,,ZODIAC CLOTHING CO. LTD.,68.23,70.55,68.23,69.03,68.71,68.23,,69.03,,,9810,679323.76,151,F1,1,,,,,,Cash Only,Diversified,False,69.99,68.01,68.23,68.74333333333334,69.0,68.48666666666668,69.0,68.48666666666668,0.5133333333333212,0.7523572231178678,Wide,Bearish,Above CPR,69.27,69.39,69.14999999999999,69.39,69.14999999999999,0.2400000000000091,0.34767492394612354,Moderate,False,False,0.45,60,240224.905,True,False,Lower,True,Risk Off,False,None,1.9278571428571436,73.51,75.64129999999999,0.2662714585648942,2.827865661972059,False,False,No setup,0.0,None,None,0,No active J-Curve setup.,Neutral,0,Not applicable,No directional setup; confirmation score not applicable.,Wide CPR,Wide Upside Watch,Watch,Wide CPR + close above CPR; trend opposes; participation confirmed,0,2,0,2
2026-09-30,2026-09-30,CM,NSE,STK,759461,INE06XZ01023,GEMAROMA,EQ,,,,,GEM AROMATICS LIMITED,157.76,168.0,157.76,161.0,160.0,157.76,,161.0,,,123363,20192562.97,2757,F1,1,,,,,,Cash Only,Diversified,False,158.88,153.08,157.76,156.57333333333335,155.98000000000002,157.16666666666669,157.16666666666669,155.98000000000002,1.1866666666666674,0.752197430696417,Wide,Bullish,Above CPR,162.25333333333333,162.88,161.62666666666667,162.88,161.62666666666667,1.2533333333333303,0.7784679089026896,Wide,False,False,0.3,60,14676636.045,False,False,Overlapping,True,Risk Off,False,Bullish Virgin,6.4571428571428555,170.5446,181.3335,0.1837758112094397,1.3758304633355782,False,False,No setup,0.0,None,None,0,No active J-Curve setup.,Neutral,0,Not applicable,No directional setup; confirmation score not applicable.,Wide CPR,Wide Upside Watch,Watch,Wide CPR + close above CPR; trend opposes; participation confirmed,0,0,0,0
2026-09-30,2026-09-30,CM,NSE,STK,4055,INE922B01023,PANACEABIO,EQ,,,,,PANACEA BIOTEC LTD,375.2,379.6,364.0,366.0,364.0,375.25,,365.99,,,50560,18663869.35,2360,F1,1,,,,,,Cash Only,Healthcare & Pharma,False,380.0,362.05,375.25,372.43333333333334,371.025,373.8416666666667,373.8416666666667,371.025,2.8166666666667197,0.7506107039751418,Wide,Bullish,Below CPR,369.8666666666666,371.8,367.9333333333332,371.8,367.9333333333332,3.866666666666788,1.056466302367975,Wide,False,False,0.5,60,53409017.825,False,False,Outside,True,Risk Off,False,None,14.62142857142857,401.975,448.611,0.19263963523856414,0.349451648992199,False,False,No setup,0.0,None,None,0,No active J-Curve setup.,Neutral,0,Not applicable,No directional setup; confirmation score not applicable.,Wide CPR,Wide Downside Watch,Watch,Wide CPR + close below CPR; trend aligned; participation light,0,0,0,0
