SYMBOL,SERIES,NAME,OPEN,HIGH,LOW,CLOSE,VOLUME,VALUE,session,Pivot,BC,TC,CPR_Top,CPR_Bottom,CPR_Width,CPR_Width_Pct,CPR_Class,Bias,Price_Position,Segment,Industry,Bullish_CPR,Bearish_CPR,Width_Rank_Pct,History_Days,Value_60d,Overlay,Own_Narrow,Setup
TPHQ,EQ,TEAMO PRODUCTIONS HQ LTD,0.42,0.43,0.41,0.42,618074,262388.0,20260731,0.42,0.42,0.42,0.42,0.42,0.0,0.0,Narrow,Neutral,Inside CPR,Cash Only,Unclassified,False,False,0.16,50,543818.1799999999,Inside,False,No setup
SIKKO,EQ,SIKKO INDUSTRIES LIMITED,5.34,5.35,5.25,5.3,910754,4839662.25,20260731,5.3,5.3,5.3,5.3,5.3,0.0,0.0,Narrow,Neutral,Inside CPR,Cash Only,Unclassified,False,False,0.04,50,1452208.825,Higher,False,No setup
GICL,EQ,GLOBE INTL CARRIERS LTD,17.4,17.5,16.84,17.17,38026,652806.37,20260731,17.17,17.17,17.17,17.17,17.17,0.0,0.0,Narrow,Neutral,Inside CPR,Cash Only,Unclassified,False,False,0.04,50,4971030.640000001,Higher,False,No setup
NATIONSTD,EQ,NATIONAL STAND (INDIA) L,247.9,247.9,247.9,247.9,19483,4829835.7,20260731,247.9,247.9,247.9,247.9,247.9,0.0,0.0,Narrow,Neutral,Inside CPR,Cash Only,Unclassified,False,False,0.17346938775510204,49,93334.5,Lower,False,No setup
PRAKASHSTL,EQ,PRAKASH STEELAGE LTD,4.05,4.05,3.95,4.0,128566,513094.7,20260731,4.0,4.0,4.0,4.0,4.0,0.0,0.0,Narrow,Neutral,Inside CPR,Cash Only,Unclassified,False,False,0.03,50,468690.41000000003,Lower,False,No setup
MITTAL,EQ,MITTAL LIFE STYLE LIMITED,0.9,0.93,0.89,0.91,447786,406413.45,20260731,0.91,0.91,0.91,0.91,0.91,0.0,0.0,Narrow,Neutral,Inside CPR,Cash Only,Unclassified,False,False,0.05,50,421737.08499999996,Inside,False,No setup
LOYALTEX,EQ,LOYAL TEXTILE MILLS LTD,204.0,204.0,204.0,204.0,1,204.0,20260731,204.0,204.0,204.0,204.0,204.0,0.0,0.0,Narrow,Neutral,Inside CPR,Cash Only,Unclassified,False,False,0.07894736842105263,19,33985.42,Lower,False,No setup
VIKASECO,EQ,VIKAS ECOTECH LIMITED,1.09,1.1,1.08,1.09,1166634,1274425.58,20260731,1.09,1.09,1.09,1.09,1.09,0.0,0.0,Narrow,Neutral,Inside CPR,Cash Only,Unclassified,False,False,0.1,50,1970384.87,Lower,False,No setup
KANANIIND,EQ,KANANI INDUSTRIES LTD,1.51,1.51,1.47,1.49,75705,113043.01,20260731,1.49,1.49,1.49,1.49,1.49,0.0,0.0,Narrow,Neutral,Inside CPR,Cash Only,Unclassified,False,False,0.03,50,184988.47,Lower,False,No setup
ORIENTALTL,EQ,ORIENTAL TRIMEX LTD,5.26,5.26,5.0,5.13,103045,527798.16,20260731,5.13,5.13,5.13,5.13,5.13,0.0,0.0,Narrow,Neutral,Inside CPR,Cash Only,Unclassified,False,False,0.04,50,439072.70999999996,Lower,False,No setup
ISGEC,EQ,ISGEC HEAVY ENG LTD,850.4,852.4,799.5,825.95,110998,91758470.7,20260731,825.9500000000002,825.95,825.9500000000003,825.9500000000003,825.95,2.2737367544323206e-13,2.7528745740448214e-14,Narrow,Bullish,Inside CPR,Cash Only,Unclassified,False,False,0.02,50,30251527.924999997,Lower,True,Watch
KOLTEPATIL,EQ,KOLTE PATIL DEV. LTD.,382.05,388.15,382.05,385.1,24422,9420168.75,20260731,385.1000000000001,385.1,385.10000000000014,385.10000000000014,385.1,1.1368683772161603e-13,2.952138086772683e-14,Narrow,Bullish,Inside CPR,Cash Only,Unclassified,False,False,0.02,50,16145996.5,Inside,True,Watch
VAKRANGEE,EQ,VAKRANGEE LIMITED,5.95,6.04,5.9,5.97,935642,5567869.05,20260731,5.97,5.970000000000001,5.969999999999999,5.970000000000001,5.969999999999999,1.7763568394002505e-15,2.97547209279774e-14,Narrow,Bearish,Inside CPR,Cash Only,Unclassified,False,False,0.1,50,8498198.565,Lower,True,Watch
SUMEETINDS,EQ,SUMEET IND LIMITED,22.29,22.29,22.29,22.29,35340,787728.6,20260731,22.290000000000003,22.29,22.290000000000006,22.290000000000006,22.29,7.105427357601002e-15,3.187719765635264e-14,Narrow,Bullish,Inside CPR,Cash Only,Unclassified,False,False,0.18,50,96890522.45,Lower,True,Watch
PARASPETRO,EQ,PARAS PETROFILS LTD.,2.54,2.54,2.4,2.47,222987,547537.82,20260731,2.47,2.4699999999999998,2.4700000000000006,2.4700000000000006,2.4699999999999998,8.881784197001252e-16,3.595864047368928e-14,Narrow,Bullish,Inside CPR,Cash Only,Unclassified,False,False,0.14,50,330545.745,Higher,True,Watch
KENNAMET,EQ,KENNAMETAL INDIA LIMITED,2832.7,2864.9,2777.8,2821.4,7081,20059673.1,20260731,2821.366666666667,2821.3500000000004,2821.383333333333,2821.383333333333,2821.3500000000004,0.03333333333284827,0.0011814465631547553,Narrow,Bullish,Above CPR,Cash Only,Unclassified,True,False,0.02,50,25965861.700000003,Lower,True,No setup
ELCIDIN,EQ,ELCID INVESTMENTS LTD.,110200.0,111900.0,110095.0,111000.0,12,1328330.0,20260731,110998.33333333333,110997.5,110999.16666666666,110999.16666666666,110997.5,1.6666666666569654,0.0015015015014927615,Narrow,Bullish,Above CPR,Cash Only,Unclassified,True,False,0.08,50,1123937.5,Inside,True,No setup
MHLXMIRU,EQ,MAHALAXMI RUBTECH LIMITED,139.0,143.62,138.91,141.27,13337,1886251.49,20260731,141.26666666666665,141.265,141.26833333333332,141.26833333333332,141.265,0.0033333333333303017,0.002359547910618179,Narrow,Bullish,Above CPR,Cash Only,Unclassified,True,False,0.02,50,1391900.1400000001,Higher,True,Long
CAPLIPOINT,EQ,CAPLIN POINT LAB LTD.,2536.3,2538.0,2495.8,2516.8,52768,132536541.9,20260731,2516.866666666667,2516.9,2516.8333333333335,2516.9,2516.8333333333335,0.06666666666660603,0.002648866285227512,Narrow,Bearish,Below CPR,Cash Only,Healthcare,False,True,0.02,50,254830814.7,Lower,True,Short
ENGINERSIN,EQ,ENGINEERS INDIA LTD,222.99,224.68,220.1,222.38,877789,195714469.1,20260731,222.38666666666666,222.39,222.38333333333333,222.39,222.38333333333333,0.006666666666660603,0.002997871511224302,Narrow,Bearish,Below CPR,Cash Only,Construction,False,True,0.04,50,585167876.61,Lower,True,Short
TFCILTD,EQ,TOURISM FINANCE CORP. OF,101.18,102.74,101.01,101.87,14172448,1444903773.77,20260731,101.87333333333333,101.875,101.87166666666667,101.875,101.87166666666667,0.0033333333333303017,0.003272144236114952,Narrow,Bearish,Below CPR,Cash Only,Unclassified,False,True,0.02,50,540763231.685,Higher,True,No setup
IGARASHI,EQ,IGARASHI MOTORS INDIA LTD,450.4,456.0,446.35,451.15,23832,10768167.9,20260731,451.1666666666667,451.175,451.15833333333336,451.175,451.15833333333336,0.01666666666665151,0.0036942628098529337,Narrow,Bearish,Below CPR,Cash Only,Unclassified,False,True,0.02,50,25082879.025,Higher,True,No setup
IRFC,EQ,INDIAN RAILWAY FIN CORP L,89.5,89.88,88.43,89.15,12049926,1074332017.04,20260731,89.15333333333335,89.155,89.1516666666667,89.155,89.1516666666667,0.00333333333330188,0.0037390166385887604,Narrow,Bearish,Below CPR,Cash Only,Financial Services,False,True,0.04,50,803861780.1700001,Higher,True,No setup
GPTHEALTH,EQ,GPT HEALTHCARE LIMITED,167.79,175.0,166.0,170.49,710930,122453034.23,20260731,170.49666666666667,170.5,170.49333333333334,170.5,170.49333333333334,0.006666666666660603,0.003910297769171566,Narrow,Bearish,Below CPR,Cash Only,Unclassified,False,True,0.02,50,16930127.43,Higher,True,No setup
ICEMAKE,EQ,ICE MAKE REFRIGERAT LTD,819.0,849.9,812.9,831.35,31832,26574249.3,20260731,831.3833333333333,831.4,831.3666666666667,831.4,831.3666666666667,0.03333333333330302,0.004009542711650089,Narrow,Bearish,Below CPR,Cash Only,Unclassified,False,True,0.02,50,27578964.6,Higher,True,No setup
LUXIND,EQ,LUX INDUSTRIES LIMITED,1253.9,1254.0,1241.0,1247.6,7462,9295232.6,20260731,1247.5333333333333,1247.5,1247.5666666666666,1247.5666666666666,1247.5,0.06666666666660603,0.005343593031949827,Narrow,Bullish,Above CPR,Cash Only,Unclassified,True,False,0.02,50,43957236.5,Lower,True,No setup
ULTRACEMCO,EQ,ULTRATECH CEMENT LIMITED,11850.0,12009.0,11799.0,11903.0,390471,4654399636.0,20260731,11903.666666666666,11904.0,11903.333333333332,11904.0,11903.333333333332,0.6666666666678793,0.0056008289226907445,Narrow,Bearish,Below CPR,Cash Only,Construction Materials,False,True,0.02,50,3083885481.0,Higher,True,No setup
HNDFDS,EQ,HINDUSTAN FOODS LIMITED,578.0,579.25,570.15,574.65,47025,27026748.15,20260731,574.6833333333334,574.7,574.6666666666667,574.7,574.6666666666667,0.03333333333330302,0.005800632268912037,Narrow,Bearish,Below CPR,Cash Only,Unclassified,False,True,0.02,50,30888401.75,Higher,True,No setup
DRREDDY,EQ,DR. REDDY S LABORATORIES,1152.0,1154.3,1141.7,1148.1,1085841,1247474999.6,20260731,1148.0333333333333,1148.0,1148.0666666666666,1148.0666666666666,1148.0,0.06666666666660603,0.005806695119467471,Narrow,Bullish,Above CPR,Cash Only,Healthcare,True,False,0.04,50,2093811538.4,Higher,True,Long
BELLACASA,EQ,BELLA CASA FASH AND RET L,235.15,241.2,233.55,237.4,4016,951997.2,20260731,237.38333333333333,237.375,237.39166666666665,237.39166666666665,237.375,0.01666666666665151,0.007020499859583617,Narrow,Bullish,Above CPR,Cash Only,Unclassified,True,False,0.06,50,2290990.3,Higher,True,Long
SMARTWORKS,EQ,SMARTWORKS COWORKING SP L,467.05,476.55,464.55,470.5,132144,62088675.0,20260731,470.5333333333333,470.55,470.5166666666666,470.55,470.5166666666666,0.033333333333416704,0.007084661707421191,Narrow,Bearish,Below CPR,Cash Only,Unclassified,False,True,0.02,50,28181692.924999997,Lower,True,Short
EIMCOELECO,EQ,EIMCO ELECON (INDIA) LTD,1745.0,1820.0,1742.0,1780.8,15155,27088092.2,20260731,1780.9333333333334,1781.0,1780.8666666666668,1781.0,1780.8666666666668,0.13333333333321207,0.007487271638208224,Narrow,Bearish,Below CPR,Cash Only,Unclassified,False,True,0.02,50,36393492.0,Higher,True,No setup
TCPLPACK,EQ,TCPL PACKAGING LIMITED,3177.9,3201.4,3106.2,3153.4,2303,7245812.3,20260731,3153.6666666666665,3153.8,3153.533333333333,3153.8,3153.533333333333,0.26666666666733363,0.008456480835521456,Narrow,Bearish,Below CPR,Cash Only,Unclassified,False,True,0.02,50,7718733.65,Lower,True,Short
BEL,EQ,BHARAT ELECTRONICS LTD,385.0,390.6,385.0,387.85,17114563,6640013933.05,20260731,387.81666666666666,387.8,387.8333333333333,387.8333333333333,387.8,0.03333333333330302,0.008594387864716519,Narrow,Bullish,Above CPR,Cash Only,Capital Goods,True,False,0.06,50,4442522882.65,Higher,True,Long
LINCOLN,EQ,LINCOLN PHARMA LTD,570.05,584.4,570.05,577.15,16889,9785089.35,20260731,577.1999999999999,577.2249999999999,577.175,577.2249999999999,577.175,0.049999999999954525,0.008663259118072343,Narrow,Bearish,Below CPR,Cash Only,Unclassified,False,True,0.04,50,18797881.4,Inside,True,No setup
MARUTI,EQ,MARUTI SUZUKI INDIA LTD.,14250.0,14348.0,14124.0,14234.0,535417,7620349064.0,20260731,14235.333333333334,14236.0,14234.666666666668,14236.0,14234.666666666668,1.3333333333321207,0.009367242752087402,Narrow,Bearish,Below CPR,Cash Only,Automobile and Auto Components,False,True,0.04,50,5196942852.0,Higher,True,No setup
HATSUN,EQ,HATSUN AGRO PRODUCT LTD.,879.55,894.0,877.05,885.4,12091,10701404.75,20260731,885.4833333333332,885.525,885.4416666666665,885.525,885.4416666666665,0.08333333333348492,0.009411941871864121,Narrow,Bearish,Below CPR,Cash Only,Unclassified,False,True,0.02,50,19427425.475,Higher,True,No setup
MUNJALSHOW,EQ,MUNJAL SHOWA LTD,137.75,138.1,136.64,137.35,60112,8274927.02,20260731,137.36333333333334,137.37,137.35666666666668,137.37,137.35666666666668,0.013333333333321207,0.009707559762155957,Narrow,Bearish,Below CPR,Cash Only,Unclassified,False,True,0.02,50,4180199.0700000003,Higher,True,No setup
HCG,EQ,HEALTHCARE GLOB. ENT. LTD,669.65,675.0,667.2,671.2,87807,58945476.45,20260731,671.1333333333333,671.1,671.1666666666666,671.1666666666666,671.1,0.06666666666660603,0.00993245927690793,Narrow,Bullish,Above CPR,Cash Only,Unclassified,True,False,0.02,50,85822581.95,Higher,True,Long
PARKHOTELS,EQ,PARKHOTELS,123.0,123.5,121.3,122.38,66244,8117423.33,20260731,122.39333333333333,122.4,122.38666666666666,122.4,122.38666666666666,0.013333333333349628,0.010895026420452385,Narrow,Bearish,Below CPR,Cash Only,Unclassified,False,True,0.02,50,16401039.875,Higher,True,No setup
AAATECH,EQ,AAA TECHNOLOGIES LIMITED,88.73,90.0,88.73,89.38,7156,639718.49,20260731,89.37,89.36500000000001,89.375,89.375,89.36500000000001,0.009999999999990905,0.011188185276338003,Narrow,Bullish,Above CPR,Cash Only,Unclassified,True,False,0.02,50,1264553.85,Higher,True,Long
CANFINHOME,EQ,CAN FIN HOMES LTD,818.9,824.6,816.3,820.6,77685,63708873.6,20260731,820.5,820.45,820.55,820.55,820.45,0.09999999999990905,0.01218620521568475,Narrow,Bullish,Above CPR,Cash Only,Financial Services,True,False,0.04,50,183194054.60000002,Higher,True,Long
MAHLOG,EQ,MAHINDRA LOGISTIC LIMITED,400.35,418.5,400.35,409.5,302881,124640171.85,20260731,409.45,409.425,409.47499999999997,409.47499999999997,409.425,0.049999999999954525,0.012210012210001104,Narrow,Bullish,Above CPR,Cash Only,Unclassified,True,False,0.02,50,57927632.599999994,Higher,True,Long
DHARMAJ,EQ,DHARMAJ CROP GUARD LTD,270.85,272.45,263.35,267.85,24437,6562024.45,20260731,267.8833333333333,267.9,267.8666666666667,267.9,267.8666666666667,0.03333333333330302,0.012444776305134596,Narrow,Bearish,Below CPR,Cash Only,Unclassified,False,True,0.02,50,7686487.775,Lower,True,Short
RKEC,EQ,RKEC PROJECTS LIMITED,26.32,26.77,25.3,26.03,10079,263886.56,20260731,26.03333333333333,26.035,26.031666666666663,26.035,26.031666666666663,0.003333333333337407,0.012805736970178283,Narrow,Bearish,Below CPR,Cash Only,Unclassified,False,True,0.04,50,876252.26,Lower,True,Short
PSB,EQ,PUNJAB & SIND BANK,23.05,23.39,23.0,23.19,1086603,25233887.29,20260731,23.19333333333333,23.195,23.191666666666663,23.195,23.191666666666663,0.003333333333337407,0.014374011786707231,Narrow,Bearish,Below CPR,Cash Only,Unclassified,False,True,0.04,50,33121422.240000002,Inside,True,No setup
APOLLOTYRE,EQ,APOLLO TYRES LTD,427.0,433.0,423.5,428.15,1442747,619605433.15,20260731,428.2166666666667,428.25,428.1833333333334,428.25,428.1833333333334,0.06666666666660603,0.015570866908000943,Narrow,Bearish,Below CPR,Cash Only,Automobile and Auto Components,False,True,0.04,50,317494234.025,Higher,True,No setup
SCILAL,EQ,SHIPPING CORP OF ILA LTD,41.37,41.5,40.9,41.19,159625,6562189.63,20260731,41.196666666666665,41.2,41.19333333333333,41.2,41.19333333333333,0.006666666666674814,0.01618515820994128,Narrow,Bearish,Below CPR,Cash Only,Unclassified,False,True,0.06,50,9981836.555,Higher,True,No setup
ATLASCYCLE,EQ,ATLAS CYCLE (HARYANA) LTD,99.5,99.5,97.15,98.35,1443,141233.83,20260731,98.33333333333333,98.325,98.34166666666665,98.34166666666665,98.325,0.01666666666665151,0.016946280291460607,Narrow,Bullish,Above CPR,Cash Only,Unclassified,True,False,0.02,50,387639.44,Higher,True,Long
SURAJEST,EQ,SURAJ ESTATE DEVELOPERS L,194.89,197.8,194.0,195.95,15819,3095311.62,20260731,195.91666666666666,195.9,195.9333333333333,195.9333333333333,195.9,0.03333333333330302,0.01701114229818985,Narrow,Bullish,Above CPR,Cash Only,Unclassified,True,False,0.06,50,9286420.74,Higher,True,Long
JINDWORLD,EQ,JINDAL WORLDWIDE LTD,38.99,39.2,37.5,38.34,6117425,235749719.46,20260731,38.34666666666667,38.35,38.34333333333334,38.35,38.34333333333334,0.006666666666660603,0.017388280299062604,Narrow,Bearish,Below CPR,Cash Only,Unclassified,False,True,0.04,50,34805063.465,Inside,True,No setup
ONEPOINT,EQ,ONE POINT ONE SOL LTD,57.08,58.59,56.36,57.46,997861,57505918.29,20260731,57.47,57.475,57.464999999999996,57.475,57.464999999999996,0.010000000000005116,0.01740341106857834,Narrow,Bearish,Below CPR,Cash Only,Unclassified,False,True,0.02,50,68718435.56,Higher,True,No setup
IEX,EQ,INDIAN ENERGY EXC LTD,131.89,133.5,131.05,132.24,3874458,512291986.99,20260731,132.26333333333335,132.275,132.2516666666667,132.275,132.2516666666667,0.023333333333312112,0.01764468642869942,Narrow,Bearish,Below CPR,Cash Only,Financial Services,False,True,0.02,50,554122692.335,Inside,True,No setup
INTERARCH,EQ,INTERARCH BLDNG SOLTN LTD,1815.0,1819.4,1797.2,1808.8,22849,41298631.0,20260731,1808.466666666667,1808.3000000000002,1808.6333333333337,1808.6333333333337,1808.3000000000002,0.3333333333334849,0.0184284240011878,Narrow,Bullish,Above CPR,Cash Only,Unclassified,True,False,0.04,50,80136669.8,Higher,True,Long
NATCAPSUQ,EQ,NATURAL CAPSULES LIMITED,144.0,144.99,141.65,143.28,3579,513329.61,20260731,143.30666666666664,143.32,143.2933333333333,143.32,143.2933333333333,0.026666666666699257,0.01861157640054387,Narrow,Bearish,Below CPR,Cash Only,Unclassified,False,True,0.02,50,657168.71,Lower,True,Short
BIOCON,EQ,BIOCON LIMITED.,425.95,428.25,422.9,425.7,2304756,981056381.95,20260731,425.6166666666666,425.575,425.65833333333325,425.65833333333325,425.575,0.08333333333325754,0.019575600970932003,Narrow,Bullish,Above CPR,Cash Only,Healthcare,True,False,0.06,50,1360358519.85,Lower,True,No setup
VIJAYA,EQ,VIJAYA DIAGNOSTIC CEN LTD,1359.9,1359.9,1328.1,1344.4,252851,339258419.8,20260731,1344.1333333333334,1344.0,1344.2666666666669,1344.2666666666669,1344.0,0.2666666666668789,0.019835366458411104,Narrow,Bullish,Above CPR,Cash Only,Healthcare,True,False,0.02,50,227359516.55,Lower,True,No setup
SUMMITSEC,EQ,SUMMIT SECURITIES LTD,1517.4,1517.4,1492.1,1504.3,937,1407766.0,20260731,1504.6000000000001,1504.75,1504.4500000000003,1504.75,1504.4500000000003,0.29999999999972715,0.019942830552398268,Narrow,Bearish,Below CPR,Cash Only,Unclassified,False,True,0.04,50,3322486.0999999996,Lower,True,Short
SPIC,EQ,SPIC LTD,66.49,66.9,66.0,66.47,136794,9107511.51,20260731,66.45666666666666,66.45,66.46333333333332,66.46333333333332,66.45,0.013333333333321207,0.020059174564948407,Narrow,Bullish,Above CPR,Cash Only,Unclassified,True,False,0.06,50,25545177.12,Higher,True,Long
DLF,EQ,DLF LIMITED,658.0,661.95,656.25,659.3,1436219,946802412.3,20260731,659.1666666666666,659.1,659.2333333333332,659.2333333333332,659.1,0.13333333333321207,0.020223469336146226,Narrow,Bullish,Above CPR,Cash Only,Realty,True,False,0.02,50,2339624374.425,Inside,True,No setup
INOXINDIA,EQ,INOX INDIA LIMITED,1908.0,1947.0,1870.2,1908.0,209318,401166905.0,20260731,1908.3999999999999,1908.6,1908.1999999999998,1908.6,1908.1999999999998,0.40000000000009095,0.020964360587006865,Narrow,Bearish,Below CPR,Cash Only,Unclassified,False,True,0.02,50,560737907.75,Higher,True,No setup
ELANTAS,EQ,ELANTAS BECK INDIA LTD.,9359.0,9445.0,9289.0,9370.0,391,3659116.0,20260731,9368.0,9367.0,9369.0,9369.0,9367.0,2.0,0.021344717182497332,Narrow,Bullish,Above CPR,Cash Only,Unclassified,True,False,0.04,50,8807840.5,Inside,True,No setup
BUILDPRO,EQ,SHANKARA BUILDPRO LIMITED,1212.0,1275.5,1208.1,1242.2,51283,64016440.9,20260731,1241.9333333333334,1241.8,1242.0666666666668,1242.0666666666668,1241.8,0.2666666666668789,0.021467289218071076,Narrow,Bullish,Above CPR,Cash Only,Unclassified,True,False,0.04,50,42665141.0,Higher,True,Long
CCCL,EQ,CONS. CONST. CONSORT LTD,15.73,15.73,15.26,15.49,127234,1970437.85,20260731,15.493333333333334,15.495000000000001,15.491666666666667,15.495000000000001,15.491666666666667,0.0033333333333338544,0.021519259737468394,Narrow,Bearish,Below CPR,Cash Only,Unclassified,False,True,0.02,50,3359565.1950000003,Lower,True,Short
CASTROLIND,EQ,CASTROL INDIA LIMITED,185.15,185.61,184.93,185.21,866970,160539118.57,20260731,185.25,185.27,185.23,185.27,185.23,0.040000000000020464,0.021597105987808684,Narrow,Bearish,Below CPR,Cash Only,Oil Gas & Consumable Fuels,False,True,0.14,50,170995903.265,Higher,True,No setup
ARE&M,EQ,AMARA RAJA ENERGY MOB LTD,918.0,918.0,903.5,910.45,1594018,1452293824.6,20260731,910.65,910.75,910.55,910.75,910.55,0.20000000000004547,0.021967159097154756,Narrow,Bearish,Below CPR,Cash Only,Automobile and Auto Components,False,True,0.02,50,503469011.79999995,Higher,True,No setup
SUNTECK,EQ,SUNTECK REALTY LIMITED,303.0,304.25,300.15,302.3,139908,42301998.3,20260731,302.23333333333335,302.2,302.2666666666667,302.2666666666667,302.2,0.06666666666671972,0.022053148086906952,Narrow,Bullish,Above CPR,Cash Only,Unclassified,True,False,0.04,50,84082144.575,Lower,True,No setup
AEPL,EQ,ARTEMIS ELECTRICALS & P L,14.15,14.6,14.15,14.38,6026,86990.32,20260731,14.376666666666667,14.375,14.378333333333334,14.378333333333334,14.375,0.0033333333333338544,0.023180343069081046,Narrow,Bullish,Above CPR,Cash Only,Unclassified,True,False,0.04,50,173269.165,Lower,True,No setup
ASALCBR,EQ,ASSO ALCOHOLS & BREW LTD,770.8,770.8,755.15,763.25,29193,22241645.85,20260731,763.0666666666666,762.9749999999999,763.1583333333333,763.1583333333333,762.9749999999999,0.18333333333339397,0.024020089529432555,Narrow,Bullish,Above CPR,Cash Only,Unclassified,True,False,0.06,50,21474155.725,Lower,True,No setup
DEN,EQ,DEN NETWORKS LTD,27.31,27.64,27.16,27.41,185054,5071147.98,20260731,27.403333333333332,27.4,27.406666666666666,27.406666666666666,27.4,0.006666666666667709,0.024322023592366685,Narrow,Bullish,Above CPR,Cash Only,Unclassified,True,False,0.04,50,13098333.3,Lower,True,No setup
PACEDIGITK,EQ,PACE DIGITEK LIMITED,204.45,207.9,203.01,205.38,948979,195185039.36,20260731,205.42999999999998,205.45499999999998,205.40499999999997,205.45499999999998,205.40499999999997,0.05000000000001137,0.024345116369661784,Narrow,Bearish,Below CPR,Cash Only,Unclassified,False,True,0.02,50,297361619.935,Higher,True,No setup
TIIL,EQ,TECHNOCRAFT IND LTD,2550.0,2612.9,2550.0,2580.5,4521,11650134.7,20260731,2581.133333333333,2581.45,2580.8166666666666,2581.45,2580.8166666666666,0.6333333333332121,0.024543047213067704,Narrow,Bearish,Below CPR,Cash Only,Unclassified,False,True,0.04,50,17497385.200000003,Higher,True,No setup
HEG,EQ,HEG LTD,665.5,666.0,648.0,657.25,1259921,828460867.8,20260731,657.0833333333334,657.0,657.1666666666667,657.1666666666667,657.0,0.16666666666674246,0.025358184354011788,Narrow,Bullish,Above CPR,Cash Only,Capital Goods,True,False,0.04,50,564494941.425,Lower,True,No setup
SHREECEM,EQ,SHREE CEMENT LIMITED,26500.0,26590.0,25500.0,26055.0,112164,2920297495.0,20260731,26048.333333333332,26045.0,26051.666666666664,26051.666666666664,26045.0,6.666666666664241,0.025586899507442876,Narrow,Bullish,Above CPR,Cash Only,Construction Materials,True,False,0.08,50,475788590.0,Lower,True,No setup
DRAGARWQ,EQ,DR. AGARWAL'S EYE HOSP L,4981.5,5069.0,4980.0,5022.5,264,1324994.0,20260731,5023.833333333333,5024.5,5023.166666666666,5024.5,5023.166666666666,1.3333333333339397,0.02654720424756475,Narrow,Bearish,Below CPR,Cash Only,Unclassified,False,True,0.06,50,4167693.3,Higher,True,No setup
ALBERTDAVD,EQ,ALBERT DAVID LIMITED,689.65,693.0,685.05,689.3,732,504380.7,20260731,689.1166666666667,689.025,689.2083333333334,689.2083333333334,689.025,0.18333333333339397,0.026597030804206293,Narrow,Bullish,Above CPR,Cash Only,Unclassified,True,False,0.04,50,1189261.25,Lower,True,No setup
UNIONBANK,EQ,UNION BANK OF INDIA,171.06,172.8,169.82,171.24,5557534,951878227.89,20260731,171.28666666666666,171.31,171.26333333333332,171.31,171.26333333333332,0.04666666666668107,0.02725219964183664,Narrow,Bearish,Below CPR,Cash Only,Financial Services,False,True,0.02,50,2178461810.69,Higher,True,No setup
EMBDL,EQ,EMBASSY DEVELOPMENTS LTD,61.6,61.99,60.24,61.14,1066509,65576192.02,20260731,61.123333333333335,61.115,61.13166666666667,61.13166666666667,61.115,0.01666666666666572,0.027259840802528162,Narrow,Bullish,Above CPR,Cash Only,Unclassified,True,False,0.02,50,139065929.88,Lower,True,No setup
BOROSCI,EQ,BOROSIL SCIENTIFIC LTD,157.79,160.33,155.1,157.65,87750,13931433.69,20260731,157.69333333333336,157.715,157.6716666666667,157.715,157.6716666666667,0.04333333333329392,0.027487049370944445,Narrow,Bearish,Below CPR,Cash Only,Unclassified,False,True,0.04,50,15879620.75,Higher,True,No setup
RAMAPHO,EQ,RAMA PHOSPHATES LIMITED,127.94,130.9,126.17,128.48,30375,3882900.48,20260731,128.51666666666665,128.535,128.4983333333333,128.535,128.4983333333333,0.03666666666669016,0.028538812785406417,Narrow,Bearish,Below CPR,Cash Only,Unclassified,False,True,0.04,50,3551468.02,Higher,True,No setup
NAVINFLUOR,EQ,NAVIN FLUORINE INT. LTD,7474.0,7655.0,7473.5,7567.5,194108,1465694097.0,20260731,7565.333333333333,7564.25,7566.416666666666,7566.416666666666,7564.25,2.1666666666660603,0.02863120801673023,Narrow,Bullish,Above CPR,Cash Only,Chemicals,True,False,0.02,50,912168614.5,Higher,True,Long
JSWDULUX,EQ,JSW DULUX LIMITED,2953.1,2953.1,2927.1,2938.8,3597,10571900.5,20260731,2939.6666666666665,2940.1,2939.233333333333,2940.1,2939.233333333333,0.8666666666667879,0.029490494986619976,Narrow,Bearish,Below CPR,Cash Only,Consumer Durables,False,True,0.04,50,60752988.3,Lower,True,Short
STEELXIND,EQ,STEEL EXCHANGE INDIA LTD,11.12,11.38,11.07,11.23,1017846,11429332.51,20260731,11.226666666666668,11.225000000000001,11.228333333333335,11.228333333333335,11.225000000000001,0.0033333333333338544,0.029682398337790336,Narrow,Bullish,Above CPR,Cash Only,Unclassified,True,False,0.04,50,38699475.510000005,Higher,True,Long
MANCREDIT,EQ,MANGAL CREDIT N FINCORP L,239.99,253.78,237.0,245.28,381138,94499680.39,20260731,245.35333333333332,245.39,245.31666666666666,245.39,245.31666666666666,0.07333333333332348,0.02989780387040259,Narrow,Bearish,Below CPR,Cash Only,Unclassified,False,True,0.04,50,63838349.31,Higher,True,No setup
JISLDVREQS,EQ,JAIN DVR EQUITY SHARES,21.71,22.47,21.71,22.1,12486,276056.28,20260731,22.093333333333334,22.09,22.096666666666668,22.096666666666668,22.09,0.006666666666667709,0.030165912518858407,Narrow,Bullish,Above CPR,Cash Only,Unclassified,True,False,0.04,50,359811.99,Higher,True,Long
KRISHNADEF,EQ,KRISHNA DEF AND ALD IND L,1199.3,1217.0,1181.1,1198.5,72051,86554871.2,20260731,1198.8666666666666,1199.05,1198.6833333333332,1199.05,1198.6833333333332,0.36666666666678793,0.030593797802819185,Narrow,Bearish,Below CPR,Cash Only,Unclassified,False,True,0.02,50,163910317.35,Inside,True,No setup
GKSL,EQ,GUJARAT KIDNEY N SUP SP L,127.0,128.4,126.36,127.32,260705,33225755.35,20260731,127.36,127.38,127.34,127.38,127.34,0.03999999999999204,0.03141690229342762,Narrow,Bearish,Below CPR,Cash Only,Unclassified,False,True,0.04,50,25654905.75,Lower,True,Short
SHRIRAMPPS,EQ,SHRIRAM PROPERTIES LTD,84.0,84.49,83.49,84.03,297632,24972242.0,20260731,84.00333333333333,83.99,84.01666666666667,84.01666666666667,83.99,0.026666666666670835,0.03173469792534908,Narrow,Bullish,Above CPR,Cash Only,Unclassified,True,False,0.08,50,47129121.870000005,Lower,True,No setup
UNIVCABLES,EQ,UNIVERSAL CABLES LTD,1342.0,1389.8,1328.3,1358.4,139920,190931344.5,20260731,1358.8333333333333,1359.05,1358.6166666666666,1359.05,1358.6166666666666,0.43333333333339397,0.031900274833141486,Narrow,Bearish,Below CPR,Cash Only,Unclassified,False,True,0.04,50,205521033.27499998,Higher,True,No setup
ROHLTD,EQ,ROYAL ORCHID HOTELS LTD,315.0,316.9,309.1,312.85,12313,3849923.2,20260731,312.95,313.0,312.9,313.0,312.9,0.10000000000002274,0.03196420009589986,Narrow,Bearish,Below CPR,Cash Only,Unclassified,False,True,0.04,50,7941011.449999999,Lower,True,Short
FDC,EQ,FDC LIMITED,408.0,413.2,406.0,409.8,137556,56398031.7,20260731,409.6666666666667,409.6,409.73333333333335,409.73333333333335,409.6,0.13333333333332575,0.03253619651862512,Narrow,Bullish,Above CPR,Cash Only,Unclassified,True,False,0.06,50,78943888.0,Inside,True,No setup
SBFC,EQ,SBFC FINANCE LIMITED,90.27,90.99,89.9,90.4,597593,54018181.2,20260731,90.42999999999999,90.445,90.41499999999999,90.445,90.41499999999999,0.030000000000001137,0.03318584070796586,Narrow,Bearish,Below CPR,Cash Only,Financial Services,False,True,0.1,50,76024066.66,Higher,True,No setup
HARSHA,EQ,HARSHA ENGINEERS INT LTD,400.0,403.45,398.25,401.05,53906,21609261.15,20260731,400.9166666666667,400.85,400.98333333333335,400.98333333333335,400.85,0.13333333333332575,0.033246062419480304,Narrow,Bullish,Above CPR,Cash Only,Unclassified,True,False,0.04,50,64703270.175,Inside,True,No setup
GICHSGFIN,EQ,GIC HOUSING FINANCE LTD,148.4,148.4,147.11,147.68,32149,4750829.27,20260731,147.73,147.755,147.70499999999998,147.755,147.70499999999998,0.05000000000001137,0.03385698808234789,Narrow,Bearish,Below CPR,Cash Only,Unclassified,False,True,0.08,50,13419718.11,Lower,True,Short
KRISHIVAL,EQ,KRISHIVAL FOODS LIMITED,391.1,400.0,387.5,393.55,108325,42251032.2,20260731,393.68333333333334,393.75,393.6166666666667,393.75,393.6166666666667,0.13333333333332575,0.03387964256976896,Narrow,Bearish,Below CPR,Cash Only,Unclassified,False,True,0.1,50,1395113.025,Higher,True,No setup
AYE,EQ,AYE FINANCE LIMITED,162.0,171.21,162.0,166.52,870495,146175304.41,20260731,166.57666666666668,166.60500000000002,166.54833333333335,166.60500000000002,166.54833333333335,0.05666666666667197,0.03402994635279364,Narrow,Bearish,Below CPR,Cash Only,Unclassified,False,True,0.02,50,154522750.715,Higher,True,No setup
RITCO,EQ,RITCO LOGISTICS LIMITED,291.2,296.0,287.1,291.7,124191,36252347.0,20260731,291.59999999999997,291.55,291.6499999999999,291.6499999999999,291.55,0.09999999999990905,0.034281796366098405,Narrow,Bullish,Above CPR,Cash Only,Unclassified,True,False,0.06,50,19569522.225,Lower,True,No setup
QMSMEDI,EQ,QMS MEDICAL ALLIED S LTD,113.85,115.8,113.5,114.59,14894,1703241.14,20260731,114.63,114.65,114.60999999999999,114.65,114.60999999999999,0.040000000000020464,0.034907059952893324,Narrow,Bearish,Below CPR,Cash Only,Unclassified,False,True,0.03225806451612903,31,1703241.14,Inside,True,No setup
PREMEXPLN,EQ,PREMIER EXPLOSIVES LTD,656.0,673.0,656.0,664.15,295292,196956857.1,20260731,664.3833333333333,664.5,664.2666666666667,664.5,664.2666666666667,0.2333333333333485,0.03513262566187586,Narrow,Bearish,Below CPR,Cash Only,Unclassified,False,True,0.04,50,585598828.375,Higher,True,No setup
BERGEPAINT,EQ,BERGER PAINTS (I) LTD,524.95,524.95,515.4,520.45,241120,125587637.75,20260731,520.2666666666667,520.175,520.3583333333333,520.3583333333333,520.175,0.18333333333339397,0.03522592628175501,Narrow,Bullish,Above CPR,Cash Only,Consumer Durables,True,False,0.06,50,169455365.64999998,Inside,True,No setup
UNIECOM,EQ,UNICOMMERCE ESOLUTIONS L,84.59,85.08,84.25,84.71,90525,7671231.54,20260731,84.67999999999999,84.66499999999999,84.695,84.695,84.66499999999999,0.030000000000001137,0.03541494510683643,Narrow,Bullish,Above CPR,Cash Only,Unclassified,True,False,0.04,50,23526910.29,Lower,True,No setup
BATAINDIA,EQ,BATA INDIA LTD,695.0,701.9,691.15,696.15,133918,93351475.7,20260731,696.4,696.525,696.275,696.525,696.275,0.25,0.035911800617682975,Narrow,Bearish,Below CPR,Cash Only,Consumer Durables,False,True,0.12,50,114376155.0,Lower,True,Short
URJA,EQ,URJA GLOBAL LIMITED,9.07,9.17,9.0,9.09,596676,5412762.89,20260731,9.086666666666668,9.085,9.088333333333335,9.088333333333335,9.085,0.0033333333333338544,0.036670333700042405,Narrow,Bullish,Above CPR,Cash Only,Unclassified,True,False,0.06,50,8967059.29,Higher,True,Long
AAKASH,EQ,AAKASH EXPLORATION SER L,8.8,9.15,8.76,8.95,115079,1032773.19,20260731,8.953333333333333,8.955,8.951666666666666,8.955,8.951666666666666,0.0033333333333338544,0.03724394785847882,Narrow,Bearish,Below CPR,Cash Only,Unclassified,False,True,0.029411764705882353,34,979417.655,Inside,True,No setup
RML,EQ,RANE (MADRAS) LIMITED,1155.6,1177.9,1130.2,1154.7,36550,42216450.9,20260731,1154.2666666666667,1154.0500000000002,1154.4833333333331,1154.4833333333331,1154.0500000000002,0.4333333333329392,0.03752778499462538,Narrow,Bullish,Above CPR,Cash Only,Unclassified,True,False,0.04,50,29516896.6,Higher,True,Long
MINDTECK,EQ,MINDTECK (INDIA) LIMITED,193.0,195.84,191.66,193.86,41213,7986539.52,20260731,193.78666666666666,193.75,193.82333333333332,193.82333333333332,193.75,0.07333333333332348,0.03782798583169476,Narrow,Bullish,Above CPR,Cash Only,Unclassified,True,False,0.04,50,14758298.15,Overlapping,True,No setup
V2RETAIL,EQ,V2 RETAIL LIMITED,219.25,221.7,217.21,219.33,450049,99101036.9,20260731,219.41333333333333,219.45499999999998,219.37166666666667,219.45499999999998,219.37166666666667,0.08333333333331439,0.03799449839662353,Narrow,Bearish,Below CPR,Cash Only,Unclassified,False,True,0.04,50,252697873.79500002,Inside,True,No setup
DATAMATICS,EQ,DATAMATICS GLOBAL SER LTD,833.1,840.8,822.35,832.05,39400,32837288.85,20260731,831.7333333333332,831.575,831.8916666666664,831.8916666666664,831.575,0.31666666666637866,0.03805861025976548,Narrow,Bullish,Above CPR,Cash Only,Unclassified,True,False,0.06,50,65032735.425,Inside,True,No setup
NSLNISP,EQ,NMDC STEEL LIMITED,43.0,43.24,42.75,43.02,1618649,69630050.93,20260731,43.00333333333334,42.995000000000005,43.01166666666667,43.01166666666667,42.995000000000005,0.01666666666666572,0.03874167054083152,Narrow,Bullish,Above CPR,Cash Only,Metals & Mining,True,False,0.12,50,176347991.41,Higher,True,Long
DCXINDIA,EQ,DCX SYSTEMS LIMITED,178.4,183.5,177.45,180.37,420003,76110314.27,20260731,180.43999999999997,180.475,180.40499999999994,180.475,180.40499999999994,0.07000000000005002,0.03880911459779898,Narrow,Bearish,Below CPR,Cash Only,Unclassified,False,True,0.06,50,163683505.41000003,Higher,True,No setup
AKUMS,EQ,AKUMS DRUGS AND PHARMA L,661.9,663.9,653.6,658.35,82455,54301286.75,20260731,658.6166666666667,658.75,658.4833333333333,658.75,658.4833333333333,0.2666666666666515,0.040505303663196095,Narrow,Bearish,Below CPR,Cash Only,Unclassified,False,True,0.04,50,126548517.95,Lower,True,Short
GKENERGY,EQ,GK ENERGY LIMITED,128.0,130.92,128.0,129.38,404594,52572630.15,20260731,129.4333333333333,129.45999999999998,129.40666666666664,129.45999999999998,129.40666666666664,0.05333333333334167,0.041222239398161754,Narrow,Bearish,Below CPR,Cash Only,Unclassified,False,True,0.02,50,94018359.1,Inside,True,No setup
ABCAPITAL,EQ,ADITYA BIRLA CAPITAL LTD.,396.9,413.0,396.1,404.3,10947542,4456617389.2,20260731,404.4666666666667,404.55,404.3833333333334,404.55,404.3833333333334,0.16666666666662877,0.0412235138923148,Narrow,Bearish,Below CPR,Cash Only,Financial Services,False,True,0.04,50,1237617981.675,Higher,True,No setup
UMIYA-MRO,EQ,UMIYA BUILDCON LIMITED,89.5,89.5,88.01,88.81,8841,781639.66,20260731,88.77333333333333,88.755,88.79166666666666,88.79166666666666,88.755,0.03666666666666174,0.041286641894675985,Narrow,Bullish,Above CPR,Cash Only,Unclassified,True,False,0.12,50,935401.25,Lower,True,No setup
DECCANCE,EQ,DECCAN CEMENTS LIMITED,547.1,558.6,547.1,553.2,40980,22660479.65,20260731,552.9666666666667,552.85,553.0833333333334,553.0833333333334,552.85,0.2333333333333485,0.042178838274285695,Narrow,Bullish,Above CPR,Cash Only,Unclassified,True,False,0.04,50,6332489.0,Inside,True,No setup
HARIOMPIPE,EQ,HARIOM PIPE INDUSTRIES L,390.0,394.0,387.5,390.5,52297,20432015.8,20260731,390.6666666666667,390.75,390.58333333333337,390.75,390.58333333333337,0.16666666666662877,0.042680324370455505,Narrow,Bearish,Below CPR,Cash Only,Unclassified,False,True,0.06,50,100527607.775,Higher,True,No setup
INDNIPPON,EQ,INDIA NIPPON ELECT  LTD,1148.1,1200.9,1141.4,1170.4,25029,29491016.4,20260731,1170.9,1171.15,1170.65,1171.15,1170.65,0.5,0.04272043745727956,Narrow,Bearish,Below CPR,Cash Only,Unclassified,False,True,0.06,50,37267471.15,Higher,True,No setup
AXISCADES,EQ,AXISCADES TECH LTD,1531.0,1574.0,1531.0,1553.5,84180,131153412.7,20260731,1552.8333333333333,1552.5,1553.1666666666665,1553.1666666666665,1552.5,0.6666666666665151,0.04291385044522144,Narrow,Bullish,Above CPR,Cash Only,Unclassified,True,False,0.08,50,276528282.0,Inside,True,No setup
CLEAN,EQ,CLEAN SCIENCE & TECH LTD,731.05,744.0,723.15,734.05,213754,157046055.95,20260731,733.7333333333332,733.575,733.8916666666664,733.8916666666664,733.575,0.31666666666637866,0.04313965896960407,Narrow,Bullish,Above CPR,Cash Only,Chemicals,True,False,0.08,50,135061152.25,Higher,True,Long
EKC,EQ,EVEREST KANTO CYLINDERLTD,104.76,108.99,104.41,106.77,242316,25966945.57,20260731,106.72333333333331,106.69999999999999,106.74666666666664,106.74666666666664,106.69999999999999,0.046666666666652645,0.043707658206099696,Narrow,Bullish,Above CPR,Cash Only,Unclassified,True,False,0.12,50,19418504.915,Higher,True,Long
MOHITIND,EQ,MOHIT INDUSTRIES LTD,22.9,22.9,22.29,22.58,1724,38661.62,20260731,22.59,22.595,22.585,22.595,22.585,0.00999999999999801,0.04428697962798056,Narrow,Bearish,Below CPR,Cash Only,Unclassified,False,True,0.02,50,120487.58,Lower,True,Short
GRINFRA,EQ,G R INFRAPROJECTS LIMITED,892.0,892.0,875.0,884.1,12652,11146128.6,20260731,883.6999999999999,883.5,883.8999999999999,883.8999999999999,883.5,0.3999999999998636,0.04524375070691817,Narrow,Bullish,Above CPR,Cash Only,Unclassified,True,False,0.04,50,15618189.9,Lower,True,No setup
IRMENERGY,EQ,IRM ENERGY LIMITED,257.1,259.45,256.0,257.55,22304,5743654.7,20260731,257.6666666666667,257.725,257.60833333333335,257.725,257.60833333333335,0.11666666666667425,0.045298647511812944,Narrow,Bearish,Below CPR,Cash Only,Unclassified,False,True,0.08,50,32332793.025,Lower,True,Short
IGL,EQ,INDRAPRASTHA GAS LTD,152.0,152.69,151.06,151.98,661065,100478401.63,20260731,151.91,151.875,151.945,151.945,151.875,0.06999999999999318,0.04605869193314461,Narrow,Bullish,Above CPR,Cash Only,Oil Gas & Consumable Fuels,True,False,0.04,50,326388810.15999997,Lower,True,No setup
VIYASH,EQ,VIYASH SCIENTIFIC LIMITED,251.8,254.6,249.05,252.0,973333,245518317.8,20260731,251.88333333333333,251.825,251.94166666666666,251.94166666666666,251.825,0.11666666666667425,0.0462962962962993,Narrow,Bullish,Above CPR,Cash Only,Unclassified,True,False,0.06,50,481571403.57500005,Lower,True,No setup
ZYDUSLIFE,EQ,ZYDUS LIFESCIENCES LTD,1124.9,1134.3,1117.7,1126.8,721020,810975319.4,20260731,1126.2666666666667,1126.0,1126.5333333333333,1126.5333333333333,1126.0,0.533333333333303,0.047331676724645284,Narrow,Bullish,Above CPR,Cash Only,Healthcare,True,False,0.12,50,1292770721.15,Higher,True,Long
PSUBANK,EQ,KOTAK PSU BANK,83.4,84.07,83.11,83.65,36886,3087425.54,20260731,83.61,83.59,83.63,83.63,83.59,0.03999999999999204,0.04781829049610525,Narrow,Bullish,Above CPR,Cash Only,Unclassified,True,False,0.08,50,22341698.07,Higher,True,Long
SHAILY,EQ,SHAILY ENG PLASTICS LTD,3029.1,3099.0,3028.2,3061.4,140744,431559304.5,20260731,3062.866666666667,3063.6,3062.1333333333337,3063.6,3062.1333333333337,1.4666666666662422,0.047908364364873654,Narrow,Bearish,Below CPR,Cash Only,Unclassified,False,True,0.02,50,585187530.3499999,Higher,True,No setup
SURYAROSNI,EQ,SURYA ROSHNI LTD,240.2,241.6,236.85,239.4,309358,73907083.9,20260731,239.28333333333333,239.225,239.34166666666667,239.34166666666667,239.225,0.11666666666667425,0.048732943469788736,Narrow,Bullish,Above CPR,Cash Only,Unclassified,True,False,0.04,50,146976129.175,Higher,True,Long
IOB,EQ,INDIAN OVERSEAS BANK,33.85,34.18,33.67,33.9,1581741,53605046.55,20260731,33.916666666666664,33.925,33.90833333333333,33.925,33.90833333333333,0.01666666666666572,0.04916420845624106,Narrow,Bearish,Below CPR,Cash Only,Financial Services,False,True,0.08,50,93825106.41,Higher,True,No setup
DMART,EQ,AVENUE SUPERMARTS LIMITED,3900.1,3946.5,3889.7,3921.0,551952,2163865297.3,20260731,3919.066666666667,3918.1,3920.033333333334,3920.033333333334,3918.1,1.9333333333343035,0.049307149536707555,Narrow,Bullish,Above CPR,Cash Only,Consumer Services,True,False,0.1,50,1926783703.6,Higher,True,Long
SUDARSCHEM,EQ,SUDARSHAN CHEMICAL INDS L,1013.5,1030.0,996.3,1013.9,186928,188451884.8,20260731,1013.4,1013.15,1013.65,1013.65,1013.15,0.5,0.049314528059966466,Narrow,Bullish,Above CPR,Cash Only,Unclassified,True,False,0.06,50,199789512.825,Inside,True,No setup
GENCON,EQ,GENERIC ENG CONS PROJ LTD,39.56,41.3,39.3,40.33,241409,9591855.19,20260731,40.309999999999995,40.3,40.31999999999999,40.31999999999999,40.3,0.01999999999999602,0.04959087527893881,Narrow,Bullish,Above CPR,Cash Only,Unclassified,True,False,0.1,50,11634337.86,Higher,True,Long
SUPERHOUSE,EQ,SUPERHOUSE LIMITED,157.0,163.0,157.0,160.12,2976,476901.42,20260731,160.04,160.0,160.07999999999998,160.07999999999998,160.0,0.07999999999998408,0.04996252810391212,Narrow,Bullish,Above CPR,Cash Only,Unclassified,True,False,0.08,50,841267.7350000001,Higher,True,Long
PLASTIBLEN,EQ,PLASTIBLENDS INDIA LTD,184.0,188.0,184.0,186.14,21690,4031896.26,20260731,186.04666666666665,186.0,186.0933333333333,186.0933333333333,186.0,0.09333333333330529,0.05014147057768631,Narrow,Bullish,Above CPR,Cash Only,Unclassified,True,False,0.06,50,4501757.175000001,Higher,True,Long
RIR,EQ,RIR POWER ELECTRONICS L,159.78,160.49,157.13,158.93,61824,9829755.52,20260731,158.85,158.81,158.89,158.89,158.81,0.07999999999998408,0.050336626187619755,Narrow,Bullish,Above CPR,Cash Only,Unclassified,True,False,0.08333333333333333,12,11357563.184999999,Inside,True,No setup
GKWLIMITED,EQ,GKW LIMITED,1630.0,1650.1,1614.0,1630.8,603,986434.3,20260731,1631.6333333333332,1632.05,1631.2166666666665,1632.05,1631.2166666666665,0.8333333333334849,0.051099664786208296,Narrow,Bearish,Below CPR,Cash Only,Unclassified,False,True,0.06,50,545796.6000000001,Higher,True,No setup
NACLIND,EQ,NACL INDUSTRIES LIMITED,188.5,191.99,186.16,188.93,384814,72779574.62,20260731,189.02666666666664,189.075,188.9783333333333,189.075,188.9783333333333,0.09666666666669244,0.05116533460365872,Narrow,Bearish,Below CPR,Cash Only,Unclassified,False,True,0.08,50,145436692.89,Lower,True,Short
DODLA,EQ,DODLA DAIRY LIMITED,1054.0,1054.0,1028.8,1040.6,138440,144213463.5,20260731,1041.1333333333334,1041.4,1040.8666666666668,1041.4,1040.8666666666668,0.533333333333303,0.05125248254212023,Narrow,Bearish,Below CPR,Cash Only,Unclassified,False,True,0.12,50,14871296.5,Lower,True,Short
BORANA,EQ,BORANA WEAVES LIMITED,325.4,328.8,320.0,324.65,20275,6581759.65,20260731,324.4833333333333,324.4,324.5666666666666,324.5666666666666,324.4,0.16666666666662877,0.051337337645658024,Narrow,Bullish,Above CPR,Cash Only,Unclassified,True,False,0.08,50,8603821.95,Lower,True,No setup
GALAXYSURF,EQ,GALAXY SURFACTANTS LTD,1935.0,1956.0,1930.0,1944.5,4491,8710386.9,20260731,1943.5,1943.0,1944.0,1944.0,1943.0,1.0,0.05142710208279763,Narrow,Bullish,Above CPR,Cash Only,Unclassified,True,False,0.12,50,14948462.55,Lower,True,No setup
SINGERIND,EQ,SINGER INDIA LIMITED,64.85,65.71,63.75,64.78,23116,1494778.48,20260731,64.74666666666666,64.72999999999999,64.76333333333332,64.76333333333332,64.72999999999999,0.03333333333333144,0.05145621076463637,Narrow,Bullish,Above CPR,Cash Only,Unclassified,True,False,0.04,50,3024268.5549999997,Inside,True,No setup
HINDZINC,EQ,HINDUSTAN ZINC LIMITED,536.05,543.9,535.35,539.2,4198309,2264969780.95,20260731,539.4833333333333,539.625,539.3416666666667,539.625,539.3416666666667,0.283333333333303,0.052546983184959754,Narrow,Bearish,Below CPR,Cash Only,Metals & Mining,False,True,0.04,50,1990264749.425,Higher,True,No setup
EIDPARRY,EQ,EID PARRY INDIA LTD,757.75,765.9,753.0,760.05,300763,228340350.5,20260731,759.65,759.45,759.8499999999999,759.8499999999999,759.45,0.3999999999998636,0.05262811657126026,Narrow,Bullish,Above CPR,Cash Only,Fast Moving Consumer Goods,True,False,0.08,50,214635175.925,Lower,True,No setup
VGL,EQ,VARVEE GLOBAL LIMITED,61.98,63.0,61.5,62.2,10976,683365.25,20260731,62.23333333333333,62.25,62.216666666666654,62.25,62.216666666666654,0.03333333333334565,0.053590568060041234,Narrow,Bearish,Below CPR,Cash Only,Unclassified,False,True,0.04,50,2994414.13,Higher,True,No setup
MANAPPURAM,EQ,MANAPPURAM FINANCE LTD,368.35,377.0,367.3,371.85,6553842,2441766561.35,20260731,372.05,372.15,371.95000000000005,372.15,371.95000000000005,0.1999999999999318,0.05378512841197573,Narrow,Bearish,Below CPR,Cash Only,Financial Services,False,True,0.1,50,890427188.7,Inside,True,No setup
TRIDENT,EQ,TRIDENT LIMITED,24.76,24.84,24.62,24.71,2505631,62036261.66,20260731,24.723333333333333,24.73,24.716666666666665,24.73,24.716666666666665,0.013333333333335418,0.05395926075813604,Narrow,Bearish,Below CPR,Cash Only,Textiles,False,True,0.08,50,107541904.605,Lower,True,Short
SHREEJISPG,EQ,SHREEJI SHIPPING GLOBAL L,644.5,653.15,638.6,645.35,759148,492163845.75,20260731,645.6999999999999,645.875,645.5249999999999,645.875,645.5249999999999,0.3500000000001364,0.054234136515090486,Narrow,Bearish,Below CPR,Cash Only,Unclassified,False,True,0.06,50,415218328.70000005,Higher,True,No setup
AURIONPRO,EQ,AURIONPRO SOLN LTD,740.0,740.0,728.0,733.4,139129,102067058.65,20260731,733.8000000000001,734.0,733.6000000000001,734.0,733.6000000000001,0.3999999999998636,0.0545404963184979,Narrow,Bearish,Below CPR,Cash Only,Unclassified,False,True,0.06,50,102325355.775,Lower,True,Short
WENDT,EQ,WENDT (INDIA) LIMITED,8109.0,8319.5,8109.0,8207.5,5084,41767454.0,20260731,8212.0,8214.25,8209.75,8214.25,8209.75,4.5,0.05482790130977764,Narrow,Bearish,Below CPR,Cash Only,Unclassified,False,True,0.06,50,37548559.25,Higher,True,No setup
BRITANNIA,EQ,BRITANNIA INDUSTRIES LTD,5445.0,5460.0,5364.0,5416.5,428290,2314591904.0,20260731,5413.5,5412.0,5415.0,5415.0,5412.0,3.0,0.05538631957906397,Narrow,Bullish,Above CPR,Cash Only,Fast Moving Consumer Goods,True,False,0.18,50,1387298212.0,Lower,True,No setup
NILASPACES,EQ,NILA SPACES LIMITED,11.8,12.0,11.8,11.89,210075,2507203.19,20260731,11.896666666666667,11.9,11.893333333333333,11.9,11.893333333333333,0.006666666666667709,0.056069526212512266,Narrow,Bearish,Below CPR,Cash Only,Unclassified,False,True,0.04,50,4187060.6849999996,Inside,True,No setup
MAHEPC,EQ,MAHINDRA EPC IRRIG LTD,105.97,109.0,104.5,106.66,33879,3595645.95,20260731,106.71999999999998,106.75,106.68999999999997,106.75,106.68999999999997,0.060000000000030695,0.05625351584476908,Narrow,Bearish,Below CPR,Cash Only,Unclassified,False,True,0.14,50,4339422.2299999995,Higher,True,No setup
GRINDWELL,EQ,GRINDWELL NORTON LIMITED,2106.1,2134.3,2102.5,2120.2,23951,50791954.1,20260731,2119.0,2118.4,2119.6,2119.6,2118.4,1.199999999999818,0.05659843410998105,Narrow,Bullish,Above CPR,Cash Only,Unclassified,True,False,0.08,50,123273297.6,Higher,True,Long
JSL,EQ,JINDAL STAINLESS LIMITED,745.85,745.85,725.0,734.8,351429,257719659.45,20260731,735.2166666666666,735.425,735.0083333333332,735.425,735.0083333333332,0.41666666666674246,0.05670477227364487,Narrow,Bearish,Below CPR,Cash Only,Metals & Mining,False,True,0.08,50,386001148.85,Inside,True,No setup
MANAKALUCO,EQ,MANAK ALUMINIUM CO. LTD.,35.12,35.52,34.86,35.22,34112,1199222.16,20260731,35.199999999999996,35.19,35.209999999999994,35.209999999999994,35.19,0.01999999999999602,0.05678591709254975,Narrow,Bullish,Above CPR,Cash Only,Unclassified,True,False,0.06,50,2294043.27,Lower,True,No setup
SALASAR,EQ,SALASAR TECHNO ENGG. LTD.,5.88,5.88,5.81,5.84,1708370,9992332.11,20260731,5.843333333333334,5.845,5.841666666666668,5.845,5.841666666666668,0.003333333333332078,0.05707762557075476,Narrow,Bearish,Below CPR,Cash Only,Unclassified,False,True,0.14,50,18626641.14,Lower,True,Short
CUMMINSIND,EQ,CUMMINS INDIA LTD,5463.0,5567.0,5461.5,5519.0,357879,1978350422.0,20260731,5515.833333333333,5514.25,5517.416666666666,5517.416666666666,5514.25,3.1666666666660603,0.0573775442410955,Narrow,Bullish,Above CPR,Cash Only,Capital Goods,True,False,0.1,50,2177894661.5,Higher,True,Long
SAYAJIHOTL,EQ,SAYAJI HOTELS LTD.,286.0,294.0,286.0,290.25,23,6684.8,20260731,290.0833333333333,290.0,290.16666666666663,290.16666666666663,290.0,0.16666666666662877,0.05742176284810638,Narrow,Bullish,Above CPR,Cash Only,Unclassified,True,False,0.2631578947368421,38,19688.975,Lower,False,No setup
ICICIBANK,EQ,ICICI BANK LTD.,1434.3,1441.9,1431.4,1435.4,8752440,12559302182.9,20260731,1436.2333333333336,1436.65,1435.816666666667,1436.65,1435.816666666667,0.8333333333330302,0.058055826482724684,Narrow,Bearish,Below CPR,Cash Only,Financial Services,False,True,0.08,50,17971521319.199997,Higher,True,No setup
JINDALSAW,EQ,JINDAL SAW LIMITED,255.6,259.25,254.2,256.95,684692,176043379.3,20260731,256.8,256.725,256.875,256.875,256.725,0.14999999999997726,0.05837711617045233,Narrow,Bullish,Above CPR,Cash Only,Capital Goods,True,False,0.04,50,390377624.03,Higher,True,Long
LAMBODHARA,EQ,LAMBODHARA TEXTILES LTD.,114.8,114.8,112.5,113.75,1159,131968.28,20260731,113.68333333333334,113.65,113.71666666666667,113.71666666666667,113.65,0.06666666666666288,0.05860805860805528,Narrow,Bullish,Above CPR,Cash Only,Unclassified,True,False,0.04,50,852489.0449999999,Higher,True,Long
RAMANEWS,EQ,SHREE RAMA NEWSPRINT LTD,28.5,28.71,28.02,28.39,24068,681650.02,20260731,28.373333333333335,28.365000000000002,28.381666666666668,28.381666666666668,28.365000000000002,0.01666666666666572,0.05870611717740655,Narrow,Bullish,Above CPR,Cash Only,Unclassified,True,False,0.08,50,435596.54500000004,Lower,True,No setup
KSOLVES,EQ,KSOLVES INDIA LIMITED,279.35,284.65,278.85,281.5,28163,7901545.8,20260731,281.6666666666667,281.75,281.58333333333337,281.75,281.58333333333337,0.16666666666662877,0.05920663114267452,Narrow,Bearish,Below CPR,Cash Only,Unclassified,False,True,0.12,50,10946930.7,Inside,True,No setup
IOLCP,EQ,IOL CHEM AND PHARMA LTD,144.65,148.85,143.55,146.33,921938,134802866.86,20260731,146.24333333333334,146.2,146.2866666666667,146.2866666666667,146.2,0.08666666666670153,0.05922686165974272,Narrow,Bullish,Above CPR,Cash Only,Unclassified,True,False,0.02,50,408050307.79,Higher,True,Long
JMA,EQ,JULLUNDUR MOT AGENCY LTD,89.0,89.0,87.0,87.92,3720,326428.77,20260731,87.97333333333334,88.0,87.94666666666669,88.0,87.94666666666669,0.05333333333331325,0.0606612071579996,Narrow,Bearish,Below CPR,Cash Only,Unclassified,False,True,0.04,50,671292.4650000001,Inside,True,No setup
FOODSIN,EQ,FOODS & INNS LIMITED,54.5,55.15,54.17,54.61,35386,1938661.0,20260731,54.64333333333334,54.66,54.62666666666668,54.66,54.62666666666668,0.03333333333331723,0.061038881767656525,Narrow,Bearish,Below CPR,Cash Only,Unclassified,False,True,0.08,50,4176492.925,Inside,True,No setup
GLENMARK,EQ,GLENMARK PHARMACEUTICALS,2207.2,2256.7,2207.0,2233.9,371153,830100271.6,20260731,2232.5333333333333,2231.85,2233.2166666666667,2233.2166666666667,2231.85,1.366666666666788,0.0611785069460042,Narrow,Bullish,Above CPR,Cash Only,Healthcare,True,False,0.08,50,1241867201.65,Higher,True,Long
MUFTI,EQ,CREDO BRANDS MARKETING L,80.72,82.68,80.51,81.52,44883,3678506.57,20260731,81.57,81.595,81.54499999999999,81.595,81.54499999999999,0.05000000000001137,0.0613346418057058,Narrow,Bearish,Below CPR,Cash Only,Unclassified,False,True,0.12,50,8254491.465,Higher,True,No setup
NAVKARCORP,EQ,NAVKAR CORPORATION LTD.,102.0,103.8,101.83,102.72,218138,22418634.83,20260731,102.78333333333335,102.815,102.7516666666667,102.815,102.7516666666667,0.06333333333330415,0.06165628245064657,Narrow,Bearish,Below CPR,Cash Only,Unclassified,False,True,0.06,50,51131380.510000005,Higher,True,No setup
HATHWAY,EQ,HATHWAY CABLE & DATACOM,10.79,10.84,10.72,10.77,786772,8485368.44,20260731,10.776666666666666,10.780000000000001,10.77333333333333,10.780000000000001,10.77333333333333,0.0066666666666712615,0.06190034045191515,Narrow,Bearish,Below CPR,Cash Only,Unclassified,False,True,0.1,50,19126041.345,Higher,True,No setup
GANECOS,EQ,GANESHA ECOSPHERE LIMITED,1209.9,1209.9,1159.9,1183.8,291714,344930623.6,20260731,1184.5333333333335,1184.9,1184.166666666667,1184.9,1184.166666666667,0.7333333333331211,0.06194740102492999,Narrow,Bearish,Below CPR,Cash Only,Unclassified,False,True,0.06,50,136478253.15,Lower,True,Short
OSWALSEEDS,EQ,SHREEOSWAL S AND CHE LTD,10.71,10.85,10.65,10.76,22790,244997.72,20260731,10.753333333333332,10.75,10.756666666666664,10.756666666666664,10.75,0.006666666666664156,0.06195786864929513,Narrow,Bullish,Above CPR,Cash Only,Unclassified,True,False,0.08,50,526846.48,Higher,True,Long
AVALON,EQ,AVALON TECHNOLOGIES LTD,1770.0,1859.0,1760.2,1807.9,731668,1334256265.2,20260731,1809.0333333333335,1809.6,1808.4666666666672,1809.6,1808.4666666666672,1.1333333333327573,0.06268783302908111,Narrow,Bearish,Below CPR,Cash Only,Unclassified,False,True,0.1,50,566310246.7,Higher,True,No setup
AHLADA,EQ,AHLADA ENGINEERS LIMITED,36.65,37.2,36.65,36.96,10041,372022.69,20260731,36.93666666666667,36.925,36.94833333333334,36.94833333333334,36.925,0.023333333333340533,0.0631313131313326,Narrow,Bullish,Above CPR,Cash Only,Unclassified,True,False,0.12,50,371902.595,Inside,True,No setup
SINCLAIR,EQ,SINCLAIRS HOTELS LIMITED,73.99,74.17,71.41,72.86,17013,1239771.82,20260731,72.81333333333333,72.78999999999999,72.83666666666667,72.83666666666667,72.78999999999999,0.04666666666668107,0.06404977582580437,Narrow,Bullish,Above CPR,Cash Only,Unclassified,True,False,0.06,50,1912500.815,Lower,True,No setup
KOTAKBANK,EQ,KOTAK MAHINDRA BANK LTD,390.2,391.85,388.0,390.3,7014637,2736180069.2,20260731,390.05,389.925,390.175,390.175,389.925,0.25,0.06405329233922624,Narrow,Bullish,Above CPR,Cash Only,Financial Services,True,False,0.08,50,5554302460.450001,Higher,True,Long
BAJEL,EQ,BAJEL PROJECTS LIMITED,178.69,178.69,175.25,176.8,73243,12955065.09,20260731,176.91333333333333,176.97,176.85666666666665,176.97,176.85666666666665,0.11333333333334394,0.06410256410257009,Narrow,Bearish,Below CPR,Cash Only,Unclassified,False,True,0.06,50,40015508.315,Higher,True,No setup
TRENT,EQ,TRENT LTD,3008.0,3026.7,2990.9,3005.9,605222,1819716282.7,20260731,3007.8333333333335,3008.8,3006.866666666667,3008.8,3006.866666666667,1.933333333333394,0.06431795247125299,Narrow,Bearish,Below CPR,Cash Only,Consumer Services,False,True,0.06,50,3124021360.95,Inside,True,No setup
VENKEYS,EQ,VENKY S (INDIA) LIMITED,1501.9,1513.9,1482.0,1499.4,18076,26991349.4,20260731,1498.4333333333334,1497.95,1498.9166666666667,1498.9166666666667,1497.95,0.966666666666697,0.06447023253746144,Narrow,Bullish,Above CPR,Cash Only,Unclassified,True,False,0.12,50,42423839.2,Inside,True,No setup
PRAENG,EQ,PRAJAY ENG. SYN. LTD.,20.25,20.68,19.88,20.26,12565,254949.95,20260731,20.273333333333337,20.28,20.266666666666673,20.28,20.266666666666673,0.013333333333328312,0.06581112207960667,Narrow,Bearish,Below CPR,Cash Only,Unclassified,False,True,0.02,50,783227.3999999999,Inside,True,No setup
SHINDL,EQ,SHARAT INDUSTRIES LTD.,162.95,165.0,158.72,162.02,79984,12954352.57,20260731,161.91333333333333,161.86,161.96666666666664,161.96666666666664,161.86,0.1066666666666265,0.065835493560441,Narrow,Bullish,Above CPR,Cash Only,Unclassified,True,False,0.08,50,19530935.755,Overlapping,True,No setup
LOTUSEYE,EQ,LOTUS EYE HOSP & INST L,118.63,118.86,115.92,117.51,9982,1173083.77,20260731,117.43,117.39,117.47000000000001,117.47000000000001,117.39,0.0800000000000125,0.06807931239895541,Narrow,Bullish,Above CPR,Cash Only,Unclassified,True,False,0.06,50,1673443.6,Lower,True,No setup
DIGJAMLMTD,EQ,DIGJAM LTD,48.99,50.01,47.99,48.95,29644,1454722.01,20260731,48.98333333333333,49.0,48.966666666666654,49.0,48.966666666666654,0.03333333333334565,0.06809669731020561,Narrow,Bearish,Below CPR,Cash Only,Unclassified,False,True,0.02,50,277166.55,Higher,True,No setup
ASHIANA,EQ,ASHIANA HOUSING LTD,388.45,395.45,385.05,390.65,77628,30411333.35,20260731,390.3833333333334,390.25,390.51666666666677,390.51666666666677,390.25,0.2666666666667652,0.06826229787962759,Narrow,Bullish,Above CPR,Cash Only,Unclassified,True,False,0.06,50,18272849.450000003,Higher,True,Long
IRCON,EQ,IRCON INTERNATIONAL LTD,125.7,126.42,125.3,125.99,642958,80959859.84,20260731,125.90333333333332,125.86,125.94666666666664,125.94666666666664,125.86,0.08666666666664469,0.06878852819005055,Narrow,Bullish,Above CPR,Cash Only,Construction,True,False,0.18,50,202935099.175,Higher,True,Long
HBLENGINE,EQ,HBL ENGINEERING LTD,700.0,735.9,700.0,718.7,2001605,1453186960.05,20260731,718.2000000000002,717.95,718.4500000000003,718.4500000000003,717.95,0.5000000000002274,0.06957005704747841,Narrow,Bullish,Above CPR,Cash Only,Capital Goods,True,False,0.06,50,737864185.5999999,Higher,True,Long
KEC,EQ,KEC INTL. LIMITED,470.9,472.6,466.3,468.95,709491,332895308.85,20260731,469.28333333333336,469.45000000000005,469.1166666666667,469.45000000000005,469.1166666666667,0.33333333333337123,0.07108078331024016,Narrow,Bearish,Below CPR,Cash Only,Construction,False,True,0.12,50,428141777.475,Lower,True,Short
AJAXENGG,EQ,AJAX ENGINEERING LIMITED,579.25,583.95,575.1,580.15,21094,12229455.7,20260731,579.7333333333335,579.5250000000001,579.9416666666668,579.9416666666668,579.5250000000001,0.41666666666674246,0.0718205061909407,Narrow,Bullish,Above CPR,Cash Only,Unclassified,True,False,0.08,50,22767945.25,Inside,True,No setup
CANBK,EQ,CANARA BANK,124.99,125.44,124.25,124.98,13392650,1672257549.87,20260731,124.89,124.845,124.935,124.935,124.845,0.09000000000000341,0.07201152184349768,Narrow,Bullish,Above CPR,Cash Only,Financial Services,True,False,0.14,50,3299009891.535,Higher,True,Long
AEQUS,EQ,AEQUS LIMITED,231.22,231.22,227.6,229.16,1145958,262815225.55,20260731,229.32666666666668,229.41,229.24333333333337,229.41,229.24333333333337,0.16666666666662877,0.07272938849128503,Narrow,Bearish,Below CPR,Cash Only,Unclassified,False,True,0.06,50,958412118.395,Higher,True,No setup
ELGIEQUIP,EQ,ELGI EQUIPMENTS LTD,566.7,575.0,565.55,569.65,189851,108348936.6,20260731,570.0666666666666,570.275,569.8583333333332,570.275,569.8583333333332,0.41666666666674246,0.07314432838879004,Narrow,Bearish,Below CPR,Cash Only,Capital Goods,False,True,0.06,50,172248827.15,Overlapping,True,No setup
AUBANK,EQ,AU SMALL FINANCE BANK LTD,1035.0,1057.4,1034.9,1047.3,2215780,2316577106.4,20260731,1046.5333333333335,1046.15,1046.916666666667,1046.916666666667,1046.15,0.7666666666668789,0.07320411216145126,Narrow,Bullish,Above CPR,Cash Only,Financial Services,True,False,0.18,50,1502299798.825,Higher,True,Long
AAVAS,EQ,AAVAS FINANCIERS LIMITED,1360.1,1370.4,1346.2,1359.8,27076,36925763.5,20260731,1358.8000000000002,1358.3000000000002,1359.3000000000002,1359.3000000000002,1358.3000000000002,1.0,0.07354022650389763,Narrow,Bullish,Above CPR,Cash Only,Financial Services,True,False,0.16,50,130066801.65,Lower,True,No setup
RNBDENIMS,EQ,R&B DENIMS LIMITED,9.0,9.19,8.95,9.06,255424,2308785.62,20260731,9.066666666666668,9.07,9.063333333333336,9.07,9.063333333333336,0.006666666666664156,0.07358351729209885,Narrow,Bearish,Below CPR,Cash Only,Unclassified,False,True,0.1,50,3576745.495,Inside,True,No setup
DIFFNKG,EQ,DIFFUSION ENGINEERS LTD,382.95,389.0,379.15,383.65,32257,12400431.15,20260731,383.93333333333334,384.075,383.7916666666667,384.075,383.7916666666667,0.283333333333303,0.07385203527519954,Narrow,Bearish,Below CPR,Cash Only,Unclassified,False,True,0.04,50,39642258.175,Higher,True,No setup
COLPAL,EQ,COLGATE PALMOLIVE LTD.,2109.5,2109.5,2047.3,2076.1,322106,667559758.8,20260731,2077.633333333333,2078.4,2076.8666666666663,2078.4,2076.8666666666663,1.5333333333337578,0.07385642952332536,Narrow,Bearish,Below CPR,Cash Only,Fast Moving Consumer Goods,False,True,0.06,50,679128711.3,Lower,True,Short
BANSALWIRE,EQ,BANSAL WIRE INDUSTRIES L,319.65,319.65,310.35,314.65,71955,22604791.7,20260731,314.8833333333333,315.0,314.76666666666665,315.0,314.76666666666665,0.2333333333333485,0.07415647015202559,Narrow,Bearish,Below CPR,Cash Only,Unclassified,False,True,0.04,50,30797982.325,Lower,True,Short
CONCOR,EQ,CONTAINER CORP OF IND LTD,527.7,528.95,520.85,525.5,1280939,673556918.25,20260731,525.1,524.9000000000001,525.3,525.3,524.9000000000001,0.3999999999998636,0.0761179828734279,Narrow,Bullish,Above CPR,Cash Only,Services,True,False,0.12,50,702338793.2249999,Lower,True,No setup
AVROIND,EQ,AVRO INDIA LIMITED,8.8,8.9,8.5,8.71,134828,1170809.66,20260731,8.703333333333333,8.7,8.706666666666667,8.706666666666667,8.7,0.006666666666667709,0.07654037504784969,Narrow,Bullish,Above CPR,Cash Only,Unclassified,True,False,0.06,50,2328161.525,Inside,True,No setup
GOKUL,EQ,GOKUL REFOILS & SOLV LTD,39.0,39.48,38.71,39.05,136006,5340722.26,20260731,39.08,39.095,39.065,39.095,39.065,0.030000000000001137,0.07682458386684031,Narrow,Bearish,Below CPR,Cash Only,Unclassified,False,True,0.1,50,6268909.425,Lower,True,Short
BSOFT,EQ,BIRLASOFT LIMITED,303.95,305.4,298.7,302.4,1231190,372548247.5,20260731,302.16666666666663,302.04999999999995,302.2833333333333,302.2833333333333,302.04999999999995,0.2333333333333485,0.07716049382716551,Narrow,Bullish,Above CPR,Cash Only,Information Technology,True,False,0.12,50,392662389.9,Lower,True,No setup
STARTECK,EQ,STARTECK FINANCE LIMITED,265.45,266.2,252.6,259.1,7117,1892092.45,20260731,259.3,259.4,259.20000000000005,259.4,259.20000000000005,0.1999999999999318,0.07719027402544645,Narrow,Bearish,Below CPR,Cash Only,Unclassified,False,True,0.14,50,1906860.8250000002,Lower,True,Short
CGPOWER,EQ,CG POWER AND IND SOL LTD,850.0,878.8,850.0,863.4,6863390,5971797346.15,20260731,864.0666666666666,864.4,863.7333333333332,864.4,863.7333333333332,0.6666666666667425,0.07721411474018329,Narrow,Bearish,Below CPR,Cash Only,Capital Goods,False,True,0.08,50,3352103494.5249996,Higher,True,No setup
GUJAPOLLO,EQ,GUJ. APOLLO IND. LTD.,348.8,349.5,340.0,344.35,4860,1673336.65,20260731,344.6166666666666,344.75,344.48333333333323,344.75,344.48333333333323,0.2666666666667652,0.07744058854850158,Narrow,Bearish,Below CPR,Cash Only,Unclassified,False,True,0.04,50,2722739.175,Inside,True,No setup
WCIL,EQ,WESTERN CARRIERS (IND) L,89.18,90.85,89.0,90.03,24539,2208013.58,20260731,89.96,89.925,89.99499999999999,89.99499999999999,89.925,0.06999999999999318,0.07775186049093989,Narrow,Bullish,Above CPR,Cash Only,Unclassified,True,False,0.14,50,4804754.01,Higher,True,Long
GNA,EQ,GNA AXLES LIMITED,536.95,546.7,526.05,535.75,225412,121255874.15,20260731,536.1666666666666,536.375,535.9583333333333,536.375,535.9583333333333,0.41666666666674246,0.0777725929382627,Narrow,Bearish,Below CPR,Cash Only,Unclassified,False,True,0.08,50,104437902.075,Inside,True,No setup
LINC,EQ,LINC LIMITED,100.16,103.99,100.15,102.19,15911,1618301.03,20260731,102.11,102.07,102.15,102.15,102.07,0.0800000000000125,0.07828554653098395,Narrow,Bullish,Above CPR,Cash Only,Unclassified,True,False,0.08,50,2808766.3449999997,Higher,True,Long
DJML,EQ,DJ MEDIAPRINT & LOG LTD,115.9,117.49,111.86,114.81,463306,53690853.25,20260731,114.71999999999998,114.675,114.76499999999997,114.76499999999997,114.675,0.08999999999997499,0.07839038411286037,Narrow,Bullish,Above CPR,Cash Only,Unclassified,True,False,0.1,50,46647283.515,Inside,True,No setup
NFL,EQ,NATIONAL FERT. LTD,71.16,71.77,71.0,71.47,341513,24390268.84,20260731,71.41333333333333,71.38499999999999,71.44166666666666,71.44166666666666,71.38499999999999,0.05666666666667197,0.07928734667227084,Narrow,Bullish,Above CPR,Cash Only,Unclassified,True,False,0.18,50,52890679.730000004,Overlapping,True,No setup
IVC,EQ,IL&FS INVESTMENT MANAGERS,8.45,8.54,8.28,8.4,256485,2161120.97,20260731,8.406666666666666,8.41,8.403333333333332,8.41,8.403333333333332,0.006666666666667709,0.07936507936509177,Narrow,Bearish,Below CPR,Cash Only,Unclassified,False,True,0.1,50,1303356.58,Higher,True,No setup
MCLOUD,EQ,MAGELLANIC CLOUD LIMITED,29.5,29.8,28.85,29.29,3692672,109138609.85,20260731,29.313333333333333,29.325000000000003,29.301666666666662,29.325000000000003,29.301666666666662,0.023333333333340533,0.07966313872769046,Narrow,Bearish,Below CPR,Cash Only,Unclassified,False,True,0.04,50,113303042.935,Lower,True,Short
NIITLTD,EQ,NIIT LIMITED,95.55,96.75,95.0,95.76,174509,16725970.82,20260731,95.83666666666666,95.875,95.79833333333332,95.875,95.79833333333332,0.0766666666666822,0.08006126427180682,Narrow,Bearish,Below CPR,Cash Only,Unclassified,False,True,0.06,50,94960693.89,Inside,True,No setup
BANDHANBNK,EQ,BANDHAN BANK LIMITED,173.4,175.4,173.28,174.13,7033133,1226908177.71,20260731,174.26999999999998,174.34,174.19999999999996,174.34,174.19999999999996,0.1400000000000432,0.08039970137256258,Narrow,Bearish,Below CPR,Cash Only,Financial Services,False,True,0.14,50,2023190364.9699998,Higher,True,No setup
HEALTHX,EQ,HEALTH X PLATFORM LIMITED,308.95,313.55,301.6,307.95,5824,1782851.9,20260731,307.70000000000005,307.57500000000005,307.82500000000005,307.82500000000005,307.57500000000005,0.25,0.08118201006656925,Narrow,Bullish,Above CPR,Cash Only,Unclassified,True,False,0.08,50,2442624.6,Lower,True,No setup
KPEL,EQ,K.P. ENERGY LIMITED,306.0,310.1,304.55,306.95,95838,29476223.2,20260731,307.20000000000005,307.32500000000005,307.07500000000005,307.32500000000005,307.07500000000005,0.25,0.08144648965629582,Narrow,Bearish,Below CPR,Cash Only,Unclassified,False,True,0.14,50,63355644.7,Inside,True,No setup
BFUTILITIE,EQ,BF UTILITIES LIMITED,563.0,578.3,561.0,570.35,39159,22374713.35,20260731,569.8833333333333,569.65,570.1166666666667,570.1166666666667,569.65,0.466666666666697,0.08182110400047286,Narrow,Bullish,Above CPR,Cash Only,Unclassified,True,False,0.04,50,45388157.25,Higher,True,Long
NMDC,EQ,NMDC LTD.,85.5,85.6,84.69,85.04,12787764,1087198597.03,20260731,85.11,85.145,85.075,85.145,85.075,0.06999999999999318,0.08231420507995434,Narrow,Bearish,Below CPR,Cash Only,Metals & Mining,False,True,0.14,50,1691221131.96,Overlapping,True,No setup
WINDMACHIN,EQ,WINDSOR MACHINES LIMITED,283.6,289.9,275.6,283.1,67763,19166674.45,20260731,282.8666666666667,282.75,282.98333333333335,282.98333333333335,282.75,0.2333333333333485,0.08242081714353532,Narrow,Bullish,Above CPR,Cash Only,Unclassified,True,False,0.08,50,15265634.625,Higher,True,Long
IFBIND,EQ,IFB INDUSTRIES LTD,1327.8,1335.3,1299.4,1315.7,64765,85498554.0,20260731,1316.8,1317.35,1316.25,1317.35,1316.25,1.099999999999909,0.08360568518658577,Narrow,Bearish,Below CPR,Cash Only,Unclassified,False,True,0.14,50,78501465.9,Inside,True,No setup
WEL,EQ,WONDER ELECTRICALS LTD,119.95,122.19,116.61,119.55,303111,36077702.25,20260731,119.45,119.4,119.5,119.5,119.4,0.09999999999999432,0.08364700961940136,Narrow,Bullish,Above CPR,Cash Only,Unclassified,True,False,0.16,50,11425239.445,Higher,True,Long
KIRANVYPAR,EQ,KIRAN VYAPAR LTD.,198.01,198.01,197.51,197.51,238,47065.71,20260731,197.67666666666665,197.76,197.5933333333333,197.76,197.5933333333333,0.16666666666668561,0.08438391305082558,Narrow,Bearish,Below CPR,Cash Only,Unclassified,False,True,0.04,50,538706.5,Lower,True,Short
FEDFINA,EQ,FEDBANK FINANCIAL SER L,154.5,155.0,153.05,153.83,548513,84436090.85,20260731,153.96,154.025,153.895,154.025,153.895,0.12999999999999545,0.08450887343170736,Narrow,Bearish,Below CPR,Cash Only,Unclassified,False,True,0.08,50,144346117.88,Higher,True,No setup
BANKINDIA,EQ,BANK OF INDIA,138.0,138.68,136.87,137.95,5768166,794915283.46,20260731,137.83333333333334,137.775,137.89166666666668,137.89166666666668,137.775,0.11666666666667425,0.0845717047239393,Narrow,Bullish,Above CPR,Cash Only,Financial Services,True,False,0.06,50,1156097001.52,Higher,True,Long
JINDALSTEL,EQ,JINDAL STEEL LIMITED,1094.5,1114.0,1093.6,1102.4,783287,866504767.3,20260731,1103.3333333333333,1103.8,1102.8666666666666,1103.8,1102.8666666666666,0.933333333333394,0.08466376390905242,Narrow,Bearish,Below CPR,Cash Only,Metals & Mining,False,True,0.12,50,1148021956.1999998,Overlapping,True,No setup
WAKEFIT,EQ,WAKEFIT INNOVATIONS LTD,125.96,125.96,124.0,125.14,650214,81277544.88,20260731,125.03333333333332,124.97999999999999,125.08666666666664,125.08666666666664,124.97999999999999,0.10666666666665492,0.08523786692237088,Narrow,Bullish,Above CPR,Cash Only,Unclassified,True,False,0.1,50,102634144.65,Lower,True,No setup
RPOWER,EQ,RELIANCE POWER LTD.,23.5,23.68,23.2,23.41,15624345,366292004.04,20260731,23.429999999999996,23.439999999999998,23.419999999999995,23.439999999999998,23.419999999999995,0.020000000000003126,0.08543357539514365,Narrow,Bearish,Below CPR,Cash Only,Power,False,True,0.04,50,838684219.575,Overlapping,True,No setup
GREENLAM,EQ,GREENLAM INDUSTRIES LTD.,251.0,253.3,249.85,251.9,18350,4612289.85,20260731,251.6833333333333,251.575,251.79166666666663,251.79166666666663,251.575,0.21666666666664014,0.08601296810902744,Narrow,Bullish,Above CPR,Cash Only,Unclassified,True,False,0.1,50,25214443.165,Lower,True,No setup
ITCHOTELS,EQ,ITC HOTELS LIMITED,161.4,163.62,160.7,162.37,2015370,327314247.17,20260731,162.23,162.16,162.29999999999998,162.29999999999998,162.16,0.13999999999998636,0.08622282441336845,Narrow,Bullish,Above CPR,Cash Only,Consumer Services,True,False,0.08,50,393476035.07000005,Higher,True,Long
COHANCE,EQ,COHANCE LIFESCIENCES LTD,426.0,427.55,421.45,425.05,172042,73112722.75,20260731,424.68333333333334,424.5,424.8666666666667,424.8666666666667,424.5,0.36666666666667425,0.08626436105556387,Narrow,Bullish,Above CPR,Cash Only,Healthcare,True,False,0.12,50,213310796.175,Lower,True,No setup
AVANTEL,EQ,AVANTEL LIMITED,159.78,163.86,159.5,161.89,659702,106813021.31,20260731,161.75,161.68,161.82,161.82,161.68,0.13999999999998636,0.0864784730372391,Narrow,Bullish,Above CPR,Cash Only,Unclassified,True,False,0.14,50,332061962.575,Higher,True,Long
KITEX,EQ,KITEX GARMENTS LTD,145.5,146.9,145.1,145.81,194485,28437434.45,20260731,145.93666666666667,146.0,145.87333333333333,146.0,145.87333333333333,0.12666666666666515,0.08687104222389763,Narrow,Bearish,Below CPR,Cash Only,Unclassified,False,True,0.08,50,82112751.82,Higher,True,No setup
NCLIND,EQ,NCL INDUSTRIES LIMITED,183.5,184.15,180.61,182.14,13719,2505020.51,20260731,182.29999999999998,182.38,182.21999999999997,182.38,182.21999999999997,0.160000000000025,0.08784451520809543,Narrow,Bearish,Below CPR,Cash Only,Unclassified,False,True,0.08,50,8441635.530000001,Lower,True,Short
INDIACEM,EQ,THE INDIA CEMENTS LIMITED,401.7,401.7,395.35,398.0,108795,43346348.9,20260731,398.34999999999997,398.525,398.17499999999995,398.525,398.17499999999995,0.35000000000002274,0.08793969849246804,Narrow,Bearish,Below CPR,Cash Only,Construction Materials,False,True,0.2,50,57206780.45,Overlapping,True,No setup
KMEW,EQ,KNOWLEDGE MARINE & EN W L,2480.0,2530.1,2390.0,2463.3,142461,352173065.4,20260731,2461.1333333333337,2460.05,2462.216666666667,2462.216666666667,2460.05,2.16666666666697,0.08795788846940972,Narrow,Bullish,Above CPR,Cash Only,Unclassified,True,False,0.04,50,208128238.65,Lower,True,No setup
AIRAN,EQ,AIRAN LIMITED,15.06,15.28,15.02,15.13,40262,609423.08,20260731,15.143333333333333,15.149999999999999,15.136666666666667,15.149999999999999,15.136666666666667,0.013333333333331865,0.08812513769551794,Narrow,Bearish,Below CPR,Cash Only,Unclassified,False,True,0.12,50,792293.115,Overlapping,True,No setup
BIKAJI,EQ,BIKAJI FOODS INTERN LTD,646.0,648.35,636.65,641.65,35951,23162866.25,20260731,642.2166666666667,642.5,641.9333333333334,642.5,641.9333333333334,0.566666666666606,0.08831398218134591,Narrow,Bearish,Below CPR,Cash Only,Fast Moving Consumer Goods,False,True,0.2,50,75045675.35,Lower,True,Short
SBICARD,EQ,SBI CARDS & PAY SER LTD,661.0,665.5,656.55,660.15,903831,597031187.3,20260731,660.7333333333332,661.025,660.4416666666665,661.025,660.4416666666665,0.5833333333334849,0.0883637557121086,Narrow,Bearish,Below CPR,Cash Only,Financial Services,False,True,0.2,50,632113014.8,Higher,True,No setup
SPANDANA,EQ,SPANDANA SPHOORTY FIN LTD,260.8,264.0,258.9,261.1,168832,44149427.25,20260731,261.3333333333333,261.45,261.21666666666664,261.45,261.21666666666664,0.2333333333333485,0.08936550491510857,Narrow,Bearish,Below CPR,Cash Only,Unclassified,False,True,0.1,50,78918329.5,Inside,True,No setup
CERA,EQ,CERA SANITARYWARE LTD,6095.0,6175.0,6093.5,6126.0,3499,21486638.0,20260731,6131.5,6134.25,6128.75,6134.25,6128.75,5.5,0.08978126020241593,Narrow,Bearish,Below CPR,Cash Only,Unclassified,False,True,0.16,50,50552668.75,Higher,True,No setup
SWARAJENG,EQ,SWARAJ ENGINES LTD,3607.5,3662.2,3605.0,3628.7,9378,34110013.4,20260731,3631.9666666666667,3633.6,3630.3333333333335,3633.6,3630.3333333333335,3.266666666666424,0.09002305692579779,Narrow,Bearish,Below CPR,Cash Only,Unclassified,False,True,0.22,50,40930348.55,Higher,True,No setup
MIRZAINT,EQ,MIRZA INTERNATIONAL LIMIT,33.23,33.9,32.73,33.27,511042,16934987.56,20260731,33.300000000000004,33.315,33.28500000000001,33.315,33.28500000000001,0.029999999999986926,0.09017132551844581,Narrow,Bearish,Below CPR,Cash Only,Unclassified,False,True,0.04,50,5148408.645,Lower,True,Short
HERITGFOOD,EQ,HERITAGE FOODS LTD,329.75,332.05,329.15,330.15,124878,41244870.45,20260731,330.45,330.6,330.29999999999995,330.6,330.29999999999995,0.3000000000000682,0.09086778736939823,Narrow,Bearish,Below CPR,Cash Only,Unclassified,False,True,0.22,50,81266732.225,Lower,True,Short
VINATIORGA,EQ,VINATI ORGANICS LTD,1296.5,1318.5,1287.1,1304.6,47679,62015803.4,20260731,1303.3999999999999,1302.8,1303.9999999999998,1303.9999999999998,1302.8,1.199999999999818,0.09198221677141025,Narrow,Bullish,Above CPR,Cash Only,Unclassified,True,False,0.18,50,62880256.5,Higher,True,Long
SEIL,EQ,SHANTI EDU INITIATIVES L,207.22,207.25,203.5,205.09,418266,85793771.42,20260731,205.28,205.375,205.185,205.375,205.185,0.18999999999999773,0.09264225461992186,Narrow,Bearish,Below CPR,Cash Only,Unclassified,False,True,0.14,50,75681048.745,Overlapping,True,No setup
ARVSMART,EQ,ARVIND SMARTSPACES LTD,594.45,596.25,590.5,592.55,8704,5163380.95,20260731,593.1,593.375,592.825,593.375,592.825,0.5499999999999545,0.09281917137793512,Narrow,Bearish,Below CPR,Cash Only,Unclassified,False,True,0.14,50,15086596.275,Lower,True,Short
POLICYBZR,EQ,PB FINTECH LIMITED,1606.0,1613.5,1594.0,1601.5,542071,868662407.4,20260731,1603.0,1603.75,1602.25,1603.75,1602.25,1.5,0.09366219169528567,Narrow,Bearish,Below CPR,Cash Only,Financial Services,False,True,0.16,50,2050779932.0500002,Higher,True,No setup
MCL,EQ,M TEK COPPER LIMITED,53.75,53.75,53.0,53.3,25799,1376935.95,20260731,53.35,53.375,53.325,53.375,53.325,0.04999999999999716,0.09380863039399093,Narrow,Bearish,Below CPR,Cash Only,Unclassified,False,True,0.09090909090909091,44,1735525.08,Lower,True,Short
AMRUTANJAN,EQ,AMRUTAJAN HEALTH LTD,516.1,516.95,511.6,515.0,79699,41046127.2,20260731,514.5166666666668,514.2750000000001,514.7583333333334,514.7583333333334,514.2750000000001,0.4833333333333485,0.0938511326860871,Narrow,Bullish,Above CPR,Cash Only,Unclassified,True,False,0.14,50,14304934.4,Lower,True,No setup
MARATHON,EQ,MARATHON NXTGEN REALT LTD,389.0,396.3,382.0,389.7,81109,31489290.9,20260731,389.3333333333333,389.15,389.51666666666665,389.51666666666665,389.15,0.36666666666667425,0.09408947053289049,Narrow,Bullish,Above CPR,Cash Only,Unclassified,True,False,0.12,50,26087121.55,Higher,True,Long
PAYTM,EQ,ONE 97 COMMUNICATIONS LTD,1322.2,1360.0,1322.2,1343.0,2303054,3098143763.7,20260731,1341.7333333333333,1341.1,1342.3666666666668,1342.3666666666668,1341.1,1.2666666666668789,0.0943162074956723,Narrow,Bullish,Above CPR,Cash Only,Financial Services,True,False,0.14,50,2868283215.75,Higher,True,Long
JINDALPOLY,EQ,JINDAL POLY FILMS LIMITED,631.9,638.4,630.0,633.3,5292,3356606.0,20260731,633.9,634.2,633.5999999999999,634.2,633.5999999999999,0.6000000000001364,0.09474182851731193,Narrow,Bearish,Below CPR,Cash Only,Unclassified,False,True,0.08,50,14444803.8,Inside,True,No setup
POWERMECH,EQ,POWER MECH PROJECTS LTD.,2600.0,2617.6,2522.5,2566.4,150445,387685188.9,20260731,2568.8333333333335,2570.05,2567.616666666667,2570.05,2567.616666666667,2.433333333333394,0.09481504571903811,Narrow,Bearish,Below CPR,Cash Only,Unclassified,False,True,0.08,50,206449882.75,Lower,True,Short
SOLARINDS,EQ,SOLAR INDUSTRIES (I) LTD,18110.0,18619.0,18110.0,18391.0,88937,1637888267.0,20260731,18373.333333333332,18364.5,18382.166666666664,18382.166666666664,18364.5,17.66666666666424,0.09606147934676876,Narrow,Bullish,Above CPR,Cash Only,Chemicals,True,False,0.12,50,1916089126.0,Higher,True,Long
DALBHARAT,EQ,DALMIA BHARAT LIMITED,1816.5,1816.5,1788.1,1799.7,103602,186753465.3,20260731,1801.4333333333334,1802.3,1800.5666666666668,1802.3,1800.5666666666668,1.7333333333331211,0.09631234835434356,Narrow,Bearish,Below CPR,Cash Only,Construction Materials,False,True,0.16,50,439722820.55,Inside,True,No setup
GRMOVER,EQ,GRM OVERSEAS LIMITED,89.37,91.8,87.92,89.73,677064,60187396.66,20260731,89.81666666666666,89.86,89.77333333333333,89.86,89.77333333333333,0.08666666666667311,0.0965860544596825,Narrow,Bearish,Below CPR,Cash Only,Unclassified,False,True,0.1,50,140348614.125,Higher,True,No setup
ARCHIES,EQ,ARCHIES LTD,13.7,13.94,13.56,13.77,20879,286987.23,20260731,13.756666666666666,13.75,13.763333333333332,13.763333333333332,13.75,0.013333333333331865,0.09682885499877898,Narrow,Bullish,Above CPR,Cash Only,Unclassified,True,False,0.1,50,183123.91999999998,Lower,True,No setup
TITAGARH,EQ,TITAGARH RAIL SYSTEMS LTD,825.0,832.8,820.0,825.2,189374,156484448.55,20260731,826.0,826.4,825.6,826.4,825.6,0.7999999999999545,0.09694619486184616,Narrow,Bearish,Below CPR,Cash Only,Capital Goods,False,True,0.1,50,481694847.05,Overlapping,True,No setup
SBIN,EQ,STATE BANK OF INDIA,1028.1,1034.3,1023.5,1027.4,10921417,11223453912.2,20260731,1028.4,1028.9,1027.9,1028.9,1027.9,1.0,0.0973330737784699,Narrow,Bearish,Below CPR,Cash Only,Financial Services,False,True,0.14,50,11219236144.150002,Higher,True,No setup
SBILIFE,EQ,SBI LIFE INSURANCE CO LTD,1885.0,1898.9,1870.6,1882.0,723852,1362733111.7,20260731,1883.8333333333333,1884.75,1882.9166666666665,1884.75,1882.9166666666665,1.833333333333485,0.09741409847680578,Narrow,Bearish,Below CPR,Cash Only,Financial Services,False,True,0.28,50,1616052344.75,Inside,False,No setup
PFC,EQ,POWER FIN CORP LTD.,423.7,427.1,420.35,424.35,10382221,4401322246.65,20260731,423.9333333333334,423.725,424.14166666666677,424.14166666666677,423.725,0.41666666666674246,0.09818938769099621,Narrow,Bullish,Above CPR,Cash Only,Financial Services,True,False,0.2,50,2356934208.825,Lower,True,No setup
APEX,EQ,APEX FROZEN FOODS LIMITED,371.5,373.9,368.0,371.5,70216,26027442.25,20260731,371.1333333333334,370.95,371.3166666666668,371.3166666666668,370.95,0.36666666666678793,0.09869896814718383,Narrow,Bullish,Above CPR,Cash Only,Unclassified,True,False,0.04,50,59557444.3,Lower,True,No setup
NCC,EQ,NCC LIMITED,141.3,141.61,140.13,141.08,813015,114530029.09,20260731,140.94000000000003,140.87,141.01000000000005,141.01000000000005,140.87,0.1400000000000432,0.09923447689257385,Narrow,Bullish,Above CPR,Cash Only,Construction,True,False,0.08,50,235810904.79500002,Lower,True,No setup
TEXINFRA,EQ,TEXMACO INFRA & HOLDG LTD,114.32,114.96,113.36,113.99,97776,11145575.76,20260731,114.10333333333334,114.16,114.04666666666668,114.16,114.04666666666668,0.11333333333331552,0.0994239260753711,Narrow,Bearish,Below CPR,Cash Only,Unclassified,False,True,0.18,50,10617623.575,Lower,True,Short
ABINFRA,EQ,A B INFRABUILD LIMITED,10.09,10.13,10.0,10.05,1503933,15128108.14,20260731,10.06,10.065000000000001,10.055,10.065000000000001,10.055,0.010000000000001563,0.09950248756220459,Narrow,Bearish,Below CPR,Cash Only,Unclassified,False,True,0.08,50,16529966.184999999,Lower,True,Short
GNRL,EQ,GUJARAT NATURAL RES L,93.91,94.39,92.25,93.46,21577,2024306.51,20260731,93.36666666666666,93.32,93.41333333333333,93.41333333333333,93.32,0.09333333333333371,0.09986446964833481,Narrow,Bullish,Above CPR,Cash Only,Unclassified,True,False,0.1,50,9400359.36,Lower,True,No setup
SAATVIKGL,EQ,SAATVIK GREEN ENERGY LTD,438.0,438.0,430.4,433.55,36524,15852245.25,20260731,433.98333333333335,434.2,433.7666666666667,434.2,433.7666666666667,0.4333333333332803,0.09995002498749402,Narrow,Bearish,Below CPR,Cash Only,Unclassified,False,True,0.06,50,45388478.175,Higher,True,No setup
BPL,EQ,BPL LTD,52.5,54.0,52.5,53.33,29166,1557842.33,20260731,53.276666666666664,53.25,53.30333333333333,53.30333333333333,53.25,0.05333333333332746,0.1000062503906384,Narrow,Bullish,Above CPR,Cash Only,Unclassified,True,False,0.16,50,2382862.395,Higher,True,Long
MADRASFERT,EQ,MADRAS FERTILISERS LTD,66.66,66.81,66.25,66.43,26507,1759927.24,20260731,66.49666666666667,66.53,66.46333333333334,66.53,66.46333333333334,0.06666666666666288,0.10035626473982066,Narrow,Bearish,Below CPR,Cash Only,Unclassified,False,True,0.1,50,4844624.955,Lower,True,Short
CAMS,EQ,COMPUTER AGE MNGT SER LTD,793.15,807.6,787.1,796.15,928480,741755597.15,20260731,796.9499999999999,797.35,796.5499999999998,797.35,796.5499999999998,0.8000000000001819,0.10048357721537172,Narrow,Bearish,Below CPR,Cash Only,Financial Services,False,True,0.12,50,832474024.875,Higher,True,No setup
HISARMETAL,EQ,HISAR METAL IND. LIMITED,146.1,148.88,145.25,147.29,778,114374.48,20260731,147.14,147.065,147.21499999999997,147.21499999999997,147.065,0.14999999999997726,0.10183990766513494,Narrow,Bullish,Above CPR,Cash Only,Unclassified,True,False,0.04,50,118635.84,Lower,True,No setup
CEATLTD,EQ,CEAT LIMITED,3451.8,3457.7,3412.6,3429.9,99761,342258651.3,20260731,3433.3999999999996,3435.1499999999996,3431.6499999999996,3435.1499999999996,3431.6499999999996,3.5,0.10204379136417971,Narrow,Bearish,Below CPR,Cash Only,Automobile and Auto Components,False,True,0.24,50,402508214.54999995,Lower,True,Short
SRF,EQ,SRF LTD,2614.8,2639.1,2597.8,2622.5,365175,956606392.2,20260731,2619.7999999999997,2618.45,2621.1499999999996,2621.1499999999996,2618.45,2.699999999999818,0.10295519542420661,Narrow,Bullish,Above CPR,Cash Only,Chemicals,True,False,0.26,50,1262496827.35,Higher,False,No setup
CAMPUS,EQ,CAMPUS ACTIVEWEAR LIMITED,221.45,226.8,218.59,222.35,925287,206284708.39,20260731,222.58,222.695,222.46500000000003,222.695,222.46500000000003,0.22999999999996135,0.10344052170000512,Narrow,Bearish,Below CPR,Cash Only,Unclassified,False,True,0.24,50,67703211.63,Higher,True,No setup
ELPROINTL,EQ,ELPRO INTERNATIONAL LTD,177.4,177.45,176.0,177.0,59183,10477402.79,20260731,176.8166666666667,176.725,176.9083333333334,176.9083333333334,176.725,0.18333333333339397,0.10357815442564632,Narrow,Bullish,Above CPR,Cash Only,Unclassified,True,False,0.42,50,7378818.385,Higher,False,No setup
EUREKAFORB,EQ,EUREKA FORBES LIMITED,450.55,452.3,446.0,448.45,70570,31637788.85,20260731,448.9166666666667,449.15,448.6833333333334,449.15,448.6833333333334,0.4666666666665833,0.10406213996355966,Narrow,Bearish,Below CPR,Cash Only,Unclassified,False,True,0.12,50,61831377.3,Lower,True,Short
DAVANGERE,EQ,DAVANGERE SUGAR COMPANY L,3.19,3.22,3.17,3.19,2192843,7008400.67,20260731,3.1933333333333334,3.1950000000000003,3.1916666666666664,3.1950000000000003,3.1916666666666664,0.0033333333333338544,0.10449320794150015,Narrow,Bearish,Below CPR,Cash Only,Unclassified,False,True,0.08,50,22708865.32,Higher,True,No setup
TCIEXP,EQ,TCI EXPRESS LIMITED,550.0,550.0,535.0,541.65,18019,9743756.4,20260731,542.2166666666667,542.5,541.9333333333334,542.5,541.9333333333334,0.566666666666606,0.10461860364933187,Narrow,Bearish,Below CPR,Cash Only,Unclassified,False,True,0.06,50,12755400.225000001,Higher,True,No setup
VLSFINANCE,EQ,VLS FINANCE LTD,253.0,255.75,252.65,254.6,5440,1381430.05,20260731,254.33333333333334,254.2,254.4666666666667,254.4666666666667,254.2,0.26666666666670835,0.10473946059179433,Narrow,Bullish,Above CPR,Cash Only,Unclassified,True,False,0.16,50,2741131.655,Higher,True,Long
ABFRL,EQ,ADITYA BIRLA FASHION & RT,59.59,61.85,58.44,60.24,14239491,861992430.62,20260731,60.17666666666667,60.144999999999996,60.20833333333334,60.20833333333334,60.144999999999996,0.06333333333334679,0.10513501549360355,Narrow,Bullish,Above CPR,Cash Only,Consumer Services,True,False,0.18,50,212841107.24,Higher,True,Long
RELIGARE,EQ,RELIGARE ENTER. LTD.,250.5,256.65,250.45,253.15,1009198,256896536.25,20260731,253.41666666666666,253.54999999999998,253.28333333333333,253.54999999999998,253.28333333333333,0.2666666666666515,0.10533939034827236,Narrow,Bearish,Below CPR,Cash Only,Unclassified,False,True,0.12,50,233521728.31,Higher,True,No setup
SILLYMONKS,EQ,SILLY MONKS ENTERTAIN LTD,15.89,15.89,15.3,15.62,4798,74422.1,20260731,15.603333333333333,15.595,15.611666666666666,15.611666666666666,15.595,0.01666666666666572,0.10670081092615698,Narrow,Bullish,Above CPR,Cash Only,Unclassified,True,False,0.04,50,144755.995,Inside,True,No setup
DLINKINDIA,EQ,D-LINK INDIA LTD,454.0,455.0,450.05,451.8,48275,21842633.45,20260731,452.2833333333333,452.525,452.04166666666663,452.525,452.04166666666663,0.4833333333333485,0.10697948944961232,Narrow,Bearish,Below CPR,Cash Only,Unclassified,False,True,0.2,50,67364145.4,Higher,True,No setup
UPL,EQ,UPL LIMITED,607.6,607.6,599.05,604.3,1386415,837299012.8,20260731,603.65,603.325,603.9749999999999,603.9749999999999,603.325,0.6499999999998636,0.10756246897234215,Narrow,Bullish,Above CPR,Cash Only,Chemicals,True,False,0.12,50,957937048.7,Overlapping,True,No setup
FINCABLES,EQ,FINOLEX CABLES LTD,973.0,1005.4,973.0,987.6,224243,222520729.9,20260731,988.6666666666666,989.2,988.1333333333332,989.2,988.1333333333332,1.0666666666668334,0.10800594032673486,Narrow,Bearish,Below CPR,Cash Only,Capital Goods,False,True,0.12,50,319251673.425,Higher,True,No setup
CARRARO,EQ,CARRARO INDIA LIMITED,539.55,542.0,529.05,536.4,185216,99423201.45,20260731,535.8166666666666,535.525,536.1083333333332,536.1083333333332,535.525,0.5833333333332575,0.10874968928658792,Narrow,Bullish,Above CPR,Cash Only,Unclassified,True,False,0.06,50,57320125.525000006,Higher,True,Long
AGL,EQ,ALLCARGO GLOBAL LIMITED,12.26,12.35,12.15,12.23,901226,11022724.72,20260731,12.243333333333334,12.25,12.236666666666668,12.25,12.236666666666668,0.013333333333331865,0.10902153175250912,Narrow,Bearish,Below CPR,Cash Only,Unclassified,False,True,0.09090909090909091,11,31823092.6,Inside,True,No setup
SHREEPUSHK,EQ,SHRE PUSH CHEM & FERT LTD,394.15,403.2,389.0,396.75,20564,8126671.65,20260731,396.31666666666666,396.1,396.5333333333333,396.5333333333333,396.1,0.4333333333332803,0.10922075194285577,Narrow,Bullish,Above CPR,Cash Only,Unclassified,True,False,0.18,50,13810312.925,Higher,True,Long
DALMIASUG,EQ,DALMIA BHARAT SUG IN LTD,354.0,354.7,348.25,350.9,85601,30113937.5,20260731,351.2833333333333,351.475,351.0916666666666,351.475,351.0916666666666,0.38333333333343944,0.10924289921158149,Narrow,Bearish,Below CPR,Cash Only,Unclassified,False,True,0.1,50,26371607.775,Lower,True,Short
BAJAJST,EQ,BAJAJ STEEL INDS. LTD.,389.9,406.95,384.55,396.4,16675,6591114.8,20260731,395.9666666666667,395.75,396.1833333333334,396.1833333333334,395.75,0.43333333333339397,0.10931718802557872,Narrow,Bullish,Above CPR,Cash Only,Unclassified,True,False,0.12,50,4723372.475,Higher,True,Long
JSWSTEEL,EQ,JSW STEEL LIMITED,1276.4,1282.2,1262.0,1270.0,1449872,1840851518.4,20260731,1271.3999999999999,1272.1,1270.6999999999998,1272.1,1270.6999999999998,1.400000000000091,0.1102362204724481,Narrow,Bearish,Below CPR,Cash Only,Metals & Mining,False,True,0.2,50,1687018532.85,Lower,True,Short
EICHERMOT,EQ,EICHER MOTORS LTD,7899.0,7899.0,7794.0,7833.5,720608,5651295366.0,20260731,7842.166666666667,7846.5,7837.833333333334,7846.5,7837.833333333334,8.66666666666606,0.11063594391607916,Narrow,Bearish,Below CPR,Cash Only,Automobile and Auto Components,False,True,0.18,50,3499937059.5,Inside,True,No setup
ASTRAZEN,EQ,ASTRAZENECA PHARMA IND LT,8065.0,8200.0,8027.0,8100.0,136143,1102827775.0,20260731,8109.0,8113.5,8104.5,8113.5,8104.5,9.0,0.1111111111111111,Narrow,Bearish,Below CPR,Cash Only,Unclassified,False,True,0.16,50,44792307.0,Overlapping,True,No setup
CSBBANK,EQ,CSB BANK LIMITED,328.6,331.7,327.0,329.9,503673,165704498.3,20260731,329.53333333333336,329.35,329.7166666666667,329.7166666666667,329.35,0.36666666666667425,0.11114479135091672,Narrow,Bullish,Above CPR,Cash Only,Unclassified,True,False,0.16,50,131866427.475,Inside,True,No setup
LORDSCHLO,EQ,LORDS CHLORO ALKALI LTD,144.39,147.0,141.02,143.77,12336,1771613.3,20260731,143.92999999999998,144.01,143.84999999999997,144.01,143.84999999999997,0.160000000000025,0.11128886415804759,Narrow,Bearish,Below CPR,Cash Only,Unclassified,False,True,0.12,50,1745244.13,Higher,True,No setup
HINDCOPPER,EQ,HINDUSTAN COPPER LTD,485.2,499.0,482.55,491.6,7339280,3615447973.5,20260731,491.05,490.775,491.32500000000005,491.32500000000005,490.775,0.5500000000000682,0.11187957689179581,Narrow,Bullish,Above CPR,Cash Only,Metals & Mining,True,False,0.14,50,1658659948.35,Higher,True,Long
RUCHINFRA,EQ,RUCHI INFRASTRUCTURE LTD,5.79,5.95,5.79,5.88,29127,171403.71,20260731,5.873333333333334,5.87,5.876666666666668,5.876666666666668,5.87,0.006666666666667709,0.11337868480727395,Narrow,Bullish,Above CPR,Cash Only,Unclassified,True,False,0.16,50,305267.22,Inside,True,No setup
SUYOG,EQ,SUYOG TELEMATICS LIMITED,867.55,879.45,856.0,866.25,16081,13934394.2,20260731,867.2333333333332,867.725,866.7416666666664,867.725,866.7416666666664,0.9833333333335759,0.11351611351614152,Narrow,Bearish,Below CPR,Cash Only,Unclassified,False,True,0.28,50,22585574.8,Inside,False,No setup
RACLGEAR,EQ,RACL GEARTECH LIMITED,1265.0,1290.0,1238.9,1262.3,17988,22753913.3,20260731,1263.7333333333333,1264.45,1263.0166666666667,1264.45,1263.0166666666667,1.433333333333394,0.11354934114975791,Narrow,Bearish,Below CPR,Cash Only,Unclassified,False,True,0.1,50,26654501.05,Inside,True,No setup
SIS,EQ,SIS LIMITED,425.95,425.95,420.3,422.4,88962,37589561.3,20260731,422.8833333333334,423.125,422.64166666666677,423.125,422.64166666666677,0.4833333333332348,0.11442550505048174,Narrow,Bearish,Below CPR,Cash Only,Unclassified,False,True,0.26,50,43680388.55,Lower,False,No setup
GMDCLTD,EQ,GUJARAT MINERAL DEV CORP,564.4,578.45,548.1,564.25,2867677,1626027549.95,20260731,563.6,563.2750000000001,563.925,563.925,563.2750000000001,0.6499999999998636,0.11519716437746806,Narrow,Bullish,Above CPR,Cash Only,Metals & Mining,True,False,0.1,50,652461886.375,Inside,True,No setup
DAMCAPITAL,EQ,DAM CAPITAL ADVISORS LTD,150.99,154.67,150.52,152.86,191372,29301555.36,20260731,152.68333333333334,152.595,152.77166666666668,152.77166666666668,152.595,0.17666666666667652,0.11557416372280288,Narrow,Bullish,Above CPR,Cash Only,Unclassified,True,False,0.1,50,39735788.385000005,Higher,True,Long
RELIABLE,EQ,RELIABLE DATA SERVICE LTD,139.5,140.98,138.01,139.74,5366,748281.74,20260731,139.57666666666668,139.495,139.65833333333336,139.65833333333336,139.495,0.1633333333333553,0.11688373646297073,Narrow,Bullish,Above CPR,Cash Only,Unclassified,True,False,0.14,50,2941620.9349999996,Higher,True,Long
THOMASCOTT,EQ,THOMAS SCOTT (INDIA) LTD,298.2,303.85,292.0,298.45,24138,7194573.4,20260731,298.09999999999997,297.925,298.2749999999999,298.2749999999999,297.925,0.34999999999990905,0.11727257497065138,Narrow,Bullish,Above CPR,Cash Only,Unclassified,True,False,0.06,50,11232723.8,Lower,True,No setup
ADVENTHTL,EQ,ADVENT HOTELS INTERNATI L,148.05,149.35,146.51,147.67,41985,6211571.7,20260731,147.84333333333333,147.93,147.75666666666666,147.93,147.75666666666666,0.17333333333334622,0.11737884020677608,Narrow,Bearish,Below CPR,Cash Only,Unclassified,False,True,0.14,50,20932384.689999998,Overlapping,True,No setup
HGINFRA,EQ,H.G.INFRA ENGINEERING LTD,532.0,543.2,532.0,538.55,41941,22581385.7,20260731,537.9166666666666,537.6,538.2333333333332,538.2333333333332,537.6,0.6333333333332121,0.11759972766376606,Narrow,Bullish,Above CPR,Cash Only,Unclassified,True,False,0.16,50,44265864.85,Higher,True,Long
UGROCAP,EQ,UGRO CAPITAL LIMITED,95.01,95.78,94.78,95.45,51965,4953263.67,20260731,95.33666666666666,95.28,95.39333333333332,95.39333333333332,95.28,0.11333333333331552,0.11873581281646466,Narrow,Bullish,Above CPR,Cash Only,Unclassified,True,False,0.24,50,13997143.96,Outside,True,No setup
BI,EQ,BILCARE LTD.,58.11,60.49,57.5,58.89,5018,294202.0,20260731,58.96,58.995000000000005,58.925,58.995000000000005,58.925,0.07000000000000739,0.11886568177960162,Narrow,Bearish,Below CPR,Cash Only,Unclassified,False,True,0.08,50,278356.45,Lower,True,Short
BAJAJHIND,EQ,BAJAJ HINDUSTHAN SUGAR LT,16.68,16.84,16.6,16.75,2460458,41180974.61,20260731,16.73,16.72,16.740000000000002,16.740000000000002,16.72,0.020000000000003126,0.11940298507464554,Narrow,Bullish,Above CPR,Cash Only,Unclassified,True,False,0.08,50,87695965.75,Inside,True,No setup
SSDL,EQ,SARASWATI SAREE DEPOT LTD,53.0,53.87,52.0,52.84,22947,1214307.57,20260731,52.903333333333336,52.935,52.87166666666667,52.935,52.87166666666667,0.06333333333333258,0.11985869290941063,Narrow,Bearish,Below CPR,Cash Only,Unclassified,False,True,0.14,50,1059826.55,Lower,True,Short
CIPLA,EQ,CIPLA LTD,1473.4,1478.8,1462.3,1473.2,1223370,1801945914.5,20260731,1471.4333333333334,1470.55,1472.3166666666668,1472.3166666666668,1470.55,1.7666666666668789,0.11992035478325269,Narrow,Bullish,Above CPR,Cash Only,Healthcare,True,False,0.3,50,1695901585.9499998,Inside,False,No setup
ATGL,EQ,ADANI TOTAL GAS LIMITED,651.55,657.5,647.75,651.45,460460,300647925.35,20260731,652.2333333333333,652.625,651.8416666666667,652.625,651.8416666666667,0.783333333333303,0.12024458259778999,Narrow,Bearish,Below CPR,Cash Only,Oil Gas & Consumable Fuels,False,True,0.16,50,1692941340.975,Higher,True,No setup
NSIL,EQ,NALWA SONS INVESTMENT LTD,5485.0,5535.0,5485.0,5520.0,1678,9255292.5,20260731,5513.333333333333,5510.0,5516.666666666666,5516.666666666666,5510.0,6.66666666666606,0.1207729468598924,Narrow,Bullish,Above CPR,Cash Only,Unclassified,True,False,0.28,50,9644738.25,Higher,False,No setup
TRACXN,EQ,TRACXN TECHNOLOGIES LTD,30.0,31.0,29.81,30.35,104866,3188518.84,20260731,30.386666666666667,30.405,30.368333333333332,30.405,30.368333333333332,0.036666666666668846,0.12081274025261562,Narrow,Bearish,Below CPR,Cash Only,Unclassified,False,True,0.18,50,3355293.955,Higher,True,No setup
ESTER,EQ,ESTER INDUSTRIES LTD,88.46,89.08,87.04,87.9,46766,4109959.66,20260731,88.00666666666666,88.06,87.95333333333332,88.06,87.95333333333332,0.10666666666668334,0.12135001896095943,Narrow,Bearish,Below CPR,Cash Only,Unclassified,False,True,0.06,50,4410040.795,Lower,True,Short
SKYGOLD,EQ,SKY GOLD AND DIAMONDS LTD,638.0,654.75,635.0,643.7,853623,551360562.25,20260731,644.4833333333333,644.875,644.0916666666667,644.875,644.0916666666667,0.783333333333303,0.12169229972554031,Narrow,Bearish,Below CPR,Cash Only,Unclassified,False,True,0.08,50,536926588.325,Inside,True,No setup
UMESLTD,EQ,USHA MARTIN EDU & SOL LTD,5.24,5.66,5.24,5.46,4304,23328.41,20260731,5.453333333333333,5.45,5.456666666666666,5.456666666666666,5.45,0.0066666666666659324,0.12210012210010865,Narrow,Bullish,Above CPR,Cash Only,Unclassified,True,False,0.16,25,69685.68,Lower,True,No setup
AUROPHARMA,EQ,AUROBINDO PHARMA LTD,1582.9,1588.5,1566.1,1580.2,440498,695424405.0,20260731,1578.2666666666667,1577.3,1579.2333333333333,1579.2333333333333,1577.3,1.933333333333394,0.12234738218791254,Narrow,Bullish,Above CPR,Cash Only,Healthcare,True,False,0.26,50,1481579897.45,Lower,False,No setup
CUBEXTUB,EQ,CUBEX TUBINGS LTD,75.3,76.98,75.3,76.28,38199,2914461.53,20260731,76.18666666666667,76.14,76.23333333333333,76.23333333333333,76.14,0.09333333333333371,0.1223562314280725,Narrow,Bullish,Above CPR,Cash Only,Unclassified,True,False,0.08,50,3383699.255,Overlapping,True,No setup
AMBIKCO,EQ,AMBIKA COTTON MILL LTD.,1706.1,1727.9,1702.0,1711.8,3856,6606676.1,20260731,1713.8999999999999,1714.95,1712.8499999999997,1714.95,1712.8499999999997,2.100000000000364,0.12267788293027011,Narrow,Bearish,Below CPR,Cash Only,Unclassified,False,True,0.14,50,15004631.25,Higher,True,No setup
COASTCORP,EQ,COASTAL CORPORATION LTD,49.46,50.04,47.82,48.84,54072,2644831.82,20260731,48.9,48.93,48.87,48.93,48.87,0.060000000000002274,0.12285012285012749,Narrow,Bearish,Below CPR,Cash Only,Unclassified,False,True,0.14,50,4990114.9350000005,Lower,True,Short
NBCC,EQ,NBCC (INDIA) LIMITED,93.9,95.55,93.7,94.8,5779241,548210289.45,20260731,94.68333333333334,94.625,94.74166666666667,94.74166666666667,94.625,0.11666666666667425,0.12306610407877032,Narrow,Bullish,Above CPR,Cash Only,Construction,True,False,0.06,50,1183875036.495,Higher,True,Long
BAYERCROP,EQ,BAYER CROPSCIENCE LTD,4247.6,4264.9,4188.2,4234.4,27626,116352456.5,20260731,4229.166666666666,4226.549999999999,4231.783333333333,4231.783333333333,4226.549999999999,5.233333333333576,0.12359090622835764,Narrow,Bullish,Above CPR,Cash Only,Chemicals,True,False,0.28,50,103821749.35,Overlapping,False,No setup
TATACHEM,EQ,TATA CHEMICALS LTD,671.0,676.4,668.2,673.55,334656,225120271.45,20260731,672.7166666666666,672.3,673.1333333333332,673.1333333333332,672.3,0.8333333333332575,0.12372256452130616,Narrow,Bullish,Above CPR,Cash Only,Chemicals,True,False,0.14,50,329706769.35,Inside,True,No setup
SUPREME,EQ,SUPREME HOLDIN N HOSP I L,45.11,46.6,45.01,45.72,63242,2904016.96,20260731,45.776666666666664,45.805,45.74833333333333,45.805,45.74833333333333,0.05666666666667197,0.12394284047828516,Narrow,Bearish,Below CPR,Cash Only,Unclassified,False,True,0.12,50,1107683.905,Lower,True,Short
LUPIN,EQ,LUPIN LIMITED,2428.4,2435.0,2404.0,2415.0,1006308,2432488509.2,20260731,2418.0,2419.5,2416.5,2419.5,2416.5,3.0,0.12422360248447205,Narrow,Bearish,Below CPR,Cash Only,Healthcare,False,True,0.22,50,1741092503.9,Lower,True,Short
HDFCLIFE,EQ,HDFC LIFE INS CO LTD,548.7,550.9,544.05,548.5,11438476,6251574107.55,20260731,547.8166666666666,547.4749999999999,548.1583333333333,548.1583333333333,547.4749999999999,0.683333333333394,0.12458219386205906,Narrow,Bullish,Above CPR,Cash Only,Financial Services,True,False,0.22,50,1672045014.25,Overlapping,True,No setup
JAGRAN,EQ,JAGRAN PRAKASHAN LIMITED,63.97,64.13,63.25,63.81,179719,11454335.8,20260731,63.73,63.69,63.769999999999996,63.769999999999996,63.69,0.0799999999999983,0.1253721987149323,Narrow,Bullish,Above CPR,Cash Only,Unclassified,True,False,0.2,50,15729921.11,Higher,True,Long
LANDMARK,EQ,LANDMARK CARS LIMITED,544.7,552.0,531.55,540.75,180362,98108714.8,20260731,541.4333333333333,541.775,541.0916666666666,541.775,541.0916666666666,0.683333333333394,0.12636769918324436,Narrow,Bearish,Below CPR,Cash Only,Unclassified,False,True,0.14,50,86523762.95,Lower,True,Short
IKIO,EQ,IKIO TECHNOLOGIES LIMITED,198.81,205.0,196.2,200.22,181519,36338087.33,20260731,200.47333333333333,200.6,200.34666666666666,200.6,200.34666666666666,0.2533333333333303,0.1265274864315904,Narrow,Bearish,Below CPR,Cash Only,Unclassified,False,True,0.14,50,15540557.08,Inside,True,No setup
ROSSTECH,EQ,ROSSELL TECHSYS LIMITED,938.6,979.35,932.5,954.1,223249,214951414.4,20260731,955.3166666666666,955.925,954.7083333333333,955.925,954.7083333333333,1.216666666666697,0.1275198267127866,Narrow,Bearish,Below CPR,Cash Only,Unclassified,False,True,0.12,50,142573469.9,Higher,True,No setup
RTNINDIA,EQ,RATTANINDIA ENT LIMITED,31.2,31.58,30.98,31.34,699712,21931352.58,20260731,31.3,31.28,31.32,31.32,31.28,0.03999999999999915,0.1276324186343304,Narrow,Bullish,Above CPR,Cash Only,Unclassified,True,False,0.08,50,50601225.37,Higher,True,Long
HINDUNILVR,EQ,HINDUSTAN UNILEVER LTD.,2119.6,2119.6,2091.1,2101.3,1759019,3695923246.2,20260731,2104.0,2105.35,2102.65,2105.35,2102.65,2.699999999999818,0.12849188597533992,Narrow,Bearish,Below CPR,Cash Only,Fast Moving Consumer Goods,False,True,0.22,50,3384877419.2,Lower,True,Short
ACMESOLAR,EQ,ACME SOLAR HOLDINGS LTD,363.95,367.5,359.1,362.6,1446698,526513551.2,20260731,363.06666666666666,363.3,362.8333333333333,363.3,362.8333333333333,0.466666666666697,0.12870012870013706,Narrow,Bearish,Below CPR,Cash Only,Power,False,True,0.12,50,685202485.25,Higher,True,No setup
KAMAHOLD,EQ,KAMA HOLDINGS LTD.,2522.7,2530.0,2482.5,2511.1,1249,3133609.5,20260731,2507.866666666667,2506.25,2509.4833333333336,2509.4833333333336,2506.25,3.233333333333576,0.12876163168864543,Narrow,Bullish,Above CPR,Cash Only,Unclassified,True,False,0.2,50,6956339.65,Lower,True,No setup
GUJALKALI,EQ,GUJARAT ALKALIES & CHEM,668.4,682.0,657.0,670.8,67204,44764891.05,20260731,669.9333333333333,669.5,670.3666666666666,670.3666666666666,669.5,0.8666666666665606,0.12919896640825293,Narrow,Bullish,Above CPR,Cash Only,Unclassified,True,False,0.18,50,35420295.125,Lower,True,No setup
JAINREC,EQ,JAIN RESOURCE RECYCLING L,345.25,352.8,342.25,348.2,1838811,641313407.6,20260731,347.75,347.525,347.975,347.975,347.525,0.4500000000000455,0.12923607122344785,Narrow,Bullish,Above CPR,Cash Only,Metals & Mining,True,False,0.12,50,658605916.8499999,Higher,True,Long
FAZE3Q,EQ,FAZE THREE LIMITED,536.1,542.0,534.0,536.95,15324,8234394.2,20260731,537.65,538.0,537.3,538.0,537.3,0.7000000000000455,0.13036595586182054,Narrow,Bearish,Below CPR,Cash Only,Unclassified,False,True,0.14,50,10569698.024999999,Lower,True,Short
STEL,EQ,STEL HOLDINGS LIMITED,579.9,580.25,567.2,574.85,2844,1634792.55,20260731,574.1,573.725,574.475,574.475,573.725,0.75,0.13046881795250934,Narrow,Bullish,Above CPR,Cash Only,Unclassified,True,False,0.06,50,2669359.425,Higher,True,Long
SKFINDIA,EQ,SKF INDIA LTD,1473.0,1497.9,1467.1,1479.6,16194,24002542.1,20260731,1481.5333333333335,1482.5,1480.566666666667,1482.5,1480.566666666667,1.9333333333329392,0.13066594575107726,Narrow,Bearish,Below CPR,Cash Only,Unclassified,False,True,0.22,50,44599598.05,Higher,True,No setup
SUVIDHAA,EQ,SUVIDHAA INFOSERVE LTD,2.47,2.62,2.47,2.55,27281,69278.09,20260731,2.5466666666666664,2.545,2.548333333333333,2.548333333333333,2.545,0.0033333333333329662,0.13071895424835162,Narrow,Bullish,Above CPR,Cash Only,Unclassified,True,False,0.18,50,255630.4,Higher,True,Long
SYMPHONY,EQ,SYMPHONY LIMITED,687.55,692.45,681.25,688.2,47096,32430869.7,20260731,687.3000000000001,686.85,687.7500000000001,687.7500000000001,686.85,0.900000000000091,0.13077593722756334,Narrow,Bullish,Above CPR,Cash Only,Unclassified,True,False,0.22,50,48087132.875,Overlapping,True,No setup
ADANIPOWER,EQ,ADANI POWER LTD,209.98,212.68,209.11,211.31,15216198,3212724115.6,20260731,211.03333333333333,210.895,211.17166666666665,211.17166666666665,210.895,0.2766666666666424,0.13092928241287322,Narrow,Bullish,Above CPR,Cash Only,Power,True,False,0.14,50,6179887829.110001,Higher,True,Long
UGARSUGAR,EQ,THE UGAR SUGAR WORKS LTD,41.2,41.2,40.02,40.69,131941,5379668.23,20260731,40.63666666666666,40.61,40.66333333333333,40.66333333333333,40.61,0.05333333333332746,0.13107233554516456,Narrow,Bullish,Above CPR,Cash Only,Unclassified,True,False,0.14,50,3589582.27,Higher,True,Long
WSI,EQ,W.S.INDUSTRIES (I) LTD.,61.49,61.49,60.07,60.9,27195,1647227.06,20260731,60.82,60.78,60.86,60.86,60.78,0.0799999999999983,0.13136288998357684,Narrow,Bullish,Above CPR,Cash Only,Unclassified,True,False,0.14,50,2343693.55,Inside,True,No setup
BIMETAL,EQ,BIMETAL BEARINGS LTD.,669.95,689.95,652.1,669.7,894,598154.8,20260731,670.5833333333334,671.0250000000001,670.1416666666667,671.0250000000001,670.1416666666667,0.8833333333334394,0.13189985565677756,Narrow,Bearish,Below CPR,Cash Only,Unclassified,False,True,0.2,50,467524.17500000005,Higher,True,No setup
SHIVAUM,EQ,SHIV AUM STEELS LIMITED,442.65,445.15,435.0,440.95,5404,2381947.3,20260731,440.3666666666666,440.075,440.65833333333325,440.65833333333325,440.075,0.5833333333332575,0.13229013115619856,Narrow,Bullish,Above CPR,Cash Only,Unclassified,True,False,0.3191489361702128,47,79604.65,Higher,False,No setup
STUDDS,EQ,STUDDS ACCESSORIES LTD,441.0,444.0,438.05,440.15,23567,10379257.55,20260731,440.7333333333333,441.025,440.4416666666666,441.025,440.4416666666666,0.5833333333333712,0.13253057669734664,Narrow,Bearish,Below CPR,Cash Only,Unclassified,False,True,0.1,50,18314856.25,Lower,True,Short
HAWKINCOOK,EQ,HAWKINS COOKERS LTD,8529.5,8590.0,8475.0,8549.5,1052,8975620.0,20260731,8538.166666666666,8532.5,8543.833333333332,8543.833333333332,8532.5,11.33333333333212,0.13256135836402272,Narrow,Bullish,Above CPR,Cash Only,Unclassified,True,False,0.22,50,11084692.5,Outside,True,No setup
BLIL,EQ,BALMER LAWRIE INVSTS. L,70.65,71.03,69.99,70.37,48983,3457983.62,20260731,70.46333333333332,70.50999999999999,70.41666666666666,70.50999999999999,70.41666666666666,0.09333333333333371,0.13263227701198482,Narrow,Bearish,Below CPR,Cash Only,Unclassified,False,True,0.32,50,3462404.1100000003,Higher,False,No setup
WHIRLPOOL,EQ,WHIRLPOOL OF INDIA LTD,810.1,812.0,797.0,802.9,226404,182213760.25,20260731,803.9666666666667,804.5,803.4333333333334,804.5,803.4333333333334,1.066666666666606,0.132851745754964,Narrow,Bearish,Below CPR,Cash Only,Consumer Durables,False,True,0.24,50,180566816.175,Lower,True,Short
SCANSTL,EQ,SCAN STEELS LTD.,60.49,65.2,60.49,62.72,780655,49917894.12,20260731,62.803333333333335,62.845,62.76166666666667,62.845,62.76166666666667,0.0833333333333286,0.13286564625849584,Narrow,Bearish,Below CPR,Cash Only,Unclassified,False,True,0.04,50,2722600.9000000004,Higher,True,No setup
ARVIND,EQ,ARVIND LIMITED,509.0,519.25,505.1,513.2,570285,292736954.1,20260731,512.5166666666667,512.175,512.8583333333333,512.8583333333333,512.175,0.683333333333394,0.13315146791375562,Narrow,Bullish,Above CPR,Cash Only,Unclassified,True,False,0.14,50,308084466.20000005,Overlapping,True,No setup
MANALIPETC,EQ,MANALI PETROCHEMICALS LT,64.49,65.55,64.49,64.89,115300,7501065.17,20260731,64.97666666666667,65.02,64.93333333333335,65.02,64.93333333333335,0.08666666666664469,0.13355935686029385,Narrow,Bearish,Below CPR,Cash Only,Unclassified,False,True,0.04,50,19410001.564999998,Inside,True,No setup
GUJENERGY,EQ,GUJARAT ENERGY LIMITED,276.0,277.45,270.45,274.5,912223,250103843.7,20260731,274.1333333333333,273.95,274.31666666666666,274.31666666666666,273.95,0.36666666666667425,0.1335761991499724,Narrow,Bullish,Above CPR,Cash Only,Unclassified,True,False,0.3076923076923077,13,250103843.7,Lower,False,No setup
CAPILLARY,EQ,CAPILLARY TECHNO INDIA L,514.0,516.45,476.25,497.35,340278,168430976.75,20260731,496.6833333333334,496.35,497.01666666666677,497.01666666666677,496.35,0.6666666666667425,0.13404376528938222,Narrow,Bullish,Above CPR,Cash Only,Unclassified,True,False,0.28,50,16709080.149999999,Lower,False,No setup
SUDEEPPHRM,EQ,SUDEEP PHARMA LIMITED,861.9,909.0,856.65,881.05,282842,251930937.65,20260731,882.2333333333332,882.825,881.6416666666664,882.825,881.6416666666664,1.1833333333336213,0.13430944138625747,Narrow,Bearish,Below CPR,Cash Only,Unclassified,False,True,0.14,50,165287202.3,Higher,True,No setup
GREENPLY,EQ,GREENPLY INDUSTRIES LTD,286.05,288.1,282.55,284.75,106916,30526132.25,20260731,285.1333333333334,285.32500000000005,284.9416666666667,285.32500000000005,284.9416666666667,0.38333333333332575,0.13462101258413547,Narrow,Bearish,Below CPR,Cash Only,Unclassified,False,True,0.16,50,58565515.995000005,Lower,True,Short
SJVN,EQ,SJVN LTD,68.84,69.4,67.56,68.62,5494583,376863194.29,20260731,68.52666666666667,68.48,68.57333333333334,68.57333333333334,68.48,0.09333333333333371,0.13601476731759501,Narrow,Bullish,Above CPR,Cash Only,Power,True,False,0.22,50,154232518.64,Overlapping,True,No setup
PFIZER,EQ,PFIZER LTD,4780.0,4848.1,4780.0,4823.9,26661,128418696.1,20260731,4817.333333333333,4814.05,4820.616666666666,4820.616666666666,4814.05,6.5666666666656965,0.1361277527864528,Narrow,Bullish,Above CPR,Cash Only,Healthcare,True,False,0.18,50,96893673.5,Higher,True,Long
DCW,EQ,DCW LTD,46.2,46.67,45.9,46.19,476088,22044018.17,20260731,46.25333333333333,46.285,46.221666666666664,46.285,46.221666666666664,0.06333333333333258,0.1371148156166542,Narrow,Bearish,Below CPR,Cash Only,Unclassified,False,True,0.12,50,36357954.49,Inside,True,No setup
VOLTAMP,EQ,VOLTAMP TRANSFORMERS LTD,9310.0,10585.0,9302.0,9923.0,655543,6613805807.0,20260731,9936.666666666666,9943.5,9929.833333333332,9943.5,9929.833333333332,13.66666666666788,0.1377271658436751,Narrow,Bearish,Below CPR,Cash Only,Unclassified,False,True,0.22,50,358438329.0,Higher,True,No setup
JKIL,EQ,JKUMAR INFR.LTD.,485.65,486.0,480.0,482.0,72960,35151490.95,20260731,482.6666666666667,483.0,482.33333333333337,483.0,482.33333333333337,0.6666666666666288,0.13831258644535865,Narrow,Bearish,Below CPR,Cash Only,Unclassified,False,True,0.16,50,34890983.7,Lower,True,Short
PRIVISCL,EQ,PRIVI SPECIALITY CHE LTD,3591.0,3663.0,3556.1,3617.1,73373,264818776.3,20260731,3612.066666666667,3609.55,3614.583333333334,3614.583333333334,3609.55,5.033333333333758,0.13915383410283813,Narrow,Bullish,Above CPR,Cash Only,Unclassified,True,False,0.22,50,198339178.05,Inside,True,No setup
MCX,EQ,MULTI COMMODITY EXCHANGE,2685.0,2704.7,2668.4,2692.2,999020,2687843526.0,20260731,2688.4333333333334,2686.55,2690.3166666666666,2690.3166666666666,2686.55,3.766666666666424,0.1399103583190857,Narrow,Bullish,Above CPR,Cash Only,Financial Services,True,False,0.1,50,7400338243.6,Inside,True,No setup
CENTRALBK,EQ,CENTRAL BANK OF INDIA,31.04,31.14,30.93,30.97,4785076,148311335.2,20260731,31.013333333333332,31.035,30.991666666666664,31.035,30.991666666666664,0.043333333333336554,0.1399203530298242,Narrow,Bearish,Below CPR,Cash Only,Financial Services,False,True,0.26,50,353677962.295,Outside,False,No setup
HCC,EQ,HINDUSTAN CONSTRUCTION CO,21.06,21.79,21.0,21.44,22231485,477369762.62,20260731,21.41,21.395,21.425,21.425,21.395,0.030000000000001137,0.13992537313433367,Narrow,Bullish,Above CPR,Cash Only,Unclassified,True,False,0.1,50,666429265.0699999,Higher,True,Long
KNACK,EQ,KNACK PACKAGING LIMITED,190.6,192.1,189.0,190.15,481188,91605732.19,20260731,190.41666666666666,190.55,190.2833333333333,190.55,190.2833333333333,0.26666666666670835,0.1402401612762074,Narrow,Bearish,Below CPR,Cash Only,Unclassified,False,True,0.1111111111111111,18,352531514.745,Higher,True,No setup
GANDHITUBE,EQ,GANDHI SPL. TUBES LTD,874.0,879.0,870.0,876.35,5096,4456863.6,20260731,875.1166666666667,874.5,875.7333333333333,875.7333333333333,874.5,1.2333333333333485,0.14073524657195738,Narrow,Bullish,Above CPR,Cash Only,Unclassified,True,False,0.44,50,4371201.275,Overlapping,False,No setup
INCREDIBLE,EQ,INCREDIBLE INDUSTRIES LTD,33.13,33.16,33.0,33.15,612,20280.57,20260731,33.10333333333333,33.08,33.126666666666665,33.126666666666665,33.08,0.046666666666666856,0.14077425842131783,Narrow,Bullish,Above CPR,Cash Only,Unclassified,True,False,0.06,50,129626.25,Inside,True,No setup
KSHINTL,EQ,KSH INTERNATIONAL LIMITED,836.65,855.8,827.15,839.7,124397,105243444.75,20260731,840.8833333333332,841.4749999999999,840.2916666666665,841.4749999999999,840.2916666666665,1.183333333333394,0.14092334563932285,Narrow,Bearish,Below CPR,Cash Only,Unclassified,False,True,0.12,50,286780803.6,Higher,True,No setup
ORIENTCEM,EQ,ORIENT CEMENT LTD.,136.3,138.05,135.81,136.64,158673,21668370.34,20260731,136.83333333333334,136.93,136.73666666666668,136.93,136.73666666666668,0.19333333333332803,0.14149102263855975,Narrow,Bearish,Below CPR,Cash Only,Unclassified,False,True,0.26,50,26232399.33,Higher,False,No setup
DONEAR,EQ,DONEAR IND. LIMITED,84.52,85.0,84.12,84.74,7557,639369.51,20260731,84.62,84.56,84.68,84.68,84.56,0.12000000000000455,0.1416096294548083,Narrow,Bullish,Above CPR,Cash Only,Unclassified,True,False,0.22,50,1670003.5,Overlapping,True,No setup
INDIQUBE,EQ,INDIQUBE SPACES LIMITED,171.0,175.78,171.0,173.76,12036,2087340.43,20260731,173.51333333333332,173.39,173.63666666666666,173.63666666666666,173.39,0.2466666666666697,0.14195825659914235,Narrow,Bullish,Above CPR,Cash Only,Unclassified,True,False,0.16,50,6055477.755,Inside,True,No setup
NDTV,EQ,NDTV LTD,77.44,77.44,76.43,77.1,89586,6893833.08,20260731,76.99,76.935,77.04499999999999,77.04499999999999,76.935,0.10999999999998522,0.14267185473409238,Narrow,Bullish,Above CPR,Cash Only,Unclassified,True,False,0.3,50,17041663.18,Higher,False,No setup
OMAXE,EQ,OMAXE LIMITED,86.88,87.3,85.39,86.16,199960,17211466.31,20260731,86.28333333333335,86.345,86.22166666666669,86.345,86.22166666666669,0.12333333333330643,0.14314453729492388,Narrow,Bearish,Below CPR,Cash Only,Unclassified,False,True,0.08,50,25123005.41,Higher,True,No setup
WSTCSTPAPR,EQ,WEST COAST PAPER MILLS LT,560.0,582.9,558.55,569.5,127072,72999190.8,20260731,570.3166666666666,570.7249999999999,569.9083333333333,570.7249999999999,569.9083333333333,0.816666666666606,0.14340064383961476,Narrow,Bearish,Below CPR,Cash Only,Unclassified,False,True,0.24,50,62147882.625,Higher,True,No setup
5PAISA,EQ,5PAISA CAPITAL LIMITED,350.0,353.4,345.3,348.6,34543,12080917.7,20260731,349.1000000000001,349.35,348.85000000000014,349.35,348.85000000000014,0.4999999999998863,0.14343086632239996,Narrow,Bearish,Below CPR,Cash Only,Unclassified,False,True,0.12,50,15142786.675,Higher,True,No setup
GRAUWEIL,EQ,GRAUER & WEIL IND LTD,77.9,77.9,75.55,76.56,305424,23388110.21,20260731,76.67,76.725,76.61500000000001,76.725,76.61500000000001,0.10999999999998522,0.14367816091952093,Narrow,Bearish,Below CPR,Cash Only,Unclassified,False,True,0.1,50,16957590.445,Overlapping,True,No setup
TATAGOLD,EQ,TATAAML-TATAGOLD,13.89,13.89,13.73,13.78,21717308,299861286.78,20260731,13.799999999999999,13.81,13.789999999999997,13.81,13.789999999999997,0.020000000000003126,0.1451378809869603,Narrow,Bearish,Below CPR,Cash Only,Unclassified,False,True,0.2,50,652056733.04,Higher,True,No setup
MAXIND,EQ,MAX INDIA LIMITED,169.8,176.0,169.19,172.22,80823,13962293.51,20260731,172.47,172.595,172.345,172.595,172.345,0.25,0.1451631633956567,Narrow,Bearish,Below CPR,Cash Only,Unclassified,False,True,0.14,50,7203132.470000001,Higher,True,No setup
KAMOPAINTS,EQ,KAMDHENU VENTURES LIMITED,4.53,4.61,4.53,4.58,142233,651138.7,20260731,4.573333333333333,4.57,4.576666666666666,4.576666666666666,4.57,0.0066666666666659324,0.14556040756912517,Narrow,Bullish,Above CPR,Cash Only,Unclassified,True,False,0.22,50,961386.05,Inside,True,No setup
ROLEXRINGS,EQ,ROLEX RINGS LIMITED,137.15,139.0,135.5,136.95,395375,54330477.31,20260731,137.15,137.25,137.05,137.25,137.05,0.19999999999998863,0.14603870025555946,Narrow,Bearish,Below CPR,Cash Only,Unclassified,False,True,0.14,50,155444127.14499998,Lower,True,Short
RELCHEMQ,EQ,RELIANCE CHEMOTEX IND LTD,124.57,124.59,122.01,123.03,1150,142055.1,20260731,123.21,123.30000000000001,123.11999999999998,123.30000000000001,123.11999999999998,0.18000000000003524,0.14630577907830225,Narrow,Bearish,Below CPR,Cash Only,Unclassified,False,True,0.16,50,352247.805,Lower,True,Short
SFL,EQ,SHEELA FOAM LIMITED,776.3,794.95,769.2,783.8,97087,76314937.15,20260731,782.65,782.075,783.2249999999999,783.2249999999999,782.075,1.1499999999998636,0.14672110232200353,Narrow,Bullish,Above CPR,Cash Only,Unclassified,True,False,0.14,50,142686592.25,Inside,True,No setup
PAVNAIND,EQ,PAVNA INDUSTRIES LIMITED,17.7,18.54,17.6,18.11,192680,3492910.91,20260731,18.083333333333332,18.07,18.096666666666664,18.096666666666664,18.07,0.02666666666666373,0.1472482974415446,Narrow,Bullish,Above CPR,Cash Only,Unclassified,True,False,0.1,10,1077937.775,Lower,True,No setup
ITDC,EQ,INDIA TOUR. DEV. CO. LTD.,703.85,707.0,697.5,700.7,124516,87383254.25,20260731,701.7333333333332,702.25,701.2166666666665,702.25,701.2166666666665,1.0333333333335304,0.14747157604303274,Narrow,Bearish,Below CPR,Cash Only,Unclassified,False,True,0.16,50,184583563.52499998,Inside,True,No setup
RSYSTEMS,EQ,R SYS INTERNATIONAL LTD,263.01,270.89,252.86,262.46,248002,64798250.52,20260731,262.07,261.875,262.265,262.265,261.875,0.38999999999998636,0.1485940714775533,Narrow,Bullish,Above CPR,Cash Only,Unclassified,True,False,0.06,50,82970338.16999999,Lower,True,No setup
BDL,EQ,BHARAT DYNAMICS LIMITED,1247.0,1264.8,1247.0,1253.1,381704,479859190.7,20260731,1254.9666666666667,1255.9,1254.0333333333333,1255.9,1254.0333333333333,1.866666666666788,0.14896390285426447,Narrow,Bearish,Below CPR,Cash Only,Capital Goods,False,True,0.18,50,1292695722.0,Higher,True,No setup
DOMS,EQ,DOMS INDUSTRIES LIMITED,2268.0,2283.8,2226.1,2260.0,37135,83978233.8,20260731,2256.633333333333,2254.95,2258.3166666666666,2258.3166666666666,2254.95,3.366666666666788,0.14896755162242423,Narrow,Bullish,Above CPR,Cash Only,Fast Moving Consumer Goods,True,False,0.22,50,105211670.25,Lower,True,No setup
MONARCH,EQ,MONARCH NETWORTH CAP LTD,390.0,394.75,383.8,390.15,58054,22558177.6,20260731,389.5666666666666,389.275,389.85833333333323,389.85833333333323,389.275,0.5833333333332575,0.14951514374811165,Narrow,Bullish,Above CPR,Cash Only,Unclassified,True,False,0.22,50,29013913.825,Inside,True,No setup
KALAMANDIR,EQ,SAI SILKS (KALAMANDIR) L,89.0,89.79,88.07,89.13,460390,40952426.51,20260731,88.99666666666667,88.93,89.06333333333333,89.06333333333333,88.93,0.13333333333332575,0.14959422566288091,Narrow,Bullish,Above CPR,Cash Only,Unclassified,True,False,0.14,50,74919964.845,Higher,True,Long
WELSPLSOL,EQ,WELSPUN SPECIALTY SOL L,51.16,51.55,50.82,51.07,91751,4696296.73,20260731,51.14666666666667,51.185,51.108333333333334,51.185,51.108333333333334,0.07666666666666799,0.15012074929835126,Narrow,Bearish,Below CPR,Cash Only,Unclassified,False,True,0.08,50,50258268.355000004,Outside,True,No setup
MAHSEAMLES,EQ,MAHARASHTRA SEAMLESS LTD,572.65,573.25,560.0,565.35,208948,117998474.5,20260731,566.1999999999999,566.625,565.7749999999999,566.625,565.7749999999999,0.8500000000001364,0.1503493411161469,Narrow,Bearish,Below CPR,Cash Only,Unclassified,False,True,0.16,50,49768024.474999994,Lower,True,Short
GODIGIT,EQ,GO DIGIT GENERAL INS LTD,255.85,255.85,251.6,254.3,219292,55691970.45,20260731,253.91666666666666,253.725,254.10833333333332,254.10833333333332,253.725,0.38333333333332575,0.1507405950976507,Narrow,Bullish,Above CPR,Cash Only,Financial Services,True,False,0.14,50,92473070.525,Lower,True,No setup
BBTC,EQ,BOMBAY BURMAH TRADING COR,1493.3,1502.0,1485.4,1497.1,20919,31301767.9,20260731,1494.8333333333333,1493.7,1495.9666666666665,1495.9666666666665,1493.7,2.266666666666424,0.15140382517309628,Narrow,Bullish,Above CPR,Cash Only,Fast Moving Consumer Goods,True,False,0.28,50,39373784.05,Overlapping,False,No setup
DYNAMATECH,EQ,DYNAMATIC TECHNOLOGIES,10263.0,10485.0,10240.0,10339.0,6875,71509141.0,20260731,10354.666666666666,10362.5,10346.833333333332,10362.5,10346.833333333332,15.66666666666788,0.15152980623530204,Narrow,Bearish,Below CPR,Cash Only,Unclassified,False,True,0.1,50,130352668.0,Higher,True,No setup
FORTIS,EQ,FORTIS HEALTHCARE LTD,948.05,953.6,940.7,945.0,676906,639702032.15,20260731,946.4333333333334,947.1500000000001,945.7166666666667,947.1500000000001,945.7166666666667,1.433333333333394,0.15167548500882475,Narrow,Bearish,Below CPR,Cash Only,Healthcare,False,True,0.28,50,1146022647.65,Lower,False,No setup
STYLAMIND,EQ,STYLAM INDUSTRIES LIMITED,3359.4,3420.1,3333.1,3384.3,22210,75317604.2,20260731,3379.1666666666665,3376.6,3381.733333333333,3381.733333333333,3376.6,5.133333333333212,0.15168080055944247,Narrow,Bullish,Above CPR,Cash Only,Unclassified,True,False,0.2,50,96601813.0,Higher,True,Long
UNOMINDA,EQ,UNO MINDA LIMITED,1181.0,1188.0,1167.6,1180.5,776436,918120615.6,20260731,1178.7,1177.8,1179.6000000000001,1179.6000000000001,1177.8,1.800000000000182,0.15247776365948174,Narrow,Bullish,Above CPR,Cash Only,Automobile and Auto Components,True,False,0.36,50,897928552.3,Higher,False,No setup
SHREYANIND,EQ,SHREYANS INDUSTRIES LTD,140.0,142.1,135.9,139.32,4696,649845.7,20260731,139.10666666666665,139.0,139.2133333333333,139.2133333333333,139.0,0.21333333333330984,0.15312470092830166,Narrow,Bullish,Above CPR,Cash Only,Unclassified,True,False,0.2,50,715868.685,Lower,True,No setup
ARSSBL,EQ,ANAND RATHI SH N STK BR L,508.6,516.9,507.05,510.8,124829,63884065.05,20260731,511.5833333333333,511.975,511.1916666666666,511.975,511.1916666666666,0.7833333333334167,0.15335421560951776,Narrow,Bearish,Below CPR,Cash Only,Unclassified,False,True,0.2,50,109705809.8,Higher,True,No setup
ASIANPAINT,EQ,ASIAN PAINTS LIMITED,2773.9,2774.9,2732.4,2747.3,891738,2452144118.6,20260731,2751.5333333333333,2753.65,2749.4166666666665,2753.65,2749.4166666666665,4.233333333333576,0.154090682973595,Narrow,Bearish,Below CPR,Cash Only,Consumer Durables,False,True,0.3,50,2697568772.4,Higher,False,No setup
GENUSPOWER,EQ,GENUS POWER INFRASTRU LTD,307.95,316.0,307.95,312.7,1106223,346331121.35,20260731,312.2166666666667,311.975,312.45833333333337,312.45833333333337,311.975,0.4833333333333485,0.15456774331095252,Narrow,Bullish,Above CPR,Cash Only,Unclassified,True,False,0.14,50,362852351.25,Higher,True,Long
NPST,EQ,NETWORK PEOPLE SRV TECH L,1527.2,1545.0,1499.1,1525.6,12730,19415773.1,20260731,1523.2333333333333,1522.05,1524.4166666666667,1524.4166666666667,1522.05,2.366666666666788,0.1551302219891707,Narrow,Bullish,Above CPR,Cash Only,Unclassified,True,False,0.16,50,45464186.9,Higher,True,Long
KHAICHEM,EQ,KHAITAN CHEM & FERT LTD,47.89,47.99,46.53,47.15,109222,5165731.68,20260731,47.223333333333336,47.260000000000005,47.18666666666667,47.260000000000005,47.18666666666667,0.07333333333333769,0.15553199010251897,Narrow,Bearish,Below CPR,Cash Only,Unclassified,False,True,0.2,5,5165731.68,Lower,False,No setup
PFS,EQ,PTC INDIA FIN SERV LTD,27.5,27.88,27.45,27.73,341683,9446393.97,20260731,27.686666666666667,27.665,27.708333333333336,27.708333333333336,27.665,0.043333333333336554,0.1562687823055772,Narrow,Bullish,Above CPR,Cash Only,Unclassified,True,False,0.26,50,13597769.775,Overlapping,False,No setup
LAL,EQ,LORENZINI APPARELS LTD,8.97,8.97,8.13,8.53,55338,468184.62,20260731,8.543333333333335,8.55,8.536666666666669,8.55,8.536666666666669,0.013333333333331865,0.15631105900740758,Narrow,Bearish,Below CPR,Cash Only,Unclassified,False,True,0.2,50,416098.47,Higher,True,No setup
LT,EQ,LARSEN & TOUBRO LTD.,3962.9,3973.1,3923.2,3938.9,1753377,6910137676.7,20260731,3945.066666666666,3948.1499999999996,3941.9833333333327,3948.1499999999996,3941.9833333333327,6.16666666666697,0.15655809151455913,Narrow,Bearish,Below CPR,Cash Only,Construction,False,True,0.28,50,6686043544.15,Higher,False,No setup
TIMEX,EQ,TIMEX GROUP INDIA LTD.,540.0,542.9,523.7,532.05,294751,157464448.2,20260731,532.8833333333333,533.3,532.4666666666667,533.3,532.4666666666667,0.8333333333332575,0.15662688343825912,Narrow,Bearish,Below CPR,Cash Only,Unclassified,False,True,0.14,50,204641920.27499998,Inside,True,No setup
LMW,EQ,LMW LIMITED,16336.0,16369.0,15859.0,16152.0,4723,76555862.0,20260731,16126.666666666666,16114.0,16139.333333333332,16139.333333333332,16114.0,25.33333333333212,0.15684332177644947,Narrow,Bullish,Above CPR,Cash Only,Unclassified,True,False,0.28,50,44396918.5,Lower,False,No setup
VSTTILLERS,EQ,VST TILLERS TRACTORS LTD,4488.0,4492.8,4440.0,4455.9,5541,24672861.7,20260731,4462.9,4466.4,4459.4,4466.4,4459.4,7.0,0.15709508741219508,Narrow,Bearish,Below CPR,Cash Only,Unclassified,False,True,0.3,50,30662631.2,Higher,False,No setup
SONACOMS,EQ,SONA BLW PRECISION FRGS L,769.95,773.2,761.95,769.4,2880222,2213888375.35,20260731,768.1833333333334,767.575,768.7916666666667,768.7916666666667,767.575,1.216666666666697,0.15813187765358683,Narrow,Bullish,Above CPR,Cash Only,Automobile and Auto Components,True,False,0.12,50,1169060425.425,Higher,True,Long
DEEPAKNTR,EQ,DEEPAK NITRITE LTD,1652.0,1671.0,1645.5,1662.2,137803,228879781.4,20260731,1659.5666666666666,1658.25,1660.8833333333332,1660.8833333333332,1658.25,2.633333333333212,0.1584245778686808,Narrow,Bullish,Above CPR,Cash Only,Chemicals,True,False,0.16,50,204876464.05,Higher,True,Long
ACSTECH,EQ,A C S TECHNOLOGIES LTD.,39.25,40.5,39.25,39.97,89567,3577930.61,20260731,39.906666666666666,39.875,39.93833333333333,39.93833333333333,39.875,0.06333333333333258,0.15845217246267845,Narrow,Bullish,Above CPR,Cash Only,Unclassified,True,False,0.22,50,5607352.859999999,Lower,True,No setup
GULFOILLUB,EQ,GULF OIL LUB. IND. LTD.,1061.1,1086.9,1046.6,1069.3,91040,97503979.0,20260731,1067.6000000000001,1066.75,1068.4500000000003,1068.4500000000003,1066.75,1.7000000000002728,0.15898251192371393,Narrow,Bullish,Above CPR,Cash Only,Unclassified,True,False,0.22,50,70421661.94999999,Higher,True,Long
MEESHO,EQ,MEESHO LIMITED,182.15,183.49,180.02,182.19,3652379,664452178.96,20260731,181.9,181.755,182.04500000000002,182.04500000000002,181.755,0.29000000000002046,0.15917448817170013,Narrow,Bullish,Above CPR,Cash Only,Consumer Services,True,False,0.18,50,2265494598.37,Higher,True,Long
GSPCROP,EQ,GSP CROP SCIENCE LIMITED,586.4,589.0,574.1,582.95,342660,199935077.75,20260731,582.0166666666667,581.55,582.4833333333333,582.4833333333333,581.55,0.933333333333394,0.1601052119964652,Narrow,Bullish,Above CPR,Cash Only,Unclassified,True,False,0.12,50,120476879.75,Inside,True,No setup
GLOBUSSPR,EQ,GLOBUS SPIRITS LTD,880.05,894.25,877.0,883.5,52674,46591686.25,20260731,884.9166666666666,885.625,884.2083333333333,885.625,884.2083333333333,1.4166666666667425,0.16034710431994822,Narrow,Bearish,Below CPR,Cash Only,Unclassified,False,True,0.22,50,61791659.725,Higher,True,No setup
NORBTEAEXP,EQ,NORBEN TEA & EXPORTS LTD,66.01,70.8,66.01,68.57,844,57176.01,20260731,68.46,68.405,68.51499999999999,68.51499999999999,68.405,0.10999999999998522,0.16042000875016077,Narrow,Bullish,Above CPR,Cash Only,Unclassified,True,False,0.10204081632653061,49,153673.24,Higher,True,Long
PVRINOX,EQ,PVR INOX LIMITED,1132.95,1143.55,1123.1,1130.6,178460,201937574.5,20260731,1132.4166666666665,1133.3249999999998,1131.5083333333332,1133.3249999999998,1131.5083333333332,1.816666666666606,0.16068164396485105,Narrow,Bearish,Below CPR,Cash Only,Media Entertainment & Publication,False,True,0.24,50,201331486.05,Overlapping,True,No setup
LUMAXIND,EQ,LUMAX INDUSTRIES LTD,5183.5,5360.0,5183.5,5284.5,25232,132732638.5,20260731,5276.0,5271.75,5280.25,5280.25,5271.75,8.5,0.1608477623237771,Narrow,Bullish,Above CPR,Cash Only,Unclassified,True,False,0.16,50,58897874.0,Higher,True,Long
AJMERA,EQ,AJMERA REALTY & INF I LTD,125.0,127.07,125.0,126.34,166799,21035958.18,20260731,126.13666666666666,126.035,126.23833333333332,126.23833333333332,126.035,0.20333333333331893,0.1609413751253118,Narrow,Bullish,Above CPR,Cash Only,Unclassified,True,False,0.12,50,71551087.24000001,Inside,True,No setup
AKI,EQ,AKI INDIA LIMITED,4.01,4.29,4.01,4.14,87427,362445.77,20260731,4.146666666666667,4.15,4.143333333333334,4.15,4.143333333333334,0.0066666666666659324,0.1610305958131868,Narrow,Bearish,Below CPR,Cash Only,Unclassified,False,True,0.18,50,309116.93,Lower,True,Short
NESTLEIND,EQ,NESTLE INDIA LIMITED,1529.0,1529.0,1497.5,1509.6,2501825,3776886191.6,20260731,1512.0333333333335,1513.25,1510.816666666667,1513.25,1510.816666666667,2.433333333332939,0.16119060236704685,Narrow,Bearish,Below CPR,Cash Only,Fast Moving Consumer Goods,False,True,0.16,50,2583660332.2,Lower,True,Short
GTPL,EQ,GTPL HATHWAY LIMITED,60.79,60.79,59.3,59.9,11745,704318.19,20260731,59.99666666666667,60.045,59.94833333333334,60.045,59.94833333333334,0.09666666666666401,0.16138007790761938,Narrow,Bearish,Below CPR,Cash Only,Unclassified,False,True,0.12,50,1978913.77,Higher,True,No setup
GLOSTERLTD,EQ,GLOSTER LIMITED,647.0,669.0,647.0,659.6,815,538741.65,20260731,658.5333333333333,658.0,659.0666666666666,659.0666666666666,658.0,1.066666666666606,0.16171417020415493,Narrow,Bullish,Above CPR,Cash Only,Unclassified,True,False,0.2,50,2402451.9,Higher,True,Long
SPENCERS,EQ,SPENCER S RETAIL LIMITED,32.25,33.42,32.22,32.9,21477,708344.2,20260731,32.846666666666664,32.82,32.87333333333333,32.87333333333333,32.82,0.05333333333332746,0.16210739614993147,Narrow,Bullish,Above CPR,Cash Only,Unclassified,True,False,0.16,50,1684888.855,Inside,True,No setup
AKASH,EQ,AKASH INFRA-PROJECTS LTD,26.8,27.3,26.21,26.69,9600,257312.39,20260731,26.733333333333334,26.755000000000003,26.711666666666666,26.755000000000003,26.711666666666666,0.043333333333336554,0.16235793680530744,Narrow,Bearish,Below CPR,Cash Only,Unclassified,False,True,0.16,50,155676.305,Lower,True,Short
MARKOLINES,EQ,MARKOLINES PAVEMENT TEC L,178.0,178.15,175.41,176.35,62671,11051187.12,20260731,176.63666666666666,176.78,176.4933333333333,176.78,176.4933333333333,0.28666666666669016,0.16255552405256035,Narrow,Bearish,Below CPR,Cash Only,Unclassified,False,True,0.16,50,61777627.635,Lower,True,Short
AMBALALSA,EQ,AMBALAL SARABHAI ENT L,33.85,36.5,33.01,34.84,273499,9582076.58,20260731,34.78333333333333,34.754999999999995,34.81166666666667,34.81166666666667,34.754999999999995,0.05666666666667197,0.1626482969766704,Narrow,Bullish,Above CPR,Cash Only,Unclassified,True,False,0.16,50,2064814.0,Higher,True,Long
MANINDS,EQ,MAN INDUSTRIES (I) LTD.,532.0,537.0,525.0,532.3,121373,64674385.65,20260731,531.4333333333333,531.0,531.8666666666666,531.8666666666666,531.0,0.8666666666665606,0.16281545494393398,Narrow,Bullish,Above CPR,Cash Only,Unclassified,True,False,0.2,50,173099093.175,Higher,True,Long
INDIANB,EQ,INDIAN BANK,828.0,840.9,828.0,836.5,1312076,1095093538.95,20260731,835.1333333333333,834.45,835.8166666666666,835.8166666666666,834.45,1.3666666666665606,0.1633791591950461,Narrow,Bullish,Above CPR,Cash Only,Financial Services,True,False,0.28,50,1793365855.1,Higher,False,No setup
ANUHPHR,EQ,ANUH PHARMA LIMITED,79.58,80.25,79.1,79.48,20526,1637559.86,20260731,79.61,79.675,79.545,79.675,79.545,0.12999999999999545,0.16356316054352724,Narrow,Bearish,Below CPR,Cash Only,Unclassified,False,True,0.16,50,3214855.5549999997,Overlapping,True,No setup
LINDEINDIA,EQ,LINDE INDIA LIMITED,6656.0,6810.0,6646.5,6745.0,55674,375320907.5,20260731,6733.833333333333,6728.25,6739.416666666666,6739.416666666666,6728.25,11.16666666666606,0.16555473190016398,Narrow,Bullish,Above CPR,Cash Only,Chemicals,True,False,0.2,50,140288989.0,Higher,True,Long
PYRAMID,EQ,PYRAMID TECHNOPLAST LTD,183.11,184.0,179.14,181.12,60823,11031019.88,20260731,181.42,181.57,181.26999999999998,181.57,181.26999999999998,0.30000000000001137,0.16563604240283314,Narrow,Bearish,Below CPR,Cash Only,Unclassified,False,True,0.16,50,4522126.07,Lower,True,Short
ABREL,EQ,ADITYA BIRLA REAL EST LTD,1378.1,1471.2,1372.1,1418.1,267520,380154091.4,20260731,1420.4666666666665,1421.65,1419.2833333333328,1421.65,1419.2833333333328,2.3666666666672427,0.16688997014789106,Narrow,Bearish,Below CPR,Cash Only,Realty,False,True,0.2,50,180640215.45,Higher,True,No setup
NEAGI,EQ,NEELAMALAI AGRO INDS. L,3187.9,3187.9,3172.0,3172.0,2,6359.9,20260731,3177.2999999999997,3179.95,3174.6499999999996,3179.95,3174.6499999999996,5.300000000000182,0.16708701134931217,Narrow,Bearish,Below CPR,Cash Only,Unclassified,False,True,0.5641025641025641,39,32640.5,Higher,False,No setup
VARDMNPOLY,EQ,VARDHMAN POLYTEX LTD.,6.1,6.25,5.72,5.97,321102,1940752.77,20260731,5.9799999999999995,5.984999999999999,5.975,5.984999999999999,5.975,0.009999999999999787,0.16750418760468655,Narrow,Bearish,Below CPR,Cash Only,Unclassified,False,True,0.15384615384615385,39,1436808.78,Inside,True,No setup
GREENPANEL,EQ,GREENPANEL INDUSTRIES LTD,192.88,194.0,191.07,193.02,46478,8949718.84,20260731,192.6966666666667,192.535,192.85833333333338,192.85833333333338,192.535,0.3233333333333803,0.16751286567888318,Narrow,Bullish,Above CPR,Cash Only,Unclassified,True,False,0.18,50,27324317.9,Outside,True,No setup
ALOKINDS,EQ,ALOK INDUSTRIES LIMITED,11.87,11.96,11.82,11.92,1657064,19734214.71,20260731,11.9,11.89,11.91,11.91,11.89,0.019999999999999574,0.1677852348993253,Narrow,Bullish,Above CPR,Cash Only,Unclassified,True,False,0.18,50,71075753.595,Inside,True,No setup
ACL,EQ,ANDHRA CEMENTS LIMITED,48.49,48.49,47.01,47.63,8970,426586.86,20260731,47.71,47.75,47.67,47.75,47.67,0.0799999999999983,0.16796136888515284,Narrow,Bearish,Below CPR,Cash Only,Unclassified,False,True,0.12,50,622433.28,Inside,True,No setup
DIGIDRIVE,EQ,DIGIDRIVE DISTRIBUTORS L,17.99,17.99,17.62,17.76,16330,290515.65,20260731,17.790000000000003,17.805,17.775000000000006,17.805,17.775000000000006,0.02999999999999403,0.1689189189188853,Narrow,Bearish,Below CPR,Cash Only,Unclassified,False,True,0.2,50,330438.32999999996,Overlapping,True,No setup
SUPRIYA,EQ,SUPRIYA LIFESCIENCE LTD,860.0,876.0,853.6,867.0,171384,148173042.3,20260731,865.5333333333333,864.8,866.2666666666667,866.2666666666667,864.8,1.466666666666697,0.16916570549788892,Narrow,Bullish,Above CPR,Cash Only,Unclassified,True,False,0.08,50,264682455.95000002,Higher,True,Long
RANASUG,EQ,RANA SUGARS LTD.,11.98,11.98,11.7,11.81,81755,962956.46,20260731,11.83,11.84,11.82,11.84,11.82,0.019999999999999574,0.16934801016087697,Narrow,Bearish,Below CPR,Cash Only,Unclassified,False,True,0.24,50,2024790.795,Inside,True,No setup
NETWORK18,EQ,NETWORK18 MEDIA & INV LTD,29.32,29.7,29.05,29.45,2055710,60561129.66,20260731,29.400000000000002,29.375,29.425000000000004,29.425000000000004,29.375,0.05000000000000426,0.1697792869270094,Narrow,Bullish,Above CPR,Cash Only,Unclassified,True,False,0.22,50,120551452.04499999,Higher,True,Long
RECLTD,EQ,REC LIMITED,372.6,374.0,370.0,372.95,3604289,1341958560.35,20260731,372.31666666666666,372.0,372.6333333333333,372.6333333333333,372.0,0.6333333333333258,0.1698172230415138,Narrow,Bullish,Above CPR,Cash Only,Financial Services,True,False,0.3,50,1592268450.325,Lower,False,No setup
ICIL,EQ,INDO COUNT INDUSTRIES LTD,403.8,406.5,398.05,401.25,211346,85125745.45,20260731,401.93333333333334,402.275,401.5916666666667,402.275,401.5916666666667,0.6833333333332803,0.17030114226374585,Narrow,Bearish,Below CPR,Cash Only,Unclassified,False,True,0.16,50,147162877.5,Lower,True,Short
RVHL,EQ,RAVINDER HEIGHTS LIMITED,45.0,45.03,44.6,44.93,3163,141895.54,20260731,44.85333333333333,44.815,44.891666666666666,44.891666666666666,44.815,0.07666666666666799,0.17063580384301802,Narrow,Bullish,Above CPR,Cash Only,Unclassified,True,False,0.06,50,1041091.1000000001,Higher,True,Long
SAHLIBHFI,EQ,SHALIBHADRA FINANCE LTD,81.48,81.48,75.1,78.09,6775,523202.79,20260731,78.22333333333333,78.28999999999999,78.15666666666667,78.28999999999999,78.15666666666667,0.13333333333332575,0.17074315960215872,Narrow,Bearish,Below CPR,Cash Only,Unclassified,False,True,0.1,50,745962.29,Lower,True,Short
HINDPETRO,EQ,HINDUSTAN PETROLEUM CORP,390.8,391.9,385.6,389.75,7761816,3021894331.2,20260731,389.0833333333333,388.75,389.41666666666663,389.41666666666663,388.75,0.6666666666666288,0.17104981825955837,Narrow,Bullish,Above CPR,Cash Only,Oil Gas & Consumable Fuels,True,False,0.24,50,2289432846.625,Overlapping,True,No setup
KUSUMGAR,EQ,KUSUMGAR LIMITED,575.1,597.0,571.7,582.85,431659,251807848.6,20260731,583.85,584.35,583.35,584.35,583.35,1.0,0.1715707300334563,Narrow,Bearish,Below CPR,Cash Only,Unclassified,False,True,0.15384615384615385,13,496749305.5,Higher,True,No setup
CARERATING,EQ,CARE RATINGS LIMITED,1711.4,1720.0,1690.2,1709.5,20124,34349914.8,20260731,1706.5666666666666,1705.1,1708.0333333333333,1708.0333333333333,1705.1,2.933333333333394,0.17159013356732344,Narrow,Bullish,Above CPR,Cash Only,Unclassified,True,False,0.3,50,52671793.8,Outside,False,No setup
ARIHANTSUP,EQ,ARIHANT SUPERSTRUCT LTD,258.8,263.95,258.4,261.85,7987,2079874.55,20260731,261.4,261.17499999999995,261.625,261.625,261.17499999999995,0.4500000000000455,0.17185411495132535,Narrow,Bullish,Above CPR,Cash Only,Unclassified,True,False,0.28,50,4207351.1,Higher,False,No setup
KOVAI,EQ,KOVAI MEDICAL CENTER & HO,5990.0,5990.0,5860.5,5910.0,4038,23894146.5,20260731,5920.166666666667,5925.25,5915.083333333334,5925.25,5915.083333333334,10.16666666666606,0.1720248166948572,Narrow,Bearish,Below CPR,Cash Only,Unclassified,False,True,0.48,50,24397019.75,Lower,False,No setup
HERANBA,EQ,HERANBA INDUSTRIES LTD,175.25,183.0,175.21,179.57,31755,5688035.01,20260731,179.26,179.10500000000002,179.41499999999996,179.41499999999996,179.10500000000002,0.30999999999994543,0.17263462716486352,Narrow,Bullish,Above CPR,Cash Only,Unclassified,True,False,0.22,50,6320368.255,Higher,True,Long
IREDA,EQ,INDIAN RENEWABLE ENERGY,119.6,120.6,119.2,119.59,4072312,488316952.56,20260731,119.79666666666667,119.9,119.69333333333333,119.9,119.69333333333333,0.20666666666667766,0.1728126654960094,Narrow,Bearish,Below CPR,Cash Only,Financial Services,False,True,0.3,50,573004467.63,Overlapping,False,No setup
ASAL,EQ,AUTOMOTIVE STAMPINGS & AS,501.75,506.4,496.6,500.2,15733,7876729.15,20260731,501.06666666666666,501.5,500.6333333333333,501.5,500.6333333333333,0.8666666666666742,0.17326402772224594,Narrow,Bearish,Below CPR,Cash Only,Unclassified,False,True,0.2,50,10771629.899999999,Lower,True,Short
SWANCORP,EQ,SWAN CORP LIMITED,306.65,310.0,304.0,307.8,1054925,322870421.45,20260731,307.26666666666665,307.0,307.5333333333333,307.5333333333333,307.0,0.533333333333303,0.1732726878925611,Narrow,Bullish,Above CPR,Cash Only,Chemicals,True,False,0.12,50,201425522.625,Inside,True,No setup
THEMISMED,EQ,THEMIS MEDICARE LTD.,104.65,106.34,104.65,105.22,19930,2100715.86,20260731,105.40333333333335,105.495,105.3116666666667,105.495,105.3116666666667,0.1833333333333087,0.17423810428940192,Narrow,Bearish,Below CPR,Cash Only,Unclassified,False,True,0.1,50,7522536.33,Overlapping,True,No setup
KEEPLEARN,EQ,DSJ KEEP LEARNING LTD,1.94,1.95,1.88,1.91,33821,64821.47,20260731,1.9133333333333333,1.915,1.9116666666666666,1.915,1.9116666666666666,0.0033333333333334103,0.17452006980803195,Narrow,Bearish,Below CPR,Cash Only,Unclassified,False,True,0.22,50,55298.805,Inside,True,No setup
GODREJIND,EQ,GODREJ INDUSTRIES LTD,1309.9,1323.8,1304.5,1317.6,48728,64145934.9,20260731,1315.3,1314.15,1316.4499999999998,1316.4499999999998,1314.15,2.299999999999727,0.174559805707326,Narrow,Bullish,Above CPR,Cash Only,Diversified,True,False,0.2,50,148419084.39999998,Higher,True,Long
NAM-INDIA,EQ,NIPPON L I A M LTD,1149.0,1175.6,1141.1,1161.4,877923,1020809332.4,20260731,1159.3666666666666,1158.35,1160.3833333333332,1160.3833333333332,1158.35,2.033333333333303,0.17507605763159143,Narrow,Bullish,Above CPR,Cash Only,Financial Services,True,False,0.16,50,968734473.45,Overlapping,True,No setup
KUANTUM,EQ,KUANTUM PAPERS LIMITED,78.9,79.2,77.31,78.05,41118,3222244.08,20260731,78.18666666666667,78.255,78.11833333333334,78.255,78.11833333333334,0.13666666666665606,0.1751014307067983,Narrow,Bearish,Below CPR,Cash Only,Unclassified,False,True,0.22,50,4776020.975,Outside,True,No setup
CARBORUNIV,EQ,CARBORUNDUM UNIVERSAL LTD,1059.9,1085.0,1048.2,1063.8,196536,210634256.5,20260731,1065.6666666666667,1066.6,1064.7333333333336,1066.6,1064.7333333333336,1.8666666666663332,0.1754715798708717,Narrow,Bearish,Below CPR,Cash Only,Capital Goods,False,True,0.26,50,139193676.5,Higher,False,No setup
HCL-INSYS,EQ,HCL INFOSYSTEMS LTD,11.44,11.53,11.31,11.39,104489,1193069.23,20260731,11.410000000000002,11.42,11.400000000000004,11.42,11.400000000000004,0.01999999999999602,0.17559262510971047,Narrow,Bearish,Below CPR,Cash Only,Unclassified,False,True,0.2,50,2314628.335,Inside,True,No setup
THOMASCOOK,EQ,THOMAS COOK (INDIA) LTD,100.19,108.99,99.0,104.27,6604030,700249776.18,20260731,104.08666666666666,103.995,104.17833333333331,104.17833333333331,103.995,0.1833333333333087,0.17582558102360094,Narrow,Bullish,Above CPR,Cash Only,Unclassified,True,False,0.2,50,107379079.375,Higher,True,Long
GSFC,EQ,GUJ STATE FERT & CHEM LTD,159.49,160.09,158.43,158.84,309088,49174087.06,20260731,159.12,159.26,158.98000000000002,159.26,158.98000000000002,0.2799999999999727,0.1762780156131785,Narrow,Bearish,Below CPR,Cash Only,Unclassified,False,True,0.26,50,79828767.395,Lower,False,No setup
AHLUCONT,EQ,AHLUWALIA CONT IND LTD,819.3,826.25,812.2,821.4,15056,12356018.85,20260731,819.9499999999999,819.225,820.6749999999998,820.6749999999998,819.225,1.449999999999818,0.1765278792305598,Narrow,Bullish,Above CPR,Cash Only,Unclassified,True,False,0.22,50,23991655.725,Higher,True,Long
PGHL,EQ,PROCTER & GAMBLE HEALTH L,6500.0,6714.0,6460.0,6604.5,10184,66905743.0,20260731,6592.833333333333,6587.0,6598.666666666666,6598.666666666666,6587.0,11.66666666666606,0.1766472354707557,Narrow,Bullish,Above CPR,Cash Only,Unclassified,True,False,0.3,50,79619184.75,Higher,False,No setup
JSFB,EQ,JANA SMALL FIN BANK LTD,564.0,583.95,563.0,575.0,840142,484475759.75,20260731,573.9833333333333,573.475,574.4916666666667,574.4916666666667,573.475,1.0166666666666515,0.1768115942028959,Narrow,Bullish,Above CPR,Cash Only,Unclassified,True,False,0.14,50,302179991.125,Higher,True,Long
TORNTPOWER,EQ,TORRENT POWER LTD,1431.0,1437.0,1397.1,1413.3,394456,556896051.8,20260731,1415.8,1417.05,1414.55,1417.05,1414.55,2.5,0.17689096440953797,Narrow,Bearish,Below CPR,Cash Only,Power,False,True,0.26,50,452073985.4,Lower,False,No setup
MEDIASSIST,EQ,MEDI ASSIST HEALTH SER L,357.45,361.0,353.1,358.0,82492,29531316.8,20260731,357.3666666666666,357.05,357.6833333333332,357.6833333333332,357.05,0.6333333333332121,0.17690875232771286,Narrow,Bullish,Above CPR,Cash Only,Unclassified,True,False,0.18,50,29936772.675,Higher,True,Long
AADHARHFC,EQ,AADHAR HOUSING FINANCE L,495.0,504.0,492.05,496.7,224744,112406006.85,20260731,497.5833333333333,498.025,497.14166666666665,498.025,497.14166666666665,0.8833333333333258,0.17784041339507262,Narrow,Bearish,Below CPR,Cash Only,Financial Services,False,True,0.22,50,167410662.45,Higher,True,No setup
SATIA,EQ,SATIA INDUSTRIES LIMITED,62.0,62.78,61.05,61.75,53340,3305321.6,20260731,61.85999999999999,61.915,61.804999999999986,61.915,61.804999999999986,0.11000000000001364,0.17813765182188446,Narrow,Bearish,Below CPR,Cash Only,Unclassified,False,True,0.14,50,5288601.285,Higher,True,No setup
CSLFINANCE,EQ,CSL FINANCE LIMITED,215.0,215.07,212.0,212.96,9386,2005518.4,20260731,213.34333333333333,213.535,213.15166666666667,213.535,213.15166666666667,0.38333333333332575,0.1800025043826661,Narrow,Bearish,Below CPR,Cash Only,Unclassified,False,True,0.28,50,4096052.86,Higher,False,No setup
UNITEDTEA,EQ,UNITED NILGIRI TEA LTD,475.9,483.4,475.9,480.95,207,99095.7,20260731,480.0833333333333,479.65,480.51666666666665,480.51666666666665,479.65,0.8666666666666742,0.18019891187580295,Narrow,Bullish,Above CPR,Cash Only,Unclassified,True,False,0.26,50,701920.85,Higher,False,No setup
ZEEL,EQ,ZEE ENTERTAINMENT ENT LTD,113.1,117.32,112.4,114.55,61736966,7116542107.77,20260731,114.75666666666666,114.86,114.65333333333332,114.86,114.65333333333332,0.20666666666667766,0.18041612105340693,Narrow,Bearish,Below CPR,Cash Only,Media Entertainment & Publication,False,True,0.16,50,2784928141.955,Higher,True,No setup
RAIN,EQ,RAIN INDUSTRIES LIMITED,222.6,226.7,220.41,222.95,3071524,687512368.66,20260731,223.35333333333332,223.555,223.15166666666664,223.555,223.15166666666664,0.4033333333333644,0.1809075278463173,Narrow,Bearish,Below CPR,Cash Only,Unclassified,False,True,0.12,50,922805168.9449999,Higher,True,No setup
HILINFRA,EQ,HIGHWAY INFRASTRUCTURE L,45.92,46.59,45.46,45.9,40506,1858058.55,20260731,45.98333333333334,46.025000000000006,45.94166666666668,46.025000000000006,45.94166666666668,0.0833333333333286,0.18155410312272027,Narrow,Bearish,Below CPR,Cash Only,Unclassified,False,True,0.4,5,2137732.2,Lower,False,No setup
AXISBANK,EQ,AXIS BANK LIMITED,1226.2,1239.7,1226.0,1229.5,7487936,9208148076.3,20260731,1231.7333333333333,1232.85,1230.6166666666668,1232.85,1230.6166666666668,2.233333333333121,0.1816456554154633,Narrow,Bearish,Below CPR,Cash Only,Financial Services,False,True,0.3,50,8788684671.45,Higher,False,No setup
BORORENEW,EQ,BOROSIL RENEWABLES LTD,561.85,562.95,551.5,555.7,735227,409437417.0,20260731,556.7166666666667,557.225,556.2083333333334,557.225,556.2083333333334,1.0166666666666515,0.18295243236758169,Narrow,Bearish,Below CPR,Cash Only,Unclassified,False,True,0.14,50,320274580.025,Lower,True,Short
ZODIACLOTH,EQ,ZODIAC CLOTHING CO. LTD.,76.3,77.67,75.53,76.39,1722,132250.58,20260731,76.52999999999999,76.6,76.45999999999998,76.6,76.45999999999998,0.14000000000001478,0.18327006152639716,Narrow,Bearish,Below CPR,Cash Only,Unclassified,False,True,0.24,50,307497.795,Lower,True,Short
PRAKASH,EQ,PRAKASH INDUSTRIES LTD,123.55,124.75,122.73,123.4,131127,16240314.48,20260731,123.62666666666667,123.74000000000001,123.51333333333332,123.74000000000001,123.51333333333332,0.2266666666666879,0.1836844948676563,Narrow,Bearish,Below CPR,Cash Only,Unclassified,False,True,0.2,50,44585883.28,Lower,True,Short
RALLIS,EQ,RALLIS INDIA LTD,217.4,217.78,215.3,217.14,438282,95054732.7,20260731,216.74,216.54000000000002,216.94,216.94,216.54000000000002,0.39999999999997726,0.18421295017038652,Narrow,Bullish,Above CPR,Cash Only,Unclassified,True,False,0.3,50,122211420.97,Lower,False,No setup
TVSSRICHAK,EQ,TVS SRICHAKRA LIMITED,3939.0,3968.9,3915.1,3931.1,1606,6327805.3,20260731,3938.366666666667,3942.0,3934.7333333333336,3942.0,3934.7333333333336,7.266666666666424,0.18485072032424574,Narrow,Bearish,Below CPR,Cash Only,Unclassified,False,True,0.18,50,13356671.7,Higher,True,No setup
SAREGAMA,EQ,SAREGAMA INDIA LIMITED,522.8,531.3,517.3,522.85,257411,134932768.6,20260731,523.8166666666666,524.3,523.3333333333333,524.3,523.3333333333333,0.966666666666697,0.1848841286538581,Narrow,Bearish,Below CPR,Cash Only,Media Entertainment & Publication,False,True,0.12,50,336704902.375,Overlapping,True,No setup
HOMEFIRST,EQ,HOME FIRST FIN CO IND LTD,1189.5,1214.0,1170.6,1189.0,290248,343294600.4,20260731,1191.2,1192.3,1190.1000000000001,1192.3,1190.1000000000001,2.199999999999818,0.18502943650124626,Narrow,Bearish,Below CPR,Cash Only,Financial Services,False,True,0.32,50,202272418.1,Higher,False,No setup
TREJHARA,EQ,TREJHARA SOLUTIONS LTD,137.92,137.97,132.3,134.76,16714,2261168.81,20260731,135.01,135.135,134.885,135.135,134.885,0.25,0.18551498961116059,Narrow,Bearish,Below CPR,Cash Only,Unclassified,False,True,0.12,50,1849811.115,Lower,True,Short
HAPPSTMNDS,EQ,HAPPIEST MINDS TECHNO LTD,380.4,380.4,371.9,377.2,649082,243471439.45,20260731,376.5,376.15,376.85,376.85,376.15,0.7000000000000455,0.18557794273596115,Narrow,Bullish,Above CPR,Cash Only,Unclassified,True,False,0.16,50,234615457.65,Lower,True,No setup
WAAREERTL,EQ,WAAREE RENEWABLE TECH LTD,917.8,921.5,910.0,913.2,159640,146266122.8,20260731,914.9,915.75,914.05,915.75,914.05,1.7000000000000455,0.18615856329391647,Narrow,Bearish,Below CPR,Cash Only,Unclassified,False,True,0.22,50,186176659.8,Higher,True,No setup
ORIENTELEC,EQ,ORIENT ELECTRIC LIMITED,174.95,178.0,172.52,174.77,391106,68634806.55,20260731,175.09666666666666,175.26,174.93333333333334,175.26,174.93333333333334,0.3266666666666538,0.18691232286242135,Narrow,Bearish,Below CPR,Cash Only,Unclassified,False,True,0.24,50,27836583.049999997,Higher,True,No setup
ELECON,EQ,ELECON ENG. CO. LTD,421.0,424.8,415.65,419.05,292053,122788110.6,20260731,419.8333333333333,420.225,419.4416666666666,420.225,419.4416666666666,0.7833333333334167,0.18693075607526946,Narrow,Bearish,Below CPR,Cash Only,Capital Goods,False,True,0.16,50,233076222.7,Inside,True,No setup
SRD,EQ,SHANKAR LAL RAMPAL LTD,37.95,37.97,37.12,37.44,9713,363215.23,20260731,37.51,37.545,37.474999999999994,37.545,37.474999999999994,0.07000000000000739,0.1869658119658317,Narrow,Bearish,Below CPR,Cash Only,Unclassified,False,True,0.2,50,857109.76,Overlapping,True,No setup
PAISALO,EQ,PAISALO DIGITAL LIMITED,71.46,71.65,70.35,71.2,4433093,315241272.68,20260731,71.06666666666666,71.0,71.13333333333333,71.13333333333333,71.0,0.13333333333332575,0.1872659176029856,Narrow,Bullish,Above CPR,Cash Only,Unclassified,True,False,0.2,50,805088462.7750001,Higher,True,Long
HLVLTD,EQ,HLV LIMITED,7.2,7.28,7.0,7.12,161206,1153864.17,20260731,7.133333333333334,7.140000000000001,7.126666666666667,7.140000000000001,7.126666666666667,0.013333333333333641,0.18726591760300057,Narrow,Bearish,Below CPR,Cash Only,Unclassified,False,True,0.18,50,1198885.835,Higher,True,No setup
TMB,EQ,TAMILNAD MERCA BANK LTD,855.95,870.0,838.2,851.7,477854,407915722.25,20260731,853.3000000000001,854.1,852.5000000000001,854.1,852.5000000000001,1.599999999999909,0.18785957496770095,Narrow,Bearish,Below CPR,Cash Only,Unclassified,False,True,0.2,50,167422012.625,Lower,True,Short
IOC,EQ,INDIAN OIL CORP LTD,140.2,140.69,138.86,140.17,9626379,1347742016.78,20260731,139.90666666666667,139.775,140.03833333333333,140.03833333333333,139.775,0.2633333333333212,0.18786711374282744,Narrow,Bullish,Above CPR,Cash Only,Oil Gas & Consumable Fuels,True,False,0.28,50,1662130848.935,Overlapping,False,No setup
GILLETTE,EQ,GILLETTE INDIA LTD,7724.0,7745.0,7546.0,7624.0,58810,447033175.0,20260731,7638.333333333333,7645.5,7631.166666666666,7645.5,7631.166666666666,14.33333333333394,0.18800279818119017,Narrow,Bearish,Below CPR,Cash Only,Fast Moving Consumer Goods,False,True,0.28,50,146141488.5,Lower,False,No setup
TENNIND,EQ,TENNECO CLEAN AIR INDIA L,539.8,543.95,535.0,537.95,615025,331460543.3,20260731,538.9666666666667,539.475,538.4583333333334,539.475,538.4583333333334,1.0166666666666515,0.18898906341976976,Narrow,Bearish,Below CPR,Cash Only,Automobile and Auto Components,False,True,0.22,50,301679260.875,Outside,True,No setup
HINDWAREAP,EQ,HINDWARE HME INOVATON LTD,219.4,222.65,217.0,220.45,46836,10316206.7,20260731,220.0333333333333,219.825,220.24166666666662,220.24166666666662,219.825,0.41666666666662877,0.18900733348452203,Narrow,Bullish,Above CPR,Cash Only,Unclassified,True,False,0.22,50,21450160.175,Higher,True,Long
AZAD,EQ,AZAD ENGINEERING LIMITED,2271.2,2330.0,2268.0,2292.5,287974,662939907.6,20260731,2296.8333333333335,2299.0,2294.666666666667,2299.0,2294.666666666667,4.33333333333303,0.18902217375498495,Narrow,Bearish,Below CPR,Cash Only,Unclassified,False,True,0.12,50,962856989.6,Inside,True,No setup
TOLINS,EQ,TOLINS TYRES LIMITED,102.01,103.0,102.0,102.21,21340,2181512.45,20260731,102.40333333333332,102.5,102.30666666666664,102.5,102.30666666666664,0.19333333333335645,0.1891530509082834,Narrow,Bearish,Below CPR,Cash Only,Unclassified,False,True,0.32,50,5708095.405,Higher,False,No setup
SUPREMEIND,EQ,SUPREME INDUSTRIES LTD,3475.0,3481.1,3430.0,3465.4,137594,475693662.0,20260731,3458.8333333333335,3455.55,3462.116666666667,3462.116666666667,3455.55,6.566666666666606,0.18949231449952691,Narrow,Bullish,Above CPR,Cash Only,Capital Goods,True,False,0.22,50,594059789.15,Lower,True,No setup
BHARATWIRE,EQ,BHARAT WIRE ROPES LTD.,196.98,200.0,195.1,196.99,92829,18318953.58,20260731,197.36333333333334,197.55,197.17666666666668,197.55,197.17666666666668,0.37333333333333485,0.18951892651065275,Narrow,Bearish,Below CPR,Cash Only,Unclassified,False,True,0.16,50,32565747.8,Overlapping,True,No setup
JUBLFOOD,EQ,JUBILANT FOODWORKS LTD,441.0,441.0,433.0,438.25,2001357,873894220.15,20260731,437.4166666666667,437.0,437.83333333333337,437.83333333333337,437.0,0.8333333333333712,0.19015021867276014,Narrow,Bullish,Above CPR,Cash Only,Consumer Services,True,False,0.2,50,841818960.9749999,Lower,True,No setup
WELENT,EQ,WELSPUN ENTERPRISES LTD.,597.6,598.0,590.0,592.3,75317,44688066.55,20260731,593.4333333333333,594.0,592.8666666666666,594.0,592.8666666666666,1.1333333333334394,0.19134447633520843,Narrow,Bearish,Below CPR,Cash Only,Unclassified,False,True,0.28,50,111132934.55,Higher,False,No setup
SUPRAJIT,EQ,SUPRAJIT ENGINEERING LTD,504.0,509.8,496.5,504.6,106118,53687164.15,20260731,503.6333333333334,503.15,504.1166666666668,504.1166666666668,503.15,0.9666666666668107,0.19157088122608218,Narrow,Bullish,Above CPR,Cash Only,Unclassified,True,False,0.12,50,54861415.45,Higher,True,Long
BANKBARODA,EQ,BANK OF BARODA,243.0,244.5,242.1,242.6,7775343,1889702856.55,20260731,243.0666666666667,243.3,242.83333333333337,243.3,242.83333333333337,0.46666666666664014,0.19236053860949717,Narrow,Bearish,Below CPR,Cash Only,Financial Services,False,True,0.2,50,3082564295.65,Higher,True,No setup
DYNPRO,EQ,DYNEMIC PRODUCTS LIMITED,252.96,271.76,252.96,263.12,28928,7618671.01,20260731,262.61333333333334,262.36,262.8666666666667,262.8666666666667,262.36,0.5066666666666606,0.19256106212627722,Narrow,Bullish,Above CPR,Cash Only,Unclassified,True,False,0.24,50,2240188.44,Higher,True,Long
LTF,EQ,L&T FINANCE LIMITED,307.45,314.05,306.65,311.25,5329552,1661863133.0,20260731,310.65000000000003,310.35,310.95000000000005,310.95000000000005,310.35,0.6000000000000227,0.1927710843373567,Narrow,Bullish,Above CPR,Cash Only,Financial Services,True,False,0.28,50,1579125592.575,Higher,False,No setup
STANLEY,EQ,STANLEY LIFESTYLES LTD,156.0,159.1,154.05,157.03,102964,16151134.09,20260731,156.72666666666666,156.575,156.87833333333333,156.87833333333333,156.575,0.30333333333334167,0.19316903351801673,Narrow,Bullish,Above CPR,Cash Only,Unclassified,True,False,0.26,50,25824791.53,Higher,False,No setup
SOTL,EQ,SAVITA OIL TECHNOLO. LTD,592.15,610.0,590.0,601.75,138307,83467444.5,20260731,600.5833333333334,600.0,601.1666666666667,601.1666666666667,600.0,1.1666666666667425,0.19387896413240424,Narrow,Bullish,Above CPR,Cash Only,Unclassified,True,False,0.18,50,127394125.925,Higher,True,Long
NEULANDLAB,EQ,NEULAND LAB LTD.,19176.0,19389.0,18808.0,19043.0,53991,1029899235.0,20260731,19080.0,19098.5,19061.5,19098.5,19061.5,37.0,0.19429711705088482,Narrow,Bearish,Below CPR,Cash Only,Healthcare,False,True,0.26,50,607417609.5,Lower,False,No setup
SHANTIGOLD,EQ,SHANTI GOLD INTERNATION L,216.7,218.9,214.65,217.41,478866,103713722.65,20260731,216.98666666666668,216.775,217.19833333333335,217.19833333333335,216.775,0.4233333333333462,0.19471658770679648,Narrow,Bullish,Above CPR,Cash Only,Unclassified,True,False,0.14,50,218343653.22500002,Lower,True,No setup
WORTHPERI,EQ,WORTH PERIPHERALS LIMITED,145.99,147.4,145.0,145.77,11074,1615615.06,20260731,146.05666666666664,146.2,145.9133333333333,146.2,145.9133333333333,0.28666666666669016,0.19665683382499152,Narrow,Bearish,Below CPR,Cash Only,Unclassified,False,True,0.16,50,889867.52,Higher,True,No setup
SARVESHWAR,EQ,SARVESHWAR FOODS LIMITED,3.35,3.41,3.33,3.38,1002902,3389549.57,20260731,3.3733333333333335,3.37,3.376666666666667,3.376666666666667,3.37,0.006666666666666821,0.19723865877712488,Narrow,Bullish,Above CPR,Cash Only,Unclassified,True,False,0.4,5,3389549.57,Higher,False,No setup
RPSGVENT,EQ,RPSG VENTURES LIMITED,928.0,939.95,925.0,935.25,12102,11292672.25,20260731,933.4,932.475,934.3249999999999,934.3249999999999,932.475,1.849999999999909,0.1978080727078224,Narrow,Bullish,Above CPR,Cash Only,Unclassified,True,False,0.28,50,17261958.35,Inside,False,No setup
EXCELSOFT,EQ,EXCELSOFT TECHNOLOGIES L,77.0,77.9,76.46,77.41,155652,12042357.08,20260731,77.25666666666667,77.18,77.33333333333334,77.33333333333334,77.18,0.15333333333333599,0.1980794901606201,Narrow,Bullish,Above CPR,Cash Only,Unclassified,True,False,0.16,50,39822388.935,Overlapping,True,No setup
TCS,EQ,TATA CONSULTANCY SERV LT,2385.0,2391.0,2326.1,2365.6,4343683,10269562982.9,20260731,2360.9,2358.55,2363.25,2363.25,2358.55,4.699999999999818,0.19868109570509881,Narrow,Bullish,Above CPR,Cash Only,Information Technology,True,False,0.26,50,9550136087.9,Lower,False,No setup
SARLAPOLY,EQ,SARLA PERF. FIBERS LTD,98.1,99.4,97.75,98.87,15600,1537545.58,20260731,98.67333333333333,98.575,98.77166666666666,98.77166666666666,98.575,0.19666666666665833,0.19891439937964836,Narrow,Bullish,Above CPR,Cash Only,Unclassified,True,False,0.22,50,7264172.875,Higher,True,Long
APOLLOHOSP,EQ,APOLLO HOSPITALS ENTER. L,9025.0,9036.5,8931.0,8957.0,268253,2405399187.5,20260731,8974.833333333334,8983.75,8965.916666666668,8983.75,8965.916666666668,17.83333333333212,0.19909940084104188,Narrow,Bearish,Below CPR,Cash Only,Healthcare,False,True,0.56,50,2491925372.25,Overlapping,False,No setup
TERASOFT,EQ,TERA SOFTWARE LIMITED,375.0,385.95,365.0,376.6,5668,2133492.15,20260731,375.8500000000001,375.475,376.22500000000014,376.22500000000014,375.475,0.7500000000001137,0.19915029208712526,Narrow,Bullish,Above CPR,Cash Only,Unclassified,True,False,0.16,50,5855537.025,Lower,True,No setup
ANANDRATHI,EQ,ANAND RATHI WEALTH LTD,2046.0,2089.0,2046.0,2073.7,153712,318281911.3,20260731,2069.5666666666666,2067.5,2071.633333333333,2071.633333333333,2067.5,4.133333333333212,0.19932166337142365,Narrow,Bullish,Above CPR,Cash Only,Financial Services,True,False,0.34,50,628972488.2,Higher,False,No setup
WALCHANNAG,EQ,WALCHANDNAGAR INDUSTRIES,232.4,235.8,229.6,232.0,677820,157921262.3,20260731,232.46666666666667,232.7,232.23333333333335,232.7,232.23333333333335,0.46666666666664014,0.20114942528734486,Narrow,Bearish,Below CPR,Cash Only,Unclassified,False,True,0.12,50,434899859.89,Higher,True,No setup
BELRISE,EQ,BELRISE INDUSTRIES LTD,233.5,243.1,231.79,236.73,9507182,2273646477.96,20260731,237.20666666666668,237.445,236.96833333333336,237.445,236.96833333333336,0.47666666666663104,0.20135456708766575,Narrow,Bearish,Below CPR,Cash Only,Automobile and Auto Components,False,True,0.32,50,851387164.37,Higher,False,No setup
ANURAS,EQ,ANUPAM RASAYAN INDIA LTD,1214.0,1217.9,1205.0,1207.8,143529,173432099.4,20260731,1210.2333333333333,1211.45,1209.0166666666667,1211.45,1209.0166666666667,2.433333333333394,0.20146823425512456,Narrow,Bearish,Below CPR,Cash Only,Chemicals,False,True,0.46,50,301398932.25,Outside,False,No setup
EASEMYTRIP,EQ,EASY TRIP PLANNERS LTD,6.62,6.64,6.54,6.61,7712401,50897094.79,20260731,6.596666666666667,6.59,6.6033333333333335,6.6033333333333335,6.59,0.013333333333333641,0.20171457387796735,Narrow,Bullish,Above CPR,Cash Only,Unclassified,True,False,0.34,50,145650672.385,Inside,False,No setup
TSFINV,EQ,TSF INVESTMENTS LIMITED,445.6,463.6,444.15,452.5,65432,29749659.4,20260731,453.4166666666667,453.875,452.95833333333337,453.875,452.95833333333337,0.9166666666666288,0.20257826887660307,Narrow,Bearish,Below CPR,Cash Only,Unclassified,False,True,0.28,50,41955696.2,Higher,False,No setup
TOTAL,EQ,TOTAL TRANSPORT SYS LTD,49.0,50.0,48.26,49.28,4502,222715.93,20260731,49.18,49.129999999999995,49.230000000000004,49.230000000000004,49.129999999999995,0.10000000000000853,0.2029220779220952,Narrow,Bullish,Above CPR,Cash Only,Unclassified,True,False,0.14,50,210449.45,Higher,True,Long
EXICOM,EQ,EXICOM TELE SYSTEMS LTD,158.3,161.5,156.21,158.37,948936,150700285.27,20260731,158.69333333333336,158.85500000000002,158.5316666666667,158.85500000000002,158.5316666666667,0.3233333333333235,0.20416324640608918,Narrow,Bearish,Below CPR,Cash Only,Unclassified,False,True,0.1,50,544594612.5,Higher,True,No setup
TEGA,EQ,TEGA INDUSTRIES LIMITED,1485.0,1505.1,1475.0,1485.5,106121,157779193.6,20260731,1488.5333333333335,1490.05,1487.016666666667,1490.05,1487.016666666667,3.0333333333328483,0.20419611802981139,Narrow,Bearish,Below CPR,Cash Only,Capital Goods,False,True,0.2,50,85327655.05,Inside,True,No setup
WIPL,EQ,THE WESTERN INDIA PLY LTD,164.0,173.4,164.0,169.22,4265,721479.92,20260731,168.87333333333333,168.7,169.04666666666668,169.04666666666668,168.7,0.34666666666669244,0.20486152149077674,Narrow,Bullish,Above CPR,Cash Only,Unclassified,True,False,0.22,50,361444.36,Overlapping,True,No setup
MMP,EQ,MMP INDUSTRIES LIMITED,282.0,304.8,282.0,292.5,154859,45667005.8,20260731,293.09999999999997,293.4,292.79999999999995,293.4,292.79999999999995,0.6000000000000227,0.2051282051282129,Narrow,Bearish,Below CPR,Cash Only,Unclassified,False,True,0.16,50,7900829.9,Higher,True,No setup
KRYSTAL,EQ,KRYSTAL INTEGRATED SER L,600.2,603.8,600.0,600.05,15988,9602253.75,20260731,601.2833333333333,601.9,600.6666666666666,601.9,600.6666666666666,1.2333333333333485,0.20553842735327865,Narrow,Bearish,Below CPR,Cash Only,Unclassified,False,True,0.34,50,6121470.275,Overlapping,False,No setup
GMRAIRPORT,EQ,GMR AIRPORTS LIMITED,104.0,106.01,103.86,105.26,13437582,1414786054.04,20260731,105.04333333333334,104.935,105.15166666666667,105.15166666666667,104.935,0.21666666666666856,0.20583950851859067,Narrow,Bullish,Above CPR,Cash Only,Services,True,False,0.28,50,1952434344.715,Inside,False,No setup
RHIM,EQ,RHI MAGNESITA INDIA LTD,393.4,393.4,386.1,388.55,226665,88092326.95,20260731,389.34999999999997,389.75,388.94999999999993,389.75,388.94999999999993,0.8000000000000682,0.20589370737358592,Narrow,Bearish,Below CPR,Cash Only,Capital Goods,False,True,0.2,50,167220945.075,Overlapping,True,No setup
LAXMIDENTL,EQ,LAXMI DENTAL LIMITED,212.0,213.61,210.45,212.69,48529,10305830.54,20260731,212.25,212.03,212.47,212.47,212.03,0.4399999999999977,0.20687385396586472,Narrow,Bullish,Above CPR,Cash Only,Unclassified,True,False,0.24,50,21613120.05,Lower,True,No setup
SECMARK,EQ,SECMARK CONSULTANCY LTD,127.8,127.8,126.99,127.0,5,636.17,20260731,127.26333333333332,127.395,127.13166666666665,127.395,127.13166666666665,0.26333333333334963,0.20734908136484223,Narrow,Bearish,Below CPR,Cash Only,Unclassified,False,True,0.061224489795918366,49,128890.2,Higher,True,No setup
SIYSIL,EQ,SIYARAM SILK MILLS LTD,598.5,609.85,591.0,602.3,52033,31262509.2,20260731,601.05,600.425,601.675,601.675,600.425,1.25,0.20753777187448116,Narrow,Bullish,Above CPR,Cash Only,Unclassified,True,False,0.16,50,34113468.650000006,Lower,True,No setup
BALUFORGE,EQ,BALU FORGE INDUSTRIES LTD,437.0,446.5,431.45,440.35,303452,133891882.35,20260731,439.4333333333334,438.975,439.89166666666677,439.89166666666677,438.975,0.9166666666667425,0.20816774535409163,Narrow,Bullish,Above CPR,Cash Only,Unclassified,True,False,0.2,50,200004009.625,Higher,True,Long
STEELCITY,EQ,STEEL CITY SECURITIES LTD,75.0,75.8,74.23,75.25,3397,255927.61,20260731,75.09333333333333,75.015,75.17166666666667,75.17166666666667,75.015,0.1566666666666663,0.20819490586932396,Narrow,Bullish,Above CPR,Cash Only,Unclassified,True,False,0.22,50,308876.15,Lower,True,No setup
NDGL,EQ,NAGA DHUNSERI GROUP LTD,2800.0,2800.0,2750.0,2783.7,42,116749.0,20260731,2777.9,2775.0,2780.8,2780.8,2775.0,5.800000000000182,0.20835578546539432,Narrow,Bullish,Above CPR,Cash Only,Unclassified,True,False,0.16,50,258298.8,Lower,True,No setup
HEMIPROP,EQ,HEMISPHERE PROP IND LTD,135.01,135.48,134.0,134.32,117628,15836858.23,20260731,134.6,134.74,134.45999999999998,134.74,134.45999999999998,0.28000000000002956,0.20845741512807445,Narrow,Bearish,Below CPR,Cash Only,Unclassified,False,True,0.2,50,49545724.76,Overlapping,True,No setup
MODTHREAD,EQ,MODERN THREADS INDIA LTD,48.21,48.21,47.85,47.88,168,8055.41,20260731,47.98,48.03,47.92999999999999,48.03,47.92999999999999,0.10000000000000853,0.20885547201338456,Narrow,Bearish,Below CPR,Cash Only,Unclassified,False,True,0.12244897959183673,49,31850.02,Outside,True,No setup
SULA,EQ,SULA VINEYARDS LIMITED,167.0,174.2,166.15,170.71,882536,151243071.69,20260731,170.35333333333335,170.175,170.5316666666667,170.5316666666667,170.175,0.35666666666668334,0.20893132603050985,Narrow,Bullish,Above CPR,Cash Only,Unclassified,True,False,0.56,50,32761185.085,Higher,False,No setup
APLLTD,EQ,ALEMBIC PHARMA LTD,802.75,805.85,793.25,797.05,50542,40376458.0,20260731,798.7166666666666,799.55,797.8833333333332,799.55,797.8833333333332,1.6666666666667425,0.20910440582984036,Narrow,Bearish,Below CPR,Cash Only,Unclassified,False,True,0.34,50,69027202.825,Lower,False,No setup
PHOENIXLTD,EQ,THE PHOENIX MILLS LTD,1889.1,1917.4,1881.1,1893.3,735057,1396263545.9,20260731,1897.2666666666667,1899.25,1895.2833333333333,1899.25,1895.2833333333333,3.966666666666697,0.20951073082272736,Narrow,Bearish,Below CPR,Cash Only,Realty,False,True,0.34,50,1191979973.1,Higher,False,No setup
MAHABANK,EQ,BANK OF MAHARASHTRA,79.8,80.2,78.96,79.33,7563638,600387224.24,20260731,79.49666666666667,79.58,79.41333333333334,79.58,79.41333333333334,0.1666666666666572,0.21009286104456976,Narrow,Bearish,Below CPR,Cash Only,Financial Services,False,True,0.24,50,1078061577.7649999,Overlapping,True,No setup
TPLPLASTEH,EQ,TPL PLASTECH LIMITED,79.88,80.5,78.62,79.31,102134,8107856.69,20260731,79.47666666666667,79.56,79.39333333333335,79.56,79.39333333333335,0.1666666666666572,0.21014584121379043,Narrow,Bearish,Below CPR,Cash Only,Unclassified,False,True,0.14,50,8223652.465,Higher,True,No setup
INNOVISION,EQ,INNOVISION LIMITED,284.1,287.0,282.2,285.5,14585,4160899.95,20260731,284.90000000000003,284.6,285.20000000000005,285.20000000000005,284.6,0.6000000000000227,0.2101576182136682,Narrow,Bullish,Above CPR,Cash Only,Unclassified,True,False,0.2,50,6825077.199999999,Higher,True,Long
PRIMESECU,EQ,PRIME SECURITIES LIMITED,274.85,278.0,274.05,276.9,6607,1829048.1,20260731,276.31666666666666,276.025,276.60833333333335,276.60833333333335,276.025,0.5833333333333712,0.21066570362346382,Narrow,Bullish,Above CPR,Cash Only,Unclassified,True,False,0.22,50,6392235.3,Overlapping,True,No setup
BANARBEADS,EQ,BANARAS BEADS LTD,118.94,118.95,112.36,115.29,3714,430522.61,20260731,115.53333333333335,115.655,115.41166666666669,115.655,115.41166666666669,0.24333333333331097,0.21106195969582006,Narrow,Bearish,Below CPR,Cash Only,Unclassified,False,True,0.16,50,254627.86000000002,Lower,True,Short
ASHAPURMIN,EQ,ASHAPURA MINECHEM LTD,710.0,715.05,694.5,702.55,522625,368255564.1,20260731,704.0333333333333,704.775,703.2916666666666,704.775,703.2916666666666,1.4833333333333485,0.2111356249851752,Narrow,Bearish,Below CPR,Cash Only,Unclassified,False,True,0.18,50,279546991.725,Lower,True,Short
SIGNATURE,EQ,SIGNATUREGLOBAL INDIA LTD,814.3,824.5,811.2,820.45,180248,147007750.3,20260731,818.7166666666667,817.85,819.5833333333334,819.5833333333334,817.85,1.7333333333333485,0.2112661750665304,Narrow,Bullish,Above CPR,Cash Only,Realty,True,False,0.3,50,207830730.675,Higher,False,No setup
LIKHITHA,EQ,LIKHITHA INFRASTRUC LTD,225.0,225.0,215.2,220.8,23987,5301182.9,20260731,220.33333333333334,220.1,220.5666666666667,220.5666666666667,220.1,0.466666666666697,0.21135265700484465,Narrow,Bullish,Above CPR,Cash Only,Unclassified,True,False,0.3333333333333333,15,7436667.7,Overlapping,False,No setup
CROMPTON,EQ,CROMPT GREA CON ELEC LTD,260.45,263.9,258.15,260.2,2921974,760102625.6,20260731,260.75,261.025,260.475,261.025,260.475,0.5499999999999545,0.2113758647194291,Narrow,Bearish,Below CPR,Cash Only,Consumer Durables,False,True,0.34,50,662057164.5999999,Overlapping,False,No setup
KRSNAA,EQ,KRSNAA DIAGNOSTICS LTD,529.0,530.75,520.8,527.45,32621,17148823.9,20260731,526.3333333333334,525.775,526.8916666666668,526.8916666666668,525.775,1.116666666666788,0.21171043068855586,Narrow,Bullish,Above CPR,Cash Only,Unclassified,True,False,0.28,50,26613111.875,Inside,False,No setup
QUADFUTURE,EQ,QUADRANT FUTURE TEK LTD,344.95,352.65,341.45,345.95,219381,76004608.15,20260731,346.68333333333334,347.04999999999995,346.3166666666667,347.04999999999995,346.3166666666667,0.7333333333332348,0.21197668256488938,Narrow,Bearish,Below CPR,Cash Only,Unclassified,False,True,0.12,50,146249660.9,Inside,True,No setup
KSB,EQ,KSB LIMITED,858.0,865.7,840.65,855.9,135871,116120092.95,20260731,854.0833333333334,853.175,854.9916666666668,854.9916666666668,853.175,1.8166666666668334,0.21225221014918022,Narrow,Bullish,Above CPR,Cash Only,Unclassified,True,False,0.34,50,106315550.55000001,Higher,False,No setup
POLYPLEX,EQ,POLYPLEX CORPORATION LTD,1116.6,1116.6,1101.05,1105.3,19060,21108235.7,20260731,1107.6499999999999,1108.8249999999998,1106.475,1108.8249999999998,1106.475,2.349999999999909,0.21261196055368758,Narrow,Bearish,Below CPR,Cash Only,Unclassified,False,True,0.22,50,71048854.05,Overlapping,True,No setup
OMINFRAL,EQ,OM INFRA LIMITED,89.46,90.7,87.41,89.34,129903,11626233.65,20260731,89.15000000000002,89.055,89.24500000000003,89.24500000000003,89.055,0.19000000000002615,0.2126706962167295,Narrow,Bullish,Above CPR,Cash Only,Unclassified,True,False,0.34,50,6761495.205,Higher,False,No setup
SMSPHARMA,EQ,SMS PHARMACEUTICALS LTD.,377.95,384.8,365.4,373.9,239593,90036973.25,20260731,374.7,375.1,374.29999999999995,375.1,374.29999999999995,0.8000000000000682,0.2139609521262552,Narrow,Bearish,Below CPR,Cash Only,Unclassified,False,True,0.3,50,64683963.375,Lower,False,No setup
BONLON,EQ,BONLON INDUSTRIES LIMITED,39.42,41.0,39.42,40.34,1172,46793.89,20260731,40.25333333333334,40.21,40.296666666666674,40.296666666666674,40.21,0.08666666666667311,0.21484052222774688,Narrow,Bullish,Above CPR,Cash Only,Unclassified,True,False,0.14,50,297999.205,Higher,True,Long
WEALTH,EQ,WEALTH FRST PORT. MG. LTD,925.35,941.9,924.0,929.95,818,760942.05,20260731,931.9500000000002,932.95,930.9500000000003,932.95,930.9500000000003,1.9999999999997726,0.21506532609277623,Narrow,Bearish,Below CPR,Cash Only,Unclassified,False,True,0.26,50,2163749.0,Higher,False,No setup
NBIFIN,EQ,N.B.I. IND. FIN. CO. LTD,2225.4,2230.0,2185.0,2200.4,260,572745.5,20260731,2205.133333333333,2207.5,2202.7666666666664,2207.5,2202.7666666666664,4.733333333333576,0.21511240380537974,Narrow,Bearish,Below CPR,Cash Only,Unclassified,False,True,0.26,50,619194.45,Lower,False,No setup
ATL,EQ,ALLCARGO TERMINALS LTD,23.39,23.63,23.0,23.24,71709,1667916.43,20260731,23.289999999999996,23.314999999999998,23.264999999999993,23.314999999999998,23.264999999999993,0.05000000000000426,0.21514629948366726,Narrow,Bearish,Below CPR,Cash Only,Unclassified,False,True,0.22,50,2377373.425,Higher,True,No setup
LAOPALA,EQ,LA OPALA RG LIMITED,184.89,185.99,183.9,184.35,40252,7433390.37,20260731,184.74666666666667,184.945,184.54833333333335,184.945,184.54833333333335,0.39666666666664696,0.21517041858782043,Narrow,Bearish,Below CPR,Cash Only,Unclassified,False,True,0.34,50,14116377.11,Lower,False,No setup
CONTROLPR,EQ,CONTROL PRINT LIMITED,576.0,576.0,565.3,572.5,16141,9239912.7,20260731,571.2666666666667,570.65,571.8833333333333,571.8833333333333,570.65,1.2333333333333485,0.21542940320233162,Narrow,Bullish,Above CPR,Cash Only,Unclassified,True,False,0.32,50,12899139.274999999,Lower,False,No setup
ACCELYA,EQ,ACCELYA SOLN INDIA LTD,1143.0,1160.0,1132.6,1142.6,6364,7276454.8,20260731,1145.0666666666666,1146.3,1143.8333333333333,1146.3,1143.8333333333333,2.466666666666697,0.21588190676235752,Narrow,Bearish,Below CPR,Cash Only,Unclassified,False,True,0.34,50,7872353.8,Overlapping,False,No setup
PNB,EQ,PUNJAB NATIONAL BANK,112.0,113.0,111.69,112.71,11559072,1300404321.93,20260731,112.46666666666665,112.345,112.58833333333331,112.58833333333331,112.345,0.24333333333331097,0.21589329547805075,Narrow,Bullish,Above CPR,Cash Only,Financial Services,True,False,0.4,50,1665286638.19,Higher,False,No setup
TATASTEEL,EQ,TATA STEEL LIMITED,188.25,191.84,186.31,189.69,34249584,6482276023.29,20260731,189.27999999999997,189.075,189.48499999999996,189.48499999999996,189.075,0.40999999999996817,0.21614212662763888,Narrow,Bullish,Above CPR,Cash Only,Metals & Mining,True,False,0.54,50,4755000377.305,Higher,False,No setup
AMBER,EQ,AMBER ENTERPRISES (I) LTD,7400.0,7534.5,7395.0,7440.5,161195,1203782915.5,20260731,7456.666666666667,7464.75,7448.583333333334,7464.75,7448.583333333334,16.16666666666606,0.2172793047062168,Narrow,Bearish,Below CPR,Cash Only,Consumer Durables,False,True,0.24,50,2315283372.0,Overlapping,True,No setup
RANEHOLDIN,EQ,RANE HOLDINGS LIMITED,1758.9,1774.0,1734.4,1748.5,12955,22732144.7,20260731,1752.3,1754.2,1750.3999999999999,1754.2,1750.3999999999999,3.800000000000182,0.21732913926223515,Narrow,Bearish,Below CPR,Cash Only,Unclassified,False,True,0.14,50,19680632.3,Higher,True,No setup
TEXMOPIPES,EQ,TEXMO PIPE & PRODUCTS LTD,42.5,43.28,42.2,42.88,18906,810456.57,20260731,42.78666666666667,42.74,42.833333333333336,42.833333333333336,42.74,0.09333333333333371,0.21766169154228943,Narrow,Bullish,Above CPR,Cash Only,Unclassified,True,False,0.26,50,1120997.85,Inside,False,No setup
PASHUPATI,EQ,PASHUPATI COTSPIN LIMITED,87.0,87.65,84.01,85.55,26798,2296848.38,20260731,85.73666666666668,85.83000000000001,85.64333333333335,85.83000000000001,85.64333333333335,0.18666666666666742,0.2181959867523874,Narrow,Bearish,Below CPR,Cash Only,Unclassified,False,True,0.22,50,5773120.955,Lower,True,Short
DIXON,EQ,DIXON TECHNO (INDIA) LTD,14335.0,14589.0,13601.0,14049.0,634727,9041862020.0,20260731,14079.666666666666,14095.0,14064.333333333332,14095.0,14064.333333333332,30.66666666666788,0.21828362635538384,Narrow,Bearish,Below CPR,Cash Only,Consumer Durables,False,True,0.12,50,5965717533.5,Lower,True,Short
AGI,EQ,AGI GREENPAC LIMITED,709.3,714.95,698.9,709.25,74650,52819272.5,20260731,707.6999999999999,706.925,708.4749999999999,708.4749999999999,706.925,1.5499999999999545,0.21854071201973277,Narrow,Bullish,Above CPR,Cash Only,Unclassified,True,False,0.38,50,72180152.95,Higher,False,No setup
PRAJIND,EQ,PRAJ INDUSTRIES LTD,307.8,315.0,306.75,311.9,459348,143425429.45,20260731,311.21666666666664,310.875,311.5583333333333,311.5583333333333,310.875,0.6833333333332803,0.21908731431012515,Narrow,Bullish,Above CPR,Cash Only,Unclassified,True,False,0.28,50,232314805.25,Higher,False,No setup
VENUSPIPES,EQ,VENUS PIPES & TUBES LTD,1677.7,1683.1,1660.1,1666.1,26274,43909310.6,20260731,1669.7666666666664,1671.6,1667.933333333333,1671.6,1667.933333333333,3.66666666666697,0.22007482544066803,Narrow,Bearish,Below CPR,Cash Only,Unclassified,False,True,0.14,50,136846178.5,Overlapping,True,No setup
BSL,EQ,BSL LTD,122.1,126.67,122.1,124.8,1240,155125.44,20260731,124.52333333333333,124.38499999999999,124.66166666666666,124.66166666666666,124.38499999999999,0.27666666666667084,0.2216880341880375,Narrow,Bullish,Above CPR,Cash Only,Unclassified,True,False,0.16,50,428059.075,Lower,True,No setup
NTPCGREEN,EQ,NTPC GREEN ENERGY LIMITED,90.98,91.16,89.5,90.03,4174770,377312051.63,20260731,90.23,90.33,90.13000000000001,90.33,90.13000000000001,0.19999999999998863,0.22214817283126584,Narrow,Bearish,Below CPR,Cash Only,Power,False,True,0.36,50,313935196.71500003,Lower,False,No setup
FCSSOFT,EQ,FCS SOFTWARE SOLN. LTD.,1.51,1.53,1.48,1.5,1215140,1817157.78,20260731,1.5033333333333332,1.505,1.5016666666666665,1.505,1.5016666666666665,0.0033333333333334103,0.22222222222222734,Narrow,Bearish,Below CPR,Cash Only,Unclassified,False,True,0.4,5,2195045.74,Overlapping,False,No setup
SBCL,EQ,SHIVALIK BIMETAL CON. LTD,743.0,764.0,739.9,749.45,312769,235631628.45,20260731,751.1166666666668,751.95,750.2833333333335,751.95,750.2833333333335,1.666666666666515,0.22238530477903998,Narrow,Bearish,Below CPR,Cash Only,Unclassified,False,True,0.16,50,268475497.425,Higher,True,No setup
BENGALASM,EQ,BENGAL & ASSAM CO. LTD.,6221.0,6274.5,6204.0,6218.5,203,1265095.0,20260731,6232.333333333333,6239.25,6225.416666666666,6239.25,6225.416666666666,13.83333333333394,0.22245450403367276,Narrow,Bearish,Below CPR,Cash Only,Unclassified,False,True,0.38,50,1463442.5,Overlapping,False,No setup
HUHTAMAKI,EQ,HUHTAMAKI INDIA LIMITED,302.29,302.29,292.0,298.14,440042,130401509.48,20260731,297.47666666666663,297.145,297.8083333333333,297.8083333333333,297.145,0.6633333333332985,0.22249055253682784,Narrow,Bullish,Above CPR,Cash Only,Unclassified,True,False,0.18,50,39198386.7,Overlapping,True,No setup
POWERGRID,EQ,POWER GRID CORP. LTD.,286.3,287.4,283.0,284.25,7804310,2217534751.45,20260731,284.8833333333333,285.2,284.56666666666666,285.2,284.56666666666666,0.6333333333333258,0.22280856053942857,Narrow,Bearish,Below CPR,Cash Only,Power,False,True,0.4,50,2422139474.275,Overlapping,False,No setup
PURVA,EQ,PURAVANKARA LIMITED,214.89,214.89,208.1,210.79,213143,44848686.61,20260731,211.26,211.495,211.02499999999998,211.495,211.02499999999998,0.4700000000000273,0.22297072916173788,Narrow,Bearish,Below CPR,Cash Only,Unclassified,False,True,0.24,50,26507219.534999996,Lower,True,Short
TARMAT,EQ,TARMAT LIMITED,49.5,50.49,48.5,49.33,10047,494473.71,20260731,49.44,49.495000000000005,49.38499999999999,49.495000000000005,49.38499999999999,0.11000000000001364,0.222988039732442,Narrow,Bearish,Below CPR,Cash Only,Unclassified,False,True,0.24,50,335335.16000000003,Lower,True,Short
ORICONENT,EQ,ORICON ENTERPRISES LTD,53.22,54.7,52.52,53.79,45628,2437277.26,20260731,53.669999999999995,53.61,53.72999999999999,53.72999999999999,53.61,0.11999999999999034,0.22308979364192294,Narrow,Bullish,Above CPR,Cash Only,Unclassified,True,False,0.26,50,3175822.675,Inside,False,No setup
WIPRO,EQ,WIPRO LTD,184.85,185.24,180.83,183.65,18762810,3442122362.61,20260731,183.24,183.03500000000003,183.445,183.445,183.03500000000003,0.40999999999996817,0.22325074870676187,Narrow,Bullish,Above CPR,Cash Only,Information Technology,True,False,0.32,50,3885952951.85,Lower,False,No setup
BANARISUG,EQ,BANNARI AMMAN SUGARS LTD,3495.4,3498.9,3475.0,3475.3,104,361633.5,20260731,3483.066666666667,3486.95,3479.1833333333343,3486.95,3479.1833333333343,7.766666666665515,0.2234819056388086,Narrow,Bearish,Below CPR,Cash Only,Unclassified,False,True,0.48,50,957983.6,Lower,False,No setup
JMFINANCIL,EQ,JM FINANCIAL LIMITED,120.95,123.0,120.5,122.16,1308172,159521903.02,20260731,121.88666666666666,121.75,122.02333333333331,122.02333333333331,121.75,0.2733333333333121,0.22375027286616905,Narrow,Bullish,Above CPR,Cash Only,Financial Services,True,False,0.24,50,257431584.155,Inside,True,No setup
GPPL,EQ,GUJARAT PIPAVAV PORT LTD,151.42,151.75,149.8,150.27,1042388,156884141.14,20260731,150.60666666666668,150.775,150.43833333333336,150.775,150.43833333333336,0.3366666666666447,0.2240411703378217,Narrow,Bearish,Below CPR,Cash Only,Unclassified,False,True,0.3,50,170814033.26,Overlapping,False,No setup
NYKAA,EQ,FSN E COMMERCE VENTURES,336.2,338.0,331.05,333.4,6380873,2129736661.35,20260731,334.15,334.525,333.775,334.525,333.775,0.75,0.2249550089982004,Narrow,Bearish,Below CPR,Cash Only,Consumer Services,False,True,0.32,50,1903903312.425,Higher,False,No setup
ELECTHERM,EQ,ELECTROTHERM (I) LTD.,1019.1,1021.0,1001.0,1007.6,4293,4335314.0,20260731,1009.8666666666667,1011.0,1008.7333333333333,1011.0,1008.7333333333333,2.2666666666666515,0.22495699351594398,Narrow,Bearish,Below CPR,Cash Only,Unclassified,False,True,0.14,50,37783932.8,Overlapping,True,No setup
SCODATUBES,EQ,SCODA TUBES LIMITED,145.39,148.4,145.39,146.4,56981,8376193.42,20260731,146.73,146.89499999999998,146.565,146.89499999999998,146.565,0.3299999999999841,0.2254098360655629,Narrow,Bearish,Below CPR,Cash Only,Unclassified,False,True,0.28,50,32677100.72,Higher,False,No setup
HPL,EQ,HPL ELECTRIC & POWER LTD,335.0,337.0,330.15,332.45,64432,21505021.9,20260731,333.2,333.575,332.825,333.575,332.825,0.75,0.22559783426079108,Narrow,Bearish,Below CPR,Cash Only,Unclassified,False,True,0.26,50,48698504.675,Overlapping,False,No setup
BHARATCOAL,EQ,BHARAT COKING COAL LTD,33.82,34.5,33.67,33.97,7259939,247617211.12,20260731,34.04666666666667,34.085,34.00833333333333,34.085,34.00833333333333,0.07666666666666799,0.2256893337258404,Narrow,Bearish,Below CPR,Cash Only,Unclassified,False,True,0.18,50,876502394.495,Higher,True,No setup
RADICO,EQ,RADICO KHAITAN LTD,4374.9,4390.0,4321.0,4340.8,366998,1596992450.1,20260731,4350.599999999999,4355.5,4345.699999999999,4355.5,4345.699999999999,9.800000000001091,0.2257648359749606,Narrow,Bearish,Below CPR,Cash Only,Fast Moving Consumer Goods,False,True,0.4,50,1054866045.3,Lower,False,No setup
MALUPAPER,EQ,MALU PAPER MILLS LIMITED,31.71,33.27,31.03,32.26,19756,640871.9,20260731,32.18666666666667,32.150000000000006,32.22333333333333,32.22333333333333,32.150000000000006,0.07333333333332348,0.2273196941516537,Narrow,Bullish,Above CPR,Cash Only,Unclassified,True,False,0.24,50,233785.29499999998,Higher,True,Long
VSTL,EQ,VIBHOR STEEL TUBES LTD,111.05,112.5,110.0,110.87,18603,2070563.2,20260731,111.12333333333333,111.25,110.99666666666667,111.25,110.99666666666667,0.2533333333333303,0.22849583596403922,Narrow,Bearish,Below CPR,Cash Only,Unclassified,False,True,0.22,50,1190206.7,Higher,True,No setup
DRCSYSTEMS,EQ,DRC SYSTEMS INDIA LIMITED,13.7,13.79,12.36,13.12,71949,940806.98,20260731,13.089999999999998,13.075,13.104999999999997,13.104999999999997,13.075,0.029999999999997584,0.22865853658534746,Narrow,Bullish,Above CPR,Cash Only,Unclassified,True,False,0.26,50,461883.07999999996,Lower,False,No setup
PIIND,EQ,PI INDUSTRIES LTD,2778.8,2781.3,2740.0,2751.2,100436,276544196.9,20260731,2757.5,2760.65,2754.35,2760.65,2754.35,6.300000000000182,0.22899098575167864,Narrow,Bearish,Below CPR,Cash Only,Chemicals,False,True,0.4,50,651619852.8,Inside,False,No setup
KLBRENG-B,EQ,KILBURN ENGINEERING LTD.,434.4,437.0,431.0,435.5,23183,10052119.85,20260731,434.5,434.0,435.0,435.0,434.0,1.0,0.2296211251435132,Narrow,Bullish,Above CPR,Cash Only,Unclassified,True,False,0.2,50,24890032.9,Inside,True,No setup
ARIHANTCAP,EQ,ARIHANT CAPITAL MKTS LTD,78.4,78.74,77.4,78.34,140373,10951877.99,20260731,78.16,78.07,78.25,78.25,78.07,0.18000000000000682,0.22976767934644732,Narrow,Bullish,Above CPR,Cash Only,Unclassified,True,False,0.22,50,10777594.815000001,Higher,True,Long
PIXTRANS,EQ,PIX TRANSMISSIONS LIMITED,1688.0,1696.3,1661.1,1672.9,8322,13985604.3,20260731,1676.7666666666664,1678.6999999999998,1674.833333333333,1678.6999999999998,1674.833333333333,3.866666666666788,0.23113555303166883,Narrow,Bearish,Below CPR,Cash Only,Unclassified,False,True,0.2,50,30293663.25,Lower,True,Short
IIFLCAPS,EQ,IIFL CAPITAL SERVICES LTD,335.5,338.2,335.05,337.8,149900,50516902.6,20260731,337.01666666666665,336.625,337.4083333333333,337.4083333333333,336.625,0.783333333333303,0.23189263864218562,Narrow,Bullish,Above CPR,Cash Only,Unclassified,True,False,0.66,50,145331109.55,Higher,False,No setup
ARIS,EQ,ARISINFRA SOLUTIONS LTD,129.5,129.7,126.7,128.65,567764,72702676.95,20260731,128.35,128.2,128.5,128.5,128.2,0.30000000000001137,0.2331908278274476,Narrow,Bullish,Above CPR,Cash Only,Unclassified,True,False,0.24,50,65757775.675,Overlapping,True,No setup
JUBLINGREA,EQ,JUBILANT INGREVIA LIMITED,735.4,740.0,726.25,735.7,131785,96717769.3,20260731,733.9833333333332,733.125,734.8416666666665,734.8416666666665,733.125,1.7166666666664696,0.23333786416562044,Narrow,Bullish,Above CPR,Cash Only,Chemicals,True,False,0.22,50,258407318.8,Higher,True,Long
OBEROIRLTY,EQ,OBEROI REALTY LIMITED,1806.0,1836.6,1806.0,1827.7,337199,615829938.4,20260731,1823.4333333333334,1821.3,1825.5666666666668,1825.5666666666668,1821.3,4.266666666666879,0.2334445842680352,Narrow,Bullish,Above CPR,Cash Only,Realty,True,False,0.34,50,607643112.15,Overlapping,False,No setup
UNITECH,EQ,UNITECH LTD,4.19,4.34,4.19,4.28,3182151,13590197.1,20260731,4.2700000000000005,4.265000000000001,4.275,4.275,4.265000000000001,0.009999999999999787,0.23364485981307911,Narrow,Bullish,Above CPR,Cash Only,Unclassified,True,False,0.24,50,19582792.015,Higher,True,Long
SAGARDEEP,EQ,SAGARDEEP ALLOYS LIMITED,24.4,24.95,23.7,24.24,1202,29157.12,20260731,24.296666666666667,24.325,24.268333333333334,24.325,24.268333333333334,0.05666666666666487,0.23377337733772635,Narrow,Bearish,Below CPR,Cash Only,Unclassified,False,True,0.2,50,123951.475,Inside,True,No setup
FINPIPE,EQ,FINOLEX INDUSTRIES LTD,163.5,164.47,161.41,162.37,531570,86341598.8,20260731,162.75,162.94,162.56,162.94,162.56,0.37999999999999545,0.2340333805505915,Narrow,Bearish,Below CPR,Cash Only,Unclassified,False,True,0.38,50,84057662.695,Lower,False,No setup
SCHAEFFLER,EQ,SCHAEFFLER INDIA LIMITED,4088.0,4103.6,4026.1,4079.2,186295,755214000.9,20260731,4069.6333333333337,4064.8500000000004,4074.416666666667,4074.416666666667,4064.8500000000004,9.566666666666606,0.23452310910635926,Narrow,Bullish,Above CPR,Cash Only,Automobile and Auto Components,True,False,0.4,50,228660369.9,Inside,False,No setup
YATRA,EQ,YATRA ONLINE LIMITED,107.0,107.71,106.0,106.48,253822,27090960.9,20260731,106.73,106.85499999999999,106.60500000000002,106.85499999999999,106.60500000000002,0.24999999999997158,0.23478587528171635,Narrow,Bearish,Below CPR,Cash Only,Unclassified,False,True,0.22,50,120089819.44,Inside,True,No setup
KPIL,EQ,KALPATARU PROJECT INT LTD,1279.1,1302.0,1268.1,1289.6,201115,258453626.4,20260731,1286.5666666666666,1285.05,1288.0833333333333,1288.0833333333333,1285.05,3.033333333333303,0.23521505376343851,Narrow,Bullish,Above CPR,Cash Only,Construction,True,False,0.18,50,210187849.64999998,Inside,True,No setup
QGOLDHALF,EQ,QUANTUM GOLD FUND,117.33,118.29,117.3,117.38,109704,12909293.71,20260731,117.65666666666668,117.795,117.51833333333336,117.795,117.51833333333336,0.2766666666666424,0.23570170954731848,Narrow,Bearish,Below CPR,Cash Only,Unclassified,False,True,0.44,50,15840175.370000001,Lower,False,No setup
HAL,EQ,HINDUSTAN AERONAUTICS LTD,4591.1,4669.0,4591.1,4646.5,747759,3471187369.1,20260731,4635.533333333334,4630.05,4641.016666666667,4641.016666666667,4630.05,10.966666666667152,0.2360199433265286,Narrow,Bullish,Above CPR,Cash Only,Capital Goods,True,False,0.48,50,3085835427.95,Higher,False,No setup
CPEDU,EQ,CAREER POINT EDUTECH LTD,208.16,217.0,202.1,208.81,47248,9897536.82,20260731,209.30333333333337,209.55,209.05666666666673,209.55,209.05666666666673,0.49333333333328255,0.2362594384049052,Narrow,Bearish,Below CPR,Cash Only,Unclassified,False,True,0.3,50,1051519.4449999998,Inside,False,No setup
HINDCOMPOS,EQ,HINDUSTAN COMPOSITES LTD.,426.4,428.9,420.1,423.0,1990,844022.35,20260731,424.0,424.5,423.5,424.5,423.5,1.0,0.2364066193853428,Narrow,Bearish,Below CPR,Cash Only,Unclassified,False,True,0.32,50,1840441.6,Lower,False,No setup
GODREJAGRO,EQ,GODREJ AGROVET LIMITED,561.2,562.0,555.55,556.8,78842,43938797.9,20260731,558.1166666666667,558.775,557.4583333333334,558.775,557.4583333333334,1.316666666666606,0.23647030651339906,Narrow,Bearish,Below CPR,Cash Only,Unclassified,False,True,0.36,50,48602035.475,Lower,False,No setup
HARDWYN,EQ,HARDWYN INDIA LIMITED,11.4,11.4,11.22,11.27,910604,10267594.8,20260731,11.296666666666667,11.31,11.283333333333333,11.31,11.283333333333333,0.026666666666667282,0.23661638568471416,Narrow,Bearish,Below CPR,Cash Only,Unclassified,False,True,0.22,50,98376027.56,Inside,True,No setup
DIACABS,EQ,DIAMOND POWER INFRA LTD,331.98,337.5,312.74,323.97,5766327,1876676302.02,20260731,324.7366666666667,325.12,324.35333333333335,325.12,324.35333333333335,0.7666666666666515,0.2366474262020099,Narrow,Bearish,Below CPR,Cash Only,Unclassified,False,True,0.18,50,1185181750.1,Lower,True,Short
MANGLMCEM,EQ,MANGALAM CEMENT LTD,945.0,958.95,935.2,950.45,19750,18714961.7,20260731,948.2000000000002,947.075,949.3250000000003,949.3250000000003,947.075,2.2500000000002274,0.23672997001422774,Narrow,Bullish,Above CPR,Cash Only,Unclassified,True,False,0.34,50,38459815.525,Higher,False,No setup
INDORAMA,EQ,INDO RAMA SYNTHETICS LTD,55.0,57.9,55.0,56.25,662589,37382257.39,20260731,56.38333333333333,56.45,56.31666666666666,56.45,56.31666666666666,0.13333333333333997,0.23703703703704884,Narrow,Bearish,Below CPR,Cash Only,Unclassified,False,True,0.28,50,8907072.844999999,Higher,False,No setup
RUCHIRA,EQ,RUCHIRA PAPERS LIMITED,107.9,108.9,106.81,108.24,19741,2134918.85,20260731,107.98333333333333,107.855,108.11166666666666,108.11166666666666,107.855,0.2566666666666606,0.23712737127370714,Narrow,Bullish,Above CPR,Cash Only,Unclassified,True,False,0.5,50,2618999.5650000004,Higher,False,No setup
KWIL,EQ,KWALITY WALL'S (INDIA) L,30.5,31.45,30.15,30.91,6507416,201069062.77,20260731,30.836666666666662,30.799999999999997,30.873333333333328,30.873333333333328,30.799999999999997,0.07333333333333059,0.23724792408065543,Narrow,Bullish,Above CPR,Cash Only,Unclassified,True,False,0.2,50,253065552.685,Higher,True,Long
CENTENKA,EQ,CENTURY ENKA LTD,608.0,614.5,602.05,610.45,109937,66926083.1,20260731,609.0,608.275,609.725,609.725,608.275,1.4500000000000455,0.23752969121140885,Narrow,Bullish,Above CPR,Cash Only,Unclassified,True,False,0.3,50,21866748.7,Overlapping,False,No setup
KARURVYSYA,EQ,KARUR VYSYA BANK LTD,342.45,346.75,340.6,342.45,2390096,821244358.3,20260731,343.26666666666665,343.675,342.8583333333333,343.675,342.8583333333333,0.8166666666667197,0.23847763663796753,Narrow,Bearish,Below CPR,Cash Only,Financial Services,False,True,0.28,50,706842098.4,Higher,False,No setup
COSMOFIRST,EQ,COSMO FIRST LIMITED,881.0,910.0,881.0,892.3,133319,119635631.45,20260731,894.4333333333334,895.5,893.3666666666668,895.5,893.3666666666668,2.133333333333212,0.23908252082631537,Narrow,Bearish,Below CPR,Cash Only,Unclassified,False,True,0.14,50,73372478.6,Higher,True,No setup
MKPL,EQ,M K PROTEINS LIMITED,4.18,4.23,4.1,4.18,65655,273009.84,20260731,4.17,4.165,4.175,4.175,4.165,0.009999999999999787,0.23923444976076047,Narrow,Bullish,Above CPR,Cash Only,Unclassified,True,False,0.28,50,592400.36,Lower,False,No setup
DOLATALGO,EQ,DOLAT ALGOTECH LIMITED,67.25,68.6,67.25,68.17,41008,2799043.32,20260731,68.00666666666666,67.925,68.08833333333332,68.08833333333332,67.925,0.1633333333333269,0.23959708571707042,Narrow,Bullish,Above CPR,Cash Only,Unclassified,True,False,0.36,50,7669770.215,Overlapping,False,No setup
VARROC,EQ,VARROC ENGINEERING LTD.,669.5,691.15,662.35,679.2,284938,194214872.4,20260731,677.5666666666667,676.75,678.3833333333334,678.3833333333334,676.75,1.6333333333334394,0.24047899489597163,Narrow,Bullish,Above CPR,Cash Only,Unclassified,True,False,0.14,50,73816202.475,Higher,True,Long
HEXATRADEX,EQ,HEXA TRADEX LIMITED,158.29,159.89,156.01,157.38,2009,316297.14,20260731,157.76,157.95,157.57,157.95,157.57,0.37999999999999545,0.24145380607446656,Narrow,Bearish,Below CPR,Cash Only,Unclassified,False,True,0.16,50,423358.9,Higher,True,No setup
TEXRAIL,EQ,TEXMACO RAIL & ENG. LTD.,111.0,111.98,109.99,111.39,1052997,117113404.07,20260731,111.12,110.985,111.25500000000001,111.25500000000001,110.985,0.27000000000001023,0.24239159709131003,Narrow,Bullish,Above CPR,Cash Only,Unclassified,True,False,0.26,50,191774679.285,Higher,False,No setup
JAGSNPHARM,EQ,JAGSONPAL PHARMACEUTICALS,234.0,236.49,226.79,230.8,451990,104554845.39,20260731,231.35999999999999,231.64,231.07999999999998,231.64,231.07999999999998,0.5600000000000023,0.24263431542461103,Narrow,Bearish,Below CPR,Cash Only,Unclassified,False,True,0.22,50,15405452.695,Lower,True,Short
TATAINVEST,EQ,TATA INVESTMENT CORP LTD,674.0,683.9,670.05,679.45,204587,139192168.95,20260731,677.8,676.9749999999999,678.625,678.625,676.9749999999999,1.650000000000091,0.24284347634117168,Narrow,Bullish,Above CPR,Cash Only,Financial Services,True,False,0.44,50,153359855.575,Outside,False,No setup
ACC,EQ,ACC LIMITED,1359.0,1373.7,1351.0,1357.4,136288,185359158.0,20260731,1360.7,1362.35,1359.0500000000002,1362.35,1359.0500000000002,3.299999999999727,0.24311183144244344,Narrow,Bearish,Below CPR,Cash Only,Construction Materials,False,True,0.44,50,216186417.5,Higher,False,No setup
CYIENT,EQ,CYIENT LIMITED,849.55,852.1,837.1,847.7,352298,298655992.85,20260731,845.6333333333333,844.6,846.6666666666666,846.6666666666666,844.6,2.066666666666606,0.24379694074160738,Narrow,Bullish,Above CPR,Cash Only,Information Technology,True,False,0.38,50,278741550.075,Lower,False,No setup
EDELWEISS,EQ,EDELWEISS FIN SERV LTD,115.0,116.43,113.66,115.47,1829578,211556879.56,20260731,115.18666666666667,115.045,115.32833333333333,115.32833333333333,115.045,0.28333333333333144,0.24537397881123363,Narrow,Bullish,Above CPR,Cash Only,Unclassified,True,False,0.16,50,316014801.515,Outside,True,No setup
COALINDIA,EQ,COAL INDIA LTD,413.0,415.1,410.15,414.15,5938134,2454857139.7,20260731,413.1333333333334,412.625,413.64166666666677,413.64166666666677,412.625,1.0166666666667652,0.24548271560226134,Narrow,Bullish,Above CPR,Cash Only,Oil Gas & Consumable Fuels,True,False,0.4,50,2681283668.525,Lower,False,No setup
JYOTISTRUC,EQ,JYOTI STRUCTURES LTD,10.84,10.95,10.73,10.8,2475861,26897977.93,20260731,10.826666666666668,10.84,10.813333333333336,10.84,10.813333333333336,0.02666666666666373,0.2469135802468864,Narrow,Bearish,Below CPR,Cash Only,Unclassified,False,True,0.16,50,58223940.025000006,Inside,True,No setup
TIPSMUSIC,EQ,TIPS MUSIC LIMITED,665.5,675.0,656.15,668.05,216492,143849370.75,20260731,666.4,665.575,667.2249999999999,667.2249999999999,665.575,1.6499999999998636,0.2469875009355383,Narrow,Bullish,Above CPR,Cash Only,Unclassified,True,False,0.24,50,141926883.35,Overlapping,True,No setup
PRSMJOHNSN,EQ,PRISM JOHNSON LIMITED,105.8,107.3,104.83,106.46,101812,10798953.02,20260731,106.19666666666666,106.065,106.32833333333332,106.32833333333332,106.065,0.2633333333333212,0.24735424885714935,Narrow,Bullish,Above CPR,Cash Only,Unclassified,True,False,0.4,50,17238766.795,Higher,False,No setup
CELLO,EQ,CELLO WORLD LIMITED,344.8,345.0,339.05,343.3,127801,43873855.95,20260731,342.45,342.025,342.875,342.875,342.025,0.8500000000000227,0.2475968540635079,Narrow,Bullish,Above CPR,Cash Only,Unclassified,True,False,0.26,50,71150204.125,Inside,False,No setup
GLOBECIVIL,EQ,GLOBE CIVIL PROJECTS LTD,39.0,39.79,38.0,39.04,31759,1230932.19,20260731,38.94333333333333,38.894999999999996,38.99166666666666,38.99166666666666,38.894999999999996,0.09666666666666401,0.24760928961747955,Narrow,Bullish,Above CPR,Cash Only,Unclassified,True,False,0.6,5,1230932.19,Overlapping,False,No setup
PAGEIND,EQ,PAGE INDUSTRIES LTD,41000.0,41160.0,39890.0,40375.0,24934,1007968080.0,20260731,40475.0,40525.0,40425.0,40525.0,40425.0,100.0,0.24767801857585142,Narrow,Bearish,Below CPR,Cash Only,Textiles,False,True,0.4,50,1120305605.0,Lower,False,No setup
EMKAY,EQ,EMKAY GLOBAL FIN SERV LTD,240.35,242.6,239.1,241.75,10348,2499432.85,20260731,241.15,240.85,241.45000000000002,241.45000000000002,240.85,0.6000000000000227,0.24819027921407352,Narrow,Bullish,Above CPR,Cash Only,Unclassified,True,False,0.14,50,10529797.82,Higher,True,Long
CEINSYS,EQ,CEINSYS TECH LIMITED,841.0,850.95,834.0,839.35,30297,25477387.2,20260731,841.4333333333334,842.475,840.3916666666668,842.475,840.3916666666668,2.0833333333332575,0.24820793868270177,Narrow,Bearish,Below CPR,Cash Only,Unclassified,False,True,0.18,50,40922660.05,Overlapping,True,No setup
HAVELLS,EQ,HAVELLS INDIA LIMITED,1273.9,1273.9,1256.9,1260.7,1095362,1381123753.4,20260731,1263.8333333333333,1265.4,1262.2666666666664,1265.4,1262.2666666666664,3.133333333333667,0.248539171359853,Narrow,Bearish,Below CPR,Cash Only,Consumer Durables,False,True,0.38,50,1056185511.25,Higher,False,No setup
AROGRANITE,EQ,ARO GRANITE IND. LTD.,25.99,25.99,25.08,25.44,18129,459495.21,20260731,25.50333333333333,25.534999999999997,25.471666666666664,25.534999999999997,25.471666666666664,0.06333333333333258,0.2489517819706469,Narrow,Bearish,Below CPR,Cash Only,Unclassified,False,True,0.24,50,90928.605,Higher,True,No setup
DENTA,EQ,DENTA WATER N INFRA SOL L,345.0,369.5,341.65,354.25,1320033,474030690.35,20260731,355.1333333333334,355.575,354.6916666666668,355.575,354.6916666666668,0.8833333333332121,0.24935309338975642,Narrow,Bearish,Below CPR,Cash Only,Unclassified,False,True,0.26,50,73846851.85,Higher,False,No setup
BAJAJELEC,EQ,BAJAJ ELECT.LTD,332.5,334.25,329.05,332.9,96908,32233740.1,20260731,332.06666666666666,331.65,332.48333333333335,332.48333333333335,331.65,0.8333333333333712,0.25032542304997635,Moderate,Bullish,Above CPR,Cash Only,Unclassified,False,False,0.38,50,36037939.05,Higher,False,No setup
BLS,EQ,BLS INTL SERVS LTD,239.8,241.0,236.0,239.4,1117132,266620064.0,20260731,238.79999999999998,238.5,239.09999999999997,239.09999999999997,238.5,0.5999999999999659,0.2506265664160259,Moderate,Bullish,Above CPR,Cash Only,Consumer Services,False,False,0.28,50,275550913.5,Lower,False,No setup
SJS,EQ,SJS ENTERPRISES LIMITED,2388.1,2399.2,2366.2,2391.7,77586,184803916.7,20260731,2385.7,2382.7,2388.7,2388.7,2382.7,6.0,0.2508675837270561,Moderate,Bullish,Above CPR,Cash Only,Unclassified,False,False,0.22,50,176619837.75,Higher,True,Long
ESSARSHPNG,EQ,ESSAR SHIPPING LTD,20.03,20.21,19.8,19.93,101273,2016004.19,20260731,19.98,20.005000000000003,19.955,20.005000000000003,19.955,0.05000000000000426,0.25087807325641875,Moderate,Bearish,Below CPR,Cash Only,Unclassified,False,True,0.44,50,3832951.335,Overlapping,False,No setup
MOREPENLAB,EQ,MOREPEN LAB. LTD,56.55,57.49,56.16,57.04,2542492,144325720.9,20260731,56.89666666666667,56.825,56.968333333333334,56.968333333333334,56.825,0.14333333333333087,0.2512856474988269,Moderate,Bullish,Above CPR,Cash Only,Unclassified,False,False,0.12,50,416663025.23,Overlapping,True,No setup
NITIRAJ,EQ,NITIRAJ ENGINEERS LTD,217.78,221.9,208.11,215.82,2707,578034.71,20260731,215.27666666666664,215.005,215.5483333333333,215.5483333333333,215.005,0.5433333333332939,0.25175300404656376,Moderate,Bullish,Above CPR,Cash Only,Unclassified,False,False,0.16,50,596515.245,Overlapping,True,No setup
GMRP&UI,EQ,GMR POW AND URBAN INFRA L,99.16,99.56,98.01,99.16,329393,32615045.16,20260731,98.91000000000001,98.785,99.03500000000003,99.03500000000003,98.785,0.2500000000000284,0.25211778943125096,Moderate,Bullish,Above CPR,Cash Only,Unclassified,False,False,0.36,50,101345699.245,Overlapping,False,No setup
JAYSREETEA,EQ,JAYSHREE TEA & INDUSTRIES,81.2,82.2,81.1,81.96,8542,697496.36,20260731,81.75333333333333,81.65,81.85666666666665,81.85666666666665,81.65,0.20666666666664923,0.2521555230193378,Moderate,Bullish,Above CPR,Cash Only,Unclassified,False,False,0.32,50,1777682.3599999999,Overlapping,False,No setup
NEXTMEDIA,EQ,NEXT MEDIAWORKS LIMITED,4.03,4.04,3.83,3.95,7048,27940.34,20260731,3.94,3.935,3.945,3.945,3.935,0.009999999999999787,0.2531645569620199,Moderate,Bullish,Above CPR,Cash Only,Unclassified,False,False,0.2,50,33127.78,Inside,True,No setup
DBCORP,EQ,D.B.CORP LTD,211.02,211.39,208.1,208.95,69797,14619260.04,20260731,209.48000000000002,209.745,209.21500000000003,209.745,209.21500000000003,0.5299999999999727,0.2536491983728034,Moderate,Bearish,Below CPR,Cash Only,Unclassified,False,True,0.46,50,16556212.59,Lower,False,No setup
TATAPOWER,EQ,TATA POWER CO LTD,378.0,381.35,377.15,380.7,3006383,1142017877.2,20260731,379.73333333333335,379.25,380.2166666666667,380.2166666666667,379.25,0.966666666666697,0.25391822082130205,Moderate,Bullish,Above CPR,Cash Only,Power,False,False,0.56,50,1808244637.625,Higher,False,No setup
METROBRAND,EQ,METRO BRANDS LIMITED,1038.6,1042.0,1023.3,1036.6,18191,18805793.0,20260731,1033.9666666666667,1032.65,1035.2833333333333,1035.2833333333333,1032.65,2.633333333333212,0.254035629300908,Moderate,Bullish,Above CPR,Cash Only,Unclassified,False,False,0.36,50,27529506.85,Overlapping,False,No setup
CORONA,EQ,CORONA REMEDIES LIMITED,2118.2,2136.0,2077.6,2098.8,18140,38213642.8,20260731,2104.1333333333337,2106.8,2101.466666666667,2106.8,2101.466666666667,5.33333333333303,0.25411346166061705,Moderate,Bearish,Below CPR,Cash Only,Unclassified,False,True,0.3,50,44612370.75,Inside,False,No setup
RAMBHAJO,EQ,ADVIT JEWELS LIMITED,177.98,182.24,175.76,178.32,186514,33428203.06,20260731,178.7733333333333,179.0,178.54666666666662,179.0,178.54666666666662,0.4533333333333758,0.25422461492450416,Moderate,Bearish,Below CPR,Cash Only,Unclassified,False,True,0.3076923076923077,13,59080984.94,Overlapping,False,No setup
WINDLAS,EQ,WINDLAS BIOTECH LIMITED,859.0,867.35,854.6,857.7,15772,13580918.45,20260731,859.8833333333333,860.975,858.7916666666666,860.975,858.7916666666666,2.183333333333394,0.25455676032801605,Moderate,Bearish,Below CPR,Cash Only,Unclassified,False,True,0.28,50,38416834.65,Lower,False,No setup
UCOBANK,EQ,UCO BANK,25.94,26.26,25.88,26.17,4036886,105245228.83,20260731,26.103333333333335,26.07,26.13666666666667,26.13666666666667,26.07,0.06666666666666998,0.25474461851994645,Moderate,Bullish,Above CPR,Cash Only,Financial Services,False,False,0.42,50,125218958.74000001,Overlapping,False,No setup
SOMANYCERA,EQ,SOMANY CERAMICS LIMITED,486.4,491.9,482.05,488.85,44813,21814021.4,20260731,487.6000000000001,486.975,488.22500000000014,488.22500000000014,486.975,1.2500000000001137,0.2557021581262378,Moderate,Bullish,Above CPR,Cash Only,Unclassified,False,False,0.3,50,40594140.075,Overlapping,False,No setup
INFOBEAN,EQ,INFOBEANS TECHNO. LTD.,168.92,169.5,165.5,166.86,185076,30917215.81,20260731,167.28666666666666,167.5,167.07333333333332,167.5,167.07333333333332,0.4266666666666765,0.25570338407447946,Moderate,Bearish,Below CPR,Cash Only,Unclassified,False,True,0.2,50,58569515.385,Lower,True,Short
MOTILALOFS,EQ,MOTILAL OSWAL FIN LTD,839.0,860.0,837.35,851.95,823786,703858749.95,20260731,849.7666666666668,848.675,850.8583333333336,850.8583333333336,848.675,2.1833333333336213,0.2562748205098446,Moderate,Bullish,Above CPR,Cash Only,Financial Services,False,False,0.24,50,694464869.925,Higher,True,Long
TNTELE,EQ,TAMILNADU TELECOMMUNICATI,9.19,9.29,8.8,9.08,26167,238694.56,20260731,9.056666666666667,9.045,9.068333333333333,9.068333333333333,9.045,0.023333333333333428,0.2569750367107206,Moderate,Bullish,Above CPR,Cash Only,Unclassified,False,False,0.2,50,171706.88,Overlapping,True,No setup
ZUARIIND,EQ,ZUARI INDUSTRIES LIMITED,262.3,262.3,257.3,258.8,17246,4469462.0,20260731,259.4666666666667,259.8,259.1333333333334,259.8,259.1333333333334,0.6666666666666288,0.25759917568262314,Moderate,Bearish,Below CPR,Cash Only,Unclassified,False,True,0.36,50,8116522.925,Lower,False,No setup
INNOVACAP,EQ,INNOVA CAPTAB LIMITED,969.5,980.4,960.55,974.25,26789,26080042.35,20260731,971.7333333333332,970.4749999999999,972.9916666666666,972.9916666666666,970.4749999999999,2.5166666666666515,0.2583183645539288,Moderate,Bullish,Above CPR,Cash Only,Unclassified,False,False,0.28,50,31925410.125,Overlapping,False,No setup
SAMMAANCAP,EQ,SAMMAAN CAPITAL LIMITED,160.21,163.49,160.11,162.43,4025787,653816343.89,20260731,162.01000000000002,161.8,162.22000000000003,162.22000000000003,161.8,0.4200000000000159,0.25857292372099727,Moderate,Bullish,Above CPR,Cash Only,Financial Services,False,False,0.3,50,1851321727.425,Higher,False,No setup
GRSE,EQ,GARDEN REACH SHIP&ENG LTD,2615.0,2632.5,2590.1,2601.2,441279,1153579642.9,20260731,2607.9333333333334,2611.3,2604.5666666666666,2611.3,2604.5666666666666,6.733333333333576,0.25885488748783547,Moderate,Bearish,Below CPR,Cash Only,Capital Goods,False,True,0.36,50,1531327093.15,Higher,False,No setup
NTPC,EQ,NTPC LTD,344.1,348.25,343.55,347.25,8519119,2949886846.3,20260731,346.34999999999997,345.9,346.79999999999995,346.79999999999995,345.9,0.8999999999999773,0.2591792656587408,Moderate,Bullish,Above CPR,Cash Only,Power,False,False,0.46,50,4110888929.925,Higher,False,No setup
VIKASLIFE,EQ,VIKAS LIFECARE LIMITED,1.29,1.29,1.26,1.28,1707620,2173013.23,20260731,1.2766666666666666,1.275,1.2783333333333333,1.2783333333333333,1.275,0.0033333333333334103,0.2604166666666727,Moderate,Bullish,Above CPR,Cash Only,Unclassified,False,False,0.33,50,2411322.3499999996,Inside,False,No setup
HAVISHA,EQ,SRI HAVISHA HOSP & INFR L,1.3,1.3,1.27,1.28,72080,93437.07,20260731,1.2833333333333334,1.2850000000000001,1.2816666666666667,1.2850000000000001,1.2816666666666667,0.0033333333333334103,0.2604166666666727,Moderate,Bearish,Below CPR,Cash Only,Unclassified,False,True,0.19,50,40373.555,Inside,True,No setup
JSWHL,EQ,JSW HOLDINGS LIMITED,11230.0,11440.0,11162.0,11257.0,3713,41957388.0,20260731,11286.333333333334,11301.0,11271.666666666668,11301.0,11271.666666666668,29.33333333333212,0.26057860294334295,Moderate,Bearish,Below CPR,Cash Only,Unclassified,False,True,0.34,50,30155906.5,Higher,False,No setup
OLECTRA,EQ,OLECTRA GREENTECH LIMITED,1325.6,1338.8,1320.0,1324.2,243173,323280348.5,20260731,1327.6666666666667,1329.4,1325.9333333333334,1329.4,1325.9333333333334,3.466666666666697,0.26179328399537055,Moderate,Bearish,Below CPR,Cash Only,Automobile and Auto Components,False,True,0.22,50,686753075.8,Overlapping,True,No setup
NAHARCAP,EQ,NAHAR CAP & FIN.,250.0,251.25,245.05,249.13,965,241116.15,20260731,248.4766666666667,248.15,248.80333333333337,248.80333333333337,248.15,0.6533333333333644,0.2622459492366894,Moderate,Bullish,Above CPR,Cash Only,Unclassified,False,False,0.26,50,389363.445,Overlapping,False,No setup
LEMONTREE,EQ,LEMON TREE HOTELS LTD,109.8,110.45,109.01,109.3,2717534,297823173.94,20260731,109.58666666666666,109.73,109.44333333333331,109.73,109.44333333333331,0.28666666666669016,0.26227508386705417,Moderate,Bearish,Below CPR,Cash Only,Consumer Services,False,True,0.4,50,301883893.05,Overlapping,False,No setup
JWL,EQ,JUPITER WAGONS LIMITED,260.0,262.25,258.2,259.2,727838,189419846.5,20260731,259.8833333333334,260.225,259.54166666666674,260.225,259.54166666666674,0.6833333333332803,0.2636316872427779,Moderate,Bearish,Below CPR,Cash Only,Capital Goods,False,True,0.26,50,266389774.25,Higher,False,No setup
NAVA,EQ,NAVA LIMITED,552.8,560.7,550.6,553.45,269028,149232717.75,20260731,554.9166666666667,555.6500000000001,554.1833333333334,555.6500000000001,554.1833333333334,1.466666666666697,0.265004366549227,Moderate,Bearish,Below CPR,Cash Only,Power,False,True,0.28,50,154174923.25,Overlapping,False,No setup
AWHCL,EQ,ANTONY WASTE HDG CELL LTD,432.95,432.95,424.05,426.8,56263,24096435.45,20260731,427.93333333333334,428.5,427.3666666666667,428.5,427.3666666666667,1.1333333333333258,0.2655420181193359,Moderate,Bearish,Below CPR,Cash Only,Unclassified,False,True,0.38,50,34929413.7,Inside,False,No setup
TVSELECT,EQ,TVS ELECTRONICS LTD,477.5,505.0,477.5,489.3,74894,36849224.1,20260731,490.59999999999997,491.25,489.94999999999993,491.25,489.94999999999993,1.3000000000000682,0.26568567341100924,Moderate,Bearish,Below CPR,Cash Only,Unclassified,False,True,0.22,50,29031683.25,Higher,True,No setup
SOMATEX,EQ,SOMA TEXTILES & INDUST LT,101.85,101.85,95.0,98.82,17006,1655541.91,20260731,98.55666666666666,98.425,98.68833333333332,98.68833333333332,98.425,0.2633333333333212,0.26647777103149284,Moderate,Bullish,Above CPR,Cash Only,Unclassified,False,False,0.2,50,1181289.98,Overlapping,True,No setup
TECHNVISN,EQ,TECHNVISION VENTURES LTD.,4557.7,4561.2,4415.0,4470.2,639,2859729.8,20260731,4482.133333333334,4488.1,4476.166666666668,4488.1,4476.166666666668,11.933333333332484,0.2669530073225468,Moderate,Bearish,Below CPR,Cash Only,Unclassified,False,True,0.18,50,1464963.5,Lower,True,Short
MASTERTR,EQ,MASTER TRUST LIMITED,82.0,82.62,81.0,82.14,116241,9535970.77,20260731,81.92,81.81,82.03,82.03,81.81,0.21999999999999886,0.2678354029705367,Moderate,Bullish,Above CPR,Cash Only,Unclassified,False,False,0.44,50,22607773.625,Inside,False,No setup
SHAKTIPUMP,EQ,SHAKTI PUMPS (I) LTD,526.0,526.0,519.0,520.4,313046,163028688.8,20260731,521.8000000000001,522.5,521.1000000000001,522.5,521.1000000000001,1.3999999999998636,0.269023827824724,Moderate,Bearish,Below CPR,Cash Only,Unclassified,False,True,0.42,50,342698602.725,Overlapping,False,No setup
KIMS,EQ,KRISHNA INST OF MED SCI L,812.7,814.0,801.9,804.7,393857,318480675.45,20260731,806.8666666666668,807.95,805.7833333333335,807.95,805.7833333333335,2.166666666666515,0.269251480883126,Moderate,Bearish,Below CPR,Cash Only,Healthcare,False,True,0.44,50,377428570.425,Higher,False,No setup
KAMATHOTEL,EQ,KAMAT HOTELS (I) LTD,168.9,169.01,166.32,166.99,64959,10852534.37,20260731,167.44,167.665,167.215,167.665,167.215,0.44999999999998863,0.26947721420443654,Moderate,Bearish,Below CPR,Cash Only,Unclassified,False,True,0.32,50,6270509.609999999,Overlapping,False,No setup
MODIRUBBER,EQ,MODI RUBBER LTD,120.0,122.7,118.0,120.84,362,43518.46,20260731,120.51333333333332,120.35,120.67666666666665,120.67666666666665,120.35,0.3266666666666538,0.2703299128323848,Moderate,Bullish,Above CPR,Cash Only,Unclassified,False,False,0.28,50,251064.135,Inside,False,No setup
ADFFOODS,EQ,ADF FOODS LIMITED,262.0,277.7,262.0,270.95,514460,140406540.7,20260731,270.2166666666667,269.85,270.58333333333337,270.58333333333337,269.85,0.7333333333333485,0.2706526419388627,Moderate,Bullish,Above CPR,Cash Only,Unclassified,False,False,0.24,50,56682789.875,Inside,True,No setup
LICI,EQ,LIFE INSURA CORP OF INDIA,423.1,425.65,420.3,424.7,1299272,549857947.65,20260731,423.55,422.975,424.125,424.125,422.975,1.1499999999999773,0.27077937367553034,Moderate,Bullish,Above CPR,Cash Only,Financial Services,False,False,0.56,50,1446561288.9499998,Higher,False,No setup
ADL,EQ,ARCHIDPLY DECOR LIMITED,70.69,71.4,70.68,71.33,1935,137399.82,20260731,71.13666666666667,71.04,71.23333333333333,71.23333333333333,71.04,0.19333333333332803,0.2710407028365737,Moderate,Bullish,Above CPR,Cash Only,Unclassified,False,False,0.22448979591836735,49,53697.8,Higher,True,Long
BALAJITELE,EQ,BALAJI TELEFILMS LIMITED.,82.9,84.28,82.26,83.61,38314,3194497.25,20260731,83.38333333333334,83.27000000000001,83.49666666666667,83.49666666666667,83.27000000000001,0.22666666666665947,0.2710999481720601,Moderate,Bullish,Above CPR,Cash Only,Unclassified,False,False,0.32,50,11369529.254999999,Higher,False,No setup
ATALREAL,EQ,ATAL REALTECH LIMITED,33.4,33.77,32.84,33.17,11848787,394728603.65,20260731,33.260000000000005,33.30500000000001,33.215,33.30500000000001,33.215,0.09000000000000341,0.27132951462165633,Moderate,Bearish,Below CPR,Cash Only,Unclassified,False,True,0.28,50,234081914.66,Higher,False,No setup
ORIENTBELL,EQ,ORIENT BELL LIMITED,322.9,322.9,318.2,319.25,2814,900921.7,20260731,320.1166666666666,320.54999999999995,319.6833333333333,320.54999999999995,319.6833333333333,0.8666666666666742,0.27146959018533257,Moderate,Bearish,Below CPR,Cash Only,Unclassified,False,True,0.36,50,2400768.175,Overlapping,False,No setup
FRONTSP,EQ,FRONTIER SPRINGS LTD.,1321.0,1366.6,1321.0,1349.3,13804,18593570.0,20260731,1345.6333333333332,1343.8,1347.4666666666665,1347.4666666666665,1343.8,3.666666666666515,0.2717458435237912,Moderate,Bullish,Above CPR,Cash Only,Unclassified,False,False,0.22,50,24144942.25,Higher,True,Long
VRAJ,EQ,VRAJ IRON AND STEEL LTD,122.65,124.0,122.1,122.55,40959,5036566.78,20260731,122.88333333333333,123.05,122.71666666666665,123.05,122.71666666666665,0.3333333333333428,0.27199782401741557,Moderate,Bearish,Below CPR,Cash Only,Unclassified,False,True,0.22,50,2585054.3150000004,Lower,True,Short
VAISHALI,EQ,VAISHALI PHARMA LIMITED,7.21,7.43,7.21,7.35,64059,470724.21,20260731,7.330000000000001,7.32,7.340000000000002,7.340000000000002,7.32,0.02000000000000135,0.2721088435374333,Moderate,Bullish,Above CPR,Cash Only,Unclassified,False,False,0.4,5,471408.26,Lower,False,No setup
COMPUSOFT,EQ,COMPUCOM SOFTWARE LTD,13.08,13.67,13.08,13.43,51819,695471.48,20260731,13.393333333333333,13.375,13.411666666666665,13.411666666666665,13.375,0.03666666666666529,0.2730206006453112,Moderate,Bullish,Above CPR,Cash Only,Unclassified,False,False,0.26,50,246105.265,Higher,False,No setup
GEOJITFSL,EQ,GEOJIT FINANCIAL SER L,75.2,77.4,74.69,76.36,270565,20516974.21,20260731,76.14999999999999,76.045,76.25499999999998,76.25499999999998,76.045,0.20999999999997954,0.27501309586168093,Moderate,Bullish,Above CPR,Cash Only,Unclassified,False,False,0.3,50,25905552.485,Higher,False,No setup
IRIS,EQ,IRIS REGTECH SOLUTION LTD,243.0,255.05,239.3,248.2,30364,7596656.4,20260731,247.51666666666665,247.175,247.8583333333333,247.8583333333333,247.175,0.6833333333332803,0.2753156056943112,Moderate,Bullish,Above CPR,Cash Only,Unclassified,False,False,0.18,50,6564732.7,Inside,True,No setup
IMAGICAA,EQ,IMAGICAAWORLD ENT LTD,46.0,47.79,45.8,46.99,813538,38237125.43,20260731,46.86000000000001,46.795,46.92500000000001,46.92500000000001,46.795,0.13000000000000966,0.2766546073632893,Moderate,Bullish,Above CPR,Cash Only,Unclassified,False,False,0.42,50,26696128.869999997,Higher,False,No setup
PITTIENG,EQ,PITTI ENGINEERING LIMITED,933.0,935.7,921.0,924.5,17935,16654545.75,20260731,927.0666666666666,928.35,925.7833333333332,928.35,925.7833333333332,2.5666666666668334,0.2776275464215071,Moderate,Bearish,Below CPR,Cash Only,Unclassified,False,True,0.26,50,33173327.299999997,Lower,False,No setup
MBEL,EQ,M AND B ENGINEERING LTD,294.0,297.5,292.25,293.65,47080,13842330.55,20260731,294.46666666666664,294.875,294.0583333333333,294.875,294.0583333333333,0.8166666666667197,0.2781088597536931,Moderate,Bearish,Below CPR,Cash Only,Unclassified,False,True,0.3,50,39340504.05,Inside,False,No setup
KCP,EQ,KCP LTD,163.2,163.49,161.0,161.57,50193,8132234.28,20260731,162.02,162.245,161.79500000000002,162.245,161.79500000000002,0.44999999999998863,0.27851705143280847,Moderate,Bearish,Below CPR,Cash Only,Unclassified,False,True,0.4,50,17923294.515,Lower,False,No setup
VIPIND,EQ,VIP INDUSTRIES LTD,296.1,301.4,294.0,298.95,114466,34127562.95,20260731,298.1166666666666,297.7,298.53333333333325,298.53333333333325,297.7,0.8333333333332575,0.2787534147293051,Moderate,Bullish,Above CPR,Cash Only,Unclassified,False,False,0.38,50,60307740.849999994,Higher,False,No setup
PIRAMALFIN,EQ,PIRAMAL FINANCE LIMITED,2038.0,2095.1,2033.1,2055.5,260962,538841310.7,20260731,2061.233333333333,2064.1,2058.3666666666663,2064.1,2058.3666666666663,5.733333333333576,0.27892645747183537,Moderate,Bearish,Below CPR,Cash Only,Financial Services,False,True,0.36,50,545379640.85,Higher,False,No setup
ADSL,EQ,ALLIED DIGITAL SERV. LTD,113.91,115.0,113.32,114.64,73855,8451588.45,20260731,114.32,114.16,114.47999999999999,114.47999999999999,114.16,0.3199999999999932,0.27913468248429274,Moderate,Bullish,Above CPR,Cash Only,Unclassified,False,False,0.38,50,13920668.129999999,Higher,False,No setup
SYNCOMF,EQ,SYNCOM FORMU (I) LTD,13.01,13.17,12.96,13.12,614910,8059686.59,20260731,13.083333333333334,13.065000000000001,13.101666666666667,13.101666666666667,13.065000000000001,0.03666666666666529,0.2794715447154367,Moderate,Bullish,Above CPR,Cash Only,Unclassified,False,False,0.3,50,21870488.76,Inside,False,No setup
MAANALU,EQ,MAAN ALUMINIUM LIMITED,124.0,125.21,119.0,122.62,96600,11833566.28,20260731,122.27666666666666,122.10499999999999,122.44833333333332,122.44833333333332,122.10499999999999,0.3433333333333337,0.2799978252596099,Moderate,Bullish,Above CPR,Cash Only,Unclassified,False,False,0.3,50,7213256.105,Higher,False,No setup
GICRE,EQ,GENERAL INS CORP OF INDIA,358.05,360.5,355.7,356.6,386766,138046650.15,20260731,357.6000000000001,358.1,357.10000000000014,358.1,357.10000000000014,0.9999999999998863,0.28042624789677123,Moderate,Bearish,Below CPR,Cash Only,Financial Services,False,True,0.5,50,155005604.15,Overlapping,False,No setup
REMSONSIND,EQ,REMSONS INDUSTRIES LTD,85.0,85.1,81.98,83.19,66322,5572683.82,20260731,83.42333333333333,83.53999999999999,83.30666666666667,83.53999999999999,83.30666666666667,0.23333333333332007,0.28048242977920435,Moderate,Bearish,Below CPR,Cash Only,Unclassified,False,True,0.26,50,9343110.475,Higher,False,No setup
TOUCHWOOD,EQ,TOUCHWOOD ENTERTAIN LTD.,66.99,67.44,65.6,66.24,300,19993.34,20260731,66.42666666666666,66.52,66.33333333333333,66.52,66.33333333333333,0.18666666666666742,0.28180354267310903,Moderate,Bearish,Below CPR,Cash Only,Unclassified,False,True,0.36,50,69534.0,Outside,False,No setup
GLOBAL,EQ,GLOBAL EDUCATION LIMITED,103.0,104.82,102.42,104.06,22487,2329138.68,20260731,103.76666666666667,103.62,103.91333333333333,103.91333333333333,103.62,0.29333333333332234,0.2818886539816667,Moderate,Bullish,Above CPR,Cash Only,Unclassified,False,False,0.36,50,6041299.23,Higher,False,No setup
SOLARA,EQ,SOLARA ACTIVE PHA SCI LTD,510.0,516.0,506.75,513.55,114895,58977584.95,20260731,512.1,511.375,512.825,512.825,511.375,1.4500000000000455,0.2823483594586789,Moderate,Bullish,Above CPR,Cash Only,Unclassified,False,False,0.2,50,95324405.4,Higher,True,Long
TBOTEK,EQ,TBO TEK LIMITED,1515.0,1566.0,1509.4,1531.2,682951,1050964486.9,20260731,1535.5333333333335,1537.7,1533.366666666667,1537.7,1533.366666666667,4.33333333333303,0.28300243817483217,Moderate,Bearish,Below CPR,Cash Only,Consumer Services,False,True,0.34,50,153328683.9,Higher,False,No setup
CANTABIL,EQ,CANTABIL RETAIL LTD,241.0,249.0,240.01,245.55,92364,22642822.75,20260731,244.85333333333332,244.505,245.20166666666665,245.20166666666665,244.505,0.6966666666666583,0.2837168261725344,Moderate,Bullish,Above CPR,Cash Only,Unclassified,False,False,0.36,50,26394250.189999998,Higher,False,No setup
SARDAEN,EQ,SARDA ENERGY & MIN LTD,511.3,520.0,508.8,516.6,263897,136096269.25,20260731,515.1333333333333,514.4,515.8666666666667,515.8666666666667,514.4,1.466666666666697,0.28390760098077755,Moderate,Bullish,Above CPR,Cash Only,Metals & Mining,False,False,0.38,50,130456388.725,Inside,False,No setup
GRAVITA,EQ,GRAVITA INDIA LIMITED,1597.7,1634.0,1585.0,1616.4,367160,592394305.2,20260731,1611.8,1609.5,1614.1,1614.1,1609.5,4.599999999999909,0.2845830240039538,Moderate,Bullish,Above CPR,Cash Only,Metals & Mining,False,False,0.34,50,282232345.65,Higher,False,No setup
CHOLAHLDNG,EQ,CHOLAMANDALAM FIN HOL LTD,1506.0,1551.3,1504.0,1534.2,468590,714766199.0,20260731,1529.8333333333333,1527.65,1532.0166666666664,1532.0166666666664,1527.65,4.366666666666333,0.28462173554075954,Moderate,Bullish,Above CPR,Cash Only,Financial Services,False,False,0.42,50,223620242.10000002,Higher,False,No setup
VENTIVE,EQ,VENTIVE HOSPITALITY LTD,631.5,631.5,623.05,624.6,7538,4724868.6,20260731,626.3833333333333,627.275,625.4916666666667,627.275,625.4916666666667,1.783333333333303,0.28551606361404147,Moderate,Bearish,Below CPR,Cash Only,Unclassified,False,True,0.48,50,11828782.9,Lower,False,No setup
MSTCLTD,EQ,MSTC LIMITED,610.0,628.0,603.1,618.2,266065,164648020.5,20260731,616.4333333333333,615.55,617.3166666666666,617.3166666666666,615.55,1.7666666666666515,0.2857759085517068,Moderate,Bullish,Above CPR,Cash Only,Unclassified,False,False,0.36,50,327673852.525,Higher,False,No setup
SHYAMMETL,EQ,SHYAM METALICS AND ENGY L,1020.0,1037.15,1016.6,1031.3,415132,427665762.35,20260731,1028.3500000000001,1026.875,1029.8250000000003,1029.8250000000003,1026.875,2.950000000000273,0.2860467371279233,Moderate,Bullish,Above CPR,Cash Only,Capital Goods,False,False,0.46,50,463677054.05,Higher,False,No setup
UTIAMC,EQ,UTI ASSET MNGMT CO LTD,913.9,914.9,899.05,903.1,122117,110275728.25,20260731,905.6833333333333,906.9749999999999,904.3916666666667,906.9749999999999,904.3916666666667,2.5833333333332575,0.2860517476838952,Moderate,Bearish,Below CPR,Cash Only,Financial Services,False,True,0.46,50,124645557.825,Overlapping,False,No setup
KAJARIACER,EQ,KAJARIA CERAMICS LTD,1192.9,1229.9,1177.0,1198.3,947697,1148438815.1,20260731,1201.7333333333333,1203.45,1200.0166666666667,1203.45,1200.0166666666667,3.433333333333394,0.2865170102089121,Moderate,Bearish,Below CPR,Cash Only,Consumer Durables,False,True,0.38,50,264095422.0,Overlapping,False,No setup
STARCEMENT,EQ,STAR CEMENT LIMITED,205.0,205.0,202.31,202.78,151571,30757463.33,20260731,203.36333333333334,203.655,203.0716666666667,203.655,203.0716666666667,0.5833333333333144,0.287668080349795,Moderate,Bearish,Below CPR,Cash Only,Unclassified,False,True,0.5,50,47216323.69,Higher,False,No setup
GOKEX,EQ,GOKALDAS EXPORTS LTD.,804.4,824.0,798.85,814.95,173441,141031490.25,20260731,812.6,811.425,813.7750000000001,813.7750000000001,811.425,2.3500000000001364,0.2883612491564067,Moderate,Bullish,Above CPR,Cash Only,Unclassified,False,False,0.26,50,274995006.175,Inside,False,No setup
AFCONS,EQ,AFCONS INFRASTRUCTURE LTD,273.0,274.95,269.7,271.15,1007153,272972267.9,20260731,271.93333333333334,272.325,271.5416666666667,272.325,271.5416666666667,0.783333333333303,0.2888929866617382,Moderate,Bearish,Below CPR,Cash Only,Construction,False,True,0.4,50,128728079.82499999,Lower,False,No setup
SAILIFE,EQ,SAI LIFE SCIENCES LIMITED,1315.1,1338.0,1303.6,1315.1,301481,398135168.8,20260731,1318.8999999999999,1320.8,1316.9999999999998,1320.8,1316.9999999999998,3.800000000000182,0.2889514105391363,Moderate,Bearish,Below CPR,Cash Only,Healthcare,False,True,0.3,50,473814623.15,Higher,False,No setup
GRASIM,EQ,GRASIM INDUSTRIES LTD,3115.7,3135.9,3092.6,3100.8,309447,962199964.2,20260731,3109.7666666666664,3114.25,3105.283333333333,3114.25,3105.283333333333,8.966666666667152,0.2891726866185227,Moderate,Bearish,Below CPR,Cash Only,Construction Materials,False,True,0.58,50,1862582690.9499998,Higher,False,No setup
SHALBY,EQ,SHALBY LIMITED,163.9,164.0,160.0,161.3,34458,5556565.11,20260731,161.76666666666668,162.0,161.53333333333336,162.0,161.53333333333336,0.46666666666664014,0.2893159743748544,Moderate,Bearish,Below CPR,Cash Only,Unclassified,False,True,0.44,50,11307764.11,Inside,False,No setup
RUDRA,EQ,RUDRA GLOBAL INFRA PROD L,17.05,17.64,17.05,17.27,20329,353265.07,20260731,17.319999999999997,17.345,17.294999999999995,17.345,17.294999999999995,0.05000000000000426,0.2895193977996773,Moderate,Bearish,Below CPR,Cash Only,Unclassified,False,True,0.2,5,787644.78,Overlapping,False,No setup
RUBFILA,EQ,RUBFILA INTERNATIONAL LTD,71.52,72.02,71.1,71.25,4811,344015.36,20260731,71.45666666666666,71.56,71.35333333333332,71.56,71.35333333333332,0.20666666666667766,0.29005847953217917,Moderate,Bearish,Below CPR,Cash Only,Unclassified,False,True,0.28,50,1403761.825,Lower,False,No setup
MARKSANS,EQ,MARKSANS PHARMA LIMITED,260.3,262.4,252.05,258.35,702187,180891352.2,20260731,257.6,257.225,257.975,257.975,257.225,0.75,0.2903038513644281,Moderate,Bullish,Above CPR,Cash Only,Unclassified,False,False,0.24,50,483734163.425,Lower,True,No setup
SUMICHEM,EQ,SUMITOMO CHEM INDIA LTD,513.0,514.05,502.1,510.3,589716,300133871.3,20260731,508.81666666666666,508.075,509.55833333333334,509.55833333333334,508.075,1.4833333333333485,0.2906786857404171,Moderate,Bullish,Above CPR,Cash Only,Chemicals,False,False,0.24,50,198216716.0,Higher,True,Long
KIRLFER,EQ,KIRLOSKAR FERROUS IND LTD,466.7,483.15,464.0,475.65,99018,46959717.4,20260731,474.26666666666665,473.575,474.9583333333333,474.9583333333333,473.575,1.3833333333333258,0.2908300921545939,Moderate,Bullish,Above CPR,Cash Only,Unclassified,False,False,0.28,50,31142643.4,Higher,False,No setup
VIKRAN,EQ,VIKRAN ENGINEERING LTD,71.97,73.5,71.51,72.19,2030874,147477282.44,20260731,72.39999999999999,72.505,72.29499999999999,72.505,72.29499999999999,0.21000000000000796,0.2908990164842887,Moderate,Bearish,Below CPR,Cash Only,Unclassified,False,True,0.26,50,149151164.565,Overlapping,False,No setup
VADILALIND,EQ,VADILAL INDUSTRIES LTD,7263.5,7346.5,7145.5,7214.5,15159,109699729.0,20260731,7235.5,7246.0,7225.0,7246.0,7225.0,21.0,0.2910804629565458,Moderate,Bearish,Below CPR,Cash Only,Unclassified,False,True,0.36,50,81342253.25,Lower,False,No setup
LLOYDSENT,EQ,LLOYDS ENTERPRISES LTD,79.89,81.44,79.18,79.96,2258309,181780890.26,20260731,80.19333333333333,80.31,80.07666666666665,80.31,80.07666666666665,0.2333333333333485,0.2918125729531622,Moderate,Bearish,Below CPR,Cash Only,Unclassified,False,True,0.14,50,256865150.07,Higher,True,No setup
JUNIPER,EQ,JUNIPER HOTELS LIMITED,193.06,195.89,193.06,195.33,32781,6391728.72,20260731,194.76,194.475,195.045,195.045,194.475,0.5699999999999932,0.2918138534787248,Moderate,Bullish,Above CPR,Cash Only,Unclassified,False,False,0.36,50,20172663.28,Lower,False,No setup
JARO,EQ,JARO INS OF TEC MG N RE L,474.6,474.6,465.2,467.85,75302,35325913.9,20260731,469.2166666666667,469.9,468.5333333333334,469.9,468.5333333333334,1.3666666666665606,0.29211641908016683,Moderate,Bearish,Below CPR,Cash Only,Unclassified,False,True,0.24,50,52944785.05,Overlapping,True,No setup
NHPC,EQ,NHPC LTD,78.29,78.86,77.91,78.73,5662702,444395298.21,20260731,78.5,78.38499999999999,78.61500000000001,78.61500000000001,78.38499999999999,0.2300000000000182,0.2921376857614863,Moderate,Bullish,Above CPR,Cash Only,Power,False,False,0.5,50,1058479242.81,Higher,False,No setup
ALGOQUANT,EQ,ALGOQUANT FINTECH LIMITED,68.35,69.24,66.98,68.41,994738,67178062.3,20260731,68.21,68.11,68.30999999999999,68.30999999999999,68.11,0.19999999999998863,0.2923549188714934,Moderate,Bullish,Above CPR,Cash Only,Unclassified,False,False,0.34,50,70394879.035,Higher,False,No setup
EMCURE,EQ,EMCURE PHARMACEUTICALS L,1923.8,1999.0,1904.0,1960.1,267249,525387790.4,20260731,1954.3666666666668,1951.5,1957.2333333333336,1957.2333333333336,1951.5,5.733333333333576,0.2925020832270586,Moderate,Bullish,Above CPR,Cash Only,Healthcare,False,False,0.36,50,244224573.55,Higher,False,No setup
POWERICA,EQ,POWERICA LIMITED,528.2,532.85,521.7,529.6,98733,52051614.8,20260731,528.0500000000001,527.2750000000001,528.825,528.825,527.2750000000001,1.5499999999999545,0.292673716012076,Moderate,Bullish,Above CPR,Cash Only,Unclassified,False,False,0.14,50,165549402.75,Inside,True,No setup
RELAXO,EQ,RELAXO FOOT LTD.,408.2,409.0,402.45,403.95,171036,69271511.3,20260731,405.1333333333334,405.725,404.54166666666674,405.725,404.54166666666674,1.1833333333332803,0.29294054544703063,Moderate,Bearish,Below CPR,Cash Only,Unclassified,False,True,0.34,50,112880037.65,Lower,False,No setup
AGARIND,EQ,AGARWAL INDS CORP LTD.,507.0,507.0,497.0,499.8,21814,10894235.85,20260731,501.26666666666665,502.0,500.5333333333333,502.0,500.5333333333333,1.466666666666697,0.2934507136187869,Moderate,Bearish,Below CPR,Cash Only,Unclassified,False,True,0.3,50,23456192.725,Outside,False,No setup
SHILCTECH,EQ,SHILCHAR TECHNOLOGIES LTD,4492.2,4655.0,4465.4,4580.5,20375,93415877.7,20260731,4566.966666666666,4560.2,4573.733333333333,4573.733333333333,4560.2,13.533333333332848,0.29545537241202596,Moderate,Bullish,Above CPR,Cash Only,Unclassified,False,False,0.22,50,88697987.45,Higher,True,Long
INGERRAND,EQ,INGERSOLL-RAND INDIA LTD,4277.7,4372.0,4260.7,4335.6,48440,210827425.6,20260731,4322.766666666667,4316.35,4329.183333333334,4329.183333333334,4316.35,12.83333333333394,0.29599901589938965,Moderate,Bullish,Above CPR,Cash Only,Unclassified,False,False,0.34,50,71286811.4,Higher,False,No setup
GODREJPROP,EQ,GODREJ PROPERTIES LTD,2125.0,2134.0,2096.1,2105.7,585747,1239482437.7,20260731,2111.9333333333334,2115.05,2108.8166666666666,2115.05,2108.8166666666666,6.233333333333576,0.2960219087872715,Moderate,Bearish,Below CPR,Cash Only,Realty,False,True,0.34,50,1170884860.5,Lower,False,No setup
AGROPHOS,EQ,AGRO PHOS INDIA LIMITED,29.5,29.5,28.74,29.25,10545,308480.48,20260731,29.16333333333333,29.119999999999997,29.206666666666663,29.206666666666663,29.119999999999997,0.086666666666666,0.296296296296294,Moderate,Bullish,Above CPR,Cash Only,Unclassified,False,False,0.26,50,445423.205,Higher,False,No setup
AARON,EQ,AARON INDUSTRIES LIMITED,133.0,139.4,131.01,135.81,21371,2902606.6,20260731,135.40666666666667,135.20499999999998,135.60833333333335,135.60833333333335,135.20499999999998,0.4033333333333644,0.2969835309133086,Moderate,Bullish,Above CPR,Cash Only,Unclassified,False,False,0.34,50,1087065.6949999998,Higher,False,No setup
TITAN,EQ,TITAN COMPANY LIMITED,4850.0,4886.0,4820.9,4875.2,1003314,4886272127.9,20260731,4860.7,4853.45,4867.95,4867.95,4853.45,14.5,0.2974236954381359,Moderate,Bullish,Above CPR,Cash Only,Consumer Durables,False,False,0.5,50,3147366970.1,Higher,False,No setup
MATRIMONY,EQ,MATRIMONY.COM LIMITED,445.0,445.0,432.9,437.0,4663,2043378.05,20260731,438.3,438.95,437.65000000000003,438.95,437.65000000000003,1.2999999999999545,0.2974828375285937,Moderate,Bearish,Below CPR,Cash Only,Unclassified,False,True,0.32,50,4804595.775,Higher,False,No setup
ICICIPRULI,EQ,ICICI PRU LIFE INS CO LTD,511.0,517.2,509.0,515.4,1002334,515296279.1,20260731,513.8666666666667,513.1,514.6333333333333,514.6333333333333,513.1,1.533333333333303,0.2975035571077421,Moderate,Bullish,Above CPR,Cash Only,Financial Services,False,False,0.42,50,697220977.425,Higher,False,No setup
ELITECON,EQ,ELITECON INTERNATIONAL L,15.82,15.85,15.57,15.64,705090,11053970.12,20260731,15.686666666666667,15.71,15.663333333333334,15.71,15.663333333333334,0.046666666666666856,0.2983802216538801,Moderate,Bearish,Below CPR,Cash Only,Unclassified,False,True,0.16,50,46086164.825,Lower,True,Short
INDBANK,EQ,INDBANK MERCH BANK,31.91,32.5,31.91,32.35,12278,397061.36,20260731,32.25333333333333,32.205,32.30166666666666,32.30166666666666,32.205,0.09666666666666401,0.2988150437918517,Moderate,Bullish,Above CPR,Cash Only,Unclassified,False,False,0.46,50,972798.14,Overlapping,False,No setup
WELCORP,EQ,WELSPUN CORP LIMITED,1668.4,1671.0,1645.0,1650.6,382124,632572939.0,20260731,1655.5333333333335,1658.0,1653.066666666667,1658.0,1653.066666666667,4.933333333332939,0.2988812149117254,Moderate,Bearish,Below CPR,Cash Only,Capital Goods,False,True,0.42,50,1147528605.7,Lower,False,No setup
TMPV,EQ,TATA MOTORS PASS VEH LTD,335.55,341.95,334.5,339.75,8527463,2885036582.7,20260731,338.73333333333335,338.225,339.2416666666667,339.2416666666667,338.225,1.0166666666666515,0.2992396369879769,Moderate,Bullish,Above CPR,Cash Only,Automobile and Auto Components,False,False,0.34,50,3375832852.875,Higher,False,No setup
MUKANDLTD,EQ,MUKAND LTD.,140.1,142.1,139.47,141.42,60392,8519408.08,20260731,140.99666666666667,140.785,141.20833333333334,141.20833333333334,140.785,0.4233333333333462,0.2993447414321498,Moderate,Bullish,Above CPR,Cash Only,Unclassified,False,False,0.38,50,14334814.32,Higher,False,No setup
CDSL,EQ,CENTRAL DEPO SER (I) LTD,1338.0,1348.0,1330.0,1333.0,745681,998472952.8,20260731,1337.0,1339.0,1335.0,1339.0,1335.0,4.0,0.30007501875468867,Moderate,Bearish,Below CPR,Cash Only,Financial Services,False,True,0.38,50,1793061402.85,Outside,False,No setup
TIMETECHNO,EQ,TIME TECHNOPLAST LTD.,209.19,211.5,207.5,208.56,2951632,619418720.9,20260731,209.18666666666664,209.5,208.87333333333328,209.5,208.87333333333328,0.626666666666722,0.3004730852832384,Moderate,Bearish,Below CPR,Cash Only,Unclassified,False,True,0.36,50,586048969.365,Lower,False,No setup
AQYLON,EQ,AQYLON NEXUS LIMITED,25.93,26.06,25.15,25.49,9646392,247814667.19,20260731,25.566666666666663,25.604999999999997,25.52833333333333,25.604999999999997,25.52833333333333,0.07666666666666799,0.30077154439650056,Moderate,Bearish,Below CPR,Cash Only,Unclassified,False,True,0.14,50,93179048.04,Higher,True,No setup
SANOFICONR,EQ,SANOFI CONS HEALTHC IND L,4603.0,4659.9,4520.8,4611.2,4534,20804883.9,20260731,4597.3,4590.35,4604.25,4604.25,4590.35,13.899999999999636,0.3014399722414911,Moderate,Bullish,Above CPR,Cash Only,Unclassified,False,False,0.5,50,19871368.9,Lower,False,No setup
VAIBHAVGBL,EQ,VAIBHAV GLOBAL LIMITED,264.0,271.64,263.49,266.36,309743,82933515.06,20260731,267.16333333333336,267.565,266.7616666666667,267.565,266.7616666666667,0.8033333333332848,0.30159683636179785,Moderate,Bearish,Below CPR,Cash Only,Unclassified,False,True,0.26,50,79400340.73500001,Overlapping,False,No setup
FEDERALBNK,EQ,FEDERAL BANK LTD,355.4,359.7,354.75,358.85,3907564,1399043850.6,20260731,357.7666666666667,357.225,358.3083333333334,358.3083333333334,357.225,1.0833333333333712,0.30189029771028875,Moderate,Bullish,Above CPR,Cash Only,Financial Services,False,False,0.52,50,2206459868.8,Higher,False,No setup
TVTODAY,EQ,TV TODAY NETWORK LTD,113.64,116.69,111.72,113.69,121702,13788290.4,20260731,114.03333333333335,114.205,113.8616666666667,114.205,113.8616666666667,0.3433333333333053,0.3019907936786923,Moderate,Bearish,Below CPR,Cash Only,Unclassified,False,True,0.46,50,5131922.9,Overlapping,False,No setup
SRHHYPOLTD,EQ,SREE RAYALSEEMA HHP LTD.,487.65,491.0,482.2,484.4,1152,560846.6,20260731,485.8666666666666,486.6,485.1333333333332,486.6,485.1333333333332,1.4666666666668107,0.3027800715662285,Moderate,Bearish,Below CPR,Cash Only,Unclassified,False,True,0.42,50,2748465.0,Higher,False,No setup
MANAKCOAT,EQ,MAN COAT METAL & IND LTD,121.15,122.88,118.15,119.97,151673,18380194.21,20260731,120.33333333333333,120.515,120.15166666666666,120.515,120.15166666666666,0.36333333333334394,0.30285349115057425,Moderate,Bearish,Below CPR,Cash Only,Unclassified,False,True,0.28,50,26579347.595,Lower,False,No setup
UNITDSPR,EQ,UNITED SPIRITS LIMITED,1532.9,1535.0,1510.6,1515.9,784002,1192126654.5,20260731,1520.5,1522.8,1518.2,1522.8,1518.2,4.599999999999909,0.3034500956527415,Moderate,Bearish,Below CPR,Cash Only,Fast Moving Consumer Goods,False,True,0.34,50,1014125952.95,Overlapping,False,No setup
VHL,EQ,VARDHMAN HOLDINGS LIMITED,3364.6,3435.0,3330.0,3398.0,572,1936226.8,20260731,3387.6666666666665,3382.5,3392.833333333333,3392.833333333333,3382.5,10.33333333333303,0.30410045124582197,Moderate,Bullish,Above CPR,Cash Only,Unclassified,False,False,0.44,50,1468653.35,Inside,False,No setup
ASAHIINDIA,EQ,ASAHI INDIA GLASS LIMITED,872.15,889.85,871.25,876.55,116454,102289891.85,20260731,879.2166666666666,880.55,877.8833333333332,880.55,877.8833333333332,2.6666666666667425,0.30422299545567766,Moderate,Bearish,Below CPR,Cash Only,Automobile and Auto Components,False,True,0.42,50,65143324.075,Higher,False,No setup
GODREJCP,EQ,GODREJ CONSUMER PRODUCTS,1071.2,1076.3,1054.7,1070.4,674686,720435793.6,20260731,1067.1333333333334,1065.5,1068.7666666666669,1068.7666666666669,1065.5,3.266666666666879,0.3051818634778474,Moderate,Bullish,Above CPR,Cash Only,Fast Moving Consumer Goods,False,False,0.38,50,800567714.6,Lower,False,No setup
LANCORHOL,EQ,LANCOR HOLDINGS LIMITED,25.21,27.35,25.21,26.16,62296,1658092.22,20260731,26.24,26.28,26.199999999999996,26.28,26.199999999999996,0.0800000000000054,0.30581039755353745,Moderate,Bearish,Below CPR,Cash Only,Unclassified,False,True,0.14,50,1466026.9100000001,Outside,True,No setup
FORCEMOT,EQ,FORCE MOTORS LIMITED,17789.0,18347.0,17622.0,17902.0,158205,2845540026.0,20260731,17957.0,17984.5,17929.5,17984.5,17929.5,55.0,0.30722824265445203,Moderate,Bearish,Below CPR,Cash Only,Automobile and Auto Components,False,True,0.26,50,1718189972.0,Higher,False,No setup
YESBANK,EQ,YES BANK LIMITED,22.54,22.85,22.48,22.77,37775562,858315816.32,20260731,22.7,22.665,22.735,22.735,22.665,0.07000000000000028,0.3074220465524826,Moderate,Bullish,Above CPR,Cash Only,Financial Services,False,False,0.52,50,2091369282.04,Overlapping,False,No setup
EXIDEIND,EQ,EXIDE INDUSTRIES LTD,456.65,459.6,444.15,449.8,6655019,3003655868.65,20260731,451.18333333333334,451.875,450.4916666666667,451.875,450.4916666666667,1.3833333333333258,0.3075440936712596,Moderate,Bearish,Below CPR,Cash Only,Automobile and Auto Components,False,True,0.34,50,1395076319.775,Higher,False,No setup
MTNL,EQ,MAHANAGAR TELEPHONE NIGAM,27.1,27.38,26.93,27.03,626351,17002126.63,20260731,27.113333333333333,27.155,27.071666666666665,27.155,27.071666666666665,0.0833333333333357,0.3082994203970984,Moderate,Bearish,Below CPR,Cash Only,Unclassified,False,True,0.26,50,29790707.07,Overlapping,False,No setup
SENORES,EQ,SENORES PHARMACEUTICALS L,1298.9,1329.9,1293.6,1305.7,155205,203634158.7,20260731,1309.7333333333333,1311.75,1307.7166666666667,1311.75,1307.7166666666667,4.033333333333303,0.3089019938219578,Moderate,Bearish,Below CPR,Cash Only,Unclassified,False,True,0.22,50,335541273.65,Higher,True,No setup
SHRIRAMFIN,EQ,SHRIRAM FINANCE LIMITED,1029.2,1054.6,1029.1,1046.7,6318223,6604821371.5,20260731,1043.4666666666665,1041.85,1045.083333333333,1045.083333333333,1041.85,3.233333333333121,0.30890735963820776,Moderate,Bullish,Above CPR,Cash Only,Financial Services,False,False,0.38,50,5203477431.299999,Higher,False,No setup
DEEPAKFERT,EQ,DEEPAK FERTILIZERS & PETR,1533.1,1608.8,1511.2,1552.8,1138901,1789103302.2,20260731,1557.6000000000001,1560.0,1555.2000000000003,1560.0,1555.2000000000003,4.799999999999727,0.30911901081914783,Moderate,Bearish,Below CPR,Cash Only,Chemicals,False,True,0.36,50,446548291.54999995,Inside,False,No setup
ASIANENE,EQ,ASIAN ENERGY SERVICES LTD,395.9,403.4,390.0,398.55,371042,147900191.6,20260731,397.31666666666666,396.7,397.93333333333334,397.93333333333334,396.7,1.2333333333333485,0.3094551081002003,Moderate,Bullish,Above CPR,Cash Only,Unclassified,False,False,0.26,50,113688014.275,Higher,False,No setup
SKIPPER,EQ,SKIPPER LIMITED,532.9,536.65,523.75,527.75,669864,355989559.3,20260731,529.3833333333333,530.2,528.5666666666666,530.2,528.5666666666666,1.6333333333334394,0.309489973156502,Moderate,Bearish,Below CPR,Cash Only,Unclassified,False,True,0.34,50,319311473.20000005,Higher,False,No setup
RUSHIL,EQ,RUSHIL DECOR LIMITED,17.25,17.57,17.05,17.23,248419,4300159.75,20260731,17.283333333333335,17.310000000000002,17.256666666666668,17.310000000000002,17.256666666666668,0.053333333333334565,0.3095376281679313,Moderate,Bearish,Below CPR,Cash Only,Unclassified,False,True,0.24,50,8681592.335,Lower,True,Short
SCHNEIDER,EQ,SCHNEIDER ELECTRIC INFRA,1315.0,1391.0,1307.0,1355.3,895818,1225672399.1,20260731,1351.1000000000001,1349.0,1353.2000000000003,1353.2000000000003,1349.0,4.200000000000273,0.30989448830519245,Moderate,Bullish,Above CPR,Cash Only,Capital Goods,False,False,0.32,50,474684308.35,Higher,False,No setup
AERONEU,EQ,AEROFLEX NEU LIMITED,87.43,87.69,85.11,86.0,48368,4178677.35,20260731,86.26666666666667,86.4,86.13333333333333,86.4,86.13333333333333,0.26666666666667993,0.3100775193798604,Moderate,Bearish,Below CPR,Cash Only,Unclassified,False,True,0.22,50,4752732.82,Higher,True,No setup
POWERINDIA,EQ,HITACHI ENERGY INDIA LTD,31900.0,32750.0,31900.0,32175.0,166141,5376159065.0,20260731,32275.0,32325.0,32225.0,32325.0,32225.0,100.0,0.3108003108003108,Moderate,Bearish,Below CPR,Cash Only,Capital Goods,False,True,0.28,50,4589397052.5,Higher,False,No setup
NIITMTS,EQ,NIIT LEARNING SYSTEMS LTD,241.88,244.45,237.41,239.81,62379,14950576.42,20260731,240.5566666666667,240.93,240.1833333333334,240.93,240.1833333333334,0.7466666666666129,0.31135760254643796,Moderate,Bearish,Below CPR,Cash Only,Unclassified,False,True,0.28,50,57100890.155,Lower,False,No setup
SHARDAMOTR,EQ,SHARDA MOTOR INDS LTD,862.4,881.2,853.25,871.3,45628,39797104.45,20260731,868.5833333333334,867.225,869.9416666666667,869.9416666666667,867.225,2.716666666666697,0.3117946363671178,Moderate,Bullish,Above CPR,Cash Only,Unclassified,False,False,0.38,50,34307122.925,Higher,False,No setup
AURUM,EQ,AURUM PROPTECH LIMITED,216.0,221.78,216.0,219.92,136391,29925605.41,20260731,219.23333333333332,218.89,219.57666666666665,219.57666666666665,218.89,0.6866666666666674,0.31223475203104195,Moderate,Bullish,Above CPR,Cash Only,Unclassified,False,False,0.34,50,37917689.53,Higher,False,No setup
ASHIMASYN,EQ,ASHIMA LTD,17.7,18.63,17.7,18.08,122657,2228368.7,20260731,18.136666666666667,18.165,18.108333333333334,18.165,18.108333333333334,0.05666666666666487,0.31342182890854464,Moderate,Bearish,Below CPR,Cash Only,Unclassified,False,True,0.24,50,1186724.395,Overlapping,True,No setup
RELIANCE,EQ,RELIANCE INDUSTRIES LTD,1295.0,1309.7,1293.6,1307.8,8624996,11239164495.9,20260731,1303.7,1301.65,1305.75,1305.75,1301.65,4.099999999999909,0.31350359382167836,Moderate,Bullish,Above CPR,Cash Only,Oil Gas & Consumable Fuels,False,False,0.58,50,17711360129.5,Higher,False,No setup
RCF,EQ,RASHTRIYA CHEMICALS & FER,126.05,127.85,125.75,127.4,721294,91569428.59,20260731,127.0,126.8,127.2,127.2,126.8,0.4000000000000057,0.31397174254317556,Moderate,Bullish,Above CPR,Cash Only,Unclassified,False,False,0.44,50,154802327.92000002,Higher,False,No setup
NATIONALUM,EQ,NATIONAL ALUMINIUM CO LTD,352.0,355.75,347.65,350.05,7186013,2529161953.55,20260731,351.15000000000003,351.7,350.6000000000001,351.7,350.6000000000001,1.099999999999909,0.31424082273958265,Moderate,Bearish,Below CPR,Cash Only,Metals & Mining,False,True,0.24,50,3056799986.7749996,Higher,True,No setup
JAMNAAUTO,EQ,JAMNA AUTO IND LTD,131.04,133.48,130.12,131.18,1167235,154092197.08,20260731,131.59333333333333,131.8,131.38666666666666,131.8,131.38666666666666,0.4133333333333553,0.3150886822178345,Moderate,Bearish,Below CPR,Cash Only,Unclassified,False,True,0.34,50,205756817.16500002,Higher,False,No setup
FISCHER,EQ,FISCHER MEDICAL VENTURE L,39.2,40.27,37.62,39.13,4576082,178901314.7,20260731,39.00666666666667,38.945,39.068333333333335,39.068333333333335,38.945,0.12333333333333485,0.3151886872817144,Moderate,Bullish,Above CPR,Cash Only,Unclassified,False,False,0.28,50,73842678.57,Higher,False,No setup
HGS,EQ,HINDUJA GLOBAL SOLS. LTD.,425.55,429.8,420.0,422.9,19765,8390209.05,20260731,424.2333333333333,424.9,423.5666666666666,424.9,423.5666666666666,1.3333333333333712,0.3152833609206364,Moderate,Bearish,Below CPR,Cash Only,Unclassified,False,True,0.52,50,6718042.800000001,Lower,False,No setup
BVCL,EQ,BARAK VALLEY CEM. LTD.,41.6,42.29,40.5,41.2,11277,466388.67,20260731,41.33,41.394999999999996,41.265,41.394999999999996,41.265,0.12999999999999545,0.3155339805825132,Moderate,Bearish,Below CPR,Cash Only,Unclassified,False,True,0.32,50,503593.95,Lower,False,No setup
CESC,EQ,CESC LTD,165.46,165.95,163.62,165.57,694292,114612087.87,20260731,165.04666666666665,164.785,165.3083333333333,165.3083333333333,164.785,0.5233333333333121,0.3160798051176615,Moderate,Bullish,Above CPR,Cash Only,Power,False,False,0.38,50,207727504.665,Higher,False,No setup
ELECTCAST,EQ,ELECTROSTEEL CASTINGS LTD,71.17,71.5,70.47,70.65,912577,64688077.09,20260731,70.87333333333333,70.985,70.76166666666667,70.985,70.76166666666667,0.22333333333332916,0.31611229063457774,Moderate,Bearish,Below CPR,Cash Only,Unclassified,False,True,0.3,50,121830441.28,Lower,False,No setup
HEIDELBERG,EQ,HEIDELBERGCEMENT (I) LTD,154.73,154.73,152.1,152.69,56208,8590619.13,20260731,153.17333333333332,153.415,152.93166666666664,153.415,152.93166666666664,0.4833333333333485,0.31654550614535887,Moderate,Bearish,Below CPR,Cash Only,Unclassified,False,True,0.54,50,12440739.425,Overlapping,False,No setup
INDIASHLTR,EQ,INDIA SHELTER FIN CORP L,722.7,731.55,714.55,726.5,81697,59047683.5,20260731,724.1999999999999,723.05,725.3499999999999,725.3499999999999,723.05,2.2999999999999545,0.3165863730213289,Moderate,Bullish,Above CPR,Cash Only,Unclassified,False,False,0.38,50,62059246.35,Higher,False,No setup
NAHARINDUS,EQ,NAHAR INDS ENT LTD,113.25,114.5,113.2,113.31,2914,330338.49,20260731,113.67,113.85,113.49000000000001,113.85,113.49000000000001,0.3599999999999852,0.3177124702144429,Moderate,Bearish,Below CPR,Cash Only,Unclassified,False,True,0.44,50,1168685.525,Overlapping,False,No setup
PNGJL,EQ,P N GADGIL JEWELLERS LTD,673.0,688.2,658.8,670.3,838071,563012219.95,20260731,672.4333333333333,673.5,671.3666666666666,673.5,671.3666666666666,2.1333333333334394,0.3182654532796419,Moderate,Bearish,Below CPR,Cash Only,Unclassified,False,True,0.48,50,138716270.3,Overlapping,False,No setup
AFSL,EQ,ABANS FINANCIAL SRVCS LTD,202.91,203.0,201.0,201.04,8711,1752776.45,20260731,201.67999999999998,202.0,201.35999999999996,202.0,201.35999999999996,0.6400000000000432,0.31834460803822284,Moderate,Bearish,Below CPR,Cash Only,Unclassified,False,True,0.92,50,1412178.695,Overlapping,False,No setup
AKCAPIT,EQ,A K CAPITAL SERVICES LTD.,1749.0,1749.0,1621.4,1693.3,5762,9758624.0,20260731,1687.8999999999999,1685.2,1690.5999999999997,1690.5999999999997,1685.2,5.399999999999636,0.3189039154313847,Moderate,Bullish,Above CPR,Cash Only,Unclassified,False,False,0.28,50,2774955.1500000004,Lower,False,No setup
SURANASOL,EQ,SURANA SOLAR LIMITED,26.26,26.52,25.81,26.04,90914,2373780.34,20260731,26.123333333333335,26.165,26.08166666666667,26.165,26.08166666666667,0.0833333333333286,0.3200204813107857,Moderate,Bearish,Below CPR,Cash Only,Unclassified,False,True,0.4,50,1487917.9100000001,Lower,False,No setup
PAKKA,EQ,PAKKA LIMITED,70.11,72.15,70.11,70.79,49120,3491284.33,20260731,71.01666666666667,71.13,70.90333333333334,71.13,70.90333333333334,0.22666666666665947,0.32019588454112086,Moderate,Bearish,Below CPR,Cash Only,Unclassified,False,True,0.32,50,4435812.105,Overlapping,False,No setup
GPTINFRA,EQ,GPT INFRAPROJECTS LTD,120.32,121.13,117.25,118.62,89877,10710497.73,20260731,119.0,119.19,118.81,119.19,118.81,0.37999999999999545,0.32035069971336655,Moderate,Bearish,Below CPR,Cash Only,Unclassified,False,True,0.46,50,13310058.35,Lower,False,No setup
CLSEL,EQ,CHAMAN LAL SETIA EXP LTD,283.75,294.7,279.05,285.5,137382,39464687.55,20260731,286.4166666666667,286.875,285.95833333333337,286.875,285.95833333333337,0.9166666666666288,0.32107413893752323,Moderate,Bearish,Below CPR,Cash Only,Unclassified,False,True,0.44,50,15344887.6,Higher,False,No setup
CONFIPET,EQ,CONFIDENCE PETRO IND LTD.,78.27,80.95,77.6,79.66,3040473,242309670.62,20260731,79.40333333333334,79.275,79.53166666666667,79.53166666666667,79.275,0.2566666666666606,0.322202694786167,Moderate,Bullish,Above CPR,Cash Only,Unclassified,False,False,0.14,50,175946405.63,Higher,True,Long
ICICIGI,EQ,ICICI LOMBARD GIC LIMITED,1636.0,1644.5,1618.6,1623.7,471503,767676437.1,20260731,1628.9333333333334,1631.55,1626.3166666666668,1631.55,1626.3166666666668,5.233333333333121,0.3223091293547528,Moderate,Bearish,Below CPR,Cash Only,Financial Services,False,True,0.52,50,995687200.3499999,Lower,False,No setup
HINDOILEXP,EQ,HINDUSTAN OIL EXPLORATION,158.11,163.98,157.04,161.29,794106,128084894.0,20260731,160.76999999999998,160.51,161.02999999999997,161.02999999999997,160.51,0.5199999999999818,0.32240064480127834,Moderate,Bullish,Above CPR,Cash Only,Unclassified,False,False,0.32,50,110923170.795,Higher,False,No setup
RUPA,EQ,RUPA & COMPANY LTD,162.96,163.32,160.34,161.05,53458,8627637.07,20260731,161.57,161.82999999999998,161.31,161.82999999999998,161.31,0.5199999999999818,0.32288109282830285,Moderate,Bearish,Below CPR,Cash Only,Unclassified,False,True,0.38,50,17557565.884999998,Higher,False,No setup
POKARNA,EQ,POKARNA LIMITED,927.3,946.8,919.9,937.9,23854,22375248.6,20260731,934.8666666666667,933.3499999999999,936.3833333333334,936.3833333333334,933.3499999999999,3.0333333333335304,0.32341756406157696,Moderate,Bullish,Above CPR,Cash Only,Unclassified,False,False,0.3,50,58744738.375,Higher,False,No setup
MHRIL,EQ,MAHINDRA HOLIDAYS LTD,216.99,219.7,215.0,218.41,63811,13880875.5,20260731,217.70333333333335,217.35,218.0566666666667,218.0566666666667,217.35,0.7066666666667061,0.32355050898159704,Moderate,Bullish,Above CPR,Cash Only,Unclassified,False,False,0.38,50,38315361.795,Higher,False,No setup
MWL,EQ,MANGALAM WORLDWIDE LTD,35.65,36.3,35.35,36.0,237599,8539104.45,20260731,35.88333333333333,35.825,35.94166666666666,35.94166666666666,35.825,0.11666666666666003,0.32407407407405564,Moderate,Bullish,Above CPR,Cash Only,Unclassified,False,False,0.42,50,13729337.975,Higher,False,No setup
BIRLANU,EQ,BIRLANU LIMITED,1356.0,1356.0,1326.4,1334.7,5477,7338164.2,20260731,1339.0333333333335,1341.2,1336.866666666667,1341.2,1336.866666666667,4.33333333333303,0.3246672161034712,Moderate,Bearish,Below CPR,Cash Only,Unclassified,False,True,0.38,50,11182160.0,Lower,False,No setup
IGCL,EQ,INDOGULF CROPSCIENCES LTD,77.38,78.88,76.16,77.9,216445,16875465.51,20260731,77.64666666666666,77.52,77.77333333333333,77.77333333333333,77.52,0.2533333333333303,0.32520325203251643,Moderate,Bullish,Above CPR,Cash Only,Unclassified,False,False,0.22,50,8956348.065000001,Inside,True,No setup
ITI,EQ,ITI LTD,273.75,277.9,272.8,276.7,163583,45122182.6,20260731,275.8,275.35,276.25,276.25,275.35,0.8999999999999773,0.3252620166244949,Moderate,Bullish,Above CPR,Cash Only,Telecommunication,False,False,0.38,50,95291986.94999999,Higher,False,No setup
KNRCON,EQ,KNR CONSTRU LTD.,121.0,122.9,119.61,121.85,465429,56552688.85,20260731,121.45333333333333,121.255,121.65166666666667,121.65166666666667,121.255,0.3966666666666754,0.32553686226235157,Moderate,Bullish,Above CPR,Cash Only,Unclassified,False,False,0.38,50,115782159.07,Higher,False,No setup
PLATIND,EQ,PLATINUM INDUSTRIES LTD,227.55,228.99,225.0,225.89,38963,8836147.94,20260731,226.62666666666667,226.995,226.25833333333333,226.995,226.25833333333333,0.7366666666666788,0.3261174317883389,Moderate,Bearish,Below CPR,Cash Only,Unclassified,False,True,0.22,50,12173890.875,Lower,True,Short
LUMAXTECH,EQ,LUMAX AUTO TECH LTD,1530.6,1601.9,1519.3,1568.3,246823,386765499.8,20260731,1563.1666666666667,1560.6,1565.7333333333336,1565.7333333333336,1560.6,5.133333333333667,0.32731832770092884,Moderate,Bullish,Above CPR,Cash Only,Unclassified,False,False,0.36,50,186617128.45,Higher,False,No setup
ABLBL,EQ,ADITYA BIRLA LIFES BRAN L,95.5,95.95,94.32,94.67,849945,80814665.65,20260731,94.98,95.13499999999999,94.82500000000002,95.13499999999999,94.82500000000002,0.30999999999997385,0.32745325868804676,Moderate,Bearish,Below CPR,Cash Only,Consumer Services,False,True,0.46,50,61948346.085,Overlapping,False,No setup
HIRECT,EQ,HIND RECTIFIER LIMITED,1305.0,1369.0,1294.4,1338.3,164753,220612507.5,20260731,1333.8999999999999,1331.7,1336.0999999999997,1336.0999999999997,1331.7,4.399999999999636,0.3287753119629109,Moderate,Bullish,Above CPR,Cash Only,Unclassified,False,False,0.18,50,119087866.80000001,Higher,True,Long
DYCL,EQ,DYNAMIC CABLES LIMITED,384.0,403.2,383.3,395.2,406925,160817605.45,20260731,393.90000000000003,393.25,394.55000000000007,394.55000000000007,393.25,1.3000000000000682,0.3289473684210699,Moderate,Bullish,Above CPR,Cash Only,Unclassified,False,False,0.28,50,94042325.92500001,Higher,False,No setup
PILANIINVS,EQ,PILANI INV & IND COR LTD,4348.3,4348.3,4300.0,4302.9,604,2602679.7,20260731,4317.066666666667,4324.15,4309.983333333334,4324.15,4309.983333333334,14.16666666666606,0.32923532191466365,Moderate,Bearish,Below CPR,Cash Only,Unclassified,False,True,0.54,50,6484541.1,Outside,False,No setup
SHOPERSTOP,EQ,SHOPPERS STOP LIMITED,389.0,398.0,385.05,389.6,31384,12298046.65,20260731,390.8833333333334,391.525,390.2416666666668,391.525,390.2416666666668,1.2833333333331893,0.32939767282679394,Moderate,Bearish,Below CPR,Cash Only,Unclassified,False,True,0.32,50,14626643.125,Higher,False,No setup
TFL,EQ,TRANSWARRANTY FIN. LTD.,11.35,11.35,11.0,11.12,1486,16526.86,20260731,11.156666666666666,11.175,11.138333333333332,11.175,11.138333333333332,0.036666666666668846,0.3297362110311947,Moderate,Bearish,Below CPR,Cash Only,Unclassified,False,True,0.22,50,78136.315,Lower,True,Short
PTL,EQ,PTL ENTERPRISES LTD,39.97,39.97,39.26,39.42,27593,1090328.32,20260731,39.55,39.614999999999995,39.485,39.614999999999995,39.485,0.12999999999999545,0.32978183663114014,Moderate,Bearish,Below CPR,Cash Only,Unclassified,False,True,0.54,50,1328796.135,Overlapping,False,No setup
REPRO,EQ,REPRO INDIA LIMITED,384.9,384.95,376.1,378.65,7957,3026814.9,20260731,379.8999999999999,380.525,379.27499999999986,380.525,379.27499999999986,1.2500000000001137,0.33012016373963127,Moderate,Bearish,Below CPR,Cash Only,Unclassified,False,True,0.4,50,4087647.95,Higher,False,No setup
TIMKEN,EQ,TIMKEN INDIA LTD.,3104.6,3168.0,3091.6,3145.4,82305,257813348.0,20260731,3135.0,3129.8,3140.2,3140.2,3129.8,10.399999999999636,0.33064157181915294,Moderate,Bullish,Above CPR,Cash Only,Capital Goods,False,False,0.38,50,135579667.0,Higher,False,No setup
ONWARDTEC,EQ,ONWARD TECHNOLOGIES LTD,296.55,296.55,290.55,292.1,41615,12173947.6,20260731,293.06666666666666,293.55,292.5833333333333,293.55,292.5833333333333,0.966666666666697,0.33093689375785584,Moderate,Bearish,Below CPR,Cash Only,Unclassified,False,True,0.3,50,17689543.97,Lower,False,No setup
PICCADIL,EQ,PICCADILY AGRO INDUSTRI L,729.95,740.7,719.7,733.85,128628,94451802.9,20260731,731.4166666666666,730.2,732.6333333333332,732.6333333333332,730.2,2.4333333333331666,0.33158456541979514,Moderate,Bullish,Above CPR,Cash Only,Unclassified,False,False,0.42,50,92348173.65,Higher,False,No setup
SHREDIGCEM,EQ,SHREE DIGVIJAY CEM CO LTD,73.2,73.5,71.84,72.31,73926,5365214.04,20260731,72.55,72.67,72.42999999999999,72.67,72.42999999999999,0.2400000000000091,0.33190430092657874,Moderate,Bearish,Below CPR,Cash Only,Unclassified,False,True,0.46,50,5687977.6899999995,Overlapping,False,No setup
ALLCARGO,EQ,ALLCARGO LOGISTICS LTD,7.98,8.08,7.9,8.03,1820808,14555344.73,20260731,8.003333333333332,7.99,8.016666666666664,8.016666666666664,7.99,0.02666666666666373,0.3320880033208435,Moderate,Bullish,Above CPR,Cash Only,Unclassified,False,False,0.32,50,25895510.955,Higher,False,No setup
SPECIALITY,EQ,SPECIALITY REST LTD,135.61,135.61,132.0,133.14,20180,2691093.15,20260731,133.58333333333334,133.805,133.36166666666668,133.805,133.36166666666668,0.44333333333332803,0.3329828250963858,Moderate,Bearish,Below CPR,Cash Only,Unclassified,False,True,0.3,50,3975996.945,Higher,False,No setup
PIDILITIND,EQ,PIDILITE INDUSTRIES LTD,1630.5,1637.9,1601.0,1611.4,821463,1327077011.1,20260731,1616.7666666666667,1619.45,1614.0833333333333,1619.45,1614.0833333333333,5.366666666666788,0.3330437300897845,Moderate,Bearish,Below CPR,Cash Only,Chemicals,False,True,0.64,50,1220099741.1,Lower,False,No setup
AUTOAXLES,EQ,AUTOMOTIVE AXLES LIMITED,1811.4,1824.4,1796.0,1801.2,10723,19317987.7,20260731,1807.2,1810.2,1804.2,1810.2,1804.2,6.0,0.3331112591605596,Moderate,Bearish,Below CPR,Cash Only,Unclassified,False,True,0.44,50,11508661.05,Overlapping,False,No setup
EUROPRATIK,EQ,EURO PRATIK SALES LIMITED,304.0,311.0,302.15,305.05,141164,43049822.0,20260731,306.06666666666666,306.575,305.55833333333334,306.575,305.55833333333334,1.0166666666666515,0.33327869748128225,Moderate,Bearish,Below CPR,Cash Only,Unclassified,False,True,0.32,50,48841678.075,Inside,False,No setup
J&KBANK,EQ,J & K BANK LTD.,154.4,157.24,153.2,156.0,4737115,737845728.96,20260731,155.48,155.22,155.73999999999998,155.73999999999998,155.22,0.5199999999999818,0.3333333333333217,Moderate,Bullish,Above CPR,Cash Only,Financial Services,False,False,0.32,50,603705572.285,Higher,False,No setup
AJOONI,EQ,AJOONI BIOTECH LIMITED,4.03,4.07,3.97,4.0,97601,392145.37,20260731,4.013333333333334,4.0200000000000005,4.006666666666667,4.0200000000000005,4.006666666666667,0.013333333333333641,0.33333333333334103,Moderate,Bearish,Below CPR,Cash Only,Unclassified,False,True,0.32,50,1314554.29,Outside,False,No setup
JGCHEM,EQ,J.G.CHEMICALS LIMITED,500.55,508.0,494.55,503.8,85987,43182871.75,20260731,502.1166666666666,501.275,502.95833333333326,502.95833333333326,501.275,1.6833333333332803,0.3341272991927908,Moderate,Bullish,Above CPR,Cash Only,Unclassified,False,False,0.34,50,36810310.575,Higher,False,No setup
IDBI,EQ,IDBI BANK LIMITED,84.5,84.74,83.6,83.75,4088488,343525111.36,20260731,84.02999999999999,84.16999999999999,83.88999999999999,84.16999999999999,83.88999999999999,0.28000000000000114,0.33432835820895657,Moderate,Bearish,Below CPR,Cash Only,Financial Services,False,True,0.32,50,667675482.575,Lower,False,No setup
IVALUE,EQ,IVALUE INFOSOLUTIONS LTD,271.75,282.7,268.15,274.05,240364,66479146.1,20260731,274.96666666666664,275.42499999999995,274.5083333333333,275.42499999999995,274.5083333333333,0.9166666666666288,0.3344888402359528,Moderate,Bearish,Below CPR,Cash Only,Unclassified,False,True,0.28,50,70909120.91,Higher,False,No setup
FLAIR,EQ,FLAIR WRITING INDUST LTD,257.0,260.9,254.7,259.1,40723,10485508.9,20260731,258.2333333333333,257.79999999999995,258.66666666666663,258.66666666666663,257.79999999999995,0.8666666666666742,0.3344911874437183,Moderate,Bullish,Above CPR,Cash Only,Unclassified,False,False,0.44,50,34973680.05,Higher,False,No setup
MAXESTATES,EQ,MAX ESTATES LIMITED,394.5,395.4,387.05,393.2,22780,8936352.65,20260731,391.8833333333334,391.225,392.54166666666674,392.54166666666674,391.225,1.3166666666667197,0.33485927433029494,Moderate,Bullish,Above CPR,Cash Only,Unclassified,False,False,0.46,50,21606624.15,Higher,False,No setup
KALYANIFRG,EQ,KALYANI FORGE LIMITED,610.0,610.0,599.85,601.9,684,413376.95,20260731,603.9166666666666,604.925,602.9083333333333,604.925,602.9083333333333,2.0166666666666515,0.3350501190673952,Moderate,Bearish,Below CPR,Cash Only,Unclassified,False,True,0.34,50,594826.925,Lower,False,No setup
NAUKRI,EQ,INFO EDGE (I) LTD,1236.0,1236.0,1204.1,1226.25,1990511,2440949014.1,20260731,1222.1166666666666,1220.05,1224.1833333333332,1224.1833333333332,1220.05,4.133333333333212,0.33707101597008865,Moderate,Bullish,Above CPR,Cash Only,Consumer Services,False,False,0.44,50,2028495228.9250002,Lower,False,No setup
KRONOX,EQ,KRONOX LAB SCIENCES LTD,152.5,153.13,151.0,151.3,36712,5571921.05,20260731,151.81,152.065,151.555,152.065,151.555,0.5099999999999909,0.33707865168538725,Moderate,Bearish,Below CPR,Cash Only,Unclassified,False,True,0.24,50,12025149.879999999,Lower,True,Short
CENTRUM,EQ,CENTRUM CAPITAL LIMITED,23.24,24.5,23.2,23.73,452457,10818747.53,20260731,23.810000000000002,23.85,23.770000000000003,23.85,23.770000000000003,0.0799999999999983,0.3371260008428078,Moderate,Bearish,Below CPR,Cash Only,Unclassified,False,True,0.28,50,5711142.665,Higher,False,No setup
RBLBANK,EQ,RBL BANK LIMITED,380.0,381.8,373.0,375.5,5846031,2201046734.1,20260731,376.76666666666665,377.4,376.1333333333333,377.4,376.1333333333333,1.2666666666666515,0.33732800710163824,Moderate,Bearish,Below CPR,Cash Only,Financial Services,False,True,0.38,50,1784370387.65,Overlapping,False,No setup
MONTECARLO,EQ,MONTE CARLO FASHIONS LTD.,526.0,530.8,520.5,523.0,44715,23497161.0,20260731,524.7666666666667,525.65,523.8833333333333,525.65,523.8833333333333,1.7666666666666515,0.33779477374123357,Moderate,Bearish,Below CPR,Cash Only,Unclassified,False,True,0.5,50,16254599.575,Lower,False,No setup
KMSUGAR,EQ,K M SUGAR MILLS LTD,27.45,27.9,27.02,27.6,59280,1624752.45,20260731,27.50666666666667,27.46,27.55333333333334,27.55333333333334,27.46,0.09333333333334082,0.33816425120775656,Moderate,Bullish,Above CPR,Cash Only,Unclassified,False,False,0.46,50,2471067.325,Overlapping,False,No setup
DUCON,EQ,DUCON INFRATECHNOLOGIES L,3.01,3.01,2.92,2.95,119799,355221.19,20260731,2.9599999999999995,2.965,2.954999999999999,2.965,2.954999999999999,0.010000000000000675,0.3389830508474805,Moderate,Bearish,Below CPR,Cash Only,Unclassified,False,True,0.4,15,525420.93,Overlapping,False,No setup
SAGCEM,EQ,SAGAR CEMENTS LIMITED,176.01,176.99,172.7,173.96,30970,5394503.99,20260731,174.54999999999998,174.845,174.25499999999997,174.845,174.25499999999997,0.5900000000000318,0.3391584272246676,Moderate,Bearish,Below CPR,Cash Only,Unclassified,False,True,0.4,50,8017549.53,Lower,False,No setup
QUINT,EQ,QUINT DIGITAL LTD.,42.0,42.0,37.0,39.3,1706,64739.65,20260731,39.43333333333333,39.5,39.36666666666666,39.5,39.36666666666666,0.13333333333333997,0.3392705682782188,Moderate,Bearish,Below CPR,Cash Only,Unclassified,False,True,0.2,50,107677.625,Higher,True,No setup
SWELECTES,EQ,SWELECT ENERGY SYS LTD,601.05,602.45,592.2,594.3,6777,4049399.1,20260731,596.3166666666667,597.325,595.3083333333334,597.325,595.3083333333334,2.0166666666666515,0.3393347916316089,Moderate,Bearish,Below CPR,Cash Only,Unclassified,False,True,0.4,50,11677674.95,Lower,False,No setup
LOVABLE,EQ,LOVABLE LINGERIE LTD,69.75,72.4,69.75,71.44,2103,150769.57,20260731,71.19666666666667,71.075,71.31833333333334,71.31833333333334,71.075,0.2433333333333394,0.34061216871968003,Moderate,Bullish,Above CPR,Cash Only,Unclassified,False,False,0.28,50,836942.2250000001,Higher,False,No setup
INDIANHUME,EQ,INDIAN HUME PIPE CO. LTD.,385.45,397.0,380.5,390.75,60990,23840877.1,20260731,389.4166666666667,388.75,390.08333333333337,390.08333333333337,388.75,1.3333333333333712,0.3412241416080285,Moderate,Bullish,Above CPR,Cash Only,Unclassified,False,False,0.24,50,23908616.1,Overlapping,True,No setup
BHARTIARTL,EQ,BHARTI AIRTEL LIMITED,1969.0,1976.4,1947.4,1972.0,6529385,12840545617.9,20260731,1965.2666666666667,1961.9,1968.6333333333332,1968.6333333333332,1961.9,6.733333333333121,0.34144692359701423,Moderate,Bullish,Above CPR,Cash Only,Telecommunication,False,False,0.56,50,11289800520.650002,Higher,False,No setup
KIRIINDUS,EQ,KIRI INDUSTRIES LIMITED,411.2,424.95,408.6,414.65,298795,124923667.9,20260731,416.0666666666666,416.775,415.35833333333323,416.775,415.35833333333323,1.4166666666667425,0.341653603440671,Moderate,Bearish,Below CPR,Cash Only,Unclassified,False,True,0.44,50,67390983.975,Higher,False,No setup
SAFARI,EQ,SAFARI IND (INDIA) LTD,1563.7,1592.9,1542.3,1559.6,114182,178449758.9,20260731,1564.9333333333332,1567.6,1562.2666666666664,1567.6,1562.2666666666664,5.333333333333485,0.3419680259895797,Moderate,Bearish,Below CPR,Cash Only,Unclassified,False,True,0.3,50,67686544.30000001,Lower,False,No setup
ATLANTAELE,EQ,ATLANTA ELECTRICALS LTD,1501.0,1592.8,1501.0,1539.0,90064,139212722.9,20260731,1544.2666666666667,1546.9,1541.6333333333332,1546.9,1541.6333333333332,5.266666666666879,0.34221355858784136,Moderate,Bearish,Below CPR,Cash Only,Unclassified,False,True,0.3684210526315789,38,170968661.35000002,Higher,False,No setup
GCSL,EQ,GRETEX CORPORATE SERVICES,525.0,529.5,516.95,520.55,364587,191011127.45,20260731,522.3333333333334,523.225,521.4416666666667,523.225,521.4416666666667,1.783333333333303,0.3425863669836333,Moderate,Bearish,Below CPR,Cash Only,Unclassified,False,True,0.38,50,221141437.125,Outside,False,No setup
KOTARISUG,EQ,KOTHARI SUG & CHEM LTD.,25.06,25.74,24.56,25.28,12739,320295.47,20260731,25.19333333333333,25.15,25.236666666666665,25.236666666666665,25.15,0.086666666666666,0.34282700421940665,Moderate,Bullish,Above CPR,Cash Only,Unclassified,False,False,0.38,50,757541.345,Lower,False,No setup
HAPPYFORGE,EQ,HAPPY FORGINGS LIMITED,1673.9,1688.2,1634.2,1652.7,43597,72682196.0,20260731,1658.3666666666668,1661.2,1655.5333333333335,1661.2,1655.5333333333335,5.666666666666515,0.34287327807021933,Moderate,Bearish,Below CPR,Cash Only,Unclassified,False,True,0.4,50,110626853.7,Outside,False,No setup
MAGADSUGAR,EQ,MAGADH SUGAR & ENERGY LTD,507.95,507.95,498.0,500.4,6258,3139107.35,20260731,502.1166666666666,502.975,501.2583333333332,502.975,501.2583333333332,1.7166666666668107,0.34305888622438263,Moderate,Bearish,Below CPR,Cash Only,Unclassified,False,True,0.48,50,4461355.050000001,Higher,False,No setup
MIDWESTLTD,EQ,MIDWEST LIMITED,1210.0,1217.9,1182.6,1194.1,7740,9274843.9,20260731,1198.2,1200.25,1196.15,1200.25,1196.15,4.099999999999909,0.343354827903853,Moderate,Bearish,Below CPR,Cash Only,Unclassified,False,True,0.28,50,20241925.25,Lower,False,No setup
LLOYDSME,EQ,LLOYDS METALS N ENERGY L,2025.0,2100.0,2015.1,2047.0,874405,1800234420.0,20260731,2054.0333333333333,2057.55,2050.5166666666664,2057.55,2050.5166666666664,7.033333333333758,0.34359224881943123,Moderate,Bearish,Below CPR,Cash Only,Metals & Mining,False,True,0.38,50,869995431.45,Higher,False,No setup
GENESYS,EQ,GENESYS INTL CORPN LTD,267.9,274.0,266.4,271.6,162642,44152881.4,20260731,270.6666666666667,270.2,271.1333333333334,271.1333333333334,270.2,0.933333333333394,0.34364261168387106,Moderate,Bullish,Above CPR,Cash Only,Unclassified,False,False,0.24,50,133549478.80000001,Inside,True,No setup
WILLAMAGOR,EQ,WILLIAMSON MAGOR,25.21,25.47,25.21,25.21,110,2788.16,20260731,25.296666666666667,25.34,25.253333333333334,25.34,25.253333333333334,0.086666666666666,0.34377892370752083,Moderate,Bearish,Below CPR,Cash Only,Unclassified,False,True,0.16,50,25856.050000000003,Lower,True,Short
PANACEABIO,EQ,PANACEA BIOTEC LTD,414.0,434.0,413.25,421.45,157948,66822911.7,20260731,422.90000000000003,423.625,422.17500000000007,423.625,422.17500000000007,1.4499999999999318,0.34405030252697394,Moderate,Bearish,Below CPR,Cash Only,Unclassified,False,True,0.14,50,135657875.8,Higher,True,No setup
EIHAHOTELS,EQ,EIH ASSOCIATED HOTELS LTD,315.7,317.9,305.2,309.95,31525,9785240.7,20260731,311.01666666666665,311.54999999999995,310.48333333333335,311.54999999999995,310.48333333333335,1.066666666666606,0.3441415282034541,Moderate,Bearish,Below CPR,Cash Only,Unclassified,False,True,0.48,50,4874169.25,Lower,False,No setup
HIMATSEIDE,EQ,HIMATSINGKA SEIDE LTD,79.6,80.27,79.01,79.23,282891,22513587.67,20260731,79.50333333333333,79.64,79.36666666666666,79.64,79.36666666666666,0.27333333333334053,0.3449871681602178,Moderate,Bearish,Below CPR,Cash Only,Unclassified,False,True,0.26,50,48273801.47,Overlapping,False,No setup
CRIZAC,EQ,CRIZAC LIMITED,193.8,198.3,189.94,195.13,305326,59445847.32,20260731,194.45666666666668,194.12,194.79333333333335,194.79333333333335,194.12,0.6733333333333462,0.34506909923299656,Moderate,Bullish,Above CPR,Cash Only,Unclassified,False,False,0.38,50,53949685.885000005,Higher,False,No setup
COCKERILL,EQ,JOHN COCKERILL INDIA LTD.,8510.0,8691.5,8510.0,8645.5,2524,21775637.5,20260731,8615.666666666666,8600.75,8630.583333333332,8630.583333333332,8600.75,29.83333333333212,0.34507354500413073,Moderate,Bullish,Above CPR,Cash Only,Unclassified,False,False,0.12,50,110543863.25,Overlapping,True,No setup
RVNL,EQ,RAIL VIKAS NIGAM LIMITED,223.95,226.52,222.1,225.48,4389129,987146538.32,20260731,224.70000000000002,224.31,225.09000000000003,225.09000000000003,224.31,0.7800000000000296,0.34592868547100836,Moderate,Bullish,Above CPR,Cash Only,Construction,False,False,0.44,50,1248705562.925,Higher,False,No setup
SAIL,EQ,STEEL AUTHORITY OF INDIA,169.66,171.85,167.97,169.03,15525081,2628646766.78,20260731,169.61666666666667,169.91,169.32333333333335,169.91,169.32333333333335,0.5866666666666447,0.34707842789247156,Moderate,Bearish,Below CPR,Cash Only,Metals & Mining,False,True,0.44,50,2612870734.36,Overlapping,False,No setup
IRCTC,EQ,INDIAN RAIL TOUR CORP LTD,494.7,495.7,489.0,489.8,901731,443205776.55,20260731,491.5,492.35,490.65,492.35,490.65,1.7000000000000455,0.3470804409963343,Moderate,Bearish,Below CPR,Cash Only,Consumer Services,False,True,0.62,50,403810507.4,Lower,False,No setup
HINDALCO,EQ,HINDALCO  INDUSTRIES  LTD,979.8,988.0,971.05,974.45,5579336,5465503416.1,20260731,977.8333333333334,979.525,976.1416666666668,979.525,976.1416666666668,3.383333333333212,0.34720440590417284,Moderate,Bearish,Below CPR,Cash Only,Metals & Mining,False,True,0.58,50,5393229785.725,Higher,False,No setup
ABBOTINDIA,EQ,ABBOTT INDIA LIMITED,27505.0,27880.0,27430.0,27800.0,6208,172241655.0,20260731,27703.333333333332,27655.0,27751.666666666664,27751.666666666664,27655.0,96.66666666666424,0.3477218225419577,Moderate,Bullish,Above CPR,Cash Only,Healthcare,False,False,0.58,50,246845007.5,Overlapping,False,No setup
BBTCL,EQ,B&B TRIPLEWALL CONT LTD,233.0,251.0,228.92,241.22,154963,37275841.55,20260731,240.38,239.95999999999998,240.8,240.8,239.95999999999998,0.8400000000000318,0.34822983168892785,Moderate,Bullish,Above CPR,Cash Only,Unclassified,False,False,0.32,50,1386962.005,Higher,False,No setup
NRAIL,EQ,N R AGARWAL INDS LTD,463.95,477.9,463.95,473.4,5454,2564223.65,20260731,471.75,470.92499999999995,472.57500000000005,472.57500000000005,470.92499999999995,1.650000000000091,0.3485424588086377,Moderate,Bullish,Above CPR,Cash Only,Unclassified,False,False,0.24,50,1103190.35,Higher,True,Long
INDUSINDBK,EQ,INDUSIND BANK LIMITED,1011.45,1017.9,996.4,1012.45,2922821,2952792931.75,20260731,1008.9166666666666,1007.15,1010.6833333333333,1010.6833333333333,1007.15,3.533333333333303,0.3489884274120503,Moderate,Bullish,Above CPR,Cash Only,Financial Services,False,False,0.48,50,1725812778.55,Overlapping,False,No setup
SHILPAMED,EQ,SHILPA MEDICARE LTD,604.4,614.95,601.15,611.25,486209,296585858.0,20260731,609.1166666666667,608.05,610.1833333333334,610.1833333333334,608.05,2.1333333333334394,0.3490115882754093,Moderate,Bullish,Above CPR,Cash Only,Unclassified,False,False,0.3,50,468747633.85,Higher,False,No setup
RUSTOMJEE,EQ,KEYSTONE REALTORS LIMITED,404.75,406.9,397.0,399.85,20090,8042228.2,20260731,401.25,401.95,400.55,401.95,400.55,1.3999999999999773,0.35013129923720826,Moderate,Bearish,Below CPR,Cash Only,Unclassified,False,True,0.44,50,8253489.375,Lower,False,No setup
IDFCFIRSTB,EQ,IDFC FIRST BANK LIMITED,84.76,85.74,84.51,84.68,13981195,1190258895.86,20260731,84.97666666666667,85.125,84.82833333333335,85.125,84.82833333333335,0.29666666666665265,0.3503385293654377,Moderate,Bearish,Below CPR,Cash Only,Financial Services,False,True,0.5,50,1599704884.95,Higher,False,No setup
PTCIL,EQ,PTC INDUSTRIES LIMITED,17815.0,18000.0,17661.0,17737.0,9811,174723665.0,20260731,17799.333333333332,17830.5,17768.166666666664,17830.5,17768.166666666664,62.33333333333576,0.35143109507434045,Moderate,Bearish,Below CPR,Cash Only,Capital Goods,False,True,0.48,50,214445258.0,Overlapping,False,No setup
MERCURYEV,EQ,MERCURY EV-TECH LIMITED,35.12,35.61,34.2,35.09,84587,2972847.88,20260731,34.96666666666667,34.905,35.028333333333336,35.028333333333336,34.905,0.12333333333333485,0.3514771539849953,Moderate,Bullish,Above CPR,Cash Only,Unclassified,False,False,0.6,5,3814492.14,Lower,False,No setup
BAJAJ-AUTO,EQ,BAJAJ AUTO LIMITED,11475.0,11590.0,11329.5,11520.5,214380,2469408313.0,20260731,11480.0,11459.75,11500.25,11500.25,11459.75,40.5,0.3515472418731826,Moderate,Bullish,Above CPR,Cash Only,Automobile and Auto Components,False,False,0.54,50,4021496795.25,Higher,False,No setup
BIRLACORPN,EQ,BIRLA CORPORATION LTD,894.0,908.2,882.2,890.5,92599,82971644.65,20260731,893.6333333333333,895.2,892.0666666666666,895.2,892.0666666666666,3.1333333333334394,0.3518622496724806,Moderate,Bearish,Below CPR,Cash Only,Unclassified,False,True,0.46,50,58161143.8,Higher,False,No setup
JLHL,EQ,JUPITER LIFE LINE HOSP L,331.8,334.5,325.0,331.5,167868,55442345.5,20260731,330.3333333333333,329.75,330.91666666666663,330.91666666666663,329.75,1.1666666666666288,0.35193564605328165,Moderate,Bullish,Above CPR,Cash Only,Unclassified,False,False,0.62,50,34125541.25,Inside,False,No setup
BHEL,EQ,BHEL,406.0,412.35,405.95,407.0,6869187,2810139496.8,20260731,408.43333333333334,409.15,407.7166666666667,409.15,407.7166666666667,1.4333333333332803,0.3521703521703391,Moderate,Bearish,Below CPR,Cash Only,Capital Goods,False,True,0.38,50,4181721045.15,Higher,False,No setup
JHS,EQ,JHS SVEND. LAB. LTD,7.75,7.75,7.31,7.57,285789,2180490.03,20260731,7.543333333333333,7.529999999999999,7.556666666666667,7.556666666666667,7.529999999999999,0.026666666666667282,0.3522677234698452,Moderate,Bullish,Above CPR,Cash Only,Unclassified,False,False,0.26,50,494239.96499999997,Inside,False,No setup
PATELENG,EQ,PATEL ENGINEERING LTD.,27.47,27.7,27.25,27.33,3300439,90684208.32,20260731,27.426666666666666,27.475,27.37833333333333,27.475,27.37833333333333,0.09666666666667112,0.35370167093549626,Moderate,Bearish,Below CPR,Cash Only,Unclassified,False,True,0.22,50,123040764.715,Overlapping,True,No setup
COCHINSHIP,EQ,COCHIN SHIPYARD LIMITED,1404.0,1430.8,1400.1,1423.0,1195972,1695731354.2,20260731,1417.9666666666665,1415.4499999999998,1420.4833333333331,1420.4833333333331,1415.4499999999998,5.033333333333303,0.35371281330522153,Moderate,Bullish,Above CPR,Cash Only,Capital Goods,False,False,0.42,50,1465231511.2,Higher,False,No setup
MAGNUM,EQ,MAGNUM VENTURES LTD.,19.58,19.96,19.19,19.68,3680,72550.88,20260731,19.610000000000003,19.575000000000003,19.645000000000003,19.645000000000003,19.575000000000003,0.07000000000000028,0.35569105691057057,Moderate,Bullish,Above CPR,Cash Only,Unclassified,False,False,0.26,50,389223.92500000005,Higher,False,No setup
WONDERLA,EQ,WONDERLA HOLIDAYS LTD.,475.95,484.0,466.3,477.7,44020,20974429.55,20260731,476.0,475.15,476.85,476.85,475.15,1.7000000000000455,0.35587188612100595,Moderate,Bullish,Above CPR,Cash Only,Unclassified,False,False,0.64,50,16910365.725,Higher,False,No setup
GMBREW,EQ,G M BREWERIES LTD,905.3,910.6,895.6,898.3,20740,18643078.75,20260731,901.5,903.1,899.9,903.1,899.9,3.2000000000000455,0.3562284314816927,Moderate,Bearish,Below CPR,Cash Only,Unclassified,False,True,0.48,50,33781946.099999994,Overlapping,False,No setup
EXCELINDUS,EQ,EXCEL INDUSTRIES LTD,994.85,998.6,984.55,986.3,3019,2987776.35,20260731,989.8166666666666,991.575,988.0583333333332,991.575,988.0583333333332,3.516666666666879,0.3565514211362546,Moderate,Bearish,Below CPR,Cash Only,Unclassified,False,True,0.52,50,5282941.325,Overlapping,False,No setup
DCMSRIND,EQ,DCM SHRIRAM IND LTD,38.88,40.06,38.88,39.26,45169,1778327.55,20260731,39.4,39.47,39.33,39.47,39.33,0.14000000000000057,0.3565970453387687,Moderate,Bearish,Below CPR,Cash Only,Unclassified,False,True,0.28,50,5726257.38,Higher,False,No setup
BLSE,EQ,BLS E-SERVICES LIMITED,296.8,304.75,293.35,300.66,640403,192391314.25,20260731,299.58666666666664,299.05,300.1233333333333,300.1233333333333,299.05,1.0733333333332666,0.3569923945098339,Moderate,Bullish,Above CPR,Cash Only,Unclassified,False,False,0.4,50,91970521.285,Higher,False,No setup
VINDHYATEL,EQ,VINDHYA TELELINKS LTD,1999.0,2030.0,1963.3,1985.9,33198,66529437.8,20260731,1993.0666666666668,1996.65,1989.4833333333336,1996.65,1989.4833333333336,7.166666666666515,0.36087751984825595,Moderate,Bearish,Below CPR,Cash Only,Unclassified,False,True,0.14,50,93241095.69999999,Higher,True,No setup
ZENITHSTL,EQ,ZENITH STEEL PIP IND LTD,5.65,5.65,5.49,5.54,124285,689466.88,20260731,5.56,5.57,5.549999999999999,5.57,5.549999999999999,0.02000000000000135,0.36101083032493414,Moderate,Bearish,Below CPR,Cash Only,Unclassified,False,True,0.34,50,517727.32999999996,Overlapping,False,No setup
MAPMYINDIA,EQ,C.E. INFO SYSTEMS LIMITED,1192.15,1192.15,1158.35,1181.65,190731,223589194.0,20260731,1177.3833333333334,1175.25,1179.5166666666669,1179.5166666666669,1175.25,4.266666666666879,0.3610770250638411,Moderate,Bullish,Above CPR,Cash Only,Information Technology,False,False,0.36,50,320537030.775,Overlapping,False,No setup
PRICOLLTD,EQ,PRICOL LIMITED,690.0,715.5,685.35,696.65,1935166,1362745026.6,20260731,699.1666666666666,700.425,697.9083333333333,700.425,697.9083333333333,2.5166666666666515,0.3612526615469248,Moderate,Bearish,Below CPR,Cash Only,Unclassified,False,True,0.5,50,251103666.95,Higher,False,No setup
ZAGGLE,EQ,ZAGGLE PREPA OCEAN SER L,205.69,207.92,203.5,204.6,487886,100250839.37,20260731,205.34,205.70999999999998,204.97000000000003,205.70999999999998,204.97000000000003,0.7399999999999523,0.36168132942324155,Moderate,Bearish,Below CPR,Cash Only,Unclassified,False,True,0.4,50,142767562.49,Overlapping,False,No setup
AEGISVOPAK,EQ,AEGIS VOPAK TERMINALS LTD,294.8,295.47,288.0,290.16,843953,246737685.88,20260731,291.21000000000004,291.735,290.68500000000006,291.735,290.68500000000006,1.0499999999999545,0.36186931348220097,Moderate,Bearish,Below CPR,Cash Only,Oil Gas & Consumable Fuels,False,True,0.28,50,281267301.67499995,Lower,False,No setup
BOMDYEING,EQ,BOMBAY DYEING & MFG. CO L,119.7,122.4,119.34,121.53,321905,38960428.88,20260731,121.08999999999999,120.87,121.30999999999997,121.30999999999997,120.87,0.4399999999999693,0.3620505225047061,Moderate,Bullish,Above CPR,Cash Only,Unclassified,False,False,0.38,50,71548722.155,Higher,False,No setup
RICOAUTO,EQ,RICO AUTO INDUSTRIES LTD,139.68,145.98,139.1,141.77,1742972,248483009.8,20260731,142.28333333333333,142.54,142.02666666666667,142.54,142.02666666666667,0.5133333333333212,0.3620888293244841,Moderate,Bearish,Below CPR,Cash Only,Unclassified,False,True,0.26,50,289180686.47,Higher,False,No setup
BAJAJINDEF,EQ,INDEF MANUFACTURING LTD,234.8,236.9,229.95,234.7,15670,3657072.15,20260731,233.85,233.425,234.27499999999998,234.27499999999998,233.425,0.8499999999999659,0.36216446527480445,Moderate,Bullish,Above CPR,Cash Only,Unclassified,False,False,0.42,50,6181223.025,Overlapping,False,No setup
SENCO,EQ,SENCO GOLD LIMITED,407.4,409.8,401.0,403.2,782575,317532898.3,20260731,404.6666666666667,405.4,403.9333333333334,405.4,403.9333333333334,1.4666666666665833,0.3637566137565931,Moderate,Bearish,Below CPR,Cash Only,Unclassified,False,True,0.4,50,287947652.54999995,Lower,False,No setup
HTMEDIA,EQ,HT MEDIA LIMITED,24.51,25.07,24.5,24.65,39436,977707.9,20260731,24.74,24.785,24.694999999999997,24.785,24.694999999999997,0.09000000000000341,0.36511156186613963,Moderate,Bearish,Below CPR,Cash Only,Unclassified,False,True,0.34,50,2108595.4699999997,Inside,False,No setup
KCPSUGIND,EQ,KCP SUGAR IND CORP LTD.,32.25,33.25,31.0,31.95,264115,8549966.04,20260731,32.06666666666667,32.125,32.00833333333334,32.125,32.00833333333334,0.11666666666666003,0.3651538862806261,Moderate,Bearish,Below CPR,Cash Only,Unclassified,False,True,0.42,50,4342346.555,Overlapping,False,No setup
GHCL,EQ,GHCL LIMITED,444.9,444.9,436.1,438.1,141425,62020459.25,20260731,439.7,440.5,438.9,440.5,438.9,1.6000000000000227,0.3652134215932487,Moderate,Bearish,Below CPR,Cash Only,Unclassified,False,True,0.52,50,85894292.925,Overlapping,False,No setup
DHANUKA,EQ,DHANUKA AGRITECH LTD,1044.0,1044.0,1011.0,1021.9,24905,25562983.2,20260731,1025.6333333333334,1027.5,1023.7666666666669,1027.5,1023.7666666666669,3.733333333333121,0.3653325504778473,Moderate,Bearish,Below CPR,Cash Only,Unclassified,False,True,0.56,50,31545424.75,Lower,False,No setup
FMGOETZE,EQ,FEDERAL-MOGUL GOETZE (IND,479.95,481.4,472.5,474.35,17376,8267784.1,20260731,476.0833333333333,476.95,475.21666666666664,476.95,475.21666666666664,1.7333333333333485,0.36541231861143636,Moderate,Bearish,Below CPR,Cash Only,Unclassified,False,True,0.5,50,18716392.725,Overlapping,False,No setup
IPL,EQ,INDIA PESTICIDES LIMITED,152.5,154.8,151.81,154.15,171718,26359156.12,20260731,153.58666666666667,153.305,153.86833333333334,153.86833333333334,153.305,0.5633333333333326,0.36544491296356313,Moderate,Bullish,Above CPR,Cash Only,Unclassified,False,False,0.4,50,24268593.925,Higher,False,No setup
RENUKA,EQ,SHREE RENUKA SUGARS LTD,21.63,21.99,21.51,21.87,1970045,42816883.87,20260731,21.790000000000003,21.75,21.830000000000005,21.830000000000005,21.75,0.0800000000000054,0.36579789666211887,Moderate,Bullish,Above CPR,Cash Only,Unclassified,False,False,0.38,50,93430532.005,Higher,False,No setup
HONASA,EQ,HONASA CONSUMER LIMITED,448.0,457.85,446.2,449.55,681440,308223801.05,20260731,451.2,452.025,450.375,452.025,450.375,1.6499999999999773,0.36703370036702865,Moderate,Bearish,Below CPR,Cash Only,Fast Moving Consumer Goods,False,True,0.44,50,441146429.2,Higher,False,No setup
ATHERENERG,EQ,ATHER ENERGY LIMITED,1247.0,1274.6,1232.1,1260.3,3182495,3999698540.3,20260731,1255.6666666666667,1253.35,1257.9833333333336,1257.9833333333336,1253.35,4.633333333333667,0.3676373350260785,Moderate,Bullish,Above CPR,Cash Only,Automobile and Auto Components,False,False,0.26,50,3436436406.7,Higher,False,No setup
GILLANDERS,EQ,GILLANDERS ARBUTHNOT LTD,93.1,93.1,86.51,89.31,2507,223095.34,20260731,89.64,89.805,89.475,89.805,89.475,0.3300000000000125,0.36949949613706473,Moderate,Bearish,Below CPR,Cash Only,Unclassified,False,True,0.4,50,275650.44,Higher,False,No setup
AMBUJACEM,EQ,AMBUJA CEMENTS LTD,435.2,438.95,430.25,432.2,1202393,520898001.5,20260731,433.8,434.6,433.0,434.6,433.0,1.6000000000000227,0.3701989819528049,Moderate,Bearish,Below CPR,Cash Only,Construction Materials,False,True,0.52,50,1200387899.85,Overlapping,False,No setup
GIPCL,EQ,GUJ IND POW CO. LTD,162.9,163.23,160.9,161.17,238684,38695071.37,20260731,161.76666666666665,162.065,161.4683333333333,162.065,161.4683333333333,0.5966666666666924,0.37020950962753146,Moderate,Bearish,Below CPR,Cash Only,Unclassified,False,True,0.42,50,47302421.205,Lower,False,No setup
AARNAV,EQ,AARNAV FASHIONS LIMITED,31.1,32.32,30.75,31.36,88784,2809488.7,20260731,31.47666666666667,31.535,31.41833333333334,31.535,31.41833333333334,0.11666666666666003,0.3720238095237884,Moderate,Bearish,Below CPR,Cash Only,Unclassified,False,True,0.28,50,1393602.9700000002,Higher,False,No setup
REPCOHOME,EQ,REPCO HOME FINANCE LTD,387.05,390.5,384.0,385.1,54374,20995602.7,20260731,386.5333333333333,387.25,385.8166666666666,387.25,385.8166666666666,1.433333333333394,0.372197697567747,Moderate,Bearish,Below CPR,Cash Only,Unclassified,False,True,0.48,50,36930197.400000006,Lower,False,No setup
GUJTHEM,EQ,GUJARAT THEMIS BIOSYN LTD,355.05,360.0,352.1,358.05,35587,12684666.9,20260731,356.7166666666667,356.05,357.3833333333334,357.3833333333334,356.05,1.3333333333333712,0.3723874691616733,Moderate,Bullish,Above CPR,Cash Only,Unclassified,False,False,0.38,50,30687699.075000003,Higher,False,No setup
HUDCO,EQ,HSG & URBAN DEV CORPN LTD,197.11,197.98,194.4,195.1,1461868,286243127.01,20260731,195.82666666666668,196.19,195.46333333333337,196.19,195.46333333333337,0.726666666666631,0.37245856825557716,Moderate,Bearish,Below CPR,Cash Only,Financial Services,False,True,0.7,50,394975191.915,Overlapping,False,No setup
TI,EQ,TILAKNAGAR INDUSTRIES LTD,468.0,472.0,463.5,465.15,469117,218778697.95,20260731,466.8833333333334,467.75,466.01666666666677,467.75,466.01666666666677,1.7333333333332348,0.3726396502919993,Moderate,Bearish,Below CPR,Cash Only,Unclassified,False,True,0.4,50,169713158.925,Overlapping,False,No setup
NDRAUTO,EQ,NDR AUTO COMPONENTS LTD,806.35,821.95,804.0,817.55,17161,13925178.2,20260731,814.5,812.975,816.025,816.025,812.975,3.0499999999999545,0.3730658675310323,Moderate,Bullish,Above CPR,Cash Only,Unclassified,False,False,0.36,50,17083326.075000003,Higher,False,No setup
INDIAGLYCO,EQ,INDIA GLYCOLS LTD,1126.1,1160.9,1121.15,1147.45,72666,83340905.5,20260731,1143.1666666666667,1141.025,1145.3083333333334,1145.3083333333334,1141.025,4.283333333333303,0.373291501445231,Moderate,Bullish,Above CPR,Cash Only,Unclassified,False,False,0.4,50,87858097.725,Overlapping,False,No setup
MUFIN,EQ,MUFIN GREEN FINANCE LTD,129.45,133.0,129.0,131.74,1872611,246846241.76,20260731,131.24666666666667,131.0,131.49333333333334,131.49333333333334,131.0,0.4933333333333394,0.3744749759627595,Moderate,Bullish,Above CPR,Cash Only,Unclassified,False,False,0.54,50,130498432.44,Higher,False,No setup
SILINV,EQ,SIL INVESTMENTS LIMITED,426.8,426.8,414.0,418.05,1065,443797.05,20260731,419.6166666666666,420.4,418.83333333333326,420.4,418.83333333333326,1.5666666666667197,0.3747558107084606,Moderate,Bearish,Below CPR,Cash Only,Unclassified,False,True,0.4,50,689043.2250000001,Lower,False,No setup
HLEGLAS,EQ,HLE GLASCOAT LIMITED,423.25,429.95,419.05,426.9,71606,30496067.55,20260731,425.3,424.5,426.1,426.1,424.5,1.6000000000000227,0.37479503396580527,Moderate,Bullish,Above CPR,Cash Only,Unclassified,False,False,0.3,50,62903727.625,Overlapping,False,No setup
SAKHTISUG,EQ,SAKTHI SUGARS LTD,16.6,16.99,16.6,16.89,34034,574635.0,20260731,16.826666666666668,16.795,16.858333333333334,16.858333333333334,16.795,0.06333333333333258,0.3749753305703527,Moderate,Bullish,Above CPR,Cash Only,Unclassified,False,False,0.56,50,1097852.71,Overlapping,False,No setup
MFSL,EQ,MAX FINANCIAL SERV LTD,1517.9,1520.5,1494.4,1499.0,516369,775382563.0,20260731,1504.6333333333332,1507.45,1501.8166666666664,1507.45,1501.8166666666664,5.633333333333667,0.3758060929508784,Moderate,Bearish,Below CPR,Cash Only,Financial Services,False,True,0.58,50,1038022649.55,Lower,False,No setup
WHEELS,EQ,WHEELS INDIA LTD,1411.0,1440.0,1395.1,1409.6,79545,112632124.8,20260731,1414.8999999999999,1417.55,1412.2499999999998,1417.55,1412.2499999999998,5.300000000000182,0.37599318955733413,Moderate,Bearish,Below CPR,Cash Only,Unclassified,False,True,0.26,50,162466074.6,Lower,False,No setup
GOODYEAR,EQ,GOODYEAR INDIA LIMITED,833.4,835.0,822.1,833.25,19773,16421325.6,20260731,830.1166666666667,828.55,831.6833333333334,831.6833333333334,828.55,3.1333333333334394,0.37603760376038875,Moderate,Bullish,Above CPR,Cash Only,Unclassified,False,False,0.68,50,5937398.324999999,Overlapping,False,No setup
ASHOKAMET,EQ,ASHOKA METCAST LIMITED,14.3,14.5,14.02,14.18,23503,332816.59,20260731,14.233333333333334,14.26,14.206666666666669,14.26,14.206666666666669,0.05333333333333101,0.37611659614478854,Moderate,Bearish,Below CPR,Cash Only,Unclassified,False,True,0.4,50,154797.0,Lower,False,No setup
SIKA,EQ,SIKA INTERPLANT SYSTEMS L,1074.2,1146.8,1072.0,1115.7,28227,31593999.7,20260731,1111.5,1109.4,1113.6,1113.6,1109.4,4.199999999999818,0.376445280989497,Moderate,Bullish,Above CPR,Cash Only,Unclassified,False,False,0.24,50,28127052.5,Higher,True,Long
HDFCBANK,EQ,HDFC BANK LTD,753.95,757.55,747.2,748.15,25522483,19132330689.35,20260731,750.9666666666667,752.375,749.5583333333334,752.375,749.5583333333334,2.816666666666606,0.37648421662321807,Moderate,Bearish,Below CPR,Cash Only,Financial Services,False,True,0.7,50,25956181844.425003,Overlapping,False,No setup
ALKEM,EQ,ALKEM LABORATORIES LTD.,5825.0,5833.0,5735.0,5751.5,116595,673002898.0,20260731,5773.166666666667,5784.0,5762.333333333334,5784.0,5762.333333333334,21.66666666666606,0.3767133211625847,Moderate,Bearish,Below CPR,Cash Only,Healthcare,False,True,0.68,50,633087341.0,Overlapping,False,No setup
BOSCHLTD,EQ,BOSCH LIMITED,41590.0,41715.0,40920.0,41085.0,19054,785397045.0,20260731,41240.0,41317.5,41162.5,41317.5,41162.5,155.0,0.3772666423268833,Moderate,Bearish,Below CPR,Cash Only,Automobile and Auto Components,False,True,0.48,50,1260573177.5,Overlapping,False,No setup
HUBTOWN,EQ,HUBTOWN LIMITED,189.0,192.0,187.0,190.58,538385,101822290.87,20260731,189.86,189.5,190.22000000000003,190.22000000000003,189.5,0.7200000000000273,0.3777941022143075,Moderate,Bullish,Above CPR,Cash Only,Unclassified,False,False,0.36,50,98548792.82499999,Higher,False,No setup
METROGLOBL,EQ,METROGLOBAL LTD.,127.3,135.0,127.3,131.9,902,118569.25,20260731,131.4,131.15,131.65,131.65,131.15,0.5,0.37907505686125853,Moderate,Bullish,Above CPR,Cash Only,Unclassified,False,False,0.36,50,153436.145,Higher,False,No setup
KOTHARIPRO,EQ,KOTHARI PRODUCTS LTD,68.3,68.3,66.0,66.77,6817,455932.33,20260731,67.02333333333333,67.15,66.89666666666665,67.15,66.89666666666665,0.2533333333333587,0.37941191153715553,Moderate,Bearish,Below CPR,Cash Only,Unclassified,False,True,0.38,50,610722.735,Higher,False,No setup
FOSECOIND,EQ,FOSECO INDIA LTD,4998.5,5329.5,4996.0,5133.5,6819,35100619.0,20260731,5153.0,5162.75,5143.25,5162.75,5143.25,19.5,0.3798577968247784,Moderate,Bearish,Below CPR,Cash Only,Unclassified,False,True,0.4,50,8668126.2,Higher,False,No setup
YUKEN,EQ,YUKEN INDIA LIMITED,713.25,720.1,709.5,718.9,5920,4249711.9,20260731,716.1666666666666,714.8,717.5333333333333,717.5333333333333,714.8,2.7333333333333485,0.3802105067927874,Moderate,Bullish,Above CPR,Cash Only,Unclassified,False,False,0.4,50,5224911.725,Higher,False,No setup
GANESHHOU,EQ,GANESH HOUSING LIMITED,738.0,752.0,737.65,740.6,20538,15272791.4,20260731,743.4166666666666,744.825,742.0083333333332,744.825,742.0083333333332,2.8166666666668334,0.3803222612296561,Moderate,Bearish,Below CPR,Cash Only,Unclassified,False,True,0.44,50,29174990.9,Lower,False,No setup
RHETAN,EQ,RHETAN TMT LIMITED,30.65,31.04,30.65,30.67,7037881,217241141.49,20260731,30.786666666666665,30.845,30.72833333333333,30.845,30.72833333333333,0.11666666666666714,0.38039343549614324,Moderate,Bearish,Below CPR,Cash Only,Unclassified,False,True,0.26,50,143901765.42000002,Inside,False,No setup
UTTAMSUGAR,EQ,UTTAM SUGAR MILLS LTD.,225.7,225.7,221.5,222.33,19016,4244172.16,20260731,223.17666666666665,223.6,222.7533333333333,223.6,222.7533333333333,0.8466666666666924,0.38081530457729157,Moderate,Bearish,Below CPR,Cash Only,Unclassified,False,True,0.36,50,12430841.41,Inside,False,No setup
UJJIVANSFB,EQ,UJJIVAN SMALL FINANC BANK,70.02,72.8,69.88,71.75,18147741,1307096238.15,20260731,71.47666666666667,71.34,71.61333333333334,71.61333333333334,71.34,0.27333333333334053,0.380952380952391,Moderate,Bullish,Above CPR,Cash Only,Unclassified,False,False,0.28,50,739296678.315,Higher,False,No setup
DSSL,EQ,DYNACONS SYS & SOLN LTD,1229.0,1241.0,1211.1,1233.1,24101,29738397.9,20260731,1228.3999999999999,1226.05,1230.7499999999998,1230.7499999999998,1226.05,4.699999999999818,0.38115319114425583,Moderate,Bullish,Above CPR,Cash Only,Unclassified,False,False,0.18,50,67524736.94999999,Inside,True,No setup
LAURUSLABS,EQ,LAURUS LABS LIMITED,1785.0,1826.6,1785.0,1816.2,2502579,4541436373.6,20260731,1809.2666666666667,1805.8,1812.7333333333333,1812.7333333333333,1805.8,6.933333333333394,0.3817494402231799,Moderate,Bullish,Above CPR,Cash Only,Healthcare,False,False,0.48,50,2818991807.8,Higher,False,No setup
UFLEX,EQ,UFLEX LIMITED,475.25,476.7,470.0,470.65,36710,17320086.65,20260731,472.45,473.35,471.54999999999995,473.35,471.54999999999995,1.8000000000000682,0.38244980346331,Moderate,Bearish,Below CPR,Cash Only,Unclassified,False,True,0.48,50,20039627.5,Lower,False,No setup
NPBET,EQ,TATAAML - NPBET,287.98,287.98,284.71,284.71,62,17693.17,20260731,285.8,286.345,285.255,286.345,285.255,1.0900000000000318,0.38284570264480766,Moderate,Bearish,Below CPR,Cash Only,Unclassified,False,True,0.66,50,239435.495,Higher,False,No setup
CUPID,EQ,CUPID LIMITED,230.3,234.45,229.44,230.62,12456414,2896220085.6,20260731,231.50333333333333,231.945,231.06166666666667,231.945,231.06166666666667,0.8833333333333258,0.383025467580143,Moderate,Bearish,Below CPR,Cash Only,Unclassified,False,True,0.22,50,5003043708.17,Higher,True,No setup
VOEPL,EQ,VIRTUOSO OPTOELECTRONIC L,477.0,483.7,468.0,478.6,37707,17860964.2,20260731,476.7666666666667,475.85,477.6833333333334,477.6833333333334,475.85,1.8333333333333712,0.3830617077587487,Moderate,Bullish,Above CPR,Cash Only,Unclassified,False,False,0.21739130434782608,23,46974732.35,Inside,True,No setup
DCMFINSERV,EQ,DCM FINANCIAL SERVICES LT,5.19,5.37,5.01,5.22,5285,27641.7,20260731,5.199999999999999,5.1899999999999995,5.209999999999999,5.209999999999999,5.1899999999999995,0.019999999999999574,0.38314176245209913,Moderate,Bullish,Above CPR,Cash Only,Unclassified,False,False,0.6,5,27641.7,Overlapping,False,No setup
SUNDRMFAST,EQ,SUNDRAM FASTENERS LTD,975.0,980.0,963.65,977.45,53330,51913850.95,20260731,973.7000000000002,971.825,975.5750000000003,975.5750000000003,971.825,3.7500000000002274,0.3836513376643539,Moderate,Bullish,Above CPR,Cash Only,Unclassified,False,False,0.62,50,57702005.775,Higher,False,No setup
PRINCEPIPE,EQ,PRINCE PIPES FITTINGS LTD,263.8,264.95,260.0,264.0,75978,19983865.4,20260731,262.98333333333335,262.475,263.4916666666667,263.4916666666667,262.475,1.0166666666666515,0.38510101010100434,Moderate,Bullish,Above CPR,Cash Only,Unclassified,False,False,0.48,50,63963226.425,Outside,False,No setup
PATELRMART,EQ,PATEL RETAIL LIMITED,225.9,228.69,220.0,225.65,166611,37536994.97,20260731,224.78,224.345,225.215,225.215,224.345,0.8700000000000045,0.3855528473299378,Moderate,Bullish,Above CPR,Cash Only,Unclassified,False,False,0.46,50,19906569.92,Higher,False,No setup
ADANIGREEN,EQ,ADANI GREEN ENERGY LTD,1368.8,1397.0,1353.0,1383.0,1571946,2159854087.6,20260731,1377.6666666666667,1375.0,1380.3333333333335,1380.3333333333335,1375.0,5.333333333333485,0.3856350927934552,Moderate,Bullish,Above CPR,Cash Only,Power,False,False,0.28,50,3692975949.8,Higher,False,No setup
PETRONET,EQ,PETRONET LNG LIMITED,278.8,281.3,276.95,280.75,1110722,310869564.15,20260731,279.6666666666667,279.125,280.20833333333337,280.20833333333337,279.125,1.0833333333333712,0.38587117839122753,Moderate,Bullish,Above CPR,Cash Only,Oil Gas & Consumable Fuels,False,False,0.68,50,592858832.0,Higher,False,No setup
ANGELONE,EQ,ANGEL ONE LIMITED,293.0,299.95,292.5,297.95,4626956,1376263027.35,20260731,296.8,296.225,297.375,297.375,296.225,1.1499999999999773,0.38597080046986987,Moderate,Bullish,Above CPR,Cash Only,Financial Services,False,False,0.4,50,2171237202.575,Higher,False,No setup
BHARATFORG,EQ,BHARAT FORGE LTD,2164.7,2212.6,2161.5,2199.8,952103,2091400431.3,20260731,2191.3,2187.05,2195.55,2195.55,2187.05,8.5,0.3863987635239567,Moderate,Bullish,Above CPR,Cash Only,Automobile and Auto Components,False,False,0.54,50,1653873727.75,Higher,False,No setup
SUNDROP,EQ,SUNDROP BRANDS LIMITED,668.4,675.0,663.65,665.45,11406,7630384.75,20260731,668.0333333333334,669.325,666.7416666666668,669.325,666.7416666666668,2.5833333333332575,0.38820848047685885,Moderate,Bearish,Below CPR,Cash Only,Unclassified,False,True,0.48,50,7656725.25,Lower,False,No setup
BFINVEST,EQ,BF INVESTMENT LIMITED,450.0,458.4,446.0,454.85,29486,13356620.45,20260731,453.0833333333333,452.2,453.96666666666664,453.96666666666664,452.2,1.7666666666666515,0.38840643435564504,Moderate,Bullish,Above CPR,Cash Only,Unclassified,False,False,0.34,50,14125547.725,Higher,False,No setup
DREAMFOLKS,EQ,DREAMFOLKS SERVICES LTD,67.88,67.88,66.22,66.66,37545,2506801.61,20260731,66.92,67.05,66.79,67.05,66.79,0.2599999999999909,0.39003900390037644,Moderate,Bearish,Below CPR,Cash Only,Unclassified,False,True,0.42,50,3906674.42,Lower,False,No setup
STCINDIA,EQ,THE STATE TRADING CORPN,118.8,121.67,117.92,120.5,106622,12779710.93,20260731,120.03000000000002,119.795,120.26500000000003,120.26500000000003,119.795,0.4700000000000273,0.3900414937759562,Moderate,Bullish,Above CPR,Cash Only,Unclassified,False,False,0.32,50,5629168.275,Higher,False,No setup
BLKASHYAP,EQ,B.L.KASHYAP & SON LTD,54.6,54.62,53.66,54.46,165119,8958401.68,20260731,54.24666666666667,54.14,54.35333333333334,54.35333333333334,54.14,0.21333333333333826,0.39172481331865266,Moderate,Bullish,Above CPR,Cash Only,Unclassified,False,False,0.52,50,14394640.47,Higher,False,No setup
SAKSOFT,EQ,SAKSOFT LIMITED,168.0,172.1,164.51,169.3,758340,127739975.74,20260731,168.63666666666668,168.305,168.96833333333336,168.96833333333336,168.305,0.6633333333333553,0.39180941130145025,Moderate,Bullish,Above CPR,Cash Only,Unclassified,False,False,0.3,50,138059219.665,Overlapping,False,No setup
DEVX,EQ,DEV ACCELERATOR LIMITED,34.39,34.39,33.89,33.94,10854,369458.93,20260731,34.07333333333333,34.14,34.00666666666666,34.14,34.00666666666666,0.13333333333333997,0.39285012767631106,Moderate,Bearish,Below CPR,Cash Only,Unclassified,False,True,0.5,50,2757828.02,Lower,False,No setup
LGEINDIA,EQ,LG ELECTRONICS INDIA LTD,1505.0,1513.8,1484.8,1490.5,383211,574754619.1,20260731,1496.3666666666668,1499.3,1493.4333333333336,1499.3,1493.4333333333336,5.866666666666333,0.3936039360393381,Moderate,Bearish,Below CPR,Cash Only,Consumer Durables,False,True,0.5,50,592510964.55,Lower,False,No setup
PARACABLES,EQ,PARAMOUNT COMM LTD,62.99,66.0,62.99,64.88,978684,63300447.37,20260731,64.62333333333333,64.495,64.75166666666667,64.75166666666667,64.495,0.2566666666666606,0.39560213727907,Moderate,Bullish,Above CPR,Cash Only,Unclassified,False,False,0.24,50,168858695.85500002,Higher,True,Long
TRITURBINE,EQ,TRIVENI TURBINE LIMITED,610.55,610.55,600.0,601.7,668553,403779327.55,20260731,604.0833333333334,605.275,602.8916666666668,605.275,602.8916666666668,2.383333333333212,0.3960999390615277,Moderate,Bearish,Below CPR,Cash Only,Capital Goods,False,True,0.28,50,465680489.575,Lower,False,No setup
PRIMO,EQ,PRIMO CHEMICALS LIMITED,25.07,26.28,24.5,25.24,287446,7297120.01,20260731,25.34,25.39,25.29,25.39,25.29,0.10000000000000142,0.39619651347068713,Moderate,Bearish,Below CPR,Cash Only,Unclassified,False,True,0.24,50,3521169.085,Higher,True,No setup
SURAKSHA,EQ,SURAKSHA DIAGNOSTIC LTD,248.85,253.0,248.3,252.15,58393,14729342.7,20260731,251.15,250.65,251.65,251.65,250.65,1.0,0.396589331746976,Moderate,Bullish,Above CPR,Cash Only,Unclassified,False,False,0.44,50,7660280.325,Higher,False,No setup
MARSONS,EQ,MARSONS LIMITED,110.0,111.84,109.55,110.04,688691,76078385.15,20260731,110.47666666666667,110.695,110.25833333333335,110.695,110.25833333333335,0.436666666666639,0.39682539682537166,Moderate,Bearish,Below CPR,Cash Only,Unclassified,False,True,0.22,50,173866373.49,Higher,True,No setup
VEEDOL,EQ,VEEDOL CORPORATION LTD,1380.0,1407.9,1374.4,1399.5,8117,11283125.8,20260731,1393.9333333333334,1391.15,1396.7166666666667,1396.7166666666667,1391.15,5.566666666666606,0.3977611051565992,Moderate,Bullish,Above CPR,Cash Only,Unclassified,False,False,0.82,50,12171043.05,Higher,False,No setup
SHEKHAWATI,EQ,SHEKHAWATI INDUSTRIES LTD,12.88,12.89,12.08,12.56,30684,382570.68,20260731,12.51,12.485,12.535,12.535,12.485,0.05000000000000071,0.3980891719745279,Moderate,Bullish,Above CPR,Cash Only,Unclassified,False,False,0.6,5,233781.03,Higher,False,No setup
VINCOFE,EQ,VINTAGE COFFEE N BVRGS L,150.0,153.0,147.75,149.48,1717373,259887268.59,20260731,150.07666666666668,150.375,149.77833333333336,150.375,149.77833333333336,0.5966666666666356,0.39916153777537844,Moderate,Bearish,Below CPR,Cash Only,Unclassified,False,True,0.26,50,308008240.49,Inside,False,No setup
SHANTI,EQ,SHANTI OVERSEAS INDIA LTD,6.55,6.87,6.55,6.67,4549,30515.14,20260731,6.696666666666666,6.71,6.683333333333333,6.71,6.683333333333333,0.026666666666667282,0.39980009995003424,Moderate,Bearish,Below CPR,Cash Only,Unclassified,False,True,0.28,50,132551.06,Inside,False,No setup
AVADHSUGAR,EQ,AVADH SUG & ENERGY LTD,511.9,512.95,501.1,504.0,14710,7452323.15,20260731,506.0166666666667,507.02500000000003,505.0083333333334,507.02500000000003,505.0083333333334,2.0166666666666515,0.4001322751322721,Moderate,Bearish,Below CPR,Cash Only,Unclassified,False,True,0.8,5,11136436.4,Lower,False,No setup
AGIIL,EQ,AGI INFRA LIMITED,312.0,316.5,303.95,312.1,5105755,1587651319.75,20260731,310.85,310.225,311.475,311.475,310.225,1.25,0.40051265619993587,Moderate,Bullish,Above CPR,Cash Only,Unclassified,False,False,0.28,50,728030540.075,Higher,False,No setup
GLAND,EQ,GLAND PHARMA LIMITED,2525.3,2535.9,2500.0,2502.9,266828,671617236.0,20260731,2512.933333333333,2517.95,2507.916666666666,2517.95,2507.916666666666,10.033333333333758,0.4008683260751032,Moderate,Bearish,Below CPR,Cash Only,Healthcare,False,True,0.38,50,1209737285.2,Lower,False,No setup
BEDMUTHA,EQ,BEDMUTHA INDUST LTD,109.61,111.13,108.0,108.91,1915,209064.9,20260731,109.34666666666665,109.565,109.1283333333333,109.565,109.1283333333333,0.43666666666669585,0.40094267437948383,Moderate,Bearish,Below CPR,Cash Only,Unclassified,False,True,0.38,50,317873.28,Overlapping,False,No setup
MUNJALAU,EQ,MUNJAL AUTO IND. LTD.,101.44,102.95,100.95,101.34,247792,25272052.64,20260731,101.74666666666667,101.95,101.54333333333334,101.95,101.54333333333334,0.4066666666666663,0.4012893888559959,Moderate,Bearish,Below CPR,Cash Only,Unclassified,False,True,0.46,50,33335062.869999997,Higher,False,No setup
CENTUM,EQ,CENTUM ELECTRONICS LTD,3520.0,3596.7,3446.8,3543.1,27794,98756101.4,20260731,3528.866666666667,3521.75,3535.9833333333336,3535.9833333333336,3521.75,14.233333333333576,0.40171977458535113,Moderate,Bullish,Above CPR,Cash Only,Unclassified,False,False,0.4,50,145739220.35000002,Higher,False,No setup
MAITHANALL,EQ,MAITHAN ALLOYS LTD,970.0,988.0,967.5,983.7,23467,22990257.5,20260731,979.7333333333332,977.75,981.7166666666665,981.7166666666665,977.75,3.9666666666664696,0.4032394700281051,Moderate,Bullish,Above CPR,Cash Only,Unclassified,False,False,0.34,50,39638070.25,Higher,False,No setup
NIBE,EQ,NIBE LIMITED,1392.5,1398.8,1342.5,1379.0,51814,71336038.5,20260731,1373.4333333333334,1370.65,1376.2166666666667,1376.2166666666667,1370.65,5.566666666666606,0.40367416001933326,Moderate,Bullish,Above CPR,Cash Only,Unclassified,False,False,0.26,50,212600787.9,Overlapping,False,No setup
INFY,EQ,INFOSYS LIMITED,1118.9,1139.3,1107.2,1130.1,14367075,16207771804.1,20260731,1125.5333333333333,1123.25,1127.8166666666666,1127.8166666666666,1123.25,4.566666666666606,0.4040940329764275,Moderate,Bullish,Above CPR,Cash Only,Information Technology,False,False,0.54,50,12965528158.05,Lower,False,No setup
MEDICAMEQ,EQ,MEDICAMEN BIOTECH LIMITED,239.95,239.95,232.0,234.55,6321,1489031.8,20260731,235.5,235.975,235.025,235.975,235.025,0.9499999999999886,0.40503091025367244,Moderate,Bearish,Below CPR,Cash Only,Unclassified,False,True,0.42,50,4280280.05,Lower,False,No setup
ADANIENSOL,EQ,ADANI ENERGY SOLUTION LTD,1666.0,1682.0,1628.8,1645.4,1779312,2937698095.9,20260731,1652.0666666666668,1655.4,1648.7333333333336,1655.4,1648.7333333333336,6.666666666666515,0.40516996880190315,Moderate,Bearish,Below CPR,Cash Only,Power,False,True,0.4,50,4072219314.7,Overlapping,False,No setup
LLOYDSENGG,EQ,LLOYDS ENGG WORK LIMITED,88.4,90.5,87.9,88.66,3936956,351907250.72,20260731,89.02,89.2,88.83999999999999,89.2,88.83999999999999,0.36000000000001364,0.40604556733590536,Moderate,Bearish,Below CPR,Cash Only,Unclassified,False,True,0.24,50,760113220.9849999,Overlapping,True,No setup
GUFICBIO,EQ,GUFIC BIOSCIENCES LTD.,383.0,391.95,383.0,389.85,38177,14857450.05,20260731,388.2666666666667,387.475,389.0583333333334,389.0583333333334,387.475,1.5833333333333712,0.40613911333419805,Moderate,Bullish,Above CPR,Cash Only,Unclassified,False,False,0.3,50,39158098.349999994,Higher,False,No setup
BHARATRAS,EQ,BHARAT RASAYAN LTD,1279.9,1285.0,1260.0,1280.3,10007,12747017.7,20260731,1275.1000000000001,1272.5,1277.7000000000003,1277.7000000000003,1272.5,5.200000000000273,0.40615480746702126,Moderate,Bullish,Above CPR,Cash Only,Unclassified,False,False,0.56,50,9912763.15,Higher,False,No setup
SAKUMA,EQ,SAKUMA EXPORTS LIMITED,1.63,1.65,1.61,1.64,573547,934290.82,20260731,1.633333333333333,1.63,1.6366666666666663,1.6366666666666663,1.63,0.0066666666666663765,0.40650406504063274,Moderate,Bullish,Above CPR,Cash Only,Unclassified,False,False,0.6,5,1016738.69,Overlapping,False,No setup
NILAINFRA,EQ,NILA INFRASTRUCTURES LTD,7.27,7.6,7.25,7.38,479374,3575415.85,20260731,7.41,7.425,7.3950000000000005,7.425,7.3950000000000005,0.02999999999999936,0.4065040650406418,Moderate,Bearish,Below CPR,Cash Only,Unclassified,False,True,0.5,50,1164243.1099999999,Higher,False,No setup
VIDYAWIRES,EQ,VIDYA WIRES LIMITED,89.66,92.5,89.66,91.64,553191,50468089.66,20260731,91.26666666666667,91.08,91.45333333333333,91.45333333333333,91.08,0.37333333333333485,0.40739124108831826,Moderate,Bullish,Above CPR,Cash Only,Unclassified,False,False,0.28,50,141283316.85,Higher,False,No setup
ACE,EQ,ACTION CONST EQUIP LTD,1065.0,1074.5,1053.0,1070.3,297207,317296968.4,20260731,1065.9333333333334,1063.75,1068.1166666666668,1068.1166666666668,1063.75,4.366666666666788,0.4079853000716424,Moderate,Bullish,Above CPR,Cash Only,Capital Goods,False,False,0.4,50,312952553.475,Higher,False,No setup
DICIND,EQ,DIC INDIA LIMITED,505.2,520.0,503.0,514.65,761,391631.35,20260731,512.5500000000001,511.5,513.6000000000001,513.6000000000001,511.5,2.1000000000001364,0.40804430195281,Moderate,Bullish,Above CPR,Cash Only,Unclassified,False,False,0.42,50,830861.25,Overlapping,False,No setup
SHRINGARMS,EQ,SHRINGAR HOU OF MANGALS L,221.0,223.94,219.0,222.84,195416,43344165.38,20260731,221.92666666666665,221.47,222.3833333333333,222.3833333333333,221.47,0.9133333333332985,0.4098605875665493,Moderate,Bullish,Above CPR,Cash Only,Unclassified,False,False,0.64,50,123946468.12,Higher,False,No setup
WAAREEENER,EQ,WAAREE ENERGIES LIMITED,2639.9,2701.9,2625.5,2680.2,1316398,3517535061.3,20260731,2669.2,2663.7,2674.7,2674.7,2663.7,11.0,0.4104171330497724,Moderate,Bullish,Above CPR,Cash Only,Capital Goods,False,False,0.56,50,2214525336.2,Higher,False,No setup
POLYMED,EQ,POLY MEDICURE LIMITED,1667.2,1723.0,1660.0,1702.0,111907,190397049.3,20260731,1695.0,1691.5,1698.5,1698.5,1691.5,7.0,0.4112808460634548,Moderate,Bullish,Above CPR,Cash Only,Healthcare,False,False,0.36,50,187954060.8,Higher,False,No setup
TNPL,EQ,TAMILNADU NEWSPRT & PAPER,151.0,154.4,148.82,150.68,141525,21444036.0,20260731,151.3,151.61,150.99,151.61,150.99,0.6200000000000045,0.41146801168038527,Moderate,Bearish,Below CPR,Cash Only,Unclassified,False,True,0.6,50,9724705.09,Higher,False,No setup
LANDSMILL,EQ,LANDSMILL GREEN LIMITED,0.82,0.83,0.8,0.81,1350479,1099128.13,20260731,0.8133333333333334,0.815,0.8116666666666668,0.815,0.8116666666666668,0.0033333333333331883,0.41152263374483805,Moderate,Bearish,Below CPR,Cash Only,Unclassified,False,True,0.3,50,1942058.955,Overlapping,False,No setup
FINOPB,EQ,FINO PAYMENTS BANK LTD,161.98,162.1,158.05,159.09,428122,68580255.61,20260731,159.74666666666667,160.075,159.41833333333335,160.075,159.41833333333335,0.6566666666666379,0.4127642634148204,Moderate,Bearish,Below CPR,Cash Only,Unclassified,False,True,0.36,50,51065290.545,Lower,False,No setup
SUNTV,EQ,SUN TV NETWORK LIMITED,511.5,517.8,505.8,508.65,186436,95171658.1,20260731,510.75,511.79999999999995,509.70000000000005,511.79999999999995,509.70000000000005,2.099999999999909,0.4128575641403537,Moderate,Bearish,Below CPR,Cash Only,Media Entertainment & Publication,False,True,0.72,50,107132044.525,Lower,False,No setup
LTFOODS,EQ,LT FOODS LIMITED,401.3,416.8,398.8,410.35,2405046,983392668.75,20260731,408.65000000000003,407.8,409.50000000000006,409.50000000000006,407.8,1.7000000000000455,0.41428049226271363,Moderate,Bullish,Above CPR,Cash Only,Fast Moving Consumer Goods,False,False,0.5,50,156540277.0,Higher,False,No setup
TRIGYN,EQ,TRIGYN TECHNOLOGIES LTD,53.64,54.85,53.26,53.72,20366,1101762.32,20260731,53.94333333333333,54.055,53.831666666666656,54.055,53.831666666666656,0.22333333333334338,0.4157359146190308,Moderate,Bearish,Below CPR,Cash Only,Unclassified,False,True,0.34,50,1398786.7349999999,Overlapping,False,No setup
COFORGE,EQ,COFORGE LIMITED,1710.0,1738.8,1681.7,1721.0,3381070,5803851210.2,20260731,1713.8333333333333,1710.25,1717.4166666666665,1717.4166666666665,1710.25,7.166666666666515,0.41642455936470163,Moderate,Bullish,Above CPR,Cash Only,Information Technology,False,False,0.32,50,4421087652.5,Lower,False,No setup
ALICON,EQ,ALICON CASTALLOY LIMITED,686.9,687.1,666.0,672.35,9056,6122604.85,20260731,675.15,676.55,673.75,676.55,673.75,2.7999999999999545,0.416449765747,Moderate,Bearish,Below CPR,Cash Only,Unclassified,False,True,0.52,50,6978600.525,Lower,False,No setup
SAHYADRI,EQ,SAHYADRI INDUSTRIES LTD,304.05,309.0,302.0,303.6,11322,3451251.45,20260731,304.8666666666667,305.5,304.23333333333335,305.5,304.23333333333335,1.2666666666666515,0.41721563460693395,Moderate,Bearish,Below CPR,Cash Only,Unclassified,False,True,0.4,50,1263012.525,Overlapping,False,No setup
AVONMORE,EQ,AVONMORE CAP&MGT SERV LTD,11.0,11.5,10.98,11.17,453758,5093322.29,20260731,11.216666666666667,11.24,11.193333333333333,11.24,11.193333333333333,0.046666666666666856,0.4177857356013147,Moderate,Bearish,Below CPR,Cash Only,Unclassified,False,True,0.32,50,1339904.56,Lower,False,No setup
RADHIKAJWE,EQ,RADHIKA JEWELTECH LIMITED,70.99,73.9,70.5,71.75,3038859,219296132.84,20260731,72.05,72.2,71.89999999999999,72.2,71.89999999999999,0.30000000000001137,0.4181184668989706,Moderate,Bearish,Below CPR,Cash Only,Unclassified,False,True,0.38,50,12088804.355,Higher,False,No setup
ISFT,EQ,INTRASOFT TECH. LTD,78.1,83.5,78.1,81.31,22412,1804205.19,20260731,80.97,80.8,81.14,81.14,80.8,0.3400000000000034,0.4181527487393966,Moderate,Bullish,Above CPR,Cash Only,Unclassified,False,False,0.38,50,1093507.595,Higher,False,No setup
LGHL,EQ,LAXMI GOLDORNA HOUSE LTD,205.76,206.89,201.27,205.37,20066,4107371.39,20260731,204.51,204.07999999999998,204.94,204.94,204.07999999999998,0.8600000000000136,0.4187563909042282,Moderate,Bullish,Above CPR,Cash Only,Unclassified,False,False,0.34,50,5517789.994999999,Inside,False,No setup
UCAL,EQ,UCAL LIMITED,116.0,117.0,113.5,114.53,15070,1733645.9,20260731,115.00999999999999,115.25,114.76999999999998,115.25,114.76999999999998,0.4800000000000182,0.419104164847654,Moderate,Bearish,Below CPR,Cash Only,Unclassified,False,True,0.56,50,1360641.1949999998,Overlapping,False,No setup
KOTHARIPET,EQ,KOTHARI PETROCHEM LTD,136.8,143.7,134.26,139.86,203944,28511799.51,20260731,139.27333333333334,138.98,139.5666666666667,139.5666666666667,138.98,0.5866666666667015,0.41946708613377764,Moderate,Bullish,Above CPR,Cash Only,Unclassified,False,False,0.42,50,6627742.205,Higher,False,No setup
CCAVENUE,EQ,AVENUESAI LIMITED,16.05,16.12,15.78,15.85,17073123,273078839.73,20260731,15.916666666666666,15.95,15.883333333333333,15.95,15.883333333333333,0.06666666666666643,0.4206098843322803,Moderate,Bearish,Below CPR,Cash Only,Unclassified,False,True,0.48,50,193889005.595,Lower,False,No setup
LTM,EQ,LTM LIMITED,4385.1,4385.1,4284.0,4362.1,253082,1102053667.4,20260731,4343.733333333334,4334.55,4352.916666666667,4352.916666666667,4334.55,18.366666666666788,0.4210510228254003,Moderate,Bullish,Above CPR,Cash Only,Information Technology,False,False,0.46,50,1641315746.35,Lower,False,No setup
SHAHALLOYS,EQ,SHAH ALLOYS LIMITED,66.11,67.84,66.0,66.5,963,64154.64,20260731,66.78,66.92,66.64,66.92,66.64,0.28000000000000114,0.4210526315789491,Moderate,Bearish,Below CPR,Cash Only,Unclassified,False,True,0.34,50,542359.3049999999,Overlapping,False,No setup
PARAGMILK,EQ,PARAG MILK FOODS LTD.,214.29,218.23,213.1,214.31,239329,51524494.44,20260731,215.21333333333334,215.665,214.76166666666668,215.665,214.76166666666668,0.9033333333333076,0.42150778467328054,Moderate,Bearish,Below CPR,Cash Only,Unclassified,False,True,0.48,50,78453878.63,Overlapping,False,No setup
TATACONSUM,EQ,TATA CONSUMER PRODUCT LTD,1098.9,1098.9,1081.0,1083.1,1479617,1605657236.2,20260731,1087.6666666666667,1089.95,1085.3833333333334,1089.95,1085.3833333333334,4.566666666666606,0.4216292739974708,Moderate,Bearish,Below CPR,Cash Only,Fast Moving Consumer Goods,False,True,0.6,50,1644281671.95,Lower,False,No setup
PVP,EQ,PVP VENTURES LIMITED,27.01,27.28,26.72,26.83,138050,3722754.12,20260731,26.94333333333333,27.0,26.886666666666663,27.0,26.886666666666663,0.11333333333333684,0.42241272207728975,Moderate,Bearish,Below CPR,Cash Only,Unclassified,False,True,0.3,50,10797798.27,Lower,False,No setup
RSL,EQ,RAJPUTANA STAINLESS LTD,142.98,144.5,139.35,141.03,362540,51411550.06,20260731,141.62666666666667,141.925,141.32833333333332,141.925,141.32833333333332,0.5966666666666924,0.42307783213975214,Moderate,Bearish,Below CPR,Cash Only,Unclassified,False,True,0.56,50,30135426.07,Lower,False,No setup
CRISIL,EQ,CRISIL LTD,4450.0,4450.0,4325.0,4359.8,60624,264692115.0,20260731,4378.266666666666,4387.5,4369.033333333333,4387.5,4369.033333333333,18.46666666666715,0.42356683028274583,Moderate,Bearish,Below CPR,Cash Only,Financial Services,False,True,0.56,50,177129105.0,Lower,False,No setup
NDL,EQ,NANDAN DENIM LIMITED,2.39,2.39,2.36,2.36,722758,1715010.83,20260731,2.3699999999999997,2.375,2.3649999999999993,2.375,2.3649999999999993,0.010000000000000675,0.42372881355935066,Moderate,Bearish,Below CPR,Cash Only,Unclassified,False,True,0.44,50,2127861.17,Higher,False,No setup
INDGN,EQ,INDEGENE LIMITED,510.35,536.5,500.35,515.15,1142293,596237555.9,20260731,517.3333333333334,518.425,516.2416666666668,518.425,516.2416666666668,2.1833333333331666,0.4238247759551911,Moderate,Bearish,Below CPR,Cash Only,Healthcare,False,True,0.46,50,83889691.25,Overlapping,False,No setup
RATEGAIN,EQ,RATEGAIN TRAVEL TECHN LTD,900.1,925.0,900.1,918.4,175349,160604866.35,20260731,914.5,912.55,916.45,916.45,912.55,3.900000000000091,0.42465156794426084,Moderate,Bullish,Above CPR,Cash Only,Unclassified,False,False,0.48,50,348638121.775,Higher,False,No setup
HIKAL,EQ,HIKAL LIMITED,217.0,223.4,216.4,221.31,142203,31440901.97,20260731,220.37,219.9,220.84,220.84,219.9,0.9399999999999977,0.4247435723645555,Moderate,Bullish,Above CPR,Cash Only,Unclassified,False,False,0.26,50,55795405.85,Higher,False,No setup
VEDPOWER,EQ,VEDANTA POWER LIMITED,34.0,35.54,33.06,34.52,31142945,1078215382.4,20260731,34.373333333333335,34.3,34.44666666666667,34.44666666666667,34.3,0.14666666666667538,0.42487446890693903,Moderate,Bullish,Above CPR,Cash Only,Unclassified,False,False,0.20833333333333334,24,1161510820.0900002,Overlapping,True,No setup
PROZONER,EQ,PROZONE REALTY LIMITED,41.6,42.38,41.31,41.58,132966,5545452.71,20260731,41.75666666666667,41.845,41.66833333333334,41.845,41.66833333333334,0.1766666666666623,0.4248837582170811,Moderate,Bearish,Below CPR,Cash Only,Unclassified,False,True,0.42,50,7219387.865,Overlapping,False,No setup
HONDAPOWER,EQ,HONDA I POWER PRODUCT LTD,2123.0,2140.0,2074.6,2093.9,8052,16897652.9,20260731,2102.8333333333335,2107.3,2098.366666666667,2107.3,2098.366666666667,8.933333333333394,0.42663610169221994,Moderate,Bearish,Below CPR,Cash Only,Unclassified,False,True,0.6,50,7894994.75,Lower,False,No setup
TATATECH,EQ,TATA TECHNOLOGIES LIMITED,751.8,752.65,733.0,747.65,433679,323664429.0,20260731,744.4333333333334,742.825,746.0416666666667,746.0416666666667,742.825,3.216666666666697,0.4302369647116561,Moderate,Bullish,Above CPR,Cash Only,Information Technology,False,False,0.4,50,824935023.7750001,Lower,False,No setup
ASTRAL,EQ,ASTRAL LIMITED,1470.9,1471.9,1444.0,1448.6,349000,506751514.9,20260731,1454.8333333333333,1457.95,1451.7166666666665,1457.95,1451.7166666666665,6.233333333333576,0.4303005200423565,Moderate,Bearish,Below CPR,Cash Only,Capital Goods,False,True,0.58,50,788644997.45,Lower,False,No setup
IMPAL,EQ,IND MOTOR PART & ACC LTD,1085.9,1112.8,1070.0,1084.4,2409,2617281.7,20260731,1089.0666666666668,1091.4,1086.7333333333336,1091.4,1086.7333333333336,4.666666666666515,0.43034550596334514,Moderate,Bearish,Below CPR,Cash Only,Unclassified,False,True,0.5,50,3338212.6,Higher,False,No setup
AWFIS,EQ,AWFIS SPACE SOLUTIONS LTD,276.9,280.4,272.2,278.1,133593,37045693.3,20260731,276.9,276.29999999999995,277.5,277.5,276.29999999999995,1.2000000000000455,0.43149946062569056,Moderate,Bullish,Above CPR,Cash Only,Unclassified,False,False,0.46,50,74757027.75,Overlapping,False,No setup
CELEBRITY,EQ,CELEBRITY FASHIONS LTD,7.08,7.08,6.91,6.95,9305,65188.98,20260731,6.98,6.995,6.965000000000001,6.995,6.965000000000001,0.02999999999999936,0.43165467625898357,Moderate,Bearish,Below CPR,Cash Only,Unclassified,False,True,0.38,50,139144.715,Overlapping,False,No setup
ANANTRAJ,EQ,ANANT RAJ LIMITED,613.1,632.4,608.5,624.5,4084776,2543085962.75,20260731,621.8000000000001,620.45,623.1500000000001,623.1500000000001,620.45,2.7000000000000455,0.43234587670136837,Moderate,Bullish,Above CPR,Cash Only,Realty,False,False,0.38,50,1078138915.625,Higher,False,No setup
INA,EQ,INSOLATION ENERGY LIMITED,110.11,112.66,109.45,111.78,384535,42748453.59,20260731,111.29666666666667,111.055,111.53833333333333,111.53833333333333,111.055,0.48333333333332007,0.4323969702391484,Moderate,Bullish,Above CPR,Cash Only,Unclassified,False,False,0.42,50,62309779.2,Higher,False,No setup
PATANJALI,EQ,PATANJALI FOODS LIMITED,357.45,360.65,353.15,354.6,2716085,968960650.9,20260731,356.1333333333334,356.9,355.3666666666668,356.9,355.3666666666668,1.5333333333331893,0.4324121075389704,Moderate,Bearish,Below CPR,Cash Only,Fast Moving Consumer Goods,False,True,0.76,50,1106438278.975,Lower,False,No setup
STARHEALTH,EQ,STAR HEALTH & AL INS CO L,609.35,616.5,593.3,601.0,604638,365824661.35,20260731,603.6,604.9,602.3000000000001,604.9,602.3000000000001,2.599999999999909,0.4326123128119649,Moderate,Bearish,Below CPR,Cash Only,Financial Services,False,True,0.6,50,276481717.57500005,Lower,False,No setup
INDOCO,EQ,INDOCO REMEDIES LTD.,218.9,224.78,217.05,219.49,120448,26578228.17,20260731,220.44000000000003,220.91500000000002,219.96500000000003,220.91500000000002,219.96500000000003,0.9499999999999886,0.4328215408446802,Moderate,Bearish,Below CPR,Cash Only,Unclassified,False,True,0.34,50,29712143.97,Higher,False,No setup
JSWCEMENT,EQ,JSW CEMENT LIMITED,131.43,133.36,131.11,133.1,819457,108636001.74,20260731,132.52333333333334,132.235,132.81166666666667,132.81166666666667,132.235,0.5766666666666538,0.4332582018532335,Moderate,Bullish,Above CPR,Cash Only,Construction Materials,False,False,0.58,50,292945747.375,Higher,False,No setup
INTLCONV,EQ,INTL CONVEYORS LIMITED,73.41,76.5,73.41,74.47,207760,15657239.99,20260731,74.79333333333334,74.955,74.63166666666667,74.955,74.63166666666667,0.3233333333333235,0.4341793115795938,Moderate,Bearish,Below CPR,Cash Only,Unclassified,False,True,0.48,50,3202653.745,Higher,False,No setup
HDBFS,EQ,HDB FINANCIAL SERVICES L,681.15,689.85,673.9,686.35,892196,607716264.95,20260731,683.3666666666667,681.875,684.8583333333333,684.8583333333333,681.875,2.9833333333333485,0.43466647240232364,Moderate,Bullish,Above CPR,Cash Only,Financial Services,False,False,0.58,50,291167106.125,Higher,False,No setup
BIRLAMONEY,EQ,ADITYA BIRLA MONEY LTD,132.5,136.4,131.52,134.84,45563,6131515.05,20260731,134.25333333333333,133.96,134.54666666666665,134.54666666666665,133.96,0.5866666666666447,0.43508355581922625,Moderate,Bullish,Above CPR,Cash Only,Unclassified,False,False,0.3,50,7980719.9350000005,Higher,False,No setup
VIKRAMSOLR,EQ,VIKRAM SOLAR LIMITED,177.0,178.6,174.38,177.65,1148197,203538440.24,20260731,176.87666666666667,176.49,177.26333333333332,177.26333333333332,176.49,0.7733333333333121,0.43531288113330263,Moderate,Bullish,Above CPR,Cash Only,Unclassified,False,False,0.4222222222222222,45,393083478.04,Overlapping,False,No setup
QUESS,EQ,QUESS CORP LIMITED,313.4,347.35,313.4,332.55,17361457,5842156484.15,20260731,331.09999999999997,330.375,331.82499999999993,331.82499999999993,330.375,1.4499999999999318,0.43602465794615297,Moderate,Bullish,Above CPR,Cash Only,Unclassified,False,False,0.56,50,100143904.22,Higher,False,No setup
APOLSINHOT,EQ,APOLLO SINDOORI HOTEL LTD,1199.1,1216.6,1199.1,1200.0,1737,2090132.1,20260731,1205.2333333333333,1207.85,1202.6166666666668,1207.85,1202.6166666666668,5.233333333333121,0.43611111111109346,Moderate,Bearish,Below CPR,Cash Only,Unclassified,False,True,0.38,50,1072585.7,Overlapping,False,No setup
AARTISURF,EQ,AARTI SURFACTANTS LIMITED,393.0,404.45,392.0,400.85,13178,5264089.7,20260731,399.1000000000001,398.225,399.97500000000014,399.97500000000014,398.225,1.7500000000001137,0.4365722838967478,Moderate,Bullish,Above CPR,Cash Only,Unclassified,False,False,0.42,50,3230502.125,Higher,False,No setup
ATLANTAA,EQ,ATLANTAA LIMITED,35.13,36.05,34.61,35.1,13058,460695.35,20260731,35.25333333333333,35.33,35.17666666666666,35.33,35.17666666666666,0.15333333333333599,0.4368471035137777,Moderate,Bearish,Below CPR,Cash Only,Unclassified,False,True,0.32,50,1624530.3,Lower,False,No setup
DIGITIDE,EQ,DIGITIDE SOLUTIONS LTD,101.0,104.5,99.49,101.33,393971,40369624.24,20260731,101.77333333333333,101.995,101.55166666666665,101.995,101.55166666666665,0.44333333333335645,0.43751439192080965,Moderate,Bearish,Below CPR,Cash Only,Unclassified,False,True,0.3,50,23087606.060000002,Inside,False,No setup
ABCOTS,EQ,A B COTSPIN INDIA LIMITED,199.6,203.5,196.81,198.85,5640,1128194.13,20260731,199.72,200.155,199.285,200.155,199.285,0.8700000000000045,0.4375157153633415,Moderate,Bearish,Below CPR,Cash Only,Unclassified,False,True,0.38,50,6620849.63,Overlapping,False,No setup
AVTNPL,EQ,AVT NATURAL PRODUCTS LTD,69.8,72.2,69.8,71.47,31090,2216300.57,20260731,71.15666666666667,71.0,71.31333333333333,71.31333333333333,71.0,0.3133333333333326,0.43841238748192607,Moderate,Bullish,Above CPR,Cash Only,Unclassified,False,False,0.6,50,2958524.0650000004,Higher,False,No setup
RAMRAT,EQ,RAM RATNA WIRES LIMITED,463.0,468.95,422.15,448.5,559386,249929645.55,20260731,446.5333333333333,445.54999999999995,447.51666666666665,447.51666666666665,445.54999999999995,1.966666666666697,0.4384986993682714,Moderate,Bullish,Above CPR,Cash Only,Unclassified,False,False,0.26,50,65179076.6,Lower,False,No setup
SIEMENS,EQ,SIEMENS LTD,3662.1,3808.4,3662.1,3760.0,565322,2131309046.6,20260731,3743.5,3735.25,3751.75,3751.75,3735.25,16.5,0.4388297872340426,Moderate,Bullish,Above CPR,Cash Only,Capital Goods,False,False,0.68,50,1241784148.35,Higher,False,No setup
BLACKBUCK,EQ,BLACKBUCK LIMITED,542.5,555.95,536.2,542.5,440443,241301099.3,20260731,544.8833333333333,546.075,543.6916666666666,546.075,543.6916666666666,2.3833333333334394,0.43932411674349114,Moderate,Bearish,Below CPR,Cash Only,Unclassified,False,True,0.46,50,207344711.35000002,Lower,False,No setup
VIMTALABS,EQ,VIMTA LABS LIMITED,608.4,621.75,604.0,608.85,246132,150378365.65,20260731,611.5333333333333,612.875,610.1916666666666,612.875,610.1916666666666,2.683333333333394,0.440721578932971,Moderate,Bearish,Below CPR,Cash Only,Unclassified,False,True,0.4,50,113329105.4,Higher,False,No setup
ARVINDFASN,EQ,ARVIND FASHIONS LIMITED,450.75,452.05,442.0,450.0,173396,77590533.85,20260731,448.01666666666665,447.025,449.0083333333333,449.0083333333333,447.025,1.9833333333333485,0.44074074074074415,Moderate,Bullish,Above CPR,Cash Only,Unclassified,False,False,0.5,50,103329296.85,Outside,False,No setup
LPDC,EQ,LANDMARK PR.DEV.CO.LTD,6.1,6.18,6.0,6.05,30859,186830.4,20260731,6.076666666666667,6.09,6.063333333333334,6.09,6.063333333333334,0.026666666666665506,0.44077134986223976,Moderate,Bearish,Below CPR,Cash Only,Unclassified,False,True,0.12,50,152272.68,Lower,True,Short
HITECH,EQ,HI-TECH PIPES LIMITED,85.13,86.0,84.42,84.65,253529,21585635.68,20260731,85.02333333333334,85.21000000000001,84.83666666666667,85.21000000000001,84.83666666666667,0.37333333333333485,0.4410316991533784,Moderate,Bearish,Below CPR,Cash Only,Unclassified,False,True,0.44,50,57896399.269999996,Overlapping,False,No setup
NORTHARC,EQ,NORTHERN ARC CAPITAL LTD,286.0,292.8,285.0,287.0,578731,167625441.55,20260731,288.26666666666665,288.9,287.6333333333333,288.9,287.6333333333333,1.2666666666666515,0.441347270615558,Moderate,Bearish,Below CPR,Cash Only,Unclassified,False,True,0.38,50,163473465.125,Higher,False,No setup
VEDL,EQ,VEDANTA LIMITED,268.8,269.0,263.0,264.25,15446979,4103672084.3,20260731,265.4166666666667,266.0,264.83333333333337,266.0,264.83333333333337,1.1666666666666288,0.4415011037527451,Moderate,Bearish,Below CPR,Cash Only,Metals & Mining,False,True,0.54,50,4380215341.375,Lower,False,No setup
MIDHANI,EQ,MISHRA DHATU NIGAM LTD,389.1,397.65,389.1,396.0,220041,86965835.2,20260731,394.25,393.375,395.125,395.125,393.375,1.75,0.4419191919191919,Moderate,Bullish,Above CPR,Cash Only,Unclassified,False,False,0.5,50,325238261.85,Higher,False,No setup
BBL,EQ,BHARAT BIJLEE LTD,2509.9,2576.0,2506.3,2524.4,35955,91453700.9,20260731,2535.566666666667,2541.15,2529.983333333334,2541.15,2529.983333333334,11.16666666666606,0.4423493371361931,Moderate,Bearish,Below CPR,Cash Only,Unclassified,False,True,0.46,50,70676701.4,Higher,False,No setup
TCI,EQ,TRANSPORT CORPN OF INDIA,946.85,946.85,926.5,930.5,45480,42334816.7,20260731,934.6166666666667,936.675,932.5583333333334,936.675,932.5583333333334,4.116666666666561,0.44241447250580984,Moderate,Bearish,Below CPR,Cash Only,Unclassified,False,True,0.64,50,25248878.75,Higher,False,No setup
SHREERAMA,EQ,SHREE RAMA MULTI TECH LTD,38.82,39.42,38.4,39.17,65403,2550822.75,20260731,38.99666666666666,38.91,39.08333333333333,39.08333333333333,38.91,0.173333333333332,0.4425155305931376,Moderate,Bullish,Above CPR,Cash Only,Unclassified,False,False,0.32,50,2849132.11,Overlapping,False,No setup
SOUTHBANK,EQ,THE SOUTH INDIAN BANK LTD,47.0,47.47,46.55,46.7,7682155,361148834.94,20260731,46.906666666666666,47.01,46.803333333333335,47.01,46.803333333333335,0.20666666666666345,0.4425410421127696,Moderate,Bearish,Below CPR,Cash Only,Unclassified,False,True,0.44,50,718800338.1700001,Overlapping,False,No setup
ROML,EQ,RAJ OIL MILLS LIMITED,45.2,45.2,44.21,44.41,2420,107662.98,20260731,44.60666666666666,44.705,44.508333333333326,44.705,44.508333333333326,0.19666666666667254,0.44284320348271233,Moderate,Bearish,Below CPR,Cash Only,Unclassified,False,True,0.44,50,109896.32999999999,Overlapping,False,No setup
ANTGRAPHIC,EQ,ANTARCTICA LTD,0.74,0.77,0.74,0.75,73451,55248.56,20260731,0.7533333333333333,0.755,0.7516666666666666,0.755,0.7516666666666666,0.0033333333333334103,0.4444444444444547,Moderate,Bearish,Below CPR,Cash Only,Unclassified,False,True,0.3,50,105880.94,Higher,False,No setup
SHANTIGEAR,EQ,SHANTHI GEARS LTD,412.0,419.6,410.5,412.3,10845,4496954.55,20260731,414.1333333333334,415.05,413.21666666666675,415.05,413.21666666666675,1.8333333333332575,0.44466003718973013,Moderate,Bearish,Below CPR,Cash Only,Unclassified,False,True,0.76,50,5154305.675000001,Higher,False,No setup
JTEKTINDIA,EQ,JTEKT INDIA LIMITED,135.0,144.55,134.99,140.71,1378726,195176169.33,20260731,140.08333333333334,139.77,140.39666666666668,140.39666666666668,139.77,0.6266666666666652,0.4453604339895282,Moderate,Bullish,Above CPR,Cash Only,Unclassified,False,False,0.5,50,26879258.425,Higher,False,No setup
CMRGREEN,EQ,CMR GREEN TECHNOLOGIES L,216.0,222.8,213.5,216.7,1084961,236393387.95,20260731,217.66666666666666,218.15,217.1833333333333,218.15,217.1833333333333,0.966666666666697,0.44608521765883574,Moderate,Bearish,Below CPR,Cash Only,Unclassified,False,True,0.32432432432432434,37,357363690.25,Higher,False,No setup
NEPHROPLUS,EQ,NEPHROCARE HEALTH SERV L,684.7,691.55,662.6,681.65,77557,52830180.75,20260731,678.6,677.075,680.125,680.125,677.075,3.0499999999999545,0.44744370278001244,Moderate,Bullish,Above CPR,Cash Only,Unclassified,False,False,0.42,50,101876528.1,Lower,False,No setup
GLOBALVECT,EQ,GLOBAL VEC HELICORP LTD,166.17,169.58,162.9,165.13,6227,1031310.7,20260731,165.87,166.24,165.5,166.24,165.5,0.7400000000000091,0.4481317749651844,Moderate,Bearish,Below CPR,Cash Only,Unclassified,False,True,0.4,50,1080948.53,Lower,False,No setup
JAICORPLTD,EQ,JAI CORP LIMITED,102.0,103.49,101.16,101.64,333365,34029733.38,20260731,102.09666666666665,102.32499999999999,101.86833333333331,102.32499999999999,101.86833333333331,0.45666666666667766,0.44929817657091464,Moderate,Bearish,Below CPR,Cash Only,Unclassified,False,True,0.52,50,40965295.075,Higher,False,No setup
TALBROAUTO,EQ,TALBROS AUTO. COMP. LTD,399.0,411.0,399.0,407.75,109588,44613785.85,20260731,405.9166666666667,405.0,406.83333333333337,406.83333333333337,405.0,1.8333333333333712,0.44962190884938597,Moderate,Bullish,Above CPR,Cash Only,Unclassified,False,False,0.38,50,65534794.925,Higher,False,No setup
SOMICONVEY,EQ,SOMI CONVEYOR BELT. LTD.,96.0,96.0,91.4,93.07,10370,971521.99,20260731,93.49000000000001,93.7,93.28000000000002,93.7,93.28000000000002,0.4199999999999875,0.45127323519929896,Moderate,Bearish,Below CPR,Cash Only,Unclassified,False,True,0.44,50,1148809.95,Lower,False,No setup
VOLTAS,EQ,VOLTAS LTD,1340.0,1353.8,1322.0,1328.9,748114,1001716564.3,20260731,1334.9,1337.9,1331.9,1337.9,1331.9,6.0,0.4515012416284145,Moderate,Bearish,Below CPR,Cash Only,Consumer Durables,False,True,0.56,50,1014268933.45,Higher,False,No setup
BLBLIMITED,EQ,BLB LIMITED,15.66,15.8,15.41,15.5,55515,866665.81,20260731,15.57,15.605,15.535,15.605,15.535,0.07000000000000028,0.4516129032258083,Moderate,Bearish,Below CPR,Cash Only,Unclassified,False,True,0.3181818181818182,44,874431.8200000001,Overlapping,False,No setup
SRTL,EQ,SHREE RAM TWISTEX LIMITED,40.39,41.0,39.55,40.55,25361,1024736.95,20260731,40.36666666666667,40.275,40.458333333333336,40.458333333333336,40.275,0.18333333333333712,0.4521167283189572,Moderate,Bullish,Above CPR,Cash Only,Unclassified,False,False,0.56,50,1666774.3599999999,Higher,False,No setup
BBOX,EQ,BLACK BOX LIMITED,749.0,776.0,745.25,755.5,825340,628618550.8,20260731,758.9166666666666,760.625,757.2083333333333,760.625,757.2083333333333,3.4166666666667425,0.4522391352305417,Moderate,Bearish,Below CPR,Cash Only,Unclassified,False,True,0.32,50,472117471.575,Higher,False,No setup
TAALTECH,EQ,TAAL TECH LTD.,3983.3,4004.8,3910.2,3930.8,1626,6402931.4,20260731,3948.6,3957.5,3939.7,3957.5,3939.7,17.800000000000182,0.4528340286964532,Moderate,Bearish,Below CPR,Cash Only,Unclassified,False,True,0.32,50,6843801.75,Overlapping,False,No setup
SPMLINFRA,EQ,SPML INFRA LIMITED,193.1,195.86,190.25,191.75,211397,40875495.72,20260731,192.62,193.055,192.185,193.055,192.185,0.8700000000000045,0.4537157757496764,Moderate,Bearish,Below CPR,Cash Only,Unclassified,False,True,0.38,50,48209735.099999994,Overlapping,False,No setup
VISHNU,EQ,VISHNU CHEMICALS LIMITED,619.9,625.15,609.7,613.25,86957,53480672.0,20260731,616.0333333333333,617.425,614.6416666666667,617.425,614.6416666666667,2.783333333333303,0.45386601440412605,Moderate,Bearish,Below CPR,Cash Only,Unclassified,False,True,0.38,50,47323097.45,Lower,False,No setup
GUJRAFFIA,EQ,GUJARAT RAFFIA INDUST LTD,40.44,40.44,39.4,39.65,534,21190.21,20260731,39.830000000000005,39.92,39.74000000000001,39.92,39.74000000000001,0.1799999999999926,0.4539722572509271,Moderate,Bearish,Below CPR,Cash Only,Unclassified,False,True,0.32,50,116194.695,Overlapping,False,No setup
E2E,EQ,E2E NETWORKS LIMITED,517.15,517.15,510.1,517.15,217316,112373057.35,20260731,514.8000000000001,513.625,515.9750000000001,515.9750000000001,513.625,2.3500000000001364,0.45441361307166905,Moderate,Bullish,Above CPR,Cash Only,Unclassified,False,False,0.24,50,708327325.7,Higher,True,Long
MANAKSIA,EQ,MANAKSIA LTD.,55.7,55.97,54.73,55.73,9755,540935.03,20260731,55.47666666666666,55.349999999999994,55.603333333333325,55.603333333333325,55.349999999999994,0.2533333333333303,0.45457264190441476,Moderate,Bullish,Above CPR,Cash Only,Unclassified,False,False,0.38,50,889646.315,Lower,False,No setup
RITES,EQ,RITES LIMITED,217.5,217.5,213.6,214.09,690173,148304918.95,20260731,215.06333333333336,215.55,214.5766666666667,215.55,214.5766666666667,0.9733333333333007,0.4546374577669675,Moderate,Bearish,Below CPR,Cash Only,Construction,False,True,0.62,50,98685124.37,Lower,False,No setup
DCBBANK,EQ,DCB BANK LIMITED,187.6,188.72,186.0,186.09,815067,152323024.25,20260731,186.9366666666667,187.36,186.51333333333338,187.36,186.51333333333338,0.8466666666666356,0.4549769824636657,Moderate,Bearish,Below CPR,Cash Only,Unclassified,False,True,0.52,50,156308550.775,Lower,False,No setup
RAJSREESUG,EQ,RAJSHREE SUGAR & CHEMICAL,29.36,29.96,29.02,29.29,9528,279550.66,20260731,29.423333333333336,29.490000000000002,29.35666666666667,29.490000000000002,29.35666666666667,0.13333333333333286,0.4552179355866605,Moderate,Bearish,Below CPR,Cash Only,Unclassified,False,True,0.42,50,843870.155,Inside,False,No setup
CANHLIFE,EQ,CANARA HSBC LIFE INS CO L,147.7,149.06,145.84,146.45,210259,30942210.41,20260731,147.11666666666665,147.45,146.7833333333333,147.45,146.7833333333333,0.6666666666666856,0.4552179355866751,Moderate,Bearish,Below CPR,Cash Only,Financial Services,False,True,0.6,50,73955171.035,Outside,False,No setup
GOACARBON,EQ,GOA CARBON LIMITED,381.3,389.4,377.0,380.6,12529,4809059.55,20260731,382.3333333333333,383.2,381.46666666666664,383.2,381.46666666666664,1.7333333333333485,0.4554212646698235,Moderate,Bearish,Below CPR,Cash Only,Unclassified,False,True,0.46,50,3531681.1,Overlapping,False,No setup
SANATHAN,EQ,SANATHAN TEXTILES LIMITED,464.35,495.1,461.3,474.95,74917,35748224.1,20260731,477.11666666666673,478.20000000000005,476.0333333333334,478.20000000000005,476.0333333333334,2.1666666666666288,0.45618837070568036,Moderate,Bearish,Below CPR,Cash Only,Unclassified,False,True,0.4,50,11012102.8,Higher,False,No setup
ITC,EQ,ITC LTD,285.55,285.8,280.05,281.0,16833813,4740804923.6,20260731,282.28333333333336,282.925,281.6416666666667,282.925,281.6416666666667,1.283333333333303,0.45670225385526797,Moderate,Bearish,Below CPR,Cash Only,Fast Moving Consumer Goods,False,True,0.86,50,4218261130.4750004,Lower,False,No setup
SHRIPISTON,EQ,SPR AUTO TECHNOLOGIES LTD,4334.5,4417.0,4313.1,4395.2,39847,173950334.2,20260731,4375.099999999999,4365.05,4385.149999999999,4385.149999999999,4365.05,20.099999999998545,0.45731707317069864,Moderate,Bullish,Above CPR,Cash Only,Unclassified,False,False,0.4,50,174019840.1,Higher,False,No setup
YATHARTH,EQ,YATHARTH HOSP & TRA C S L,826.9,832.95,815.2,818.45,157508,129656160.9,20260731,822.2000000000002,824.075,820.3250000000003,824.075,820.3250000000003,3.7499999999997726,0.4581831510782299,Moderate,Bearish,Below CPR,Cash Only,Unclassified,False,True,0.54,50,199045170.7,Lower,False,No setup
RAYMONDREL,EQ,RAYMOND REALTY LIMITED,645.05,653.95,641.1,643.1,139788,90583398.95,20260731,646.0500000000001,647.5250000000001,644.575,647.5250000000001,644.575,2.9500000000000455,0.4587155963302823,Moderate,Bearish,Below CPR,Cash Only,Unclassified,False,True,0.3,50,304208672.8,Overlapping,False,No setup
DWARKESH,EQ,DWARIKESH SUGAR IND LTD,36.78,37.5,36.07,37.04,929837,34428359.29,20260731,36.87,36.785,36.955,36.955,36.785,0.1700000000000017,0.4589632829373696,Moderate,Bullish,Above CPR,Cash Only,Unclassified,False,False,0.44,50,30538863.985,Overlapping,False,No setup
RKSWAMY,EQ,R K SWAMY LIMITED,103.43,105.3,100.89,102.39,33058,3428250.44,20260731,102.86,103.095,102.625,103.095,102.625,0.46999999999999886,0.45902920207051356,Moderate,Bearish,Below CPR,Cash Only,Unclassified,False,True,0.42,50,4184735.505,Lower,False,No setup
DOLLAR,EQ,DOLLAR INDUSTRIES LIMITED,268.85,269.5,262.15,264.0,91101,24236763.25,20260731,265.21666666666664,265.825,264.6083333333333,265.825,264.6083333333333,1.216666666666697,0.46085858585859735,Moderate,Bearish,Below CPR,Cash Only,Unclassified,False,True,0.7,50,35398790.475,Overlapping,False,No setup
ALEMBICLTD,EQ,ALEMBIC LIMITED,90.0,91.35,89.65,91.13,223183,20270883.56,20260731,90.71,90.5,90.91999999999999,90.91999999999999,90.5,0.4199999999999875,0.4608800614506612,Moderate,Bullish,Above CPR,Cash Only,Unclassified,False,False,0.78,50,17883905.29,Higher,False,No setup
IDEA,EQ,VODAFONE IDEA LIMITED,12.98,13.08,12.76,13.01,387269596,5016846487.28,20260731,12.950000000000001,12.92,12.980000000000002,12.980000000000002,12.92,0.060000000000002274,0.46118370484244636,Moderate,Bullish,Above CPR,Cash Only,Telecommunication,False,False,0.44,50,6019186823.66,Inside,False,No setup
ARVEE,EQ,ARVEE LABORATORIES I LTD,163.5,163.5,152.11,156.72,801,126317.3,20260731,157.44333333333336,157.805,157.0816666666667,157.805,157.0816666666667,0.7233333333333007,0.4615450059553986,Moderate,Bearish,Below CPR,Cash Only,Unclassified,False,True,0.4897959183673469,49,126317.3,Higher,False,No setup
JINDALPHOT,EQ,JINDAL PHOTO LIMITED,1070.6,1079.9,1057.0,1061.1,1064,1135689.7,20260731,1066.0,1068.45,1063.55,1068.45,1063.55,4.900000000000091,0.46178494015645005,Moderate,Bearish,Below CPR,Cash Only,Unclassified,False,True,0.38,50,3892655.5,Overlapping,False,No setup
MAZDOCK,EQ,MAZAGON DOCK SHIPBUIL LTD,2345.0,2401.8,2328.8,2381.8,1599786,3796303618.2,20260731,2370.8,2365.3,2376.3,2376.3,2365.3,11.0,0.46183558653119483,Moderate,Bullish,Above CPR,Cash Only,Capital Goods,False,False,0.68,50,1684941679.3000002,Higher,False,No setup
BIGBLOC,EQ,BIGBLOC CONSTRUCTION LTD,45.01,46.53,45.0,45.45,58213,2649465.08,20260731,45.660000000000004,45.765,45.55500000000001,45.765,45.55500000000001,0.20999999999999375,0.46204620462044826,Moderate,Bearish,Below CPR,Cash Only,Unclassified,False,True,0.36,50,2661736.66,Inside,False,No setup
RACE,EQ,RACE ECO CHAIN LIMITED,110.1,112.0,108.5,109.49,5793,643426.12,20260731,109.99666666666667,110.25,109.74333333333334,110.25,109.74333333333334,0.5066666666666606,0.4627515450421597,Moderate,Bearish,Below CPR,Cash Only,Unclassified,False,True,0.6666666666666666,15,474177.28,Higher,False,No setup
CMPDI,EQ,CENTRAL MINE P N D INST L,238.2,244.99,238.0,239.83,1098080,265921265.74,20260731,240.94000000000003,241.495,240.38500000000005,241.495,240.38500000000005,1.1099999999999568,0.46282783638408737,Moderate,Bearish,Below CPR,Cash Only,Unclassified,False,True,0.26,50,806683666.54,Overlapping,False,No setup
ROUTE,EQ,ROUTE MOBILE LIMITED,551.0,551.0,536.5,540.0,274375,148016579.85,20260731,542.5,543.75,541.25,543.75,541.25,2.5,0.4629629629629629,Moderate,Bearish,Below CPR,Cash Only,Unclassified,False,True,0.5,50,77778337.19999999,Lower,False,No setup
IGPL,EQ,I G PETROCHEMICALS LTD,468.45,475.05,460.9,471.25,16168,7565859.35,20260731,469.06666666666666,467.975,470.1583333333333,470.1583333333333,467.975,2.1833333333332803,0.4633068081343831,Moderate,Bullish,Above CPR,Cash Only,Unclassified,False,False,0.42,50,10133909.0,Higher,False,No setup
TVSSCS,EQ,TVS SUPPLY CHAIN SOL L,135.21,137.28,134.82,135.11,172326,23404671.34,20260731,135.73666666666668,136.05,135.42333333333335,136.05,135.42333333333335,0.6266666666666652,0.46381960377963516,Moderate,Bearish,Below CPR,Cash Only,Unclassified,False,True,0.34,50,64828903.05,Overlapping,False,No setup
IXIGO,EQ,LE TRAVENUES TECHNOLOGY L,193.48,199.79,192.7,197.62,466664,92062121.77,20260731,196.70333333333335,196.245,197.1616666666667,197.1616666666667,196.245,0.9166666666666856,0.46385318624971433,Moderate,Bullish,Above CPR,Cash Only,Unclassified,False,False,0.28,50,217076153.785,Higher,False,No setup
MANOMAY,EQ,MANOMAY TEX INDIA LTD,208.85,211.0,206.85,210.39,132065,27696010.3,20260731,209.41333333333333,208.925,209.90166666666664,209.90166666666664,208.925,0.976666666666631,0.4642172473342987,Moderate,Bullish,Above CPR,Cash Only,Unclassified,False,False,0.34,50,3310444.55,Higher,False,No setup
SURANAT&P,EQ,SURANA TELECOM AND POW LT,18.2,18.3,17.85,17.95,37516,675388.27,20260731,18.033333333333335,18.075000000000003,17.991666666666667,18.075000000000003,17.991666666666667,0.0833333333333357,0.46425255338905685,Moderate,Bearish,Below CPR,Cash Only,Unclassified,False,True,0.56,50,1074865.7650000001,Inside,False,No setup
HESTERBIO,EQ,HESTER BIOSCIENCES LTD,2483.2,2539.0,2451.0,2477.7,13692,34146576.4,20260731,2489.233333333333,2495.0,2483.4666666666662,2495.0,2483.4666666666662,11.533333333333758,0.46548546366928034,Moderate,Bearish,Below CPR,Cash Only,Unclassified,False,True,0.48,50,21742239.15,Overlapping,False,No setup
FABTECH,EQ,FABTECH TECHNOLOGIES LTD,150.08,153.51,147.5,149.46,133879,20250387.54,20260731,150.15666666666667,150.505,149.80833333333334,150.505,149.80833333333334,0.6966666666666583,0.46612248539184953,Moderate,Bearish,Below CPR,Cash Only,Unclassified,False,True,0.44,50,17648691.314999998,Overlapping,False,No setup
INNOVANA,EQ,INNOVANA THINKLABS LTD,331.2,331.2,320.0,327.9,186,60959.85,20260731,326.3666666666667,325.6,327.1333333333333,327.1333333333333,325.6,1.533333333333303,0.46762224255361484,Moderate,Bullish,Above CPR,Cash Only,Unclassified,False,False,0.42,50,1652100.05,Inside,False,No setup
TANLA,EQ,TANLA PLATFORMS LIMITED,592.75,599.0,582.35,586.55,615224,363456424.4,20260731,589.3,590.675,587.925,590.675,587.925,2.75,0.4688432358707698,Moderate,Bearish,Below CPR,Cash Only,Unclassified,False,True,0.42,50,222220497.1,Lower,False,No setup
MMFL,EQ,MM FORGINGS LTD,535.0,551.0,535.0,546.85,30360,16560641.0,20260731,544.2833333333333,543.0,545.5666666666666,545.5666666666666,543.0,2.566666666666606,0.46935478955227317,Moderate,Bullish,Above CPR,Cash Only,Unclassified,False,False,0.5,50,38069422.7,Higher,False,No setup
BRIGHOTEL,EQ,BRIGADE HOTEL VENTURE LTD,59.84,60.54,59.2,59.45,136603,8166045.76,20260731,59.73,59.870000000000005,59.58999999999999,59.870000000000005,59.58999999999999,0.28000000000001535,0.47098402018505525,Moderate,Bearish,Below CPR,Cash Only,Unclassified,False,True,0.8,50,5132670.71,Overlapping,False,No setup
VBL,EQ,VARUN BEVERAGES LIMITED,451.0,451.0,439.85,442.3,7987191,3550903251.35,20260731,444.3833333333334,445.425,443.34166666666675,445.425,443.34166666666675,2.0833333333332575,0.4710226844524661,Moderate,Bearish,Below CPR,Cash Only,Fast Moving Consumer Goods,False,True,0.62,50,2688280452.7749996,Lower,False,No setup
TREEHOUSE,EQ,TREE HOUSE EDU LTD,6.2,6.43,6.2,6.36,4364,27648.8,20260731,6.329999999999999,6.3149999999999995,6.344999999999999,6.344999999999999,6.3149999999999995,0.02999999999999936,0.4716981132075371,Moderate,Bullish,Above CPR,Cash Only,Unclassified,False,False,0.38,50,135480.285,Higher,False,No setup
PPLPHARMA,EQ,PIRAMAL PHARMA LIMITED,198.06,200.8,193.19,195.61,6600377,1305412509.84,20260731,196.53333333333333,196.995,196.07166666666666,196.995,196.07166666666666,0.9233333333333462,0.47202767411346364,Moderate,Bearish,Below CPR,Cash Only,Healthcare,False,True,0.5,50,693213801.53,Overlapping,False,No setup
EIEL,EQ,ENVIRO INFRA ENGINEERS L,213.61,223.99,213.01,220.06,1457887,320708681.44,20260731,219.01999999999998,218.5,219.53999999999996,219.53999999999996,218.5,1.0399999999999636,0.47259838225936723,Moderate,Bullish,Above CPR,Cash Only,Unclassified,False,False,0.44,50,339934810.89,Higher,False,No setup
PARKHOSPS,EQ,PARK MEDI WORLD LIMITED,281.3,301.85,279.3,292.65,2484565,729973277.55,20260731,291.2666666666667,290.57500000000005,291.95833333333337,291.95833333333337,290.57500000000005,1.3833333333333258,0.4726920667463953,Moderate,Bullish,Above CPR,Cash Only,Unclassified,False,False,0.42,50,193826093.39999998,Higher,False,No setup
PROTEAN,EQ,PROTEAN EGOV TECHNO LTD,622.6,628.0,613.05,616.15,129222,80125876.95,20260731,619.0666666666666,620.525,617.6083333333332,620.525,617.6083333333332,2.9166666666667425,0.4733695799183223,Moderate,Bearish,Below CPR,Cash Only,Unclassified,False,True,0.42,50,143033854.675,Lower,False,No setup
DBL,EQ,DILIP BUILDCON LIMITED,421.0,434.3,418.0,429.2,177909,76170196.1,20260731,427.1666666666667,426.15,428.1833333333334,428.1833333333334,426.15,2.0333333333334167,0.47374961168066565,Moderate,Bullish,Above CPR,Cash Only,Unclassified,False,False,0.64,50,43716127.2,Higher,False,No setup
SGFIN,EQ,SG FINSERVE LIMITED,658.8,696.0,658.8,682.25,306774,209438599.3,20260731,679.0166666666667,677.4,680.6333333333333,680.6333333333333,677.4,3.2333333333333485,0.47392207157689237,Moderate,Bullish,Above CPR,Cash Only,Unclassified,False,False,0.34,50,141283993.475,Higher,False,No setup
ENTERO,EQ,ENTERO HEALTHCARE SOLU L,1243.1,1272.0,1233.5,1243.9,43592,54471012.0,20260731,1249.8,1252.75,1246.85,1252.75,1246.85,5.900000000000091,0.47431465551893964,Moderate,Bearish,Below CPR,Cash Only,Unclassified,False,True,0.34,50,102056808.55,Higher,False,No setup
PRESTIGE,EQ,PRESTIGE ESTATE LTD,1595.5,1624.4,1585.0,1616.2,671051,1081003233.6,20260731,1608.5333333333335,1604.7,1612.366666666667,1612.366666666667,1604.7,7.66666666666697,0.4743637338613395,Moderate,Bullish,Above CPR,Cash Only,Realty,False,False,0.34,50,1216627960.9,Overlapping,False,No setup
AARTIPHARM,EQ,AARTI PHARMALABS LIMITED,661.35,674.0,650.8,667.15,155910,103907010.4,20260731,663.9833333333332,662.4,665.5666666666665,665.5666666666665,662.4,3.166666666666515,0.47465587449097135,Moderate,Bullish,Above CPR,Cash Only,Unclassified,False,False,0.5,50,104979293.225,Lower,False,No setup
SGL,EQ,STL GLOBAL LIMITED,9.79,9.99,9.79,9.82,2096,20557.63,20260731,9.866666666666667,9.89,9.843333333333334,9.89,9.843333333333334,0.046666666666666856,0.47522063815343024,Moderate,Bearish,Below CPR,Cash Only,Unclassified,False,True,0.28,50,99892.205,Overlapping,False,No setup
ORKLAINDIA,EQ,ORKLA INDIA LIMITED,562.05,568.55,554.0,557.3,50720,28356299.35,20260731,559.9499999999999,561.275,558.6249999999999,561.275,558.6249999999999,2.650000000000091,0.4755069083079295,Moderate,Bearish,Below CPR,Cash Only,Unclassified,False,True,0.72,50,23300414.05,Lower,False,No setup
PGEL,EQ,PG ELECTROPLAST LTD,615.0,627.45,608.0,613.35,1858933,1151524010.85,20260731,616.2666666666668,617.725,614.8083333333335,617.725,614.8083333333335,2.916666666666515,0.47553055623486024,Moderate,Bearish,Below CPR,Cash Only,Consumer Durables,False,True,0.38,50,1151510447.3249998,Higher,False,No setup
BRNL,EQ,BHARAT ROAD NETWORK LTD,17.89,17.97,17.3,17.51,23879,421830.07,20260731,17.593333333333334,17.634999999999998,17.55166666666667,17.634999999999998,17.55166666666667,0.0833333333333286,0.4759185227488783,Moderate,Bearish,Below CPR,Cash Only,Unclassified,False,True,0.56,50,554521.4450000001,Higher,False,No setup
RADIANTCMS,EQ,RADIANT CASH MGMT SER LTD,36.96,37.3,35.92,36.35,265907,9625136.09,20260731,36.52333333333333,36.61,36.43666666666667,36.61,36.43666666666667,0.173333333333332,0.4768454837230591,Moderate,Bearish,Below CPR,Cash Only,Unclassified,False,True,0.6,50,4430665.21,Lower,False,No setup
ASHIKAG,EQ,ASHIKA GLOBAL SEC LTD,488.0,502.0,487.95,498.55,583994,290083242.3,20260731,496.1666666666667,494.975,497.35833333333335,497.35833333333335,494.975,2.3833333333333258,0.47805302042590025,Moderate,Bullish,Above CPR,Cash Only,Unclassified,False,False,0.6,5,416511337.9,Higher,False,No setup
URBANCO,EQ,URBAN COMPANY LIMITED,131.79,131.94,128.7,129.39,1240274,161561069.12,20260731,130.01,130.32,129.7,130.32,129.7,0.6200000000000045,0.4791714970245032,Moderate,Bearish,Below CPR,Cash Only,Consumer Services,False,True,0.46,50,253152925.78,Lower,False,No setup
OIL,EQ,OIL INDIA LTD,454.95,459.4,451.2,458.6,1629335,744866493.35,20260731,456.3999999999999,455.29999999999995,457.4999999999999,457.4999999999999,455.29999999999995,2.199999999999932,0.47972088966418047,Moderate,Bullish,Above CPR,Cash Only,Oil Gas & Consumable Fuels,False,False,0.72,50,1378641962.35,Overlapping,False,No setup
ETHOSLTD,EQ,ETHOS LIMITED,2519.1,2594.7,2519.0,2575.4,15668,40055662.1,20260731,2563.0333333333333,2556.85,2569.2166666666667,2569.2166666666667,2556.85,12.366666666666788,0.48018430793922445,Moderate,Bullish,Above CPR,Cash Only,Unclassified,False,False,0.54,50,41418643.400000006,Higher,False,No setup
MINDACORP,EQ,MINDA CORPORATION LTD,714.75,714.75,697.25,700.95,301252,212022523.85,20260731,704.3166666666666,706.0,702.6333333333332,706.0,702.6333333333332,3.366666666666788,0.4803005444991494,Moderate,Bearish,Below CPR,Cash Only,Automobile and Auto Components,False,True,0.5,50,248336335.64999998,Overlapping,False,No setup
DCMSHRIRAM,EQ,DCM SHRIRAM LIMITED,1036.4,1052.7,1030.0,1033.9,87857,91168522.4,20260731,1038.8666666666666,1041.35,1036.3833333333332,1041.35,1036.3833333333332,4.966666666666697,0.48038172615017855,Moderate,Bearish,Below CPR,Cash Only,Diversified,False,True,0.64,50,44340733.45,Lower,False,No setup
SANDESH,EQ,SANDESH LTD,960.2,982.0,960.2,978.15,166,161057.5,20260731,973.4499999999999,971.1,975.7999999999998,975.7999999999998,971.1,4.699999999999818,0.4804989009865377,Moderate,Bullish,Above CPR,Cash Only,Unclassified,False,False,0.6,50,245045.0,Overlapping,False,No setup
BAJAJHCARE,EQ,BAJAJ HEALTHCARE LIMITED,328.0,343.05,325.0,336.45,343552,115514306.75,20260731,334.8333333333333,334.025,335.64166666666665,335.64166666666665,334.025,1.6166666666666742,0.48050725714569004,Moderate,Bullish,Above CPR,Cash Only,Unclassified,False,False,0.48,50,59412036.725,Higher,False,No setup
ARCHIDPLY,EQ,ARCHIDPLY IND. LTD,81.5,82.8,80.65,81.14,1012,82345.31,20260731,81.52999999999999,81.725,81.33499999999998,81.725,81.33499999999998,0.3900000000000148,0.48065072713829776,Moderate,Bearish,Below CPR,Cash Only,Unclassified,False,True,0.34,50,528583.5549999999,Inside,False,No setup
SRM,EQ,SRM CONTRACTORS LIMITED,495.05,504.35,493.4,495.3,42440,21151849.15,20260731,497.68333333333334,498.875,496.4916666666667,498.875,496.4916666666667,2.3833333333333258,0.48118985126858993,Moderate,Bearish,Below CPR,Cash Only,Unclassified,False,True,0.4,50,43589308.650000006,Lower,False,No setup
TASTYBITE,EQ,TASTY BITE EATABLES LTD,9025.0,9329.0,9010.5,9236.5,3243,29874435.0,20260731,9192.0,9169.75,9214.25,9214.25,9169.75,44.5,0.4817842256265902,Moderate,Bullish,Above CPR,Cash Only,Unclassified,False,False,0.52,50,23168530.0,Higher,False,No setup
EPACK,EQ,EPACK DURABLE LIMITED,232.79,233.5,229.01,229.59,225525,52108417.34,20260731,230.70000000000002,231.255,230.14500000000004,231.255,230.14500000000004,1.1099999999999568,0.4834705344309233,Moderate,Bearish,Below CPR,Cash Only,Unclassified,False,True,0.62,50,122367221.82499999,Lower,False,No setup
IFGLEXPOR,EQ,IFGL REFRACTORIES LIMITED,194.9,220.0,194.11,208.57,74003,15188358.94,20260731,207.56000000000003,207.055,208.06500000000005,208.06500000000005,207.055,1.0100000000000477,0.4842498921225717,Moderate,Bullish,Above CPR,Cash Only,Unclassified,False,False,0.38,50,6680725.21,Higher,False,No setup
NEOGEN,EQ,NEOGEN CHEMICALS LIMITED,2026.0,2075.0,2000.6,2023.1,174854,356004548.9,20260731,2032.8999999999999,2037.8,2027.9999999999998,2037.8,2027.9999999999998,9.800000000000182,0.4844051208541438,Moderate,Bearish,Below CPR,Cash Only,Unclassified,False,True,0.4,50,178434563.45,Higher,False,No setup
INDPRUD,EQ,INDUSTRIAL & PRU INV CO L,6501.0,6600.0,6501.0,6598.5,66,434430.5,20260731,6566.5,6550.5,6582.5,6582.5,6550.5,32.0,0.48495870273547015,Moderate,Bullish,Above CPR,Cash Only,Unclassified,False,False,0.5217391304347826,46,146955.75,Higher,False,No setup
LGBBROSLTD,EQ,LG BALAKRISHNAN & BROS,1590.0,1620.0,1580.0,1588.4,27965,44926599.5,20260731,1596.1333333333332,1600.0,1592.2666666666664,1600.0,1592.2666666666664,7.733333333333576,0.4868630907412223,Moderate,Bearish,Below CPR,Cash Only,Unclassified,False,True,0.8,50,32207105.8,Higher,False,No setup
MASTEK,EQ,MASTEK LTD,1895.7,1935.0,1842.0,1874.8,137351,259563121.0,20260731,1883.9333333333334,1888.5,1879.3666666666668,1888.5,1879.3666666666668,9.133333333333212,0.4871630751724564,Moderate,Bearish,Below CPR,Cash Only,Unclassified,False,True,0.46,50,72137226.25,Lower,False,No setup
CAPACITE,EQ,CAPACITE INFRAPROJECT LTD,216.0,218.9,213.65,214.7,209552,45251164.45,20260731,215.75,216.275,215.225,216.275,215.225,1.0500000000000114,0.4890544946436942,Moderate,Bearish,Below CPR,Cash Only,Unclassified,False,True,0.3,50,69045647.02000001,Lower,False,No setup
INDOMIM,EQ,INDO-MIM LIMITED,735.0,815.9,725.0,776.15,27057625,21203251315.85,20260731,772.35,770.45,774.25,774.25,770.45,3.7999999999999545,0.4895960832313283,Moderate,Bullish,Above CPR,Cash Only,Unclassified,False,False,0.5,2,36630073137.075,Higher,False,No setup
BPCL,EQ,BHARAT PETROLEUM CORP  LT,316.05,320.4,314.4,319.75,5111067,1626580531.8,20260731,318.18333333333334,317.4,318.9666666666667,318.9666666666667,317.4,1.5666666666667197,0.48996611936410306,Moderate,Bullish,Above CPR,Cash Only,Oil Gas & Consumable Fuels,False,False,0.78,50,2212120494.775,Higher,False,No setup
IPCALAB,EQ,IPCA LABORATORIES LTD,1759.0,1780.3,1741.0,1747.8,138035,242038127.1,20260731,1756.3666666666668,1760.65,1752.0833333333335,1760.65,1752.0833333333335,8.566666666666606,0.4901399855055845,Moderate,Bearish,Below CPR,Cash Only,Healthcare,False,True,0.56,50,293397026.3,Lower,False,No setup
STYL,EQ,SESHAASAI TECHNOLOGIES L,343.8,354.4,343.0,346.15,65538,22857923.5,20260731,347.84999999999997,348.7,346.99999999999994,348.7,346.99999999999994,1.7000000000000455,0.4911165679618794,Moderate,Bearish,Below CPR,Cash Only,Unclassified,False,True,0.4,50,52819594.565,Overlapping,False,No setup
NOCIL,EQ,NOCIL LIMITED,160.55,165.7,160.22,164.17,414393,67883524.13,20260731,163.36333333333332,162.95999999999998,163.76666666666665,163.76666666666665,162.95999999999998,0.806666666666672,0.4913605815110386,Moderate,Bullish,Above CPR,Cash Only,Unclassified,False,False,0.4,50,50586625.625,Overlapping,False,No setup
MANGALAM,EQ,MANGALAM DRUG & CHEM LTD,27.07,27.49,26.33,27.11,8754,237436.72,20260731,26.976666666666663,26.909999999999997,27.04333333333333,27.04333333333333,26.909999999999997,0.13333333333333286,0.49182343538669443,Moderate,Bullish,Above CPR,Cash Only,Unclassified,False,False,0.46153846153846156,39,657949.5,Lower,False,No setup
MOBIKWIK,EQ,ONE MOBIKWIK SYSTEMS LTD,199.7,208.2,199.19,205.21,975756,198613509.51,20260731,204.20000000000002,203.695,204.70500000000004,204.70500000000004,203.695,1.0100000000000477,0.49217874372596254,Moderate,Bullish,Above CPR,Cash Only,Unclassified,False,False,0.5,50,165473226.73,Higher,False,No setup
MOTISONS,EQ,MOTISONS JEWELLERS LTD,14.25,14.54,14.11,14.22,17509085,250457511.7,20260731,14.29,14.325,14.254999999999999,14.325,14.254999999999999,0.07000000000000028,0.4922644163150512,Moderate,Bearish,Below CPR,Cash Only,Unclassified,False,True,0.42,50,260940757.7,Overlapping,False,No setup
SUZLON,EQ,SUZLON ENERGY LIMITED,47.56,48.18,47.13,48.01,56655652,2708412049.0,20260731,47.77333333333333,47.655,47.891666666666666,47.891666666666666,47.655,0.23666666666666458,0.49295285704366715,Moderate,Bullish,Above CPR,Cash Only,Capital Goods,False,False,0.6,50,3830192024.54,Higher,False,No setup
DIAMINESQ,EQ,DIAMINES & CHEMICALS LTD,239.35,243.5,239.0,243.05,4647,1123693.1,20260731,241.85,241.25,242.45,242.45,241.25,1.1999999999999886,0.4937255708701866,Moderate,Bullish,Above CPR,Cash Only,Unclassified,False,False,0.5,50,1104884.56,Higher,False,No setup
HEROMOTOCO,EQ,HERO MOTOCORP LIMITED,5375.0,5394.7,5297.5,5386.0,769470,4125924165.7,20260731,5359.400000000001,5346.1,5372.700000000001,5372.700000000001,5346.1,26.600000000000364,0.49387300408467066,Moderate,Bullish,Above CPR,Cash Only,Automobile and Auto Components,False,False,0.72,50,2888356066.3500004,Higher,False,No setup
ANUP,EQ,THE ANUP ENGINEERING LTD,2169.9,2222.0,2156.0,2172.9,20055,43958747.5,20260731,2183.633333333333,2189.0,2178.2666666666664,2189.0,2178.2666666666664,10.733333333333576,0.49396352033382,Moderate,Bearish,Below CPR,Cash Only,Unclassified,False,True,0.54,50,51627957.65,Higher,False,No setup
GAYAHWS,EQ,GAYATRI HIGHWAYS LIMITED,1.94,2.13,1.94,2.02,190708,388122.66,20260731,2.03,2.035,2.0249999999999995,2.035,2.0249999999999995,0.010000000000000675,0.49504950495052846,Moderate,Bearish,Below CPR,Cash Only,Unclassified,False,True,0.4,50,437391.27,Higher,False,No setup
MOSCHIP,EQ,MOSCHIP TECHNOLOGIES LTD,209.34,211.69,207.0,207.8,1998620,418323391.89,20260731,208.83,209.345,208.31500000000003,209.345,208.31500000000003,1.0299999999999727,0.4956689124157712,Moderate,Bearish,Below CPR,Cash Only,Unclassified,False,True,0.38,50,555125772.54,Overlapping,False,No setup
SUBROS,EQ,SUBROS LIMITED,787.0,839.9,786.4,819.25,370504,305614181.3,20260731,815.1833333333334,813.15,817.2166666666668,817.2166666666668,813.15,4.066666666666833,0.4963889736547859,Moderate,Bullish,Above CPR,Cash Only,Unclassified,False,False,0.58,50,32173532.175,Higher,False,No setup
AARTIDRUGS,EQ,AARTI DRUGS LTD.,413.0,427.2,412.0,422.75,187361,78883927.9,20260731,420.65000000000003,419.6,421.70000000000005,421.70000000000005,419.6,2.1000000000000227,0.49674748669426916,Moderate,Bullish,Above CPR,Cash Only,Unclassified,False,False,0.58,50,53420539.425,Higher,False,No setup
IONEXCHANG,EQ,ION EXCHANGE (INDIA) LTD,416.0,431.7,416.0,420.7,258610,109629122.9,20260731,422.8,423.85,421.75,423.85,421.75,2.1000000000000227,0.4991680532445978,Moderate,Bearish,Below CPR,Cash Only,Unclassified,False,True,0.38,50,163310226.05,Higher,False,No setup
INDIGO,EQ,INTERGLOBE AVIATION LTD,5260.0,5282.0,5137.5,5171.0,462900,2408449893.5,20260731,5196.833333333333,5209.75,5183.916666666666,5209.75,5183.916666666666,25.83333333333394,0.4995809965835223,Moderate,Bearish,Below CPR,Cash Only,Services,False,True,0.7,50,4671134223.6,Lower,False,No setup
HFCL,EQ,HFCL LIMITED,193.92,193.92,191.01,193.92,33053426,6399644664.39,20260731,192.94999999999996,192.46499999999997,193.43499999999995,193.43499999999995,192.46499999999997,0.9699999999999704,0.5002062706270475,Moderate,Bullish,Above CPR,Cash Only,Telecommunication,False,False,0.3,50,6067697437.125,Higher,False,No setup
MODIS,EQ,MODIS NAVNIRMAN LTD,397.0,400.0,392.2,393.15,8272,3275854.8,20260731,395.1166666666666,396.1,394.1333333333332,396.1,394.1333333333332,1.9666666666668107,0.5002331595235433,Moderate,Bearish,Below CPR,Cash Only,Unclassified,False,True,0.6,50,6780641.8,Overlapping,False,No setup
ARKADE,EQ,ARKADE DEVELOPERS LIMITED,142.0,144.5,140.0,141.19,658691,93842686.82,20260731,141.89666666666668,142.25,141.54333333333335,142.25,141.54333333333335,0.7066666666666492,0.5005075902448114,Moderate,Bearish,Below CPR,Cash Only,Unclassified,False,True,0.42,50,38306020.980000004,Higher,False,No setup
SIMPLEXINF,EQ,SIMPLEX INFRASTRUCTURES L,232.95,237.6,231.55,236.35,18742,4424108.05,20260731,235.16666666666666,234.575,235.75833333333333,235.75833333333333,234.575,1.1833333333333371,0.5006699104435529,Moderate,Bullish,Above CPR,Cash Only,Unclassified,False,False,0.4,50,30045487.325000003,Higher,False,No setup
JISLJALEQS,EQ,JAIN IRRIGATION SYSTEMS,29.41,30.15,29.28,29.94,1212926,36302911.54,20260731,29.790000000000003,29.715,29.865000000000006,29.865000000000006,29.715,0.15000000000000568,0.501002004008035,Moderate,Bullish,Above CPR,Cash Only,Unclassified,False,False,0.5,50,61330536.835,Higher,False,No setup
KFINTECH,EQ,KFIN TECHNOLOGIES LIMITED,943.1,956.3,933.6,937.9,632767,598805441.3,20260731,942.6,944.95,940.25,944.95,940.25,4.7000000000000455,0.5011195223371411,Moderate,Bearish,Below CPR,Cash Only,Financial Services,False,True,0.52,50,946056566.0999999,Higher,False,No setup
TARACHAND,EQ,TARA CHAND INFRA SOLN LTD,55.0,55.5,53.91,55.12,50904,2783344.8,20260731,54.843333333333334,54.705,54.98166666666667,54.98166666666667,54.705,0.27666666666667084,0.5019351717465,Moderate,Bullish,Above CPR,Cash Only,Unclassified,False,False,0.48,50,4243279.695,Higher,False,No setup
STARPAPER,EQ,STAR PAPER MILLS LTD,150.0,152.5,148.0,151.39,11345,1713718.62,20260731,150.63,150.25,151.01,151.01,150.25,0.7599999999999909,0.502014664112551,Moderate,Bullish,Above CPR,Cash Only,Unclassified,False,False,0.66,50,946186.645,Higher,False,No setup
ATUL,EQ,ATUL LTD,6820.0,6871.5,6703.0,6736.5,48819,330391135.0,20260731,6770.333333333333,6787.25,6753.416666666666,6787.25,6753.416666666666,33.83333333333394,0.50223904599323,Moderate,Bearish,Below CPR,Cash Only,Chemicals,False,True,0.66,50,146946643.5,Lower,False,No setup
GREENPOWER,EQ,ORIENT GREEN POWER CO LTD,9.83,9.99,9.76,9.95,1431147,14133784.28,20260731,9.9,9.875,9.925,9.925,9.875,0.05000000000000071,0.5025125628140775,Moderate,Bullish,Above CPR,Cash Only,Unclassified,False,False,0.62,50,25364762.29,Higher,False,No setup
ROSSELLIND,EQ,ROSSELL INDIA LIMITED,58.97,58.97,57.0,57.55,16638,961243.53,20260731,57.839999999999996,57.985,57.69499999999999,57.985,57.69499999999999,0.29000000000000625,0.5039096437880213,Moderate,Bearish,Below CPR,Cash Only,Unclassified,False,True,0.6,50,1276224.185,Overlapping,False,No setup
GVT&D,EQ,GE VERNOVA T&D INDIA LTD,4350.0,4410.0,4302.1,4323.3,1412647,6147595429.7,20260731,4345.133333333334,4356.05,4334.216666666668,4356.05,4334.216666666668,21.83333333333212,0.5050154588701251,Moderate,Bearish,Below CPR,Cash Only,Capital Goods,False,True,0.3,50,4497373042.5,Higher,False,No setup
CHAMBLFERT,EQ,CHAMBAL FERTILIZERS LTD,443.0,448.2,436.25,438.9,857422,378393181.9,20260731,441.1166666666666,442.225,440.0083333333332,442.225,440.0083333333332,2.2166666666668107,0.5050505050505378,Moderate,Bearish,Below CPR,Cash Only,Chemicals,False,True,0.68,50,243560699.325,Lower,False,No setup
PNGSREVA,EQ,PNGS REVA DIAMOND JEWEL L,436.35,436.35,413.35,428.1,235883,99542942.25,20260731,425.9333333333334,424.85,427.01666666666677,427.01666666666677,424.85,2.1666666666667425,0.506112279062542,Moderate,Bullish,Above CPR,Cash Only,Unclassified,False,False,0.54,50,38307284.375,Lower,False,No setup
GANDHAR,EQ,GANDHAR OIL REFINE IND L,218.6,233.89,216.0,223.25,6637553,1506666172.98,20260731,224.38,224.945,223.815,224.945,223.815,1.1299999999999955,0.5061590145576688,Moderate,Bearish,Below CPR,Cash Only,Unclassified,False,True,0.44,50,170327512.335,Higher,False,No setup
INDIANCARD,EQ,INDIAN CARD CLOTHING CO.,223.0,227.0,221.0,225.72,1091,244324.82,20260731,224.57333333333335,224.0,225.1466666666667,225.1466666666667,224.0,1.1466666666667038,0.5080040167759631,Moderate,Bullish,Above CPR,Cash Only,Unclassified,False,False,0.34,50,404497.95999999996,Overlapping,False,No setup
REDTAPE,EQ,REDTAPE LIMITED,133.5,133.5,129.5,132.51,271300,35634894.87,20260731,131.83666666666667,131.5,132.17333333333335,132.17333333333335,131.5,0.6733333333333462,0.5081377506100266,Moderate,Bullish,Above CPR,Cash Only,Unclassified,False,False,0.62,50,47932747.185,Lower,False,No setup
ARMANFIN,EQ,ARMAN FIN SERV LTD,1911.0,1960.0,1892.4,1941.0,25496,49460541.0,20260731,1931.1333333333332,1926.2,1936.0666666666664,1936.0666666666664,1926.2,9.866666666666333,0.5083290400137214,Moderate,Bullish,Above CPR,Cash Only,Unclassified,False,False,0.42,50,56172390.75,Higher,False,No setup
ORCHPHARMA,EQ,ORCHID PHARMA LIMITED,995.2,1004.95,983.2,986.55,29849,29598962.0,20260731,991.5666666666666,994.075,989.0583333333332,994.075,989.0583333333332,5.016666666666879,0.5085060733532897,Moderate,Bearish,Below CPR,Cash Only,Unclassified,False,True,0.38,50,86593115.825,Lower,False,No setup
TIINDIA,EQ,TUBE INVEST OF INDIA LTD,2716.6,2775.0,2689.0,2753.0,485821,1336542127.9,20260731,2739.0,2732.0,2746.0,2746.0,2732.0,14.0,0.5085361423901199,Moderate,Bullish,Above CPR,Cash Only,Automobile and Auto Components,False,False,0.64,50,702109635.0,Overlapping,False,No setup
SOLARWORLD,EQ,SOLARWORLD ENERGY SOL LTD,189.5,192.93,186.55,188.3,183990,34700191.47,20260731,189.26,189.74,188.77999999999997,189.74,188.77999999999997,0.9600000000000364,0.5098247477429827,Moderate,Bearish,Below CPR,Cash Only,Unclassified,False,True,0.5,50,40902609.355000004,Lower,False,No setup
MANYAVAR,EQ,VEDANT FASHIONS LIMITED,422.45,423.2,412.45,414.65,190783,79724769.7,20260731,416.76666666666665,417.825,415.7083333333333,417.825,415.7083333333333,2.1166666666666742,0.5104706780819184,Moderate,Bearish,Below CPR,Cash Only,Unclassified,False,True,0.64,50,63936651.2,Higher,False,No setup
INDOTHAI,EQ,INDO THAI SEC LTD,218.2,218.62,211.51,213.43,2240521,482118510.1,20260731,214.51999999999998,215.065,213.97499999999997,215.065,213.97499999999997,1.0900000000000318,0.5107060863046581,Moderate,Bearish,Below CPR,Cash Only,Unclassified,False,True,0.42,50,308545271.045,Lower,False,No setup
VESUVIUS,EQ,VESUVIUS INDIA LTD,448.5,451.5,442.8,443.75,76073,33891108.05,20260731,446.01666666666665,447.15,444.8833333333333,447.15,444.8833333333333,2.2666666666666515,0.5107981220657243,Moderate,Bearish,Below CPR,Cash Only,Unclassified,False,True,0.66,50,25213754.925,Lower,False,No setup
GOYALALUM,EQ,GOYAL ALUMINIUMS LIMITED,6.25,6.69,6.25,6.52,56715,365535.16,20260731,6.486666666666667,6.470000000000001,6.503333333333334,6.503333333333334,6.470000000000001,0.033333333333333215,0.5112474437627794,Moderate,Bullish,Above CPR,Cash Only,Unclassified,False,False,0.56,50,426414.82,Higher,False,No setup
MADHAVIPL,EQ,MADHAV INFRA PROJECTS L,8.0,8.0,7.76,7.82,175784,1375182.88,20260731,7.859999999999999,7.88,7.839999999999999,7.88,7.839999999999999,0.040000000000000924,0.5115089514066614,Moderate,Bearish,Below CPR,Cash Only,Unclassified,False,True,0.34,50,972312.3049999999,Lower,False,No setup
KIRLOSBROS,EQ,KIRLOSKAR BROTHERS LTD,1898.9,1915.0,1796.5,1870.1,281794,522543137.8,20260731,1860.5333333333335,1855.75,1865.316666666667,1865.316666666667,1855.75,9.56666666666706,0.5115590966615187,Moderate,Bullish,Above CPR,Cash Only,Unclassified,False,False,0.46,50,157695931.85,Lower,False,No setup
NUVAMA,EQ,NUVAMA WEALTH MANAGE LTD,1809.9,1850.0,1785.3,1803.8,280873,511767878.0,20260731,1813.0333333333335,1817.65,1808.416666666667,1817.65,1808.416666666667,9.233333333333121,0.511882322504331,Moderate,Bearish,Below CPR,Cash Only,Financial Services,False,True,0.6,50,744561590.0,Overlapping,False,No setup
TAINWALCHM,EQ,TAINWALA CHEMICAL AND PLA,199.16,201.26,196.05,197.14,1173,232486.61,20260731,198.15,198.655,197.645,198.655,197.645,1.009999999999991,0.5123262655980476,Moderate,Bearish,Below CPR,Cash Only,Unclassified,False,True,0.26,50,613901.935,Lower,False,No setup
GRAPHITE,EQ,GRAPHITE INDIA LTD,667.9,667.9,655.0,656.4,518920,341916675.6,20260731,659.7666666666668,661.45,658.0833333333335,661.45,658.0833333333335,3.3666666666665606,0.5128986390412189,Moderate,Bearish,Below CPR,Cash Only,Capital Goods,False,True,0.56,50,471013646.675,Lower,False,No setup
ARIES,EQ,ARIES AGRO LTD.,342.05,343.5,336.6,337.45,7218,2450041.5,20260731,339.18333333333334,340.05,338.31666666666666,340.05,338.31666666666666,1.7333333333333485,0.513656344149755,Moderate,Bearish,Below CPR,Cash Only,Unclassified,False,True,0.66,50,5606343.525,Overlapping,False,No setup
KOHINOOR,EQ,KOHINOOR FOODS LIMITED,22.9,23.41,22.77,23.27,81925,1898516.17,20260731,23.150000000000002,23.09,23.210000000000004,23.210000000000004,23.09,0.12000000000000455,0.5156854318865688,Moderate,Bullish,Above CPR,Cash Only,Unclassified,False,False,0.7,50,2113154.265,Higher,False,No setup
RUBICON,EQ,RUBICON RESEARCH LIMITED,1502.5,1529.0,1476.1,1491.0,145535,219025826.8,20260731,1498.7,1502.55,1494.8500000000001,1502.55,1494.8500000000001,7.699999999999818,0.5164319248826169,Moderate,Bearish,Below CPR,Cash Only,Unclassified,False,True,0.4,50,398645351.05,Lower,False,No setup
CCL,EQ,CCL PRODUCTS (I) LTD,1175.2,1183.5,1145.0,1155.3,197422,229434441.1,20260731,1161.2666666666667,1164.25,1158.2833333333333,1164.25,1158.2833333333333,5.966666666666697,0.5164603710435988,Moderate,Bearish,Below CPR,Cash Only,Fast Moving Consumer Goods,False,True,0.72,50,217309588.64999998,Lower,False,No setup
LENSKART,EQ,LENSKART SOLUTIONS LTD,566.0,573.0,558.5,561.4,3900737,2211889301.2,20260731,564.3000000000001,565.75,562.8500000000001,565.75,562.8500000000001,2.8999999999998636,0.5165657285357791,Moderate,Bearish,Below CPR,Cash Only,Consumer Services,False,True,0.66,50,2429373851.05,Outside,False,No setup
SIL,EQ,STANDARD INDUSTRIES LTD.,16.31,16.97,16.31,16.77,8535,142726.3,20260731,16.683333333333334,16.64,16.726666666666667,16.726666666666667,16.64,0.086666666666666,0.516795865633071,Moderate,Bullish,Above CPR,Cash Only,Unclassified,False,False,0.62,50,266936.66000000003,Lower,False,No setup
KPIGREEN,EQ,KPI GREEN ENERGY LIMITED,383.05,386.45,366.85,373.75,886566,333856701.8,20260731,375.68333333333334,376.65,374.7166666666667,376.65,374.7166666666667,1.9333333333332803,0.5172798216276335,Moderate,Bearish,Below CPR,Cash Only,Unclassified,False,True,0.62,50,210214035.5,Lower,False,No setup
SELMC,EQ,SEL MANUFACTURING CO LTD,27.12,27.85,27.12,27.7,4588,126705.02,20260731,27.55666666666667,27.485,27.628333333333337,27.628333333333337,27.485,0.14333333333333798,0.5174488567990541,Moderate,Bullish,Above CPR,Cash Only,Unclassified,False,False,0.46,50,161360.515,Outside,False,No setup
DELHIVERY,EQ,DELHIVERY LIMITED,468.3,491.4,465.0,481.95,5761053,2765859856.0,20260731,479.45,478.2,480.7,480.7,478.2,2.5,0.5187260089220874,Moderate,Bullish,Above CPR,Cash Only,Services,False,False,0.64,50,1488305093.3000002,Higher,False,No setup
DHANBANK,EQ,DHANLAXMI BANK LIMITED,32.32,32.64,32.0,32.07,820036,26383214.73,20260731,32.23666666666667,32.32,32.15333333333334,32.32,32.15333333333334,0.1666666666666572,0.5196964972455791,Moderate,Bearish,Below CPR,Cash Only,Unclassified,False,True,0.38,50,47235515.295,Lower,False,No setup
RATNAVEER,EQ,RATNAVEER PRECISION ENG L,185.0,185.0,180.59,181.38,941628,172107622.73,20260731,182.32333333333335,182.79500000000002,181.8516666666667,182.79500000000002,181.8516666666667,0.943333333333328,0.5200867423824721,Moderate,Bearish,Below CPR,Cash Only,Unclassified,False,True,0.5,50,168310492.64999998,Lower,False,No setup
VISHWARAJ,EQ,VISHWARAJ SUGAR IND LTD,5.09,5.26,5.06,5.12,329374,1688462.64,20260731,5.146666666666667,5.16,5.133333333333335,5.16,5.133333333333335,0.026666666666665506,0.5208333333333106,Moderate,Bearish,Below CPR,Cash Only,Unclassified,False,True,0.54,50,885476.845,Lower,False,No setup
KEYFINSERV,EQ,KEYNOTE FIN SERV LTD.,260.0,260.0,256.0,256.0,506,130853.89,20260731,257.3333333333333,258.0,256.66666666666663,258.0,256.66666666666663,1.3333333333333712,0.5208333333333481,Moderate,Bearish,Below CPR,Cash Only,Unclassified,False,True,0.44,50,414831.755,Overlapping,False,No setup
JBMA,EQ,JBM AUTO LIMITED,674.0,676.0,651.0,658.35,538984,356811395.1,20260731,661.7833333333333,663.5,660.0666666666666,663.5,660.0666666666666,3.433333333333394,0.5215057846636886,Moderate,Bearish,Below CPR,Cash Only,Automobile and Auto Components,False,True,0.56,50,420847330.2,Lower,False,No setup
GULPOLY,EQ,GULSHAN POLYOLS LIMITED,193.21,198.6,192.95,197.32,135198,26613504.22,20260731,196.28999999999996,195.77499999999998,196.80499999999995,196.80499999999995,195.77499999999998,1.0299999999999727,0.5219947293735925,Moderate,Bullish,Above CPR,Cash Only,Unclassified,False,False,0.32,50,46723782.295,Higher,False,No setup
SUNPHARMA,EQ,SUN PHARMACEUTICAL IND L,2016.4,2046.9,1965.3,1990.5,4954449,9927935717.4,20260731,2000.8999999999999,2006.1,1995.6999999999998,2006.1,1995.6999999999998,10.400000000000091,0.5224817884953575,Moderate,Bearish,Below CPR,Cash Only,Healthcare,False,True,0.92,50,3942972595.45,Outside,False,No setup
ANDHRAPAP,EQ,ANDHRA PAPER LIMITED,62.1,62.82,60.2,61.03,228014,14026722.52,20260731,61.35,61.510000000000005,61.19,61.510000000000005,61.19,0.3200000000000074,0.5243322955923437,Moderate,Bearish,Below CPR,Cash Only,Unclassified,False,True,0.66,50,4053270.475,Lower,False,No setup
SOBHA,EQ,SOBHA LIMITED,1359.9,1378.2,1344.6,1372.2,59090,80600604.0,20260731,1365.0,1361.4,1368.6,1368.6,1361.4,7.199999999999818,0.5247048535198818,Moderate,Bullish,Above CPR,Cash Only,Realty,False,False,0.56,50,142990273.35000002,Higher,False,No setup
GARFIBRES,EQ,GARWARE TECH FIBRES LTD,722.8,738.45,715.8,732.9,25655,18789178.6,20260731,729.0500000000001,727.125,730.9750000000001,730.9750000000001,727.125,3.8500000000001364,0.5253104106972488,Moderate,Bullish,Above CPR,Cash Only,Unclassified,False,False,0.62,50,31228591.975,Inside,False,No setup
VMM,EQ,VISHAL MEGA MART LIMITED,109.42,109.42,106.47,107.1,12787858,1370769713.29,20260731,107.66333333333334,107.945,107.38166666666669,107.945,107.38166666666669,0.5633333333333042,0.5259881730469693,Moderate,Bearish,Below CPR,Cash Only,Consumer Services,False,True,0.62,50,1109223725.04,Lower,False,No setup
FINKURVE,EQ,FINKURVE FINANCIAL SERV L,64.0,64.48,59.99,62.73,173349,10689946.59,20260731,62.4,62.235,62.565,62.565,62.235,0.3299999999999983,0.5260640841702507,Moderate,Bullish,Above CPR,Cash Only,Unclassified,False,False,0.38,50,1962998.975,Higher,False,No setup
AEROFLEX,EQ,AEROFLEX INDUSTRIES LTD,444.0,444.0,433.8,435.45,925704,405176263.1,20260731,437.75,438.9,436.6,438.9,436.6,2.2999999999999545,0.5281892295326569,Moderate,Bearish,Below CPR,Cash Only,Unclassified,False,True,0.34,50,732330304.35,Overlapping,False,No setup
UNIPARTS,EQ,UNIPARTS INDIA LIMITED,746.6,752.0,715.55,728.0,202071,148454330.75,20260731,731.85,733.775,729.9250000000001,733.775,729.9250000000001,3.849999999999909,0.5288461538461414,Moderate,Bearish,Below CPR,Cash Only,Unclassified,False,True,0.46,50,91281664.25,Overlapping,False,No setup
TATACAP,EQ,TATA CAPITAL LIMITED,360.9,367.0,358.0,365.4,1720703,624859863.85,20260731,363.4666666666667,362.5,364.4333333333334,364.4333333333334,362.5,1.933333333333394,0.5291005291005457,Moderate,Bullish,Above CPR,Cash Only,Financial Services,False,False,0.62,50,620738447.85,Higher,False,No setup
EVEREADY,EQ,EVEREADY INDS. IND.  LTD.,348.0,349.9,341.25,342.85,69500,23920113.9,20260731,344.6666666666667,345.575,343.7583333333334,345.575,343.7583333333334,1.816666666666606,0.5298721501142207,Moderate,Bearish,Below CPR,Cash Only,Unclassified,False,True,0.54,50,50286640.599999994,Overlapping,False,No setup
SANOFI,EQ,SANOFI INDIA LIMITED,3399.0,3399.0,3290.0,3318.0,37797,125369465.9,20260731,3335.6666666666665,3344.5,3326.833333333333,3344.5,3326.833333333333,17.66666666666697,0.532449266626491,Moderate,Bearish,Below CPR,Cash Only,Unclassified,False,True,0.9,50,69403730.45,Lower,False,No setup
NATCOPHARM,EQ,NATCO PHARMA LTD.,934.45,935.65,913.0,917.0,329649,303526943.15,20260731,921.8833333333333,924.325,919.4416666666666,924.325,919.4416666666666,4.883333333333439,0.5325336241366891,Moderate,Bearish,Below CPR,Cash Only,Healthcare,False,True,0.54,50,502345940.0,Lower,False,No setup
AMBICAAGAR,EQ,AMBICA AGAR & AROMAINDLTD,24.85,25.5,24.1,25.0,6031,151075.88,20260731,24.866666666666664,24.8,24.933333333333326,24.933333333333326,24.8,0.13333333333332575,0.533333333333303,Moderate,Bullish,Above CPR,Cash Only,Unclassified,False,False,0.54,50,81908.20999999999,Higher,False,No setup
MANINFRA,EQ,MAN INFRA LTD,96.6,98.54,96.05,98.08,498292,48538368.73,20260731,97.55666666666667,97.295,97.81833333333334,97.81833333333334,97.295,0.5233333333333405,0.5335780315388872,Moderate,Bullish,Above CPR,Cash Only,Unclassified,False,False,0.42,50,166812003.64,Higher,False,No setup
SHARDACROP,EQ,SHARDA CROPCHEM LTD.,836.65,836.65,816.0,819.75,247609,203253350.0,20260731,824.1333333333333,826.325,821.9416666666666,826.325,821.9416666666666,4.383333333333439,0.534715868659157,Moderate,Bearish,Below CPR,Cash Only,Unclassified,False,True,0.62,50,162144574.675,Overlapping,False,No setup
MUTHOOTMF,EQ,MUTHOOT MICROFIN LIMITED,246.88,252.9,241.96,245.46,571401,142109429.88,20260731,246.77333333333334,247.43,246.11666666666667,247.43,246.11666666666667,1.3133333333333326,0.5350498383986525,Moderate,Bearish,Below CPR,Cash Only,Unclassified,False,True,0.48,50,72084634.005,Lower,False,No setup
FIBERWEB,EQ,FIBERWEB INDIA LIMITED,29.47,29.47,28.6,29.27,18008,524169.19,20260731,29.113333333333333,29.035,29.191666666666666,29.191666666666666,29.035,0.1566666666666663,0.5352465550620645,Moderate,Bullish,Above CPR,Cash Only,Unclassified,False,False,0.58,50,628079.2050000001,Lower,False,No setup
SAMBHV,EQ,SAMBHV STEEL TUBES LTD,117.64,120.79,117.4,120.06,1064080,126974776.26,20260731,119.41666666666667,119.095,119.73833333333334,119.73833333333334,119.095,0.6433333333333451,0.5358431895163627,Moderate,Bullish,Above CPR,Cash Only,Unclassified,False,False,0.4,50,104082598.19999999,Higher,False,No setup
AIAENG,EQ,AIA ENGINEERING LIMITED,4563.5,4624.0,4484.0,4591.0,131078,598593902.0,20260731,4566.333333333333,4554.0,4578.666666666666,4578.666666666666,4554.0,24.66666666666606,0.5372830901038131,Moderate,Bullish,Above CPR,Cash Only,Capital Goods,False,False,0.66,50,328577318.5,Overlapping,False,No setup
ABB,EQ,ABB INDIA LIMITED,7350.5,7485.0,7201.5,7284.5,348950,2580742770.5,20260731,7323.666666666667,7343.25,7304.083333333334,7343.25,7304.083333333334,39.16666666666606,0.5376713112316022,Moderate,Bearish,Below CPR,Cash Only,Capital Goods,False,True,0.68,50,2036239621.75,Higher,False,No setup
CURAA,EQ,CURA TECHNOLOGIES LIMITED,73.0,74.1,71.0,73.14,389,28460.4,20260731,72.74666666666667,72.55,72.94333333333334,72.94333333333334,72.55,0.3933333333333451,0.5377814237535481,Moderate,Bullish,Above CPR,Cash Only,Unclassified,False,False,0.1794871794871795,39,47786.19,Inside,True,No setup
JYOTHYLAB,EQ,JYOTHY LABS LIMITED,203.21,203.21,197.71,198.85,727347,145189034.62,20260731,199.92333333333332,200.46,199.38666666666663,200.46,199.38666666666663,1.0733333333333803,0.5397703461570934,Moderate,Bearish,Below CPR,Cash Only,Unclassified,False,True,0.64,50,138465176.51999998,Lower,False,No setup
RAYMOND,EQ,RAYMOND LTD,584.9,592.0,577.6,580.1,223644,130630255.0,20260731,583.2333333333332,584.8,581.6666666666665,584.8,581.6666666666665,3.1333333333334394,0.540136758030243,Moderate,Bearish,Below CPR,Cash Only,Unclassified,False,True,0.54,50,288449992.375,Outside,False,No setup
ONGC,EQ,OIL AND NATURAL GAS CORP.,241.58,242.96,238.17,242.53,10070729,2428673913.3,20260731,241.22,240.565,241.875,241.875,240.565,1.3100000000000023,0.5401393642023676,Moderate,Bullish,Above CPR,Cash Only,Oil Gas & Consumable Fuels,False,False,0.7,50,3163504562.54,Outside,False,No setup
NAGREEKEXP,EQ,NAGREEKA EXPORTS LTD.,21.91,22.39,21.06,21.55,13940,301167.94,20260731,21.666666666666668,21.725,21.608333333333334,21.725,21.608333333333334,0.11666666666666714,0.5413766434648127,Moderate,Bearish,Below CPR,Cash Only,Unclassified,False,True,0.42,50,188525.58000000002,Higher,False,No setup
MSUMI,EQ,MOTHERSON SUMI WRNG IND L,41.2,41.36,40.52,40.61,8770384,358414696.03,20260731,40.83,40.94,40.72,40.94,40.72,0.21999999999999886,0.541738488057126,Moderate,Bearish,Below CPR,Cash Only,Automobile and Auto Components,False,True,0.68,50,309540687.135,Lower,False,No setup
SURYALA,EQ,SURYALATA SPINNING MILL L,418.0,418.0,400.5,405.95,2268,918287.2,20260731,408.15000000000003,409.25,407.05000000000007,409.25,407.05000000000007,2.199999999999932,0.5419386623968302,Moderate,Bearish,Below CPR,Cash Only,Unclassified,False,True,0.36,50,684121.75,Lower,False,No setup
RESPONIND,EQ,RESPONSIVE INDUSTRIES LTD,170.52,175.99,170.0,171.6,138978,23997433.62,20260731,172.53,172.995,172.065,172.995,172.065,0.9300000000000068,0.5419580419580459,Moderate,Bearish,Below CPR,Cash Only,Unclassified,False,True,0.38,50,21594338.375,Overlapping,False,No setup
SUNDARAM,EQ,SUNDARAM MULTI PAP LTD,1.27,1.28,1.2,1.23,1082077,1326813.76,20260731,1.2366666666666666,1.24,1.2333333333333332,1.24,1.2333333333333332,0.006666666666666821,0.542005420054213,Moderate,Bearish,Below CPR,Cash Only,Unclassified,False,True,0.66,50,434073.69999999995,Outside,False,No setup
GANGESSECU,EQ,GANGES SECURITIES LIMITED,115.1,115.1,113.0,113.13,676,77517.41,20260731,113.74333333333334,114.05,113.43666666666668,114.05,113.43666666666668,0.6133333333333155,0.5421491499454747,Moderate,Bearish,Below CPR,Cash Only,Unclassified,False,True,0.54,50,114397.65,Lower,False,No setup
SAKAR,EQ,SAKAR HEALTHCARE LIMITED,850.2,911.05,845.05,885.25,201126,178010494.5,20260731,880.4499999999999,878.05,882.8499999999999,882.8499999999999,878.05,4.7999999999999545,0.5422197119457729,Moderate,Bullish,Above CPR,Cash Only,Unclassified,False,False,0.36,50,105878496.4,Higher,False,No setup
CEMPRO,EQ,CEMINDIA PROJECTS LIMITED,1370.0,1380.3,1333.0,1367.8,464719,631206987.1,20260731,1360.3666666666668,1356.65,1364.0833333333335,1364.0833333333335,1356.65,7.433333333333394,0.5434517717015203,Moderate,Bullish,Above CPR,Cash Only,Construction,False,False,0.34,50,843209792.25,Higher,False,No setup
ANDHRSUGAR,EQ,ANDHRA SUGARS LTD,83.23,83.9,81.7,82.13,171871,14159351.99,20260731,82.57666666666667,82.80000000000001,82.35333333333332,82.80000000000001,82.35333333333332,0.44666666666668675,0.5438532407971348,Moderate,Bearish,Below CPR,Cash Only,Unclassified,False,True,0.58,50,23425716.655,Overlapping,False,No setup
MARINE,EQ,MARINE ELECTRICAL (I) LTD,260.0,271.8,255.85,266.0,551731,146824033.3,20260731,264.55,263.825,265.27500000000003,265.27500000000003,263.825,1.4500000000000455,0.5451127819549043,Moderate,Bullish,Above CPR,Cash Only,Unclassified,False,False,0.3,50,183022911.39999998,Higher,False,No setup
ZENITHEXPO,EQ,ZENITH EXPORTS LTD,197.5,201.0,197.5,200.9,60,12054.0,20260731,199.79999999999998,199.25,200.34999999999997,200.34999999999997,199.25,1.099999999999966,0.547536087605757,Moderate,Bullish,Above CPR,Cash Only,Unclassified,False,False,0.46938775510204084,49,38696.74,Higher,False,No setup
NIPPOBATRY,EQ,INDO-NATIONAL LIMITED,330.0,330.0,320.0,322.35,1979,641755.8,20260731,324.1166666666667,325.0,323.23333333333335,325.0,323.23333333333335,1.7666666666666515,0.5480585285145498,Moderate,Bearish,Below CPR,Cash Only,Unclassified,False,True,0.5,50,1048539.0249999999,Lower,False,No setup
KALPATARU,EQ,KALPATARU LIMITED,287.8,303.0,287.8,297.85,72388,21389114.5,20260731,296.21666666666664,295.4,297.0333333333333,297.0333333333333,295.4,1.6333333333333258,0.5483744614179371,Moderate,Bullish,Above CPR,Cash Only,Unclassified,False,False,0.72,50,16620546.0,Inside,False,No setup
BASF,EQ,BASF INDIA LTD,3687.9,3714.0,3613.5,3633.8,17332,63337045.3,20260731,3653.7666666666664,3663.75,3643.783333333333,3663.75,3643.783333333333,19.96666666666715,0.5494707101840264,Moderate,Bearish,Below CPR,Cash Only,Unclassified,False,True,0.62,50,55825479.5,Lower,False,No setup
AARVI,EQ,AARVI ENCON LIMITED,151.89,164.9,151.09,156.7,170050,27136641.74,20260731,157.56333333333333,157.995,157.13166666666666,157.995,157.13166666666666,0.8633333333333439,0.5509466071048781,Moderate,Bearish,Below CPR,Cash Only,Unclassified,False,True,0.48,50,4615501.495,Higher,False,No setup
AHLEAST,EQ,ASIAN HOTELS (EAST) LTD,142.01,145.8,142.0,145.1,1184,170364.87,20260731,144.29999999999998,143.9,144.69999999999996,144.69999999999996,143.9,0.7999999999999545,0.5513439007580665,Moderate,Bullish,Above CPR,Cash Only,Unclassified,False,False,0.46,50,414090.32,Higher,False,No setup
PWL,EQ,PHYSICSWALLAH LIMITED,126.0,127.68,124.17,124.89,3016805,378769550.87,20260731,125.58,125.92500000000001,125.23499999999999,125.92500000000001,125.23499999999999,0.6900000000000261,0.5524861878453249,Moderate,Bearish,Below CPR,Cash Only,Consumer Services,False,True,0.44,50,904460564.2149999,Overlapping,False,No setup
KANSAINER,EQ,KANSAI NEROLAC PAINTS LTD,200.0,200.73,196.02,196.74,233819,46287719.07,20260731,197.83,198.375,197.28500000000003,198.375,197.28500000000003,1.089999999999975,0.5540307004167809,Moderate,Bearish,Below CPR,Cash Only,Unclassified,False,True,0.68,50,47512105.79,Lower,False,No setup
CAPITALSFB,EQ,CAPITAL SMALL FIN BANK L,298.2,298.2,290.05,291.7,44957,13154030.4,20260731,293.31666666666666,294.125,292.5083333333333,294.125,292.5083333333333,1.6166666666666742,0.5542223745857643,Moderate,Bearish,Below CPR,Cash Only,Unclassified,False,True,0.62,50,9861851.6,Lower,False,No setup
AGARWALEYE,EQ,DR AGARWALS HEALTH CARE L,481.5,490.0,473.95,478.0,43758,21018981.7,20260731,480.65000000000003,481.975,479.32500000000005,481.975,479.32500000000005,2.6499999999999773,0.5543933054393259,Moderate,Bearish,Below CPR,Cash Only,Unclassified,False,True,0.62,50,30782555.85,Lower,False,No setup
JKTYRE,EQ,JK TYRE & INDUSTRIES LTD,398.95,408.0,398.15,399.75,1145533,461482350.45,20260731,401.9666666666667,403.075,400.8583333333334,403.075,400.8583333333334,2.2166666666665833,0.5545132374400459,Moderate,Bearish,Below CPR,Cash Only,Automobile and Auto Components,False,True,0.62,50,393827155.95,Higher,False,No setup
ASTAR,EQ,ASIAN STAR CO. LTD.,585.0,594.95,585.0,594.95,53,31233.9,20260731,591.6333333333333,589.975,593.2916666666666,593.2916666666666,589.975,3.316666666666606,0.5574698153906389,Moderate,Bullish,Above CPR,Cash Only,Unclassified,False,False,0.5365853658536586,41,41047.7,Inside,False,No setup
RHL,EQ,ROBUST HOTELS LIMITED,170.09,171.7,168.12,168.5,1504,255186.2,20260731,169.44,169.91,168.97,169.91,168.97,0.9399999999999977,0.5578635014836782,Moderate,Bearish,Below CPR,Cash Only,Unclassified,False,True,0.6,50,675198.015,Overlapping,False,No setup
WEIZMANIND,EQ,WEIZMANN LTD,79.97,79.97,76.29,77.48,910,71772.87,20260731,77.91333333333334,78.13,77.69666666666669,78.13,77.69666666666669,0.4333333333333087,0.5592841163310645,Moderate,Bearish,Below CPR,Cash Only,Unclassified,False,True,0.5,50,159684.765,Higher,False,No setup
DDEVPLSTIK,EQ,DDEV PLASTIKS IND LTD,269.0,274.1,266.7,268.15,68413,18470139.0,20260731,269.65,270.4,268.9,270.4,268.9,1.5,0.5593884020137982,Moderate,Bearish,Below CPR,Cash Only,Unclassified,False,True,0.52,50,30817449.2,Overlapping,False,No setup
RPPINFRA,EQ,R.P.P INFRA PROJECTS LTD,61.5,62.9,58.43,60.16,77909,4738647.04,20260731,60.49666666666667,60.665,60.32833333333334,60.665,60.32833333333334,0.3366666666666589,0.5596187943262282,Moderate,Bearish,Below CPR,Cash Only,Unclassified,False,True,0.4,50,2594067.3200000003,Lower,False,No setup
RPTECH,EQ,RASHI PERIPHERALS LIMITED,820.0,835.4,817.7,833.55,388747,322230897.45,20260731,828.8833333333332,826.55,831.2166666666665,831.2166666666665,826.55,4.666666666666515,0.5598544378461418,Moderate,Bullish,Above CPR,Cash Only,Unclassified,False,False,0.46,50,314708319.525,Higher,False,No setup
DABUR,EQ,DABUR INDIA LTD,429.0,429.75,420.25,421.45,2509913,1059180996.85,20260731,423.81666666666666,425.0,422.6333333333333,425.0,422.6333333333333,2.3666666666666742,0.5615533673429053,Moderate,Bearish,Below CPR,Cash Only,Fast Moving Consumer Goods,False,True,0.84,50,759037572.2,Overlapping,False,No setup
POLYCAB,EQ,POLYCAB INDIA LIMITED,8924.0,9135.5,8924.0,9106.5,283259,2572720862.0,20260731,9055.333333333334,9029.75,9080.916666666668,9080.916666666668,9029.75,51.16666666666788,0.561869726751967,Moderate,Bullish,Above CPR,Cash Only,Capital Goods,False,False,0.7,50,2583333878.75,Higher,False,No setup
GRPLTD,EQ,GRP LIMITED,2120.0,2120.0,2041.0,2098.2,2542,5275886.9,20260731,2086.4,2080.5,2092.3,2092.3,2080.5,11.800000000000182,0.5623868077399763,Moderate,Bullish,Above CPR,Cash Only,Unclassified,False,False,0.6,50,3310406.65,Higher,False,No setup
CREST,EQ,CREST VENTURES LIMITED,383.0,383.0,363.05,376.2,17393,6467524.8,20260731,374.0833333333333,373.025,375.14166666666665,375.14166666666665,373.025,2.1166666666666742,0.5626439836966173,Moderate,Bullish,Above CPR,Cash Only,Unclassified,False,False,0.62,50,2419498.825,Lower,False,No setup
SEPC,EQ,SEPC LIMITED,5.9,5.95,5.79,5.92,10090373,59515746.18,20260731,5.886666666666667,5.87,5.903333333333333,5.903333333333333,5.87,0.033333333333333215,0.5630630630630611,Moderate,Bullish,Above CPR,Cash Only,Unclassified,False,False,0.48,50,174409388.48000002,Overlapping,False,No setup
GAEL,EQ,GUJARAT AMBUJA EXPORTS LT,172.0,177.13,170.0,172.11,3375847,588782335.34,20260731,173.08,173.565,172.59500000000003,173.565,172.59500000000003,0.9699999999999704,0.5635930509557668,Moderate,Bearish,Below CPR,Cash Only,Unclassified,False,True,0.6,50,114973367.445,Higher,False,No setup
MAYURUNIQ,EQ,MAYUR UNIQUOTERS LTD,769.05,772.0,742.6,750.95,153994,115904648.75,20260731,755.1833333333334,757.3,753.0666666666668,757.3,753.0666666666668,4.233333333333121,0.5637303859555391,Moderate,Bearish,Below CPR,Cash Only,Unclassified,False,True,0.52,50,98907695.625,Lower,False,No setup
MAFATIND,EQ,MAFATLAL INDUSTRIES LTD.,133.41,136.9,132.62,133.63,20913,2811152.71,20260731,134.38333333333333,134.76,134.00666666666666,134.76,134.00666666666666,0.7533333333333303,0.5637456658933849,Moderate,Bearish,Below CPR,Cash Only,Unclassified,False,True,0.48,50,4998741.824999999,Inside,False,No setup
ADANIENT,EQ,ADANI ENTERPRISES LIMITED,3051.0,3067.5,3002.4,3009.5,866401,2620282578.6,20260731,3026.4666666666667,3034.95,3017.9833333333336,3034.95,3017.9833333333336,16.966666666666242,0.563770282992731,Moderate,Bearish,Below CPR,Cash Only,Metals & Mining,False,True,0.68,50,5090541467.3,Overlapping,False,No setup
SHANKARA,EQ,SHANKARA BLDG PRODUCT LTD,141.67,142.23,139.11,141.87,56161,7936127.14,20260731,141.07000000000002,140.67000000000002,141.47000000000003,141.47000000000003,140.67000000000002,0.8000000000000114,0.5638965249876728,Moderate,Bullish,Above CPR,Cash Only,Unclassified,False,False,0.7333333333333333,15,18178130.03,Overlapping,False,No setup
VSTIND,EQ,VST INDUSTRIES LTD,220.4,222.25,217.0,221.5,222425,48974813.1,20260731,220.25,219.625,220.875,220.875,219.625,1.25,0.5643340857787811,Moderate,Bullish,Above CPR,Cash Only,Unclassified,False,False,0.86,50,72020212.92500001,Higher,False,No setup
RGL,EQ,RENAISSANCE GLOBAL LTD,120.0,120.0,116.53,117.27,186148,21945281.06,20260731,117.93333333333334,118.265,117.60166666666667,118.265,117.60166666666667,0.6633333333333269,0.5656462294988718,Moderate,Bearish,Below CPR,Cash Only,Unclassified,False,True,0.78,50,35841723.519999996,Lower,False,No setup
SUNCLAY,EQ,SUNDARAM CLAYTON LIMITED,1269.9,1279.9,1248.6,1253.6,4380,5528376.9,20260731,1260.7,1264.25,1257.15,1264.25,1257.15,7.099999999999909,0.566368857689846,Moderate,Bearish,Below CPR,Cash Only,Unclassified,False,True,0.56,50,6651343.9,Higher,False,No setup
JKLAKSHMI,EQ,JK LAKSHMI CEMENT LTD,575.9,575.9,563.0,564.65,55783,31533456.3,20260731,567.85,569.45,566.25,569.45,566.25,3.2000000000000455,0.5667227486053388,Moderate,Bearish,Below CPR,Cash Only,Unclassified,False,True,0.8,50,69424489.425,Overlapping,False,No setup
EMUDHRA,EQ,EMUDHRA LIMITED,460.2,468.5,451.8,464.1,141719,65227155.9,20260731,461.4666666666667,460.15,462.7833333333334,462.7833333333334,460.15,2.6333333333334394,0.5674064497594138,Moderate,Bullish,Above CPR,Cash Only,Unclassified,False,False,0.7,50,30858050.45,Overlapping,False,No setup
FINEORG,EQ,FINE ORGANIC IND. LTD.,4915.0,4915.0,4800.0,4816.5,10309,49730923.0,20260731,4843.833333333333,4857.5,4830.166666666666,4857.5,4830.166666666666,27.33333333333394,0.5674936849026044,Moderate,Bearish,Below CPR,Cash Only,Unclassified,False,True,0.64,50,45282293.45,Overlapping,False,No setup
GROWW,EQ,BILLIONBRAINS GARAGE VN L,193.3,198.85,193.2,194.37,21037350,4116482928.76,20260731,195.47333333333333,196.02499999999998,194.92166666666668,196.02499999999998,194.92166666666668,1.1033333333332962,0.5676458987154891,Moderate,Bearish,Below CPR,Cash Only,Financial Services,False,True,0.5,50,4938518968.055,Higher,False,No setup
AASTHA,EQ,AASTHA SPINTEX LIMITED,77.8,77.8,76.0,76.25,797524,60863513.54,20260731,76.68333333333334,76.9,76.46666666666667,76.9,76.46666666666667,0.4333333333333371,0.5683060109289667,Moderate,Bearish,Below CPR,Cash Only,Unclassified,False,True,0.3,10,1140546858.385,Outside,False,No setup
ROSSARI,EQ,ROSSARI BIOTECH LIMITED,514.0,514.0,503.2,504.3,37575,19027229.3,20260731,507.1666666666667,508.6,505.73333333333335,508.6,505.73333333333335,2.8666666666666742,0.5684447088373338,Moderate,Bearish,Below CPR,Cash Only,Unclassified,False,True,0.68,50,40048882.75,Overlapping,False,No setup
ESABINDIA,EQ,ESAB INDIA LTD,5634.0,5640.0,5521.0,5628.5,2111,11817677.5,20260731,5596.5,5580.5,5612.5,5612.5,5580.5,32.0,0.56853513369459,Moderate,Bullish,Above CPR,Cash Only,Unclassified,False,False,0.78,50,17276732.5,Overlapping,False,No setup
INDRAMEDCO,EQ,INDRAPRASTHA MEDICAL CORP,360.9,368.2,358.25,366.35,110059,40128243.15,20260731,364.2666666666667,363.225,365.3083333333334,365.3083333333334,363.225,2.0833333333333712,0.5686729448159877,Moderate,Bullish,Above CPR,Cash Only,Unclassified,False,False,0.62,50,53134687.525,Higher,False,No setup
PIGL,EQ,POWER INSTRUMENT (G) LTD,102.0,105.78,101.08,104.32,43769,4539525.06,20260731,103.72666666666667,103.43,104.02333333333334,104.02333333333334,103.43,0.5933333333333337,0.5687627811860945,Moderate,Bullish,Above CPR,Cash Only,Unclassified,False,False,0.32,50,6935500.96,Overlapping,False,No setup
GOODLUCK,EQ,GOODLUCK INDIA LIMITED,1483.3,1528.0,1481.1,1517.5,74400,112298842.2,20260731,1508.8666666666668,1504.55,1513.1833333333336,1513.1833333333336,1504.55,8.633333333333667,0.5689181768259418,Moderate,Bullish,Above CPR,Cash Only,Unclassified,False,False,0.52,50,171034462.14999998,Higher,False,No setup
AVL,EQ,ADITYA VISION LIMITED,631.0,654.0,611.2,638.05,646595,413085382.55,20260731,634.4166666666666,632.6,636.2333333333332,636.2333333333332,632.6,3.633333333333212,0.5694433560588061,Moderate,Bullish,Above CPR,Cash Only,Unclassified,False,False,0.64,50,136763458.1,Higher,False,No setup
KRITINUT,EQ,KRITI NUTRIENTS LIMITED,75.39,75.4,71.0,72.58,9461,690931.08,20260731,72.99333333333334,73.2,72.78666666666668,73.2,72.78666666666668,0.4133333333333269,0.5694865435840823,Moderate,Bearish,Below CPR,Cash Only,Unclassified,False,True,0.4,5,690931.08,Higher,False,No setup
PGIL,EQ,PEARL GLOBAL IND LIMITED,2033.9,2075.9,2018.4,2064.8,36678,75580113.0,20260731,2053.0333333333333,2047.15,2058.9166666666665,2058.9166666666665,2047.15,11.766666666666424,0.5698695596022095,Moderate,Bullish,Above CPR,Cash Only,Unclassified,False,False,0.66,50,133220898.2,Higher,False,No setup
RIIL,EQ,RELIANCE INDUSTRIAL INFRA,732.0,746.05,726.45,742.6,68216,50433727.8,20260731,738.3666666666667,736.25,740.4833333333333,740.4833333333333,736.25,4.2333333333333485,0.5700691264925059,Moderate,Bullish,Above CPR,Cash Only,Unclassified,False,False,0.74,50,52631382.05,Higher,False,No setup
HALDER,EQ,HALDER VENTURE LIMITED,238.0,251.99,238.0,247.11,25790,6407237.52,20260731,245.70000000000002,244.995,246.40500000000003,246.40500000000003,244.995,1.410000000000025,0.5705960908097709,Moderate,Bullish,Above CPR,Cash Only,Unclassified,False,False,0.40816326530612246,49,6213538.68,Overlapping,False,No setup
BUTTERFLY,EQ,BTRFLY GANDHI APPL LTD,718.0,737.1,714.55,719.65,21739,15781057.0,20260731,723.7666666666668,725.825,721.7083333333335,725.825,721.7083333333335,4.116666666666561,0.5720373329627682,Moderate,Bearish,Below CPR,Cash Only,Unclassified,False,True,0.56,50,17318118.425,Overlapping,False,No setup
ALPA,EQ,ALPA LABORATORIES LTD,68.78,68.78,66.05,66.84,11978,802230.82,20260731,67.22333333333333,67.41499999999999,67.03166666666667,67.41499999999999,67.03166666666667,0.38333333333332575,0.5735088769199966,Moderate,Bearish,Below CPR,Cash Only,Unclassified,False,True,0.64,50,702451.435,Lower,False,No setup
AMAGI,EQ,AMAGI MEDIA LABS LIMITED,660.95,669.5,643.1,650.7,155289,101074304.5,20260731,654.4333333333333,656.3,652.5666666666666,656.3,652.5666666666666,3.7333333333333485,0.57374109932893,Moderate,Bearish,Below CPR,Cash Only,Unclassified,False,True,0.4,50,115833208.1,Overlapping,False,No setup
MEIL,EQ,MANGAL ELECTRICAL IND L,284.75,290.2,282.8,284.05,19239,5493504.05,20260731,285.68333333333334,286.5,284.8666666666667,286.5,284.8666666666667,1.6333333333333258,0.5750161356568653,Moderate,Bearish,Below CPR,Cash Only,Unclassified,False,True,0.8,5,12501529.5,Higher,False,No setup
ARFIN,EQ,ARFIN INDIA LIMITED,88.9,91.08,86.91,89.77,1460861,128311563.91,20260731,89.25333333333333,88.995,89.51166666666666,89.51166666666666,88.995,0.5166666666666515,0.5755449110690114,Moderate,Bullish,Above CPR,Cash Only,Unclassified,False,False,0.62,50,202885611.305,Higher,False,No setup
CARYSIL,EQ,CARYSIL LIMITED,1205.9,1205.9,1165.0,1175.3,52105,61159504.2,20260731,1182.0666666666666,1185.45,1178.6833333333332,1185.45,1178.6833333333332,6.766666666666879,0.5757395274965438,Moderate,Bearish,Below CPR,Cash Only,Unclassified,False,True,0.46,50,108009589.3,Overlapping,False,No setup
ERIS,EQ,ERIS LIFESCIENCES LIMITED,1382.1,1387.9,1345.0,1354.7,145669,197418052.3,20260731,1362.5333333333335,1366.45,1358.616666666667,1366.45,1358.616666666667,7.83333333333303,0.5782338033020618,Moderate,Bearish,Below CPR,Cash Only,Healthcare,False,True,0.68,50,89858885.45,Lower,False,No setup
SBC,EQ,SBC EXPORTS LIMITED,42.45,43.0,41.75,42.01,11939220,503127616.15,20260731,42.25333333333333,42.375,42.13166666666666,42.375,42.13166666666666,0.2433333333333394,0.5792271681345856,Moderate,Bearish,Below CPR,Cash Only,Unclassified,False,True,0.82,50,396897418.505,Higher,False,No setup
SANGAMIND,EQ,SANGAM (INDIA) LTD,620.0,624.55,605.85,609.9,16069,9813567.15,20260731,613.4333333333334,615.2,611.6666666666667,615.2,611.6666666666667,3.533333333333303,0.5793299447996889,Moderate,Bearish,Below CPR,Cash Only,Unclassified,False,True,0.6,50,15994198.899999999,Overlapping,False,No setup
PGHH,EQ,P&G HYGIENE & HEALTH CARE,8518.5,8619.5,8419.0,8594.0,19125,163491679.5,20260731,8544.166666666666,8519.25,8569.083333333332,8569.083333333332,8519.25,49.83333333333212,0.579861919168398,Moderate,Bullish,Above CPR,Cash Only,Unclassified,False,False,0.78,50,137072075.0,Overlapping,False,No setup
BHARTIHEXA,EQ,BHARTI HEXACOM LIMITED,1635.0,1644.9,1598.1,1607.5,185923,299713873.7,20260731,1616.8333333333333,1621.5,1612.1666666666665,1621.5,1612.1666666666665,9.333333333333485,0.5806117159149913,Moderate,Bearish,Below CPR,Cash Only,Telecommunication,False,True,0.7,50,183252823.8,Lower,False,No setup
ICRA,EQ,ICRA LIMITED,4990.0,4994.5,4727.0,4903.5,62196,303065483.0,20260731,4875.0,4860.75,4889.25,4889.25,4860.75,28.5,0.5812174977057204,Moderate,Bullish,Above CPR,Cash Only,Unclassified,False,False,0.78,50,67102574.0,Inside,False,No setup
SPLPETRO,EQ,SUPREME PETROCHEM LIMITED,700.05,717.8,696.05,713.15,132350,93474826.55,20260731,709.0,706.925,711.075,711.075,706.925,4.150000000000091,0.5819252611652656,Moderate,Bullish,Above CPR,Cash Only,Chemicals,False,False,0.58,50,44542354.55,Overlapping,False,No setup
CIEINDIA,EQ,CIE AUTOMOTIVE INDIA LTD,412.0,416.35,408.0,408.6,422714,172883324.1,20260731,410.98333333333335,412.175,409.7916666666667,412.175,409.7916666666667,2.3833333333333258,0.5832925436449646,Moderate,Bearish,Below CPR,Cash Only,Automobile and Auto Components,False,True,0.64,50,103651955.975,Lower,False,No setup
BAJAJHFL,EQ,BAJAJ HOUSING FINANCE LTD,86.96,87.75,85.8,86.02,6273809,544043977.0,20260731,86.52333333333333,86.775,86.27166666666665,86.775,86.27166666666665,0.5033333333333587,0.5851352398667272,Moderate,Bearish,Below CPR,Cash Only,Financial Services,False,True,0.82,50,279239784.475,Outside,False,No setup
HALEOSLABS,EQ,HALEOS LABS LIMITED,1547.3,1568.4,1520.1,1530.8,159,245184.0,20260731,1539.7666666666667,1544.25,1535.2833333333333,1544.25,1535.2833333333333,8.966666666666697,0.5857503701768159,Moderate,Bearish,Below CPR,Cash Only,Unclassified,False,True,0.46,50,1330330.6,Lower,False,No setup
DISAQ,EQ,DISA INDIA LTD.,12285.0,12300.0,11935.0,12225.0,606,7394548.0,20260731,12153.333333333334,12117.5,12189.166666666668,12189.166666666668,12117.5,71.66666666666788,0.5862304021813324,Moderate,Bullish,Above CPR,Cash Only,Unclassified,False,False,0.72,50,6174652.0,Lower,False,No setup
JKCEMENT,EQ,JK CEMENT LIMITED,5567.0,5606.5,5377.5,5444.0,79905,437872567.5,20260731,5476.0,5492.0,5460.0,5492.0,5460.0,32.0,0.5878030859662012,Moderate,Bearish,Below CPR,Cash Only,Construction Materials,False,True,0.62,50,329802814.0,Lower,False,No setup
SHIVATEX,EQ,SHIVA TEXYARN LIMITED,162.0,169.38,162.0,164.24,4942,809397.94,20260731,165.20666666666668,165.69,164.72333333333336,165.69,164.72333333333336,0.9666666666666401,0.5885695729826109,Moderate,Bearish,Below CPR,Cash Only,Unclassified,False,True,0.4,50,534514.69,Higher,False,No setup
SPECTRUM,EQ,SPECTRUM ELECTRIC IND LTD,2436.4,2439.9,2328.0,2363.0,35861,84969214.4,20260731,2376.9666666666667,2383.95,2369.9833333333336,2383.95,2369.9833333333336,13.966666666666242,0.5910565665114788,Moderate,Bearish,Below CPR,Cash Only,Unclassified,False,True,0.36,50,38727709.4,Lower,False,No setup
MRF,EQ,MRF LTD,135000.0,135395.0,132500.0,132770.0,5461,728324970.0,20260731,133555.0,133947.5,133162.5,133947.5,133162.5,785.0,0.5912480228967387,Moderate,Bearish,Below CPR,Cash Only,Automobile and Auto Components,False,True,0.86,50,724306852.5,Lower,False,No setup
PNBHOUSING,EQ,PNB HOUSING FIN LTD.,1033.0,1059.4,1028.1,1053.1,1118030,1170925650.9,20260731,1046.8666666666666,1043.75,1049.9833333333331,1049.9833333333331,1043.75,6.233333333333121,0.5919032697116249,Moderate,Bullish,Above CPR,Cash Only,Financial Services,False,False,0.68,50,748398750.55,Higher,False,No setup
BMWVENTLTD,EQ,BMW VENTURES LIMITED,57.19,57.54,55.15,56.85,115661,6525318.27,20260731,56.51333333333333,56.345,56.68166666666666,56.68166666666666,56.345,0.3366666666666589,0.5922017003811062,Moderate,Bullish,Above CPR,Cash Only,Unclassified,False,False,0.74,50,3664507.955,Overlapping,False,No setup
MOTHERSON,EQ,SAMVRDHNA MTHRSN INTL LTD,146.81,152.4,146.42,150.75,23484060,3536102148.03,20260731,149.85666666666665,149.41,150.3033333333333,150.3033333333333,149.41,0.8933333333333167,0.5925925925925816,Moderate,Bullish,Above CPR,Cash Only,Automobile and Auto Components,False,False,0.76,50,2248399799.355,Higher,False,No setup
SPORTKING,EQ,SPORTKING INDIA LIMITED,196.7,209.9,196.2,201.26,898149,181598473.66,20260731,202.45333333333335,203.05,201.85666666666668,203.05,201.85666666666668,1.193333333333328,0.5929312001059963,Moderate,Bearish,Below CPR,Cash Only,Unclassified,False,True,0.54,50,70505573.21000001,Inside,False,No setup
NLCINDIA,EQ,NLC INDIA LIMITED,293.9,298.5,292.0,297.9,1397677,413247108.85,20260731,296.1333333333333,295.25,297.01666666666665,297.01666666666665,295.25,1.7666666666666515,0.59304017007944,Moderate,Bullish,Above CPR,Cash Only,Power,False,False,0.58,50,941295511.925,Higher,False,No setup
AETHER,EQ,AETHER INDUSTRIES LIMITED,1511.5,1614.4,1492.2,1539.6,2452619,3825114155.5,20260731,1548.7333333333336,1553.3000000000002,1544.166666666667,1553.3000000000002,1544.166666666667,9.133333333333212,0.593227678184802,Moderate,Bearish,Below CPR,Cash Only,Unclassified,False,True,0.64,50,335639101.6,Higher,False,No setup
SWIGGY,EQ,SWIGGY LIMITED,290.0,294.59,280.2,284.86,46812931,13485502379.41,20260731,286.55,287.395,285.70500000000004,287.395,285.70500000000004,1.6899999999999409,0.5932738889278737,Moderate,Bearish,Below CPR,Cash Only,Consumer Services,False,True,0.38,50,3061949364.665,Lower,False,No setup
STYRENIX,EQ,STYRENIX PERFORMANCE LTD,2476.0,2549.0,2448.1,2476.5,44239,110661820.0,20260731,2491.2000000000003,2498.55,2483.8500000000004,2498.55,2483.8500000000004,14.699999999999818,0.5935796486977516,Moderate,Bearish,Below CPR,Cash Only,Unclassified,False,True,0.68,50,45833216.2,Higher,False,No setup
XCHANGING,EQ,XCHANGING SOLUTIONS LTD,67.1,67.52,65.9,66.12,128044,8529132.6,20260731,66.51333333333334,66.71000000000001,66.31666666666666,66.71000000000001,66.31666666666666,0.3933333333333451,0.5948779995967106,Moderate,Bearish,Below CPR,Cash Only,Unclassified,False,True,0.68,50,5148742.67,Lower,False,No setup
SWSOLAR,EQ,STRLNG & WIL REN ENE LTD,205.0,208.32,203.25,203.96,725088,148929236.87,20260731,205.17666666666665,205.785,204.5683333333333,205.785,204.5683333333333,1.216666666666697,0.5965221938942424,Moderate,Bearish,Below CPR,Cash Only,Unclassified,False,True,0.54,50,426884802.32500005,Overlapping,False,No setup
SDBL,EQ,SOM DIST & BREW LTD,70.79,72.37,70.16,71.91,452309,32367776.2,20260731,71.48,71.265,71.69500000000001,71.69500000000001,71.265,0.4300000000000068,0.5979696843276413,Moderate,Bullish,Above CPR,Cash Only,Unclassified,False,False,0.56,50,39817486.725,Higher,False,No setup
ALANKIT,EQ,ALANKIT LIMITED,7.8,7.98,7.72,7.78,96063,751988.58,20260731,7.826666666666667,7.85,7.803333333333335,7.85,7.803333333333335,0.04666666666666508,0.5998286203941527,Moderate,Bearish,Below CPR,Cash Only,Unclassified,False,True,0.72,50,975294.08,Lower,False,No setup
PONNIERODE,EQ,PONNIE SUGARS (ERODE) LTD,309.65,309.65,301.1,302.65,10953,3333866.15,20260731,304.46666666666664,305.375,303.5583333333333,305.375,303.5583333333333,1.8166666666667197,0.6002533179139996,Moderate,Bearish,Below CPR,Cash Only,Unclassified,False,True,0.7,50,2807919.45,Lower,False,No setup
MARICO,EQ,MARICO LIMITED,888.0,889.0,868.0,870.65,2540351,2221023112.5,20260731,875.8833333333333,878.5,873.2666666666667,878.5,873.2666666666667,5.2333333333333485,0.6010834816899269,Moderate,Bearish,Below CPR,Cash Only,Fast Moving Consumer Goods,False,True,0.88,50,1419625803.125,Lower,False,No setup
NRBBEARING,EQ,NRB BEARING LIMITED,418.9,418.9,408.3,409.9,160377,66188563.6,20260731,412.3666666666666,413.6,411.1333333333332,413.6,411.1333333333332,2.4666666666668107,0.6017727901114445,Moderate,Bearish,Below CPR,Cash Only,Unclassified,False,True,0.46,50,156502941.2,Lower,False,No setup
DVL,EQ,DHUNSERI VENTURES LIMITED,240.0,247.19,238.44,240.64,13315,3228512.93,20260731,242.09,242.815,241.365,242.815,241.365,1.4499999999999886,0.6025598404255272,Moderate,Bearish,Below CPR,Cash Only,Unclassified,False,True,0.74,50,2108641.935,Higher,False,No setup
TATSILV,EQ,TATAAML-TATSILV,21.39,21.39,20.21,20.99,24491729,516547530.67,20260731,20.863333333333333,20.8,20.926666666666666,20.926666666666666,20.8,0.12666666666666515,0.6034619660155558,Moderate,Bullish,Above CPR,Cash Only,Unclassified,False,False,0.72,50,1103551770.175,Lower,False,No setup
BANCOINDIA,EQ,BANCO PRODUCTS (I) LTD,626.8,639.9,623.05,637.25,98175,62412273.1,20260731,633.4,631.4749999999999,635.325,635.325,631.4749999999999,3.8500000000001364,0.6041584935268947,Moderate,Bullish,Above CPR,Cash Only,Unclassified,False,False,0.62,50,100267801.225,Higher,False,No setup
KPL,EQ,KWALITY PHARMACEUTICALS L,2500.0,2611.0,2500.0,2578.9,16797,43116119.5,20260731,2563.2999999999997,2555.5,2571.0999999999995,2571.0999999999995,2555.5,15.599999999999454,0.604909069758403,Moderate,Bullish,Above CPR,Cash Only,Unclassified,False,False,0.4,50,62389742.900000006,Overlapping,False,No setup
KROSS,EQ,KROSS LIMITED,193.0,197.69,191.14,196.2,226310,43976225.96,20260731,195.01,194.415,195.605,195.605,194.415,1.1899999999999977,0.6065239551478072,Moderate,Bullish,Above CPR,Cash Only,Unclassified,False,False,0.58,50,47080194.894999996,Overlapping,False,No setup
THYROCARE,EQ,THYROCARE TECH LTD,591.45,591.45,577.1,579.0,300343,174571317.4,20260731,582.5166666666668,584.2750000000001,580.7583333333334,584.2750000000001,580.7583333333334,3.5166666666666515,0.6073690270581437,Moderate,Bearish,Below CPR,Cash Only,Unclassified,False,True,0.52,50,185050123.025,Lower,False,No setup
BCLIND,EQ,BCL INDUSTRIES LIMITED,36.01,37.39,35.42,36.74,2439931,89189854.29,20260731,36.51666666666667,36.405,36.628333333333345,36.628333333333345,36.405,0.22333333333334338,0.6078751587733897,Moderate,Bullish,Above CPR,Cash Only,Unclassified,False,False,0.46,50,27453335.115000002,Higher,False,No setup
IIFL,EQ,IIFL FINANCE LIMITED,614.0,623.0,605.4,608.65,2476256,1522870370.9,20260731,612.35,614.2,610.5,614.2,610.5,3.7000000000000455,0.6079027355623174,Moderate,Bearish,Below CPR,Cash Only,Financial Services,False,True,0.52,50,1071641160.575,Higher,False,No setup
FEDDERSHOL,EQ,FEDDERS HOLDING LTD.,42.85,43.34,41.77,42.17,457118,19449389.37,20260731,42.42666666666667,42.55500000000001,42.29833333333333,42.55500000000001,42.29833333333333,0.2566666666666748,0.6086475377440712,Moderate,Bearish,Below CPR,Cash Only,Unclassified,False,True,0.44,50,24775782.975,Lower,False,No setup
BLUESTARCO,EQ,BLUE STAR LIMITED,1695.5,1721.1,1672.0,1681.2,187632,318186860.5,20260731,1691.4333333333334,1696.55,1686.3166666666668,1696.55,1686.3166666666668,10.233333333333121,0.6086922039812706,Moderate,Bearish,Below CPR,Cash Only,Consumer Durables,False,True,0.68,50,434213956.7,Overlapping,False,No setup
ZENTEC,EQ,ZEN TECHNOLOGIES LIMITED,1615.4,1668.4,1609.7,1624.2,357485,586055882.6,20260731,1634.1000000000001,1639.0500000000002,1629.15,1639.0500000000002,1629.15,9.900000000000091,0.6095308459549372,Moderate,Bearish,Below CPR,Cash Only,Capital Goods,False,True,0.48,50,1064684385.4,Overlapping,False,No setup
ZFCVINDIA,EQ,ZF COM VE CTR SYS IND LTD,2382.0,2425.4,2366.1,2417.9,134440,323381509.6,20260731,2403.133333333333,2395.75,2410.5166666666664,2410.5166666666664,2395.75,14.766666666666424,0.6107228035347377,Moderate,Bullish,Above CPR,Cash Only,Automobile and Auto Components,False,False,0.64,50,311884960.35,Overlapping,False,No setup
SGMART,EQ,SG MART LIMITED,692.1,715.4,692.1,697.35,104154,73256422.8,20260731,701.6166666666667,703.75,699.4833333333333,703.75,699.4833333333333,4.2666666666666515,0.6118400611840039,Moderate,Bearish,Below CPR,Cash Only,Unclassified,False,True,0.5,50,91269396.57499999,Overlapping,False,No setup
JSWENERGY,EQ,JSW ENERGY LIMITED,542.1,557.2,541.9,554.65,1585612,876151407.2,20260731,551.25,549.55,552.95,552.95,549.55,3.400000000000091,0.6129991886775609,Moderate,Bullish,Above CPR,Cash Only,Power,False,False,0.68,50,1435346136.925,Higher,False,No setup
HECPROJECT,EQ,HEC INFRA PROJECTS LTD,128.74,137.08,128.4,131.53,9409,1251852.47,20260731,132.33666666666667,132.74,131.93333333333334,132.74,131.93333333333334,0.806666666666672,0.61329481233686,Moderate,Bearish,Below CPR,Cash Only,Unclassified,False,True,0.42,50,1808367.1349999998,Higher,False,No setup
MAJESAUT,EQ,MAJESTIC AUTO LTD.,435.45,435.45,420.0,431.7,14214,6123209.05,20260731,429.05,427.725,430.375,430.375,427.725,2.6499999999999773,0.613852212184382,Moderate,Bullish,Above CPR,Cash Only,Unclassified,False,False,0.68,50,1061458.6,Overlapping,False,No setup
GROBTEA,EQ,THE GROB TEA COMPANY LTD,907.5,920.05,903.0,920.0,126,114897.65,20260731,914.35,911.525,917.1750000000001,917.1750000000001,911.525,5.650000000000091,0.6141304347826185,Moderate,Bullish,Above CPR,Cash Only,Unclassified,False,False,0.58,50,80127.15,Higher,False,No setup
GRANULES,EQ,GRANULES INDIA LIMITED,836.0,842.0,822.5,824.65,693474,575766564.8,20260731,829.7166666666667,832.25,827.1833333333334,832.25,827.1833333333334,5.066666666666606,0.6144020695648585,Moderate,Bearish,Below CPR,Cash Only,Healthcare,False,True,0.66,50,751595641.825,Lower,False,No setup
RRKABEL,EQ,R R KABEL LIMITED,2600.0,2660.6,2593.0,2602.8,527247,1382715777.2,20260731,2618.8,2626.8,2610.8,2626.8,2610.8,16.0,0.6147226064238511,Moderate,Bearish,Below CPR,Cash Only,Capital Goods,False,True,0.5,50,1368462071.1,Higher,False,No setup
KIRLOSENG,EQ,KIRLOSKAR OIL ENG LTD,2173.0,2275.0,2145.0,2189.8,764099,1696791805.7,20260731,2203.266666666667,2210.0,2196.5333333333338,2210.0,2196.5333333333338,13.466666666666242,0.6149724480165422,Moderate,Bearish,Below CPR,Cash Only,Capital Goods,False,True,0.4,50,949832123.5,Higher,False,No setup
EIHOTEL,EQ,EIH LIMITED,332.0,334.3,325.75,327.0,161327,52961611.8,20260731,329.01666666666665,330.025,328.0083333333333,330.025,328.0083333333333,2.0166666666666515,0.6167176350662543,Moderate,Bearish,Below CPR,Cash Only,Consumer Services,False,True,0.76,50,47371081.400000006,Lower,False,No setup
MOLDTECH,EQ,MOLD-TEK TECHNOLOGIES LTD,156.01,158.0,150.35,152.76,127866,19713156.64,20260731,153.70333333333335,154.175,153.23166666666668,154.175,153.23166666666668,0.943333333333328,0.6175264030723541,Moderate,Bearish,Below CPR,Cash Only,Unclassified,False,True,0.56,50,4683803.42,Higher,False,No setup
TECHM,EQ,TECH MAHINDRA LIMITED,1620.0,1661.5,1610.5,1651.3,3355677,5533972512.6,20260731,1641.1000000000001,1636.0,1646.2000000000003,1646.2000000000003,1636.0,10.200000000000273,0.6176951492763443,Moderate,Bullish,Above CPR,Cash Only,Information Technology,False,False,0.64,50,3406413818.3,Lower,False,No setup
SETL,EQ,STANDARD ENGNG TCNLGY LTD,275.9,282.5,272.8,275.1,410927,114149302.35,20260731,276.8,277.65,275.95000000000005,277.65,275.95000000000005,1.6999999999999318,0.6179571065067,Moderate,Bearish,Below CPR,Cash Only,Unclassified,False,True,0.4,50,161828487.8,Higher,False,No setup
TECHNOE,EQ,TECHNO ELEC & ENG CO. LTD,967.2,984.7,957.7,980.3,196607,190580981.6,20260731,974.2333333333332,971.2,977.2666666666664,977.2666666666664,971.2,6.066666666666379,0.6188581726682014,Moderate,Bullish,Above CPR,Cash Only,Construction,False,False,0.74,50,185333939.89999998,Overlapping,False,No setup
MEDPLUS,EQ,MEDPLUS HEALTH SERV LTD,724.0,724.0,699.0,704.95,218452,154838160.2,20260731,709.3166666666666,711.5,707.1333333333332,711.5,707.1333333333332,4.366666666666788,0.6194292739437957,Moderate,Bearish,Below CPR,Cash Only,Unclassified,False,True,0.82,50,126445278.025,Lower,False,No setup
ELIN,EQ,ELIN ELECTRONICS LIMITED,98.75,101.18,98.15,100.6,63115,6339418.48,20260731,99.97666666666667,99.665,100.28833333333334,100.28833333333334,99.665,0.6233333333333348,0.6196156394963568,Moderate,Bullish,Above CPR,Cash Only,Unclassified,False,False,0.6,50,11805940.54,Higher,False,No setup
ELDEHSG,EQ,ELDECO HSG & IND LTD.,789.95,789.95,768.0,771.8,817,630149.4,20260731,776.5833333333334,778.975,774.1916666666667,778.975,774.1916666666667,4.783333333333303,0.6197633238317315,Moderate,Bearish,Below CPR,Cash Only,Unclassified,False,True,0.48,50,627506.175,Inside,False,No setup
ASHOKA,EQ,ASHOKA BUILDCON LTD,123.23,124.09,120.35,121.09,689411,84300709.3,20260731,121.84333333333332,122.22,121.46666666666664,122.22,121.46666666666664,0.7533333333333587,0.6221267927437102,Moderate,Bearish,Below CPR,Cash Only,Unclassified,False,True,0.7,50,84800538.47999999,Lower,False,No setup
SGIL,EQ,SYNERGY GREEN IND. LTD,596.75,605.25,588.5,602.5,8758,5222389.4,20260731,598.75,596.875,600.625,600.625,596.875,3.75,0.6224066390041494,Moderate,Bullish,Above CPR,Cash Only,Unclassified,False,False,0.48,50,6211324.2,Higher,False,No setup
SURYODAY,EQ,SURYODAY SMALL FIN BK LTD,164.5,165.8,161.07,161.92,1134741,185139855.33,20260731,162.92999999999998,163.435,162.42499999999995,163.435,162.42499999999995,1.0100000000000477,0.6237648221344169,Moderate,Bearish,Below CPR,Cash Only,Unclassified,False,True,0.4,50,69166985.465,Higher,False,No setup
BOROLTD,EQ,BOROSIL LIMITED,239.82,242.94,234.37,236.44,59640,14211369.09,20260731,237.91666666666666,238.655,237.1783333333333,238.655,237.1783333333333,1.4766666666666879,0.624541814695774,Moderate,Bearish,Below CPR,Cash Only,Unclassified,False,True,0.68,50,15106237.66,Higher,False,No setup
CMSINFO,EQ,CMS INFO SYSTEMS LIMITED,272.0,272.75,259.6,263.7,1253873,330415355.25,20260731,265.34999999999997,266.175,264.5249999999999,266.175,264.5249999999999,1.650000000000091,0.6257110352673838,Moderate,Bearish,Below CPR,Cash Only,Unclassified,False,True,0.72,50,117623468.6,Lower,False,No setup
FLUOROCHEM,EQ,GUJARAT FLUOROCHEM LTD,4388.9,4471.0,4344.6,4366.8,45315,199922565.7,20260731,4394.133333333334,4407.8,4380.466666666668,4407.8,4380.466666666668,27.33333333333212,0.6259350859515461,Moderate,Bearish,Below CPR,Cash Only,Chemicals,False,True,0.76,50,450554715.25,Lower,False,No setup
EPACKPEB,EQ,EPACK PREFAB TECHN LTD,270.48,276.4,263.24,267.31,959312,259758678.34,20260731,268.98333333333335,269.82,268.1466666666667,269.82,268.1466666666667,1.6733333333332894,0.6259897996084282,Moderate,Bearish,Below CPR,Cash Only,Unclassified,False,True,0.4,50,212296314.61,Overlapping,False,No setup
DIVISLAB,EQ,DIVI S LABORATORIES LTD,7873.0,8090.0,7870.5,8056.0,793919,6369054768.0,20260731,8005.5,7980.25,8030.75,8030.75,7980.25,50.5,0.6268619662363456,Moderate,Bullish,Above CPR,Cash Only,Healthcare,False,False,0.78,50,2441533053.5,Higher,False,No setup
VRLLOG,EQ,VRL LOGISTICS LIMITED,260.9,268.0,258.3,265.65,483634,128032238.8,20260731,263.9833333333333,263.15,264.8166666666666,264.8166666666666,263.15,1.6666666666666288,0.6273919317397436,Moderate,Bullish,Above CPR,Cash Only,Unclassified,False,False,0.76,50,27802929.575000003,Higher,False,No setup
PALASHSECU,EQ,PALASH SECURITIES LTD,84.5,88.0,84.5,87.07,1144,99353.52,20260731,86.52333333333333,86.25,86.79666666666665,86.79666666666665,86.25,0.5466666666666526,0.6278473259063428,Moderate,Bullish,Above CPR,Cash Only,Unclassified,False,False,0.56,50,65189.29,Outside,False,No setup
COROMANDEL,EQ,COROMANDEL INTERNTL. LTD,2061.0,2082.0,2026.0,2073.6,158179,326891938.5,20260731,2060.5333333333333,2054.0,2067.0666666666666,2067.0666666666666,2054.0,13.066666666666606,0.6301440329218079,Moderate,Bullish,Above CPR,Cash Only,Chemicals,False,False,0.68,50,516445010.25,Higher,False,No setup
CARTRADE,EQ,CARTRADE TECH LIMITED,2785.1,2785.7,2705.0,2719.6,387704,1063187972.4,20260731,2736.7666666666664,2745.35,2728.183333333333,2745.35,2728.183333333333,17.16666666666697,0.6312202774917992,Moderate,Bearish,Below CPR,Cash Only,Consumer Services,False,True,0.42,50,1307346896.25,Lower,False,No setup
KERNEX,EQ,KERNEX MICROSYS(I) LTD,2220.0,2320.0,2220.0,2291.7,78321,178621003.4,20260731,2277.233333333333,2270.0,2284.4666666666662,2284.4666666666662,2270.0,14.466666666666242,0.631263545257505,Moderate,Bullish,Above CPR,Cash Only,Unclassified,False,False,0.4,50,423494363.54999995,Higher,False,No setup
BANG,EQ,BANG OVERSEAS LTD.,29.8,30.5,29.2,29.57,14628,438928.84,20260731,29.75666666666667,29.85,29.66333333333334,29.85,29.66333333333334,0.18666666666666032,0.6312704317438631,Moderate,Bearish,Below CPR,Cash Only,Unclassified,False,True,0.38,50,800259.5700000001,Lower,False,No setup
RPGLIFE,EQ,RPG LIFE SCIENCES LTD,2829.9,2836.9,2752.0,2768.2,14230,39533709.2,20260731,2785.6999999999994,2794.45,2776.949999999999,2794.45,2776.949999999999,17.50000000000091,0.6321797557980244,Moderate,Bearish,Below CPR,Cash Only,Unclassified,False,True,0.58,50,25410535.35,Lower,False,No setup
VINNY,EQ,VINNY OVERSEAS LIMITED,1.07,1.07,1.05,1.05,115064,122037.08,20260731,1.0566666666666666,1.06,1.0533333333333332,1.06,1.0533333333333332,0.006666666666666821,0.6349206349206495,Moderate,Bearish,Below CPR,Cash Only,Unclassified,False,True,0.63,50,316789.22,Lower,False,No setup
3BBLACKBIO,EQ,3B BLACKBIO DX LTD.,1265.5,1274.0,1244.0,1247.1,3475,4380779.5,20260731,1255.0333333333333,1259.0,1251.0666666666666,1259.0,1251.0666666666666,7.933333333333394,0.6361425173068234,Moderate,Bearish,Below CPR,Cash Only,Unclassified,False,True,0.58,50,13507289.399999999,Overlapping,False,No setup
ENRIN,EQ,SIEMENS ENERGY INDIA LTD,3154.6,3247.9,3152.0,3230.8,536106,1717608798.7,20260731,3210.2333333333336,3199.95,3220.5166666666673,3220.5166666666673,3199.95,20.566666666667516,0.636581238908862,Moderate,Bullish,Above CPR,Cash Only,Capital Goods,False,False,0.58,50,1501571484.15,Higher,False,No setup
METROPOLIS,EQ,METROPOLIS HEALTHCARE LTD,585.2,586.15,567.6,582.45,324208,187700413.35,20260731,578.7333333333333,576.875,580.5916666666667,580.5916666666667,576.875,3.716666666666697,0.6381091366927112,Moderate,Bullish,Above CPR,Cash Only,Unclassified,False,False,0.66,50,107072529.275,Lower,False,No setup
21STCENMGM,EQ,21ST CENTURY MGMT SERVICE,39.4,40.17,39.4,40.17,7817,313586.18,20260731,39.913333333333334,39.785,40.04166666666667,40.04166666666667,39.785,0.2566666666666748,0.6389511243880378,Moderate,Bullish,Above CPR,Cash Only,Unclassified,False,False,0.44,50,89812.29000000001,Higher,False,No setup
PREMCO,EQ,PREMCO GLOBAL LTD.,366.2,374.7,363.25,372.55,60,22250.1,20260731,370.1666666666667,368.975,371.35833333333335,371.35833333333335,368.975,2.3833333333333258,0.6397351585916858,Moderate,Bullish,Above CPR,Cash Only,Unclassified,False,False,0.7,50,172375.05,Overlapping,False,No setup
MANBA,EQ,MANBA FINANCE LIMITED,137.7,138.57,135.0,135.48,95370,12975257.1,20260731,136.35,136.785,135.915,136.785,135.915,0.8700000000000045,0.6421612046058494,Moderate,Bearish,Below CPR,Cash Only,Unclassified,False,True,0.62,50,14167522.754999999,Higher,False,No setup
SUNFLAG,EQ,SUNFLAG IRON AND STEEL CO,358.9,367.0,356.55,365.3,199878,72621449.5,20260731,362.95,361.775,364.125,364.125,361.775,2.3500000000000227,0.6433068710648844,Moderate,Bullish,Above CPR,Cash Only,Unclassified,False,False,0.54,50,60862325.925,Higher,False,No setup
NGLFINE,EQ,NGL FINE CHEM LIMITED,3330.1,3333.6,3250.0,3260.3,2437,7958775.5,20260731,3281.3000000000006,3291.8,3270.800000000001,3291.8,3270.800000000001,20.99999999999909,0.6441125049841759,Moderate,Bearish,Below CPR,Cash Only,Unclassified,False,True,0.38,50,34947124.5,Overlapping,False,No setup
SALZERELEC,EQ,SALZER ELECTRONICS LTD,575.95,585.0,567.55,581.9,29259,16976684.2,20260731,578.15,576.275,580.025,580.025,576.275,3.75,0.644440625537034,Moderate,Bullish,Above CPR,Cash Only,Unclassified,False,False,0.6,50,26213047.475,Higher,False,No setup
SHALPAINTS,EQ,SHALIM PAINTS LTD,67.24,68.65,66.0,66.68,156794,10521265.09,20260731,67.11,67.325,66.895,67.325,66.895,0.4300000000000068,0.6448710257948512,Moderate,Bearish,Below CPR,Cash Only,Unclassified,False,True,0.48,50,2162739.115,Lower,False,No setup
MRPL,EQ,MRPL,167.5,171.29,165.3,169.94,7627784,1290497415.35,20260731,168.84333333333333,168.29500000000002,169.39166666666665,169.39166666666665,168.29500000000002,1.0966666666666356,0.6453258012631726,Moderate,Bullish,Above CPR,Cash Only,Oil Gas & Consumable Fuels,False,False,0.5,50,901532978.94,Higher,False,No setup
KICL,EQ,KALYANI INVEST CO LTD,5375.0,5550.0,5340.5,5498.5,987,5374981.5,20260731,5463.0,5445.25,5480.75,5480.75,5445.25,35.5,0.6456306265345094,Moderate,Bullish,Above CPR,Cash Only,Unclassified,False,False,0.74,50,7516860.5,Higher,False,No setup
ASTEC,EQ,ASTEC LIFESCIENCES LTD,629.0,669.0,629.0,655.35,91939,59989893.2,20260731,651.1166666666667,649.0,653.2333333333333,653.2333333333333,649.0,4.2333333333333485,0.6459652602934841,Moderate,Bullish,Above CPR,Cash Only,Unclassified,False,False,0.42,50,27934622.55,Higher,False,No setup
SEAMECLTD,EQ,SEAMEC LIMITED,1427.6,1475.0,1421.2,1462.3,38336,55612577.9,20260731,1452.8333333333333,1448.1,1457.5666666666666,1457.5666666666666,1448.1,9.466666666666697,0.6473819781622578,Moderate,Bullish,Above CPR,Cash Only,Unclassified,False,False,0.64,50,71748075.1,Higher,False,No setup
MAMATA,EQ,MAMATA MACHINERY LIMITED,385.0,420.0,385.0,406.45,209575,84567569.5,20260731,403.81666666666666,402.5,405.1333333333333,405.1333333333333,402.5,2.6333333333333258,0.6478861688604566,Moderate,Bullish,Above CPR,Cash Only,Unclassified,False,False,0.7,50,19475283.525,Higher,False,No setup
PCJEWELLER,EQ,PC JEWELLER LTD,9.2,9.32,9.02,9.26,123962802,1138712539.29,20260731,9.200000000000001,9.17,9.230000000000002,9.230000000000002,9.17,0.060000000000002274,0.6479481641468928,Moderate,Bullish,Above CPR,Cash Only,Unclassified,False,False,0.56,50,604530413.25,Higher,False,No setup
NUVOCO,EQ,NUVOCO VISTAS CORP LTD,349.2,353.0,343.0,344.65,380104,131791700.05,20260731,346.8833333333334,348.0,345.76666666666677,348.0,345.76666666666677,2.233333333333235,0.648000386865874,Moderate,Bearish,Below CPR,Cash Only,Construction Materials,False,True,0.66,50,95204952.775,Lower,False,No setup
KSL,EQ,KALYANI STEELS LIMITED,880.0,893.95,871.2,874.05,17565,15480577.0,20260731,879.7333333333332,882.575,876.8916666666664,882.575,876.8916666666664,5.683333333333621,0.6502297732776868,Moderate,Bearish,Below CPR,Cash Only,Unclassified,False,True,0.64,50,31705359.975,Overlapping,False,No setup
TEJASNET,EQ,TEJAS NETWORKS LIMITED,509.0,529.9,506.15,513.0,2047789,1064693272.35,20260731,516.35,518.025,514.6750000000001,518.025,514.6750000000001,3.349999999999909,0.653021442495109,Moderate,Bearish,Below CPR,Cash Only,Telecommunication,False,True,0.48,50,1804257512.475,Higher,False,No setup
NILE,EQ,NILE LTD.,1883.0,1920.3,1863.0,1873.3,1926,3651951.2,20260731,1885.5333333333335,1891.65,1879.416666666667,1891.65,1879.416666666667,12.233333333333121,0.6530365308991151,Moderate,Bearish,Below CPR,Cash Only,Unclassified,False,True,0.38,50,4621783.0,Outside,False,No setup
OSWALPUMPS,EQ,OSWAL PUMPS LIMITED,336.75,336.75,328.0,329.15,820594,271415900.05,20260731,331.3,332.375,330.225,332.375,330.225,2.1499999999999773,0.6531976302597531,Moderate,Bearish,Below CPR,Cash Only,Unclassified,False,True,0.46,50,180821492.7,Lower,False,No setup
OSWALAGRO,EQ,OSWAL AGRO MILLS LTD,38.16,39.45,37.8,38.25,43412,1658454.89,20260731,38.5,38.625,38.375,38.625,38.375,0.25,0.6535947712418301,Moderate,Bearish,Below CPR,Cash Only,Unclassified,False,True,0.2,5,1658454.89,Inside,False,No setup
OFSS,EQ,ORACLE FIN SERV SOFT LTD.,11100.0,11270.0,10882.0,11186.0,294348,3279705822.0,20260731,11112.666666666666,11076.0,11149.333333333332,11149.333333333332,11076.0,73.33333333333212,0.6555813814887549,Moderate,Bullish,Above CPR,Cash Only,Information Technology,False,False,0.58,50,2876369058.0,Lower,False,No setup
GARUDA,EQ,GARUDA CONSTRUCT N ENG L,169.0,173.86,168.34,172.8,254964,43862654.51,20260731,171.66666666666666,171.10000000000002,172.2333333333333,172.2333333333333,171.10000000000002,1.133333333333269,0.6558641975308268,Moderate,Bullish,Above CPR,Cash Only,Unclassified,False,False,0.7,50,47890138.465,Higher,False,No setup
CREDITACC,EQ,CREDITACCESS GRAMEEN LTD,1621.0,1634.0,1583.0,1592.8,552037,889894565.1,20260731,1603.2666666666667,1608.5,1598.0333333333333,1608.5,1598.0333333333333,10.466666666666697,0.6571237234220679,Moderate,Bearish,Below CPR,Cash Only,Financial Services,False,True,0.64,50,388624608.75,Overlapping,False,No setup
REGENCERAM,EQ,REGENCY CERAMICS LTD.,31.51,36.49,30.0,32.92,2176,72273.41,20260731,33.13666666666667,33.245000000000005,33.028333333333336,33.245000000000005,33.028333333333336,0.21666666666666856,0.6581611988659433,Moderate,Bearish,Below CPR,Cash Only,Unclassified,False,True,0.48,50,50190.979999999996,Higher,False,No setup
CHENNPETRO,EQ,CHENNAI PETROLEUM CORP LT,1248.0,1274.0,1222.3,1260.6,1502352,1883900844.3,20260731,1252.3,1248.15,1256.4499999999998,1256.4499999999998,1248.15,8.299999999999727,0.6584166270029929,Moderate,Bullish,Above CPR,Cash Only,Oil Gas & Consumable Fuels,False,False,0.42,50,1293511738.95,Overlapping,False,No setup
SCHAND,EQ,S CHAND AND COMPANY LTD,144.2,147.0,141.3,142.74,39322,5668196.57,20260731,143.68,144.15,143.21,144.15,143.21,0.9399999999999977,0.6585400028022962,Moderate,Bearish,Below CPR,Cash Only,Unclassified,False,True,0.82,50,4531222.12,Lower,False,No setup
CHALET,EQ,CHALET HOTELS LIMITED,806.75,813.9,792.85,811.4,82504,66534642.75,20260731,806.0500000000001,803.375,808.7250000000001,808.7250000000001,803.375,5.350000000000136,0.6593542026127849,Moderate,Bullish,Above CPR,Cash Only,Consumer Services,False,False,0.72,50,83382378.5,Higher,False,No setup
EMAMILTD,EQ,EMAMI LIMITED,407.5,407.5,396.5,398.05,490748,196278255.35,20260731,400.68333333333334,402.0,399.3666666666667,402.0,399.3666666666667,2.6333333333333258,0.6615584306829106,Moderate,Bearish,Below CPR,Cash Only,Fast Moving Consumer Goods,False,True,0.7,50,176807710.05,Lower,False,No setup
BLUEJET,EQ,BLUE JET HEALTHCARE LTD,618.0,629.05,611.0,626.25,2120870,1317214061.5,20260731,622.1,620.025,624.1750000000001,624.1750000000001,620.025,4.150000000000091,0.6626746506986173,Moderate,Bullish,Above CPR,Cash Only,Healthcare,False,False,0.5,50,306251443.9,Higher,False,No setup
GOKULAGRO,EQ,GOKUL AGRO RESOURCES LTD,220.15,227.04,218.7,225.11,464920,103887434.46,20260731,223.61666666666667,222.87,224.36333333333334,224.36333333333334,222.87,1.4933333333333394,0.663379384893314,Moderate,Bullish,Above CPR,Cash Only,Unclassified,False,False,0.6,50,68950894.58500001,Lower,False,No setup
SRGHFL,EQ,SRG HOUSING FINANCE L,292.2,300.05,292.2,293.2,1244,369436.95,20260731,295.15000000000003,296.125,294.17500000000007,296.125,294.17500000000007,1.9499999999999318,0.6650750341063888,Moderate,Bearish,Below CPR,Cash Only,Unclassified,False,True,0.48,50,689359.5,Higher,False,No setup
UNICHEMLAB,EQ,UNICHEM LABORATORIES LTD,517.0,526.95,510.1,513.4,30825,15986707.0,20260731,516.8166666666667,518.5250000000001,515.1083333333333,518.5250000000001,515.1083333333333,3.4166666666667425,0.6654979872743948,Moderate,Bearish,Below CPR,Cash Only,Unclassified,False,True,0.52,50,45277517.675,Lower,False,No setup
BBNPPGOLD,EQ,BARODABNP - BBNPPGOLD,137.8,140.8,136.95,137.5,46017,6327795.2,20260731,138.41666666666666,138.875,137.95833333333331,138.875,137.95833333333331,0.9166666666666856,0.6666666666666804,Moderate,Bearish,Below CPR,Cash Only,Unclassified,False,True,0.88,50,639795.475,Higher,False,No setup
MOL,EQ,MEGHMANI ORGANICS LIMITED,54.83,55.54,53.3,53.88,1344649,72905750.83,20260731,54.24,54.42,54.06,54.42,54.06,0.35999999999999943,0.6681514476614688,Moderate,Bearish,Below CPR,Cash Only,Unclassified,False,True,0.56,50,26024109.745,Lower,False,No setup
PKTEA,EQ,THE P K TEA PROD CO LTD,690.0,690.0,676.4,676.4,11,7454.0,20260731,680.9333333333334,683.2,678.6666666666667,683.2,678.6666666666667,4.533333333333303,0.6702148630001926,Moderate,Bearish,Below CPR,Cash Only,Unclassified,False,True,0.5208333333333334,48,88634.775,Lower,False,No setup
ORISSAMINE,EQ,ORISSA MIN DEV CO LTD,4069.9,4094.0,3959.1,3986.4,6514,26311832.9,20260731,4013.1666666666665,4026.55,3999.783333333333,4026.55,3999.783333333333,26.766666666667334,0.6714495952906716,Moderate,Bearish,Below CPR,Cash Only,Unclassified,False,True,0.72,50,23301889.0,Lower,False,No setup
VASWANI,EQ,VASWANI IND LTD,52.6,53.0,51.2,51.58,15968,829458.37,20260731,51.92666666666667,52.1,51.75333333333334,52.1,51.75333333333334,0.346666666666664,0.672095127310322,Moderate,Bearish,Below CPR,Cash Only,Unclassified,False,True,0.52,50,2278295.855,Lower,False,No setup
ANTHEM,EQ,ANTHEM BIOSCIENCES LTD,784.1,819.0,783.05,809.2,981739,795326410.1,20260731,803.75,801.025,806.475,806.475,801.025,5.4500000000000455,0.6735046959960511,Moderate,Bullish,Above CPR,Cash Only,Healthcare,False,False,0.78,50,283521496.1,Higher,False,No setup
TRF,EQ,TRF LIMITED,231.95,231.95,224.49,225.93,30901,7028714.48,20260731,227.45666666666668,228.22,226.69333333333336,228.22,226.69333333333336,1.5266666666666424,0.6757255197037323,Moderate,Bearish,Below CPR,Cash Only,Unclassified,False,True,0.52,50,4152469.98,Inside,False,No setup
TTML,EQ,TATA TELESERV(MAHARASTRA),40.38,41.2,39.51,39.95,3372543,136027144.94,20260731,40.220000000000006,40.355000000000004,40.08500000000001,40.355000000000004,40.08500000000001,0.269999999999996,0.6758448060074994,Moderate,Bearish,Below CPR,Cash Only,Telecommunication,False,True,0.7,50,82425868.22,Higher,False,No setup
PODDARMENT,EQ,PODDAR PIGMENTS LIMITED,269.99,269.99,258.54,261.61,1785,465743.58,20260731,263.38,264.265,262.495,264.265,262.495,1.7699999999999818,0.6765796414510079,Moderate,Bearish,Below CPR,Cash Only,Unclassified,False,True,0.62,50,575911.12,Higher,False,No setup
ESCORTS,EQ,ESCORTS KUBOTA LIMITED,3013.6,3099.0,3010.2,3086.0,336370,1031443250.8,20260731,3065.066666666667,3054.6,3075.533333333334,3075.533333333334,3054.6,20.933333333334303,0.6783322531864648,Moderate,Bullish,Above CPR,Cash Only,Capital Goods,False,False,0.86,50,295593823.7,Higher,False,No setup
DREDGECORP,EQ,DREDGING CORP OF INDIA,1123.0,1145.0,1110.6,1139.4,222887,253163852.4,20260731,1131.6666666666667,1127.8,1135.5333333333335,1135.5333333333335,1127.8,7.733333333333576,0.6787197940436699,Moderate,Bullish,Above CPR,Cash Only,Unclassified,False,False,0.42,50,253505783.7,Higher,False,No setup
BAGFILMS,EQ,B.A.G FILMS AND MEDIA LTD,4.52,4.52,4.41,4.42,49569,220456.88,20260731,4.45,4.465,4.4350000000000005,4.465,4.4350000000000005,0.02999999999999936,0.6787330316741936,Moderate,Bearish,Below CPR,Cash Only,Unclassified,False,True,0.72,50,315323.855,Overlapping,False,No setup
APCL,EQ,ANJANI PORTLAND CEM LTD,103.0,103.0,100.25,100.6,11551,1164358.35,20260731,101.28333333333335,101.625,100.94166666666669,101.625,100.94166666666669,0.6833333333333087,0.679257786613627,Moderate,Bearish,Below CPR,Cash Only,Unclassified,False,True,0.58,50,608923.825,Lower,False,No setup
SANDUMA,EQ,SANDUR MANG & IRON ORES L,215.9,218.02,212.0,212.84,820754,176569715.0,20260731,214.28666666666666,215.01,213.56333333333333,215.01,213.56333333333333,1.4466666666666583,0.6796967988473305,Moderate,Bearish,Below CPR,Cash Only,Unclassified,False,True,0.8,50,173308264.5,Overlapping,False,No setup
HINDCON,EQ,HINDCON CHEMICALS LIMITED,23.27,24.3,23.27,24.03,34348,826680.77,20260731,23.866666666666664,23.785,23.948333333333327,23.948333333333327,23.785,0.1633333333333269,0.6797059231515892,Moderate,Bullish,Above CPR,Cash Only,Unclassified,False,False,0.4,5,955302.34,Higher,False,No setup
LFIC,EQ,LAKSHMI FIN IND CORP LTD,140.3,145.0,140.3,144.12,321,46006.01,20260731,143.14000000000001,142.65,143.63000000000002,143.63000000000002,142.65,0.9800000000000182,0.6799888981404512,Moderate,Bullish,Above CPR,Cash Only,Unclassified,False,False,0.7346938775510204,49,118785.19,Inside,False,No setup
SESHAPAPER,EQ,SESHASAYEE PAPER & BOARDS,238.48,248.99,232.27,243.11,249191,60930176.55,20260731,241.45666666666668,240.63,242.28333333333336,242.28333333333336,240.63,1.6533333333333644,0.6800762343520893,Moderate,Bullish,Above CPR,Cash Only,Unclassified,False,False,0.72,50,7979524.57,Higher,False,No setup
INDTERRAIN,EQ,IND TERRAIN FASHIONS LTD,28.06,28.73,27.5,27.83,16582,462708.74,20260731,28.02,28.115000000000002,27.924999999999997,28.115000000000002,27.924999999999997,0.19000000000000483,0.6827164929931903,Moderate,Bearish,Below CPR,Cash Only,Unclassified,False,True,0.46,50,452979.4,Lower,False,No setup
MEGASTAR,EQ,MEGASTAR FOODS LIMITED,336.75,340.45,330.25,331.95,4812,1605137.85,20260731,334.2166666666667,335.35,333.08333333333337,335.35,333.08333333333337,2.2666666666666515,0.6828337601044289,Moderate,Bearish,Below CPR,Cash Only,Unclassified,False,True,0.52,50,15666544.725,Inside,False,No setup
AXITA,EQ,AXITA COTTON LIMITED,7.43,7.49,7.3,7.32,891372,6570281.39,20260731,7.37,7.395,7.345000000000001,7.395,7.345000000000001,0.049999999999998934,0.6830601092896029,Moderate,Bearish,Below CPR,Cash Only,Unclassified,False,True,0.72,50,1875990.7149999999,Overlapping,False,No setup
GODAVARIB,EQ,GODAVARI BIOREFINERIES L,268.0,268.0,259.15,260.9,65132,17148844.45,20260731,262.68333333333334,263.575,261.7916666666667,263.575,261.7916666666667,1.783333333333303,0.6835313657850912,Moderate,Bearish,Below CPR,Cash Only,Unclassified,False,True,0.66,50,28116108.4,Lower,False,No setup
ARIHANT,EQ,ARIHANT FOUN & HOU LTD,1087.05,1175.0,1087.05,1142.75,12691,14636431.3,20260731,1134.9333333333334,1131.025,1138.8416666666667,1138.8416666666667,1131.025,7.816666666666606,0.6840224604389942,Moderate,Bullish,Above CPR,Cash Only,Unclassified,False,False,0.46,50,3625806.25,Higher,False,No setup
ADANIPORTS,EQ,ADANI PORT & SEZ LTD,1674.0,1708.1,1650.0,1696.5,4703646,7953338842.0,20260731,1684.8666666666668,1679.05,1690.6833333333336,1690.6833333333336,1679.05,11.633333333333667,0.6857255133117399,Moderate,Bullish,Above CPR,Cash Only,Services,False,False,0.86,50,3284878607.05,Inside,False,No setup
LEMERITE,EQ,LE MERITE EXPORTS LIMITED,23.89,23.89,23.13,23.27,191442,4476437.05,20260731,23.429999999999996,23.509999999999998,23.349999999999994,23.509999999999998,23.349999999999994,0.1600000000000037,0.6875805758487482,Moderate,Bearish,Below CPR,Cash Only,Unclassified,False,True,0.34,50,14222552.52,Overlapping,False,No setup
PSPPROJECT,EQ,PSP PROJECTS LIMITED,959.5,987.5,948.3,978.0,150907,146669933.1,20260731,971.2666666666668,967.9,974.6333333333336,974.6333333333336,967.9,6.733333333333576,0.6884798909339035,Moderate,Bullish,Above CPR,Cash Only,Unclassified,False,False,0.5,50,109217606.1,Inside,False,No setup
KAVDEFENCE,EQ,KAVVERI DFS & WIR TEC LTD,57.99,57.99,55.05,57.11,60904,3466268.75,20260731,56.71666666666666,56.519999999999996,56.91333333333333,56.91333333333333,56.519999999999996,0.39333333333333087,0.6887293527111379,Moderate,Bullish,Above CPR,Cash Only,Unclassified,False,False,0.46,50,5815943.855,Overlapping,False,No setup
OBCL,EQ,OBCL LIMITED,54.25,54.25,52.2,52.68,1453,76877.35,20260731,53.04333333333333,53.225,52.86166666666666,53.225,52.86166666666666,0.36333333333334394,0.6896988104277599,Moderate,Bearish,Below CPR,Cash Only,Unclassified,False,True,0.64,50,316167.95,Higher,False,No setup
TARIL,EQ,TRANS & RECTI. LTD,295.05,304.1,295.05,296.5,1725542,517729251.5,20260731,298.55,299.57500000000005,297.525,299.57500000000005,297.525,2.050000000000068,0.6913996627318948,Moderate,Bearish,Below CPR,Cash Only,Capital Goods,False,True,0.64,50,640210413.875,Higher,False,No setup
KDDL,EQ,KDDL LIMITED,3234.8,3345.5,3190.0,3302.0,29055,95897571.5,20260731,3279.1666666666665,3267.75,3290.583333333333,3290.583333333333,3267.75,22.83333333333303,0.6915001009489107,Moderate,Bullish,Above CPR,Cash Only,Unclassified,False,False,0.5,50,66245910.1,Higher,False,No setup
NH,EQ,NARAYANA HRUDAYALAYA LTD.,2080.3,2088.5,2012.0,2029.2,268301,549614148.9,20260731,2043.2333333333333,2050.25,2036.2166666666667,2050.25,2036.2166666666667,14.033333333333303,0.6915697483408881,Moderate,Bearish,Below CPR,Cash Only,Healthcare,False,True,0.76,50,504817001.25,Lower,False,No setup
ANMOL,EQ,ANMOL INDIA LIMITED,10.12,10.5,9.95,10.12,48289,488154.61,20260731,10.19,10.225,10.155,10.225,10.155,0.07000000000000028,0.6916996047430859,Moderate,Bearish,Below CPR,Cash Only,Unclassified,False,True,0.7,50,251868.135,Higher,False,No setup
TDPOWERSYS,EQ,TD POWER SYSTEMS LTD.,1110.0,1151.6,1086.9,1131.0,2306328,2597721417.9,20260731,1123.1666666666667,1119.25,1127.0833333333335,1127.0833333333335,1119.25,7.833333333333485,0.6926024167403612,Moderate,Bullish,Above CPR,Cash Only,Unclassified,False,False,0.48,50,1203489104.25,Higher,False,No setup
WEBELSOLAR,EQ,WEBSOL ENERGY SYSTEM LTD,96.0,97.06,94.31,96.69,1469541,141407812.59,20260731,96.02,95.685,96.35499999999999,96.35499999999999,95.685,0.6699999999999875,0.6929361878167211,Moderate,Bullish,Above CPR,Cash Only,Unclassified,False,False,0.58,50,203976089.99,Inside,False,No setup
FACT,EQ,FACT LTD,823.6,830.0,806.1,826.65,66445,54837206.85,20260731,820.9166666666666,818.05,823.7833333333333,823.7833333333333,818.05,5.7333333333333485,0.6935623702090786,Moderate,Bullish,Above CPR,Cash Only,Chemicals,False,False,0.84,50,128910140.44999999,Overlapping,False,No setup
GESHIP,EQ,THE GE SHPG.LTD,1380.0,1383.0,1345.9,1350.4,492018,669043143.8,20260731,1359.7666666666667,1364.45,1355.0833333333333,1364.45,1355.0833333333333,9.366666666666788,0.6936216429699932,Moderate,Bearish,Below CPR,Cash Only,Services,False,True,0.58,50,697040735.0,Lower,False,No setup
SHAH,EQ,SHAH METACORP LIMITED,3.9,4.04,3.72,3.84,4926065,18994550.94,20260731,3.8666666666666667,3.88,3.8533333333333335,3.88,3.8533333333333335,0.026666666666666394,0.6944444444444374,Moderate,Bearish,Below CPR,Cash Only,Unclassified,False,True,0.52,50,26920211.08,Overlapping,False,No setup
KIRLPNU,EQ,KIRLOSKAR PNEUMATIC COM L,1460.8,1488.7,1445.2,1482.4,125033,184654762.0,20260731,1472.1000000000001,1466.95,1477.2500000000002,1477.2500000000002,1466.95,10.300000000000182,0.6948192120885173,Moderate,Bullish,Above CPR,Cash Only,Unclassified,False,False,0.62,50,235164087.65,Overlapping,False,No setup
HPAL,EQ,HP ADHESIVES LIMITED,32.9,33.5,32.3,32.56,38085,1243048.04,20260731,32.78666666666667,32.9,32.67333333333334,32.9,32.67333333333334,0.22666666666665947,0.6961506961506739,Moderate,Bearish,Below CPR,Cash Only,Unclassified,False,True,0.5,50,1434510.65,Lower,False,No setup
GOPAL,EQ,GOPAL SNACKS LIMITED,263.0,272.45,262.9,270.5,104681,28102872.7,20260731,268.6166666666666,267.67499999999995,269.5583333333333,269.5583333333333,267.67499999999995,1.8833333333333258,0.6962415280345012,Moderate,Bullish,Above CPR,Cash Only,Unclassified,False,False,0.92,50,24422359.125,Inside,False,No setup
MURUDCERA,EQ,MURUDESHWAR CERAMICS LTD,31.39,31.39,30.49,30.62,12727,390722.43,20260731,30.833333333333332,30.939999999999998,30.726666666666667,30.939999999999998,30.726666666666667,0.21333333333333115,0.6967123884171494,Moderate,Bearish,Below CPR,Cash Only,Unclassified,False,True,0.62,50,572779.765,Higher,False,No setup
OLAELEC,EQ,OLA ELECTRIC MOBILITY LTD,38.03,38.9,37.61,38.66,38950908,1497389000.8,20260731,38.38999999999999,38.254999999999995,38.52499999999999,38.52499999999999,38.254999999999995,0.269999999999996,0.6983962752198553,Moderate,Bullish,Above CPR,Cash Only,Automobile and Auto Components,False,False,0.64,50,3716882926.12,Higher,False,No setup
LTTS,EQ,L&T TECHNOLOGY SER. LTD.,3524.2,3580.0,3456.3,3555.4,119524,419641573.3,20260731,3530.566666666667,3518.15,3542.983333333334,3542.983333333334,3518.15,24.83333333333394,0.6984680579775536,Moderate,Bullish,Above CPR,Cash Only,Information Technology,False,False,0.64,50,360781827.15,Lower,False,No setup
DELTACORP,EQ,DELTA CORP LIMITED,62.0,65.3,61.96,62.97,3050273,194464448.5,20260731,63.41,63.629999999999995,63.19,63.629999999999995,63.19,0.4399999999999977,0.6987454343338062,Moderate,Bearish,Below CPR,Cash Only,Unclassified,False,True,0.82,50,97951853.91499999,Higher,False,No setup
SMCGLOBAL,EQ,SMC GLOBAL SECURITIES LTD,82.0,82.76,77.2,80.83,1307657,104587198.84,20260731,80.26333333333334,79.98,80.54666666666667,80.54666666666667,79.98,0.5666666666666629,0.7010598375190683,Moderate,Bullish,Above CPR,Cash Only,Unclassified,False,False,0.7,50,35543948.26,Overlapping,False,No setup
PVSL,EQ,POPULAR VEHICLES N SER L,109.0,110.81,108.5,108.51,17207,1876854.23,20260731,109.27333333333333,109.655,108.89166666666665,109.655,108.89166666666665,0.7633333333333496,0.7034681903357751,Moderate,Bearish,Below CPR,Cash Only,Unclassified,False,True,0.64,50,2973566.785,Overlapping,False,No setup
DHUNINV,EQ,DHUNSERI INVESTMENTS LTD,855.0,870.0,841.0,846.55,189,163152.05,20260731,852.5166666666668,855.5,849.5333333333335,855.5,849.5333333333335,5.96666666666647,0.7048215305258366,Moderate,Bearish,Below CPR,Cash Only,Unclassified,False,True,0.64,50,536848.7,Outside,False,No setup
TATACOMM,EQ,TATA COMMUNICATIONS LTD,1781.7,1799.0,1751.0,1756.4,175054,308481412.8,20260731,1768.8,1775.0,1762.6,1775.0,1762.6,12.400000000000091,0.7059895240264228,Moderate,Bearish,Below CPR,Cash Only,Telecommunication,False,True,0.66,50,1029299475.2,Lower,False,No setup
ZFSTEERING,EQ,Z F STEERING GEAR (I) LTD,682.0,682.0,660.0,663.95,2390,1597730.45,20260731,668.65,671.0,666.3,671.0,666.3,4.7000000000000455,0.7078846298667136,Moderate,Bearish,Below CPR,Cash Only,Unclassified,False,True,0.64,50,2160408.8,Overlapping,False,No setup
APARINDS,EQ,APAR INDUSTRIES LTD.,13935.0,14502.0,13889.0,14348.0,181364,2599720231.0,20260731,14246.333333333334,14195.5,14297.166666666668,14297.166666666668,14195.5,101.66666666666788,0.708577269770476,Moderate,Bullish,Above CPR,Cash Only,Capital Goods,False,False,0.46,50,1965093612.5,Higher,False,No setup
NUCLEUS,EQ,NUCLEUS SOFTWARE EXPORTS,698.0,704.75,682.0,686.05,179428,123786858.95,20260731,690.9333333333334,693.375,688.4916666666668,693.375,688.4916666666668,4.883333333333212,0.7118042902606534,Moderate,Bearish,Below CPR,Cash Only,Unclassified,False,True,0.72,50,22764782.924999997,Lower,False,No setup
JAYNECOIND,EQ,JAYASWAL NECO INDUSTR LTD,87.62,88.5,85.4,86.03,2542610,221161388.97,20260731,86.64333333333333,86.95,86.33666666666666,86.95,86.33666666666666,0.6133333333333439,0.7129295982021898,Moderate,Bearish,Below CPR,Cash Only,Unclassified,False,True,0.58,50,365374426.535,Lower,False,No setup
BAIDFIN,EQ,BAID FINSERV LIMITED,10.03,10.03,9.8,9.81,52487,516301.55,20260731,9.88,9.915,9.845000000000002,9.915,9.845000000000002,0.06999999999999673,0.7135575942915059,Moderate,Bearish,Below CPR,Cash Only,Unclassified,False,True,0.68,50,539235.375,Overlapping,False,No setup
PRECAM,EQ,PRECISION CAMSHAFTS LTD.,142.19,144.89,138.7,140.29,235984,33252156.9,20260731,141.29333333333332,141.795,140.79166666666666,141.795,140.79166666666666,1.0033333333333303,0.7151852115855231,Moderate,Bearish,Below CPR,Cash Only,Unclassified,False,True,0.58,50,23807803.1,Outside,False,No setup
VAML,EQ,VEDANTA ALUMINIUM METAL L,465.0,465.0,453.15,454.2,12416313,5692648692.4,20260731,457.45,459.075,455.825,459.075,455.825,3.25,0.7155438132981066,Moderate,Bearish,Below CPR,Cash Only,Unclassified,False,True,0.75,24,4670762558.45,Higher,False,No setup
JTLIND,EQ,JTL INDUSTRIES LIMITED,73.06,76.49,72.67,75.39,3542754,266540299.76,20260731,74.85000000000001,74.58,75.12000000000002,75.12000000000002,74.58,0.5400000000000205,0.7162753680859801,Moderate,Bullish,Above CPR,Cash Only,Unclassified,False,False,0.56,50,153240063.97,Higher,False,No setup
SUVEN,EQ,SUVEN LIFE SCIENCES LTD,302.0,310.0,297.6,307.1,450787,138254912.95,20260731,304.90000000000003,303.8,306.00000000000006,306.00000000000006,303.8,2.2000000000000455,0.7163790296320565,Moderate,Bullish,Above CPR,Cash Only,Unclassified,False,False,0.42,50,362800268.85,Overlapping,False,No setup
RATNAMANI,EQ,RATNAMANI MET & TUB LTD.,2398.2,2413.5,2355.0,2358.9,16537,39253764.3,20260731,2375.7999999999997,2384.25,2367.3499999999995,2384.25,2367.3499999999995,16.900000000000546,0.716435626775215,Moderate,Bearish,Below CPR,Cash Only,Unclassified,False,True,0.76,50,60537875.349999994,Lower,False,No setup
UYFINCORP,EQ,U. Y. FINCORP LIMITED,19.79,19.96,19.51,19.95,408460,8137905.78,20260731,19.80666666666667,19.735,19.878333333333337,19.878333333333337,19.735,0.14333333333333798,0.7184628237260049,Moderate,Bullish,Above CPR,Cash Only,Unclassified,False,False,0.64,50,2101375.105,Higher,False,No setup
ATAM,EQ,ATAM VALVES LIMITED,65.1,66.0,64.27,64.44,5888,380335.49,20260731,64.90333333333332,65.13499999999999,64.67166666666665,65.13499999999999,64.67166666666665,0.46333333333333826,0.7190151044899725,Moderate,Bearish,Below CPR,Cash Only,Unclassified,False,True,0.64,50,478278.57499999995,Lower,False,No setup
BLUSPRING,EQ,BLUSPRING ENTERPRISES LTD,112.2,117.0,112.2,115.85,439807,50709186.79,20260731,115.01666666666665,114.6,115.43333333333331,115.43333333333331,114.6,0.8333333333333144,0.7193209610127876,Moderate,Bullish,Above CPR,Cash Only,Unclassified,False,False,0.38,50,55830384.585,Higher,False,No setup
ASTERDM,EQ,ASTER DM QUALITY CARE LTD,813.2,827.35,799.2,822.15,411488,337016013.55,20260731,816.2333333333335,813.2750000000001,819.1916666666668,819.1916666666668,813.2750000000001,5.9166666666667425,0.7196578077804223,Moderate,Bullish,Above CPR,Cash Only,Healthcare,False,False,0.84,50,384803108.525,Overlapping,False,No setup
CAMLINFINE,EQ,CAMLIN FINE SCIENCES LTD,125.71,128.5,124.22,127.74,311703,39615496.51,20260731,126.82,126.36,127.27999999999999,127.27999999999999,126.36,0.9199999999999875,0.7202129325191698,Moderate,Bullish,Above CPR,Cash Only,Unclassified,False,False,0.6,50,108297527.94,Overlapping,False,No setup
SINDHUTRAD,EQ,SINDHU TRADE LINKS LTD,24.09,24.54,23.75,24.41,443974,10786152.1,20260731,24.233333333333334,24.145,24.32166666666667,24.32166666666667,24.145,0.17666666666666941,0.7237470981838157,Moderate,Bullish,Above CPR,Cash Only,Unclassified,False,False,0.68,50,21061350.175,Outside,False,No setup
LALPATHLAB,EQ,DR. LAL PATH LABS LTD.,1883.2,1916.1,1852.9,1905.2,355875,671211163.6,20260731,1891.3999999999999,1884.5,1898.2999999999997,1898.2999999999997,1884.5,13.799999999999727,0.7243334033172227,Moderate,Bullish,Above CPR,Cash Only,Healthcare,False,False,0.82,50,387338857.4,Overlapping,False,No setup
RAMKY,EQ,RAMKY INFRA LTD,372.8,380.45,369.7,379.2,32973,12377365.05,20260731,376.45,375.075,377.825,377.825,375.075,2.75,0.725210970464135,Moderate,Bullish,Above CPR,Cash Only,Unclassified,False,False,0.7,50,21169129.025,Higher,False,No setup
UTKARSHBNK,EQ,UTKARSH SMALL FIN BANK L,14.31,14.7,14.22,14.62,3650606,52946836.11,20260731,14.513333333333334,14.46,14.566666666666666,14.566666666666666,14.46,0.10666666666666558,0.7295941632466867,Moderate,Bullish,Above CPR,Cash Only,Unclassified,False,False,0.6,50,64341786.84,Higher,False,No setup
JASH,EQ,JASH ENGINEERING LIMITED,507.9,508.05,490.0,504.55,175702,87800642.85,20260731,500.8666666666666,499.025,502.70833333333326,502.70833333333326,499.025,3.6833333333332803,0.7300234532421525,Moderate,Bullish,Above CPR,Cash Only,Unclassified,False,False,0.54,50,72589843.25,Higher,False,No setup
FIEMIND,EQ,FIEM INDUSTRIES LIMITED,2351.0,2351.0,2244.7,2323.3,133187,306643348.3,20260731,2306.3333333333335,2297.85,2314.816666666667,2314.816666666667,2297.85,16.96666666666715,0.7302830743626372,Moderate,Bullish,Above CPR,Cash Only,Unclassified,False,False,0.88,50,87173592.25,Lower,False,No setup
IFCI,EQ,IFCI LTD,74.5,77.57,73.83,76.54,50453251,3827526726.26,20260731,75.98,75.69999999999999,76.26000000000002,76.26000000000002,75.69999999999999,0.5600000000000307,0.7316435850536068,Moderate,Bullish,Above CPR,Cash Only,Financial Services,False,False,0.48,50,2867635701.6800003,Higher,False,No setup
CPL,EQ,CAPTAIN POLYPLAST LIMITED,71.05,72.84,70.8,71.04,18606,1326604.52,20260731,71.56,71.82,71.30000000000001,71.82,71.30000000000001,0.5199999999999818,0.7319819819819563,Moderate,Bearish,Below CPR,Cash Only,Unclassified,False,True,0.5714285714285714,7,1326604.52,Inside,False,No setup
WANBURY,EQ,WANBURY LIMITED,298.95,301.55,292.0,293.55,118849,35268596.05,20260731,295.7,296.775,294.625,296.775,294.625,2.1499999999999773,0.7324135581672551,Moderate,Bearish,Below CPR,Cash Only,Unclassified,False,True,0.4772727272727273,44,54550110.125,Lower,False,No setup
IRB,EQ,IRB INFRA DEV LTD.,20.4,20.53,19.91,20.0,23477102,474058471.27,20260731,20.146666666666665,20.22,20.07333333333333,20.22,20.07333333333333,0.14666666666666828,0.7333333333333414,Moderate,Bearish,Below CPR,Cash Only,Construction,False,True,0.84,50,215095017.33499998,Lower,False,No setup
SREEL,EQ,SREELEATHERS LIMITED,218.9,218.9,213.0,213.6,5516,1183266.12,20260731,215.16666666666666,215.95,214.38333333333333,215.95,214.38333333333333,1.5666666666666629,0.7334581772784002,Moderate,Bearish,Below CPR,Cash Only,Unclassified,False,True,0.74,50,1042439.3300000001,Outside,False,No setup
ROTO,EQ,ROTO PUMPS LIMITED,69.43,69.43,67.0,67.47,186158,12664200.24,20260731,67.96666666666667,68.215,67.71833333333333,68.215,67.71833333333333,0.4966666666666697,0.7361296378637464,Moderate,Bearish,Below CPR,Cash Only,Unclassified,False,True,0.68,50,35013943.71,Lower,False,No setup
KPRMILL,EQ,KPR MILL LTD.,1034.5,1053.8,1022.6,1049.8,320755,333071606.8,20260731,1042.0666666666666,1038.2,1045.9333333333332,1045.9333333333332,1038.2,7.733333333333121,0.736648250460385,Moderate,Bullish,Above CPR,Cash Only,Textiles,False,False,0.7,50,325452042.5,Overlapping,False,No setup
PENIND,EQ,PENNAR INDUSTRIES LTD,168.0,168.89,165.0,165.12,107131,17804728.49,20260731,166.33666666666667,166.945,165.72833333333335,166.945,165.72833333333335,1.2166666666666401,0.7368378552971415,Moderate,Bearish,Below CPR,Cash Only,Unclassified,False,True,0.72,50,55729836.735,Overlapping,False,No setup
TBZ,EQ,TRIB BHIMJI ZAVERI LTD,277.91,284.73,274.06,276.34,1065118,297177423.95,20260731,278.3766666666666,279.395,277.35833333333323,279.395,277.35833333333323,2.036666666666747,0.7370147885455407,Moderate,Bearish,Below CPR,Cash Only,Unclassified,False,True,0.56,50,230872025.315,Overlapping,False,No setup
PRUDENT,EQ,PRUDENT CORP ADV SER LTD,3195.6,3340.9,3170.0,3292.0,50525,165379310.0,20260731,3267.633333333333,3255.45,3279.8166666666666,3279.8166666666666,3255.45,24.366666666666788,0.7401782098015427,Moderate,Bullish,Above CPR,Cash Only,Unclassified,False,False,0.64,50,68566953.44999999,Higher,False,No setup
RAJRATAN,EQ,RAJRATAN GLOBAL WIRE LTD,484.0,498.0,481.0,495.0,114156,56163563.9,20260731,491.3333333333333,489.5,493.16666666666663,493.16666666666663,489.5,3.6666666666666288,0.740740740740733,Moderate,Bullish,Above CPR,Cash Only,Unclassified,False,False,0.68,50,30308988.75,Higher,False,No setup
INVENTURE,EQ,INVENTURE GRO & SEC LTD,0.9,0.92,0.9,0.9,529798,479221.73,20260731,0.9066666666666667,0.91,0.9033333333333334,0.91,0.9033333333333334,0.006666666666666599,0.7407407407407332,Moderate,Bearish,Below CPR,Cash Only,Unclassified,False,True,0.76,50,847771.555,Inside,False,No setup
ENIL,EQ,ENTERTAIN NET. IND. LTD.,108.56,111.0,107.4,108.0,9409,1020760.04,20260731,108.8,109.2,108.39999999999999,109.2,108.39999999999999,0.8000000000000114,0.7407407407407512,Moderate,Bearish,Below CPR,Cash Only,Unclassified,False,True,0.76,50,1390571.995,Higher,False,No setup
DIVGIITTS,EQ,DIVGI TORQTRANSFER SYST L,954.1,994.95,952.0,962.75,46413,45175803.85,20260731,969.9,973.475,966.3249999999999,973.475,966.3249999999999,7.150000000000091,0.7426642430537618,Moderate,Bearish,Below CPR,Cash Only,Unclassified,False,True,0.48,50,37059202.75,Higher,False,No setup
CORALFINAC,EQ,CORAL INDIA FIN & HOUS LT,33.5,35.45,32.5,33.6,166448,5697961.73,20260731,33.85,33.975,33.725,33.975,33.725,0.25,0.744047619047619,Moderate,Bearish,Below CPR,Cash Only,Unclassified,False,True,0.64,50,362855.145,Higher,False,No setup
OSWALGREEN,EQ,OSWAL GREENTECH LIMITED,21.35,22.05,20.5,21.04,600595,12858661.99,20260731,21.196666666666665,21.275,21.118333333333332,21.275,21.118333333333332,0.1566666666666663,0.7446134347275014,Moderate,Bearish,Below CPR,Cash Only,Unclassified,False,True,0.74,50,3039490.475,Lower,False,No setup
CHOICEIN,EQ,CHOICE INTERNATIONAL LTD,799.85,830.5,797.0,822.95,1389037,1132873763.05,20260731,816.8166666666666,813.75,819.8833333333332,819.8833333333332,813.75,6.133333333333212,0.7452862668853772,Moderate,Bullish,Above CPR,Cash Only,Financial Services,False,False,0.92,50,557377168.7,Higher,False,No setup
HMVL,EQ,HINDUSTAN MEDIA VENT LTD,93.3,94.98,92.16,94.63,43171,4052118.04,20260731,93.92333333333333,93.57,94.27666666666667,94.27666666666667,93.57,0.7066666666666777,0.7467681144105227,Moderate,Bullish,Above CPR,Cash Only,Unclassified,False,False,0.5,50,5306468.855,Lower,False,No setup
HMAAGRO,EQ,HMA AGRO INDUSTRIES LTD,21.5,21.5,20.0,20.52,870634,17895809.44,20260731,20.673333333333332,20.75,20.596666666666664,20.75,20.596666666666664,0.15333333333333599,0.7472384665367251,Moderate,Bearish,Below CPR,Cash Only,Unclassified,False,True,0.74,50,4894110.275,Lower,False,No setup
INDOUS,EQ,INDO US BIOTECH LTD,81.65,84.97,80.1,81.62,50770,4151086.58,20260731,82.23,82.535,81.92500000000001,82.535,81.92500000000001,0.6099999999999852,0.7473658417054463,Moderate,Bearish,Below CPR,Cash Only,Unclassified,False,True,0.48,50,1809711.8900000001,Lower,False,No setup
LATENTVIEW,EQ,LATENT VIEW ANALYTICS LTD,308.0,317.8,307.5,316.2,555324,174432350.2,20260731,313.8333333333333,312.65,315.01666666666665,315.01666666666665,312.65,2.3666666666666742,0.7484714315833885,Moderate,Bullish,Above CPR,Cash Only,Information Technology,False,False,0.7,50,216226400.925,Overlapping,False,No setup
GREAVESCOT,EQ,GREAVES COTTON LTD.,231.75,239.96,230.79,238.05,967530,229173660.56,20260731,236.26666666666665,235.375,237.1583333333333,237.1583333333333,235.375,1.783333333333303,0.7491423370440257,Moderate,Bullish,Above CPR,Cash Only,Unclassified,False,False,0.58,50,358910605.305,Higher,False,No setup
VSSL,EQ,VARDHMAN SPC STEEL LTD,300.0,305.9,296.75,304.75,86347,26128042.0,20260731,302.46666666666664,301.325,303.6083333333333,303.6083333333333,301.325,2.283333333333303,0.7492480175006737,Moderate,Bullish,Above CPR,Cash Only,Unclassified,False,False,0.72,50,10406264.35,Overlapping,False,No setup
CENTURYPLY,EQ,CENTURY PLYBOARDS (I) LTD,793.0,828.0,789.0,799.5,764661,622867556.0,20260731,805.5,808.5,802.5,808.5,802.5,6.0,0.7504690431519699,Wide,Bearish,Below CPR,Cash Only,Unclassified,False,True,0.9,50,27154600.575000003,Higher,False,No setup
PIONEEREMB,EQ,PIONEER EMBROIDERIES LTD,25.95,25.95,25.14,25.26,14280,363679.6,20260731,25.450000000000003,25.545,25.355000000000004,25.545,25.355000000000004,0.18999999999999773,0.7521773555027621,Wide,Bearish,Below CPR,Cash Only,Unclassified,False,True,0.5,50,237318.765,Lower,False,No setup
KELLTONTEC,EQ,KELLTON TECH SOL LTD,13.85,14.26,13.78,14.18,2018692,28362724.82,20260731,14.073333333333332,14.02,14.126666666666665,14.126666666666665,14.02,0.10666666666666558,0.7522331922896021,Wide,Bullish,Above CPR,Cash Only,Unclassified,False,False,0.82,50,25836281.935000002,Higher,False,No setup
CINEVISTA,EQ,CINEVISTA LIMITED,15.44,15.44,15.02,15.06,6184,93184.28,20260731,15.173333333333334,15.23,15.116666666666667,15.23,15.116666666666667,0.11333333333333329,0.752545374059318,Wide,Bearish,Below CPR,Cash Only,Unclassified,False,True,0.56,50,258653.27999999997,Higher,False,No setup
AFIL,EQ,AKME FINTRADE (INDIA) LTD,9.12,9.4,8.99,9.3,776291,7125632.18,20260731,9.23,9.195,9.265,9.265,9.195,0.07000000000000028,0.7526881720430137,Wide,Bullish,Above CPR,Cash Only,Unclassified,False,False,0.7,10,7306876.77,Outside,False,No setup
CNL,EQ,CREATIVE NEWTECH LIMITED,1012.95,1018.95,990.0,993.2,66317,66464973.65,20260731,1000.7166666666667,1004.475,996.9583333333334,1004.475,996.9583333333334,7.5166666666666515,0.7568129950328888,Wide,Bearish,Below CPR,Cash Only,Unclassified,False,True,0.68,50,19915753.35,Outside,False,No setup
ASPINWALL,EQ,ASPINWALL & CO LTD,240.0,245.75,226.7,233.57,4337,1017756.65,20260731,235.34,236.225,234.455,236.225,234.455,1.7699999999999818,0.7578028000171178,Wide,Bearish,Below CPR,Cash Only,Unclassified,False,True,0.7,50,433742.54500000004,Lower,False,No setup
PAR,EQ,PAR DRUGS AND CHEM LTD,99.3,103.0,97.05,98.9,6194,617451.7,20260731,99.65000000000002,100.025,99.27500000000003,100.025,99.27500000000003,0.7499999999999716,0.758341759352853,Wide,Bearish,Below CPR,Cash Only,Unclassified,False,True,0.62,50,576128.875,Higher,False,No setup
GVPTECH,EQ,GVP INFOTECH LIMITED,7.15,7.22,7.0,7.03,41049,289829.95,20260731,7.083333333333333,7.109999999999999,7.056666666666667,7.109999999999999,7.056666666666667,0.05333333333333279,0.7586533902323298,Wide,Bearish,Below CPR,Cash Only,Unclassified,False,True,0.7,50,304935.06,Overlapping,False,No setup
LIBAS,EQ,LIBAS CONSU PRODUCTS LTD,9.9,10.47,9.9,10.07,62341,633352.83,20260731,10.146666666666667,10.185,10.108333333333333,10.185,10.108333333333333,0.07666666666666799,0.7613373055279841,Wide,Bearish,Below CPR,Cash Only,Unclassified,False,True,0.54,50,242904.99,Higher,False,No setup
BEML,EQ,BEML LIMITED,1770.0,1799.2,1741.7,1750.4,174492,309257199.2,20260731,1763.7666666666667,1770.45,1757.0833333333333,1770.45,1757.0833333333333,13.366666666666788,0.7636349786715486,Wide,Bearish,Below CPR,Cash Only,Capital Goods,False,True,0.78,50,356728391.15,Outside,False,No setup
MAHLIFE,EQ,MAHINDRA LIFESPACE DEVLTD,388.6,394.15,382.15,392.65,178552,69618512.85,20260731,389.6499999999999,388.15,391.14999999999986,391.14999999999986,388.15,2.9999999999998863,0.764039220679966,Wide,Bullish,Above CPR,Cash Only,Unclassified,False,False,0.84,50,45189379.05,Higher,False,No setup
USK,EQ,UDAYSHIVAKUMAR INFRA LTD,22.85,22.85,22.16,22.25,18260,406528.54,20260731,22.42,22.505000000000003,22.335,22.505000000000003,22.335,0.1700000000000017,0.7640449438202324,Wide,Bearish,Below CPR,Cash Only,Unclassified,False,True,0.54,50,396382.82,Lower,False,No setup
BALPHARMA,EQ,BAL PHARMA LTD.,88.34,90.59,87.61,88.09,17364,1540096.29,20260731,88.76333333333332,89.1,88.42666666666665,89.1,88.42666666666665,0.6733333333333462,0.7643697733378888,Wide,Bearish,Below CPR,Cash Only,Unclassified,False,True,0.5,50,2666519.12,Higher,False,No setup
SUPREMEINF,EQ,SUPREME INFRA. LTD.,86.56,86.88,82.3,83.63,68142,5750743.92,20260731,84.27,84.59,83.94999999999999,84.59,83.94999999999999,0.6400000000000148,0.7652756187971,Wide,Bearish,Below CPR,Cash Only,Unclassified,False,True,0.46,50,4957012.81,Inside,False,No setup
ANTELOPUS,EQ,ANTELOPUS SELAN ENRGY LTD,799.0,828.45,795.65,821.5,139005,113787556.4,20260731,815.1999999999999,812.05,818.3499999999999,818.3499999999999,812.05,6.2999999999999545,0.7668898356664583,Wide,Bullish,Above CPR,Cash Only,Unclassified,False,False,0.46,50,105772165.775,Higher,False,No setup
UFO,EQ,UFO MOVIEZ INDIA LTD.,66.8,66.8,65.0,65.15,51865,3403258.56,20260731,65.65,65.9,65.4,65.9,65.4,0.5,0.7674597083653107,Wide,Bearish,Below CPR,Cash Only,Unclassified,False,True,0.78,50,3683572.025,Overlapping,False,No setup
SUKHJITS,EQ,SUKHJIT STARCH & CHEM LTD,160.66,167.0,158.41,164.6,24644,4021886.08,20260731,163.33666666666667,162.70499999999998,163.96833333333336,163.96833333333336,162.70499999999998,1.263333333333378,0.7675172134467668,Wide,Bullish,Above CPR,Cash Only,Unclassified,False,False,0.58,50,3191697.7750000004,Higher,False,No setup
SHRADHA,EQ,SHRADHA REALTY LIMITED,33.85,35.0,33.5,33.86,5161,175708.03,20260731,34.12,34.25,33.989999999999995,34.25,33.989999999999995,0.2600000000000051,0.767867690490269,Wide,Bearish,Below CPR,Cash Only,Unclassified,False,True,0.66,50,507615.71499999997,Overlapping,False,No setup
UBL,EQ,UNITED BREWERIES LTD,1450.0,1459.1,1411.2,1418.8,136893,196562698.8,20260731,1429.7,1435.15,1424.25,1435.15,1424.25,10.900000000000091,0.7682548632647372,Wide,Bearish,Below CPR,Cash Only,Fast Moving Consumer Goods,False,True,0.92,50,158743542.4,Lower,False,No setup
CEIGALL,EQ,CEIGALL INDIA LIMITED,334.2,347.6,330.0,342.75,430048,145748535.85,20260731,340.1166666666667,338.8,341.43333333333334,341.43333333333334,338.8,2.6333333333333258,0.7682956479455363,Wide,Bullish,Above CPR,Cash Only,Unclassified,False,False,0.64,50,159162877.825,Higher,False,No setup
KPITTECH,EQ,KPIT TECHNOLOGIES LIMITED,585.3,607.5,575.5,598.4,6237877,3693141063.1,20260731,593.8000000000001,591.5,596.1000000000001,596.1000000000001,591.5,4.600000000000136,0.7687165775401298,Wide,Bullish,Above CPR,Cash Only,Information Technology,False,False,0.82,50,1268393131.775,Overlapping,False,No setup
ALKYLAMINE,EQ,ALKYL AMINES CHEM. LTD,1790.8,1841.0,1771.4,1785.6,74745,134495671.1,20260731,1799.3333333333333,1806.2,1792.4666666666665,1806.2,1792.4666666666665,13.733333333333576,0.7691158900836457,Wide,Bearish,Below CPR,Cash Only,Unclassified,False,True,0.58,50,133650651.05,Outside,False,No setup
SMLMAH,EQ,SML MAHINDRA LIMITED,5550.0,5987.9,5252.0,5685.6,1799657,10254903689.2,20260731,5641.833333333333,5619.95,5663.716666666666,5663.716666666666,5619.95,43.766666666666424,0.7697809671216128,Wide,Bullish,Above CPR,Cash Only,Unclassified,False,False,0.62,50,247110646.15,Higher,False,No setup
BRIGADE,EQ,BRIGADE ENTER. LTD,565.55,582.0,565.0,580.2,678597,390744540.35,20260731,575.7333333333333,573.5,577.9666666666667,577.9666666666667,573.5,4.466666666666697,0.7698494771917781,Wide,Bullish,Above CPR,Cash Only,Realty,False,False,0.62,50,225976968.225,Higher,False,No setup
KEI,EQ,KEI INDUSTRIES LTD.,4797.5,5085.0,4797.5,4999.0,481434,2407194700.5,20260731,4960.5,4941.25,4979.75,4979.75,4941.25,38.5,0.7701540308061613,Wide,Bullish,Above CPR,Cash Only,Capital Goods,False,False,0.7,50,1380351018.25,Higher,False,No setup
ZUARI,EQ,ZUARI AGRO CHEMICALS LTD,237.5,242.5,232.0,234.54,374927,88996773.32,20260731,236.34666666666666,237.25,235.44333333333333,237.25,235.44333333333333,1.806666666666672,0.7703021517296291,Wide,Bearish,Below CPR,Cash Only,Unclassified,False,True,0.74,50,24505897.39,Lower,False,No setup
JPOLYINVST,EQ,JIND POL INV & FIN CO LTD,1035.0,1050.0,1015.2,1020.8,3705,3816402.7,20260731,1028.6666666666667,1032.6,1024.7333333333336,1032.6,1024.7333333333336,7.866666666666333,0.7706374085684105,Wide,Bearish,Below CPR,Cash Only,Unclassified,False,True,0.72,50,5589418.15,Lower,False,No setup
XELPMOC,EQ,XELPMOC DESIGN & TECH LTD,83.99,83.99,80.39,81.25,9009,737020.43,20260731,81.87666666666667,82.19,81.56333333333333,82.19,81.56333333333333,0.6266666666666652,0.7712820512820494,Wide,Bearish,Below CPR,Cash Only,Unclassified,False,True,0.68,50,1017234.19,Higher,False,No setup
TIRUMALCHM,EQ,THIRUMALAI CHEMICALS LTD,170.1,176.0,168.46,174.25,554756,96042965.18,20260731,172.90333333333334,172.23000000000002,173.57666666666665,173.57666666666665,172.23000000000002,1.3466666666666356,0.7728359636537363,Wide,Bullish,Above CPR,Cash Only,Unclassified,False,False,0.54,50,60979794.004999995,Higher,False,No setup
CTE,EQ,CAMBRIDGE TECH ENTER LTD,34.99,36.48,34.17,34.92,39155,1384543.21,20260731,35.190000000000005,35.325,35.05500000000001,35.325,35.05500000000001,0.269999999999996,0.7731958762886484,Wide,Bearish,Below CPR,Cash Only,Unclassified,False,True,0.5,50,244866.5,Higher,False,No setup
INDHOTEL,EQ,THE INDIAN HOTELS CO. LTD,751.2,757.4,736.85,738.55,2772348,2064879871.3,20260731,744.2666666666668,747.125,741.4083333333335,747.125,741.4083333333335,5.71666666666647,0.7740392209960694,Wide,Bearish,Below CPR,Cash Only,Consumer Services,False,True,0.92,50,1564522488.775,Outside,False,No setup
AHCL,EQ,ANLON HEALTHCARE LIMITED,14.65,14.69,14.19,14.61,4814365,69625245.61,20260731,14.496666666666664,14.44,14.55333333333333,14.55333333333333,14.44,0.11333333333332973,0.7757243896874041,Wide,Bullish,Above CPR,Cash Only,Unclassified,False,False,0.56,50,66929218.239999995,Lower,False,No setup
SPARC,EQ,SUN PHARMA ADV.RES.CO.LTD,208.9,212.23,205.0,206.21,872144,181910600.67,20260731,207.81333333333336,208.615,207.0116666666667,208.615,207.0116666666667,1.6033333333332962,0.7775245300098425,Wide,Bearish,Below CPR,Cash Only,Unclassified,False,True,0.42,50,488419484.69500005,Lower,False,No setup
ENDURANCE,EQ,ENDURANCE TECHNO. LTD.,2810.0,2835.0,2746.0,2758.3,165164,460073409.1,20260731,2779.7666666666664,2790.5,2769.033333333333,2790.5,2769.033333333333,21.46666666666715,0.7782571390590998,Wide,Bearish,Below CPR,Cash Only,Automobile and Auto Components,False,True,0.86,50,292450549.25,Lower,False,No setup
KAPSTON,EQ,KAPSTON SERVICES LIMITED,465.0,476.3,462.4,474.9,48425,22822402.0,20260731,471.2,469.35,473.04999999999995,473.04999999999995,469.35,3.699999999999932,0.7791113918719587,Wide,Bullish,Above CPR,Cash Only,Unclassified,False,False,0.7,50,7795346.6,Higher,False,No setup
EFCIL,EQ,EFC (I) LIMITED,192.92,196.16,189.0,194.86,301654,58035201.28,20260731,193.34,192.57999999999998,194.10000000000002,194.10000000000002,192.57999999999998,1.5200000000000387,0.7800472133839877,Wide,Bullish,Above CPR,Cash Only,Unclassified,False,False,0.56,50,61468430.92,Overlapping,False,No setup
NIVABUPA,EQ,NIVA BUPA HEALTH INS CO L,89.61,91.4,84.66,87.01,18635322,1626033993.68,20260731,87.69,88.03,87.35,88.03,87.35,0.6800000000000068,0.7815193655901699,Wide,Bearish,Below CPR,Cash Only,Financial Services,False,True,0.9,50,82408583.57,Higher,False,No setup
HGM,EQ,HANDSON GBL MNGMNT LTD,52.8,52.8,49.0,50.31,6531,324505.34,20260731,50.70333333333334,50.9,50.50666666666668,50.9,50.50666666666668,0.39333333333331666,0.7818193864705161,Wide,Bearish,Below CPR,Cash Only,Unclassified,False,True,0.64,50,228753.53999999998,Lower,False,No setup
GATEWAY,EQ,GATEWAY DISTRIPARKS LTD,57.86,59.6,57.7,57.97,963606,56520856.39,20260731,58.42333333333334,58.650000000000006,58.19666666666667,58.650000000000006,58.19666666666667,0.45333333333333314,0.7820136852394913,Wide,Bearish,Below CPR,Cash Only,Unclassified,False,True,0.82,50,38537071.095,Overlapping,False,No setup
SMLT,EQ,SARTHAK METALS LIMITED,67.2,68.8,67.0,67.11,4178,282816.61,20260731,67.63666666666667,67.9,67.37333333333333,67.9,67.37333333333333,0.5266666666666708,0.7847812049868437,Wide,Bearish,Below CPR,Cash Only,Unclassified,False,True,0.66,50,407721.73,Inside,False,No setup
SKMEGGPROD,EQ,SKM EGG PROD EXPORT(I) LT,255.0,259.0,246.6,249.85,632125,159752332.65,20260731,251.8166666666667,252.8,250.83333333333337,252.8,250.83333333333337,1.9666666666666401,0.787138950036678,Wide,Bearish,Below CPR,Cash Only,Unclassified,False,True,0.46,50,201306244.19,Lower,False,No setup
BAJAJHLDNG,EQ,BAJAJ HOLDINGS & INVS LTD,11000.0,11467.0,10951.0,11343.0,89978,1016628807.0,20260731,11253.666666666666,11209.0,11298.333333333332,11298.333333333332,11209.0,89.33333333333212,0.7875635487378305,Wide,Bullish,Above CPR,Cash Only,Financial Services,False,False,0.9,50,536393124.5,Higher,False,No setup
JSLL,EQ,JEENA SIKHO LIFECARE LTD,572.0,594.0,564.45,586.15,646373,377613157.3,20260731,581.5333333333333,579.225,583.8416666666666,583.8416666666666,579.225,4.616666666666561,0.7876254656088988,Wide,Bullish,Above CPR,Cash Only,Unclassified,False,False,0.5,50,340556858.5,Higher,False,No setup
AMJLAND,EQ,AMJ LAND HOLDINGS LIMITED,39.0,39.44,38.31,39.34,11138,434853.31,20260731,39.03,38.875,39.185,39.185,38.875,0.3100000000000023,0.7880020335536407,Wide,Bullish,Above CPR,Cash Only,Unclassified,False,False,0.64,50,349484.83999999997,Overlapping,False,No setup
NDLVENTURE,EQ,NDL VENTURES LIMITED,128.01,129.24,125.76,129.03,14669,1876408.07,20260731,128.01,127.5,128.51999999999998,128.51999999999998,127.5,1.0199999999999818,0.7905138339920807,Wide,Bullish,Above CPR,Cash Only,Unclassified,False,False,0.74,50,1892678.08,Higher,False,No setup
AJANTPHARM,EQ,AJANTA PHARMA LIMITED,3480.1,3498.0,3350.0,3465.2,211274,723795405.2,20260731,3437.7333333333336,3424.0,3451.466666666667,3451.466666666667,3424.0,27.46666666666715,0.7926430412867123,Wide,Bullish,Above CPR,Cash Only,Healthcare,False,False,0.78,50,320341920.15,Outside,False,No setup
BIOFILCHEM,EQ,BIOFIL CHEM & PHARMA LTD,32.1,32.84,31.8,31.94,4753,152299.29,20260731,32.193333333333335,32.32,32.06666666666667,32.32,32.06666666666667,0.2533333333333303,0.793153830098091,Wide,Bearish,Below CPR,Cash Only,Unclassified,False,True,0.6,50,361489.49,Overlapping,False,No setup
MAXHEALTH,EQ,MAX HEALTHCARE INS LTD,1126.0,1132.0,1091.2,1098.5,2055225,2274821318.1,20260731,1107.2333333333333,1111.6,1102.8666666666668,1111.6,1102.8666666666668,8.733333333333121,0.7950235169169886,Wide,Bearish,Below CPR,Cash Only,Healthcare,False,True,0.78,50,2179311607.45,Lower,False,No setup
SYRMA,EQ,SYRMA SGS TECHNOLOGY LTD,1380.5,1403.3,1363.0,1366.8,1567542,2167898742.2,20260731,1377.7,1383.15,1372.25,1383.15,1372.25,10.900000000000091,0.7974831723734336,Wide,Bearish,Below CPR,Cash Only,Capital Goods,False,True,0.68,50,1409278291.15,Lower,False,No setup
TVSMOTOR,EQ,TVS MOTOR COMPANY  LTD,4208.4,4325.0,4198.0,4313.1,2991859,12828933555.6,20260731,4278.7,4261.5,4295.9,4295.9,4261.5,34.399999999999636,0.7975701931325411,Wide,Bullish,Above CPR,Cash Only,Automobile and Auto Components,False,False,0.86,50,3158225961.85,Higher,False,No setup
NESCO,EQ,NESCO LTD.,1095.0,1095.0,1060.1,1064.8,18970,20320783.9,20260731,1073.3,1077.55,1069.05,1077.55,1069.05,8.5,0.7982719759579263,Wide,Bearish,Below CPR,Cash Only,Unclassified,False,True,0.68,50,53072595.5,Overlapping,False,No setup
KNAGRI,EQ,KN AGRI RESOURCES LIMITED,206.98,208.79,202.7,208.24,3533,728182.78,20260731,206.57666666666668,205.745,207.40833333333336,207.40833333333336,205.745,1.6633333333333553,0.7987578435139047,Wide,Bullish,Above CPR,Cash Only,Unclassified,False,False,0.74,50,2083907.075,Overlapping,False,No setup
SURYALAXMI,EQ,SURYALAKSHMI COT MIL LTD,59.42,61.2,59.02,60.84,9004,546341.39,20260731,60.35333333333333,60.11,60.596666666666664,60.596666666666664,60.11,0.4866666666666646,0.7999123383738734,Wide,Bullish,Above CPR,Cash Only,Unclassified,False,False,0.6,50,199652.90000000002,Higher,False,No setup
NIRLON,EQ,NIRLON LTD,635.9,635.9,620.0,620.5,2714,1694184.75,20260731,625.4666666666667,627.95,622.9833333333333,627.95,622.9833333333333,4.966666666666697,0.8004297609454789,Wide,Bearish,Below CPR,Cash Only,Unclassified,False,True,0.92,50,3086371.6500000004,Higher,False,No setup
MAHAPEXLTD,EQ,MAHA RASHTRA APEX COPR. L,45.0,45.0,43.76,44.92,3154,140115.17,20260731,44.56,44.379999999999995,44.74000000000001,44.74000000000001,44.379999999999995,0.36000000000001364,0.801424755120244,Wide,Bullish,Above CPR,Cash Only,Unclassified,False,False,0.68,50,306851.93000000005,Inside,False,No setup
SAMPANN,EQ,SAMPANN UTPADAN INDIA LTD,27.6,27.65,26.11,26.56,19420,521201.03,20260731,26.77333333333333,26.88,26.66666666666666,26.88,26.66666666666666,0.21333333333333826,0.8032128514056411,Wide,Bearish,Below CPR,Cash Only,Unclassified,False,True,0.58,50,749757.325,Lower,False,No setup
ZENSARTECH,EQ,ZENSAR TECHNOLOGIES  LTD,524.7,524.7,503.45,507.95,1580438,803210406.85,20260731,512.0333333333334,514.075,509.9916666666668,514.075,509.9916666666668,4.0833333333332575,0.8038848968074136,Wide,Bearish,Below CPR,Cash Only,Information Technology,False,True,0.62,50,449281950.025,Lower,False,No setup
360ONE,EQ,360 ONE WAM LIMITED,1140.0,1166.0,1132.0,1135.3,1168016,1338179236.0,20260731,1144.4333333333334,1149.0,1139.8666666666668,1149.0,1139.8666666666668,9.133333333333212,0.8044863325405808,Wide,Bearish,Below CPR,Cash Only,Financial Services,False,True,0.84,50,1082831575.65,Outside,False,No setup
KKCL,EQ,KEWAL KIRAN CLOTHING LTD,507.0,511.0,495.0,497.0,17458,8761458.75,20260731,501.0,503.0,499.0,503.0,499.0,4.0,0.8048289738430584,Wide,Bearish,Below CPR,Cash Only,Unclassified,False,True,0.88,50,12765824.725,Lower,False,No setup
TAJGVK,EQ,TAJ GVK HOTELS & RESORTS,363.0,367.7,350.0,363.25,692026,250528224.65,20260731,360.31666666666666,358.85,361.7833333333333,361.7833333333333,358.85,2.9333333333332803,0.8075246616196229,Wide,Bullish,Above CPR,Cash Only,Unclassified,False,False,0.76,50,26919025.174999997,Overlapping,False,No setup
EPIGRAL,EQ,EPIGRAL LIMITED,1106.0,1120.1,1083.7,1088.7,60636,66714632.0,20260731,1097.5,1101.9,1093.1,1101.9,1093.1,8.800000000000182,0.808303481216146,Wide,Bearish,Below CPR,Cash Only,Unclassified,False,True,0.62,50,38500675.55,Lower,False,No setup
ELLEN,EQ,ELLENBARRIE INDUS GASES L,260.0,266.5,254.0,263.45,377965,98523078.35,20260731,261.31666666666666,260.25,262.3833333333333,262.3833333333333,260.25,2.1333333333333258,0.8097678243816002,Wide,Bullish,Above CPR,Cash Only,Unclassified,False,False,0.6,50,71283363.8,Inside,False,No setup
ZSARACOM,EQ,SARASWATI COMM (INDIA) L,12238.0,12508.0,12190.0,12200.5,6,73847.0,20260731,12299.5,12349.0,12250.0,12349.0,12250.0,99.0,0.8114421540100815,Wide,Bearish,Below CPR,Cash Only,Unclassified,False,True,0.48,50,265353.5,Higher,False,No setup
GTLINFRA,EQ,GTL INFRA.LTD,1.19,1.24,1.19,1.23,23857996,29112202.25,20260731,1.22,1.2149999999999999,1.225,1.225,1.2149999999999999,0.010000000000000231,0.8130081300813197,Wide,Bullish,Above CPR,Cash Only,Unclassified,False,False,0.65,50,73640888.35,Higher,False,No setup
RAJPALAYAM,EQ,RAJAPALAYAM MILLS LTD.,806.2,832.75,805.0,829.05,493,404835.75,20260731,822.2666666666668,818.875,825.6583333333335,825.6583333333335,818.875,6.78333333333353,0.818205576664077,Wide,Bullish,Above CPR,Cash Only,Unclassified,False,False,0.8,50,1147755.0,Higher,False,No setup
PNCINFRA,EQ,PNC INFRATECH LTD.,238.71,248.57,237.62,246.12,629973,153549733.43,20260731,244.10333333333332,243.095,245.11166666666665,245.11166666666665,243.095,2.0166666666666515,0.8193834985643798,Wide,Bullish,Above CPR,Cash Only,Unclassified,False,False,0.74,50,96424795.53,Higher,False,No setup
GTL,EQ,GTL LTD,7.29,7.55,7.21,7.29,149275,1088146.91,20260731,7.3500000000000005,7.38,7.320000000000001,7.38,7.320000000000001,0.05999999999999872,0.8230452674896943,Wide,Bearish,Below CPR,Cash Only,Unclassified,False,True,0.72,50,1755835.6400000001,Higher,False,No setup
AIROLAM,EQ,AIRO LAM LIMITED,86.07,88.5,85.69,86.03,1504,129483.17,20260731,86.74000000000001,87.095,86.38500000000002,87.095,86.38500000000002,0.7099999999999795,0.8252935022666275,Wide,Bearish,Below CPR,Cash Only,Unclassified,False,True,0.68,50,217035.34,Overlapping,False,No setup
DEVIT,EQ,DEV INFO TECHNOLOGY LTD,26.0,27.39,26.0,27.03,45594,1221019.01,20260731,26.80666666666667,26.695,26.918333333333337,26.918333333333337,26.695,0.22333333333333627,0.8262424466642111,Wide,Bullish,Above CPR,Cash Only,Unclassified,False,False,0.58,50,964745.0349999999,Higher,False,No setup
MPSLTD,EQ,MPS LIMITED,2639.0,2715.0,2610.1,2696.0,23313,62148098.2,20260731,2673.7000000000003,2662.55,2684.8500000000004,2684.8500000000004,2662.55,22.300000000000182,0.8271513353115795,Wide,Bullish,Above CPR,Cash Only,Unclassified,False,False,0.8,50,29049721.35,Overlapping,False,No setup
KECL,EQ,KIRLOSKAR ELECTRIC CO LTD,137.92,142.6,136.4,137.79,103166,14294287.2,20260731,138.92999999999998,139.5,138.35999999999996,139.5,138.35999999999996,1.1400000000000432,0.8273459612454048,Wide,Bearish,Below CPR,Cash Only,Unclassified,False,True,0.4,5,40926994.63,Inside,False,No setup
LXCHEM,EQ,LAXMI ORGANIC INDUS LTD,183.4,184.29,177.1,178.48,2729198,493094392.25,20260731,179.95666666666668,180.695,179.21833333333336,180.695,179.21833333333336,1.476666666666631,0.8273569400866378,Wide,Bearish,Below CPR,Cash Only,Unclassified,False,True,0.66,50,110472511.82,Lower,False,No setup
ORIENTHOT,EQ,ORIENT HOTELS LTD,133.5,135.47,131.1,131.65,120607,15956510.36,20260731,132.74,133.285,132.19500000000002,133.285,132.19500000000002,1.089999999999975,0.8279529054310483,Wide,Bearish,Below CPR,Cash Only,Unclassified,False,True,0.66,50,50288011.815,Overlapping,False,No setup
TEMBO,EQ,TEMBO GLOBAL IND LTD,565.8,572.0,548.25,553.25,102890,57728109.35,20260731,557.8333333333334,560.125,555.5416666666667,560.125,555.5416666666667,4.5833333333332575,0.8284380177737475,Wide,Bearish,Below CPR,Cash Only,Unclassified,False,True,0.76,50,72230131.325,Lower,False,No setup
ORIENTCER,EQ,ORIENT CERATECH LIMITED,40.25,41.25,39.67,40.97,38269,1552457.47,20260731,40.63,40.46,40.800000000000004,40.800000000000004,40.46,0.3400000000000034,0.8298755186722075,Wide,Bullish,Above CPR,Cash Only,Unclassified,False,False,0.72,50,1891396.375,Higher,False,No setup
KOTIC,EQ,KOTHARI INDUSTRIAL CORP L,159.1,163.59,158.02,158.82,4728,753115.06,20260731,160.14333333333335,160.805,159.48166666666668,160.805,159.48166666666668,1.3233333333333235,0.8332283927297087,Wide,Bearish,Below CPR,Cash Only,Unclassified,False,True,0.52,50,1232438.415,Overlapping,False,No setup
SBIFUNDS,EQ,SBI FUNDS MANAGEMENT LTD,573.0,591.75,571.8,589.15,5832289,3404671268.55,20260731,584.2333333333332,581.775,586.6916666666665,586.6916666666665,581.775,4.916666666666515,0.8345356304279921,Wide,Bullish,Above CPR,Cash Only,Unclassified,False,False,0.7777777777777778,9,3404671268.55,Higher,False,No setup
S&SPOWER,EQ,S&S POWER SWITCHGEARS LTD,329.4,329.4,315.5,318.45,3534,1121505.4,20260731,321.1166666666666,322.45,319.78333333333325,322.45,319.78333333333325,2.6666666666667425,0.8373894384257317,Wide,Bearish,Below CPR,Cash Only,Unclassified,False,True,0.5172413793103449,29,691003.15,Overlapping,False,No setup
ARTEMISMED,EQ,ARTEMIS MED SERVICE LTD,306.0,307.7,296.8,298.5,313903,94557167.1,20260731,301.0,302.25,299.75,302.25,299.75,2.5,0.8375209380234505,Wide,Bearish,Below CPR,Cash Only,Unclassified,False,True,0.8,50,37485564.875,Outside,False,No setup
JUBLCPL,EQ,JUBILANT AGRI N CON PRO L,1821.1,1837.9,1764.0,1778.6,5098,9161555.8,20260731,1793.5,1800.95,1786.05,1800.95,1786.05,14.900000000000091,0.8377375463848022,Wide,Bearish,Below CPR,Cash Only,Unclassified,False,True,0.62,50,9691719.0,Lower,False,No setup
TATAELXSI,EQ,TATA ELXSI LIMITED,3638.0,3686.9,3566.5,3672.9,269189,980857217.4,20260731,3642.1,3626.7,3657.5,3657.5,3626.7,30.800000000000182,0.8385744234800887,Wide,Bullish,Above CPR,Cash Only,Information Technology,False,False,0.8,50,1251844839.15,Lower,False,No setup
WELSPUNLIV,EQ,WELSPUN LIVING LIMITED,160.31,160.6,155.21,155.94,1448002,227749870.57,20260731,157.25,157.905,156.595,157.905,156.595,1.3100000000000023,0.8400666923175595,Wide,Bearish,Below CPR,Cash Only,Textiles,False,True,0.76,50,237802371.86,Lower,False,No setup
ACEINTEG,EQ,ACE INTEGRATED SOLU. LTD.,19.15,19.74,18.82,19.04,6188,118368.43,20260731,19.2,19.28,19.119999999999997,19.28,19.119999999999997,0.1600000000000037,0.840336134453801,Wide,Bearish,Below CPR,Cash Only,Unclassified,False,True,0.48,50,84420.29000000001,Overlapping,False,No setup
PARAS,EQ,PARAS DEF AND SPCE TECH L,1214.1,1271.3,1210.0,1256.5,1668728,2089014507.5,20260731,1245.9333333333334,1240.65,1251.2166666666667,1251.2166666666667,1240.65,10.566666666666606,0.8409603395675771,Wide,Bullish,Above CPR,Cash Only,Unclassified,False,False,0.54,50,2635109077.45,Higher,False,No setup
BLAL,EQ,BEML LAND ASSETS LIMITED,176.96,180.4,169.46,172.75,76159,13204855.92,20260731,174.20333333333335,174.93,173.4766666666667,174.93,173.4766666666667,1.453333333333319,0.841292812349244,Wide,Bearish,Below CPR,Cash Only,Unclassified,False,True,0.92,50,2466640.505,Lower,False,No setup
GLAXO,EQ,GLAXOSMITHKLINE PHARMA LT,2617.9,2679.0,2564.7,2655.4,118467,311600152.6,20260731,2633.0333333333333,2621.85,2644.2166666666667,2644.2166666666667,2621.85,22.366666666666788,0.8423087544877151,Wide,Bullish,Above CPR,Cash Only,Healthcare,False,False,0.86,50,211911458.3,Higher,False,No setup
SHBAJRG,EQ,SHRI BAJRANG ALLIANCE L,186.98,186.98,180.0,181.2,4592,834536.5,20260731,182.7266666666667,183.49,181.96333333333337,183.49,181.96333333333337,1.5266666666666424,0.8425312729948358,Wide,Bearish,Below CPR,Cash Only,Unclassified,False,True,0.58,50,762654.735,Outside,False,No setup
POCL,EQ,PONDY OXIDES & CHEM LTD,533.9,543.0,520.5,525.1,422005,223457474.2,20260731,529.5333333333333,531.75,527.3166666666666,531.75,527.3166666666666,4.433333333333394,0.8442836285152149,Wide,Bearish,Below CPR,Cash Only,Unclassified,False,True,0.74,50,285010732.25,Higher,False,No setup
BEPL,EQ,BHANSALI ENG. POLYMERS LT,112.44,117.38,111.72,116.02,2212524,253677185.52,20260731,115.04,114.55,115.53000000000002,115.53000000000002,114.55,0.9800000000000182,0.8446819513877074,Wide,Bullish,Above CPR,Cash Only,Unclassified,False,False,0.7,50,76885587.62,Higher,False,No setup
MUTHOOTFIN,EQ,MUTHOOT FINANCE LIMITED,3025.7,3144.8,3015.1,3119.6,1285016,3985515449.5,20260731,3093.1666666666665,3079.95,3106.383333333333,3106.383333333333,3079.95,26.433333333333394,0.8473308543830426,Wide,Bullish,Above CPR,Cash Only,Financial Services,False,False,0.9,50,2236819011.1499996,Higher,False,No setup
PCBL,EQ,PCBL CHEMICAL LIMITED,328.0,330.6,313.3,317.9,9190575,2918236801.0,20260731,320.6,321.95000000000005,319.25,321.95000000000005,319.25,2.7000000000000455,0.8493236866939433,Wide,Bearish,Below CPR,Cash Only,Chemicals,False,True,0.9,50,316751974.35,Lower,False,No setup
IGIL,EQ,INTL GEMOLOGICAL INST LTD,348.8,355.8,342.05,353.45,1416682,499107604.8,20260731,350.43333333333334,348.925,351.94166666666666,351.94166666666666,348.925,3.0166666666666515,0.8534917715848498,Wide,Bullish,Above CPR,Cash Only,Services,False,False,0.82,50,188146924.6,Higher,False,No setup
INDOBORAX,EQ,INDO BORAX & CHEMICAL LTD,387.15,387.4,372.0,374.9,73687,27906730.2,20260731,378.09999999999997,379.7,376.49999999999994,379.7,376.49999999999994,3.2000000000000455,0.8535609495865687,Wide,Bearish,Below CPR,Cash Only,Unclassified,False,True,0.66,50,66735532.474999994,Lower,False,No setup
PDMJEPAPER,EQ,PUDUMJEE PAPER PRO. LTD,97.89,97.89,94.26,94.86,123249,11782705.9,20260731,95.67,96.075,95.265,96.075,95.265,0.8100000000000023,0.8538899430740062,Wide,Bearish,Below CPR,Cash Only,Unclassified,False,True,0.88,50,5660886.005000001,Lower,False,No setup
AFFLE,EQ,AFFLE 3I LIMITED,1634.6,1634.6,1578.1,1586.0,303279,483774614.1,20260731,1599.5666666666666,1606.35,1592.7833333333333,1606.35,1592.7833333333333,13.566666666666606,0.8554014291719172,Wide,Bearish,Below CPR,Cash Only,Information Technology,False,True,0.86,50,299699787.25,Lower,False,No setup
JPPOWER,EQ,JAIPRAKASH POWER VEN. LTD,17.35,18.91,17.2,18.29,257937939,4706596923.56,20260731,18.133333333333333,18.055,18.211666666666666,18.211666666666666,18.055,0.1566666666666663,0.8565700747220684,Wide,Bullish,Above CPR,Cash Only,Power,False,False,0.84,50,1133277480.775,Higher,False,No setup
ICDSLTD,EQ,ICDS LTD,40.5,40.99,38.75,40.39,2714,107595.01,20260731,40.04333333333334,39.870000000000005,40.21666666666667,40.21666666666667,39.870000000000005,0.346666666666664,0.8582982586448726,Wide,Bullish,Above CPR,Cash Only,Unclassified,False,False,0.3125,48,22738.92,Lower,False,No setup
PML,EQ,PAUL MERCHANTS LTD.,506.0,506.0,490.0,504.5,218,109964.85,20260731,500.1666666666667,498.0,502.33333333333337,502.33333333333337,498.0,4.333333333333371,0.8589362405021549,Wide,Bullish,Above CPR,Cash Only,Unclassified,False,False,0.74,50,178207.875,Higher,False,No setup
TREL,EQ,TRANSINDIA REAL ESTATE L,23.37,24.5,23.37,24.25,64525,1560853.95,20260731,24.040000000000003,23.935000000000002,24.145000000000003,24.145000000000003,23.935000000000002,0.21000000000000085,0.8659793814433026,Wide,Bullish,Above CPR,Cash Only,Unclassified,False,False,0.8,50,1583051.745,Overlapping,False,No setup
INDIGOPNTS,EQ,INDIGO PAINTS LIMITED,1070.0,1124.7,1070.0,1111.8,103387,114814220.0,20260731,1102.1666666666667,1097.35,1106.9833333333336,1106.9833333333336,1097.35,9.633333333333667,0.8664627930683276,Wide,Bullish,Above CPR,Cash Only,Unclassified,False,False,0.88,50,72440971.35,Higher,False,No setup
KSCL,EQ,KAVERI SEED CO. LTD.,800.0,805.15,780.1,782.45,111997,88279947.85,20260731,789.2333333333332,792.625,785.8416666666665,792.625,785.8416666666665,6.78333333333353,0.8669350544230979,Wide,Bearish,Below CPR,Cash Only,Unclassified,False,True,0.84,50,61899482.599999994,Lower,False,No setup
KINGFA,EQ,KINGFA SCI & TEC IND LTD.,5116.5,5305.5,5054.5,5248.5,9251,47990594.5,20260731,5202.833333333333,5180.0,5225.666666666666,5225.666666666666,5180.0,45.66666666666606,0.8700898669461001,Wide,Bullish,Above CPR,Cash Only,Unclassified,False,False,0.88,50,26470770.75,Higher,False,No setup
ADVENZYMES,EQ,ADVANCED ENZYME TECH LTD,307.7,317.7,304.25,315.1,234021,73196547.05,20260731,312.35,310.975,313.725,313.725,310.975,2.75,0.8727388130752141,Wide,Bullish,Above CPR,Cash Only,Unclassified,False,False,0.82,50,57193079.974999994,Higher,False,No setup
OPTIEMUS,EQ,OPTIEMUS INFRACOM LTD,620.0,643.35,615.25,637.65,282154,178855743.8,20260731,632.0833333333334,629.3,634.8666666666668,634.8666666666668,629.3,5.566666666666833,0.8729972032724588,Wide,Bullish,Above CPR,Cash Only,Unclassified,False,False,0.62,50,113176609.0,Higher,False,No setup
KRBL,EQ,KRBL LIMITED,351.5,361.8,349.6,351.1,422481,149567767.75,20260731,354.1666666666667,355.70000000000005,352.6333333333333,355.70000000000005,352.6333333333333,3.0666666666667197,0.8734453621950211,Wide,Bearish,Below CPR,Cash Only,Unclassified,False,True,0.82,50,128669281.425,Higher,False,No setup
TTKHLTCARE,EQ,TTK HEALTHCARE LIMITED,997.95,1035.0,987.05,1024.5,30924,31163014.45,20260731,1015.5166666666668,1011.025,1020.0083333333336,1020.0083333333336,1011.025,8.983333333333576,0.8768504961770205,Wide,Bullish,Above CPR,Cash Only,Unclassified,False,False,0.8,50,3056463.975,Inside,False,No setup
SANSERA,EQ,SANSERA ENGINEERING LTD,3274.7,3360.6,3245.0,3346.9,209425,697776671.9,20260731,3317.5,3302.8,3332.2,3332.2,3302.8,29.399999999999636,0.8784248110191412,Wide,Bullish,Above CPR,Cash Only,Unclassified,False,False,0.74,50,689272374.2,Higher,False,No setup
SURAJLTD,EQ,SURAJ LIMITED,225.0,227.63,217.0,219.42,2289,508529.26,20260731,221.35,222.315,220.385,222.315,220.385,1.9300000000000068,0.8795916507155259,Wide,Bearish,Below CPR,Cash Only,Unclassified,False,True,0.76,50,102354.52,Lower,False,No setup
APOLLO,EQ,APOLLO MICRO SYSTEMS LTD,378.0,392.8,376.7,389.9,5752476,2226459366.15,20260731,386.4666666666667,384.75,388.1833333333334,388.1833333333334,384.75,3.433333333333394,0.8805676669231584,Wide,Bullish,Above CPR,Cash Only,Unclassified,False,False,0.6,50,6809356126.525,Higher,False,No setup
GABRIEL,EQ,GABRIEL INDIA LTD,1403.8,1449.4,1396.0,1441.8,286900,410400414.3,20260731,1429.0666666666666,1422.7,1435.4333333333332,1435.4333333333332,1422.7,12.733333333333121,0.8831553151153504,Wide,Bullish,Above CPR,Cash Only,Automobile and Auto Components,False,False,0.64,50,393080675.05,Higher,False,No setup
IKS,EQ,INVENTURUS KNOWLEDGE SO L,1784.2,1880.7,1768.1,1848.9,212871,392871224.1,20260731,1832.5666666666668,1824.4,1840.7333333333336,1840.7333333333336,1824.4,16.333333333333485,0.8834081525952449,Wide,Bullish,Above CPR,Cash Only,Information Technology,False,False,0.82,50,225700880.15,Higher,False,No setup
DATAPATTNS,EQ,DATA PATTERNS INDIA LTD,4128.7,4358.5,4090.0,4281.0,1921056,8163678472.8,20260731,4243.166666666667,4224.25,4262.083333333334,4262.083333333334,4224.25,37.83333333333394,0.8837499026707296,Wide,Bullish,Above CPR,Cash Only,Capital Goods,False,False,0.64,50,3859727722.8,Lower,False,No setup
EXPLEOSOL,EQ,EXPLEO SOLUTIONS LIMITED,840.0,840.0,787.0,802.85,228905,183625438.4,20260731,809.9499999999999,813.5,806.3999999999999,813.5,806.3999999999999,7.100000000000136,0.8843495048888504,Wide,Bearish,Below CPR,Cash Only,Unclassified,False,True,0.8,50,22437666.0,Lower,False,No setup
UDS,EQ,UPDATER SERVICES LIMITED,197.0,206.16,195.0,203.28,779946,157022255.06,20260731,201.48,200.57999999999998,202.38,202.38,200.57999999999998,1.8000000000000114,0.8854781582054365,Wide,Bullish,Above CPR,Cash Only,Unclassified,False,False,0.58,50,49358684.1,Higher,False,No setup
SPLIL,EQ,SPL INDUSTRIES LIMITED,30.7,31.0,30.0,30.1,5227,160023.58,20260731,30.366666666666664,30.5,30.233333333333327,30.5,30.233333333333327,0.2666666666666728,0.8859357696567203,Wide,Bearish,Below CPR,Cash Only,Unclassified,False,True,0.6,50,159696.525,Overlapping,False,No setup
MUKKA,EQ,MUKKA PROTEINS LIMITED,23.15,23.18,22.5,22.54,140644,3181183.21,20260731,22.74,22.84,22.639999999999997,22.84,22.639999999999997,0.20000000000000284,0.8873114463176701,Wide,Bearish,Below CPR,Cash Only,Unclassified,False,True,0.76,50,4716141.08,Overlapping,False,No setup
CLEANMAX,EQ,CLEAN MAX ENVIRO EN SOL L,1325.0,1355.5,1280.1,1335.6,265039,350318048.9,20260731,1323.7333333333333,1317.8,1329.6666666666667,1329.6666666666667,1317.8,11.866666666666788,0.88848956773486,Wide,Bullish,Above CPR,Cash Only,Unclassified,False,False,0.44,50,248353521.05,Higher,False,No setup
FUSION,EQ,FUSION FINANCE LIMITED,199.0,211.51,198.61,207.83,744521,153277179.66,20260731,205.98333333333335,205.06,206.9066666666667,206.9066666666667,205.06,1.8466666666666924,0.8885467288970276,Wide,Bullish,Above CPR,Cash Only,Unclassified,False,False,0.58,50,105574492.61,Higher,False,No setup
OMNI,EQ,OMNITECH ENGINEERING LTD,586.0,604.25,573.2,580.95,233518,137704078.35,20260731,586.1333333333333,588.725,583.5416666666666,588.725,583.5416666666666,5.183333333333394,0.892216771380221,Wide,Bearish,Below CPR,Cash Only,Unclassified,False,True,0.62,50,175090721.2,Outside,False,No setup
CYIENTDLM,EQ,CYIENT DLM LIMITED,677.0,695.5,662.55,670.05,445438,303238442.85,20260731,676.0333333333333,679.025,673.0416666666666,679.025,673.0416666666666,5.9833333333333485,0.8929681864537495,Wide,Bearish,Below CPR,Cash Only,Unclassified,False,True,0.7,50,157856832.575,Lower,False,No setup
ADVANIHOTR,EQ,ADVANI HOT.& RES.(I) LTD,52.47,52.47,51.02,51.06,11798,606753.9,20260731,51.51666666666667,51.745000000000005,51.28833333333334,51.745000000000005,51.28833333333334,0.45666666666666345,0.8943726335030618,Wide,Bearish,Below CPR,Cash Only,Unclassified,False,True,0.92,50,1242534.645,Outside,False,No setup
MOKSH,EQ,MOKSH ORNAMENTS LIMITED,10.38,10.38,10.01,10.06,71649,723467.12,20260731,10.15,10.195,10.105,10.195,10.105,0.08999999999999986,0.8946322067594419,Wide,Bearish,Below CPR,Cash Only,Unclassified,False,True,0.76,50,799288.515,Outside,False,No setup
BALRAMCHIN,EQ,BALRAMPUR CHINI MILLS LTD,592.45,606.0,582.15,586.2,526328,311341961.95,20260731,591.45,594.075,588.825,594.075,588.825,5.25,0.8955987717502558,Wide,Bearish,Below CPR,Cash Only,Fast Moving Consumer Goods,False,True,0.86,50,235435367.675,Lower,False,No setup
AEROENTER,EQ,AEROFLEX ENTERPRISES LTD,119.05,123.68,118.4,119.43,227550,27312594.75,20260731,120.50333333333333,121.04,119.96666666666665,121.04,119.96666666666665,1.073333333333352,0.8987133327751418,Wide,Bearish,Below CPR,Cash Only,Unclassified,False,True,0.6,50,77493276.30000001,Overlapping,False,No setup
COMSYN,EQ,COMMERCIAL SYN BAGS LTD,216.0,227.3,208.12,214.81,1776395,388578952.03,20260731,216.74333333333334,217.71,215.77666666666667,217.71,215.77666666666667,1.9333333333333371,0.9000201728659454,Wide,Bearish,Below CPR,Cash Only,Unclassified,False,True,0.54,50,13649811.39,Higher,False,No setup
NITINSPIN,EQ,NITIN SPINNERS LIMITED,527.05,549.75,523.95,544.2,147553,80028342.6,20260731,539.3000000000001,536.85,541.7500000000001,541.7500000000001,536.85,4.900000000000091,0.9004042631385687,Wide,Bullish,Above CPR,Cash Only,Unclassified,False,False,0.7,50,54300111.275000006,Higher,False,No setup
MENNPIS,EQ,MENON PISTONS LTD.,72.35,73.04,70.11,70.62,32299,2305205.07,20260731,71.25666666666667,71.575,70.93833333333335,71.575,70.93833333333335,0.6366666666666561,0.9015387520060267,Wide,Bearish,Below CPR,Cash Only,Unclassified,False,True,0.54,50,3798929.375,Lower,False,No setup
REDINGTON,EQ,REDINGTON LIMITED,312.5,327.65,306.95,321.65,23658297,7627649479.2,20260731,318.74999999999994,317.29999999999995,320.19999999999993,320.19999999999993,317.29999999999995,2.8999999999999773,0.9016011192289685,Wide,Bullish,Above CPR,Cash Only,Services,False,False,0.8,50,711384944.74,Inside,False,No setup
SYNGENE,EQ,SYNGENE INTERNATIONAL LTD,399.0,399.0,383.25,385.9,3061579,1185487473.45,20260731,389.3833333333334,391.125,387.64166666666677,391.125,387.64166666666677,3.483333333333235,0.902651809622502,Wide,Bearish,Below CPR,Cash Only,Healthcare,False,True,0.92,50,321400546.025,Overlapping,False,No setup
PNC,EQ,PRITISH NANDY COMMUNICATI,20.55,20.57,19.06,19.55,4988,99928.57,20260731,19.726666666666663,19.814999999999998,19.63833333333333,19.814999999999998,19.63833333333333,0.17666666666666941,0.9036658141517616,Wide,Bearish,Below CPR,Cash Only,Unclassified,False,True,0.52,50,105526.485,Overlapping,False,No setup
SECURKLOUD,EQ,SECUREKLOUD TECH LIMITED,17.59,18.6,17.05,18.07,8583,153087.86,20260731,17.90666666666667,17.825000000000003,17.988333333333337,17.988333333333337,17.825000000000003,0.163333333333334,0.9038922707987493,Wide,Bullish,Above CPR,Cash Only,Unclassified,False,False,0.6,50,251965.63,Higher,False,No setup
TEAMLEASE,EQ,TEAMLEASE SERVICES LTD.,1279.8,1279.8,1223.5,1234.9,101359,126350086.3,20260731,1246.0666666666668,1251.65,1240.4833333333336,1251.65,1240.4833333333336,11.166666666666515,0.9042567549329108,Wide,Bearish,Below CPR,Cash Only,Unclassified,False,True,0.94,50,45510231.75,Lower,False,No setup
MEDICO,EQ,MEDICO REMEDIES LIMITED,48.7,49.5,46.91,48.87,492207,23567312.95,20260731,48.42666666666667,48.205,48.64833333333334,48.64833333333334,48.205,0.44333333333334224,0.9071686788077394,Wide,Bullish,Above CPR,Cash Only,Unclassified,False,False,0.78,50,7534922.645,Higher,False,No setup
PARADEEP,EQ,PARADEEP PHOSPHATES LTD,153.7,154.09,144.58,147.33,14256750,2099241072.95,20260731,148.66666666666666,149.335,147.9983333333333,149.335,147.9983333333333,1.3366666666667015,0.9072603452567036,Wide,Bearish,Below CPR,Cash Only,Chemicals,False,True,0.78,50,393689397.35,Lower,False,No setup
KOKUYOCMLN,EQ,KOKUYO CAMLIN LIMITED,83.1,86.44,83.1,85.94,27859,2387907.14,20260731,85.16,84.77,85.55,85.55,84.77,0.7800000000000011,0.9076099604375159,Wide,Bullish,Above CPR,Cash Only,Unclassified,False,False,0.88,50,2118879.98,Higher,False,No setup
TARC,EQ,TARC LIMITED,133.5,138.25,132.5,137.25,672652,91791365.7,20260731,136.0,135.375,136.625,136.625,135.375,1.25,0.9107468123861567,Wide,Bullish,Above CPR,Cash Only,Unclassified,False,False,0.82,50,42803330.215,Higher,False,No setup
BAJAJCON,EQ,BAJAJ CONSUMER CARE LTD,540.0,540.55,522.0,524.1,621476,327425290.6,20260731,528.8833333333333,531.275,526.4916666666667,531.275,526.4916666666667,4.783333333333303,0.9126756980220002,Wide,Bearish,Below CPR,Cash Only,Unclassified,False,True,0.64,50,366031026.325,Lower,False,No setup
SPAL,EQ,S. P. APPARELS LIMITED,997.0,1007.9,949.1,992.1,44816,43935507.2,20260731,983.0333333333333,978.5,987.5666666666666,987.5666666666666,978.5,9.066666666666606,0.9138863689816152,Wide,Bullish,Above CPR,Cash Only,Unclassified,False,False,0.56,50,101775446.85,Lower,False,No setup
ACUTAAS,EQ,ACUTAAS CHEMICALS LIMITED,3225.0,3232.9,3062.1,3104.9,904413,2841192466.2,20260731,3133.2999999999997,3147.5,3119.0999999999995,3147.5,3119.0999999999995,28.400000000000546,0.9146832426165269,Wide,Bearish,Below CPR,Cash Only,Healthcare,False,True,0.68,50,1181056213.25,Lower,False,No setup
MERCANTILE,EQ,MERCANTILE VENTURES LTD.,24.9,24.9,23.76,24.0,2179,52722.98,20260731,24.22,24.33,24.11,24.33,24.11,0.21999999999999886,0.916666666666662,Wide,Bearish,Below CPR,Cash Only,Unclassified,False,True,0.42,50,90309.705,Higher,False,No setup
EMMVEE,EQ,EMMVEE PHOTOVOLTAIC PWR L,310.0,319.7,306.75,317.6,2624860,823425970.1,20260731,314.68333333333334,313.225,316.14166666666665,316.14166666666665,313.225,2.9166666666666288,0.9183459277917596,Wide,Bullish,Above CPR,Cash Only,Capital Goods,False,False,0.62,50,894732491.8499999,Higher,False,No setup
MADHAV,EQ,MADHAV MARBLE & GRANITE,33.76,35.39,33.25,34.8,2676,92085.31,20260731,34.48,34.32,34.63999999999999,34.63999999999999,34.32,0.3199999999999932,0.919540229885038,Wide,Bullish,Above CPR,Cash Only,Unclassified,False,False,0.6,50,81171.685,Higher,False,No setup
BLUEDART,EQ,BLUE DART EXPRESS LTD,5025.9,5185.0,4993.0,5160.3,39069,200590318.9,20260731,5112.766666666666,5089.0,5136.533333333333,5136.533333333333,5089.0,47.53333333333285,0.9211350761260556,Wide,Bullish,Above CPR,Cash Only,Services,False,False,0.96,50,41034852.95,Higher,False,No setup
SAIPARENT,EQ,SAI PARENTERALS LIMITED,539.7,551.7,528.15,547.5,104921,56784863.8,20260731,542.4499999999999,539.925,544.9749999999999,544.9749999999999,539.925,5.0499999999999545,0.922374429223736,Wide,Bullish,Above CPR,Cash Only,Unclassified,False,False,0.76,50,103498182.9,Overlapping,False,No setup
RISHABH,EQ,RISHABH INSTRUMENTS LTD,610.0,631.05,606.95,610.55,80507,49691594.9,20260731,616.1833333333333,619.0,613.3666666666666,619.0,613.3666666666666,5.633333333333439,0.9226653563726869,Wide,Bearish,Below CPR,Cash Only,Unclassified,False,True,0.58,50,80657354.9,Higher,False,No setup
PINELABS,EQ,PINE LABS LIMITED,141.0,143.5,138.29,138.97,40429689,5642516548.12,20260731,140.25333333333333,140.89499999999998,139.61166666666668,140.89499999999998,139.61166666666668,1.283333333333303,0.9234606989517903,Wide,Bearish,Below CPR,Cash Only,Financial Services,False,True,0.62,50,2659758851.455,Lower,False,No setup
INDSWFTLAB,EQ,IND SWIFT LABORATORIES LT,220.79,227.3,215.0,224.27,446815,98828881.05,20260731,222.19000000000003,221.15,223.23000000000005,223.23000000000005,221.15,2.080000000000041,0.9274535158514473,Wide,Bullish,Above CPR,Cash Only,Unclassified,False,False,0.68,50,140464984.805,Overlapping,False,No setup
BETA,EQ,BETA DRUGS LIMITED,2192.2,2341.9,2184.0,2231.9,25918,58688013.5,20260731,2252.6,2262.95,2242.25,2262.95,2242.25,20.699999999999818,0.9274609077467546,Wide,Bearish,Below CPR,Cash Only,Unclassified,False,True,0.58,50,52513612.95,Higher,False,No setup
PFOCUS,EQ,PRIME FOCUS LIMITED,288.0,290.68,275.55,287.11,1104971,313695738.83,20260731,284.44666666666666,283.115,285.7783333333333,285.7783333333333,283.115,2.6633333333332985,0.9276351688667405,Wide,Bullish,Above CPR,Cash Only,Media Entertainment & Publication,False,False,0.6666666666666666,12,264417039.87,Lower,False,No setup
HARRMALAYA,EQ,HARRISON MALAYALAM LTD,213.25,216.0,209.1,215.55,4945,1060674.42,20260731,213.55000000000004,212.55,214.55000000000007,214.55000000000007,212.55,2.000000000000057,0.92785896543728,Wide,Bullish,Above CPR,Cash Only,Unclassified,False,False,0.66,50,1974843.035,Overlapping,False,No setup
INTENTECH,EQ,INTENSE TECHNOLOGIES LTD,85.04,86.46,82.5,83.32,71971,6026283.86,20260731,84.09333333333332,84.47999999999999,83.70666666666665,84.47999999999999,83.70666666666665,0.7733333333333405,0.9281485037606105,Wide,Bearish,Below CPR,Cash Only,Unclassified,False,True,0.66,50,3484713.99,Lower,False,No setup
LOTUSDEV,EQ,SRI LOTUS DEVLPRS N RTY L,195.0,200.8,193.86,200.12,3655461,723231472.98,20260731,198.26,197.33,199.18999999999997,199.18999999999997,197.33,1.8599999999999568,0.9294423345992189,Wide,Bullish,Above CPR,Cash Only,Unclassified,False,False,0.82,50,61084038.95,Higher,False,No setup
REFEX,EQ,REFEX INDUSTRIES LIMITED,303.95,305.45,291.7,302.8,601629,180300563.0,20260731,299.98333333333335,298.575,301.3916666666667,301.3916666666667,298.575,2.8166666666667197,0.9302069572875561,Wide,Bullish,Above CPR,Cash Only,Unclassified,False,False,0.66,50,228803169.05,Lower,False,No setup
NAVNETEDUL,EQ,NAVNEET EDUCATION LTD,138.1,138.21,133.74,134.1,211123,28462079.04,20260731,135.35000000000002,135.97500000000002,134.72500000000002,135.97500000000002,134.72500000000002,1.25,0.9321401938851605,Wide,Bearish,Below CPR,Cash Only,Unclassified,False,True,0.94,50,23366971.545,Lower,False,No setup
GODFRYPHLP,EQ,GODFREY PHILLIPS INDIA LT,2144.0,2204.6,2122.0,2133.4,406755,878020795.1,20260731,2153.3333333333335,2163.3,2143.366666666667,2163.3,2143.366666666667,19.933333333333394,0.9343458016937,Wide,Bearish,Below CPR,Cash Only,Fast Moving Consumer Goods,False,True,0.86,50,617460863.8,Higher,False,No setup
ORIENTTECH,EQ,ORIENT TECHNOLOGIES LTD,270.0,270.0,260.0,261.32,374005,98533151.39,20260731,263.7733333333333,265.0,262.5466666666666,265.0,262.5466666666666,2.4533333333333758,0.9388234093576366,Wide,Bearish,Below CPR,Cash Only,Unclassified,False,True,0.88,50,34119268.65,Lower,False,No setup
UFBL,EQ,UNITED FOODBRANDS LIMITED,680.0,707.5,676.0,701.65,63999,44823542.3,20260731,695.0500000000001,691.75,698.3500000000001,698.3500000000001,691.75,6.600000000000136,0.9406399201881475,Wide,Bullish,Above CPR,Cash Only,Unclassified,False,False,0.48,50,99550222.17500001,Higher,False,No setup
SABEVENTS,EQ,SAB EVENTS & GOVERNANCE,5.96,6.25,5.96,6.02,6365,38415.07,20260731,6.076666666666667,6.105,6.048333333333334,6.105,6.048333333333334,0.05666666666666664,0.9413067552602433,Wide,Bearish,Below CPR,Cash Only,Unclassified,False,True,0.6428571428571429,14,55998.67,Lower,False,No setup
TRU,EQ,TRUCAP FINANCE LIMITED,4.62,4.83,4.5,4.6,334417,1534232.86,20260731,4.6433333333333335,4.665,4.621666666666667,4.665,4.621666666666667,0.043333333333333,0.9420289855072393,Wide,Bearish,Below CPR,Cash Only,Unclassified,False,True,0.68,50,631300.405,Lower,False,No setup
JSWINFRA,EQ,JSW INFRASTRUCTURE LTD,320.1,322.05,311.6,312.4,3767139,1189607847.25,20260731,315.35,316.82500000000005,313.875,316.82500000000005,313.875,2.9500000000000455,0.9443021766965576,Wide,Bearish,Below CPR,Cash Only,Services,False,True,0.86,50,1020683215.925,Overlapping,False,No setup
3PLAND,EQ,3P LAND HOLDINGS LIMITED,32.0,32.97,31.33,31.7,2081,65760.02,20260731,32.0,32.15,31.85,32.15,31.85,0.29999999999999716,0.9463722397476251,Wide,Bearish,Below CPR,Cash Only,Unclassified,False,True,0.84,50,100411.775,Outside,False,No setup
LIBERTSHOE,EQ,LIBERTY SHOES LTD,261.65,269.65,258.55,260.4,34246,9012488.05,20260731,262.8666666666667,264.1,261.6333333333333,264.1,261.6333333333333,2.466666666666697,0.9472606246799912,Wide,Bearish,Below CPR,Cash Only,Unclassified,False,True,0.76,50,8020633.625,Outside,False,No setup
SONAMLTD,EQ,SONAM LIMITED,56.5,57.6,54.41,55.22,29198,1626289.35,20260731,55.74333333333333,56.004999999999995,55.48166666666667,56.004999999999995,55.48166666666667,0.5233333333333263,0.9477242544971503,Wide,Bearish,Below CPR,Cash Only,Unclassified,False,True,0.72,50,2249833.355,Inside,False,No setup
TARSONS,EQ,TARSONS PRODUCTS LIMITED,319.35,326.0,312.15,314.6,122337,38914535.65,20260731,317.5833333333333,319.075,316.09166666666664,319.075,316.09166666666664,2.9833333333333485,0.9482941301123167,Wide,Bearish,Below CPR,Cash Only,Unclassified,False,True,0.64,50,34230397.72,Outside,False,No setup
CROWN,EQ,CROWN LIFTERS LIMITED,112.6,115.89,110.03,114.59,7576,854596.04,20260731,113.50333333333333,112.96000000000001,114.04666666666665,114.04666666666665,112.96000000000001,1.0866666666666447,0.9483084620530977,Wide,Bullish,Above CPR,Cash Only,Unclassified,False,False,0.76,50,851905.55,Higher,False,No setup
M&M,EQ,MAHINDRA & MAHINDRA LTD,3379.9,3457.0,3243.3,3398.5,6131873,20793075793.7,20260731,3366.2666666666664,3350.15,3382.3833333333328,3382.3833333333328,3350.15,32.233333333332666,0.9484576528860575,Wide,Bullish,Above CPR,Cash Only,Automobile and Auto Components,False,False,0.96,50,7693935417.25,Higher,False,No setup
MASFIN,EQ,MAS FINANCIAL SERV LTD,319.75,329.9,318.8,319.8,259106,83779152.4,20260731,322.8333333333333,324.35,321.3166666666666,324.35,321.3166666666666,3.0333333333334167,0.948509485094877,Wide,Bearish,Below CPR,Cash Only,Unclassified,False,True,0.84,50,30313929.2,Overlapping,False,No setup
GOLDIAM,EQ,GOLDIAM INTERNATIONAL LTD,363.05,379.4,361.3,375.7,1046622,390168001.85,20260731,372.1333333333334,370.35,373.91666666666674,373.91666666666674,370.35,3.5666666666667197,0.9493390116227627,Wide,Bullish,Above CPR,Cash Only,Unclassified,False,False,0.64,50,324025424.675,Higher,False,No setup
TRUALT,EQ,TRUALT BIOENERGY LIMITED,437.0,437.0,421.05,423.0,142418,60794218.65,20260731,427.01666666666665,429.025,425.0083333333333,429.025,425.0083333333333,4.0166666666666515,0.9495665878644566,Wide,Bearish,Below CPR,Cash Only,Unclassified,False,True,0.78,50,127936859.95,Lower,False,No setup
DTIL,EQ,DHUNSERI TEA & IND. LTD.,127.0,131.0,127.0,130.87,4532,585132.77,20260731,129.62333333333333,129.0,130.24666666666667,130.24666666666667,129.0,1.2466666666666697,0.9525992715417357,Wide,Bullish,Above CPR,Cash Only,Unclassified,False,False,0.84,50,402114.96499999997,Higher,False,No setup
JUBLPHARMA,EQ,JUBILANT PHARMOVA LTD,960.0,966.05,931.0,935.15,223422,210193222.15,20260731,944.0666666666666,948.525,939.6083333333332,948.525,939.6083333333332,8.916666666666742,0.9535012208380199,Wide,Bearish,Below CPR,Cash Only,Healthcare,False,True,0.94,50,86931384.325,Lower,False,No setup
BALMLAWRIE,EQ,BALMER LAWRIE & CO LTD,177.1,178.0,171.33,172.2,293436,51043182.42,20260731,173.84333333333333,174.66500000000002,173.02166666666665,174.66500000000002,173.02166666666665,1.6433333333333735,0.9543166860240265,Wide,Bearish,Below CPR,Cash Only,Unclassified,False,True,0.98,50,20493734.705,Lower,False,No setup
GPIL,EQ,GODAWARI POW & ISP LTD,249.35,250.45,241.3,242.4,1400568,342864349.1,20260731,244.71666666666667,245.875,243.55833333333334,245.875,243.55833333333334,2.316666666666663,0.9557205720572042,Wide,Bearish,Below CPR,Cash Only,Capital Goods,False,True,0.86,50,342804818.275,Lower,False,No setup
DPABHUSHAN,EQ,D. P. ABHUSHAN LIMITED,1336.0,1372.7,1301.15,1317.95,33148,44240909.4,20260731,1330.6000000000001,1336.9250000000002,1324.275,1336.9250000000002,1324.275,12.650000000000091,0.9598239690428386,Wide,Bearish,Below CPR,Cash Only,Unclassified,False,True,0.78,50,17160225.6,Lower,False,No setup
CIFL,EQ,CAPITAL INDIA FINANCE LTD,21.42,21.53,20.63,20.78,72767,1533286.08,20260731,20.98,21.08,20.880000000000003,21.08,20.880000000000003,0.19999999999999574,0.9624639076034444,Wide,Bearish,Below CPR,Cash Only,Unclassified,False,True,0.62,50,1782260.23,Overlapping,False,No setup
TRANSRAILL,EQ,TRANSRAIL LIGHTING LTD,492.5,504.0,487.3,502.95,379109,189220636.05,20260731,498.0833333333333,495.65,500.51666666666665,500.51666666666665,495.65,4.866666666666674,0.9676243496702801,Wide,Bullish,Above CPR,Cash Only,Unclassified,False,False,0.98,50,204974711.775,Higher,False,No setup
BIRLAPREC,EQ,BIRLA PRECISION TECH L,34.74,35.38,33.75,34.07,35456,1211687.34,20260731,34.4,34.565,34.235,34.565,34.235,0.3299999999999983,0.9685940710302269,Wide,Bearish,Below CPR,Cash Only,Unclassified,False,True,0.68,50,1307386.1,Overlapping,False,No setup
HYUNDAI,EQ,HYUNDAI MOTOR INDIA LTD,2099.0,2208.0,2090.0,2180.7,5531547,12036511790.9,20260731,2159.5666666666666,2149.0,2170.133333333333,2170.133333333333,2149.0,21.133333333333212,0.9691077788477651,Wide,Bullish,Above CPR,Cash Only,Automobile and Auto Components,False,False,0.9,50,1360657949.8,Higher,False,No setup
MANAKSTEEL,EQ,MANAKSIA STEELS LTD,67.82,70.93,67.82,68.38,74074,5106367.83,20260731,69.04333333333334,69.375,68.71166666666667,69.375,68.71166666666667,0.6633333333333269,0.970069221019782,Wide,Bearish,Below CPR,Cash Only,Unclassified,False,True,0.4,5,3625284.64,Higher,False,No setup
LASA,EQ,LASA SUPERGENERICS LTD,6.81,7.14,6.8,6.87,64878,449919.05,20260731,6.9366666666666665,6.97,6.903333333333333,6.97,6.903333333333333,0.06666666666666643,0.9704027171276044,Wide,Bearish,Below CPR,Cash Only,Unclassified,False,True,0.58,50,168779.27,Lower,False,No setup
BCONCEPTS,EQ,BRAND CONCEPTS LIMITED,196.0,196.1,186.5,188.55,3488,659692.12,20260731,190.38333333333335,191.3,189.4666666666667,191.3,189.4666666666667,1.8333333333333144,0.9723327145761412,Wide,Bearish,Below CPR,Cash Only,Unclassified,False,True,0.62,50,2805930.19,Higher,False,No setup
ZYDUSWELL,EQ,ZYDUS WELLNESS LIMITED,571.4,581.2,557.05,577.55,460725,263301748.4,20260731,571.9333333333333,569.125,574.7416666666666,574.7416666666666,569.125,5.616666666666561,0.9724987735549409,Wide,Bullish,Above CPR,Cash Only,Fast Moving Consumer Goods,False,False,0.72,50,154704523.10000002,Overlapping,False,No setup
INDOFARM,EQ,INDO FARM EQUIPMENT LTD,158.0,164.5,153.23,161.22,698264,112309162.84,20260731,159.65,158.865,160.435,160.435,158.865,1.5699999999999932,0.9738245875201547,Wide,Bullish,Above CPR,Cash Only,Unclassified,False,False,0.68,50,22133328.45,Higher,False,No setup
INSECTICID,EQ,INSECTICIDES (I) LTD,618.6,646.4,617.2,641.2,21312,13596964.1,20260731,634.9333333333333,631.8,638.0666666666666,638.0666666666666,631.8,6.2666666666666515,0.9773341651070885,Wide,Bullish,Above CPR,Cash Only,Unclassified,False,False,0.92,50,13089500.925,Higher,False,No setup
TIL,EQ,TIL LTD,243.49,257.8,239.55,252.38,3224762,811084154.96,20260731,249.91,248.675,251.14499999999998,251.14499999999998,248.675,2.4699999999999704,0.9786829384261709,Wide,Bullish,Above CPR,Cash Only,Unclassified,False,False,0.7,50,24644335.35,Inside,False,No setup
CPPLUS,EQ,ADITYA INFOTECH LIMITED,3259.9,3422.0,3259.9,3391.0,180648,610998696.0,20260731,3357.633333333333,3340.95,3374.3166666666666,3374.3166666666666,3340.95,33.36666666666679,0.9839771945345558,Wide,Bullish,Above CPR,Cash Only,Capital Goods,False,False,0.72,50,767722447.85,Overlapping,False,No setup
MFML,EQ,MAHALAXMI FABRIC MILLS LT,18.54,19.86,18.54,18.92,5872,111299.82,20260731,19.106666666666666,19.2,19.013333333333332,19.2,19.013333333333332,0.18666666666666742,0.9866102889358743,Wide,Bearish,Below CPR,Cash Only,Unclassified,False,True,0.46,50,77247.08499999999,Inside,False,No setup
LICHSGFIN,EQ,LIC HOUSING FINANCE LTD,537.5,540.2,521.5,523.1,4188796,2206849114.6,20260731,528.2666666666668,530.85,525.6833333333335,530.85,525.6833333333335,5.166666666666515,0.9877015229719966,Wide,Bearish,Below CPR,Cash Only,Financial Services,False,True,0.98,50,605943035.2750001,Lower,False,No setup
SASKEN,EQ,SASKEN TECHNOLOGIES LTD,1764.4,1829.0,1740.9,1811.8,60540,108579948.5,20260731,1793.8999999999999,1784.95,1802.8499999999997,1802.8499999999997,1784.95,17.899999999999636,0.9879677668616644,Wide,Bullish,Above CPR,Cash Only,Unclassified,False,False,0.36,50,107548263.7,Overlapping,False,No setup
KSR,EQ,KSR FOOTWEAR LIMITED,28.5,30.0,28.5,29.69,4723,138045.62,20260731,29.396666666666665,29.25,29.54333333333333,29.54333333333333,29.25,0.29333333333332945,0.9879869765352961,Wide,Bullish,Above CPR,Cash Only,Unclassified,False,False,0.4117647058823529,34,333694.27,Higher,False,No setup
USHAMART,EQ,USHA MARTIN LTD.,504.8,513.5,493.1,495.95,358005,179497538.65,20260731,500.84999999999997,503.3,498.3999999999999,503.3,498.3999999999999,4.900000000000091,0.9880028228652267,Wide,Bearish,Below CPR,Cash Only,Capital Goods,False,True,0.9,50,192575415.2,Lower,False,No setup
ALIVUS,EQ,ALIVUS LIFE SCIENCES LTD,1135.5,1177.6,1108.0,1160.0,237291,273764441.9,20260731,1148.5333333333333,1142.8,1154.2666666666667,1154.2666666666667,1142.8,11.466666666666697,0.9885057471264395,Wide,Bullish,Above CPR,Cash Only,Unclassified,False,False,0.9,50,76268356.7,Higher,False,No setup
ULTRAMAR,EQ,ULTRAMARINE & PIGMENTS L,377.0,390.0,373.0,387.25,51529,19705478.35,20260731,383.4166666666667,381.5,385.33333333333337,385.33333333333337,381.5,3.8333333333333712,0.9898859479234013,Wide,Bullish,Above CPR,Cash Only,Unclassified,False,False,0.92,50,5837556.725,Higher,False,No setup
JKPAPER,EQ,JK PAPER LIMITED,380.0,392.0,377.5,390.55,519729,201421444.35,20260731,386.68333333333334,384.75,388.6166666666667,388.6166666666667,384.75,3.8666666666666742,0.9900567575641209,Wide,Bullish,Above CPR,Cash Only,Unclassified,False,False,0.9,50,107317739.275,Higher,False,No setup
TRAVELFOOD,EQ,TRAVEL FOOD SERVICES LTD,1296.8,1309.0,1258.0,1302.9,16635,21549846.7,20260731,1289.9666666666667,1283.5,1296.4333333333334,1296.4333333333334,1283.5,12.933333333333394,0.9926574052754159,Wide,Bullish,Above CPR,Cash Only,Consumer Services,False,False,0.9,50,37914480.3,Overlapping,False,No setup
INDIAMART,EQ,INDIAMART INTERMESH LTD,1750.1,1807.9,1738.1,1799.8,207650,370926009.9,20260731,1781.9333333333334,1773.0,1790.8666666666668,1790.8666666666668,1773.0,17.866666666666788,0.9927028929140342,Wide,Bullish,Above CPR,Cash Only,Consumer Services,False,False,0.96,50,164080252.75,Higher,False,No setup
RKDL,EQ,RAVI KUMAR DIST. LTD.,19.26,19.8,19.09,19.74,8831,173014.48,20260731,19.543333333333333,19.445,19.641666666666666,19.641666666666666,19.445,0.19666666666666544,0.9962850388382242,Wide,Bullish,Above CPR,Cash Only,Unclassified,False,False,0.64,50,238377.115,Higher,False,No setup
TURTLEMINT,EQ,TURTLEMINT FINTECH SOLS L,115.21,121.39,115.21,120.1,416648,49684896.42,20260731,118.89999999999999,118.3,119.49999999999999,119.49999999999999,118.3,1.1999999999999886,0.9991673605328799,Wide,Bullish,Above CPR,Cash Only,Unclassified,False,False,0.72,25,121201810.25,Higher,False,No setup
ABMKNO,EQ,A B M KNOWLEDGEWARE LTD.,197.0,197.0,188.8,190.05,489,93044.35,20260731,191.95000000000002,192.9,191.00000000000003,192.9,191.00000000000003,1.8999999999999773,0.9997369113391092,Wide,Bearish,Below CPR,Cash Only,Unclassified,False,True,0.66,50,515727.115,Lower,False,No setup
KIRLOSIND,EQ,KIRLOSKAR INDUSTRIES LTD,3794.1,4003.8,3759.1,3940.8,22031,86747050.3,20260731,3901.2333333333336,3881.45,3921.0166666666673,3921.0166666666673,3881.45,39.566666666667516,1.0040262552443036,Wide,Bullish,Above CPR,Cash Only,Unclassified,False,False,0.88,50,29331451.1,Higher,False,No setup
VINYLINDIA,EQ,VINYL CHEMICALS (I) LTD.,232.8,243.5,232.8,241.8,13253,3178426.35,20260731,239.36666666666667,238.15,240.58333333333334,240.58333333333334,238.15,2.433333333333337,1.0063413289219756,Wide,Bullish,Above CPR,Cash Only,Unclassified,False,False,0.82,50,3332145.35,Lower,False,No setup
A2ZINFRA,EQ,A2Z INFRA ENGINEERING LTD,15.3,15.95,14.68,15.55,1556942,24005704.98,20260731,15.393333333333333,15.315,15.471666666666666,15.471666666666666,15.315,0.1566666666666663,1.0075026795284003,Wide,Bullish,Above CPR,Cash Only,Unclassified,False,False,0.54,50,2869932.075,Higher,False,No setup
GSS,EQ,GSS INFOTECH LIMITED,12.66,12.66,12.1,12.57,23695,293733.68,20260731,12.443333333333333,12.379999999999999,12.506666666666668,12.506666666666668,12.379999999999999,0.1266666666666687,1.007690267833482,Wide,Bullish,Above CPR,Cash Only,Unclassified,False,False,1.0,10,303467.005,Lower,False,No setup
CRAFTSMAN,EQ,CRAFTSMAN AUTOMATION LTD,10143.0,10275.0,9771.0,9873.5,104732,1047202747.0,20260731,9973.166666666666,10023.0,9923.333333333332,10023.0,9923.333333333332,99.66666666666788,1.0094360324775196,Wide,Bearish,Below CPR,Cash Only,Automobile and Auto Components,False,True,0.9,50,478112818.0,Overlapping,False,No setup
ENERGYDEV,EQ,ENERGY DEVE. CO.LTD,16.66,17.29,16.66,16.72,20003,336757.48,20260731,16.89,16.975,16.805,16.975,16.805,0.1700000000000017,1.0167464114832638,Wide,Bearish,Below CPR,Cash Only,Unclassified,False,True,0.76,50,478995.17500000005,Overlapping,False,No setup
ALPHAGEO,EQ,ALPHAGEO (INDIA) LIMITED,207.62,226.39,207.15,220.13,36405,8031556.56,20260731,217.89,216.76999999999998,219.01,219.01,216.76999999999998,2.240000000000009,1.0175805206014668,Wide,Bullish,Above CPR,Cash Only,Unclassified,False,False,0.82,50,889704.5549999999,Higher,False,No setup
BATLIBOI,EQ,BATLIBOI LTD.,84.91,84.91,81.35,81.88,10359,852309.82,20260731,82.71333333333332,83.13,82.29666666666665,83.13,82.29666666666665,0.8333333333333428,1.0177495521902087,Wide,Bearish,Below CPR,Cash Only,Unclassified,False,True,0.82,50,1823918.055,Overlapping,False,No setup
RAILTEL,EQ,RAILTEL CORP OF IND LTD,293.5,293.9,283.8,284.5,1263003,360128951.2,20260731,287.40000000000003,288.85,285.95000000000005,288.85,285.95000000000005,2.8999999999999773,1.0193321616871625,Wide,Bearish,Below CPR,Cash Only,Telecommunication,False,True,0.98,50,184254028.75,Lower,False,No setup
DANGEE,EQ,DANGEE DUMS LIMITED,2.91,3.06,2.91,2.94,43617,129110.32,20260731,2.97,2.9850000000000003,2.955,2.9850000000000003,2.955,0.03000000000000025,1.0204081632653146,Wide,Bearish,Below CPR,Cash Only,Unclassified,False,True,0.72,50,174852.07,Outside,False,No setup
ARENTERP,EQ,RAJDARSHAN INDUSTRIES LTD,41.0,41.55,40.1,41.46,1393,57395.76,20260731,41.03666666666667,40.825,41.248333333333335,41.248333333333335,40.825,0.423333333333332,1.0210644798199036,Wide,Bullish,Above CPR,Cash Only,Unclassified,False,False,0.58,50,44579.335,Inside,False,No setup
HSCL,EQ,HIMADRI SPECIALITY CHEM L,763.6,781.9,742.5,750.65,4621023,3523105440.55,20260731,758.35,762.2,754.5,762.2,754.5,7.7000000000000455,1.0257776593618924,Wide,Bearish,Below CPR,Cash Only,Chemicals,False,True,0.74,50,8390129398.25,Overlapping,False,No setup
MOIL,EQ,MOIL LIMITED,290.0,290.75,280.0,281.05,2107855,599794159.55,20260731,283.93333333333334,285.375,282.4916666666667,285.375,282.4916666666667,2.8833333333333258,1.0259147245448588,Wide,Bearish,Below CPR,Cash Only,Unclassified,False,True,0.98,50,119703859.125,Lower,False,No setup
BESTAGRO,EQ,BEST AGROLIFE LIMITED,18.1,19.65,18.0,19.12,38044658,712013117.16,20260731,18.923333333333332,18.825,19.021666666666665,19.021666666666665,18.825,0.19666666666666544,1.0285913528591288,Wide,Bullish,Above CPR,Cash Only,Unclassified,False,False,0.82,50,5467613.63,Higher,False,No setup
CHOLAFIN,EQ,CHOLAMANDALAM IN & FIN CO,1787.8,1863.1,1779.4,1849.9,2944385,5417565906.2,20260731,1830.8,1821.25,1840.35,1840.35,1821.25,19.09999999999991,1.0324882426077036,Wide,Bullish,Above CPR,Cash Only,Financial Services,False,False,0.9,50,2288154052.25,Higher,False,No setup
HEXT,EQ,HEXAWARE TECHNOLOGIES LTD,565.2,580.9,559.8,561.65,765370,435933360.85,20260731,567.4499999999999,570.3499999999999,564.55,570.3499999999999,564.55,5.7999999999999545,1.0326715926288534,Wide,Bearish,Below CPR,Cash Only,Information Technology,False,True,0.84,50,264859253.6,Lower,False,No setup
UNIMECH,EQ,UNIMECH AEROSPACE N MFG L,1198.9,1250.7,1182.8,1235.9,118289,145465529.9,20260731,1223.1333333333334,1216.75,1229.5166666666669,1229.5166666666669,1216.75,12.766666666666879,1.0329854087439825,Wide,Bullish,Above CPR,Cash Only,Unclassified,False,False,0.66,50,113177552.8,Higher,False,No setup
IMFA,EQ,INDIAN METALS & FERRO,1382.7,1469.7,1382.6,1448.6,345925,498481967.5,20260731,1433.6333333333332,1426.15,1441.1166666666663,1441.1166666666663,1426.15,14.966666666666242,1.0331814625615245,Wide,Bullish,Above CPR,Cash Only,Unclassified,False,False,0.88,50,151330357.60000002,Higher,False,No setup
TVSHLTD,EQ,TVS HOLDINGS LIMITED,14989.0,15231.0,14652.0,14713.0,10940,162685320.0,20260731,14865.333333333334,14941.5,14789.166666666668,14941.5,14789.166666666668,152.33333333333212,1.035365549740584,Wide,Bearish,Below CPR,Cash Only,Unclassified,False,True,0.94,50,43154343.5,Lower,False,No setup
CEWATER,EQ,CONCORD ENVIRO SYSTEMS L,287.75,300.0,284.55,287.8,99389,28947817.6,20260731,290.7833333333333,292.275,289.29166666666663,292.275,289.29166666666663,2.9833333333333485,1.036599490386848,Wide,Bearish,Below CPR,Cash Only,Unclassified,False,True,0.66,50,32845680.05,Higher,False,No setup
AMNPLST,EQ,AMINES & PLASTICIZERS LTD,201.0,207.46,196.35,198.81,7240,1462664.27,20260731,200.87333333333333,201.905,199.84166666666667,201.905,199.84166666666667,2.0633333333333326,1.0378418255285613,Wide,Bearish,Below CPR,Cash Only,Unclassified,False,True,0.68,50,1693784.49,Overlapping,False,No setup
SANSTAR,EQ,SANSTAR LIMITED,114.0,115.79,111.2,111.75,189023,21462985.91,20260731,112.91333333333334,113.495,112.33166666666668,113.495,112.33166666666668,1.163333333333327,1.0410141685309413,Wide,Bearish,Below CPR,Cash Only,Unclassified,False,True,0.7,50,50184404.05,Overlapping,False,No setup
SKFINDUS,EQ,SKF IND (INDUSTRIAL) LTD,2671.0,2745.1,2649.0,2739.9,18235,49679587.9,20260731,2711.3333333333335,2697.05,2725.616666666667,2725.616666666667,2697.05,28.566666666666606,1.0426171271457574,Wide,Bullish,Above CPR,Cash Only,Unclassified,False,False,0.82,50,81961068.85,Higher,False,No setup
ECLERX,EQ,ECLERX SERVICES LTD,1910.9,1914.0,1834.8,1845.5,208459,389906414.9,20260731,1864.7666666666667,1874.4,1855.1333333333332,1874.4,1855.1333333333332,19.26666666666688,1.0439808543303646,Wide,Bearish,Below CPR,Cash Only,Services,False,True,0.68,50,379182823.05,Lower,False,No setup
LEXUS,EQ,LEXUS GRANITO (INDIA) LTD,15.27,15.27,14.51,14.66,27891,415411.61,20260731,14.813333333333333,14.89,14.736666666666665,14.89,14.736666666666665,0.15333333333333599,1.0459299681673668,Wide,Bearish,Below CPR,Cash Only,Unclassified,False,True,0.52,50,444539.945,Lower,False,No setup
MOLDTKPAC,EQ,MOLD-TEK PACKAGING LTD,676.4,695.5,670.0,672.2,87971,60148468.6,20260731,679.2333333333333,682.75,675.7166666666667,682.75,675.7166666666667,7.033333333333303,1.0463155806803486,Wide,Bearish,Below CPR,Cash Only,Unclassified,False,True,0.9,50,55053761.025,Higher,False,No setup
MBAPL,EQ,MADHYA BHARAT AGRO P. LTD,167.85,167.85,157.6,160.2,914031,148805012.2,20260731,161.88333333333333,162.725,161.04166666666666,162.725,161.04166666666666,1.6833333333333371,1.0507698709945925,Wide,Bearish,Below CPR,Cash Only,Unclassified,False,True,0.72,50,126569317.975,Lower,False,No setup
KTKBANK,EQ,KARNATAKA BANK LIMITED,293.0,295.4,283.1,284.75,4082393,1177506664.8,20260731,287.75,289.25,286.25,289.25,286.25,3.0,1.0535557506584723,Wide,Bearish,Below CPR,Cash Only,Unclassified,False,True,0.92,50,544985084.95,Overlapping,False,No setup
DIAMONDYD,EQ,PRATAAP SNACKS LIMITED,1122.3,1171.2,1111.0,1159.5,19008,21917663.0,20260731,1147.2333333333333,1141.1,1153.3666666666668,1153.3666666666668,1141.1,12.266666666666879,1.0579272675003777,Wide,Bullish,Above CPR,Cash Only,Unclassified,False,False,0.84,50,22375062.75,Higher,False,No setup
DNAMEDIA,EQ,DILIGENT MEDIA CORP LTD.,2.93,2.94,2.81,2.83,36598,103522.1,20260731,2.86,2.875,2.8449999999999998,2.875,2.8449999999999998,0.03000000000000025,1.0600706713781005,Wide,Bearish,Below CPR,Cash Only,Unclassified,False,True,0.86,50,79742.61,Lower,False,No setup
DECNGOLD,EQ,DECCAN GOLD MINES LTD.,191.91,199.0,190.16,197.73,1099286,215461197.51,20260731,195.63,194.57999999999998,196.68,196.68,194.57999999999998,2.1000000000000227,1.0620543164921978,Wide,Bullish,Above CPR,Cash Only,Unclassified,False,False,0.52,50,344444269.98,Higher,False,No setup
DOLPHIN,EQ,DOLPHIN OFF ENT (IND) L,384.0,398.9,376.15,393.8,18077,7037341.65,20260731,389.6166666666666,387.525,391.70833333333326,391.70833333333326,387.525,4.18333333333328,1.0622989673268868,Wide,Bullish,Above CPR,Cash Only,Unclassified,False,False,0.9,50,2290679.3499999996,Higher,False,No setup
MUTHOOTCAP,EQ,MUTHOOT CAP SERV LTD,222.51,237.0,222.51,233.48,33837,7814188.77,20260731,230.99666666666667,229.755,232.23833333333334,232.23833333333334,229.755,2.4833333333333485,1.0636171549311928,Wide,Bullish,Above CPR,Cash Only,Unclassified,False,False,0.86,50,3543765.7199999997,Higher,False,No setup
HCLTECH,EQ,HCL TECHNOLOGIES LTD,1317.7,1356.5,1294.3,1346.9,3369019,4514873926.8,20260731,1332.5666666666668,1325.4,1339.7333333333336,1339.7333333333336,1325.4,14.333333333333485,1.0641720493973927,Wide,Bullish,Above CPR,Cash Only,Information Technology,False,False,0.92,50,4009675845.4,Lower,False,No setup
MAHASTEEL,EQ,MAHAMAYA STEEL INDS LTD,975.0,1018.0,952.35,1001.25,37640,37737620.5,20260731,990.5333333333333,985.175,995.8916666666667,995.8916666666667,985.175,10.716666666666697,1.0703287557220171,Wide,Bullish,Above CPR,Cash Only,Unclassified,False,False,0.5517241379310345,29,4782104.75,Higher,False,No setup
SUDARCOLOR,EQ,SUDARSHAN COLORNT IND LTD,355.1,367.5,343.2,361.15,10446,3717529.55,20260731,357.2833333333333,355.35,359.2166666666666,359.2166666666666,355.35,3.8666666666665606,1.0706539295767856,Wide,Bullish,Above CPR,Cash Only,Unclassified,False,False,0.9,50,1757643.5,Outside,False,No setup
RTNPOWER,EQ,RATTANINDIA POWER LIMITED,8.4,8.78,8.36,8.71,23396935,201254901.93,20260731,8.616666666666667,8.57,8.663333333333334,8.663333333333334,8.57,0.09333333333333371,1.0715652506697326,Wide,Bullish,Above CPR,Cash Only,Unclassified,False,False,0.92,50,97428825.17,Higher,False,No setup
ADOR,EQ,ADOR WELDING LTD,1487.6,1499.9,1436.0,1444.7,37365,54820830.6,20260731,1460.2,1467.95,1452.45,1467.95,1452.45,15.5,1.072887104589188,Wide,Bearish,Below CPR,Cash Only,Unclassified,False,True,0.86,50,31020825.2,Inside,False,No setup
RRIL,EQ,R R I L LTD.,17.43,17.43,16.71,17.35,2677,45939.85,20260731,17.163333333333334,17.07,17.256666666666668,17.256666666666668,17.07,0.18666666666666742,1.075888568683962,Wide,Bullish,Above CPR,Cash Only,Unclassified,False,False,0.82,50,458172.875,Overlapping,False,No setup
AIIL,EQ,AUTHUM INVEST & INFRA LTD,546.5,559.6,536.6,539.3,111238,60808286.2,20260731,545.1666666666666,548.1,542.2333333333332,548.1,542.2333333333332,5.866666666666788,1.0878299029606506,Wide,Bearish,Below CPR,Cash Only,Financial Services,False,True,0.88,50,150156275.075,Outside,False,No setup
KANPRPLA,EQ,KANPUR PLASTIPACK LIMITED,214.9,214.9,206.12,207.13,14442,3023089.46,20260731,209.38333333333333,210.51,208.25666666666666,210.51,208.25666666666666,2.2533333333333303,1.0878836157646552,Wide,Bearish,Below CPR,Cash Only,Unclassified,False,True,0.78,50,2464187.12,Lower,False,No setup
EQUITASBNK,EQ,EQUITAS SMALL FIN BNK LTD,72.59,75.5,72.45,75.21,4701887,349123842.7,20260731,74.38666666666666,73.975,74.79833333333332,74.79833333333332,73.975,0.8233333333333235,1.0947125825466342,Wide,Bullish,Above CPR,Cash Only,Unclassified,False,False,0.9,50,236226006.23000002,Higher,False,No setup
SNOWMAN,EQ,SNOWMAN LOGISTICS LTD.,36.6,38.84,36.5,38.3,283885,10749865.26,20260731,37.88,37.67,38.09,38.09,37.67,0.4200000000000017,1.096605744125331,Wide,Bullish,Above CPR,Cash Only,Unclassified,False,False,0.96,50,4942475.71,Higher,False,No setup
PROSTARM,EQ,PROSTARM INFO SYSTEMS LTD,122.9,127.85,122.05,127.04,236393,29870582.88,20260731,125.64666666666666,124.94999999999999,126.34333333333333,126.34333333333333,124.94999999999999,1.393333333333345,1.0967674223341821,Wide,Bullish,Above CPR,Cash Only,Unclassified,False,False,0.94,50,20998075.225,Higher,False,No setup
GOCLCORP,EQ,GOCL CORPORATION LIMITED,388.0,405.3,386.55,402.55,53985,21519516.35,20260731,398.1333333333334,395.925,400.34166666666675,400.34166666666675,395.925,4.4166666666667425,1.0971721939303796,Wide,Bullish,Above CPR,Cash Only,Unclassified,False,False,0.76,50,30187541.5,Higher,False,No setup
THELEELA,EQ,LEELA PALACES HOTEL LTD,468.1,504.9,468.0,494.6,2200893,1080281568.3,20260731,489.1666666666667,486.45,491.8833333333334,491.8833333333334,486.45,5.433333333333394,1.0985307992991091,Wide,Bullish,Above CPR,Cash Only,Consumer Services,False,False,0.92,50,108974903.75,Higher,False,No setup
MANORAMA,EQ,MANORAMA INDUSTRIES LTD,1635.2,1659.9,1602.0,1604.5,108396,175386272.2,20260731,1622.1333333333332,1630.95,1613.3166666666664,1630.95,1613.3166666666664,17.633333333333667,1.0989924171600913,Wide,Bearish,Below CPR,Cash Only,Unclassified,False,True,0.88,50,214399019.60000002,Lower,False,No setup
FIVESTAR,EQ,FIVE-STAR BUS FIN LTD,555.0,569.0,545.0,547.95,468225,260683520.65,20260731,553.9833333333333,557.0,550.9666666666667,557.0,550.9666666666667,6.033333333333303,1.101073698938462,Wide,Bearish,Below CPR,Cash Only,Financial Services,False,True,0.94,50,402948425.825,Outside,False,No setup
AURUS,EQ,AURUS GEM CORP LIMITED,4.69,4.69,4.54,4.54,17698,80927.91,20260731,4.59,4.615,4.5649999999999995,4.615,4.5649999999999995,0.05000000000000071,1.1013215859030994,Wide,Bearish,Below CPR,Cash Only,Unclassified,False,True,0.8571428571428571,14,80046.23000000001,Overlapping,False,No setup
GENUSPAPER,EQ,GENUS P&B LIMITED,12.06,12.51,12.05,12.08,74277,906306.38,20260731,12.213333333333333,12.280000000000001,12.146666666666665,12.280000000000001,12.146666666666665,0.1333333333333364,1.1037527593819239,Wide,Bearish,Below CPR,Cash Only,Unclassified,False,True,0.86,50,626090.81,Overlapping,False,No setup
ALLTIME,EQ,ALL TIME PLASTICS LIMITED,223.79,229.36,220.0,221.01,111300,24831449.63,20260731,223.45666666666668,224.68,222.23333333333335,224.68,222.23333333333335,2.4466666666666583,1.1070388971841358,Wide,Bearish,Below CPR,Cash Only,Unclassified,False,True,0.88,50,11335653.04,Lower,False,No setup
3MINDIA,EQ,3M INDIA LIMITED,35050.0,35895.0,34485.0,34615.0,6328,221129585.0,20260731,34998.333333333336,35190.0,34806.66666666667,35190.0,34806.66666666667,383.3333333333285,1.1074197120708609,Wide,Bearish,Below CPR,Cash Only,Diversified,False,True,0.96,50,103754052.5,Overlapping,False,No setup
NATHBIOGEN,EQ,NATH BIO-GENES (I) LTD,162.5,164.75,158.9,159.18,11819,1896072.2,20260731,160.94333333333333,161.825,160.06166666666667,161.825,160.06166666666667,1.7633333333333212,1.1077606064413377,Wide,Bearish,Below CPR,Cash Only,Unclassified,False,True,0.92,50,2179910.325,Lower,False,No setup
UNIENTER,EQ,UNIPHOS ENTERPRISES LTD,95.38,99.0,94.0,94.92,9679,925264.62,20260731,95.97333333333334,96.5,95.44666666666669,96.5,95.44666666666669,1.0533333333333132,1.1097064194409116,Wide,Bearish,Below CPR,Cash Only,Unclassified,False,True,0.86,50,847128.1,Outside,False,No setup
NAHARPOLY,EQ,NAHAR POLY FILMS LIMITED,279.0,279.0,267.25,268.65,20029,5434469.55,20260731,271.6333333333333,273.125,270.14166666666665,273.125,270.14166666666665,2.9833333333333485,1.1104907252310994,Wide,Bearish,Below CPR,Cash Only,Unclassified,False,True,0.86,50,2059269.55,Outside,False,No setup
WOCKPHARMA,EQ,WOCKHARDT LIMITED,1904.0,1966.0,1888.1,1959.7,650123,1258830186.2,20260731,1937.9333333333334,1927.05,1948.8166666666668,1948.8166666666668,1927.05,21.76666666666688,1.1107142249664173,Wide,Bullish,Above CPR,Cash Only,Healthcare,False,False,0.76,50,1623155572.9499998,Higher,False,No setup
IZMO,EQ,IZMO LIMITED,1005.0,1033.9,985.0,992.9,94297,94462620.2,20260731,1003.9333333333334,1009.45,998.4166666666667,1009.45,998.4166666666667,11.033333333333303,1.1112230167522714,Wide,Bearish,Below CPR,Cash Only,Unclassified,False,True,0.5,50,102541119.75,Lower,False,No setup
INOXWIND,EQ,INOX WIND LIMITED,75.62,78.42,75.25,78.14,16412344,1270897563.59,20260731,77.27,76.83500000000001,77.70499999999998,77.70499999999998,76.83500000000001,0.8699999999999761,1.1133862298438393,Wide,Bullish,Above CPR,Cash Only,Capital Goods,False,False,0.92,50,884107796.5,Higher,False,No setup
KAYNES,EQ,KAYNES TECHNOLOGY IND LTD,3644.6,3859.8,3622.2,3804.6,3267041,12382659931.4,20260731,3762.2000000000003,3741.0,3783.4000000000005,3783.4000000000005,3741.0,42.400000000000546,1.1144404142354136,Wide,Bullish,Above CPR,Cash Only,Capital Goods,False,False,0.78,50,2960008565.45,Higher,False,No setup
APOLLOPIPE,EQ,APOLLO PIPES LIMITED,494.05,524.95,489.0,515.6,416415,212943090.65,20260731,509.8500000000001,506.975,512.7250000000001,512.7250000000001,506.975,5.750000000000114,1.1152055857253904,Wide,Bullish,Above CPR,Cash Only,Unclassified,False,False,0.88,50,59835330.6,Higher,False,No setup
OAL,EQ,ORIENTAL AROMATICS LTD,381.0,381.05,360.15,364.5,52910,19472584.8,20260731,368.56666666666666,370.6,366.5333333333333,370.6,366.5333333333333,4.06666666666672,1.115683584819402,Wide,Bearish,Below CPR,Cash Only,Unclassified,False,True,0.72,50,6610714.074999999,Lower,False,No setup
PRAVEG,EQ,PRAVEG LTD.,289.8,299.9,282.0,295.91,64736,18888204.57,20260731,292.6033333333333,290.95,294.2566666666666,294.2566666666666,290.95,3.306666666666615,1.1174568844130361,Wide,Bullish,Above CPR,Cash Only,Unclassified,False,False,0.66,50,16941262.605,Higher,False,No setup
BSE,EQ,BSE LIMITED,3538.5,3652.5,3517.0,3646.2,2753390,9912469168.9,20260731,3605.2333333333336,3584.75,3625.716666666667,3625.716666666667,3584.75,40.96666666666715,1.123544146417288,Wide,Bullish,Above CPR,Cash Only,Financial Services,False,False,0.94,50,11290999588.85,Higher,False,No setup
CSM,EQ,CSM TECHNOLOGIES LIMITED,98.02,108.0,98.02,104.78,1167576,122097395.3,20260731,103.59999999999998,103.00999999999999,104.18999999999997,104.18999999999997,103.00999999999999,1.1799999999999784,1.1261691162435372,Wide,Bullish,Above CPR,Cash Only,Unclassified,False,False,0.5833333333333334,12,49439316.475,Higher,False,No setup
MVGJL,EQ,MANOJ VAIBHAV GEM N JEW L,169.7,174.99,166.98,168.14,95024,16174173.56,20260731,170.03666666666666,170.985,169.0883333333333,170.985,169.0883333333333,1.8966666666667038,1.1280282304429072,Wide,Bearish,Below CPR,Cash Only,Unclassified,False,True,0.84,50,8736940.365,Overlapping,False,No setup
SOLEX,EQ,SOLEX ENERGY LIMITED,909.0,950.0,902.5,910.8,40549,37440714.0,20260731,921.1,926.25,915.95,926.25,915.95,10.299999999999955,1.1308739569609085,Wide,Bearish,Below CPR,Cash Only,Unclassified,False,True,0.74,50,36054227.900000006,Higher,False,No setup
ONESOURCE,EQ,ONESOURCE SPECL PHARMA L,1678.0,1692.9,1601.5,1619.7,430272,709786519.1,20260731,1638.0333333333335,1647.2,1628.866666666667,1647.2,1628.866666666667,18.33333333333303,1.131896853326729,Wide,Bearish,Below CPR,Cash Only,Healthcare,False,True,0.88,50,351903422.5,Lower,False,No setup
RAINBOW,EQ,RAINBOW CHILDRENS MED LTD,1530.0,1542.0,1457.0,1525.4,179706,271881625.3,20260731,1508.1333333333332,1499.5,1516.7666666666664,1516.7666666666664,1499.5,17.266666666666424,1.1319435339364379,Wide,Bullish,Above CPR,Cash Only,Healthcare,False,False,1.0,50,113917971.85,Outside,False,No setup
NOVARTIND,EQ,NOVARTIS INDIA LIMITED,1575.5,1607.4,1519.0,1537.1,27976,43508417.7,20260731,1554.5,1563.2,1545.8,1563.2,1545.8,17.40000000000009,1.1320018216121326,Wide,Bearish,Below CPR,Cash Only,Unclassified,False,True,0.58,50,40263755.25,Lower,False,No setup
THEINVEST,EQ,THE INVEST TRUST OF IND L,96.1,98.0,93.9,97.61,8393,814556.88,20260731,96.50333333333333,95.95,97.05666666666666,97.05666666666666,95.95,1.106666666666655,1.1337636171157206,Wide,Bullish,Above CPR,Cash Only,Unclassified,False,False,0.86,50,589489.125,Overlapping,False,No setup
MALLCOM,EQ,MALLCOM (INDIA) LIMITED,995.0,1020.0,977.9,982.2,8857,8760195.6,20260731,993.3666666666668,998.95,987.7833333333335,998.95,987.7833333333335,11.166666666666515,1.1369035498540536,Wide,Bearish,Below CPR,Cash Only,Unclassified,False,True,0.8,50,3628244.35,Lower,False,No setup
AMDIND,EQ,AMD INDUSTRIES LIMITED,46.51,48.15,46.3,46.43,4098,191138.89,20260731,46.96,47.224999999999994,46.69500000000001,47.224999999999994,46.69500000000001,0.5299999999999869,1.1415033383587916,Wide,Bearish,Below CPR,Cash Only,Unclassified,False,True,0.82,50,510508.905,Outside,False,No setup
BECTORFOOD,EQ,MRS BECTORS FOOD SPE LTD,214.0,214.6,205.4,206.46,3035400,636759250.5,20260731,208.82000000000002,210.0,207.64000000000004,210.0,207.64000000000004,2.359999999999957,1.1430785624333801,Wide,Bearish,Below CPR,Cash Only,Unclassified,False,True,0.84,50,153820398.695,Lower,False,No setup
GNFC,EQ,GUJ NAR VAL FER & CHEM L,528.0,529.0,509.1,510.3,336144,173248672.3,20260731,516.1333333333333,519.05,513.2166666666667,519.05,513.2166666666667,5.8333333333332575,1.1431184270690296,Wide,Bearish,Below CPR,Cash Only,Unclassified,False,True,0.9,50,159124509.22500002,Lower,False,No setup
SANDHAR,EQ,SANDHAR TECHNOLOGIES LTD,605.0,634.0,598.1,626.8,921910,572437193.05,20260731,619.6333333333333,616.05,623.2166666666667,623.2166666666667,616.05,7.1666666666667425,1.1433737502659131,Wide,Bullish,Above CPR,Cash Only,Unclassified,False,False,0.8,50,229462704.05,Higher,False,No setup
BALAJEE,EQ,SHREE TIRUPATI BALAJEE L,27.5,27.5,26.22,27.33,16728,451599.31,20260731,27.016666666666666,26.86,27.173333333333332,27.173333333333332,26.86,0.3133333333333326,1.1464812782046565,Wide,Bullish,Above CPR,Cash Only,Unclassified,False,False,0.92,50,686498.495,Outside,False,No setup
3IINFOLTD,EQ,3I INFOTECH LIMITED,22.52,23.32,22.3,23.21,1599202,36694645.71,20260731,22.94333333333334,22.810000000000002,23.076666666666675,23.076666666666675,22.810000000000002,0.2666666666666728,1.148930058882692,Wide,Bullish,Above CPR,Cash Only,Unclassified,False,False,0.92,50,5305244.154999999,Higher,False,No setup
JIOFIN,EQ,JIO FIN SERVICES LTD,247.5,257.06,247.0,256.46,42840807,10849420456.35,20260731,253.50666666666666,252.03,254.98333333333332,254.98333333333332,252.03,2.953333333333319,1.1515765941407312,Wide,Bullish,Above CPR,Cash Only,Financial Services,False,False,0.98,50,2615661323.3,Higher,False,No setup
SBGLP,EQ,SURATWWALA BUS GROUP LTD,24.25,25.75,24.25,25.44,14992,380255.56,20260731,25.146666666666665,25.0,25.29333333333333,25.29333333333333,25.0,0.29333333333332945,1.1530398322851,Wide,Bullish,Above CPR,Cash Only,Unclassified,False,False,0.84,50,791732.755,Overlapping,False,No setup
SIRCA,EQ,SIRCA PAINT INDIA LIMITED,409.0,422.7,403.65,420.45,672391,278588523.0,20260731,415.59999999999997,413.17499999999995,418.025,418.025,413.17499999999995,4.850000000000023,1.153525984064698,Wide,Bullish,Above CPR,Cash Only,Unclassified,False,False,0.98,50,104406859.025,Higher,False,No setup
GOCOLORS,EQ,GO FASHION INDIA LTD,336.65,341.45,324.0,327.05,636894,209368496.95,20260731,330.8333333333333,332.725,328.9416666666666,332.725,328.9416666666666,3.7833333333334167,1.1568057891250318,Wide,Bearish,Below CPR,Cash Only,Unclassified,False,True,0.7,50,385312249.625,Overlapping,False,No setup
JYOTICNC,EQ,JYOTI CNC AUTOMATION LTD,818.6,839.0,806.5,808.65,766793,628196448.8,20260731,818.0500000000001,822.75,813.3500000000001,822.75,813.3500000000001,9.399999999999864,1.162431212514668,Wide,Bearish,Below CPR,Cash Only,Capital Goods,False,True,0.86,50,743436225.9,Outside,False,No setup
ADROITINFO,EQ,ADROIT INFOTECH LIMITED,9.96,10.16,9.51,10.01,56642,561761.2,20260731,9.893333333333333,9.835,9.951666666666664,9.951666666666664,9.835,0.11666666666666359,1.1655011655011347,Wide,Bullish,Above CPR,Cash Only,Unclassified,False,False,0.88,50,238051.945,Higher,False,No setup
VISAKAIND,EQ,VISAKA INDUSTRIES LIMITED,81.61,86.69,81.0,85.34,471462,40050862.42,20260731,84.34333333333333,83.845,84.84166666666667,84.84166666666667,83.845,0.9966666666666697,1.1678775095695684,Wide,Bullish,Above CPR,Cash Only,Unclassified,False,False,0.88,50,9378696.6,Higher,False,No setup
CCHHL,EQ,COUNTRY CLUB HOSP HOL LTD,13.0,13.15,12.55,13.08,32480,419681.39,20260731,12.926666666666668,12.850000000000001,13.003333333333334,13.003333333333334,12.850000000000001,0.15333333333333243,1.1722731906218076,Wide,Bullish,Above CPR,Cash Only,Unclassified,False,False,0.86,50,210653.46,Higher,False,No setup
GHCLTEXTIL,EQ,GHCL TEXTILES LIMITED,115.94,119.0,112.24,113.62,1510496,174133809.32,20260731,114.95333333333333,115.62,114.28666666666666,115.62,114.28666666666666,1.3333333333333428,1.1735023176670858,Wide,Bearish,Below CPR,Cash Only,Unclassified,False,True,0.78,50,58133151.69,Overlapping,False,No setup
BOSCH-HCIL,EQ,BOSCH HOME COMFRT IND LTD,1355.0,1397.0,1336.5,1391.3,140539,193607781.9,20260731,1374.9333333333334,1366.75,1383.1166666666668,1383.1166666666668,1366.75,16.366666666666788,1.1763578427849342,Wide,Bullish,Above CPR,Cash Only,Unclassified,False,False,0.94,50,22918537.65,Higher,False,No setup
COUNCODOS,EQ,COUNTRY CONDO S LIMITED,6.17,6.3,5.81,5.95,63108,378569.93,20260731,6.02,6.055,5.984999999999999,6.055,5.984999999999999,0.07000000000000028,1.1764705882352988,Wide,Bearish,Below CPR,Cash Only,Unclassified,False,True,0.66,50,185807.155,Lower,False,No setup
PREMIERENE,EQ,PREMIER ENERGIES LIMITED,992.0,1027.0,981.3,1022.2,1706896,1728094233.0,20260731,1010.1666666666666,1004.15,1016.1833333333333,1016.1833333333333,1004.15,12.033333333333303,1.1771995043370478,Wide,Bullish,Above CPR,Cash Only,Capital Goods,False,False,0.96,50,1238438894.0,Higher,False,No setup
AVANTIFEED,EQ,AVANTI FEEDS LIMITED,937.5,937.5,893.55,899.6,872732,792398335.4,20260731,910.2166666666667,915.525,904.9083333333334,915.525,904.9083333333334,10.61666666666656,1.1801541425818765,Wide,Bearish,Below CPR,Cash Only,Unclassified,False,True,0.8,50,478792856.85,Lower,False,No setup
SALONA,EQ,SALONA COTSPIN LTD.,249.95,254.45,242.0,243.9,178,43483.65,20260731,246.78333333333333,248.225,245.34166666666667,248.225,245.34166666666667,2.8833333333333258,1.182178488451548,Wide,Bearish,Below CPR,Cash Only,Unclassified,False,True,0.8,50,99272.35,Overlapping,False,No setup
TIPSFILMS,EQ,TIPS FILMS LIMITED,387.0,404.0,382.1,386.2,12909,5077524.5,20260731,390.76666666666665,393.05,388.4833333333333,393.05,388.4833333333333,4.56666666666672,1.182461591576054,Wide,Bearish,Below CPR,Cash Only,Unclassified,False,True,0.76,50,1089788.975,Overlapping,False,No setup
GEEKAYWIRE,EQ,GEEKAY WIRES LIMITED,23.0,23.71,22.13,22.52,76404,1739084.14,20260731,22.786666666666665,22.92,22.65333333333333,22.92,22.65333333333333,0.2666666666666728,1.184132622853787,Wide,Bearish,Below CPR,Cash Only,Unclassified,False,True,0.72,50,1687158.22,Overlapping,False,No setup
M&MFIN,EQ,M&M FIN. SERVICES LTD,393.9,401.0,384.25,385.75,3831202,1500170801.25,20260731,390.3333333333333,392.625,388.04166666666663,392.625,388.04166666666663,4.583333333333371,1.1881615899762465,Wide,Bearish,Below CPR,Cash Only,Financial Services,False,True,0.86,50,826051152.6,Lower,False,No setup
TTKPRESTIG,EQ,TTK PRESTIGE LTD,666.0,666.1,640.0,641.6,145094,93975967.35,20260731,649.2333333333332,653.05,645.4166666666665,653.05,645.4166666666665,7.633333333333439,1.1897339983375061,Wide,Bearish,Below CPR,Cash Only,Unclassified,False,True,0.92,50,44079396.325,Lower,False,No setup
LCCINFOTEC,EQ,LCC INFOTECH LTD,4.24,4.38,4.13,4.18,34046,144992.19,20260731,4.2299999999999995,4.255,4.204999999999999,4.255,4.204999999999999,0.05000000000000071,1.1961722488038447,Wide,Bearish,Below CPR,Cash Only,Unclassified,False,True,0.5128205128205128,39,157811.35,Outside,False,No setup
EMIL,EQ,ELECTRONICS MART IND LTD,130.43,136.0,129.0,130.16,5461964,718926356.81,20260731,131.72,132.5,130.94,132.5,130.94,1.5600000000000023,1.1985248924400755,Wide,Bearish,Below CPR,Cash Only,Unclassified,False,True,0.88,50,119026319.17,Overlapping,False,No setup
RELTD,EQ,RAVINDRA ENERGY LIMITED,172.5,175.0,167.0,167.98,169940,28917253.8,20260731,169.99333333333334,171.0,168.98666666666668,171.0,168.98666666666668,2.013333333333321,1.198555383577403,Wide,Bearish,Below CPR,Cash Only,Unclassified,False,True,0.74,50,72284720.565,Lower,False,No setup
RKFORGE,EQ,RAMKRISHNA FORGINGS LTD,630.0,654.65,624.2,651.15,2438978,1569834769.35,20260731,643.3333333333334,639.425,647.2416666666668,647.2416666666668,639.425,7.816666666666833,1.2004402467429676,Wide,Bullish,Above CPR,Cash Only,Automobile and Auto Components,False,False,0.94,50,220487743.525,Higher,False,No setup
SILGO,EQ,SILGO RETAIL LIMITED,70.11,73.4,69.0,69.94,150069,10539259.84,20260731,70.78,71.2,70.36,71.2,70.36,0.8400000000000034,1.2010294538175628,Wide,Bearish,Below CPR,Cash Only,Unclassified,False,True,0.92,50,18827199.325,Outside,False,No setup
AYMSYNTEX,EQ,AYM SYNTEX LIMITED,246.0,270.39,242.35,251.81,72542,18572455.95,20260731,254.85,256.37,253.32999999999998,256.37,253.32999999999998,3.0400000000000205,1.2072594416425164,Wide,Bearish,Below CPR,Cash Only,Unclassified,False,True,0.78,50,6097667.385,Higher,False,No setup
ADVANCE,EQ,ADVANCE AGROLIFE LIMITED,120.2,126.99,118.5,125.01,624106,76823905.49,20260731,123.5,122.745,124.255,124.255,122.745,1.509999999999991,1.2079033677305742,Wide,Bullish,Above CPR,Cash Only,Unclassified,False,False,0.82,50,20752263.885,Higher,False,No setup
ZOTA,EQ,ZOTA HEALTH CARE LIMITED,1239.9,1290.0,1222.2,1279.3,34084,42932112.2,20260731,1263.8333333333333,1256.1,1271.5666666666666,1271.5666666666666,1256.1,15.466666666666697,1.2089945022017272,Wide,Bullish,Above CPR,Cash Only,Unclassified,False,False,0.84,50,69855514.75,Higher,False,No setup
SSWL,EQ,STEEL STRIPS WHEELS LTD.,297.19,312.4,297.0,310.36,1498972,462621544.04,20260731,306.58666666666664,304.7,308.4733333333333,308.4733333333333,304.7,3.773333333333312,1.2157924131116484,Wide,Bullish,Above CPR,Cash Only,Unclassified,False,False,0.88,50,163869905.1,Higher,False,No setup
TNPETRO,EQ,TAMILNADU PETROPRODUCTS L,98.85,101.26,95.26,96.5,247622,24526779.23,20260731,97.67333333333333,98.26,97.08666666666666,98.26,97.08666666666666,1.1733333333333462,1.2158894645941412,Wide,Bearish,Below CPR,Cash Only,Unclassified,False,True,0.96,50,8740490.115,Overlapping,False,No setup
NEWGEN,EQ,NEWGEN SOFTWARE TECH LTD,552.95,557.7,533.35,555.7,1177828,642391431.5,20260731,548.9166666666667,545.5250000000001,552.3083333333334,552.3083333333334,545.5250000000001,6.783333333333303,1.2206826225181397,Wide,Bullish,Above CPR,Cash Only,Information Technology,False,False,0.9,50,510502545.57500005,Lower,False,No setup
SHK,EQ,S H KELKAR AND CO. LTD.,170.0,172.0,163.21,164.59,1161158,193892250.45,20260731,166.60000000000002,167.60500000000002,165.59500000000003,167.60500000000002,165.59500000000003,2.009999999999991,1.2212163557931774,Wide,Bearish,Below CPR,Cash Only,Unclassified,False,True,0.94,50,46210607.14,Overlapping,False,No setup
DBOL,EQ,DHAMPUR BIO ORGANICS LTD,98.65,101.99,97.36,97.88,90779,8990723.51,20260731,99.07666666666667,99.675,98.47833333333334,99.675,98.47833333333334,1.1966666666666583,1.2225854788175914,Wide,Bearish,Below CPR,Cash Only,Unclassified,False,True,0.9,10,7102722.49,Outside,False,No setup
RAJMET,EQ,RAJNANDINI METAL LIMITED,3.27,3.3,3.12,3.27,127322,412586.86,20260731,3.23,3.21,3.25,3.25,3.21,0.040000000000000036,1.2232415902140683,Wide,Bullish,Above CPR,Cash Only,Unclassified,False,False,0.94,50,849378.925,Outside,False,No setup
ORCHASP,EQ,ORCHASP LIMITED,1.76,1.76,1.56,1.63,2239084,3611513.52,20260731,1.6500000000000001,1.6600000000000001,1.6400000000000001,1.6600000000000001,1.6400000000000001,0.020000000000000018,1.2269938650306762,Wide,Bearish,Below CPR,Cash Only,Unclassified,False,True,0.8,50,400189.47,Higher,False,No setup
BALAXI,EQ,BALAXI PHARMA LTD,24.63,24.8,23.88,23.9,36557,879979.11,20260731,24.19333333333333,24.34,24.046666666666663,24.34,24.046666666666663,0.29333333333333655,1.2273361227336257,Wide,Bearish,Below CPR,Cash Only,Unclassified,False,True,1.0,5,541351.98,Lower,False,No setup
NKIND,EQ,NK INDUSTRIES LTD,58.62,61.4,56.0,57.63,61,3559.14,20260731,58.343333333333334,58.7,57.986666666666665,58.7,57.986666666666665,0.7133333333333383,1.2377812481925008,Wide,Bearish,Below CPR,Cash Only,Unclassified,False,True,0.7142857142857143,49,18726.0,Lower,False,No setup
PDSL,EQ,PDS LIMITED,343.6,370.0,343.6,363.55,324651,117969448.1,20260731,359.05,356.8,361.3,361.3,356.8,4.5,1.2377939760693164,Wide,Bullish,Above CPR,Cash Only,Unclassified,False,False,0.92,50,49514517.7,Higher,False,No setup
KARMAENG,EQ,KARMA ENERGY LIMITED,38.08,40.9,37.0,38.24,11798,457700.83,20260731,38.71333333333334,38.95,38.476666666666674,38.95,38.476666666666674,0.47333333333332916,1.2377963737796265,Wide,Bearish,Below CPR,Cash Only,Unclassified,False,True,0.78,50,180464.94,Higher,False,No setup
GRWRHITECH,EQ,GARWARE HI-TECH FILMS LTD,6862.5,7175.0,6861.5,7151.5,42556,301917697.0,20260731,7062.666666666667,7018.25,7107.083333333334,7107.083333333334,7018.25,88.83333333333394,1.2421636486518066,Wide,Bullish,Above CPR,Cash Only,Unclassified,False,False,0.92,50,405358573.25,Higher,False,No setup
AEGISLOG,EQ,AEGIS LOGISTICS LIMITED,1249.0,1291.4,1222.3,1280.8,832634,1044922742.8,20260731,1264.8333333333333,1256.85,1272.8166666666666,1272.8166666666666,1256.85,15.966666666666697,1.24661669789715,Wide,Bullish,Above CPR,Cash Only,Oil Gas & Consumable Fuels,False,False,0.76,50,2114854433.95,Overlapping,False,No setup
RBA,EQ,RESTAURANT BRAND ASIA LTD,67.87,69.26,66.52,66.64,2226819,149425098.92,20260731,67.47333333333334,67.89,67.05666666666669,67.89,67.05666666666669,0.8333333333333144,1.2505002000800036,Wide,Bearish,Below CPR,Cash Only,Unclassified,False,True,0.98,50,196471281.7,Overlapping,False,No setup
JUSTDIAL,EQ,JUSTDIAL LTD.,745.3,746.15,714.15,716.7,452969,327029661.95,20260731,725.6666666666666,730.15,721.1833333333333,730.15,721.1833333333333,8.966666666666697,1.2511045997860606,Wide,Bearish,Below CPR,Cash Only,Unclassified,False,True,0.94,50,84471372.85,Lower,False,No setup
VTL,EQ,VARDHMAN TEXTILES LIMITED,604.4,611.1,582.5,585.8,577911,344022377.75,20260731,593.1333333333333,596.8,589.4666666666667,596.8,589.4666666666667,7.3333333333332575,1.251849322863308,Wide,Bearish,Below CPR,Cash Only,Textiles,False,True,0.94,50,153973031.125,Lower,False,No setup
JINDRILL,EQ,JINDAL DRILLING IND. LTD,600.0,624.15,585.1,616.2,833907,510212482.85,20260731,608.4833333333333,604.625,612.3416666666667,612.3416666666667,604.625,7.716666666666697,1.2522990371091685,Wide,Bullish,Above CPR,Cash Only,Unclassified,False,False,0.92,50,178425480.05,Higher,False,No setup
GRANDOAK,EQ,GRAND OAK CANYONS DIST L,33.68,35.35,33.04,34.85,11013,380363.56,20260731,34.413333333333334,34.195,34.63166666666667,34.63166666666667,34.195,0.4366666666666674,1.2529890004782422,Wide,Bullish,Above CPR,Cash Only,Unclassified,False,False,0.46,50,485263.44,Overlapping,False,No setup
BEARDSELL,EQ,BEARDSELL LIMITED,28.0,28.0,26.71,26.85,10350,278763.69,20260731,27.186666666666667,27.355,27.018333333333334,27.355,27.018333333333334,0.336666666666666,1.2538795779019218,Wide,Bearish,Below CPR,Cash Only,Unclassified,False,True,0.78,50,454697.65,Overlapping,False,No setup
VGUARD,EQ,V-GUARD IND LTD.,319.4,328.25,312.6,314.5,5010102,1593686044.6,20260731,318.45,320.425,316.47499999999997,320.425,316.47499999999997,3.9500000000000455,1.2559618441971527,Wide,Bearish,Below CPR,Cash Only,Unclassified,False,True,1.0,50,55062523.375,Outside,False,No setup
NAGREEKCAP,EQ,NAGREEKA CAP & INFR.LTD,22.03,23.79,22.03,23.35,1510,34906.87,20260731,23.05666666666667,22.91,23.203333333333337,23.203333333333337,22.91,0.29333333333333655,1.256245538900799,Wide,Bullish,Above CPR,Cash Only,Unclassified,False,False,1.0,5,40946.15,Overlapping,False,No setup
VMART,EQ,VMART RETAIL LTD,755.7,783.0,745.7,779.1,100475,77414176.25,20260731,769.2666666666668,764.35,774.1833333333335,774.1833333333335,764.35,9.833333333333485,1.262140076156268,Wide,Bullish,Above CPR,Cash Only,Unclassified,False,False,0.9,50,102773103.5,Higher,False,No setup
KALYANKJIL,EQ,KALYAN JEWELLERS IND LTD,634.6,638.4,610.05,612.6,23711127,14775596607.35,20260731,620.3499999999999,624.2249999999999,616.4749999999999,624.2249999999999,616.4749999999999,7.75,1.2650995755794971,Wide,Bearish,Below CPR,Cash Only,Consumer Durables,False,True,0.8,50,3063682801.075,Lower,False,No setup
PANSARI,EQ,PANSARI DEVELOPERS LTD,340.65,344.85,315.25,323.9,2353,775643.95,20260731,328.0,330.05,325.95,330.05,325.95,4.100000000000023,1.2658227848101338,Wide,Bearish,Below CPR,Cash Only,Unclassified,False,True,0.7,50,1632630.875,Lower,False,No setup
SAMHI,EQ,SAMHI HOTELS LIMITED,186.25,187.55,178.98,179.84,906873,164965608.48,20260731,182.12333333333333,183.265,180.98166666666668,183.265,180.98166666666668,2.283333333333303,1.2696470937129132,Wide,Bearish,Below CPR,Cash Only,Unclassified,False,True,0.96,50,128400534.74,Overlapping,False,No setup
WABAG,EQ,VA TECH WABAG LTD,1899.0,1984.0,1895.0,1977.2,622119,1215840584.8,20260731,1952.0666666666666,1939.5,1964.6333333333332,1964.6333333333332,1939.5,25.133333333333212,1.2711578663429706,Wide,Bullish,Above CPR,Cash Only,Unclassified,False,False,0.84,50,1256677510.4499998,Higher,False,No setup
GFLLIMITED,EQ,GFL LIMITED,48.4,48.81,46.25,46.64,78108,3706197.74,20260731,47.23333333333333,47.53,46.93666666666665,47.53,46.93666666666665,0.5933333333333479,1.2721555174385675,Wide,Bearish,Below CPR,Cash Only,Unclassified,False,True,0.96,50,1714360.645,Outside,False,No setup
IWP,EQ,INDIAN WOOD PRODUCTS CO L,32.66,33.5,32.2,33.49,5518,180927.68,20260731,33.06333333333333,32.85,33.276666666666664,33.276666666666664,32.85,0.4266666666666623,1.2740121429282243,Wide,Bullish,Above CPR,Cash Only,Unclassified,False,False,0.88,50,137240.35499999998,Outside,False,No setup
PRECWIRE,EQ,PRECISION WIRES INDIA LTD,353.0,377.95,353.0,372.6,284665,105477445.45,20260731,367.8500000000001,365.475,370.22500000000014,370.22500000000014,365.475,4.750000000000114,1.2748255501878996,Wide,Bullish,Above CPR,Cash Only,Unclassified,False,False,0.8,50,124943345.625,Higher,False,No setup
HPIL,EQ,HINDPRAKASH INDUSTRY LTD,132.0,132.0,125.0,126.08,568,72399.65,20260731,127.69333333333333,128.5,126.88666666666666,128.5,126.88666666666666,1.613333333333344,1.2796108291032233,Wide,Bearish,Below CPR,Cash Only,Unclassified,False,True,0.92,50,69113.9,Overlapping,False,No setup
VIVIDHA,EQ,VISAGAR POLYTEX LTD,0.52,0.55,0.51,0.52,556368,291600.92,20260731,0.5266666666666667,0.53,0.5233333333333334,0.53,0.5233333333333334,0.006666666666666599,1.282051282051269,Wide,Bearish,Below CPR,Cash Only,Unclassified,False,True,0.67,50,127625.18,Higher,False,No setup
GYFTR,EQ,GYFTR LIMITED,154.46,162.1,151.1,159.68,60407,9371675.88,20260731,157.62666666666667,156.6,158.65333333333334,158.65333333333334,156.6,2.0533333333333417,1.2859051436205797,Wide,Bullish,Above CPR,Cash Only,Unclassified,False,False,0.5625,16,5452911.89,Overlapping,False,No setup
LAXMICOT,EQ,LAXMI COTSPIN LIMITED,13.79,14.77,13.65,14.49,6504,93049.65,20260731,14.303333333333335,14.21,14.396666666666668,14.396666666666668,14.21,0.18666666666666742,1.2882447665056413,Wide,Bullish,Above CPR,Cash Only,Unclassified,False,False,0.7083333333333334,48,146366.22,Higher,False,No setup
VIRINCHI,EQ,VIRINCHI LIMITED,15.8,15.99,15.0,15.2,43889,675009.73,20260731,15.396666666666667,15.495000000000001,15.298333333333332,15.495000000000001,15.298333333333332,0.196666666666669,1.2938596491228223,Wide,Bearish,Below CPR,Cash Only,Unclassified,False,True,0.9,50,994856.845,Lower,False,No setup
BALKRISHNA,EQ,BALKRISHNA PAPER MILLS L,17.55,18.0,17.15,17.24,26709,469383.63,20260731,17.463333333333335,17.575,17.35166666666667,17.575,17.35166666666667,0.22333333333332916,1.2954369682907725,Wide,Bearish,Below CPR,Cash Only,Unclassified,False,True,0.84,50,157005.36,Overlapping,False,No setup
RBZJEWEL,EQ,RBZ JEWELLERS LIMITED,141.17,151.0,141.17,148.98,89412,13063506.82,20260731,147.04999999999998,146.08499999999998,148.015,148.015,146.08499999999998,1.9300000000000068,1.2954759028057503,Wide,Bullish,Above CPR,Cash Only,Unclassified,False,False,0.82,50,9443143.46,Higher,False,No setup
MANKIND,EQ,MANKIND PHARMA LIMITED,2604.0,2613.5,2422.0,2469.6,2362283,5807402951.3,20260731,2501.7000000000003,2517.75,2485.6500000000005,2517.75,2485.6500000000005,32.099999999999454,1.2998056365403083,Wide,Bearish,Below CPR,Cash Only,Healthcare,False,True,0.94,50,889979451.0999999,Lower,False,No setup
ASHOKLEY,EQ,ASHOK LEYLAND LTD,159.9,166.7,159.17,166.18,47542706,7847752831.54,20260731,164.01666666666668,162.935,165.09833333333336,165.09833333333336,162.935,2.1633333333333553,1.3018012596782738,Wide,Bullish,Above CPR,Cash Only,Capital Goods,False,False,0.92,50,3226075298.2749996,Higher,False,No setup
LODHA,EQ,LODHA DEVELOPERS LIMITED,1285.4,1297.0,1239.55,1243.95,3593817,4536536186.25,20260731,1260.1666666666667,1268.275,1252.0583333333334,1268.275,1252.0583333333334,16.216666666666697,1.3036429652853165,Wide,Bearish,Below CPR,Cash Only,Realty,False,True,0.88,50,2288339656.0249996,Lower,False,No setup
TECILCHEM,EQ,TECIL CHEMICALS,10.0,10.18,9.56,9.68,3338,32850.29,20260731,9.806666666666667,9.870000000000001,9.743333333333332,9.870000000000001,9.743333333333332,0.1266666666666687,1.3085399449036024,Wide,Bearish,Below CPR,Cash Only,Unclassified,False,True,0.66,50,62760.369999999995,Overlapping,False,No setup
ATULAUTO,EQ,ATUL AUTO LIMITED,522.4,538.95,512.2,515.45,748008,393035868.25,20260731,522.2,525.575,518.825,525.575,518.825,6.75,1.309535357454651,Wide,Bearish,Below CPR,Cash Only,Unclassified,False,True,1.0,50,49735035.225,Higher,False,No setup
SUNDARMFIN,EQ,SUNDARAM FINANCE LTD,4499.9,4685.8,4461.1,4665.6,150275,689387323.7,20260731,4604.166666666667,4573.450000000001,4634.883333333333,4634.883333333333,4573.450000000001,61.433333333332484,1.3167295381801372,Wide,Bullish,Above CPR,Cash Only,Financial Services,False,False,0.98,50,277917252.75,Higher,False,No setup
GAIL,EQ,GAIL (INDIA) LTD,174.45,182.21,173.5,181.44,38893443,6970420698.14,20260731,179.05000000000004,177.85500000000002,180.24500000000006,180.24500000000006,177.85500000000002,2.390000000000043,1.3172398589065495,Wide,Bullish,Above CPR,Cash Only,Oil Gas & Consumable Fuels,False,False,0.98,50,1351491922.9850001,Higher,False,No setup
ASKAUTOLTD,EQ,ASK AUTOMOTIVE LIMITED,511.9,530.0,505.2,528.05,306260,159950073.75,20260731,521.0833333333334,517.6,524.5666666666667,524.5666666666667,517.6,6.966666666666697,1.3193195088848968,Wide,Bullish,Above CPR,Cash Only,Unclassified,False,False,1.0,50,61261914.525000006,Higher,False,No setup
OMPOWER,EQ,OM POWER TRANSMISSION LTD,161.0,169.7,159.5,167.93,141531,23591958.55,20260731,165.71,164.6,166.82000000000002,166.82000000000002,164.6,2.2200000000000273,1.3219793961769948,Wide,Bullish,Above CPR,Cash Only,Unclassified,False,False,0.9,50,27160959.65,Higher,False,No setup
GEMAROMA,EQ,GEM AROMATICS LIMITED,183.41,193.5,182.1,191.6,145917,27734960.61,20260731,189.0666666666667,187.8,190.33333333333337,190.33333333333337,187.8,2.53333333333336,1.3221990257481002,Wide,Bullish,Above CPR,Cash Only,Unclassified,False,False,0.8235294117647058,34,24709613.95,Higher,False,No setup
HEADSUP,EQ,HEADS UP VENTURES LIMITED,6.65,6.91,6.41,6.53,172654,1133478.63,20260731,6.616666666666667,6.66,6.573333333333334,6.66,6.573333333333334,0.086666666666666,1.3272077590607352,Wide,Bearish,Below CPR,Cash Only,Unclassified,False,True,0.86,50,103305.0,Outside,False,No setup
DELTAMAGNT,EQ,DELTA MANUFACTURING LTD,58.35,59.2,56.79,56.86,5089,291706.84,20260731,57.616666666666674,57.995000000000005,57.238333333333344,57.995000000000005,57.238333333333344,0.7566666666666606,1.3307538984640532,Wide,Bearish,Below CPR,Cash Only,Unclassified,False,True,0.78,50,155754.91,Overlapping,False,No setup
BCPL,EQ,BCPL RAILWAY INFRA LTD,70.9,72.9,68.0,69.07,10544,743624.85,20260731,69.99,70.45,69.52999999999999,70.45,69.52999999999999,0.9200000000000159,1.3319820471985175,Wide,Bearish,Below CPR,Cash Only,Unclassified,False,True,0.94,50,875390.9099999999,Outside,False,No setup
MMTC,EQ,MMTC LIMITED,60.3,62.78,60.02,62.66,3112811,192749610.32,20260731,61.82,61.400000000000006,62.239999999999995,62.239999999999995,61.400000000000006,0.8399999999999892,1.3405681455473817,Wide,Bullish,Above CPR,Cash Only,Services,False,False,0.94,50,132534326.475,Higher,False,No setup
KISSHT,EQ,ONEMI TECHNOLOGY SOL LTD,321.0,332.45,316.0,317.8,2079765,670454390.4,20260731,322.0833333333333,324.225,319.9416666666666,324.225,319.9416666666666,4.283333333333417,1.3478078456052285,Wide,Bearish,Below CPR,Cash Only,Unclassified,False,True,0.78,50,656264553.7,Overlapping,False,No setup
SICAGEN,EQ,SICAGEN INDIA LIMITED,48.08,49.98,47.43,49.71,11100,544111.3,20260731,49.04,48.705,49.375,49.375,48.705,0.6700000000000017,1.3478173405753404,Wide,Bullish,Above CPR,Cash Only,Unclassified,False,False,0.94,50,502825.015,Overlapping,False,No setup
KRISHANA,EQ,KRISHANA PHOSCHEM LIMITED,180.7,193.9,179.4,182.95,6120797,1136096864.9,20260731,185.41666666666666,186.65,184.1833333333333,186.65,184.1833333333333,2.466666666666697,1.3482736631138,Wide,Bearish,Below CPR,Cash Only,Unclassified,False,True,0.8,50,177346081.575,Higher,False,No setup
DEVYANI,EQ,DEVYANI INTERNATIONAL LTD,118.53,119.48,113.51,114.18,3648159,421537681.94,20260731,115.72333333333334,116.495,114.95166666666668,116.495,114.95166666666668,1.5433333333333223,1.3516669586033652,Wide,Bearish,Below CPR,Cash Only,Consumer Services,False,True,0.98,50,146055220.075,Lower,False,No setup
INDUSTOWER,EQ,INDUS TOWERS LIMITED,394.9,394.9,371.4,391.1,8164388,3152068284.3,20260731,385.8,383.15,388.45000000000005,388.45000000000005,383.15,5.300000000000068,1.3551521350038527,Wide,Bullish,Above CPR,Cash Only,Telecommunication,False,False,1.0,50,2160634538.725,Lower,False,No setup
APLAPOLLO,EQ,APL APOLLO TUBES LTD,1908.0,1908.0,1805.0,1819.5,883345,1631163317.2,20260731,1844.1666666666667,1856.5,1831.8333333333335,1856.5,1831.8333333333335,24.666666666666515,1.3556837959146202,Wide,Bearish,Below CPR,Cash Only,Capital Goods,False,True,1.0,50,932702680.3,Lower,False,No setup
HONAUT,EQ,HONEYWELL AUTOMATION IND,39750.0,39865.0,38000.0,38155.0,10140,389552985.0,20260731,38673.333333333336,38932.5,38414.16666666667,38932.5,38414.16666666667,518.3333333333285,1.3584938627527938,Wide,Bearish,Below CPR,Cash Only,Capital Goods,False,True,0.98,50,200727520.0,Lower,False,No setup
POONAWALLA,EQ,POONAWALLA FINCORP LTD,480.0,485.0,461.0,463.55,2691785,1271959414.2,20260731,469.84999999999997,473.0,466.69999999999993,473.0,466.69999999999993,6.300000000000068,1.359076690756136,Wide,Bearish,Below CPR,Cash Only,Financial Services,False,True,1.0,50,550405819.675,Lower,False,No setup
BEEKAY,EQ,BEEKAY STEEL INDS. LTD.,395.0,411.0,393.9,394.4,1117,446156.25,20260731,399.76666666666665,402.45,397.0833333333333,402.45,397.0833333333333,5.366666666666674,1.3607167004732947,Wide,Bearish,Below CPR,Cash Only,Unclassified,False,True,0.82,50,612738.45,Higher,False,No setup
CORDELIA,EQ,WATERWAYS LEISURE TOUR L,785.0,826.0,782.0,820.8,299657,243171584.65,20260731,809.6,804.0,815.2,815.2,804.0,11.200000000000045,1.3645224171540018,Wide,Bullish,Above CPR,Cash Only,Unclassified,False,False,0.8695652173913043,23,426111248.2,Higher,False,No setup
TORNTPHARM,EQ,TORRENT PHARMACEUTICALS L,4948.0,5140.7,4894.4,5122.8,1427855,7211799560.4,20260731,5052.633333333332,5017.549999999999,5087.716666666665,5087.716666666665,5017.549999999999,70.16666666666606,1.3696936571145868,Wide,Bullish,Above CPR,Cash Only,Healthcare,False,False,0.98,50,2258007887.6499996,Higher,False,No setup
JAIPURKURT,EQ,NANDANI CREATION LIMITED,27.44,27.94,26.5,26.67,6587,177039.23,20260731,27.036666666666665,27.22,26.85333333333333,27.22,26.85333333333333,0.36666666666666714,1.3748281464816916,Wide,Bearish,Below CPR,Cash Only,Unclassified,False,True,0.76,50,274602.78500000003,Overlapping,False,No setup
SCI,EQ,SHIPPING CORP OF INDIA LT,279.45,292.8,278.05,291.45,3464200,995630195.4,20260731,287.43333333333334,285.425,289.44166666666666,289.44166666666666,285.425,4.0166666666666515,1.3781666380739928,Wide,Bullish,Above CPR,Cash Only,Services,False,False,0.84,50,1036979635.45,Higher,False,No setup
KAYA,EQ,KAYA LIMITED,282.76,287.88,275.01,275.74,7390,2051164.42,20260731,279.54333333333335,281.445,277.6416666666667,281.445,277.6416666666667,3.803333333333285,1.3793186818500343,Wide,Bearish,Below CPR,Cash Only,Unclassified,False,True,0.92,50,2636352.565,Overlapping,False,No setup
BAJFINANCE,EQ,BAJAJ FINANCE LIMITED,1095.0,1151.5,1083.6,1141.2,40814590,45855366893.8,20260731,1125.4333333333334,1117.55,1133.3166666666668,1133.3166666666668,1117.55,15.766666666666879,1.381586633952583,Wide,Bullish,Above CPR,Cash Only,Financial Services,False,False,1.0,50,8341280810.85,Higher,False,No setup
UTLSOLAR,EQ,FUJIYAMA POWER SYSTEMS L,367.05,384.65,360.5,380.5,249455,94162124.35,20260731,375.2166666666667,372.575,377.8583333333334,377.8583333333334,372.575,5.283333333333417,1.3885238720981385,Wide,Bullish,Above CPR,Cash Only,Unclassified,False,False,0.7906976744186046,43,119135991.85,Higher,False,No setup
DHAMPURSUG,EQ,DHAMPUR SUGAR MILLS LTD.,135.75,138.16,127.15,135.48,329688,44090970.54,20260731,133.59666666666666,132.655,134.53833333333333,134.53833333333333,132.655,1.8833333333333258,1.3901190827674386,Wide,Bullish,Above CPR,Cash Only,Unclassified,False,False,1.0,50,21909382.91,Lower,False,No setup
GALAPREC,EQ,GALA PRECISION ENG LTD,1056.0,1100.0,1042.1,1093.9,37238,40236557.4,20260731,1078.6666666666667,1071.05,1086.2833333333335,1086.2833333333335,1071.05,15.233333333333576,1.3925709236066892,Wide,Bullish,Above CPR,Cash Only,Unclassified,False,False,0.84,50,45250875.9,Higher,False,No setup
ASTRAMICRO,EQ,ASTRA MICROWAVE LTD,1850.0,1960.0,1841.1,1861.6,4927414,9406632330.1,20260731,1887.5666666666666,1900.55,1874.5833333333333,1900.55,1874.5833333333333,25.966666666666697,1.3948574702764664,Wide,Bearish,Below CPR,Cash Only,Unclassified,False,True,0.86,50,1134424889.3,Higher,False,No setup
CMLL,EQ,CALIBER MINING AND LOG L,534.65,564.8,524.0,556.1,2721962,1481325233.2,20260731,548.3000000000001,544.4,552.2000000000002,552.2000000000002,544.4,7.800000000000182,1.4026254270814928,Wide,Bullish,Above CPR,Cash Only,Unclassified,False,False,0.6666666666666666,6,6839972672.75,Higher,False,No setup
NIACL,EQ,THE NEW INDIA ASSU CO LTD,166.11,174.33,165.6,173.62,2405005,411568544.8,20260731,171.1833333333333,169.965,172.4016666666666,172.4016666666666,169.965,2.4366666666666106,1.4034481434550228,Wide,Bullish,Above CPR,Cash Only,Financial Services,False,False,0.94,50,146423016.825,Higher,False,No setup
DENORA,EQ,DE NORA INDIA LIMITED,916.0,959.0,892.0,906.4,64597,59591281.65,20260731,919.1333333333333,925.5,912.7666666666667,925.5,912.7666666666667,12.733333333333348,1.4048249485142705,Wide,Bearish,Below CPR,Cash Only,Unclassified,False,True,0.92,50,5377526.575,Higher,False,No setup
FCL,EQ,FINEOTEX CHEMICAL LIMITED,37.8,39.5,37.48,39.32,8849586,344461612.96,20260731,38.76666666666666,38.489999999999995,39.04333333333332,39.04333333333332,38.489999999999995,0.5533333333333275,1.4072566971854716,Wide,Bullish,Above CPR,Cash Only,Unclassified,False,False,0.7,50,612018544.1949999,Higher,False,No setup
JAYAGROGN,EQ,JAYANT AGRO ORGANICS LTD,218.08,231.0,218.01,229.35,15047,3379726.47,20260731,226.12,224.505,227.735,227.735,224.505,3.230000000000018,1.408327883148035,Wide,Bullish,Above CPR,Cash Only,Unclassified,False,False,0.92,50,2302661.14,Higher,False,No setup
CGCL,EQ,CAPRI GLOBAL CAPITAL LTD,221.11,234.98,219.91,232.38,6853392,1567277576.95,20260731,229.09,227.445,230.735,230.735,227.445,3.2900000000000205,1.4157844909200534,Wide,Bullish,Above CPR,Cash Only,Financial Services,False,False,0.98,50,670513935.6400001,Higher,False,No setup
INTELLECT,EQ,INTELLECT DESIGN ARENA,705.5,724.05,685.1,719.9,2151841,1519152909.6,20260731,709.6833333333334,704.575,714.7916666666667,714.7916666666667,704.575,10.216666666666697,1.4191785896189328,Wide,Bullish,Above CPR,Cash Only,Information Technology,False,False,0.98,50,268898878.925,Outside,False,No setup
INDOSTAR,EQ,INDOSTAR CAPITAL FIN LTD,260.55,262.9,247.75,250.0,102768,26254027.85,20260731,253.54999999999998,255.325,251.77499999999998,255.325,251.77499999999998,3.5500000000000114,1.4200000000000046,Wide,Bearish,Below CPR,Cash Only,Unclassified,False,True,0.86,50,27316826.950000003,Lower,False,No setup
ETERNAL,EQ,ETERNAL LIMITED,312.5,316.0,301.8,302.45,36770653,11248219721.5,20260731,306.75,308.9,304.6,308.9,304.6,4.2999999999999545,1.4217225987766422,Wide,Bearish,Below CPR,Cash Only,Consumer Services,False,True,0.96,50,8586133838.025,Overlapping,False,No setup
THANGAMAYL,EQ,THANGAMAYIL JEWELLERY LTD,5450.0,5450.0,5226.5,5226.5,748277,3946654844.5,20260731,5301.0,5338.25,5263.75,5338.25,5263.75,74.5,1.4254281067636085,Wide,Bearish,Below CPR,Cash Only,Unclassified,False,True,0.74,50,1021500980.65,Lower,False,No setup
TMCV,EQ,TATA MOTORS LIMITED,414.95,440.65,414.25,436.8,19277230,8340592825.4,20260731,430.56666666666666,427.45,433.68333333333334,433.68333333333334,427.45,6.2333333333333485,1.4270451770451804,Wide,Bullish,Above CPR,Cash Only,Capital Goods,False,False,0.96,50,2945709333.7250004,Higher,False,No setup
LASERPOWER,EQ,LASER POWER & INFRA LTD,302.8,315.6,296.14,299.37,3390535,1031664701.84,20260731,303.7033333333333,305.87,301.53666666666663,305.87,301.53666666666663,4.333333333333371,1.4474841611829412,Wide,Bearish,Below CPR,Cash Only,Unclassified,False,True,0.5833333333333334,12,1345512589.3,Overlapping,False,No setup
SONAL,EQ,SONAL MERCANTILE LTD.,85.05,89.95,85.05,89.45,264,23098.69,20260731,88.14999999999999,87.5,88.79999999999998,88.79999999999998,87.5,1.299999999999983,1.4533258803800815,Wide,Bullish,Above CPR,Cash Only,Unclassified,False,False,0.8529411764705882,34,3574.75,Lower,False,No setup
RADAAN,EQ,RADAAN MEDIAWORKS (I) LTD,3.37,3.39,3.17,3.21,47222,155444.51,20260731,3.2566666666666664,3.2800000000000002,3.2333333333333325,3.2800000000000002,3.2333333333333325,0.046666666666667744,1.4537902388370014,Wide,Bearish,Below CPR,Cash Only,Unclassified,False,True,0.86,50,67166.715,Overlapping,False,No setup
KREBSBIO,EQ,KREBS BIOCHEMICALS & IND,54.0,57.39,52.25,53.65,31992,1724038.95,20260731,54.43,54.82,54.04,54.82,54.04,0.7800000000000011,1.4538676607642147,Wide,Bearish,Below CPR,Cash Only,Unclassified,False,True,0.86,50,311996.18,Overlapping,False,No setup
KIOCL,EQ,KIOCL LIMITED,357.7,389.85,357.2,365.55,1384412,514759971.65,20260731,370.8666666666666,373.525,368.20833333333326,373.525,368.20833333333326,5.31666666666672,1.4544293986230938,Wide,Bearish,Below CPR,Cash Only,Unclassified,False,True,0.96,50,39095840.875,Higher,False,No setup
MEDANTA,EQ,GLOBAL HEALTH LIMITED,1390.0,1415.0,1334.8,1405.6,467328,645083799.3,20260731,1385.1333333333332,1374.9,1395.3666666666663,1395.3666666666663,1374.9,20.466666666666242,1.456080440144155,Wide,Bullish,Above CPR,Cash Only,Healthcare,False,False,1.0,50,229988341.45,Lower,False,No setup
NETWEB,EQ,NETWEB TECH INDIA LTD,4300.0,4598.0,4252.0,4524.0,4510774,20327821638.2,20260731,4458.0,4425.0,4491.0,4491.0,4425.0,66.0,1.4588859416445623,Wide,Bullish,Above CPR,Cash Only,Information Technology,False,False,0.74,50,5765565383.35,Higher,False,No setup
MGL,EQ,MAHANAGAR GAS LTD.,1130.0,1179.0,1111.1,1120.5,821301,937741500.2,20260731,1136.8666666666666,1145.05,1128.6833333333332,1145.05,1128.6833333333332,16.366666666666788,1.4606574445931986,Wide,Bearish,Below CPR,Cash Only,Oil Gas & Consumable Fuels,False,True,1.0,50,182881955.10000002,Higher,False,No setup
TCC,EQ,TCC CONCEPT LIMITED,299.9,308.0,284.0,289.65,142149,40983805.55,20260731,293.8833333333333,296.0,291.76666666666665,296.0,291.76666666666665,4.2333333333333485,1.4615340353300013,Wide,Bearish,Below CPR,Cash Only,Unclassified,False,True,0.84,50,5134572.975,Higher,False,No setup
SPCENET,EQ,SPACENET ENTERS IND LTD,3.35,3.42,3.27,3.42,435798,1472476.6,20260731,3.3699999999999997,3.3449999999999998,3.3949999999999996,3.3949999999999996,3.3449999999999998,0.04999999999999982,1.4619883040935622,Wide,Bullish,Above CPR,Cash Only,Unclassified,False,False,0.64,50,2291518.775,Higher,False,No setup
EUROBOND,EQ,EURO PANEL PRODUCTS LTD,165.99,165.99,157.56,158.29,3044,483079.88,20260731,160.61333333333334,161.775,159.45166666666668,161.775,159.45166666666668,2.3233333333333235,1.4677701265609473,Wide,Bearish,Below CPR,Cash Only,Unclassified,False,True,0.88,50,1079185.31,Outside,False,No setup
INFOMEDIA,EQ,INFOMEDIA PRESS LIMITED,5.42,5.72,5.38,5.43,28559,156121.29,20260731,5.510000000000001,5.55,5.4700000000000015,5.55,5.4700000000000015,0.0799999999999983,1.473296500920779,Wide,Bearish,Below CPR,Cash Only,Unclassified,False,True,0.76,50,62478.155,Overlapping,False,No setup
JNKINDIA,EQ,JNK INDIA LIMITED,466.4,466.4,428.05,437.55,288469,127615771.65,20260731,444.0,447.225,440.775,447.225,440.775,6.4500000000000455,1.4741172437435826,Wide,Bearish,Below CPR,Cash Only,Unclassified,False,True,0.66,50,271332759.475,Lower,False,No setup
SAPPL,EQ,SHREE AJIT PULP & PAPER L,296.0,306.95,285.2,289.65,69,20074.4,20260731,293.93333333333334,296.075,291.7916666666667,296.075,291.7916666666667,4.283333333333303,1.4787962483456942,Wide,Bearish,Below CPR,Cash Only,Unclassified,False,True,0.82,50,243530.075,Overlapping,False,No setup
MAHSCOOTER,EQ,MAHARASHTRA SCOOTERS LTD,12409.0,13059.0,12380.0,13009.0,9662,123302829.0,20260731,12816.0,12719.5,12912.5,12912.5,12719.5,193.0,1.4835882850334385,Wide,Bullish,Above CPR,Cash Only,Unclassified,False,False,0.96,50,37759555.5,Higher,False,No setup
SHAREINDIA,EQ,SHARE IND. SECURITIES LTD,173.93,178.99,170.01,178.48,629700,110254844.94,20260731,175.82666666666668,174.5,177.15333333333336,177.15333333333336,174.5,2.6533333333333644,1.4866278201105807,Wide,Bullish,Above CPR,Cash Only,Unclassified,False,False,0.94,50,70010740.35499999,Higher,False,No setup
SAPPHIRE,EQ,SAPPHIRE FOODS INDIA LTD,194.81,195.0,183.55,185.11,2311099,431250376.98,20260731,187.88666666666668,189.275,186.49833333333336,189.275,186.49833333333336,2.7766666666666424,1.500009003655471,Wide,Bearish,Below CPR,Cash Only,Consumer Services,False,True,0.98,50,115006306.28,Lower,False,No setup
TINNARUBR,EQ,TINNA RUBBER AND INFR LTD,1053.0,1133.65,1045.0,1114.4,136205,149361709.45,20260731,1097.6833333333334,1089.325,1106.0416666666667,1106.0416666666667,1089.325,16.716666666666697,1.500059822924147,Wide,Bullish,Above CPR,Cash Only,Unclassified,False,False,0.8,50,58607714.5,Higher,False,No setup
WEWORK,EQ,WEWORK INDIA MANAGEMENT L,710.0,750.35,703.15,743.5,287658,210445960.6,20260731,732.3333333333334,726.75,737.9166666666667,737.9166666666667,726.75,11.166666666666742,1.501905402376159,Wide,Bullish,Above CPR,Cash Only,Unclassified,False,False,0.9,50,230185261.14999998,Higher,False,No setup
BAJAJFINSV,EQ,BAJAJ FINSERV LTD.,1932.0,2036.6,1930.0,2029.1,3731886,7473208449.4,20260731,1998.5666666666666,1983.3,2013.8333333333333,2013.8333333333333,1983.3,30.533333333333303,1.504772230709837,Wide,Bullish,Above CPR,Cash Only,Financial Services,False,False,1.0,50,1913946192.65,Higher,False,No setup
EPL,EQ,EPL LIMITED,231.0,233.65,221.24,222.42,504421,113863036.44,20260731,225.76999999999998,227.445,224.09499999999997,227.445,224.09499999999997,3.3500000000000227,1.5061595180289644,Wide,Bearish,Below CPR,Cash Only,Unclassified,False,True,1.0,50,84261215.34,Lower,False,No setup
CUB,EQ,CITY UNION BANK LTD,214.7,216.84,205.51,206.5,5323234,1114876227.06,20260731,209.61666666666667,211.175,208.05833333333334,211.175,208.05833333333334,3.1166666666666742,1.509281678773208,Wide,Bearish,Below CPR,Cash Only,Financial Services,False,True,0.94,50,482903011.375,Lower,False,No setup
RAYMONDLSL,EQ,RAYMOND LIFESTYLE LIMITED,747.25,748.35,705.0,710.5,315520,227593171.5,20260731,721.2833333333333,726.675,715.8916666666667,726.675,715.8916666666667,10.783333333333303,1.5177105324888533,Wide,Bearish,Below CPR,Cash Only,Unclassified,False,True,1.0,50,93229974.1,Lower,False,No setup
SAMBHAAV,EQ,SAMBHAAV MEDIA LTD,5.93,6.5,5.93,6.36,42146,265478.34,20260731,6.263333333333333,6.215,6.311666666666666,6.311666666666666,6.215,0.09666666666666579,1.519916142557638,Wide,Bullish,Above CPR,Cash Only,Unclassified,False,False,0.84,50,153501.20500000002,Outside,False,No setup
LAHOTIOV,EQ,LAHOTI OVERSEAS LTD.,42.0,42.89,41.0,41.01,501,20714.47,20260731,41.63333333333333,41.945,41.321666666666665,41.945,41.321666666666665,0.6233333333333348,1.5199544826465128,Wide,Bearish,Below CPR,Cash Only,Unclassified,False,True,0.6875,48,137641.675,Inside,False,No setup
RVTH,EQ,REVATHI EQUIPMENT INDIA L,733.0,733.0,700.0,700.45,159,112383.8,20260731,711.15,716.5,705.8,716.5,705.8,10.700000000000045,1.5275894068099143,Wide,Bearish,Below CPR,Cash Only,Unclassified,False,True,0.9,50,443642.32499999995,Overlapping,False,No setup
PERSISTENT,EQ,PERSISTENT SYSTEMS LTD,5458.7,5580.0,5263.4,5549.0,1471276,8049066829.5,20260731,5464.133333333334,5421.7,5506.566666666668,5506.566666666668,5421.7,84.8666666666686,1.5294046975431357,Wide,Bullish,Above CPR,Cash Only,Information Technology,False,False,0.98,50,2917170828.4,Lower,False,No setup
SADBHAV,EQ,SADBHAV ENGINEERING LTD,9.5,9.5,9.08,9.08,157932,1447561.85,20260731,9.219999999999999,9.29,9.149999999999999,9.29,9.149999999999999,0.14000000000000057,1.5418502202643234,Wide,Bearish,Below CPR,Cash Only,Unclassified,False,True,0.8863636363636364,44,1254088.815,Lower,False,No setup
ORIENTPPR,EQ,ORIENT PAPER AND INDS LTD,17.4,18.49,17.4,18.37,424369,7746230.88,20260731,18.08666666666667,17.945,18.22833333333334,18.22833333333334,17.945,0.28333333333333854,1.5423698058428879,Wide,Bullish,Above CPR,Cash Only,Unclassified,False,False,1.0,50,2646058.375,Higher,False,No setup
ABDL,EQ,ALLIED BLEND N DISTILS L,654.0,654.0,613.7,619.5,338507,212689809.85,20260731,629.0666666666667,633.85,624.2833333333334,633.85,624.2833333333334,9.566666666666606,1.544256120527297,Wide,Bearish,Below CPR,Cash Only,Fast Moving Consumer Goods,False,True,0.9,50,178282514.47500002,Lower,False,No setup
STOVEKRAFT,EQ,STOVE KRAFT LIMITED,810.0,817.9,775.0,778.4,187815,148692028.55,20260731,790.4333333333334,796.45,784.4166666666667,796.45,784.4166666666667,12.033333333333303,1.5459061322370637,Wide,Bearish,Below CPR,Cash Only,Unclassified,False,True,0.94,50,106353953.1,Lower,False,No setup
BALKRISIND,EQ,BALKRISHNA IND. LTD,2329.5,2511.2,2321.0,2473.5,3395027,8328656067.3,20260731,2435.233333333333,2416.1,2454.3666666666663,2454.3666666666663,2416.1,38.266666666666424,1.547065561619827,Wide,Bullish,Above CPR,Cash Only,Automobile and Auto Components,False,False,0.94,50,288263111.95000005,Higher,False,No setup
BALAMINES,EQ,BALAJI AMINES LIMITED,2243.9,2258.4,2107.4,2133.3,198007,431532781.7,20260731,2166.366666666667,2182.9,2149.8333333333335,2182.9,2149.8333333333335,33.066666666666606,1.550024219128421,Wide,Bearish,Below CPR,Cash Only,Unclassified,False,True,0.78,50,486789123.15,Lower,False,No setup
FSL,EQ,FIRSTSOURCE SOLU. LTD.,295.95,304.1,286.05,302.12,6319776,1890587963.47,20260731,297.42333333333335,295.07500000000005,299.77166666666665,299.77166666666665,295.07500000000005,4.6966666666666015,1.5545699280638825,Wide,Bullish,Above CPR,Cash Only,Services,False,False,0.96,50,354277689.92499995,Overlapping,False,No setup
CHEMPLASTS,EQ,CHEMPLAST SANMAR LIMITED,201.91,203.48,193.95,194.18,464790,91270108.84,20260731,197.2033333333333,198.71499999999997,195.6916666666666,198.71499999999997,195.6916666666666,3.023333333333369,1.5569746283517194,Wide,Bearish,Below CPR,Cash Only,Unclassified,False,True,0.96,50,56609575.955,Lower,False,No setup
PANAMAPET,EQ,PANAMA PETROCHEM LTD,436.0,455.0,430.85,453.55,144548,64661402.65,20260731,446.4666666666667,442.925,450.0083333333334,450.0083333333334,442.925,7.083333333333371,1.5617535736596564,Wide,Bullish,Above CPR,Cash Only,Unclassified,False,False,0.8,50,103340891.775,Higher,False,No setup
TGBHOTELS,EQ,TGB BANQUETS&HOTELS LTD,9.75,9.9,9.3,9.38,22661,214295.65,20260731,9.526666666666669,9.600000000000001,9.453333333333337,9.600000000000001,9.453333333333337,0.14666666666666472,1.5636105188343785,Wide,Bearish,Below CPR,Cash Only,Unclassified,False,True,0.92,50,102509.79000000001,Overlapping,False,No setup
RMC,EQ,RMC SWITCHGEARS LIMITED,260.5,264.0,250.0,251.1,36895,9368579.5,20260731,255.03333333333333,257.0,253.06666666666666,257.0,253.06666666666666,3.933333333333337,1.566440992964292,Wide,Bearish,Below CPR,Cash Only,Unclassified,False,True,0.8620689655172413,29,8189714.75,Lower,False,No setup
RADIOCITY,EQ,MUSIC BROADCAST LIMITED,6.85,7.19,6.71,6.79,50404,341483.98,20260731,6.896666666666667,6.95,6.843333333333335,6.95,6.843333333333335,0.10666666666666558,1.5709376534118642,Wide,Bearish,Below CPR,Cash Only,Unclassified,False,True,0.96,50,286639.355,Overlapping,False,No setup
MPHASIS,EQ,MPHASIS LIMITED,2324.6,2351.8,2222.3,2342.3,568913,1318471179.3,20260731,2305.4666666666667,2287.05,2323.883333333333,2323.883333333333,2287.05,36.83333333333303,1.5725284264753885,Wide,Bullish,Above CPR,Cash Only,Information Technology,False,False,1.0,50,1242627360.9,Lower,False,No setup
AEROPLANE,EQ,AMIR CHAND JAG KUM (E) L,192.65,201.09,190.1,200.34,994073,196632514.43,20260731,197.17666666666665,195.595,198.7583333333333,198.7583333333333,195.595,3.1633333333332985,1.578982396592442,Wide,Bullish,Above CPR,Cash Only,Unclassified,False,False,0.7,10,83127497.59,Higher,False,No setup
APCOTEXIND,EQ,APCOTEX INDUSTRIES LIMITE,640.0,646.65,605.05,611.35,856399,530730163.0,20260731,621.0166666666665,625.8499999999999,616.1833333333332,625.8499999999999,616.1833333333332,9.666666666666742,1.581200076333809,Wide,Bearish,Below CPR,Cash Only,Unclassified,False,True,0.84,50,51154038.7,Lower,False,No setup
PTC,EQ,PTC INDIA LIMITED,170.0,175.9,166.81,175.52,2195575,379685286.84,20260731,172.74333333333334,171.35500000000002,174.13166666666666,174.13166666666666,171.35500000000002,2.7766666666666424,1.5819659677909312,Wide,Bullish,Above CPR,Cash Only,Unclassified,False,False,1.0,50,118235228.67,Higher,False,No setup
JAYBARMARU,EQ,JAY BHARAT MARUTI LTD,152.95,160.59,152.95,160.59,880304,139466804.73,20260731,158.04333333333332,156.76999999999998,159.31666666666666,159.31666666666666,156.76999999999998,2.546666666666681,1.5858189592544247,Wide,Bullish,Above CPR,Cash Only,Unclassified,False,False,0.68,50,166036467.745,Higher,False,No setup
COMFINTE,EQ,COMFORT INTECH LTD.,6.6,7.0,6.49,6.91,2167200,14775242.91,20260731,6.8,6.745,6.8549999999999995,6.8549999999999995,6.745,0.10999999999999943,1.5918958031837835,Wide,Bullish,Above CPR,Cash Only,Unclassified,False,False,0.86,50,1001157.14,Higher,False,No setup
GLOBE,EQ,GLOBE ENTERPRISE (I) LTD,2.12,2.16,1.92,2.09,1564411,3173430.31,20260731,2.0566666666666666,2.04,2.0733333333333333,2.0733333333333333,2.04,0.033333333333333215,1.5948963317384313,Wide,Bullish,Above CPR,Cash Only,Unclassified,False,False,0.92,50,500480.51,Lower,False,No setup
GRAVISSHO,EQ,GRAVISS HOSPITALITY LTD.,29.26,30.92,29.26,30.83,209,6349.76,20260731,30.33666666666667,30.090000000000003,30.583333333333336,30.583333333333336,30.090000000000003,0.4933333333333323,1.6001729916747722,Wide,Bullish,Above CPR,Cash Only,Unclassified,False,False,0.7959183673469388,49,59524.41,Lower,False,No setup
TVVISION,EQ,TV VISION LIMITED,4.79,4.79,4.55,4.56,36762,168879.42,20260731,4.633333333333333,4.67,4.596666666666666,4.67,4.596666666666666,0.07333333333333414,1.608187134502942,Wide,Bearish,Below CPR,Cash Only,Unclassified,False,True,0.86,50,54639.61,Lower,False,No setup
PRABHA,EQ,PRABHA ENERGY LIMITED,149.99,157.76,145.2,147.91,94157,13945308.22,20260731,150.29,151.48,149.1,151.48,149.1,2.3799999999999955,1.6090866067202998,Wide,Bearish,Below CPR,Cash Only,Unclassified,False,True,0.98,50,3897082.3200000003,Higher,False,No setup
KHANDSE,EQ,KHANDWALA SECURITIES LTD,17.46,17.99,17.0,17.93,1809,31554.51,20260731,17.639999999999997,17.494999999999997,17.784999999999997,17.784999999999997,17.494999999999997,0.28999999999999915,1.6174010039040665,Wide,Bullish,Above CPR,Cash Only,Unclassified,False,False,0.92,50,39546.91499999999,Higher,False,No setup
JITFINFRA,EQ,JITF INFRALOGISTICS LTD,345.65,362.15,330.15,337.95,75834,26301047.6,20260731,343.4166666666667,346.15,340.6833333333334,346.15,340.6833333333334,5.466666666666583,1.6175962913645758,Wide,Bearish,Below CPR,Cash Only,Unclassified,False,True,0.8636363636363636,44,6820192.575,Overlapping,False,No setup
TAKE,EQ,TAKE SOLUTIONS LTD,20.96,21.58,20.22,21.42,724489,15408142.32,20260731,21.073333333333334,20.9,21.24666666666667,21.24666666666667,20.9,0.3466666666666711,1.6184251478369331,Wide,Bullish,Above CPR,Cash Only,Unclassified,False,False,0.9,10,15519010.61,Higher,False,No setup
VOGL,EQ,VEDANTA OIL AND GAS LTD,33.64,36.85,32.5,35.54,74529088,2626349651.15,20260731,34.96333333333333,34.675,35.251666666666665,35.251666666666665,34.675,0.576666666666668,1.622584880885391,Wide,Bullish,Above CPR,Cash Only,Unclassified,False,False,0.7083333333333334,24,1856968229.7849998,Higher,False,No setup
AARTIIND,EQ,AARTI INDUSTRIES LTD,504.0,516.95,485.1,489.1,11292862,5623507016.05,20260731,497.05,501.02500000000003,493.075,501.02500000000003,493.075,7.9500000000000455,1.6254344714782345,Wide,Bearish,Below CPR,Cash Only,Chemicals,False,True,0.98,50,294902654.775,Higher,False,No setup
MONEYBOXX,EQ,MONEYBOXX FINANCE LIMITED,57.75,62.98,56.3,58.22,90476,5333729.86,20260731,59.166666666666664,59.64,58.69333333333333,59.64,58.69333333333333,0.9466666666666725,1.6260162601626118,Wide,Bearish,Below CPR,Cash Only,Unclassified,False,True,0.86,50,1184449.0550000002,Higher,False,No setup
ALMONDZ,EQ,ALMONDZ GLOBAL SEC LTD,14.45,14.9,13.9,14.76,199183,2903162.07,20260731,14.520000000000001,14.4,14.640000000000002,14.640000000000002,14.4,0.240000000000002,1.626016260162615,Wide,Bullish,Above CPR,Cash Only,Unclassified,False,False,0.9,50,1053161.675,Overlapping,False,No setup
NELCAST,EQ,NELCAST LIMITED,116.7,122.3,114.49,121.37,210425,25126507.04,20260731,119.38666666666666,118.395,120.37833333333332,120.37833333333332,118.395,1.98333333333332,1.6341215566724232,Wide,Bullish,Above CPR,Cash Only,Unclassified,False,False,0.94,50,21354803.865000002,Higher,False,No setup
ELGIRUBCO,EQ,ELGI RUBBER CO. LTD,63.0,63.0,59.31,59.69,46003,2787274.39,20260731,60.666666666666664,61.155,60.17833333333333,61.155,60.17833333333333,0.9766666666666737,1.6362316412576203,Wide,Bearish,Below CPR,Cash Only,Unclassified,False,True,0.84,50,2467593.46,Lower,False,No setup
EXXARO,EQ,EXXARO TILES LIMITED,6.29,6.41,6.01,6.06,941299,5784066.37,20260731,6.16,6.21,6.11,6.21,6.11,0.09999999999999964,1.6501650165016444,Wide,Bearish,Below CPR,Cash Only,Unclassified,False,True,0.92,50,1048188.6499999999,Lower,False,No setup
GSLSU,EQ,GLOBAL SURFACES LIMITED,27.7,28.04,26.47,27.95,40782,1123488.34,20260731,27.486666666666665,27.255,27.71833333333333,27.71833333333333,27.255,0.46333333333333115,1.657722122838394,Wide,Bullish,Above CPR,Cash Only,Unclassified,False,False,0.68,50,2842499.96,Inside,False,No setup
AWL,EQ,AWL AGRI BUSINESS LIMITED,199.9,199.9,188.45,189.44,13726473,2645212948.4,20260731,192.59666666666666,194.175,191.01833333333332,194.175,191.01833333333332,3.1566666666666947,1.666314752252267,Wide,Bearish,Below CPR,Cash Only,Fast Moving Consumer Goods,False,True,1.0,50,407006607.645,Higher,False,No setup
BHARATSE,EQ,BHARAT SEATS LIMITED,211.0,223.79,208.41,221.65,695433,152113024.85,20260731,217.95000000000002,216.1,219.80000000000004,219.80000000000004,216.1,3.7000000000000455,1.6692984434920126,Wide,Bullish,Above CPR,Cash Only,Unclassified,False,False,0.94,50,43033868.989999995,Higher,False,No setup
SIGIND,EQ,SIGNET INDUSTRIES LIMITED,49.67,53.0,49.0,52.31,58056,2986760.64,20260731,51.43666666666667,51.0,51.873333333333335,51.873333333333335,51.0,0.8733333333333348,1.6695341872172333,Wide,Bullish,Above CPR,Cash Only,Unclassified,False,False,0.96,50,523246.43000000005,Higher,False,No setup
SOUTHWEST,EQ,SOUTH WEST PINNACLE LTD,226.95,242.29,222.22,238.27,366771,86136816.44,20260731,234.26,232.255,236.265,236.265,232.255,4.009999999999991,1.6829647039073283,Wide,Bullish,Above CPR,Cash Only,Unclassified,False,False,0.88,50,71084390.03,Higher,False,No setup
SEDEMAC,EQ,SEDEMAC MECHATRONICS LTD,2739.5,2828.0,2676.9,2684.4,151580,415986068.8,20260731,2729.7666666666664,2752.45,2707.083333333333,2752.45,2707.083333333333,45.36666666666679,1.6900114240302035,Wide,Bearish,Below CPR,Cash Only,Unclassified,False,True,0.92,50,293169993.2,Higher,False,No setup
SHADOWFAX,EQ,SHADOWFAX TECHNOLOGIES L,222.4,253.76,219.72,242.9,72781395,17614025510.94,20260731,238.79333333333332,236.74,240.84666666666664,240.84666666666664,236.74,4.1066666666666265,1.6906820365033455,Wide,Bullish,Above CPR,Cash Only,Unclassified,False,False,0.96,50,463705245.885,Higher,False,No setup
NITCO,EQ,NITCO LIMITED,100.8,109.23,100.51,107.6,1449007,155624636.84,20260731,105.78000000000002,104.87,106.69000000000003,106.69000000000003,104.87,1.8200000000000216,1.6914498141264143,Wide,Bullish,Above CPR,Cash Only,Unclassified,False,False,0.88,50,64099990.245,Higher,False,No setup
RETAIL,EQ,JHS SVENDGAARD RETAIL V L,17.28,17.5,16.3,16.48,3692,62716.55,20260731,16.76,16.9,16.620000000000005,16.9,16.620000000000005,0.27999999999999403,1.6990291262135562,Wide,Bearish,Below CPR,Cash Only,Unclassified,False,True,0.72,50,52842.685,Lower,False,No setup
NITTAGELA,EQ,NITTA GELATIN INDIA LTD.,1832.5,1973.0,1773.9,1922.5,20261,38714542.6,20260731,1889.8,1873.45,1906.1499999999999,1906.1499999999999,1873.45,32.69999999999982,1.700910273081915,Wide,Bullish,Above CPR,Cash Only,Unclassified,False,False,0.9,50,24734096.6,Higher,False,No setup
AKSHAR,EQ,AKSHAR SPINTEX LIMITED,0.4,0.41,0.39,0.39,771059,312123.6,20260731,0.39666666666666667,0.4,0.3933333333333333,0.4,0.3933333333333333,0.00666666666666671,1.7094017094017204,Wide,Bearish,Below CPR,Cash Only,Unclassified,False,True,0.97,50,269251.55,Inside,False,No setup
TTL,EQ,T T LIMITED,6.3,6.5,6.01,6.42,185053,1158499.47,20260731,6.31,6.255,6.364999999999999,6.364999999999999,6.255,0.10999999999999943,1.7133956386292746,Wide,Bullish,Above CPR,Cash Only,Unclassified,False,False,0.94,50,501535.12,Higher,False,No setup
GANESHCP,EQ,GANESH CONSUMER PRODUCT L,164.08,183.31,164.08,178.28,1612846,287309637.41,20260731,175.22333333333333,173.695,176.75166666666667,176.75166666666667,173.695,3.056666666666672,1.7145314486575456,Wide,Bullish,Above CPR,Cash Only,Unclassified,False,False,0.94,50,13655888.09,Higher,False,No setup
HBESD,EQ,H B ESTATE DEVELOPERS L,78.89,78.89,75.03,75.03,367,28269.58,20260731,76.31666666666668,76.96000000000001,75.67333333333335,76.96000000000001,75.67333333333335,1.2866666666666617,1.714869607712464,Wide,Bearish,Below CPR,Cash Only,Unclassified,False,True,0.8,50,84242.705,Overlapping,False,No setup
CHEVIOT,EQ,CHEVIOT COMPANY LIMITED,1044.0,1111.9,1044.0,1106.6,3844,4207967.2,20260731,1087.5,1077.95,1097.05,1097.05,1077.95,19.09999999999991,1.726007590818716,Wide,Bullish,Above CPR,Cash Only,Unclassified,False,False,1.0,50,1955954.65,Lower,False,No setup
CINELINE,EQ,CINELINE INDIA LIMITED,83.02,89.8,81.21,87.8,143309,12387041.61,20260731,86.27,85.505,87.035,87.035,85.505,1.5300000000000011,1.7425968109339423,Wide,Bullish,Above CPR,Cash Only,Unclassified,False,False,0.94,50,914578.645,Higher,False,No setup
RPEL,EQ,RAGHAV PRODUCTIVITY ENH L,1293.9,1293.9,1202.7,1216.3,74409,92441937.9,20260731,1237.6333333333334,1248.3000000000002,1226.9666666666667,1248.3000000000002,1226.9666666666667,21.333333333333485,1.753953246183794,Wide,Bearish,Below CPR,Cash Only,Unclassified,False,True,0.92,50,84190585.4,Lower,False,No setup
WPIL,EQ,W P I L LTD.,437.4,469.85,434.1,464.3,113962,51914590.55,20260731,456.0833333333333,451.975,460.1916666666666,460.1916666666666,451.975,8.216666666666583,1.7696891377701018,Wide,Bullish,Above CPR,Cash Only,Unclassified,False,False,0.94,50,16793824.9,Higher,False,No setup
GVPIL,EQ,GE POWER INDIA LIMITED,741.0,769.25,713.0,721.95,350165,262646442.65,20260731,734.7333333333332,741.125,728.3416666666665,741.125,728.3416666666665,12.78333333333353,1.7706674054066804,Wide,Bearish,Below CPR,Cash Only,Unclassified,False,True,0.8,50,338138871.85,Overlapping,False,No setup
NIBL,EQ,NRB INDUS. BEARINGS LTD.,36.1,36.44,33.1,33.87,27151,931800.08,20260731,34.47,34.769999999999996,34.17,34.769999999999996,34.17,0.5999999999999943,1.7714791851195584,Wide,Bearish,Below CPR,Cash Only,Unclassified,False,True,0.92,50,757806.06,Lower,False,No setup
BLUESTONE,EQ,BLUESTONE JEWEL LFSTL LTD,774.5,830.0,758.6,816.2,9875743,7906951424.0,20260731,801.6,794.3,808.9000000000001,808.9000000000001,794.3,14.600000000000136,1.7887772604753902,Wide,Bullish,Above CPR,Cash Only,Unclassified,False,False,0.9,50,215158778.5,Higher,False,No setup
ASIANHOTNR,EQ,ASIAN HOTELS (NORTH) LTD,312.95,317.9,298.65,300.1,14658,4460193.75,20260731,305.55,308.275,302.82500000000005,308.275,302.82500000000005,5.449999999999932,1.8160613128956786,Wide,Bearish,Below CPR,Cash Only,Unclassified,False,True,0.88,50,4510994.05,Overlapping,False,No setup
STALLION,EQ,STALLION IND FLUOROCHEM L,244.25,262.58,243.41,260.12,4660278,1200960763.25,20260731,255.37,252.995,257.745,257.745,252.995,4.75,1.8260802706443182,Wide,Bullish,Above CPR,Cash Only,Unclassified,False,False,0.9,50,388836387.405,Higher,False,No setup
SERVOTECH,EQ,SERVOTECH REN POW SYS LTD,81.4,86.8,80.25,85.88,2140318,181017868.56,20260731,84.31,83.525,85.095,85.095,83.525,1.5699999999999932,1.8281322775966387,Wide,Bullish,Above CPR,Cash Only,Unclassified,False,False,0.92,50,95178315.13499999,Inside,False,No setup
VIDHIING,EQ,VIDHI SPCLTY F INGRDNTS L,313.8,332.0,308.0,329.1,119344,38558640.4,20260731,323.03333333333336,320.0,326.0666666666667,326.0666666666667,320.0,6.06666666666672,1.8434113238124339,Wide,Bullish,Above CPR,Cash Only,Unclassified,False,False,0.96,50,3612255.825,Higher,False,No setup
EMSLIMITED,EQ,EMS LIMITED,384.9,419.0,381.2,411.5,1002858,409534768.45,20260731,403.90000000000003,400.1,407.70000000000005,407.70000000000005,400.1,7.600000000000023,1.8469015795868828,Wide,Bullish,Above CPR,Cash Only,Unclassified,False,False,0.92,50,153502277.55,Higher,False,No setup
JAYKAY,EQ,JAYKAY ENTERPRISES LTD,158.5,168.3,157.13,167.36,234000,38615252.17,20260731,164.26333333333335,162.715,165.8116666666667,165.8116666666667,162.715,3.0966666666666924,1.8503027405991228,Wide,Bullish,Above CPR,Cash Only,Unclassified,False,False,0.92,50,25803134.465,Higher,False,No setup
NILKAMAL,EQ,NILKAMAL LIMITED,1769.0,1815.8,1680.0,1797.8,106837,187210528.5,20260731,1764.5333333333335,1747.9,1781.166666666667,1781.166666666667,1747.9,33.26666666666688,1.8504097600771434,Wide,Bullish,Above CPR,Cash Only,Unclassified,False,False,0.96,50,16259511.7,Overlapping,False,No setup
MCCHRLS-B,EQ,MAC CHARLES (INDIA) LTD.,719.95,719.95,660.0,671.3,335,227584.95,20260731,683.75,689.975,677.525,689.975,677.525,12.450000000000045,1.8546104573216218,Wide,Bearish,Below CPR,Cash Only,Unclassified,False,True,0.88,50,74144.475,Lower,False,No setup
CONCORDBIO,EQ,CONCORD BIOTECH LIMITED,1347.0,1429.4,1333.0,1420.8,598564,835152165.8,20260731,1394.3999999999999,1381.2,1407.5999999999997,1407.5999999999997,1381.2,26.399999999999636,1.8581081081080826,Wide,Bullish,Above CPR,Cash Only,Healthcare,False,False,0.96,50,199364420.35000002,Higher,False,No setup
WESTLIFE,EQ,WESTLIFE FOODWORLD LTD,486.95,513.85,472.0,507.1,263533,132168802.9,20260731,497.65000000000003,492.925,502.37500000000006,502.37500000000006,492.925,9.450000000000045,1.8635377637546924,Wide,Bullish,Above CPR,Cash Only,Unclassified,False,False,0.98,50,26180741.4,Higher,False,No setup
NURECA,EQ,NURECA LIMITED,326.33,347.45,320.41,343.6,60717,20475153.51,20260731,337.15333333333336,333.93,340.3766666666667,340.3766666666667,333.93,6.446666666666715,1.8762126503686596,Wide,Bullish,Above CPR,Cash Only,Unclassified,False,False,0.96,50,2295378.335,Higher,False,No setup
GATECHDVR,EQ,GACM TECHNOLOGIES LIMITED,0.51,0.55,0.48,0.53,4312099,2272909.16,20260731,0.52,0.515,0.525,0.525,0.515,0.010000000000000009,1.8867924528301903,Wide,Bullish,Above CPR,Cash Only,Unclassified,False,False,0.84,50,185708.45,Higher,False,No setup
TATVA,EQ,TATVA CHIN PHARM CHEM LTD,1685.5,1799.0,1676.1,1788.2,179387,316929465.4,20260731,1754.4333333333334,1737.55,1771.3166666666668,1771.3166666666668,1737.55,33.76666666666688,1.8883048130336022,Wide,Bullish,Above CPR,Cash Only,Unclassified,False,False,0.94,50,57718189.7,Higher,False,No setup
SILVERTUC,EQ,SILVER TOUCH TECHNO LTD,207.84,215.65,199.4,201.79,1957253,406082253.7,20260731,205.61333333333334,207.525,203.70166666666668,207.525,203.70166666666668,3.8233333333333235,1.8947090209293442,Wide,Bearish,Below CPR,Cash Only,Unclassified,False,True,0.86,50,79706175.25999999,Lower,False,No setup
DMCC,EQ,DMCC SPECIALITY CHEMICALS,261.65,287.8,261.55,282.75,111733,31243399.65,20260731,277.3666666666667,274.675,280.05833333333334,280.05833333333334,274.675,5.383333333333326,1.9039198349543152,Wide,Bullish,Above CPR,Cash Only,Unclassified,False,False,1.0,50,9344782.025,Higher,False,No setup
IRISDOREME,EQ,IRIS CLOTHINGS LIMITED,49.9,53.29,49.6,52.96,2631298,138226159.62,20260731,51.949999999999996,51.445,52.45499999999999,52.45499999999999,51.445,1.009999999999991,1.907099697885179,Wide,Bullish,Above CPR,Cash Only,Unclassified,False,False,0.98,50,12718521.23,Higher,False,No setup
ADVAIT,EQ,ADVAIT ENRGY TRANSITION L,2178.3,2333.8,2155.1,2310.6,42666,97272824.4,20260731,2266.5,2244.45,2288.55,2288.55,2244.45,44.100000000000364,1.9085951700857078,Wide,Bullish,Above CPR,Cash Only,Unclassified,False,False,0.92,50,109744426.5,Higher,False,No setup
BOHRAIND,EQ,BOHRA INDUSTRIES LIMITED,13.6,14.89,13.6,14.67,6022,87689.23,20260731,14.386666666666668,14.245000000000001,14.528333333333336,14.528333333333336,14.245000000000001,0.283333333333335,1.9313792319927403,Wide,Bullish,Above CPR,Cash Only,Unclassified,False,False,0.6923076923076923,39,294771.33,Overlapping,False,No setup
SONATSOFTW,EQ,SONATA SOFTWARE LTD,310.5,324.6,301.6,322.45,2337707,737528120.55,20260731,316.2166666666667,313.1,319.33333333333337,319.33333333333337,313.1,6.2333333333333485,1.9331162454127304,Wide,Bullish,Above CPR,Cash Only,Information Technology,False,False,0.96,50,238978023.2,Overlapping,False,No setup
GMMPFAUDLR,EQ,GMM PFAUDLER LIMITED,818.5,868.5,810.0,864.4,210622,179292569.8,20260731,847.6333333333333,839.25,856.0166666666667,856.0166666666667,839.25,16.76666666666665,1.9396884158568546,Wide,Bullish,Above CPR,Cash Only,Unclassified,False,False,0.98,50,70317686.5,Higher,False,No setup
PREMIERPOL,EQ,PREMIER POLYFILM LTD,74.63,74.63,69.01,69.78,315123,22365673.82,20260731,71.14,71.82,70.46000000000001,71.82,70.46000000000001,1.3599999999999852,1.9489825164803458,Wide,Bearish,Below CPR,Cash Only,Unclassified,False,True,0.75,20,21980262.12,Lower,False,No setup
RPPL,EQ,RAJSHREE POLYPACK LTD,19.26,21.74,19.26,21.12,91968,1892054.38,20260731,20.706666666666667,20.5,20.913333333333334,20.913333333333334,20.5,0.413333333333334,1.9570707070707098,Wide,Bullish,Above CPR,Cash Only,Unclassified,False,False,0.88,50,2115306.88,Higher,False,No setup
ACI,EQ,ARCHEAN CHEMICAL IND LTD,556.0,562.15,520.05,525.65,766730,415710119.5,20260731,535.9499999999999,541.0999999999999,530.8,541.0999999999999,530.8,10.299999999999955,1.959478740606859,Wide,Bearish,Below CPR,Cash Only,Unclassified,False,True,1.0,50,75746455.57499999,Lower,False,No setup
CAPTRUST,EQ,CAPITAL TRUST LIMITED,17.95,18.17,17.1,18.17,202325,3655995.58,20260731,17.813333333333336,17.635,17.99166666666667,17.99166666666667,17.635,0.35666666666666913,1.9629425793432531,Wide,Bullish,Above CPR,Cash Only,Unclassified,False,False,0.6666666666666666,15,1144507.01,Higher,False,No setup
FRACTAL,EQ,FRACTAL ANALYTICS LIMITED,774.65,815.0,760.7,812.05,568618,454407197.0,20260731,795.9166666666666,787.85,803.9833333333332,803.9833333333332,787.85,16.133333333333212,1.9867413747100808,Wide,Bullish,Above CPR,Cash Only,Unclassified,False,False,0.98,50,354270186.625,Higher,False,No setup
STAR,EQ,STRIDES PHARMA SCI LTD,1073.6,1100.0,1011.1,1025.0,1703259,1771510953.7,20260731,1045.3666666666666,1055.55,1035.1833333333332,1055.55,1035.1833333333332,20.366666666666788,1.986991869918711,Wide,Bearish,Below CPR,Cash Only,Unclassified,False,True,0.98,50,188943242.75,Lower,False,No setup
SAGILITY,EQ,SAGILITY LIMITED,45.98,46.19,43.2,43.4,39492620,1747482319.38,20260731,44.26333333333333,44.695,43.831666666666656,44.695,43.831666666666656,0.8633333333333439,1.9892473118279814,Wide,Bearish,Below CPR,Cash Only,Information Technology,False,True,1.0,50,668773850.315,Lower,False,No setup
EBGNG,EQ,GNG ELECTRONICS LIMITED,560.0,561.15,528.1,528.65,1368096,726988818.35,20260731,539.3000000000001,544.625,533.9750000000001,544.625,533.9750000000001,10.649999999999864,2.014565402440152,Wide,Bearish,Below CPR,Cash Only,Unclassified,False,True,0.9,50,321207979.95,Lower,False,No setup
FERMENTA,EQ,FERMENTA BIOTECH LTD.,470.2,507.85,464.2,501.35,590189,289573906.65,20260731,491.1333333333334,486.025,496.2416666666668,496.2416666666668,486.025,10.21666666666681,2.0378311891227305,Wide,Bullish,Above CPR,Cash Only,Unclassified,False,False,0.92,50,33144290.200000003,Higher,False,No setup
LAGNAM,EQ,LAGNAM SPINTEX LIMITED,92.0,92.0,86.0,86.34,14017,1236378.55,20260731,88.11333333333334,89.0,87.22666666666669,89.0,87.22666666666669,1.7733333333333121,2.0538954520886175,Wide,Bearish,Below CPR,Cash Only,Unclassified,False,True,1.0,50,570788.595,Outside,False,No setup
PAUSHAKLTD,EQ,PAUSHAK LIMITED,629.95,688.0,610.4,629.7,537309,343390559.35,20260731,642.7,649.2,636.2,649.2,636.2,13.0,2.064475146895347,Wide,Bearish,Below CPR,Cash Only,Unclassified,False,True,0.94,50,7555020.25,Higher,False,No setup
THAKDEV,EQ,THAKKERS DEVELOPERS LTD.,145.4,152.7,138.5,141.18,101,14188.35,20260731,144.12666666666667,145.6,142.65333333333334,145.6,142.65333333333334,2.9466666666666583,2.0871700429711417,Wide,Bearish,Below CPR,Cash Only,Unclassified,False,True,0.875,40,12934.51,Lower,False,No setup
RAJTV,EQ,RAJ TV NETWORK LTD,11.97,12.03,11.32,11.32,211872,2416111.43,20260731,11.556666666666667,11.675,11.438333333333333,11.675,11.438333333333333,0.23666666666666814,2.090694935217916,Wide,Bearish,Below CPR,Cash Only,Unclassified,False,True,0.88,50,460689.99,Lower,False,No setup
FILATEX,EQ,FILATEX INDIA LTD,69.56,74.7,67.65,73.52,9057046,650652185.35,20260731,71.95666666666666,71.17500000000001,72.73833333333332,72.73833333333332,71.17500000000001,1.5633333333333042,2.1264055132389883,Wide,Bullish,Above CPR,Cash Only,Unclassified,False,False,0.98,50,110442559.755,Higher,False,No setup
TARAPUR,EQ,TARAPUR TRANSFORMERS LTD,16.59,16.61,15.53,16.6,30210,488655.37,20260731,16.246666666666666,16.07,16.423333333333332,16.423333333333332,16.07,0.3533333333333317,2.1285140562248897,Wide,Bullish,Above CPR,Cash Only,Unclassified,False,False,0.86,50,488404.485,Overlapping,False,No setup
PRECOT,EQ,PRECOT LIMITED,761.95,809.7,757.6,809.55,4941,3948436.9,20260731,792.2833333333334,783.6500000000001,800.9166666666667,800.9166666666667,783.6500000000001,17.26666666666665,2.132872171782676,Wide,Bullish,Above CPR,Cash Only,Unclassified,False,False,0.94,50,4375553.5,Higher,False,No setup
BHAGCHEM,EQ,BHAGIRADHA CHEM & INDS L,272.0,295.8,267.05,290.75,433762,124831955.9,20260731,284.53333333333336,281.425,287.6416666666667,287.6416666666667,281.425,6.216666666666697,2.138148466609354,Wide,Bullish,Above CPR,Cash Only,Unclassified,False,False,1.0,50,22248135.47,Higher,False,No setup
ARTNIRMAN,EQ,ART NIRMAN LIMITED,38.41,39.5,37.02,37.07,2054,78892.57,20260731,37.86333333333334,38.260000000000005,37.46666666666667,38.260000000000005,37.46666666666667,0.7933333333333366,2.140095315169508,Wide,Bearish,Below CPR,Cash Only,Unclassified,False,True,0.9574468085106383,47,28085.52,Lower,False,No setup
MSPL,EQ,MSP STEEL & POWER LTD.,34.5,36.6,34.25,34.31,2425275,84316373.21,20260731,35.053333333333335,35.425,34.68166666666667,35.425,34.68166666666667,0.7433333333333252,2.1665209365588027,Wide,Bearish,Below CPR,Cash Only,Unclassified,False,True,0.98,50,48715207.92,Lower,False,No setup
IITL,EQ,INDUSTRIAL INV TRUST LTD,135.75,138.8,124.88,127.68,235273,31224488.17,20260731,130.45333333333335,131.84,129.0666666666667,131.84,129.0666666666667,2.773333333333312,2.1720969089389977,Wide,Bearish,Below CPR,Cash Only,Unclassified,False,True,0.92,50,13016655.66,Lower,False,No setup
VCL,EQ,VAXTEX COTFAB LIMITED,1.07,1.07,1.0,1.07,216335,230898.67,20260731,1.0466666666666669,1.0350000000000001,1.0583333333333336,1.0583333333333336,1.0350000000000001,0.023333333333333428,2.1806853582554604,Wide,Bullish,Above CPR,Cash Only,Unclassified,False,False,0.88,50,366091.97,Higher,False,No setup
CREATIVEYE,EQ,CREATIVE EYE LIMITED,6.19,6.32,5.75,6.24,16645,102648.69,20260731,6.103333333333334,6.035,6.171666666666669,6.171666666666669,6.035,0.1366666666666685,2.1901709401709692,Wide,Bullish,Above CPR,Cash Only,Unclassified,False,False,0.9,50,54159.84,Overlapping,False,No setup
STEELCAS,EQ,STEELCAST LIMITED,324.4,334.2,306.15,309.95,165475,53232409.5,20260731,316.76666666666665,320.17499999999995,313.35833333333335,320.17499999999995,313.35833333333335,6.816666666666606,2.1992794536753046,Wide,Bearish,Below CPR,Cash Only,Unclassified,False,True,0.98,50,19698025.75,Overlapping,False,No setup
VISL,EQ,VEDANTA IRON AND STEEL L,31.0,32.28,30.15,32.28,31992774,1010030650.8,20260731,31.570000000000004,31.215,31.925000000000008,31.925000000000008,31.215,0.710000000000008,2.19950433705083,Wide,Bullish,Above CPR,Cash Only,Unclassified,False,False,0.9166666666666666,24,1004348513.785,Higher,False,No setup
DGCONTENT,EQ,DIGICONTENT LIMITED,24.1,26.0,23.51,23.96,16260,397409.05,20260731,24.49,24.755000000000003,24.224999999999994,24.755000000000003,24.224999999999994,0.5300000000000082,2.212020033389016,Wide,Bearish,Below CPR,Cash Only,Unclassified,False,True,0.94,50,370186.5,Outside,False,No setup
KRITIKA,EQ,KRITIKA WIRES LIMITED,5.5,6.4,5.47,6.14,1098742,6708090.65,20260731,6.003333333333334,5.9350000000000005,6.071666666666667,6.071666666666667,5.9350000000000005,0.13666666666666671,2.22584147665581,Wide,Bullish,Above CPR,Cash Only,Unclassified,False,False,0.98,50,616692.69,Higher,False,No setup
WAAREEINDO,EQ,INDOSOLAR LIMITED,295.0,309.95,282.8,306.7,275972,82197401.6,20260731,299.81666666666666,296.375,303.2583333333333,303.2583333333333,296.375,6.883333333333326,2.2443212694272336,Wide,Bullish,Above CPR,Cash Only,Unclassified,False,False,1.0,44,16711959.225,Overlapping,False,No setup
63MOONS,EQ,63 MOONS TECHNOLOGIES LTD,852.7,950.0,850.0,931.4,13988219,12825464391.0,20260731,910.4666666666667,900.0,920.9333333333334,920.9333333333334,900.0,20.933333333333394,2.2475127048887042,Wide,Bullish,Above CPR,Cash Only,Unclassified,False,False,1.0,50,93914939.725,Higher,False,No setup
SANGHVIMOV,EQ,SANGHVI MOVERS LTD,435.0,454.0,393.45,409.8,2026770,841257091.7,20260731,419.0833333333333,423.725,414.4416666666666,423.725,414.4416666666666,9.283333333333417,2.265332682609423,Wide,Bearish,Below CPR,Cash Only,Unclassified,False,True,0.98,50,153791991.64999998,Lower,False,No setup
TEAMGTY,EQ,TEAM INDIA GUARANTY LTD,230.0,230.0,215.31,215.32,29751,6544555.76,20260731,220.21,222.655,217.76500000000001,222.655,217.76500000000001,4.889999999999986,2.2710384543934548,Wide,Bearish,Below CPR,Cash Only,Unclassified,False,True,0.88,50,191612.685,Outside,False,No setup
ALLDIGI,EQ,ALLDIGI TECH LIMITED,750.0,820.0,750.0,812.7,30029,23960828.9,20260731,794.2333333333332,785.0,803.4666666666665,803.4666666666665,785.0,18.46666666666647,2.272261186989845,Wide,Bullish,Above CPR,Cash Only,Unclassified,False,False,1.0,50,4385128.95,Lower,False,No setup
GALLANTT,EQ,GALLANTT ISPAT LIMITED,587.7,614.6,572.25,614.6,124690,74740375.05,20260731,600.4833333333332,593.425,607.5416666666665,607.5416666666665,593.425,14.11666666666656,2.2968868640850246,Wide,Bullish,Above CPR,Cash Only,Capital Goods,False,False,0.96,50,84300141.275,Inside,False,No setup
DEEPINDS,EQ,DEEP INDUSTRIES LIMITED,553.2,599.9,552.75,596.9,2245703,1306711744.15,20260731,583.1833333333334,576.325,590.0416666666667,590.0416666666667,576.325,13.716666666666697,2.297984028592176,Wide,Bullish,Above CPR,Cash Only,Unclassified,False,False,1.0,50,99624698.475,Higher,False,No setup
XPROINDIA,EQ,XPRO INDIA LIMITED,1401.6,1520.0,1377.0,1500.4,140912,205811046.9,20260731,1465.8,1448.5,1483.1,1483.1,1448.5,34.59999999999991,2.306051719541449,Wide,Bullish,Above CPR,Cash Only,Unclassified,False,False,0.96,50,46068294.5,Higher,False,No setup
PUNJABCHEM,EQ,PUNJAB CHEM & CROP PROT L,1196.0,1253.3,1115.0,1143.8,264918,315479469.5,20260731,1170.7,1184.15,1157.25,1184.15,1157.25,26.90000000000009,2.351809756950524,Wide,Bearish,Below CPR,Cash Only,Unclassified,False,True,0.98,50,12786952.3,Lower,False,No setup
NELCO,EQ,NELCO LTD,935.0,1024.6,935.0,1015.65,2015805,2006967116.4,20260731,991.75,979.8,1003.7,1003.7,979.8,23.90000000000009,2.353172844976133,Wide,Bullish,Above CPR,Cash Only,Unclassified,False,False,0.98,50,161321360.85,Higher,False,No setup
RSDFIN,EQ,R S D FINANCE LTD.,105.0,110.74,102.9,110.74,160324,17561756.18,20260731,108.12666666666667,106.82,109.43333333333334,109.43333333333334,106.82,2.613333333333344,2.3598820058997148,Wide,Bullish,Above CPR,Cash Only,Unclassified,False,False,0.8478260869565217,46,11705.560000000001,Higher,False,No setup
XTGLOBAL,EQ,XTGLOBAL INFOTECH LIMITED,32.03,34.1,31.37,33.95,384701,12840220.32,20260731,33.14,32.735,33.545,33.545,32.735,0.8100000000000023,2.3858615611192997,Wide,Bullish,Above CPR,Cash Only,Unclassified,False,False,0.96,50,1224545.245,Higher,False,No setup
CENTEXT,EQ,CENTURY EXTRUSIONS LTD,18.65,20.0,18.3,19.87,184165,3592804.18,20260731,19.39,19.15,19.630000000000003,19.630000000000003,19.15,0.480000000000004,2.415702063412199,Wide,Bullish,Above CPR,Cash Only,Unclassified,False,False,0.98,50,1318124.24,Higher,False,No setup
AKG,EQ,AKG EXIM LIMITED,10.6,10.6,9.85,9.86,3090,30705.23,20260731,10.103333333333333,10.225,9.981666666666667,10.225,9.981666666666667,0.2433333333333323,2.46788370520621,Wide,Bearish,Below CPR,Cash Only,Unclassified,False,True,0.96,50,98548.64,Overlapping,False,No setup
MACPOWER,EQ,MACPOWER CNC MACHINES LTD,1470.0,1578.8,1446.1,1458.2,87316,131963020.6,20260731,1494.3666666666666,1512.4499999999998,1476.2833333333333,1512.4499999999998,1476.2833333333333,36.166666666666515,2.4802267635898034,Wide,Bearish,Below CPR,Cash Only,Unclassified,False,True,0.9,50,24784432.0,Higher,False,No setup
KABRAEXTRU,EQ,KABRA EXTRUSION TECHNIK L,358.0,402.8,357.5,394.95,370346,142166496.45,20260731,385.0833333333333,380.15,390.01666666666665,390.01666666666665,380.15,9.866666666666674,2.4982065240325797,Wide,Bullish,Above CPR,Cash Only,Unclassified,False,False,1.0,50,20555897.83,Higher,False,No setup
ANIKINDS,EQ,ANIK INDUSTRIES LTD,41.14,44.66,41.14,41.33,5185,217086.87,20260731,42.376666666666665,42.9,41.85333333333333,42.9,41.85333333333333,1.0466666666666669,2.5324622953463996,Wide,Bearish,Below CPR,Cash Only,Unclassified,False,True,0.8,5,217086.87,Outside,False,No setup
SICALLOG,EQ,SICAL LOGISTICS LIMITED,121.9,122.5,111.22,112.53,152074,17990135.92,20260731,115.41666666666667,116.86,113.97333333333334,116.86,113.97333333333334,2.886666666666656,2.5652418614295356,Wide,Bearish,Below CPR,Cash Only,Unclassified,False,True,0.9565217391304348,23,5264545.68,Outside,False,No setup
BIL,EQ,BHARTIYA INTERNATIONAL,798.95,798.95,740.0,740.6,2682,2012009.85,20260731,759.85,769.475,750.225,769.475,750.225,19.25,2.599243856332703,Wide,Bearish,Below CPR,Cash Only,Unclassified,False,True,1.0,50,2345366.1500000004,Higher,False,No setup
NAZARA,EQ,NAZARA TECHNOLOGIES LTD,309.0,343.8,306.5,339.0,19464356,6466223987.9,20260731,329.76666666666665,325.15,334.3833333333333,334.3833333333333,325.15,9.233333333333348,2.7236971484759143,Wide,Bullish,Above CPR,Cash Only,Unclassified,False,False,1.0,50,520557763.25,Higher,False,No setup
THEJO,EQ,THEJO ENGINEERING LIMITED,1933.0,2136.0,1908.0,2108.7,75458,156781270.5,20260731,2050.9,2022.0,2079.8,2079.8,2022.0,57.80000000000018,2.741025276236553,Wide,Bullish,Above CPR,Cash Only,Unclassified,False,False,1.0,50,8972346.15,Higher,False,No setup
SCPL,EQ,SHEETAL COOL PRODUCTS LTD,552.2,630.0,548.45,615.0,550846,337888845.45,20260731,597.8166666666667,589.225,606.4083333333334,606.4083333333334,589.225,17.183333333333394,2.7940379403794133,Wide,Bullish,Above CPR,Cash Only,Unclassified,False,False,0.9117647058823529,34,14679497.375,Higher,False,No setup
APTUS,EQ,APTUS VALUE HSG FIN I LTD,277.5,288.4,256.0,261.2,5845612,1579324615.4,20260731,268.5333333333333,272.2,264.8666666666666,272.2,264.8666666666666,7.333333333333371,2.8075548749362063,Wide,Bearish,Below CPR,Cash Only,Financial Services,False,True,1.0,50,225098581.0,Lower,False,No setup
LCL,EQ,LOHIA CORP LIMITED,480.0,544.4,479.95,535.15,10892095,5664459827.45,20260731,519.8333333333334,512.175,527.4916666666668,527.4916666666668,512.175,15.316666666666833,2.8621258837086487,Wide,Bullish,Above CPR,Cash Only,Unclassified,False,False,1.0,2,7860676936.65,Higher,False,No setup
GATECH,EQ,GACM TECHNOLOGIES LIMITED,0.64,0.69,0.63,0.69,81203825,53206699.2,20260731,0.6699999999999999,0.6599999999999999,0.6799999999999999,0.6799999999999999,0.6599999999999999,0.020000000000000018,2.898550724637684,Wide,Bullish,Above CPR,Cash Only,Unclassified,False,False,0.98,50,2494408.1950000003,Higher,False,No setup
ZEEMEDIA,EQ,ZEE MEDIA CORPORATION LTD,7.46,8.2,7.46,7.5,8351390,65425023.68,20260731,7.72,7.83,7.609999999999999,7.83,7.609999999999999,0.22000000000000064,2.933333333333342,Wide,Bearish,Below CPR,Cash Only,Unclassified,False,True,1.0,50,7450360.29,Higher,False,No setup
SHRIKRISH,EQ,SHRI KRISHNA DEVCON LTD.,40.95,43.99,39.55,40.0,2382,99382.45,20260731,41.18,41.769999999999996,40.59,41.769999999999996,40.59,1.1799999999999926,2.9499999999999815,Wide,Bearish,Below CPR,Cash Only,Unclassified,False,True,0.8958333333333334,48,44499.81,Overlapping,False,No setup
SINTERCOM,EQ,SINTERCOM INDIA LIMITED,92.3,92.3,82.5,83.69,5181,438676.9,20260731,86.16333333333334,87.4,84.92666666666668,87.4,84.92666666666668,2.473333333333329,2.9553510973035357,Wide,Bearish,Below CPR,Cash Only,Unclassified,False,True,1.0,50,415875.945,Higher,False,No setup
VERANDA,EQ,VERANDA LEARNING SOL LTD,231.46,265.0,229.87,259.09,3373967,869742526.86,20260731,251.32000000000002,247.435,255.20500000000004,255.20500000000004,247.435,7.770000000000039,2.9989578910803347,Wide,Bullish,Above CPR,Cash Only,Unclassified,False,False,1.0,50,56494000.95,Higher,False,No setup
SIGNPOST,EQ,SIGNPOST INDIA LIMITED,310.0,311.45,281.35,283.55,218833,64379659.0,20260731,292.1166666666666,296.4,287.83333333333326,296.4,287.83333333333326,8.56666666666672,3.0212190677717228,Wide,Bearish,Below CPR,Cash Only,Unclassified,False,True,0.98,50,43708018.65,Lower,False,No setup
ASIANTILES,EQ,ASIAN GRANITO IND. LTD.,59.75,59.75,54.64,54.68,10893154,609699586.96,20260731,56.35666666666666,57.195,55.518333333333324,57.195,55.518333333333324,1.6766666666666765,3.066325286515502,Wide,Bearish,Below CPR,Cash Only,Unclassified,False,True,0.98,50,112698517.19,Lower,False,No setup
BANSWRAS,EQ,BANSWARA SYNTEX LIMITED,128.98,136.59,122.51,123.66,117294,14995488.68,20260731,127.58666666666666,129.55,125.6233333333333,129.55,125.6233333333333,3.926666666666705,3.175373335489815,Wide,Bearish,Below CPR,Cash Only,Unclassified,False,True,1.0,50,5536739.925,Outside,False,No setup
SAURASHCEM,EQ,SAURASHTRA CEMENT LIMITED,67.49,67.49,59.04,60.38,1629384,100875224.25,20260731,62.303333333333335,63.265,61.34166666666667,63.265,61.34166666666667,1.923333333333332,3.1853814728938916,Wide,Bearish,Below CPR,Cash Only,Unclassified,False,True,1.0,50,4212188.495,Higher,False,No setup
20MICRONS,EQ,20 MICRONS LTD,200.0,212.52,191.1,192.46,808418,162708811.07,20260731,198.69333333333336,201.81,195.5766666666667,201.81,195.5766666666667,6.233333333333292,3.238768228896026,Wide,Bearish,Below CPR,Cash Only,Unclassified,False,True,1.0,50,32058287.53,Outside,False,No setup
ABMINTLLTD,EQ,ABM INTERNATIONAL LTD,48.74,48.74,43.11,43.71,281,12947.14,20260731,45.18666666666667,45.925,44.44833333333334,45.925,44.44833333333334,1.4766666666666595,3.378326851216334,Wide,Bearish,Below CPR,Cash Only,Unclassified,False,True,0.9767441860465116,43,12947.14,Outside,False,No setup
TIJARIA,EQ,TIJARIA POLYPIPES LTD,4.45,5.03,4.45,5.03,257165,1235967.48,20260731,4.836666666666667,4.74,4.933333333333334,4.933333333333334,4.74,0.19333333333333336,3.8436050364479795,Wide,Bullish,Above CPR,Cash Only,Unclassified,False,False,0.9772727272727273,44,163152.38,Overlapping,False,No setup
SATIN,EQ,SATIN CREDIT NET LTD,262.88,269.99,237.5,239.81,2632579,661706593.56,20260731,249.1,253.745,244.45499999999998,253.745,244.45499999999998,9.29000000000002,3.8739001709686924,Wide,Bearish,Below CPR,Cash Only,Unclassified,False,True,1.0,50,128378491.94,Lower,False,No setup
NIRAJISPAT,EQ,NIRAJ ISPAT IND LTD,195.0,223.6,195.0,222.49,122,24202.5,20260731,213.6966666666667,209.3,218.09333333333336,218.09333333333336,209.3,8.79333333333335,3.9522375537477417,Wide,Bullish,Above CPR,Cash Only,Unclassified,False,False,1.0,42,18232.75,Higher,False,No setup
BTML,EQ,BODHI TREE MULTIMEDIA LTD,6.16,7.3,6.01,7.09,2169140,15051992.83,20260731,6.8,6.654999999999999,6.945,6.945,6.654999999999999,0.2900000000000009,4.090267983074766,Wide,Bullish,Above CPR,Cash Only,Unclassified,False,False,0.98,50,1087745.0699999998,Higher,False,No setup
ESAFSFB,EQ,ESAF SMALL FINANCE BANK L,37.88,43.0,35.75,42.05,43578126,1758305964.46,20260731,40.266666666666666,39.375,41.15833333333333,41.15833333333333,39.375,1.7833333333333314,4.24098295679746,Wide,Bullish,Above CPR,Cash Only,Unclassified,False,False,1.0,50,31238337.835,Higher,False,No setup
THERMAX,EQ,THERMAX LTD,3892.0,4489.0,3566.5,4306.0,3745682,14751876121.5,20260731,4120.5,4027.75,4213.25,4213.25,4027.75,185.5,4.307942405945193,Wide,Bullish,Above CPR,Cash Only,Capital Goods,False,False,1.0,50,985348747.75,Lower,False,No setup
UEL,EQ,UJAAS ENERGY LIMITED,136.0,153.73,133.4,153.73,218909,33009724.87,20260731,146.95333333333335,143.565,150.3416666666667,150.3416666666667,143.565,6.776666666666699,4.408161495262278,Wide,Bullish,Above CPR,Cash Only,Unclassified,False,False,1.0,50,763061.5700000001,Higher,False,No setup
SIGMA,EQ,SIGMA SOLVE LIMITED,47.95,57.2,45.12,54.98,6041372,317418104.97,20260731,52.43333333333333,51.16,53.70666666666666,53.70666666666666,51.16,2.546666666666667,4.6319873893537045,Wide,Bullish,Above CPR,Cash Only,Unclassified,False,False,0.98,50,2309255.255,Higher,False,No setup
ISHANCH,EQ,ISHAN DYES N CHEMICALS L,52.4,60.97,51.07,52.22,351140,19882848.75,20260731,54.75333333333333,56.019999999999996,53.486666666666665,56.019999999999996,53.486666666666665,2.5333333333333314,4.851270266819861,Wide,Bearish,Below CPR,Cash Only,Unclassified,False,True,1.0,50,609416.885,Higher,False,No setup
TRANSPEK,EQ,TRANSPEK INDUSTRY LTD,1146.75,1321.3,1123.75,1321.3,289600,364117582.85,20260731,1255.45,1222.525,1288.375,1288.375,1222.525,65.84999999999991,4.983728146522358,Wide,Bullish,Above CPR,Cash Only,Unclassified,False,False,1.0,50,4075890.5,Higher,False,No setup
DCI,EQ,DC INFOTECH AND COMUN LTD,276.75,332.1,273.95,329.7,124884,39676682.75,20260731,311.9166666666667,303.025,320.8083333333334,320.8083333333334,303.025,17.783333333333417,5.393792336467521,Wide,Bullish,Above CPR,Cash Only,Unclassified,False,False,1.0,15,7972686.8,Higher,False,No setup
YASHO,EQ,YASHO INDUSTRIES LIMITED,3258.9,3858.7,3225.0,3858.7,273048,1024963835.0,20260731,3647.4666666666667,3541.85,3753.0833333333335,3753.0833333333335,3541.85,211.23333333333358,5.474209794317609,Wide,Bullish,Above CPR,Cash Only,Unclassified,False,False,1.0,50,69637711.35,Higher,False,No setup
BCG,EQ,BRIGHTCOM GROUP LIMITED,9.28,9.4,7.7,9.33,5026553,46365601.92,20260731,8.81,8.55,9.07,9.07,8.55,0.5199999999999996,5.573419078242225,Wide,Bullish,Above CPR,Cash Only,Unclassified,False,False,1.0,50,55206827.42,Lower,False,No setup
NARMADA,EQ,NARMADA AGROBASE LIMITED,19.99,21.67,16.51,17.02,8232988,151838676.93,20260731,18.400000000000002,19.090000000000003,17.71,19.090000000000003,17.71,1.3800000000000026,8.108108108108123,Wide,Bearish,Below CPR,Cash Only,Unclassified,False,True,0.98,50,21711864.1,Lower,False,No setup
