SYMBOL,SERIES,NAME,OPEN,HIGH,LOW,CLOSE,VOLUME,VALUE,session,Pivot,BC,TC,CPR_Top,CPR_Bottom,CPR_Width,CPR_Width_Pct,CPR_Class,Bias,Price_Position,Segment,Industry,Bullish_CPR,Bearish_CPR,Width_Rank_Pct,History_Days,Value_60d,Overlay,Own_Narrow,Setup,Nifty500,Signal_Direction,Signal_Score,Signal_Grade,Signal_Explanation,Strategy_Type,Strategy_Setup,Strategy_Confirmation,Strategy_Explanation,JCurve_Stage,JCurve_Score,JCurve_Explanation
OSIAHYPER,EQ,OSIA HYPER RETAIL LIMITED,8.37,8.37,7.95,8.16,565694,4602948.47,20260306,8.16,8.16,8.16,8.16,8.16,0.0,0.0,Narrow,Neutral,Inside CPR,Cash Only,Diversified,False,False,0.0416666666666666,60,4684330.85,Inside,False,No setup,False,Neutral,0,Not applicable,No directional setup; confirmation score not applicable.,Narrow CPR,Not applicable,Not applicable,Narrow CPR; Wide CPR rules not applied,None,0,No active J-Curve setup.
LGHL,EQ,LAXMI GOLDORNA HOUSE LTD,279.8,280.2,270.0,275.1,47124,13124918.6,20260306,275.1,275.1,275.1,275.1,275.1,0.0,0.0,Narrow,Neutral,Inside CPR,Cash Only,Diversified,False,False,0.0166666666666666,60,30485494.15,Lower,False,No setup,False,Neutral,0,Not applicable,No directional setup; confirmation score not applicable.,Narrow CPR,Not applicable,Not applicable,Narrow CPR; Wide CPR rules not applied,None,0,No active J-Curve setup.
AKSHOPTFBR,EQ,AKSH OPTIFIBRE LIMITED,4.5,4.56,4.46,4.51,178167,805869.9,20260306,4.51,4.51,4.51,4.51,4.51,0.0,0.0,Narrow,Neutral,Inside CPR,Cash Only,Diversified,False,False,0.0333333333333333,60,1112217.17,Higher,False,No setup,False,Neutral,0,Not applicable,No directional setup; confirmation score not applicable.,Narrow CPR,Not applicable,Not applicable,Narrow CPR; Wide CPR rules not applied,None,0,No active J-Curve setup.
URJA,EQ,URJA GLOBAL LIMITED,8.8,9.01,8.79,8.9,859582,7659958.33,20260306,8.899999999999999,8.899999999999999,8.899999999999999,8.899999999999999,8.899999999999999,0.0,0.0,Narrow,Neutral,Above CPR,Cash Only,Diversified,False,False,0.025,60,12125584.565,Higher,False,No setup,False,Neutral,0,Not applicable,No directional setup; confirmation score not applicable.,Narrow CPR,Not applicable,Not applicable,Narrow CPR; Wide CPR rules not applied,None,0,No active J-Curve setup.
SADHNANIQ,EQ,SADHANA NITROCHEM LIMITED,1.62,1.62,1.62,1.62,436676,707415.12,20260306,1.62,1.62,1.62,1.62,1.62,0.0,0.0,Narrow,Neutral,Inside CPR,Cash Only,Diversified,False,False,0.0833333333333333,60,4158549.55,Lower,False,No setup,False,Neutral,0,Not applicable,No directional setup; confirmation score not applicable.,Narrow CPR,Not applicable,Not applicable,Narrow CPR; Wide CPR rules not applied,None,0,No active J-Curve setup.
VIVIDHA,EQ,VISAGAR POLYTEX LTD,0.51,0.54,0.5,0.52,700666,361471.84,20260306,0.52,0.52,0.52,0.52,0.52,0.0,0.0,Narrow,Neutral,Inside CPR,Cash Only,Diversified,False,False,0.1083333333333333,60,199627.505,Higher,False,No setup,False,Neutral,0,Not applicable,No directional setup; confirmation score not applicable.,Narrow CPR,Not applicable,Not applicable,Narrow CPR; Wide CPR rules not applied,None,0,No active J-Curve setup.
GOKUL,EQ,GOKUL REFOILS & SOLV LTD,40.85,40.85,39.13,39.99,27816,1106730.35,20260306,39.99,39.99,39.99,39.99,39.99,0.0,0.0,Narrow,Neutral,Inside CPR,Cash Only,Diversified,False,False,0.025,60,935673.87,Higher,False,No setup,False,Neutral,0,Not applicable,No directional setup; confirmation score not applicable.,Narrow CPR,Not applicable,Not applicable,Narrow CPR; Wide CPR rules not applied,None,0,No active J-Curve setup.
JSWENERGY,EQ,JSW ENERGY LIMITED,476.9,499.5,476.9,488.2,4021658,1983284191.1,20260306,488.2,488.2,488.2,488.2,488.2,0.0,0.0,Narrow,Neutral,Inside CPR,Cash Only,Power,False,False,0.025,60,845046842.725,Higher,False,No setup,True,Neutral,0,Not applicable,No directional setup; confirmation score not applicable.,Narrow CPR,Not applicable,Not applicable,Narrow CPR; Wide CPR rules not applied,None,0,No active J-Curve setup.
GATECHDVR,EQ,GACM TECHNOLOGIES LIMITED,0.47,0.48,0.46,0.47,281441,132990.49,20260306,0.47,0.47,0.47,0.47,0.47,0.0,0.0,Narrow,Neutral,Inside CPR,Cash Only,Information Technology,False,False,0.1416666666666666,60,348189.555,Higher,False,No setup,False,Neutral,0,Not applicable,No directional setup; confirmation score not applicable.,Narrow CPR,Not applicable,Not applicable,Narrow CPR; Wide CPR rules not applied,None,0,No active J-Curve setup.
HAVISHA,EQ,SRI HAVISHA HOSP & INFR L,1.5,1.5,1.42,1.46,12064,17810.22,20260306,1.46,1.46,1.46,1.46,1.46,0.0,0.0,Narrow,Neutral,Inside CPR,Cash Only,Diversified,False,False,0.0416666666666666,60,55299.630000000005,Lower,False,No setup,False,Neutral,0,Not applicable,No directional setup; confirmation score not applicable.,Narrow CPR,Not applicable,Not applicable,Narrow CPR; Wide CPR rules not applied,None,0,No active J-Curve setup.
SHIVAUM,EQ,SHIV AUM STEELS LIMITED,275.0,275.0,275.0,275.0,30,8250.0,20260306,275.0,275.0,275.0,275.0,275.0,0.0,0.0,Narrow,Neutral,Inside CPR,Cash Only,Diversified,False,False,0.125,60,11700.525,Inside,False,No setup,False,Neutral,0,Not applicable,No directional setup; confirmation score not applicable.,Narrow CPR,Not applicable,Not applicable,Narrow CPR; Wide CPR rules not applied,None,0,No active J-Curve setup.
KAMOPAINTS,EQ,KAMDHENU VENTURES LIMITED,4.39,4.39,3.95,4.17,732011,3059498.36,20260306,4.17,4.17,4.17,4.17,4.17,0.0,0.0,Narrow,Neutral,Inside CPR,Cash Only,Diversified,False,False,0.025,60,4382567.33,Lower,False,No setup,False,Neutral,0,Not applicable,No directional setup; confirmation score not applicable.,Narrow CPR,Not applicable,Not applicable,Narrow CPR; Wide CPR rules not applied,None,0,No active J-Curve setup.
ANTGRAPHIC,EQ,ANTARCTICA LTD,0.82,0.82,0.8,0.81,130814,105476.09,20260306,0.81,0.81,0.81,0.81,0.81,0.0,0.0,Narrow,Neutral,Inside CPR,Cash Only,Diversified,False,False,0.0333333333333333,60,170576.2,Inside,False,No setup,False,Neutral,0,Not applicable,No directional setup; confirmation score not applicable.,Narrow CPR,Not applicable,Not applicable,Narrow CPR; Wide CPR rules not applied,None,0,No active J-Curve setup.
STALLION,EQ,STALLION IND FLUOROCHEM L,107.18,107.18,107.18,107.18,214259,22964279.62,20260306,107.18,107.18,107.18,107.18,107.18,0.0,0.0,Narrow,Neutral,Inside CPR,Cash Only,Diversified,False,False,0.0757575757575757,33,85030291.93,Lower,False,No setup,False,Neutral,0,Not applicable,No directional setup; confirmation score not applicable.,Narrow CPR,Not applicable,Not applicable,Narrow CPR; Wide CPR rules not applied,None,0,No active J-Curve setup.
GESHIP,EQ,THE GE SHPG.LTD,1395.6,1435.0,1395.6,1415.3,755093,1072745190.6,20260306,1415.3,1415.3,1415.3,1415.3,1415.3,0.0,0.0,Narrow,Neutral,Inside CPR,Cash Only,Services,False,False,0.0166666666666666,60,399235003.75,Higher,False,No setup,True,Neutral,0,Not applicable,No directional setup; confirmation score not applicable.,Narrow CPR,Not applicable,Not applicable,Narrow CPR; Wide CPR rules not applied,None,0,No active J-Curve setup.
RAMASTEEL,EQ,RAMA STEEL TUBES LIMITED,6.28,6.43,6.25,6.34,10680105,67824403.78,20260306,6.34,6.34,6.34,6.34,6.34,0.0,0.0,Narrow,Neutral,Inside CPR,Cash Only,Metals & Mining,False,False,0.0166666666666666,60,69193132.66499999,Inside,False,No setup,False,Neutral,0,Not applicable,No directional setup; confirmation score not applicable.,Narrow CPR,Not applicable,Not applicable,Narrow CPR; Wide CPR rules not applied,None,0,No active J-Curve setup.
RMDRIP,EQ,R M DRIP & SPRINK SYS LTD,51.58,51.58,51.58,51.58,110244,5686385.52,20260306,51.580000000000005,51.58,51.58000000000001,51.58000000000001,51.58,1.4210854715202004e-14,2.7551094833660343e-14,Narrow,Bullish,Inside CPR,Cash Only,Diversified,False,False,0.1,60,352772428.24,Lower,True,Watch,False,Neutral,0,Not applicable,No directional setup; confirmation score not applicable.,Narrow CPR,Not applicable,Not applicable,Narrow CPR; Wide CPR rules not applied,None,0,No active J-Curve setup.
YASHO,EQ,YASHO INDUSTRIES LIMITED,1572.9,1574.7,1554.1,1564.4,7022,11002758.5,20260306,1564.4000000000003,1564.4,1564.4000000000003,1564.4000000000003,1564.4,4.547473508864641e-13,2.906848318118538e-14,Narrow,Bullish,Inside CPR,Cash Only,Diversified,False,False,0.0166666666666666,60,20199300.95,Lower,True,Watch,False,Neutral,0,Not applicable,No directional setup; confirmation score not applicable.,Narrow CPR,Not applicable,Not applicable,Narrow CPR; Wide CPR rules not applied,None,0,No active J-Curve setup.
AKSHAR,EQ,AKSHAR SPINTEX LIMITED,0.38,0.39,0.37,0.38,1486296,571034.99,20260306,0.38,0.38,0.3800000000000001,0.3800000000000001,0.38,1.1102230246251563e-16,2.9216395384872544e-14,Narrow,Bullish,Inside CPR,Cash Only,Diversified,False,False,0.2,60,520589.225,Overlapping,True,Watch,False,Neutral,0,Not applicable,No directional setup; confirmation score not applicable.,Narrow CPR,Not applicable,Not applicable,Narrow CPR; Wide CPR rules not applied,None,0,No active J-Curve setup.
DISHTV,EQ,DISH TV INDIA LTD.,2.6,2.64,2.58,2.61,2419293,6327664.86,20260306,2.61,2.6100000000000003,2.6099999999999994,2.6100000000000003,2.6099999999999994,8.881784197001252e-16,3.4029824509583345e-14,Narrow,Bearish,Inside CPR,Cash Only,Diversified,False,False,0.0333333333333333,60,10912751.71,Inside,True,Watch,False,Neutral,0,Not applicable,No directional setup; confirmation score not applicable.,Narrow CPR,Not applicable,Not applicable,Narrow CPR; Wide CPR rules not applied,None,0,No active J-Curve setup.
PKTEA,EQ,THE P K TEA PROD CO LTD,775.05,775.05,775.0,775.0,168,130200.5,20260306,775.0166666666668,775.025,775.0083333333336,775.025,775.0083333333336,0.0166666666664241,0.0021505376343773,Narrow,Bearish,Below CPR,Cash Only,FMCG & Food Products,False,True,0.0666666666666666,60,304096.375,Inside,True,No setup,False,Neutral,0,Not applicable,No directional setup; confirmation score not applicable.,Narrow CPR,Not applicable,Not applicable,Narrow CPR; Wide CPR rules not applied,None,0,No active J-Curve setup.
PRIVISCL,EQ,PRIVI SPECIALITY CHE LTD,2910.0,2939.8,2861.0,2900.5,48896,141508013.5,20260306,2900.433333333333,2900.4,2900.466666666666,2900.466666666666,2900.4,0.0666666666656965,0.0022984542894568,Narrow,Bullish,Above CPR,Cash Only,Diversified,True,False,0.0166666666666666,60,281875713.9,Inside,True,No setup,False,Neutral,0,Not applicable,No directional setup; confirmation score not applicable.,Narrow CPR,Not applicable,Not applicable,Narrow CPR; Wide CPR rules not applied,None,0,No active J-Curve setup.
PICCADIL,EQ,PICCADILY AGRO INDUSTRI L,533.1,554.85,532.1,543.45,198117,108211108.95,20260306,543.4666666666667,543.475,543.4583333333334,543.475,543.4583333333334,0.0166666666666515,0.0030668261416232,Narrow,Bearish,Below CPR,Cash Only,Diversified,False,True,0.0333333333333333,60,62937634.825,Higher,True,No setup,False,Neutral,0,Not applicable,No directional setup; confirmation score not applicable.,Narrow CPR,Not applicable,Not applicable,Narrow CPR; Wide CPR rules not applied,None,0,No active J-Curve setup.
BECTORFOOD,EQ,MRS BECTORS FOOD SPE LTD,195.79,199.0,192.2,195.59,484362,94774893.46,20260306,195.59666666666664,195.6,195.59333333333333,195.6,195.59333333333333,0.0066666666666606,0.0034084905499568,Narrow,Bearish,Below CPR,Cash Only,FMCG & Food Products,False,True,0.0166666666666666,60,106645699.69,Higher,True,No setup,False,Neutral,0,Not applicable,No directional setup; confirmation score not applicable.,Narrow CPR,Not applicable,Not applicable,Narrow CPR; Wide CPR rules not applied,None,0,No active J-Curve setup.
APOLLOHOSP,EQ,APOLLO HOSPITALS ENTER. L,7770.0,7781.0,7669.0,7724.5,225749,1744085100.5,20260306,7724.833333333333,7725.0,7724.666666666666,7725.0,7724.666666666666,0.3333333333339396,0.0043152739120194,Narrow,Bearish,Below CPR,Cash Only,Healthcare,False,True,0.0166666666666666,60,2801023519.5,Inside,True,No setup,True,Neutral,0,Not applicable,No directional setup; confirmation score not applicable.,Narrow CPR,Not applicable,Not applicable,Narrow CPR; Wide CPR rules not applied,None,0,No active J-Curve setup.
RITES,EQ,RITES LIMITED,201.0,212.4,200.87,206.62,1487507,310169581.29,20260306,206.63,206.635,206.625,206.635,206.625,0.0099999999999909,0.0048398025360521,Narrow,Bearish,Below CPR,Cash Only,Construction,False,True,0.0333333333333333,60,131659426.76,Higher,True,No setup,True,Neutral,0,Not applicable,No directional setup; confirmation score not applicable.,Narrow CPR,Not applicable,Not applicable,Narrow CPR; Wide CPR rules not applied,None,0,No active J-Curve setup.
KSOLVES,EQ,KSOLVES INDIA LIMITED,289.65,294.15,281.0,287.55,26242,7585039.65,20260306,287.56666666666666,287.575,287.55833333333334,287.575,287.55833333333334,0.0166666666666515,0.0057960934330208,Narrow,Bearish,Below CPR,Cash Only,Diversified,False,True,0.0166666666666666,60,10556992.15,Lower,True,Short,False,Short,70,Confirmed,CPR width: Narrow (20/20); Price location: Below CPR (20/20); Trend: unavailable (10/20); Participation: unavailable (10/20); Higher timeframe: unavailable (10/20),Narrow CPR,Not applicable,Not applicable,Narrow CPR; Wide CPR rules not applied,None,0,No active J-Curve setup.
SPORTKING,EQ,SPORTKING INDIA LIMITED,110.5,111.54,109.08,110.3,90718,10025295.37,20260306,110.30666666666669,110.31,110.30333333333334,110.31,110.30333333333334,0.0066666666666606,0.0060441220912607,Narrow,Bearish,Below CPR,Cash Only,Logistics & Ports,False,True,0.0166666666666666,60,8955465.455,Inside,True,No setup,False,Neutral,0,Not applicable,No directional setup; confirmation score not applicable.,Narrow CPR,Not applicable,Not applicable,Narrow CPR; Wide CPR rules not applied,None,0,No active J-Curve setup.
ORIENTTECH,EQ,ORIENT TECHNOLOGIES LTD,267.65,274.0,265.55,269.8,353292,95495302.95,20260306,269.7833333333333,269.775,269.79166666666663,269.79166666666663,269.775,0.0166666666666515,0.0061774153694038,Narrow,Bullish,Above CPR,Cash Only,Information Technology,True,False,0.0166666666666666,60,124841593.725,Higher,True,Long,False,Long,70,Confirmed,CPR width: Narrow (20/20); Price location: Above CPR (20/20); Trend: unavailable (10/20); Participation: unavailable (10/20); Higher timeframe: unavailable (10/20),Narrow CPR,Not applicable,Not applicable,Narrow CPR; Wide CPR rules not applied,None,0,No active J-Curve setup.
SURYALAXMI,EQ,SURYALAKSHMI COT MIL LTD,54.49,54.5,51.99,53.25,2490,132872.18,20260306,53.24666666666667,53.245000000000005,53.248333333333335,53.248333333333335,53.245000000000005,0.0033333333333303,0.0062597809076625,Narrow,Bullish,Above CPR,Cash Only,Diversified,True,False,0.0166666666666666,60,305227.605,Higher,True,Long,False,Long,70,Confirmed,CPR width: Narrow (20/20); Price location: Above CPR (20/20); Trend: unavailable (10/20); Participation: unavailable (10/20); Higher timeframe: unavailable (10/20),Narrow CPR,Not applicable,Not applicable,Narrow CPR; Wide CPR rules not applied,None,0,No active J-Curve setup.
GAIL,EQ,GAIL (INDIA) LTD,155.9,157.8,153.65,155.71,14633439,2283389247.97,20260306,155.72000000000003,155.72500000000002,155.71500000000003,155.72500000000002,155.71500000000003,0.0099999999999909,0.0064221951062814,Narrow,Bearish,Below CPR,Cash Only,Oil Gas & Consumable Fuels,False,True,0.0333333333333333,60,1636451771.21,Lower,True,Short,True,Short,70,Confirmed,CPR width: Narrow (20/20); Price location: Below CPR (20/20); Trend: unavailable (10/20); Participation: unavailable (10/20); Higher timeframe: unavailable (10/20),Narrow CPR,Not applicable,Not applicable,Narrow CPR; Wide CPR rules not applied,None,0,No active J-Curve setup.
VESUVIUS,EQ,VESUVIUS INDIA LTD,495.0,512.85,495.0,503.85,149192,75549045.95,20260306,503.9,503.925,503.87500000000006,503.925,503.87500000000006,0.0499999999999545,0.0099235883695454,Narrow,Bearish,Below CPR,Cash Only,Diversified,False,True,0.0166666666666666,60,26051721.875,Higher,True,No setup,False,Neutral,0,Not applicable,No directional setup; confirmation score not applicable.,Narrow CPR,Not applicable,Not applicable,Narrow CPR; Wide CPR rules not applied,None,0,No active J-Curve setup.
PATANJALI,EQ,PATANJALI FOODS LIMITED,499.9,504.55,496.4,500.55,879648,440563877.3,20260306,500.5,500.475,500.525,500.525,500.475,0.0499999999999545,0.0099890120866955,Narrow,Bullish,Above CPR,Cash Only,Fast Moving Consumer Goods,True,False,0.0333333333333333,60,1129221599.075,Lower,True,No setup,True,Neutral,0,Not applicable,No directional setup; confirmation score not applicable.,Narrow CPR,Not applicable,Not applicable,Narrow CPR; Wide CPR rules not applied,None,0,No active J-Curve setup.
DRREDDY,EQ,DR. REDDY S LABORATORIES,1313.5,1316.4,1290.8,1303.8,963701,1258547201.1,20260306,1303.6666666666667,1303.6,1303.7333333333336,1303.7333333333336,1303.6,0.1333333333336668,0.0102265173595387,Narrow,Bullish,Above CPR,Cash Only,Healthcare,True,False,0.0333333333333333,60,1574136417.8000002,Lower,True,No setup,True,Neutral,0,Not applicable,No directional setup; confirmation score not applicable.,Narrow CPR,Not applicable,Not applicable,Narrow CPR; Wide CPR rules not applied,None,0,No active J-Curve setup.
BHARTIHEXA,EQ,BHARTI HEXACOM LIMITED,1585.6,1623.9,1585.4,1604.9,22875,36755954.2,20260306,1604.7333333333336,1604.65,1604.816666666667,1604.816666666667,1604.65,0.1666666666669698,0.0103848630236756,Narrow,Bullish,Above CPR,Cash Only,Telecommunication,True,False,0.0333333333333333,60,229266203.65,Higher,True,Long,True,Long,70,Confirmed,CPR width: Narrow (20/20); Price location: Above CPR (20/20); Trend: unavailable (10/20); Participation: unavailable (10/20); Higher timeframe: unavailable (10/20),Narrow CPR,Not applicable,Not applicable,Narrow CPR; Wide CPR rules not applied,None,0,No active J-Curve setup.
FRACTAL,EQ,FRACTAL ANALYTICS LIMITED,780.0,826.0,771.05,798.4,3121482,2508611380.4,20260306,798.4833333333332,798.525,798.4416666666665,798.525,798.4416666666665,0.0833333333334849,0.0104375417501859,Narrow,Bearish,Below CPR,Cash Only,Diversified,False,True,0.0714285714285714,14,679401110.75,Higher,True,No setup,False,Neutral,0,Not applicable,No directional setup; confirmation score not applicable.,Narrow CPR,Not applicable,Not applicable,Narrow CPR; Wide CPR rules not applied,None,0,No active J-Curve setup.
MUTHOOTMF,EQ,MUTHOOT MICROFIN LIMITED,157.29,161.0,156.65,158.8,169508,26911710.79,20260306,158.81666666666666,158.825,158.80833333333334,158.825,158.80833333333334,0.0166666666666515,0.0104953820318964,Narrow,Bearish,Below CPR,Cash Only,Diversified,False,True,0.0333333333333333,60,29549297.405,Higher,True,No setup,False,Neutral,0,Not applicable,No directional setup; confirmation score not applicable.,Narrow CPR,Not applicable,Not applicable,Narrow CPR; Wide CPR rules not applied,None,0,No active J-Curve setup.
SWSOLAR,EQ,STRLNG & WIL REN ENE LTD,178.0,186.0,177.5,181.78,1825292,331930080.08,20260306,181.76,181.75,181.77,181.77,181.75,0.0199999999999818,0.0110023104851918,Narrow,Bullish,Above CPR,Cash Only,Power & Utilities,True,False,0.0166666666666666,60,268070264.46,Higher,True,Long,False,Long,70,Confirmed,CPR width: Narrow (20/20); Price location: Above CPR (20/20); Trend: unavailable (10/20); Participation: unavailable (10/20); Higher timeframe: unavailable (10/20),Narrow CPR,Not applicable,Not applicable,Narrow CPR; Wide CPR rules not applied,None,0,No active J-Curve setup.
CONFIPET,EQ,CONFIDENCE PETRO IND LTD.,29.18,30.6,28.87,29.73,511067,15101120.8,20260306,29.73333333333333,29.735,29.73166666666667,29.735,29.73166666666667,0.0033333333333303,0.0112120192846629,Narrow,Bearish,Below CPR,Cash Only,Diversified,False,True,0.0166666666666666,60,15148585.685,Higher,True,No setup,False,Neutral,0,Not applicable,No directional setup; confirmation score not applicable.,Narrow CPR,Not applicable,Not applicable,Narrow CPR; Wide CPR rules not applied,None,0,No active J-Curve setup.
NSIL,EQ,NALWA SONS INVESTMENT LTD,5698.0,5889.5,5690.5,5791.0,2398,13857007.0,20260306,5790.333333333333,5790.0,5790.666666666666,5790.666666666666,5790.0,0.6666666666660603,0.0115121165026085,Narrow,Bullish,Above CPR,Cash Only,Diversified,True,False,0.05,60,16940442.0,Higher,True,Long,False,Long,70,Confirmed,CPR width: Narrow (20/20); Price location: Above CPR (20/20); Trend: unavailable (10/20); Participation: unavailable (10/20); Higher timeframe: unavailable (10/20),Narrow CPR,Not applicable,Not applicable,Narrow CPR; Wide CPR rules not applied,None,0,No active J-Curve setup.
MEDANTA,EQ,GLOBAL HEALTH LIMITED,1104.1,1119.0,1101.6,1110.1,47552,52832082.4,20260306,1110.2333333333331,1110.3,1110.1666666666667,1110.3,1110.1666666666667,0.133333333333212,0.0120109299462401,Narrow,Bearish,Below CPR,Cash Only,Healthcare,False,True,0.0166666666666666,60,142463820.75,Overlapping,True,No setup,True,Neutral,0,Not applicable,No directional setup; confirmation score not applicable.,Narrow CPR,Not applicable,Not applicable,Narrow CPR; Wide CPR rules not applied,None,0,No active J-Curve setup.
BCLIND,EQ,BCL INDUSTRIES LIMITED,27.99,27.99,27.5,27.74,521000,14441735.03,20260306,27.74333333333333,27.745,27.74166666666666,27.745,27.74166666666666,0.0033333333333374,0.0120163422254412,Narrow,Bearish,Below CPR,Cash Only,Diversified,False,True,0.0833333333333333,60,14691623.535,Lower,True,Short,False,Short,70,Confirmed,CPR width: Narrow (20/20); Price location: Below CPR (20/20); Trend: unavailable (10/20); Participation: unavailable (10/20); Higher timeframe: unavailable (10/20),Narrow CPR,Not applicable,Not applicable,Narrow CPR; Wide CPR rules not applied,None,0,No active J-Curve setup.
INSECTICID,EQ,INSECTICIDES (I) LTD,612.95,617.85,604.9,611.5,20534,12546638.8,20260306,611.4166666666666,611.375,611.4583333333333,611.4583333333333,611.375,0.0833333333332575,0.0136276914690527,Narrow,Bullish,Above CPR,Cash Only,Diversified,True,False,0.0333333333333333,60,11235210.675,Lower,True,No setup,False,Neutral,0,Not applicable,No directional setup; confirmation score not applicable.,Narrow CPR,Not applicable,Not applicable,Narrow CPR; Wide CPR rules not applied,None,0,No active J-Curve setup.
PRINCEPIPE,EQ,PRINCE PIPES FITTINGS LTD,237.0,242.3,237.0,239.7,85094,20445670.95,20260306,239.66666666666663,239.65,239.6833333333333,239.6833333333333,239.65,0.033333333333303,0.0139062717285369,Narrow,Bullish,Above CPR,Cash Only,Building Materials & Pipes,True,False,0.0166666666666666,60,26143915.495,Higher,True,Long,False,Long,70,Confirmed,CPR width: Narrow (20/20); Price location: Above CPR (20/20); Trend: unavailable (10/20); Participation: unavailable (10/20); Higher timeframe: unavailable (10/20),Narrow CPR,Not applicable,Not applicable,Narrow CPR; Wide CPR rules not applied,None,0,No active J-Curve setup.
VMSTMT,EQ,VMS TMT LIMITED,42.05,43.35,42.05,42.69,71875,3077914.68,20260306,42.696666666666665,42.7,42.69333333333333,42.7,42.69333333333333,0.0066666666666748,0.015616459748594,Narrow,Bearish,Below CPR,Cash Only,Diversified,False,True,0.05,60,5904490.9,Lower,True,Short,False,Short,70,Confirmed,CPR width: Narrow (20/20); Price location: Below CPR (20/20); Trend: unavailable (10/20); Participation: unavailable (10/20); Higher timeframe: unavailable (10/20),Narrow CPR,Not applicable,Not applicable,Narrow CPR; Wide CPR rules not applied,None,0,No active J-Curve setup.
DICIND,EQ,DIC INDIA LIMITED,525.95,535.0,514.15,524.45,1222,647957.2,20260306,524.5333333333334,524.575,524.4916666666668,524.575,524.4916666666668,0.0833333333332575,0.0158896621857674,Narrow,Bearish,Below CPR,Cash Only,Diversified,False,True,0.0166666666666666,60,912727.075,Inside,True,No setup,False,Neutral,0,Not applicable,No directional setup; confirmation score not applicable.,Narrow CPR,Not applicable,Not applicable,Narrow CPR; Wide CPR rules not applied,None,0,No active J-Curve setup.
EUROBOND,EQ,EURO PANEL PRODUCTS LTD,156.1,166.5,156.1,161.26,2418,397005.28,20260306,161.28666666666666,161.3,161.2733333333333,161.3,161.2733333333333,0.0266666666666992,0.0165364421844842,Narrow,Bearish,Below CPR,Cash Only,Diversified,False,True,0.0333333333333333,60,882765.105,Lower,True,Short,False,Short,70,Confirmed,CPR width: Narrow (20/20); Price location: Below CPR (20/20); Trend: unavailable (10/20); Participation: unavailable (10/20); Higher timeframe: unavailable (10/20),Narrow CPR,Not applicable,Not applicable,Narrow CPR; Wide CPR rules not applied,None,0,No active J-Curve setup.
ANUHPHR,EQ,ANUH PHARMA LIMITED,77.76,77.97,77.21,77.61,16797,1303169.32,20260306,77.59666666666668,77.59,77.60333333333335,77.60333333333335,77.59,0.0133333333333496,0.0171799166774251,Narrow,Bullish,Above CPR,Cash Only,Diversified,True,False,0.05,60,2155868.9850000003,Higher,True,Long,False,Long,70,Confirmed,CPR width: Narrow (20/20); Price location: Above CPR (20/20); Trend: unavailable (10/20); Participation: unavailable (10/20); Higher timeframe: unavailable (10/20),Narrow CPR,Not applicable,Not applicable,Narrow CPR; Wide CPR rules not applied,None,0,No active J-Curve setup.
CEMPRO,EQ,CEMINDIA PROJECTS LIMITED,563.85,573.3,558.3,565.65,286299,162307078.2,20260306,565.75,565.8,565.7,565.8,565.7,0.099999999999909,0.0176787766286412,Narrow,Bearish,Below CPR,Cash Only,Construction,False,True,0.0333333333333333,60,163466663.7,Higher,True,No setup,True,Neutral,0,Not applicable,No directional setup; confirmation score not applicable.,Narrow CPR,Not applicable,Not applicable,Narrow CPR; Wide CPR rules not applied,None,0,No active J-Curve setup.
SARDAEN,EQ,SARDA ENERGY & MIN LTD,545.7,562.05,545.25,553.5,928299,515030941.9,20260306,553.6,553.65,553.5500000000001,553.65,553.5500000000001,0.099999999999909,0.0180668473351235,Narrow,Bearish,Below CPR,Cash Only,Metals & Mining,False,True,0.0166666666666666,60,186354723.275,Higher,True,No setup,True,Neutral,0,Not applicable,No directional setup; confirmation score not applicable.,Narrow CPR,Not applicable,Not applicable,Narrow CPR; Wide CPR rules not applied,None,0,No active J-Curve setup.
GRINDWELL,EQ,GRINDWELL NORTON LIMITED,1570.0,1583.5,1553.2,1568.8,19623,30707061.6,20260306,1568.5,1568.35,1568.65,1568.65,1568.35,0.3000000000001819,0.0191228964813986,Narrow,Bullish,Above CPR,Cash Only,Diversified,True,False,0.0333333333333333,60,33222421.5,Lower,True,No setup,False,Neutral,0,Not applicable,No directional setup; confirmation score not applicable.,Narrow CPR,Not applicable,Not applicable,Narrow CPR; Wide CPR rules not applied,None,0,No active J-Curve setup.
INDIASHLTR,EQ,INDIA SHELTER FIN CORP L,699.0,699.15,680.35,689.55,71098,48931954.9,20260306,689.6833333333334,689.75,689.6166666666668,689.75,689.6166666666668,0.133333333333212,0.0193362821163384,Narrow,Bearish,Below CPR,Cash Only,Diversified,False,True,0.05,60,97530871.775,Lower,True,Short,False,Short,70,Confirmed,CPR width: Narrow (20/20); Price location: Below CPR (20/20); Trend: unavailable (10/20); Participation: unavailable (10/20); Higher timeframe: unavailable (10/20),Narrow CPR,Not applicable,Not applicable,Narrow CPR; Wide CPR rules not applied,None,0,No active J-Curve setup.
DIFFNKG,EQ,DIFFUSION ENGINEERS LTD,250.25,259.9,250.25,255.0,32960,8439336.75,20260306,255.05,255.075,255.025,255.075,255.025,0.0500000000000113,0.0196078431372593,Narrow,Bearish,Below CPR,Cash Only,Diversified,False,True,0.0666666666666666,60,22286140.75,Higher,True,No setup,False,Neutral,0,Not applicable,No directional setup; confirmation score not applicable.,Narrow CPR,Not applicable,Not applicable,Narrow CPR; Wide CPR rules not applied,None,0,No active J-Curve setup.
SANOFICONR,EQ,SANOFI CONS HEALTHC IND L,4260.0,4609.8,4213.0,4410.1,63200,284140533.5,20260306,4410.966666666666,4411.4,4410.533333333333,4411.4,4410.533333333333,0.8666666666667879,0.0196518597461914,Narrow,Bearish,Below CPR,Cash Only,Diversified,False,True,0.0333333333333333,60,12534485.7,Higher,True,No setup,False,Neutral,0,Not applicable,No directional setup; confirmation score not applicable.,Narrow CPR,Not applicable,Not applicable,Narrow CPR; Wide CPR rules not applied,None,0,No active J-Curve setup.
BBL,EQ,BHARAT BIJLEE LTD,2299.0,2371.6,2296.2,2334.6,33741,78619806.5,20260306,2334.133333333333,2333.9,2334.366666666667,2334.366666666667,2333.9,0.4666666666671517,0.0199891487478433,Narrow,Bullish,Above CPR,Cash Only,Diversified,True,False,0.0166666666666666,60,47646811.05,Higher,True,Long,False,Long,70,Confirmed,CPR width: Narrow (20/20); Price location: Above CPR (20/20); Trend: unavailable (10/20); Participation: unavailable (10/20); Higher timeframe: unavailable (10/20),Narrow CPR,Not applicable,Not applicable,Narrow CPR; Wide CPR rules not applied,None,0,No active J-Curve setup.
BIRLAMONEY,EQ,ADITYA BIRLA MONEY LTD,129.6,129.6,127.44,128.48,17657,2266638.29,20260306,128.50666666666666,128.51999999999998,128.49333333333334,128.51999999999998,128.49333333333334,0.0266666666666424,0.0207555002075361,Narrow,Bearish,Below CPR,Cash Only,Diversified,False,True,0.0333333333333333,60,6188629.74,Inside,True,No setup,False,Neutral,0,Not applicable,No directional setup; confirmation score not applicable.,Narrow CPR,Not applicable,Not applicable,Narrow CPR; Wide CPR rules not applied,None,0,No active J-Curve setup.
NARMADA,EQ,NARMADA AGROBASE LIMITED,32.05,32.1,31.82,31.95,24241,774962.12,20260306,31.956666666666667,31.96,31.953333333333333,31.96,31.953333333333333,0.0066666666666677,0.0208659363588973,Narrow,Bearish,Below CPR,Cash Only,Diversified,False,True,0.027027027027027,37,6465065.71,Lower,True,Short,False,Short,70,Confirmed,CPR width: Narrow (20/20); Price location: Below CPR (20/20); Trend: unavailable (10/20); Participation: unavailable (10/20); Higher timeframe: unavailable (10/20),Narrow CPR,Not applicable,Not applicable,Narrow CPR; Wide CPR rules not applied,None,0,No active J-Curve setup.
DLINKINDIA,EQ,D-LINK INDIA LTD,394.55,402.65,392.5,397.45,63647,25355913.9,20260306,397.5333333333333,397.575,397.4916666666666,397.575,397.4916666666666,0.0833333333333712,0.0209669979452437,Narrow,Bearish,Below CPR,Cash Only,Diversified,False,True,0.0333333333333333,60,24768668.2,Higher,True,No setup,False,Neutral,0,Not applicable,No directional setup; confirmation score not applicable.,Narrow CPR,Not applicable,Not applicable,Narrow CPR; Wide CPR rules not applied,None,0,No active J-Curve setup.
GUJGASLTD,EQ,GUJARAT GAS LIMITED,393.0,400.9,390.65,395.65,558679,221374351.45,20260306,395.7333333333333,395.775,395.6916666666666,395.775,395.6916666666666,0.0833333333333712,0.0210623867896805,Narrow,Bearish,Below CPR,Cash Only,Energy & Gas,False,True,0.0666666666666666,60,120271260.3,Lower,True,Short,False,Short,70,Confirmed,CPR width: Narrow (20/20); Price location: Below CPR (20/20); Trend: unavailable (10/20); Participation: unavailable (10/20); Higher timeframe: unavailable (10/20),Narrow CPR,Not applicable,Not applicable,Narrow CPR; Wide CPR rules not applied,None,0,No active J-Curve setup.
RUBICON,EQ,RUBICON RESEARCH LIMITED,758.0,776.05,755.15,765.85,66949,51407736.5,20260306,765.6833333333333,765.5999999999999,765.7666666666667,765.7666666666667,765.5999999999999,0.1666666666667424,0.0217623120280397,Narrow,Bullish,Above CPR,Cash Only,Diversified,True,False,0.0666666666666666,60,99689543.9,Higher,True,Long,False,Long,70,Confirmed,CPR width: Narrow (20/20); Price location: Above CPR (20/20); Trend: unavailable (10/20); Participation: unavailable (10/20); Higher timeframe: unavailable (10/20),Narrow CPR,Not applicable,Not applicable,Narrow CPR; Wide CPR rules not applied,None,0,No active J-Curve setup.
ALBERTDAVD,EQ,ALBERT DAVID LIMITED,680.8,687.0,673.55,680.05,1900,1291275.0,20260306,680.1999999999999,680.275,680.1249999999999,680.275,680.1249999999999,0.1500000000000909,0.0220572016763607,Narrow,Bearish,Below CPR,Cash Only,Diversified,False,True,0.0333333333333333,60,1404881.875,Lower,True,Short,False,Short,70,Confirmed,CPR width: Narrow (20/20); Price location: Below CPR (20/20); Trend: unavailable (10/20); Participation: unavailable (10/20); Higher timeframe: unavailable (10/20),Narrow CPR,Not applicable,Not applicable,Narrow CPR; Wide CPR rules not applied,None,0,No active J-Curve setup.
SENCO,EQ,SENCO GOLD LIMITED,302.0,305.2,298.6,301.8,427442,129131157.95,20260306,301.8666666666666,301.9,301.83333333333326,301.9,301.83333333333326,0.0666666666667197,0.0220896841175347,Narrow,Bearish,Below CPR,Cash Only,Consumer Jewelry,False,True,0.0166666666666666,60,194174413.125,Higher,True,No setup,False,Neutral,0,Not applicable,No directional setup; confirmation score not applicable.,Narrow CPR,Not applicable,Not applicable,Narrow CPR; Wide CPR rules not applied,None,0,No active J-Curve setup.
POKARNA,EQ,POKARNA LIMITED,874.45,921.0,872.0,896.8,87365,78399975.05,20260306,896.6,896.5,896.7,896.7,896.5,0.2000000000000454,0.0223015165031272,Narrow,Bullish,Above CPR,Cash Only,Diversified,True,False,0.0333333333333333,60,59382485.55,Higher,True,Long,False,Long,70,Confirmed,CPR width: Narrow (20/20); Price location: Above CPR (20/20); Trend: unavailable (10/20); Participation: unavailable (10/20); Higher timeframe: unavailable (10/20),Narrow CPR,Not applicable,Not applicable,Narrow CPR; Wide CPR rules not applied,None,0,No active J-Curve setup.
ARE&M,EQ,AMARA RAJA ENERGY MOB LTD,805.0,814.5,800.45,807.75,180324,145565100.6,20260306,807.5666666666666,807.475,807.6583333333332,807.6583333333332,807.475,0.1833333333331666,0.0226967914989992,Narrow,Bullish,Above CPR,Cash Only,Automobile and Auto Components,True,False,0.05,60,235028841.65,Higher,True,Long,True,Long,70,Confirmed,CPR width: Narrow (20/20); Price location: Above CPR (20/20); Trend: unavailable (10/20); Participation: unavailable (10/20); Higher timeframe: unavailable (10/20),Narrow CPR,Not applicable,Not applicable,Narrow CPR; Wide CPR rules not applied,None,0,No active J-Curve setup.
QUADFUTURE,EQ,QUADRANT FUTURE TEK LTD,283.85,297.3,282.0,289.75,281886,82006029.0,20260306,289.68333333333334,289.65,289.7166666666667,289.7166666666667,289.65,0.0666666666667197,0.023008340523458,Narrow,Bullish,Above CPR,Cash Only,Diversified,True,False,0.0166666666666666,60,173564040.025,Higher,True,Long,False,Long,70,Confirmed,CPR width: Narrow (20/20); Price location: Above CPR (20/20); Trend: unavailable (10/20); Participation: unavailable (10/20); Higher timeframe: unavailable (10/20),Narrow CPR,Not applicable,Not applicable,Narrow CPR; Wide CPR rules not applied,None,0,No active J-Curve setup.
PASHUPATI,EQ,PASHUPATI COTSPIN LIMITED,1019.1,1030.0,994.6,1011.95,1895,1914906.95,20260306,1012.1833333333334,1012.3,1012.0666666666668,1012.3,1012.0666666666668,0.2333333333331211,0.0230577927104225,Narrow,Bearish,Below CPR,Cash Only,Diversified,False,True,0.05,60,1130458.4500000002,Inside,True,No setup,False,Neutral,0,Not applicable,No directional setup; confirmation score not applicable.,Narrow CPR,Not applicable,Not applicable,Narrow CPR; Wide CPR rules not applied,None,0,No active J-Curve setup.
CASTROLIND,EQ,CASTROL INDIA LIMITED,186.0,187.77,186.0,186.82,1145757,214228615.13,20260306,186.8633333333333,186.885,186.84166666666664,186.885,186.84166666666664,0.0433333333333507,0.0231952324876088,Narrow,Bearish,Below CPR,Cash Only,Oil Gas & Consumable Fuels,False,True,0.1166666666666666,60,280357933.105,Higher,True,No setup,True,Neutral,0,Not applicable,No directional setup; confirmation score not applicable.,Narrow CPR,Not applicable,Not applicable,Narrow CPR; Wide CPR rules not applied,None,0,No active J-Curve setup.
POLYCAB,EQ,POLYCAB INDIA LIMITED,8562.0,8630.0,8480.0,8552.0,287941,2471019890.0,20260306,8554.0,8555.0,8553.0,8555.0,8553.0,2.0,0.0233863423760523,Narrow,Bearish,Below CPR,Cash Only,Capital Goods,False,True,0.0333333333333333,60,2442910928.25,Higher,True,No setup,True,Neutral,0,Not applicable,No directional setup; confirmation score not applicable.,Narrow CPR,Not applicable,Not applicable,Narrow CPR; Wide CPR rules not applied,None,0,No active J-Curve setup.
PNGJL,EQ,P N GADGIL JEWELLERS LTD,526.0,554.7,526.0,540.15,316017,171983659.9,20260306,540.2833333333333,540.35,540.2166666666666,540.35,540.2166666666666,0.1333333333334394,0.0246845012188168,Narrow,Bearish,Below CPR,Cash Only,Diversified,False,True,0.0166666666666666,60,74942174.4,Higher,True,No setup,False,Neutral,0,Not applicable,No directional setup; confirmation score not applicable.,Narrow CPR,Not applicable,Not applicable,Narrow CPR; Wide CPR rules not applied,None,0,No active J-Curve setup.
VTL,EQ,VARDHMAN TEXTILES LIMITED,544.0,547.0,531.2,538.9,190258,102577063.5,20260306,539.0333333333333,539.1,538.9666666666666,539.1,538.9666666666666,0.1333333333334394,0.0247417579019186,Narrow,Bearish,Below CPR,Cash Only,Textiles,False,True,0.0333333333333333,60,62950947.6,Lower,True,Short,True,Short,70,Confirmed,CPR width: Narrow (20/20); Price location: Below CPR (20/20); Trend: unavailable (10/20); Participation: unavailable (10/20); Higher timeframe: unavailable (10/20),Narrow CPR,Not applicable,Not applicable,Narrow CPR; Wide CPR rules not applied,None,0,No active J-Curve setup.
JTLIND,EQ,JTL INDUSTRIES LIMITED,54.0,54.25,52.75,53.48,1660954,88799766.01,20260306,53.49333333333333,53.5,53.486666666666665,53.5,53.486666666666665,0.0133333333333354,0.0249314385440078,Narrow,Bearish,Below CPR,Cash Only,Diversified,False,True,0.0666666666666666,60,90269126.0,Higher,True,No setup,False,Neutral,0,Not applicable,No directional setup; confirmation score not applicable.,Narrow CPR,Not applicable,Not applicable,Narrow CPR; Wide CPR rules not applied,None,0,No active J-Curve setup.
GREENPANEL,EQ,GREENPANEL INDUSTRIES LTD,201.0,203.18,198.96,201.15,55294,11091294.72,20260306,201.09666666666664,201.07,201.1233333333333,201.1233333333333,201.07,0.0533333333333416,0.0265142099594042,Narrow,Bullish,Above CPR,Cash Only,Diversified,True,False,0.0333333333333333,60,22277174.23,Inside,True,No setup,False,Neutral,0,Not applicable,No directional setup; confirmation score not applicable.,Narrow CPR,Not applicable,Not applicable,Narrow CPR; Wide CPR rules not applied,None,0,No active J-Curve setup.
STYRENIX,EQ,STYRENIX PERFORMANCE LTD,1870.1,1875.9,1855.0,1864.7,24187,45130626.0,20260306,1865.2,1865.45,1864.95,1865.45,1864.95,0.5,0.0268139647128224,Narrow,Bearish,Below CPR,Cash Only,Automobile & Ancillary,False,True,0.0833333333333333,60,36228434.85,Lower,True,Short,False,Short,70,Confirmed,CPR width: Narrow (20/20); Price location: Below CPR (20/20); Trend: unavailable (10/20); Participation: unavailable (10/20); Higher timeframe: unavailable (10/20),Narrow CPR,Not applicable,Not applicable,Narrow CPR; Wide CPR rules not applied,None,0,No active J-Curve setup.
EUROPRATIK,EQ,EURO PRATIK SALES LIMITED,239.95,244.0,237.6,240.7,195672,47029963.15,20260306,240.76666666666665,240.8,240.7333333333333,240.8,240.7333333333333,0.0666666666667197,0.0276969948760779,Narrow,Bearish,Below CPR,Cash Only,Diversified,False,True,0.0333333333333333,60,30252033.875,Higher,True,No setup,False,Neutral,0,Not applicable,No directional setup; confirmation score not applicable.,Narrow CPR,Not applicable,Not applicable,Narrow CPR; Wide CPR rules not applied,None,0,No active J-Curve setup.
GANESHBE,EQ,GANESH BENZOPLAST LIMITED,80.6,81.76,78.21,79.95,70204,5621602.24,20260306,79.97333333333334,79.985,79.96166666666669,79.985,79.96166666666669,0.0233333333333121,0.0291849072336611,Narrow,Bearish,Below CPR,Cash Only,Diversified,False,True,0.0833333333333333,60,5564273.88,Higher,True,No setup,False,Neutral,0,Not applicable,No directional setup; confirmation score not applicable.,Narrow CPR,Not applicable,Not applicable,Narrow CPR; Wide CPR rules not applied,None,0,No active J-Curve setup.
ZYDUSLIFE,EQ,ZYDUS LIFESCIENCES LTD,914.65,919.5,905.8,913.05,456550,417104646.8,20260306,912.7833333333332,912.65,912.9166666666666,912.9166666666666,912.65,0.2666666666666515,0.0292061405910576,Narrow,Bullish,Above CPR,Cash Only,Healthcare,True,False,0.1166666666666666,60,442472949.375,Higher,True,Long,True,Long,70,Confirmed,CPR width: Narrow (20/20); Price location: Above CPR (20/20); Trend: unavailable (10/20); Participation: unavailable (10/20); Higher timeframe: unavailable (10/20),Narrow CPR,Not applicable,Not applicable,Narrow CPR; Wide CPR rules not applied,None,0,No active J-Curve setup.
JUBLINGREA,EQ,JUBILANT INGREVIA LIMITED,566.2,572.65,561.85,567.0,166503,94545278.55,20260306,567.1666666666666,567.25,567.0833333333333,567.25,567.0833333333333,0.1666666666667424,0.0293944738389316,Narrow,Bearish,Below CPR,Cash Only,Chemicals,False,True,0.05,60,99773229.45,Higher,True,No setup,True,Neutral,0,Not applicable,No directional setup; confirmation score not applicable.,Narrow CPR,Not applicable,Not applicable,Narrow CPR; Wide CPR rules not applied,None,0,No active J-Curve setup.
FAIRCHEMOR,EQ,FAIRCHEM ORGANICS LIMITED,561.35,571.1,560.0,565.3,12248,6910114.7,20260306,565.4666666666666,565.55,565.3833333333332,565.55,565.3833333333332,0.1666666666667424,0.0294828704522806,Narrow,Bearish,Below CPR,Cash Only,Chemicals & Fertilizers,False,True,0.0666666666666666,60,6015568.725,Higher,True,No setup,False,Neutral,0,Not applicable,No directional setup; confirmation score not applicable.,Narrow CPR,Not applicable,Not applicable,Narrow CPR; Wide CPR rules not applied,None,0,No active J-Curve setup.
DBL,EQ,DILIP BUILDCON LIMITED,436.1,462.0,435.5,448.55,446896,202373592.05,20260306,448.6833333333333,448.75,448.6166666666667,448.75,448.6166666666667,0.1333333333333257,0.0297254115111639,Narrow,Bearish,Below CPR,Cash Only,Diversified,False,True,0.0666666666666666,60,93045458.0,Higher,True,No setup,False,Neutral,0,Not applicable,No directional setup; confirmation score not applicable.,Narrow CPR,Not applicable,Not applicable,Narrow CPR; Wide CPR rules not applied,None,0,No active J-Curve setup.
BEPL,EQ,BHANSALI ENG. POLYMERS LT,77.92,78.96,77.65,78.27,247140,19371355.73,20260306,78.29333333333334,78.305,78.28166666666667,78.305,78.28166666666667,0.0233333333333405,0.0298113368255277,Narrow,Bearish,Below CPR,Cash Only,Diversified,False,True,0.0333333333333333,60,19216423.54,Higher,True,No setup,False,Neutral,0,Not applicable,No directional setup; confirmation score not applicable.,Narrow CPR,Not applicable,Not applicable,Narrow CPR; Wide CPR rules not applied,None,0,No active J-Curve setup.
SURANASOL,EQ,SURANA SOLAR LIMITED,22.7,22.7,21.8,22.26,34084,756838.26,20260306,22.25333333333333,22.25,22.256666666666668,22.256666666666668,22.25,0.0066666666666677,0.0299490865528648,Narrow,Bullish,Above CPR,Cash Only,Diversified,True,False,0.05,60,1259055.99,Higher,True,Long,False,Long,70,Confirmed,CPR width: Narrow (20/20); Price location: Above CPR (20/20); Trend: unavailable (10/20); Participation: unavailable (10/20); Higher timeframe: unavailable (10/20),Narrow CPR,Not applicable,Not applicable,Narrow CPR; Wide CPR rules not applied,None,0,No active J-Curve setup.
CNL,EQ,CREATIVE NEWTECH LIMITED,650.9,663.95,648.05,655.7,2064,1358487.75,20260306,655.9,656.0,655.8,656.0,655.8,0.2000000000000454,0.0305017538508533,Narrow,Bearish,Below CPR,Cash Only,Diversified,False,True,0.0847457627118644,59,4668460.6,Higher,True,No setup,False,Neutral,0,Not applicable,No directional setup; confirmation score not applicable.,Narrow CPR,Not applicable,Not applicable,Narrow CPR; Wide CPR rules not applied,None,0,No active J-Curve setup.
ARVINDFASN,EQ,ARVIND FASHIONS LIMITED,424.8,432.5,423.3,427.7,77586,33148215.6,20260306,427.8333333333333,427.9,427.76666666666665,427.9,427.76666666666665,0.1333333333333257,0.0311744992596038,Narrow,Bearish,Below CPR,Cash Only,Diversified,False,True,0.1,60,78686015.75,Higher,True,No setup,False,Neutral,0,Not applicable,No directional setup; confirmation score not applicable.,Narrow CPR,Not applicable,Not applicable,Narrow CPR; Wide CPR rules not applied,None,0,No active J-Curve setup.
HGM,EQ,HANDSON GBL MNGMNT LTD,53.82,54.3,51.35,52.8,59638,3121329.26,20260306,52.81666666666666,52.825,52.80833333333332,52.825,52.80833333333332,0.0166666666666799,0.0315656565656816,Narrow,Bearish,Below CPR,Cash Only,Diversified,False,True,0.05,60,301405.255,Inside,True,No setup,False,Neutral,0,Not applicable,No directional setup; confirmation score not applicable.,Narrow CPR,Not applicable,Not applicable,Narrow CPR; Wide CPR rules not applied,None,0,No active J-Curve setup.
VPRPL,EQ,VISHNU PRAKASH R PUNGLI L,41.35,42.6,41.12,41.84,668187,27937269.84,20260306,41.85333333333333,41.86,41.84666666666666,41.86,41.84666666666666,0.0133333333333354,0.0318674314850272,Narrow,Bearish,Below CPR,Cash Only,Diversified,False,True,0.0333333333333333,60,126425372.045,Lower,True,Short,False,Short,70,Confirmed,CPR width: Narrow (20/20); Price location: Below CPR (20/20); Trend: unavailable (10/20); Participation: unavailable (10/20); Higher timeframe: unavailable (10/20),Narrow CPR,Not applicable,Not applicable,Narrow CPR; Wide CPR rules not applied,None,0,No active J-Curve setup.
SWELECTES,EQ,SWELECT ENERGY SYS LTD,516.65,525.0,514.9,519.7,16161,8434521.1,20260306,519.8666666666667,519.95,519.7833333333333,519.95,519.7833333333333,0.1666666666667424,0.0320697838496714,Narrow,Bearish,Below CPR,Cash Only,Diversified,False,True,0.0166666666666666,60,8631564.425,Higher,True,No setup,False,Neutral,0,Not applicable,No directional setup; confirmation score not applicable.,Narrow CPR,Not applicable,Not applicable,Narrow CPR; Wide CPR rules not applied,None,0,No active J-Curve setup.
LIBAS,EQ,LIBAS CONSU PRODUCTS LTD,9.97,10.29,9.66,9.98,20553,205119.45,20260306,9.976666666666668,9.975,9.978333333333332,9.978333333333332,9.975,0.0033333333333338,0.0334001336005396,Narrow,Bullish,Above CPR,Cash Only,Diversified,True,False,0.0666666666666666,60,242539.455,Lower,True,No setup,False,Neutral,0,Not applicable,No directional setup; confirmation score not applicable.,Narrow CPR,Not applicable,Not applicable,Narrow CPR; Wide CPR rules not applied,None,0,No active J-Curve setup.
SHANTIGOLD,EQ,SHANTI GOLD INTERNATION L,206.5,209.84,203.55,206.59,168958,34855924.88,20260306,206.66,206.695,206.625,206.695,206.625,0.0699999999999931,0.0338835374413055,Narrow,Bearish,Below CPR,Cash Only,Diversified,False,True,0.0333333333333333,60,66305805.005,Higher,True,No setup,False,Neutral,0,Not applicable,No directional setup; confirmation score not applicable.,Narrow CPR,Not applicable,Not applicable,Narrow CPR; Wide CPR rules not applied,None,0,No active J-Curve setup.
HINDCOPPER,EQ,HINDUSTAN COPPER LTD,558.25,564.4,553.4,558.6,6695386,3743329030.2,20260306,558.8000000000001,558.9,558.7000000000002,558.9,558.7000000000002,0.1999999999998181,0.0358037952022588,Narrow,Bearish,Below CPR,Cash Only,Metals & Mining,False,True,0.0166666666666666,60,15095010877.55,Higher,True,No setup,True,Neutral,0,Not applicable,No directional setup; confirmation score not applicable.,Narrow CPR,Not applicable,Not applicable,Narrow CPR; Wide CPR rules not applied,None,0,No active J-Curve setup.
DPSCLTD,EQ,DPSC LIMITED,8.8,9.45,8.8,9.13,146262,1341525.44,20260306,9.126666666666669,9.125,9.128333333333334,9.128333333333334,9.125,0.0033333333333338,0.0365096750638976,Narrow,Bullish,Above CPR,Cash Only,Diversified,True,False,0.05,60,1015630.665,Higher,True,Long,False,Long,70,Confirmed,CPR width: Narrow (20/20); Price location: Above CPR (20/20); Trend: unavailable (10/20); Participation: unavailable (10/20); Higher timeframe: unavailable (10/20),Narrow CPR,Not applicable,Not applicable,Narrow CPR; Wide CPR rules not applied,None,0,No active J-Curve setup.
DMCC,EQ,DMCC SPECIALITY CHEMICALS,222.01,225.99,219.2,222.47,16034,3579337.57,20260306,222.5533333333333,222.595,222.51166666666663,222.595,222.51166666666663,0.0833333333333712,0.03745823406903,Narrow,Bearish,Below CPR,Cash Only,Diversified,False,True,0.0333333333333333,60,3132985.54,Inside,True,No setup,False,Neutral,0,Not applicable,No directional setup; confirmation score not applicable.,Narrow CPR,Not applicable,Not applicable,Narrow CPR; Wide CPR rules not applied,None,0,No active J-Curve setup.
ASIANPAINT,EQ,ASIAN PAINTS LIMITED,2261.7,2307.9,2253.7,2279.5,979742,2240550607.8,20260306,2280.366666666667,2280.8,2279.9333333333334,2280.8,2279.9333333333334,0.8666666666667879,0.0380200336331119,Narrow,Bearish,Below CPR,Cash Only,Consumer Durables,False,True,0.1333333333333333,60,2456101855.7,Lower,True,Short,True,Short,70,Confirmed,CPR width: Narrow (20/20); Price location: Below CPR (20/20); Trend: unavailable (10/20); Participation: unavailable (10/20); Higher timeframe: unavailable (10/20),Narrow CPR,Not applicable,Not applicable,Narrow CPR; Wide CPR rules not applied,None,0,No active J-Curve setup.
ANUP,EQ,THE ANUP ENGINEERING LTD,1460.0,1505.0,1455.1,1479.2,52388,77886635.1,20260306,1479.7666666666669,1480.05,1479.4833333333331,1480.05,1479.4833333333331,0.566666666666606,0.0383089958536104,Narrow,Bearish,Below CPR,Cash Only,Diversified,False,True,0.05,60,49820383.95,Higher,True,No setup,False,Neutral,0,Not applicable,No directional setup; confirmation score not applicable.,Narrow CPR,Not applicable,Not applicable,Narrow CPR; Wide CPR rules not applied,None,0,No active J-Curve setup.
AEQUS,EQ,AEQUS LIMITED,135.55,140.0,135.54,137.85,407659,56262706.65,20260306,137.79666666666665,137.76999999999998,137.82333333333332,137.82333333333332,137.76999999999998,0.0533333333333416,0.0386893966872264,Narrow,Bullish,Above CPR,Cash Only,Diversified,True,False,0.0847457627118644,59,160429739.68,Higher,True,Long,False,Long,70,Confirmed,CPR width: Narrow (20/20); Price location: Above CPR (20/20); Trend: unavailable (10/20); Participation: unavailable (10/20); Higher timeframe: unavailable (10/20),Narrow CPR,Not applicable,Not applicable,Narrow CPR; Wide CPR rules not applied,None,0,No active J-Curve setup.
MARATHON,EQ,MARATHON NXTGEN REALT LTD,427.7,438.8,421.9,430.6,76682,32997576.45,20260306,430.4333333333334,430.35,430.5166666666668,430.5166666666668,430.35,0.1666666666667424,0.0387056819941343,Narrow,Bullish,Above CPR,Cash Only,Diversified,True,False,0.0666666666666666,60,23900316.225,Higher,True,Long,False,Long,70,Confirmed,CPR width: Narrow (20/20); Price location: Above CPR (20/20); Trend: unavailable (10/20); Participation: unavailable (10/20); Higher timeframe: unavailable (10/20),Narrow CPR,Not applicable,Not applicable,Narrow CPR; Wide CPR rules not applied,None,0,No active J-Curve setup.
UNIDT,EQ,UNITED DRILLING TOOLS LTD,178.33,184.99,174.5,179.85,39536,7127573.76,20260306,179.78,179.745,179.815,179.815,179.745,0.0699999999999931,0.0389213233249892,Narrow,Bullish,Above CPR,Cash Only,Diversified,True,False,0.05,60,1264511.675,Higher,True,Long,False,Long,70,Confirmed,CPR width: Narrow (20/20); Price location: Above CPR (20/20); Trend: unavailable (10/20); Participation: unavailable (10/20); Higher timeframe: unavailable (10/20),Narrow CPR,Not applicable,Not applicable,Narrow CPR; Wide CPR rules not applied,None,0,No active J-Curve setup.
SUPRAJIT,EQ,SUPRAJIT ENGINEERING LTD,421.1,430.0,420.2,425.35,21094,8956584.25,20260306,425.1833333333334,425.1,425.2666666666668,425.2666666666668,425.1,0.1666666666667424,0.0391834175776989,Narrow,Bullish,Above CPR,Cash Only,Diversified,True,False,0.05,60,31253429.525,Inside,True,No setup,False,Neutral,0,Not applicable,No directional setup; confirmation score not applicable.,Narrow CPR,Not applicable,Not applicable,Narrow CPR; Wide CPR rules not applied,None,0,No active J-Curve setup.
UNITEDTEA,EQ,UNITED NILGIRI TEA LTD,493.0,517.7,493.0,505.05,3601,1801228.6,20260306,505.25,505.35,505.15,505.35,505.15,0.2000000000000454,0.0396000396000486,Narrow,Bearish,Below CPR,Cash Only,FMCG & Food Products,False,True,0.0666666666666666,60,909808.175,Higher,True,No setup,False,Neutral,0,Not applicable,No directional setup; confirmation score not applicable.,Narrow CPR,Not applicable,Not applicable,Narrow CPR; Wide CPR rules not applied,None,0,No active J-Curve setup.
MEESHO,EQ,MEESHO LIMITED,158.0,161.2,157.51,159.26,1204578,192586498.8,20260306,159.32333333333332,159.355,159.29166666666666,159.355,159.29166666666666,0.0633333333333325,0.039767256896479,Narrow,Bearish,Below CPR,Cash Only,Consumer Services,False,True,0.1016949152542373,59,919592118.74,Higher,True,No setup,True,Neutral,0,Not applicable,No directional setup; confirmation score not applicable.,Narrow CPR,Not applicable,Not applicable,Narrow CPR; Wide CPR rules not applied,None,0,No active J-Curve setup.
HMAAGRO,EQ,HMA AGRO INDUSTRIES LTD,25.01,25.35,24.78,25.05,99531,2494464.69,20260306,25.06,25.065,25.055000000000003,25.065,25.055000000000003,0.009999999999998,0.0399201596806307,Narrow,Bearish,Below CPR,Cash Only,Chemicals & Fertilizers,False,True,0.0166666666666666,60,4878155.595,Inside,True,No setup,False,Neutral,0,Not applicable,No directional setup; confirmation score not applicable.,Narrow CPR,Not applicable,Not applicable,Narrow CPR; Wide CPR rules not applied,None,0,No active J-Curve setup.
MAHESHWARI,EQ,MAHESHWARI LOGISTICS LTD.,40.98,41.89,40.2,41.07,14058,575697.36,20260306,41.053333333333335,41.045,41.06166666666667,41.06166666666667,41.045,0.0166666666666657,0.0405811216622004,Narrow,Bullish,Above CPR,Cash Only,Diversified,True,False,0.0166666666666666,60,435881.16,Higher,True,Long,False,Long,70,Confirmed,CPR width: Narrow (20/20); Price location: Above CPR (20/20); Trend: unavailable (10/20); Participation: unavailable (10/20); Higher timeframe: unavailable (10/20),Narrow CPR,Not applicable,Not applicable,Narrow CPR; Wide CPR rules not applied,None,0,No active J-Curve setup.
BHAGYANGR,EQ,BHAGYANAGAR INDIA LIMITED,160.02,165.0,156.5,160.65,130100,21033437.77,20260306,160.71666666666667,160.75,160.68333333333334,160.75,160.68333333333334,0.0666666666666628,0.0414980807137646,Narrow,Bearish,Below CPR,Cash Only,Diversified,False,True,0.08,25,57050633.05,Lower,True,Short,False,Short,70,Confirmed,CPR width: Narrow (20/20); Price location: Below CPR (20/20); Trend: unavailable (10/20); Participation: unavailable (10/20); Higher timeframe: unavailable (10/20),Narrow CPR,Not applicable,Not applicable,Narrow CPR; Wide CPR rules not applied,None,0,No active J-Curve setup.
AARON,EQ,AARON INDUSTRIES LIMITED,152.0,155.0,146.55,150.68,21713,3288871.6,20260306,150.74333333333334,150.775,150.71166666666667,150.775,150.71166666666667,0.0633333333333325,0.0420316786125116,Narrow,Bearish,Below CPR,Cash Only,Diversified,False,True,0.0333333333333333,60,1718545.11,Inside,True,No setup,False,Neutral,0,Not applicable,No directional setup; confirmation score not applicable.,Narrow CPR,Not applicable,Not applicable,Narrow CPR; Wide CPR rules not applied,None,0,No active J-Curve setup.
JAGRAN,EQ,JAGRAN PRAKASHAN LIMITED,63.27,63.58,63.1,63.38,75999,4819286.49,20260306,63.35333333333333,63.34,63.36666666666666,63.36666666666666,63.34,0.0266666666666566,0.0420742610707741,Narrow,Bullish,Above CPR,Cash Only,Diversified,True,False,0.1,60,7619928.74,Higher,True,Long,False,Long,70,Confirmed,CPR width: Narrow (20/20); Price location: Above CPR (20/20); Trend: unavailable (10/20); Participation: unavailable (10/20); Higher timeframe: unavailable (10/20),Narrow CPR,Not applicable,Not applicable,Narrow CPR; Wide CPR rules not applied,None,0,No active J-Curve setup.
SHIVALIK,EQ,SHIVALIK RASAYAN LIMITED,277.05,281.15,271.1,276.3,26765,7355173.25,20260306,276.18333333333334,276.125,276.2416666666667,276.2416666666667,276.125,0.1166666666666742,0.042224635058514,Narrow,Bullish,Above CPR,Cash Only,Diversified,True,False,0.0166666666666666,60,8764466.9,Lower,True,No setup,False,Neutral,0,Not applicable,No directional setup; confirmation score not applicable.,Narrow CPR,Not applicable,Not applicable,Narrow CPR; Wide CPR rules not applied,None,0,No active J-Curve setup.
FINPIPE,EQ,FINOLEX INDUSTRIES LTD,186.05,190.62,184.08,187.47,455400,85906510.67,20260306,187.39,187.35,187.43,187.43,187.35,0.079999999999984,0.0426734944257663,Narrow,Bullish,Above CPR,Cash Only,Building Materials & Pipes,True,False,0.05,60,67000371.57,Higher,True,Long,False,Long,70,Confirmed,CPR width: Narrow (20/20); Price location: Above CPR (20/20); Trend: unavailable (10/20); Participation: unavailable (10/20); Higher timeframe: unavailable (10/20),Narrow CPR,Not applicable,Not applicable,Narrow CPR; Wide CPR rules not applied,None,0,No active J-Curve setup.
DHANBANK,EQ,DHANLAXMI BANK LIMITED,23.4,23.55,23.2,23.36,224836,5257020.71,20260306,23.37,23.375,23.365,23.375,23.365,0.009999999999998,0.0428082191780736,Narrow,Bearish,Below CPR,Cash Only,Financial Services,False,True,0.1,60,10884922.255,Inside,True,No setup,False,Neutral,0,Not applicable,No directional setup; confirmation score not applicable.,Narrow CPR,Not applicable,Not applicable,Narrow CPR; Wide CPR rules not applied,None,0,No active J-Curve setup.
CONTROLPR,EQ,CONTROL PRINT LIMITED,639.65,639.65,625.0,632.75,15388,9712451.25,20260306,632.4666666666667,632.325,632.6083333333333,632.6083333333333,632.325,0.283333333333303,0.0447780850783568,Narrow,Bullish,Above CPR,Cash Only,Diversified,True,False,0.0333333333333333,60,13087514.95,Lower,True,No setup,False,Neutral,0,Not applicable,No directional setup; confirmation score not applicable.,Narrow CPR,Not applicable,Not applicable,Narrow CPR; Wide CPR rules not applied,None,0,No active J-Curve setup.
INDHOTEL,EQ,THE INDIAN HOTELS CO. LTD,624.65,629.75,618.8,623.85,3777555,2356133309.1,20260306,624.1333333333333,624.275,623.9916666666667,624.275,623.9916666666667,0.283333333333303,0.0454169004301199,Narrow,Bearish,Below CPR,Cash Only,Consumer Services,False,True,0.0666666666666666,60,1780881971.525,Lower,True,Short,True,Short,70,Confirmed,CPR width: Narrow (20/20); Price location: Below CPR (20/20); Trend: unavailable (10/20); Participation: unavailable (10/20); Higher timeframe: unavailable (10/20),Narrow CPR,Not applicable,Not applicable,Narrow CPR; Wide CPR rules not applied,None,0,No active J-Curve setup.
GRAVITA,EQ,GRAVITA INDIA LIMITED,1536.6,1553.9,1522.2,1539.1,128475,197540219.4,20260306,1538.4000000000003,1538.0500000000002,1538.7500000000005,1538.7500000000005,1538.0500000000002,0.7000000000002728,0.0454811253330045,Narrow,Bullish,Above CPR,Cash Only,Metals & Mining,True,False,0.1166666666666666,60,262093136.1,Higher,True,Long,True,Long,70,Confirmed,CPR width: Narrow (20/20); Price location: Above CPR (20/20); Trend: unavailable (10/20); Participation: unavailable (10/20); Higher timeframe: unavailable (10/20),Narrow CPR,Not applicable,Not applicable,Narrow CPR; Wide CPR rules not applied,None,0,No active J-Curve setup.
MEDPLUS,EQ,MEDPLUS HEALTH SERV LTD,830.0,852.95,828.9,841.5,50708,42729348.05,20260306,841.1166666666667,840.925,841.3083333333334,841.3083333333334,840.925,0.3833333333334394,0.0455535749653522,Narrow,Bullish,Above CPR,Cash Only,Diversified,True,False,0.0666666666666666,60,78063395.275,Higher,True,Long,False,Long,70,Confirmed,CPR width: Narrow (20/20); Price location: Above CPR (20/20); Trend: unavailable (10/20); Participation: unavailable (10/20); Higher timeframe: unavailable (10/20),Narrow CPR,Not applicable,Not applicable,Narrow CPR; Wide CPR rules not applied,None,0,No active J-Curve setup.
ACUTAAS,EQ,ACUTAAS CHEMICALS LIMITED,2239.0,2297.3,2207.2,2250.7,364329,820737477.2,20260306,2251.733333333333,2252.25,2251.2166666666662,2252.25,2251.2166666666662,1.0333333333337578,0.0459116423038947,Narrow,Bearish,Below CPR,Cash Only,Healthcare,False,True,0.05,60,577711726.95,Higher,True,No setup,True,Neutral,0,Not applicable,No directional setup; confirmation score not applicable.,Narrow CPR,Not applicable,Not applicable,Narrow CPR; Wide CPR rules not applied,None,0,No active J-Curve setup.
FLAIR,EQ,FLAIR WRITING INDUST LTD,315.0,319.6,311.25,315.2,80807,25517703.6,20260306,315.35,315.425,315.2749999999999,315.425,315.2749999999999,0.1500000000000909,0.0475888324873385,Narrow,Bearish,Below CPR,Cash Only,Diversified,False,True,0.0666666666666666,60,25667674.3,Higher,True,No setup,False,Neutral,0,Not applicable,No directional setup; confirmation score not applicable.,Narrow CPR,Not applicable,Not applicable,Narrow CPR; Wide CPR rules not applied,None,0,No active J-Curve setup.
PFOCUS,EQ,PRIME FOCUS LIMITED,277.0,279.5,272.2,275.65,3345669,923965870.55,20260306,275.78333333333336,275.85,275.7166666666667,275.85,275.7166666666667,0.1333333333333257,0.0483705181691731,Narrow,Bearish,Below CPR,Cash Only,Media Entertainment & Publication,False,True,0.0666666666666666,60,1460101423.465,Lower,True,Short,True,Short,70,Confirmed,CPR width: Narrow (20/20); Price location: Below CPR (20/20); Trend: unavailable (10/20); Participation: unavailable (10/20); Higher timeframe: unavailable (10/20),Narrow CPR,Not applicable,Not applicable,Narrow CPR; Wide CPR rules not applied,None,0,No active J-Curve setup.
ROHLTD,EQ,ROYAL ORCHID HOTELS LTD,334.0,342.4,334.0,338.45,20028,6762470.95,20260306,338.2833333333333,338.2,338.3666666666666,338.3666666666666,338.2,0.1666666666666287,0.0492441030186523,Narrow,Bullish,Above CPR,Cash Only,Diversified,True,False,0.0833333333333333,60,13523949.125,Lower,True,No setup,False,Neutral,0,Not applicable,No directional setup; confirmation score not applicable.,Narrow CPR,Not applicable,Not applicable,Narrow CPR; Wide CPR rules not applied,None,0,No active J-Curve setup.
DEN,EQ,DEN NETWORKS LTD,27.02,27.31,26.71,27.03,277650,7507926.64,20260306,27.016666666666666,27.01,27.023333333333333,27.023333333333333,27.01,0.0133333333333354,0.049327907263542,Narrow,Bullish,Above CPR,Cash Only,Diversified,True,False,0.0666666666666666,60,8581773.239999998,Lower,True,No setup,False,Neutral,0,Not applicable,No directional setup; confirmation score not applicable.,Narrow CPR,Not applicable,Not applicable,Narrow CPR; Wide CPR rules not applied,None,0,No active J-Curve setup.
UMIYA-MRO,EQ,UMIYA BUILDCON LIMITED,80.1,82.0,79.3,80.71,2075,167626.42,20260306,80.67,80.65,80.69,80.69,80.65,0.039999999999992,0.0495601536364664,Narrow,Bullish,Above CPR,Cash Only,Diversified,True,False,0.0666666666666666,60,947947.96,Lower,True,No setup,False,Neutral,0,Not applicable,No directional setup; confirmation score not applicable.,Narrow CPR,Not applicable,Not applicable,Narrow CPR; Wide CPR rules not applied,None,0,No active J-Curve setup.
CENTURYPLY,EQ,CENTURY PLYBOARDS (I) LTD,711.0,713.15,698.0,705.05,25897,18298928.35,20260306,705.4,705.575,705.2249999999999,705.575,705.2249999999999,0.3500000000001364,0.0496418693709859,Narrow,Bearish,Below CPR,Cash Only,Diversified,False,True,0.1,60,31066185.575,Higher,True,No setup,False,Neutral,0,Not applicable,No directional setup; confirmation score not applicable.,Narrow CPR,Not applicable,Not applicable,Narrow CPR; Wide CPR rules not applied,None,0,No active J-Curve setup.
ALGOQUANT,EQ,ALGOQUANT FINTECH LIMITED,60.69,61.45,59.3,60.33,717092,43443312.63,20260306,60.35999999999999,60.375,60.34499999999999,60.375,60.34499999999999,0.0300000000000153,0.0497265042267783,Narrow,Bearish,Below CPR,Cash Only,Diversified,False,True,0.073170731707317,41,40142431.1,Inside,True,No setup,False,Neutral,0,Not applicable,No directional setup; confirmation score not applicable.,Narrow CPR,Not applicable,Not applicable,Narrow CPR; Wide CPR rules not applied,None,0,No active J-Curve setup.
HONAUT,EQ,HONEYWELL AUTOMATION IND,29995.0,30105.0,29870.0,29965.0,28930,866933085.0,20260306,29980.0,29987.5,29972.5,29987.5,29972.5,15.0,0.0500584014683797,Narrow,Bearish,Below CPR,Cash Only,Capital Goods,False,True,0.1166666666666666,60,104698175.0,Lower,True,Short,True,Short,70,Confirmed,CPR width: Narrow (20/20); Price location: Below CPR (20/20); Trend: unavailable (10/20); Participation: unavailable (10/20); Higher timeframe: unavailable (10/20),Narrow CPR,Not applicable,Not applicable,Narrow CPR; Wide CPR rules not applied,None,0,No active J-Curve setup.
NAVINFLUOR,EQ,NAVIN FLUORINE INT. LTD,6550.0,6660.0,6494.0,6572.0,270785,1783882658.0,20260306,6575.333333333333,6577.0,6573.666666666666,6577.0,6573.666666666666,3.33333333333394,0.0507202272266272,Narrow,Bearish,Below CPR,Cash Only,Chemicals,False,True,0.0333333333333333,60,980369331.5,Higher,True,No setup,True,Neutral,0,Not applicable,No directional setup; confirmation score not applicable.,Narrow CPR,Not applicable,Not applicable,Narrow CPR; Wide CPR rules not applied,None,0,No active J-Curve setup.
ACE,EQ,ACTION CONST EQUIP LTD,867.3,890.85,865.5,878.85,106536,94017436.1,20260306,878.4,878.175,878.625,878.625,878.175,0.4500000000000455,0.0512032770097337,Narrow,Bullish,Above CPR,Cash Only,Capital Goods,True,False,0.0666666666666666,60,151794429.45,Higher,True,Long,True,Long,70,Confirmed,CPR width: Narrow (20/20); Price location: Above CPR (20/20); Trend: unavailable (10/20); Participation: unavailable (10/20); Higher timeframe: unavailable (10/20),Narrow CPR,Not applicable,Not applicable,Narrow CPR; Wide CPR rules not applied,None,0,No active J-Curve setup.
OMAXAUTO,EQ,OMAX AUTOS LTD,105.0,105.0,102.28,103.72,11213,1165364.97,20260306,103.66666666666669,103.64,103.69333333333334,103.69333333333334,103.64,0.0533333333333416,0.0514204910656977,Narrow,Bullish,Above CPR,Cash Only,Automobile & Ancillary,True,False,0.0333333333333333,60,5062321.73,Higher,True,Long,False,Long,70,Confirmed,CPR width: Narrow (20/20); Price location: Above CPR (20/20); Trend: unavailable (10/20); Participation: unavailable (10/20); Higher timeframe: unavailable (10/20),Narrow CPR,Not applicable,Not applicable,Narrow CPR; Wide CPR rules not applied,None,0,No active J-Curve setup.
STEELCITY,EQ,STEEL CITY SECURITIES LTD,85.25,85.25,83.4,84.26,7465,629330.2,20260306,84.30333333333334,84.325,84.28166666666668,84.325,84.28166666666668,0.0433333333333223,0.0514281193132237,Narrow,Bearish,Below CPR,Cash Only,Metals & Mining,False,True,0.0666666666666666,60,623880.675,Lower,True,Short,False,Short,70,Confirmed,CPR width: Narrow (20/20); Price location: Below CPR (20/20); Trend: unavailable (10/20); Participation: unavailable (10/20); Higher timeframe: unavailable (10/20),Narrow CPR,Not applicable,Not applicable,Narrow CPR; Wide CPR rules not applied,None,0,No active J-Curve setup.
VOLTAMP,EQ,VOLTAMP TRANSFORMERS LTD,8752.0,8804.0,8580.5,8685.5,28601,248989478.0,20260306,8690.0,8692.25,8687.75,8692.25,8687.75,4.5,0.0518104887456105,Narrow,Bearish,Below CPR,Cash Only,Diversified,False,True,0.0833333333333333,60,214223128.0,Lower,True,Short,False,Short,70,Confirmed,CPR width: Narrow (20/20); Price location: Below CPR (20/20); Trend: unavailable (10/20); Participation: unavailable (10/20); Higher timeframe: unavailable (10/20),Narrow CPR,Not applicable,Not applicable,Narrow CPR; Wide CPR rules not applied,None,0,No active J-Curve setup.
CIGNITITEC,EQ,CIGNITI TECHNOLOGIES LTD,1143.8,1163.6,1132.0,1148.7,17650,20252719.2,20260306,1148.1,1147.8,1148.4000000000003,1148.4000000000003,1147.8,0.6000000000003638,0.0522329589971588,Narrow,Bullish,Above CPR,Cash Only,Diversified,True,False,0.1833333333333333,60,128119764.5,Higher,True,Long,False,Long,70,Confirmed,CPR width: Narrow (20/20); Price location: Above CPR (20/20); Trend: unavailable (10/20); Participation: unavailable (10/20); Higher timeframe: unavailable (10/20),Narrow CPR,Not applicable,Not applicable,Narrow CPR; Wide CPR rules not applied,None,0,No active J-Curve setup.
GATEWAY,EQ,GATEWAY DISTRIPARKS LTD,56.51,57.66,56.51,57.04,388134,22205676.39,20260306,57.06999999999999,57.085,57.05499999999999,57.085,57.05499999999999,0.0300000000000011,0.0525946704067341,Narrow,Bearish,Below CPR,Cash Only,Diversified,False,True,0.1166666666666666,60,37387945.485,Higher,True,No setup,False,Neutral,0,Not applicable,No directional setup; confirmation score not applicable.,Narrow CPR,Not applicable,Not applicable,Narrow CPR; Wide CPR rules not applied,None,0,No active J-Curve setup.
ORIENTALTL,EQ,ORIENTAL TRIMEX LTD,6.31,6.37,6.22,6.3,50061,314982.66,20260306,6.296666666666667,6.295,6.298333333333334,6.298333333333334,6.295,0.0033333333333338,0.0529100529100611,Narrow,Bullish,Above CPR,Cash Only,Diversified,True,False,0.0666666666666666,60,1071119.055,Higher,True,Long,False,Long,70,Confirmed,CPR width: Narrow (20/20); Price location: Above CPR (20/20); Trend: unavailable (10/20); Participation: unavailable (10/20); Higher timeframe: unavailable (10/20),Narrow CPR,Not applicable,Not applicable,Narrow CPR; Wide CPR rules not applied,None,0,No active J-Curve setup.
NITINSPIN,EQ,NITIN SPINNERS LIMITED,371.4,377.0,370.0,373.2,85415,31945737.15,20260306,373.4,373.5,373.30000000000007,373.5,373.30000000000007,0.1999999999999318,0.0535905680600031,Narrow,Bearish,Below CPR,Cash Only,Textiles & Apparel,False,True,0.05,60,15462867.125,Higher,True,No setup,False,Neutral,0,Not applicable,No directional setup; confirmation score not applicable.,Narrow CPR,Not applicable,Not applicable,Narrow CPR; Wide CPR rules not applied,None,0,No active J-Curve setup.
BIOFILCHEM,EQ,BIOFIL CHEM & PHARMA LTD,30.98,31.5,30.25,30.85,12416,380611.29,20260306,30.866666666666664,30.875,30.858333333333327,30.875,30.858333333333327,0.0166666666666728,0.0540248514316785,Narrow,Bearish,Below CPR,Cash Only,Healthcare & Pharma,False,True,0.05,60,432447.195,Higher,True,No setup,False,Neutral,0,Not applicable,No directional setup; confirmation score not applicable.,Narrow CPR,Not applicable,Not applicable,Narrow CPR; Wide CPR rules not applied,None,0,No active J-Curve setup.
AAVAS,EQ,AAVAS FINANCIERS LIMITED,1224.9,1239.8,1218.0,1227.9,435925,537257614.9,20260306,1228.5666666666668,1228.9,1228.2333333333336,1228.9,1228.2333333333336,0.6666666666665151,0.0542932377772224,Narrow,Bearish,Below CPR,Cash Only,Financial Services,False,True,0.0833333333333333,60,225049062.85,Higher,True,No setup,True,Neutral,0,Not applicable,No directional setup; confirmation score not applicable.,Narrow CPR,Not applicable,Not applicable,Narrow CPR; Wide CPR rules not applied,None,0,No active J-Curve setup.
CORONA,EQ,CORONA REMEDIES LIMITED,1565.0,1605.0,1555.2,1581.4,8872,14096625.8,20260306,1580.5333333333335,1580.1,1580.9666666666672,1580.9666666666672,1580.1,0.8666666666672427,0.0548037603811333,Narrow,Bullish,Above CPR,Cash Only,Diversified,True,False,0.0535714285714285,56,102302390.4,Higher,True,Long,False,Long,70,Confirmed,CPR width: Narrow (20/20); Price location: Above CPR (20/20); Trend: unavailable (10/20); Participation: unavailable (10/20); Higher timeframe: unavailable (10/20),Narrow CPR,Not applicable,Not applicable,Narrow CPR; Wide CPR rules not applied,None,0,No active J-Curve setup.
PRUDENT,EQ,PRUDENT CORP ADV SER LTD,2232.4,2262.9,2221.2,2240.2,15950,35750777.9,20260306,2241.4333333333334,2242.05,2240.8166666666666,2242.05,2240.8166666666666,1.233333333333576,0.055054608219515,Narrow,Bearish,Below CPR,Cash Only,Diversified,False,True,0.0833333333333333,60,74175989.30000001,Higher,True,No setup,False,Neutral,0,Not applicable,No directional setup; confirmation score not applicable.,Narrow CPR,Not applicable,Not applicable,Narrow CPR; Wide CPR rules not applied,None,0,No active J-Curve setup.
NFL,EQ,NATIONAL FERT. LTD,71.49,73.64,71.34,72.55,648280,47118466.09,20260306,72.51,72.49000000000001,72.53,72.53,72.49000000000001,0.039999999999992,0.0551343900757988,Narrow,Bullish,Above CPR,Cash Only,Diversified,True,False,0.0833333333333333,60,61582550.64,Higher,True,Long,False,Long,70,Confirmed,CPR width: Narrow (20/20); Price location: Above CPR (20/20); Trend: unavailable (10/20); Participation: unavailable (10/20); Higher timeframe: unavailable (10/20),Narrow CPR,Not applicable,Not applicable,Narrow CPR; Wide CPR rules not applied,None,0,No active J-Curve setup.
MOHITIND,EQ,MOHIT INDUSTRIES LTD,24.19,24.5,23.6,24.07,3696,89107.94,20260306,24.05666666666667,24.05,24.063333333333336,24.063333333333336,24.05,0.0133333333333354,0.0553939897521205,Narrow,Bullish,Above CPR,Cash Only,Diversified,True,False,0.0166666666666666,60,235358.315,Lower,True,No setup,False,Neutral,0,Not applicable,No directional setup; confirmation score not applicable.,Narrow CPR,Not applicable,Not applicable,Narrow CPR; Wide CPR rules not applied,None,0,No active J-Curve setup.
RPPINFRA,EQ,R.P.P INFRA PROJECTS LTD,69.8,72.5,68.0,70.31,40629,2832882.45,20260306,70.27,70.25,70.28999999999999,70.28999999999999,70.25,0.039999999999992,0.0568909116768483,Narrow,Bullish,Above CPR,Cash Only,Real Estate & Infra,True,False,0.0333333333333333,60,6263355.324999999,Higher,True,Long,False,Long,70,Confirmed,CPR width: Narrow (20/20); Price location: Above CPR (20/20); Trend: unavailable (10/20); Participation: unavailable (10/20); Higher timeframe: unavailable (10/20),Narrow CPR,Not applicable,Not applicable,Narrow CPR; Wide CPR rules not applied,None,0,No active J-Curve setup.
JAYSREETEA,EQ,JAYSHREE TEA & INDUSTRIES,75.89,76.9,75.21,75.99,26013,1972227.92,20260306,76.03333333333335,76.055,76.01166666666668,76.055,76.01166666666668,0.0433333333333223,0.057025047155313,Narrow,Bearish,Below CPR,Cash Only,FMCG & Food Products,False,True,0.05,60,1738887.5,Higher,True,No setup,False,Neutral,0,Not applicable,No directional setup; confirmation score not applicable.,Narrow CPR,Not applicable,Not applicable,Narrow CPR; Wide CPR rules not applied,None,0,No active J-Curve setup.
PFIZER,EQ,PFIZER LTD,4806.5,4884.0,4806.5,4849.5,8664,42113758.5,20260306,4846.666666666667,4845.25,4848.083333333334,4848.083333333334,4845.25,2.83333333333394,0.0584252672096904,Narrow,Bullish,Above CPR,Cash Only,Healthcare,True,False,0.1,60,57320166.0,Higher,True,Long,True,Long,70,Confirmed,CPR width: Narrow (20/20); Price location: Above CPR (20/20); Trend: unavailable (10/20); Participation: unavailable (10/20); Higher timeframe: unavailable (10/20),Narrow CPR,Not applicable,Not applicable,Narrow CPR; Wide CPR rules not applied,None,0,No active J-Curve setup.
SUNDRMFAST,EQ,SUNDRAM FASTENERS LTD,844.8,859.8,838.5,848.4,43812,37267410.05,20260306,848.9,849.15,848.65,849.15,848.65,0.5,0.0589344648750589,Narrow,Bearish,Below CPR,Cash Only,Diversified,False,True,0.2333333333333333,60,36835502.25,Inside,True,No setup,False,Neutral,0,Not applicable,No directional setup; confirmation score not applicable.,Narrow CPR,Not applicable,Not applicable,Narrow CPR; Wide CPR rules not applied,None,0,No active J-Curve setup.
MAHLIFE,EQ,MAHINDRA LIFESPACE DEVLTD,356.75,359.65,353.0,356.65,71219,25416263.75,20260306,356.43333333333334,356.325,356.5416666666667,356.5416666666667,356.325,0.2166666666666969,0.0607505023599318,Narrow,Bullish,Above CPR,Cash Only,Diversified,True,False,0.1333333333333333,60,35387188.175,Higher,True,Long,False,Long,70,Confirmed,CPR width: Narrow (20/20); Price location: Above CPR (20/20); Trend: unavailable (10/20); Participation: unavailable (10/20); Higher timeframe: unavailable (10/20),Narrow CPR,Not applicable,Not applicable,Narrow CPR; Wide CPR rules not applied,None,0,No active J-Curve setup.
NEULANDLAB,EQ,NEULAND LAB LTD.,13000.0,13120.0,12924.0,13034.0,14808,193101671.0,20260306,13026.0,13022.0,13030.0,13030.0,13022.0,8.0,0.0613779346324996,Narrow,Bullish,Above CPR,Cash Only,Healthcare,True,False,0.0833333333333333,60,560526830.5,Higher,True,Long,True,Long,70,Confirmed,CPR width: Narrow (20/20); Price location: Above CPR (20/20); Trend: unavailable (10/20); Participation: unavailable (10/20); Higher timeframe: unavailable (10/20),Narrow CPR,Not applicable,Not applicable,Narrow CPR; Wide CPR rules not applied,None,0,No active J-Curve setup.
MIDHANI,EQ,MISHRA DHATU NIGAM LTD,342.8,362.5,342.55,352.85,993307,354046632.25,20260306,352.6333333333334,352.525,352.7416666666668,352.7416666666668,352.525,0.2166666666668106,0.0614047517831403,Narrow,Bullish,Above CPR,Cash Only,Diversified,True,False,0.0666666666666666,60,211894169.325,Higher,True,Long,False,Long,70,Confirmed,CPR width: Narrow (20/20); Price location: Above CPR (20/20); Trend: unavailable (10/20); Participation: unavailable (10/20); Higher timeframe: unavailable (10/20),Narrow CPR,Not applicable,Not applicable,Narrow CPR; Wide CPR rules not applied,None,0,No active J-Curve setup.
STYLAMIND,EQ,STYLAM INDUSTRIES LIMITED,2230.5,2236.8,2214.0,2227.5,38885,86656324.9,20260306,2226.1,2225.4,2226.8,2226.8,2225.4,1.3999999999996362,0.0628507295173798,Narrow,Bullish,Above CPR,Cash Only,Diversified,True,False,0.15,60,85051568.45,Inside,True,No setup,False,Neutral,0,Not applicable,No directional setup; confirmation score not applicable.,Narrow CPR,Not applicable,Not applicable,Narrow CPR; Wide CPR rules not applied,None,0,No active J-Curve setup.
BVCL,EQ,BARAK VALLEY CEM. LTD.,39.49,41.19,39.05,40.16,7349,293789.97,20260306,40.13333333333333,40.12,40.14666666666667,40.14666666666667,40.12,0.0266666666666708,0.066401062417009,Narrow,Bullish,Above CPR,Cash Only,Diversified,True,False,0.0535714285714285,56,1263583.595,Higher,True,Long,False,Long,70,Confirmed,CPR width: Narrow (20/20); Price location: Above CPR (20/20); Trend: unavailable (10/20); Participation: unavailable (10/20); Higher timeframe: unavailable (10/20),Narrow CPR,Not applicable,Not applicable,Narrow CPR; Wide CPR rules not applied,None,0,No active J-Curve setup.
KRONOX,EQ,KRONOX LAB SCIENCES LTD,115.26,115.38,114.01,114.58,13592,1557927.9,20260306,114.65666666666664,114.695,114.61833333333333,114.695,114.61833333333333,0.0766666666666822,0.066911037412011,Narrow,Bearish,Below CPR,Cash Only,Diversified,False,True,0.1,60,4393290.720000001,Inside,True,No setup,False,Neutral,0,Not applicable,No directional setup; confirmation score not applicable.,Narrow CPR,Not applicable,Not applicable,Narrow CPR; Wide CPR rules not applied,None,0,No active J-Curve setup.
TRAVELFOOD,EQ,TRAVEL FOOD SERVICES LTD,1179.9,1190.0,1172.8,1180.2,10374,12258381.3,20260306,1181.0,1181.4,1180.6,1181.4,1180.6,0.8000000000001819,0.0677851211659195,Narrow,Bearish,Below CPR,Cash Only,Consumer Services,False,True,0.1333333333333333,60,43853319.75,Higher,True,No setup,True,Neutral,0,Not applicable,No directional setup; confirmation score not applicable.,Narrow CPR,Not applicable,Not applicable,Narrow CPR; Wide CPR rules not applied,None,0,No active J-Curve setup.
ARTEMISMED,EQ,ARTEMIS MED SERVICE LTD,233.01,235.78,230.12,232.71,98726,23064624.98,20260306,232.87,232.95,232.79,232.95,232.79,0.1599999999999681,0.068755102917781,Narrow,Bearish,Below CPR,Cash Only,Diversified,False,True,0.1,60,35355975.575,Lower,True,Short,False,Short,70,Confirmed,CPR width: Narrow (20/20); Price location: Below CPR (20/20); Trend: unavailable (10/20); Participation: unavailable (10/20); Higher timeframe: unavailable (10/20),Narrow CPR,Not applicable,Not applicable,Narrow CPR; Wide CPR rules not applied,None,0,No active J-Curve setup.
UNIENTER,EQ,UNIPHOS ENTERPRISES LTD,104.4,105.38,103.0,104.08,7203,749330.25,20260306,104.15333333333332,104.19,104.11666666666665,104.19,104.11666666666665,0.0733333333333519,0.0704586215731667,Narrow,Bearish,Below CPR,Cash Only,Diversified,False,True,0.05,60,823209.4,Lower,True,Short,False,Short,70,Confirmed,CPR width: Narrow (20/20); Price location: Below CPR (20/20); Trend: unavailable (10/20); Participation: unavailable (10/20); Higher timeframe: unavailable (10/20),Narrow CPR,Not applicable,Not applicable,Narrow CPR; Wide CPR rules not applied,None,0,No active J-Curve setup.
MARALOVER,EQ,MARAL OVERSEAS LTD,42.11,43.5,41.65,42.53,9351,398816.08,20260306,42.56,42.575,42.545,42.575,42.545,0.0300000000000011,0.0705384434516838,Narrow,Bearish,Below CPR,Cash Only,Diversified,False,True,0.0833333333333333,60,422088.01,Inside,True,No setup,False,Neutral,0,Not applicable,No directional setup; confirmation score not applicable.,Narrow CPR,Not applicable,Not applicable,Narrow CPR; Wide CPR rules not applied,None,0,No active J-Curve setup.
GODREJIND,EQ,GODREJ INDUSTRIES LTD,934.8,944.3,927.5,936.9,25494,23902371.1,20260306,936.2333333333332,935.9,936.5666666666664,936.5666666666664,935.9,0.6666666666665151,0.0711566513679704,Narrow,Bullish,Above CPR,Cash Only,Diversified,True,False,0.0666666666666666,60,64247359.2,Higher,True,Long,True,Long,70,Confirmed,CPR width: Narrow (20/20); Price location: Above CPR (20/20); Trend: unavailable (10/20); Participation: unavailable (10/20); Higher timeframe: unavailable (10/20),Narrow CPR,Not applicable,Not applicable,Narrow CPR; Wide CPR rules not applied,None,0,No active J-Curve setup.
SONACOMS,EQ,SONA BLW PRECISION FRGS L,510.95,521.0,510.0,514.95,589454,304185753.05,20260306,515.3166666666667,515.5,515.1333333333334,515.5,515.1333333333334,0.3666666666665605,0.071204324044385,Narrow,Bearish,Below CPR,Cash Only,Automobile and Auto Components,False,True,0.1166666666666666,60,595849599.825,Higher,True,No setup,True,Neutral,0,Not applicable,No directional setup; confirmation score not applicable.,Narrow CPR,Not applicable,Not applicable,Narrow CPR; Wide CPR rules not applied,None,0,No active J-Curve setup.
SIKKO,EQ,SIKKO INDUSTRIES LIMITED,4.63,4.69,4.58,4.63,295994,1375453.48,20260306,4.633333333333333,4.635,4.631666666666666,4.635,4.631666666666666,0.0033333333333338,0.0719942404607743,Narrow,Bearish,Below CPR,Cash Only,Diversified,False,True,0.04,25,2773004.01,Higher,True,No setup,False,Neutral,0,Not applicable,No directional setup; confirmation score not applicable.,Narrow CPR,Not applicable,Not applicable,Narrow CPR; Wide CPR rules not applied,None,0,No active J-Curve setup.
DELTACORP,EQ,DELTA CORP LIMITED,58.17,58.95,58.1,58.59,623498,36478140.72,20260306,58.546666666666674,58.525000000000006,58.56833333333334,58.56833333333334,58.525000000000006,0.0433333333333365,0.0739602890140579,Narrow,Bullish,Above CPR,Cash Only,Diversified,True,False,0.0833333333333333,60,53067770.8,Higher,True,Long,False,Long,70,Confirmed,CPR width: Narrow (20/20); Price location: Above CPR (20/20); Trend: unavailable (10/20); Participation: unavailable (10/20); Higher timeframe: unavailable (10/20),Narrow CPR,Not applicable,Not applicable,Narrow CPR; Wide CPR rules not applied,None,0,No active J-Curve setup.
CTE,EQ,CAMBRIDGE TECH ENTER LTD,27.4,27.75,26.13,26.97,32647,888799.76,20260306,26.95,26.94,26.96,26.96,26.94,0.0200000000000031,0.0741564701520323,Narrow,Bullish,Above CPR,Cash Only,Diversified,True,False,0.0333333333333333,60,758104.5700000001,Inside,True,No setup,False,Neutral,0,Not applicable,No directional setup; confirmation score not applicable.,Narrow CPR,Not applicable,Not applicable,Narrow CPR; Wide CPR rules not applied,None,0,No active J-Curve setup.
SHAKTIPUMP,EQ,SHAKTI PUMPS (I) LTD,491.0,501.0,487.8,493.85,523478,258392052.35,20260306,494.2166666666667,494.4,494.0333333333334,494.4,494.0333333333334,0.3666666666665605,0.0742465660962965,Narrow,Bearish,Below CPR,Cash Only,Diversified,False,True,0.05,60,601443850.25,Higher,True,No setup,False,Neutral,0,Not applicable,No directional setup; confirmation score not applicable.,Narrow CPR,Not applicable,Not applicable,Narrow CPR; Wide CPR rules not applied,None,0,No active J-Curve setup.
OPTIEMUS,EQ,OPTIEMUS INFRACOM LTD,365.55,394.1,365.55,380.25,199026,76186230.25,20260306,379.9666666666667,379.8250000000001,380.10833333333335,380.10833333333335,379.8250000000001,0.283333333333303,0.0745123822046819,Narrow,Bullish,Above CPR,Cash Only,Diversified,True,False,0.1166666666666666,60,49469030.2,Higher,True,Long,False,Long,70,Confirmed,CPR width: Narrow (20/20); Price location: Above CPR (20/20); Trend: unavailable (10/20); Participation: unavailable (10/20); Higher timeframe: unavailable (10/20),Narrow CPR,Not applicable,Not applicable,Narrow CPR; Wide CPR rules not applied,None,0,No active J-Curve setup.
NORTHARC,EQ,NORTHERN ARC CAPITAL LTD,242.6,242.6,236.75,239.95,276140,66057702.45,20260306,239.76666666666665,239.675,239.8583333333333,239.8583333333333,239.675,0.1833333333332802,0.0764048065568994,Narrow,Bullish,Above CPR,Cash Only,Diversified,True,False,0.1166666666666666,60,97993091.825,Lower,True,No setup,False,Neutral,0,Not applicable,No directional setup; confirmation score not applicable.,Narrow CPR,Not applicable,Not applicable,Narrow CPR; Wide CPR rules not applied,None,0,No active J-Curve setup.
JSWHL,EQ,JSW HOLDINGS LIMITED,16199.0,16976.0,16070.0,16504.0,4301,71351466.0,20260306,16516.666666666668,16523.0,16510.333333333336,16523.0,16510.333333333336,12.66666666666424,0.0767490709322845,Narrow,Bearish,Below CPR,Cash Only,Diversified,False,True,0.0833333333333333,60,31971170.0,Higher,True,No setup,False,Neutral,0,Not applicable,No directional setup; confirmation score not applicable.,Narrow CPR,Not applicable,Not applicable,Narrow CPR; Wide CPR rules not applied,None,0,No active J-Curve setup.
SBILIFE,EQ,SBI LIFE INSURANCE CO LTD,1930.0,1962.9,1924.8,1941.6,858666,1669709805.4,20260306,1943.1,1943.85,1942.3499999999997,1943.85,1942.3499999999997,1.5000000000004547,0.0772558714462533,Narrow,Bearish,Below CPR,Cash Only,Financial Services,False,True,0.25,60,1653356099.5,Higher,True,No setup,True,Neutral,0,Not applicable,No directional setup; confirmation score not applicable.,Narrow CPR,Not applicable,Not applicable,Narrow CPR; Wide CPR rules not applied,None,0,No active J-Curve setup.
HPAL,EQ,HP ADHESIVES LIMITED,34.98,34.98,34.0,34.45,36918,1268594.47,20260306,34.47666666666667,34.489999999999995,34.46333333333334,34.489999999999995,34.46333333333334,0.0266666666666566,0.0774068698596709,Narrow,Bearish,Below CPR,Cash Only,Diversified,False,True,0.05,60,2041924.47,Overlapping,True,No setup,False,Neutral,0,Not applicable,No directional setup; confirmation score not applicable.,Narrow CPR,Not applicable,Not applicable,Narrow CPR; Wide CPR rules not applied,None,0,No active J-Curve setup.
KOHINOOR,EQ,KOHINOOR FOODS LIMITED,25.0,26.4,24.76,25.61,131403,3316547.08,20260306,25.59,25.58,25.6,25.6,25.58,0.0200000000000031,0.0780944943381613,Narrow,Bullish,Above CPR,Cash Only,Diversified,True,False,0.0833333333333333,60,2038229.025,Higher,True,Long,False,Long,70,Confirmed,CPR width: Narrow (20/20); Price location: Above CPR (20/20); Trend: unavailable (10/20); Participation: unavailable (10/20); Higher timeframe: unavailable (10/20),Narrow CPR,Not applicable,Not applicable,Narrow CPR; Wide CPR rules not applied,None,0,No active J-Curve setup.
HPL,EQ,HPL ELECTRIC & POWER LTD,317.0,322.0,313.45,317.35,106558,33903790.9,20260306,317.6,317.725,317.475,317.725,317.475,0.25,0.0787773751378604,Narrow,Bearish,Below CPR,Cash Only,Diversified,False,True,0.1,60,37248973.425,Higher,True,No setup,False,Neutral,0,Not applicable,No directional setup; confirmation score not applicable.,Narrow CPR,Not applicable,Not applicable,Narrow CPR; Wide CPR rules not applied,None,0,No active J-Curve setup.
THEJO,EQ,THEJO ENGINEERING LIMITED,1639.0,1639.1,1618.0,1630.5,2254,3659072.3,20260306,1629.2,1628.55,1629.85,1629.85,1628.55,1.300000000000182,0.0797301441275793,Narrow,Bullish,Above CPR,Cash Only,Diversified,True,False,0.1166666666666666,60,10838529.8,Inside,True,No setup,False,Neutral,0,Not applicable,No directional setup; confirmation score not applicable.,Narrow CPR,Not applicable,Not applicable,Narrow CPR; Wide CPR rules not applied,None,0,No active J-Curve setup.
UNIVCABLES,EQ,UNIVERSAL CABLES LTD,682.5,684.7,670.35,678.35,22819,15470328.3,20260306,677.8000000000001,677.5250000000001,678.075,678.075,677.5250000000001,0.5499999999999545,0.0810790889658663,Narrow,Bullish,Above CPR,Cash Only,Media & Entertainment,True,False,0.0666666666666666,60,51522016.4,Higher,True,Long,False,Long,70,Confirmed,CPR width: Narrow (20/20); Price location: Above CPR (20/20); Trend: unavailable (10/20); Participation: unavailable (10/20); Higher timeframe: unavailable (10/20),Narrow CPR,Not applicable,Not applicable,Narrow CPR; Wide CPR rules not applied,None,0,No active J-Curve setup.
KPRMILL,EQ,KPR MILL LTD.,836.05,846.75,832.1,840.45,184859,155115131.0,20260306,839.7666666666668,839.425,840.1083333333336,840.1083333333336,839.425,0.6833333333336213,0.0813056497511596,Narrow,Bullish,Above CPR,Cash Only,Textiles,True,False,0.05,60,216595324.6,Inside,True,No setup,True,Neutral,0,Not applicable,No directional setup; confirmation score not applicable.,Narrow CPR,Not applicable,Not applicable,Narrow CPR; Wide CPR rules not applied,None,0,No active J-Curve setup.
LIKHITHA,EQ,LIKHITHA INFRASTRUC LTD,147.0,148.8,145.22,146.83,38463,5650911.03,20260306,146.95000000000002,147.01,146.89000000000004,147.01,146.89000000000004,0.1199999999999477,0.0817271674725517,Narrow,Bearish,Below CPR,Cash Only,Diversified,False,True,0.0333333333333333,60,7332294.37,Lower,True,Short,False,Short,70,Confirmed,CPR width: Narrow (20/20); Price location: Below CPR (20/20); Trend: unavailable (10/20); Participation: unavailable (10/20); Higher timeframe: unavailable (10/20),Narrow CPR,Not applicable,Not applicable,Narrow CPR; Wide CPR rules not applied,None,0,No active J-Curve setup.
BALAJITELE,EQ,BALAJI TELEFILMS LIMITED.,104.63,107.49,102.63,104.93,878192,91974025.55,20260306,105.01666666666668,105.06,104.97333333333331,105.06,104.97333333333331,0.0866666666666731,0.082594745703491,Narrow,Bearish,Below CPR,Cash Only,Diversified,False,True,0.0333333333333333,60,28311608.705,Higher,True,No setup,False,Neutral,0,Not applicable,No directional setup; confirmation score not applicable.,Narrow CPR,Not applicable,Not applicable,Narrow CPR; Wide CPR rules not applied,None,0,No active J-Curve setup.
LMW,EQ,LMW LIMITED,14660.0,14970.0,14653.0,14830.0,2759,40947574.0,20260306,14817.666666666666,14811.5,14823.833333333332,14823.833333333332,14811.5,12.33333333333212,0.0831647561249637,Narrow,Bullish,Above CPR,Cash Only,Diversified,True,False,0.0833333333333333,60,39084934.0,Higher,True,Long,False,Long,70,Confirmed,CPR width: Narrow (20/20); Price location: Above CPR (20/20); Trend: unavailable (10/20); Participation: unavailable (10/20); Higher timeframe: unavailable (10/20),Narrow CPR,Not applicable,Not applicable,Narrow CPR; Wide CPR rules not applied,None,0,No active J-Curve setup.
VISAKAIND,EQ,VISAKA INDUSTRIES LIMITED,59.33,60.49,58.8,59.57,46141,2765518.76,20260306,59.62,59.645,59.595,59.645,59.595,0.0499999999999971,0.0839348665435574,Narrow,Bearish,Below CPR,Cash Only,Diversified,False,True,0.0833333333333333,60,3183656.6500000004,Inside,True,No setup,False,Neutral,0,Not applicable,No directional setup; confirmation score not applicable.,Narrow CPR,Not applicable,Not applicable,Narrow CPR; Wide CPR rules not applied,None,0,No active J-Curve setup.
ADANIENSOL,EQ,ADANI ENERGY SOLUTION LTD,980.0,1007.7,979.8,992.5,1529030,1521959549.9,20260306,993.3333333333334,993.75,992.9166666666669,993.75,992.9166666666669,0.8333333333332575,0.08396305625524,Narrow,Bearish,Below CPR,Cash Only,Power,False,True,0.0666666666666666,60,1227762889.8,Higher,True,No setup,True,Neutral,0,Not applicable,No directional setup; confirmation score not applicable.,Narrow CPR,Not applicable,Not applicable,Narrow CPR; Wide CPR rules not applied,None,0,No active J-Curve setup.
PREMIERENE,EQ,PREMIER ENERGIES LIMITED,720.0,735.0,714.15,723.65,805581,583978138.9,20260306,724.2666666666668,724.575,723.9583333333335,724.575,723.9583333333335,0.6166666666665606,0.0852161496119063,Narrow,Bearish,Below CPR,Cash Only,Capital Goods,False,True,0.1166666666666666,60,1085283217.225,Higher,True,No setup,True,Neutral,0,Not applicable,No directional setup; confirmation score not applicable.,Narrow CPR,Not applicable,Not applicable,Narrow CPR; Wide CPR rules not applied,None,0,No active J-Curve setup.
RHL,EQ,ROBUST HOTELS LIMITED,183.6,190.0,183.6,187.04,2873,537969.38,20260306,186.88,186.8,186.96,186.96,186.8,0.1599999999999681,0.0855431993156373,Narrow,Bullish,Above CPR,Cash Only,Diversified,True,False,0.05,60,2273703.5250000004,Inside,True,No setup,False,Neutral,0,Not applicable,No directional setup; confirmation score not applicable.,Narrow CPR,Not applicable,Not applicable,Narrow CPR; Wide CPR rules not applied,None,0,No active J-Curve setup.
FORCEMOT,EQ,FORCE MOTORS LIMITED,21900.0,21995.0,20750.0,21345.0,149154,3158366885.0,20260306,21363.33333333333,21372.5,21354.166666666664,21372.5,21354.166666666664,18.33333333333576,0.0858905286171738,Narrow,Bearish,Below CPR,Cash Only,Automobile and Auto Components,False,True,0.0833333333333333,60,1575752812.5,Lower,True,Short,True,Short,70,Confirmed,CPR width: Narrow (20/20); Price location: Below CPR (20/20); Trend: unavailable (10/20); Participation: unavailable (10/20); Higher timeframe: unavailable (10/20),Narrow CPR,Not applicable,Not applicable,Narrow CPR; Wide CPR rules not applied,None,0,No active J-Curve setup.
EIHOTEL,EQ,EIH LIMITED,328.7,335.35,322.5,329.35,641759,210983917.35,20260306,329.06666666666666,328.925,329.2083333333333,329.2083333333333,328.925,0.283333333333303,0.0860280350184615,Narrow,Bullish,Above CPR,Cash Only,Consumer Services,True,False,0.1833333333333333,60,56665611.95,Lower,True,No setup,True,Neutral,0,Not applicable,No directional setup; confirmation score not applicable.,Narrow CPR,Not applicable,Not applicable,Narrow CPR; Wide CPR rules not applied,None,0,No active J-Curve setup.
JISLJALEQS,EQ,JAIN IRRIGATION SYSTEMS,34.2,35.35,33.98,34.71,4386926,152326057.97,20260306,34.68,34.665,34.695,34.695,34.665,0.0300000000000011,0.0864304235090784,Narrow,Bullish,Above CPR,Cash Only,Diversified,True,False,0.0666666666666666,60,73984600.07,Higher,True,Long,False,Long,70,Confirmed,CPR width: Narrow (20/20); Price location: Above CPR (20/20); Trend: unavailable (10/20); Participation: unavailable (10/20); Higher timeframe: unavailable (10/20),Narrow CPR,Not applicable,Not applicable,Narrow CPR; Wide CPR rules not applied,None,0,No active J-Curve setup.
GEMAROMA,EQ,GEM AROMATICS LIMITED,197.01,202.0,196.6,199.04,95561,19007564.09,20260306,199.2133333333333,199.3,199.1266666666667,199.3,199.1266666666667,0.1733333333333462,0.0870846730975413,Narrow,Bearish,Below CPR,Cash Only,Diversified,False,True,0.05,60,38773334.11,Lower,True,Short,False,Short,70,Confirmed,CPR width: Narrow (20/20); Price location: Below CPR (20/20); Trend: unavailable (10/20); Participation: unavailable (10/20); Higher timeframe: unavailable (10/20),Narrow CPR,Not applicable,Not applicable,Narrow CPR; Wide CPR rules not applied,None,0,No active J-Curve setup.
ICEMAKE,EQ,ICE MAKE REFRIGERAT LTD,828.1,846.0,828.1,838.15,34055,28564540.5,20260306,837.4166666666666,837.05,837.7833333333333,837.7833333333333,837.05,0.7333333333333485,0.0874942830440074,Narrow,Bullish,Above CPR,Cash Only,Diversified,True,False,0.1,60,19417165.6,Higher,True,Long,False,Long,70,Confirmed,CPR width: Narrow (20/20); Price location: Above CPR (20/20); Trend: unavailable (10/20); Participation: unavailable (10/20); Higher timeframe: unavailable (10/20),Narrow CPR,Not applicable,Not applicable,Narrow CPR; Wide CPR rules not applied,None,0,No active J-Curve setup.
NTPC,EQ,NTPC LTD,377.0,385.55,374.65,380.6,14940896,5725442810.2,20260306,380.2666666666667,380.1,380.4333333333334,380.4333333333334,380.1,0.3333333333333712,0.0875810124365137,Narrow,Bullish,Above CPR,Cash Only,Power,True,False,0.1166666666666666,60,3112977447.925,Higher,True,Long,True,Long,70,Confirmed,CPR width: Narrow (20/20); Price location: Above CPR (20/20); Trend: unavailable (10/20); Participation: unavailable (10/20); Higher timeframe: unavailable (10/20),Narrow CPR,Not applicable,Not applicable,Narrow CPR; Wide CPR rules not applied,None,0,No active J-Curve setup.
PROZONER,EQ,PROZONE REALTY LIMITED,45.0,46.16,45.0,45.52,168938,7705303.15,20260306,45.56,45.58,45.540000000000006,45.58,45.540000000000006,0.039999999999992,0.0878734622143937,Narrow,Bearish,Below CPR,Cash Only,Diversified,False,True,0.1052631578947368,19,7800020.87,Lower,True,Short,False,Short,70,Confirmed,CPR width: Narrow (20/20); Price location: Below CPR (20/20); Trend: unavailable (10/20); Participation: unavailable (10/20); Higher timeframe: unavailable (10/20),Narrow CPR,Not applicable,Not applicable,Narrow CPR; Wide CPR rules not applied,None,0,No active J-Curve setup.
BHARATWIRE,EQ,BHARAT WIRE ROPES LTD.,164.25,166.79,163.29,164.82,58925,9734303.5,20260306,164.96666666666667,165.04,164.89333333333337,165.04,164.89333333333337,0.1466666666666469,0.0889859644864985,Narrow,Bearish,Below CPR,Cash Only,Diversified,False,True,0.15,60,23269180.415,Lower,True,Short,False,Short,70,Confirmed,CPR width: Narrow (20/20); Price location: Below CPR (20/20); Trend: unavailable (10/20); Participation: unavailable (10/20); Higher timeframe: unavailable (10/20),Narrow CPR,Not applicable,Not applicable,Narrow CPR; Wide CPR rules not applied,None,0,No active J-Curve setup.
SALASAR,EQ,SALASAR TECHNO ENGG. LTD.,7.45,7.54,7.4,7.46,1798558,13460648.72,20260306,7.466666666666668,7.470000000000001,7.463333333333335,7.470000000000001,7.463333333333335,0.0066666666666659,0.0893655049150929,Narrow,Bearish,Below CPR,Cash Only,Diversified,False,True,0.0666666666666666,60,29902571.605,Higher,True,No setup,False,Neutral,0,Not applicable,No directional setup; confirmation score not applicable.,Narrow CPR,Not applicable,Not applicable,Narrow CPR; Wide CPR rules not applied,None,0,No active J-Curve setup.
BALMLAWRIE,EQ,BALMER LAWRIE & CO LTD,174.26,177.0,174.01,175.27,249650,43838614.35,20260306,175.42666666666665,175.505,175.3483333333333,175.505,175.3483333333333,0.1566666666666947,0.0893858998497716,Narrow,Bearish,Below CPR,Cash Only,Diversified,False,True,0.1166666666666666,60,21924363.455,Higher,True,No setup,False,Neutral,0,Not applicable,No directional setup; confirmation score not applicable.,Narrow CPR,Not applicable,Not applicable,Narrow CPR; Wide CPR rules not applied,None,0,No active J-Curve setup.
MANORG,EQ,MANGALAM ORGANICS LIMITED,409.0,415.5,404.1,409.25,1591,652568.55,20260306,409.6166666666666,409.8,409.4333333333332,409.8,409.4333333333332,0.3666666666667879,0.08959478721241,Narrow,Bearish,Below CPR,Cash Only,Diversified,False,True,0.1833333333333333,60,1496623.4500000002,Higher,True,No setup,False,Neutral,0,Not applicable,No directional setup; confirmation score not applicable.,Narrow CPR,Not applicable,Not applicable,Narrow CPR; Wide CPR rules not applied,None,0,No active J-Curve setup.
BANARISUG,EQ,BANNARI AMMAN SUGARS LTD,3625.0,3625.0,3587.3,3601.3,213,766719.1,20260306,3604.533333333333,3606.15,3602.9166666666665,3606.15,3602.9166666666665,3.233333333333576,0.0897823933949844,Narrow,Bearish,Below CPR,Cash Only,Diversified,False,True,0.3166666666666666,60,1406749.85,Overlapping,False,No setup,False,Neutral,0,Not applicable,No directional setup; confirmation score not applicable.,Narrow CPR,Not applicable,Not applicable,Narrow CPR; Wide CPR rules not applied,None,0,No active J-Curve setup.
HITECHCORP,EQ,HITECH CORPORATION LTD,123.44,129.0,123.44,126.05,25950,3273170.9,20260306,126.16333333333334,126.22,126.10666666666668,126.22,126.10666666666668,0.1133333333333155,0.0899114108157997,Narrow,Bearish,Below CPR,Cash Only,Information Technology,False,True,0.1,60,634505.73,Higher,True,No setup,False,Neutral,0,Not applicable,No directional setup; confirmation score not applicable.,Narrow CPR,Not applicable,Not applicable,Narrow CPR; Wide CPR rules not applied,None,0,No active J-Curve setup.
GENUSPOWER,EQ,GENUS POWER INFRASTRU LTD,249.45,266.25,249.45,257.5,397958,103308579.35,20260306,257.7333333333333,257.85,257.6166666666667,257.85,257.6166666666667,0.2333333333333485,0.0906148867313974,Narrow,Bearish,Below CPR,Cash Only,Power & Utilities,False,True,0.0666666666666666,60,102230415.675,Higher,True,No setup,False,Neutral,0,Not applicable,No directional setup; confirmation score not applicable.,Narrow CPR,Not applicable,Not applicable,Narrow CPR; Wide CPR rules not applied,None,0,No active J-Curve setup.
MOIL,EQ,MOIL LIMITED,290.0,296.5,290.0,292.85,637762,187645660.1,20260306,293.1166666666667,293.25,292.9833333333333,293.25,292.9833333333333,0.2666666666666515,0.0910591315235279,Narrow,Bearish,Below CPR,Cash Only,Energy & Oil/Gas,False,True,0.2,60,285727017.67499995,Higher,True,No setup,False,Neutral,0,Not applicable,No directional setup; confirmation score not applicable.,Narrow CPR,Not applicable,Not applicable,Narrow CPR; Wide CPR rules not applied,None,0,No active J-Curve setup.
NILKAMAL,EQ,NILKAMAL LIMITED,1335.0,1352.0,1332.1,1340.2,2572,3453954.9,20260306,1341.4333333333334,1342.05,1340.8166666666668,1342.05,1340.8166666666668,1.2333333333331211,0.0920260657613133,Narrow,Bearish,Below CPR,Cash Only,Diversified,False,True,0.1333333333333333,60,3991498.3,Higher,True,No setup,False,Neutral,0,Not applicable,No directional setup; confirmation score not applicable.,Narrow CPR,Not applicable,Not applicable,Narrow CPR; Wide CPR rules not applied,None,0,No active J-Curve setup.
PLAZACABLE,EQ,PLAZA WIRES LIMITED,37.0,37.0,35.5,36.2,30028,1091354.49,20260306,36.23333333333333,36.25,36.21666666666667,36.25,36.21666666666667,0.0333333333333314,0.0920810313075454,Narrow,Bearish,Below CPR,Cash Only,Media & Entertainment,False,True,0.1,60,1787446.165,Lower,True,Short,False,Short,70,Confirmed,CPR width: Narrow (20/20); Price location: Below CPR (20/20); Trend: unavailable (10/20); Participation: unavailable (10/20); Higher timeframe: unavailable (10/20),Narrow CPR,Not applicable,Not applicable,Narrow CPR; Wide CPR rules not applied,None,0,No active J-Curve setup.
CHEMFAB,EQ,CHEMFAB ALKALIS LIMITED,384.45,384.45,374.0,379.75,5769,2180309.2,20260306,379.4,379.225,379.5750000000001,379.5750000000001,379.225,0.3500000000000227,0.0921658986175175,Narrow,Bullish,Above CPR,Cash Only,Chemicals & Fertilizers,True,False,0.1,60,4378570.525,Higher,True,Long,False,Long,70,Confirmed,CPR width: Narrow (20/20); Price location: Above CPR (20/20); Trend: unavailable (10/20); Participation: unavailable (10/20); Higher timeframe: unavailable (10/20),Narrow CPR,Not applicable,Not applicable,Narrow CPR; Wide CPR rules not applied,None,0,No active J-Curve setup.
ERIS,EQ,ERIS LIFESCIENCES LIMITED,1365.0,1369.2,1356.0,1360.7,19895,27143527.0,20260306,1361.9666666666665,1362.6,1361.333333333333,1362.6,1361.333333333333,1.2666666666668789,0.0930893412704401,Narrow,Bearish,Below CPR,Cash Only,Healthcare,False,True,0.15,60,74701060.6,Lower,True,Short,True,Short,70,Confirmed,CPR width: Narrow (20/20); Price location: Below CPR (20/20); Trend: unavailable (10/20); Participation: unavailable (10/20); Higher timeframe: unavailable (10/20),Narrow CPR,Not applicable,Not applicable,Narrow CPR; Wide CPR rules not applied,None,0,No active J-Curve setup.
IVC,EQ,IL&FS INVESTMENT MANAGERS,7.16,7.24,7.02,7.14,155258,1108454.16,20260306,7.133333333333333,7.13,7.136666666666666,7.136666666666666,7.13,0.0066666666666659,0.0933706816059654,Narrow,Bullish,Above CPR,Cash Only,Diversified,True,False,0.1833333333333333,60,1554783.785,Higher,True,Long,False,Long,70,Confirmed,CPR width: Narrow (20/20); Price location: Above CPR (20/20); Trend: unavailable (10/20); Participation: unavailable (10/20); Higher timeframe: unavailable (10/20),Narrow CPR,Not applicable,Not applicable,Narrow CPR; Wide CPR rules not applied,None,0,No active J-Curve setup.
DCM,EQ,DCM LTD,70.0,71.9,70.0,70.85,4530,320096.48,20260306,70.91666666666667,70.95,70.88333333333334,70.95,70.88333333333334,0.0666666666666628,0.0940955069395382,Narrow,Bearish,Below CPR,Cash Only,Diversified,False,True,0.1,60,622507.345,Inside,True,No setup,False,Neutral,0,Not applicable,No directional setup; confirmation score not applicable.,Narrow CPR,Not applicable,Not applicable,Narrow CPR; Wide CPR rules not applied,None,0,No active J-Curve setup.
GPPL,EQ,GUJARAT PIPAVAV PORT LTD,164.71,168.45,164.0,165.99,615268,102660028.11,20260306,166.14666666666668,166.225,166.06833333333336,166.225,166.06833333333336,0.1566666666666378,0.0943831957748285,Narrow,Bearish,Below CPR,Cash Only,Diversified,False,True,0.15,60,247826586.445,Higher,True,No setup,False,Neutral,0,Not applicable,No directional setup; confirmation score not applicable.,Narrow CPR,Not applicable,Not applicable,Narrow CPR; Wide CPR rules not applied,None,0,No active J-Curve setup.
SRGHFL,EQ,SRG HOUSING FINANCE L,267.75,268.0,261.05,264.15,2236,588517.45,20260306,264.4,264.525,264.275,264.525,264.275,0.25,0.0946431951542684,Narrow,Bearish,Below CPR,Cash Only,Diversified,False,True,0.1333333333333333,60,347285.525,Higher,True,No setup,False,Neutral,0,Not applicable,No directional setup; confirmation score not applicable.,Narrow CPR,Not applicable,Not applicable,Narrow CPR; Wide CPR rules not applied,None,0,No active J-Curve setup.
SAGCEM,EQ,SAGAR CEMENTS LIMITED,184.8,187.92,183.55,186.0,22677,4199853.36,20260306,185.82333333333332,185.735,185.9116666666667,185.9116666666667,185.735,0.1766666666666765,0.0949820788530518,Narrow,Bullish,Above CPR,Cash Only,Diversified,True,False,0.1666666666666666,60,8300484.375,Higher,True,Long,False,Long,70,Confirmed,CPR width: Narrow (20/20); Price location: Above CPR (20/20); Trend: unavailable (10/20); Participation: unavailable (10/20); Higher timeframe: unavailable (10/20),Narrow CPR,Not applicable,Not applicable,Narrow CPR; Wide CPR rules not applied,None,0,No active J-Curve setup.
AMBER,EQ,AMBER ENTERPRISES (I) LTD,7839.5,7945.0,7777.5,7872.5,168706,1327817666.0,20260306,7865.0,7861.25,7868.75,7868.75,7861.25,7.5,0.0952683391552874,Narrow,Bullish,Above CPR,Cash Only,Consumer Durables,True,False,0.1,60,1614012068.25,Higher,True,Long,True,Long,70,Confirmed,CPR width: Narrow (20/20); Price location: Above CPR (20/20); Trend: unavailable (10/20); Participation: unavailable (10/20); Higher timeframe: unavailable (10/20),Narrow CPR,Not applicable,Not applicable,Narrow CPR; Wide CPR rules not applied,None,0,No active J-Curve setup.
LUPIN,EQ,LUPIN LIMITED,2341.0,2369.5,2324.8,2343.8,1374145,3224677400.1,20260306,2346.0333333333333,2347.15,2344.9166666666665,2347.15,2344.9166666666665,2.233333333333576,0.0952868561026357,Narrow,Bearish,Below CPR,Cash Only,Healthcare,False,True,0.2,60,1695125045.0,Higher,True,No setup,True,Neutral,0,Not applicable,No directional setup; confirmation score not applicable.,Narrow CPR,Not applicable,Not applicable,Narrow CPR; Wide CPR rules not applied,None,0,No active J-Curve setup.
MOLDTKPAC,EQ,MOLD-TEK PACKAGING LTD,564.45,579.65,562.8,572.05,45775,26313070.3,20260306,571.4999999999999,571.2249999999999,571.7749999999999,571.7749999999999,571.2249999999999,0.5499999999999545,0.0961454418319997,Narrow,Bullish,Above CPR,Cash Only,Diversified,True,False,0.1,60,22732346.225,Higher,True,Long,False,Long,70,Confirmed,CPR width: Narrow (20/20); Price location: Above CPR (20/20); Trend: unavailable (10/20); Participation: unavailable (10/20); Higher timeframe: unavailable (10/20),Narrow CPR,Not applicable,Not applicable,Narrow CPR; Wide CPR rules not applied,None,0,No active J-Curve setup.
MAYURUNIQ,EQ,MAYUR UNIQUOTERS LTD,518.05,524.75,510.35,516.8,50717,26291719.1,20260306,517.3,517.55,517.05,517.55,517.05,0.5,0.0967492260061919,Narrow,Bearish,Below CPR,Cash Only,Diversified,False,True,0.15,60,26542008.35,Overlapping,True,No setup,False,Neutral,0,Not applicable,No directional setup; confirmation score not applicable.,Narrow CPR,Not applicable,Not applicable,Narrow CPR; Wide CPR rules not applied,None,0,No active J-Curve setup.
DECCANCE,EQ,DECCAN CEMENTS LIMITED,696.15,700.35,676.35,687.35,18356,12597801.75,20260306,688.0166666666668,688.35,687.6833333333335,688.35,687.6833333333335,0.6666666666665151,0.0969908586115538,Narrow,Bearish,Below CPR,Cash Only,Diversified,False,True,0.2,60,12388075.225,Lower,True,Short,False,Short,70,Confirmed,CPR width: Narrow (20/20); Price location: Below CPR (20/20); Trend: unavailable (10/20); Participation: unavailable (10/20); Higher timeframe: unavailable (10/20),Narrow CPR,Not applicable,Not applicable,Narrow CPR; Wide CPR rules not applied,None,0,No active J-Curve setup.
ANIKINDS,EQ,ANIK INDUSTRIES LTD,45.23,45.25,43.02,44.07,4916,216375.72,20260306,44.11333333333334,44.135000000000005,44.09166666666667,44.135000000000005,44.09166666666667,0.0433333333333365,0.098328416912495,Narrow,Bearish,Below CPR,Cash Only,Diversified,False,True,0.1666666666666666,60,801982.585,Lower,True,Short,False,Short,70,Confirmed,CPR width: Narrow (20/20); Price location: Below CPR (20/20); Trend: unavailable (10/20); Participation: unavailable (10/20); Higher timeframe: unavailable (10/20),Narrow CPR,Not applicable,Not applicable,Narrow CPR; Wide CPR rules not applied,None,0,No active J-Curve setup.
LUXIND,EQ,LUX INDUSTRIES LIMITED,886.0,910.0,882.0,894.65,22596,20115383.1,20260306,895.5500000000001,896.0,895.1000000000001,896.0,895.1000000000001,0.8999999999998636,0.1005979992175558,Narrow,Bearish,Below CPR,Cash Only,Diversified,False,True,0.0666666666666666,60,26299285.125,Higher,True,No setup,False,Neutral,0,Not applicable,No directional setup; confirmation score not applicable.,Narrow CPR,Not applicable,Not applicable,Narrow CPR; Wide CPR rules not applied,None,0,No active J-Curve setup.
UGROCAP,EQ,UGRO CAPITAL LIMITED,105.85,107.89,103.87,105.72,597042,62848045.07,20260306,105.82666666666668,105.88,105.77333333333334,105.88,105.77333333333334,0.1066666666666549,0.1008954470929388,Narrow,Bearish,Below CPR,Cash Only,Diversified,False,True,0.15,60,46996981.885,Higher,True,No setup,False,Neutral,0,Not applicable,No directional setup; confirmation score not applicable.,Narrow CPR,Not applicable,Not applicable,Narrow CPR; Wide CPR rules not applied,None,0,No active J-Curve setup.
ARROWGREEN,EQ,ARROW GREENTECH LIMITED,371.0,385.45,371.0,377.65,18503,7028766.5,20260306,378.0333333333333,378.225,377.8416666666666,378.225,377.8416666666666,0.3833333333334394,0.1015049207820573,Narrow,Bearish,Below CPR,Cash Only,Diversified,False,True,0.1,60,7789177.975,Lower,True,Short,False,Short,70,Confirmed,CPR width: Narrow (20/20); Price location: Below CPR (20/20); Trend: unavailable (10/20); Participation: unavailable (10/20); Higher timeframe: unavailable (10/20),Narrow CPR,Not applicable,Not applicable,Narrow CPR; Wide CPR rules not applied,None,0,No active J-Curve setup.
SATIA,EQ,SATIA INDUSTRIES LIMITED,61.99,62.5,61.75,62.03,22953,1424340.95,20260306,62.09333333333333,62.125,62.06166666666667,62.125,62.06166666666667,0.0633333333333325,0.102101133859959,Narrow,Bearish,Below CPR,Cash Only,Diversified,False,True,0.1333333333333333,60,4608817.01,Lower,True,Short,False,Short,70,Confirmed,CPR width: Narrow (20/20); Price location: Below CPR (20/20); Trend: unavailable (10/20); Participation: unavailable (10/20); Higher timeframe: unavailable (10/20),Narrow CPR,Not applicable,Not applicable,Narrow CPR; Wide CPR rules not applied,None,0,No active J-Curve setup.
PANAMAPET,EQ,PANAMA PETROCHEM LTD,274.35,278.35,273.3,276.25,18724,5159698.6,20260306,275.9666666666667,275.82500000000005,276.1083333333333,276.1083333333333,275.82500000000005,0.283333333333303,0.1025641025640916,Narrow,Bullish,Above CPR,Cash Only,Diversified,True,False,0.1,60,9405130.0,Higher,True,Long,False,Long,70,Confirmed,CPR width: Narrow (20/20); Price location: Above CPR (20/20); Trend: unavailable (10/20); Participation: unavailable (10/20); Higher timeframe: unavailable (10/20),Narrow CPR,Not applicable,Not applicable,Narrow CPR; Wide CPR rules not applied,None,0,No active J-Curve setup.
HINDALCO,EQ,HINDALCO  INDUSTRIES  LTD,955.0,971.65,943.15,958.9,8295000,7954762064.05,20260306,957.9,957.4,958.4,958.4,957.4,1.0,0.1042861612264052,Narrow,Bullish,Above CPR,Cash Only,Metals & Mining,True,False,0.1666666666666666,60,4996910553.0,Higher,True,Long,True,Long,70,Confirmed,CPR width: Narrow (20/20); Price location: Above CPR (20/20); Trend: unavailable (10/20); Participation: unavailable (10/20); Higher timeframe: unavailable (10/20),Narrow CPR,Not applicable,Not applicable,Narrow CPR; Wide CPR rules not applied,None,0,No active J-Curve setup.
APTUS,EQ,APTUS VALUE HSG FIN I LTD,229.82,231.34,225.8,228.21,1854854,425016010.27,20260306,228.45,228.57,228.33000000000004,228.57,228.33000000000004,0.2399999999999522,0.1051662942026871,Narrow,Bearish,Below CPR,Cash Only,Financial Services,False,True,0.1833333333333333,60,233753536.975,Lower,True,Short,True,Short,70,Confirmed,CPR width: Narrow (20/20); Price location: Below CPR (20/20); Trend: unavailable (10/20); Participation: unavailable (10/20); Higher timeframe: unavailable (10/20),Narrow CPR,Not applicable,Not applicable,Narrow CPR; Wide CPR rules not applied,None,0,No active J-Curve setup.
SAMBHV,EQ,SAMBHV STEEL TUBES LTD,95.0,96.2,93.5,94.7,410181,39039867.31,20260306,94.8,94.85,94.75,94.85,94.75,0.0999999999999943,0.1055966209081249,Narrow,Bearish,Below CPR,Cash Only,Diversified,False,True,0.1333333333333333,60,62173016.71,Lower,True,Short,False,Short,70,Confirmed,CPR width: Narrow (20/20); Price location: Below CPR (20/20); Trend: unavailable (10/20); Participation: unavailable (10/20); Higher timeframe: unavailable (10/20),Narrow CPR,Not applicable,Not applicable,Narrow CPR; Wide CPR rules not applied,None,0,No active J-Curve setup.
CHEVIOT,EQ,CHEVIOT COMPANY LIMITED,1008.9,1013.8,1005.0,1007.8,672,678079.5,20260306,1008.8666666666668,1009.4,1008.3333333333334,1009.4,1008.3333333333334,1.066666666666606,0.1058411060395521,Narrow,Bearish,Below CPR,Cash Only,Diversified,False,True,0.2666666666666666,60,1058899.5,Overlapping,False,No setup,False,Neutral,0,Not applicable,No directional setup; confirmation score not applicable.,Narrow CPR,Not applicable,Not applicable,Narrow CPR; Wide CPR rules not applied,None,0,No active J-Curve setup.
ENERGYDEV,EQ,ENERGY DEVE. CO.LTD,15.95,16.29,15.22,15.73,17895,283749.01,20260306,15.746666666666664,15.755,15.73833333333333,15.755,15.73833333333333,0.0166666666666692,0.1059546514092134,Narrow,Bearish,Below CPR,Cash Only,Diversified,False,True,0.0303030303030303,33,913196.68,Overlapping,True,No setup,False,Neutral,0,Not applicable,No directional setup; confirmation score not applicable.,Narrow CPR,Not applicable,Not applicable,Narrow CPR; Wide CPR rules not applied,None,0,No active J-Curve setup.
NTPCGREEN,EQ,NTPC GREEN ENERGY LIMITED,87.0,88.8,86.8,87.94,1627436,143151415.76,20260306,87.84666666666665,87.8,87.8933333333333,87.8933333333333,87.8,0.0933333333333052,0.1061329694488347,Narrow,Bullish,Above CPR,Cash Only,Power,True,False,0.2166666666666666,60,247703837.69,Higher,True,Long,True,Long,70,Confirmed,CPR width: Narrow (20/20); Price location: Above CPR (20/20); Trend: unavailable (10/20); Participation: unavailable (10/20); Higher timeframe: unavailable (10/20),Narrow CPR,Not applicable,Not applicable,Narrow CPR; Wide CPR rules not applied,None,0,No active J-Curve setup.
VIYASH,EQ,VIYASH SCIENTIFIC LIMITED,203.0,204.88,200.21,202.87,320833,65108454.13,20260306,202.6533333333333,202.545,202.76166666666663,202.76166666666663,202.545,0.2166666666666401,0.1068007426759206,Narrow,Bullish,Above CPR,Cash Only,Diversified,True,False,0.1379310344827586,29,122176291.2,Higher,True,Long,False,Long,70,Confirmed,CPR width: Narrow (20/20); Price location: Above CPR (20/20); Trend: unavailable (10/20); Participation: unavailable (10/20); Higher timeframe: unavailable (10/20),Narrow CPR,Not applicable,Not applicable,Narrow CPR; Wide CPR rules not applied,None,0,No active J-Curve setup.
AUROPHARMA,EQ,AUROBINDO PHARMA LTD,1224.9,1244.7,1215.1,1231.9,804367,989229211.5,20260306,1230.5666666666668,1229.9,1231.2333333333336,1231.2333333333336,1229.9,1.333333333333485,0.1082338934437442,Narrow,Bullish,Above CPR,Cash Only,Healthcare,True,False,0.1333333333333333,60,1072311207.45,Higher,True,Long,True,Long,70,Confirmed,CPR width: Narrow (20/20); Price location: Above CPR (20/20); Trend: unavailable (10/20); Participation: unavailable (10/20); Higher timeframe: unavailable (10/20),Narrow CPR,Not applicable,Not applicable,Narrow CPR; Wide CPR rules not applied,None,0,No active J-Curve setup.
COLPAL,EQ,COLGATE PALMOLIVE LTD.,2200.1,2220.0,2196.4,2204.6,233352,514760005.0,20260306,2207.0,2208.2,2205.8,2208.2,2205.8,2.399999999999636,0.1088632858568282,Narrow,Bearish,Below CPR,Cash Only,Fast Moving Consumer Goods,False,True,0.0833333333333333,60,658539546.45,Higher,True,No setup,True,Neutral,0,Not applicable,No directional setup; confirmation score not applicable.,Narrow CPR,Not applicable,Not applicable,Narrow CPR; Wide CPR rules not applied,None,0,No active J-Curve setup.
HATSUN,EQ,HATSUN AGRO PRODUCT LTD.,913.75,920.0,897.0,910.0,13395,12146876.8,20260306,909.0,908.5,909.5,909.5,908.5,1.0,0.1098901098901098,Narrow,Bullish,Above CPR,Cash Only,Diversified,True,False,0.1333333333333333,60,16571873.275,Lower,True,No setup,False,Neutral,0,Not applicable,No directional setup; confirmation score not applicable.,Narrow CPR,Not applicable,Not applicable,Narrow CPR; Wide CPR rules not applied,None,0,No active J-Curve setup.
SBFC,EQ,SBFC FINANCE LIMITED,93.01,95.12,92.49,93.96,851500,80172178.38,20260306,93.85666666666668,93.805,93.90833333333332,93.90833333333332,93.805,0.1033333333333246,0.1099758762593919,Narrow,Bullish,Above CPR,Cash Only,Financial Services,True,False,0.15,60,104878522.915,Higher,True,Long,True,Long,70,Confirmed,CPR width: Narrow (20/20); Price location: Above CPR (20/20); Trend: unavailable (10/20); Participation: unavailable (10/20); Higher timeframe: unavailable (10/20),Narrow CPR,Not applicable,Not applicable,Narrow CPR; Wide CPR rules not applied,None,0,No active J-Curve setup.
MANAKSIA,EQ,MANAKSIA LTD.,57.39,57.4,56.01,56.8,14099,800949.55,20260306,56.73666666666666,56.705,56.76833333333332,56.76833333333332,56.705,0.0633333333333183,0.111502347417814,Narrow,Bullish,Above CPR,Cash Only,Diversified,True,False,0.15,60,1838037.085,Lower,True,No setup,False,Neutral,0,Not applicable,No directional setup; confirmation score not applicable.,Narrow CPR,Not applicable,Not applicable,Narrow CPR; Wide CPR rules not applied,None,0,No active J-Curve setup.
ATL,EQ,ALLCARGO TERMINALS LTD,23.5,24.3,23.4,23.89,234927,5605381.89,20260306,23.863333333333333,23.85,23.876666666666665,23.876666666666665,23.85,0.0266666666666637,0.1116227152225355,Narrow,Bullish,Above CPR,Cash Only,Diversified,True,False,0.1166666666666666,60,6140161.485,Higher,True,Long,False,Long,70,Confirmed,CPR width: Narrow (20/20); Price location: Above CPR (20/20); Trend: unavailable (10/20); Participation: unavailable (10/20); Higher timeframe: unavailable (10/20),Narrow CPR,Not applicable,Not applicable,Narrow CPR; Wide CPR rules not applied,None,0,No active J-Curve setup.
BHAGCHEM,EQ,BHAGIRADHA CHEM & INDS L,199.0,200.99,197.5,198.91,70540,14081402.87,20260306,199.13333333333333,199.245,199.02166666666665,199.245,199.02166666666665,0.2233333333333576,0.1122785849546818,Narrow,Bearish,Below CPR,Cash Only,Chemicals & Fertilizers,False,True,0.15,60,15013186.395,Lower,True,Short,False,Short,70,Confirmed,CPR width: Narrow (20/20); Price location: Below CPR (20/20); Trend: unavailable (10/20); Participation: unavailable (10/20); Higher timeframe: unavailable (10/20),Narrow CPR,Not applicable,Not applicable,Narrow CPR; Wide CPR rules not applied,None,0,No active J-Curve setup.
JAINREC,EQ,JAIN RESOURCE RECYCLING L,414.0,420.0,408.3,414.85,1404070,582244354.05,20260306,414.3833333333334,414.15,414.6166666666668,414.6166666666668,414.15,0.4666666666668106,0.1124904583986526,Narrow,Bullish,Above CPR,Cash Only,Metals & Mining,True,False,0.1166666666666666,60,468410398.05,Higher,True,Long,True,Long,70,Confirmed,CPR width: Narrow (20/20); Price location: Above CPR (20/20); Trend: unavailable (10/20); Participation: unavailable (10/20); Higher timeframe: unavailable (10/20),Narrow CPR,Not applicable,Not applicable,Narrow CPR; Wide CPR rules not applied,None,0,No active J-Curve setup.
SBC,EQ,SBC EXPORTS LIMITED,32.54,32.75,32.1,32.37,12992881,422922581.81,20260306,32.406666666666666,32.425,32.388333333333335,32.425,32.388333333333335,0.0366666666666617,0.1132736072494956,Narrow,Bearish,Below CPR,Cash Only,Diversified,False,True,0.35,60,330214813.95000005,Higher,False,No setup,False,Neutral,0,Not applicable,No directional setup; confirmation score not applicable.,Narrow CPR,Not applicable,Not applicable,Narrow CPR; Wide CPR rules not applied,None,0,No active J-Curve setup.
SUVIDHAA,EQ,SUVIDHAA INFOSERVE LTD,2.96,2.96,2.89,2.92,83925,244851.09,20260306,2.9233333333333333,2.925,2.921666666666667,2.925,2.921666666666667,0.0033333333333329,0.1141552511415399,Narrow,Bearish,Below CPR,Cash Only,Diversified,False,True,0.1666666666666666,60,259934.96500000003,Overlapping,True,No setup,False,Neutral,0,Not applicable,No directional setup; confirmation score not applicable.,Narrow CPR,Not applicable,Not applicable,Narrow CPR; Wide CPR rules not applied,None,0,No active J-Curve setup.
BLKASHYAP,EQ,B.L.KASHYAP & SON LTD,49.0,50.35,48.78,49.48,250229,12437215.54,20260306,49.53666666666666,49.565,49.508333333333326,49.565,49.508333333333326,0.0566666666666719,0.114524386957704,Narrow,Bearish,Below CPR,Cash Only,Diversified,False,True,0.1,60,16117163.525,Inside,True,No setup,False,Neutral,0,Not applicable,No directional setup; confirmation score not applicable.,Narrow CPR,Not applicable,Not applicable,Narrow CPR; Wide CPR rules not applied,None,0,No active J-Curve setup.
BIOCON,EQ,BIOCON LIMITED.,387.0,394.25,385.8,390.7,2552685,998976137.7,20260306,390.25,390.025,390.475,390.475,390.025,0.4500000000000455,0.1151778858459292,Narrow,Bullish,Above CPR,Cash Only,Healthcare,True,False,0.2333333333333333,60,948296705.275,Higher,True,Long,True,Long,70,Confirmed,CPR width: Narrow (20/20); Price location: Above CPR (20/20); Trend: unavailable (10/20); Participation: unavailable (10/20); Higher timeframe: unavailable (10/20),Narrow CPR,Not applicable,Not applicable,Narrow CPR; Wide CPR rules not applied,None,0,No active J-Curve setup.
SOMANYCERA,EQ,SOMANY CERAMICS LIMITED,374.95,380.2,371.0,374.95,18144,6808101.0,20260306,375.3833333333334,375.6,375.16666666666674,375.6,375.16666666666674,0.4333333333332803,0.1155709650175437,Narrow,Bearish,Below CPR,Cash Only,Diversified,False,True,0.1166666666666666,60,10610415.875,Lower,True,Short,False,Short,70,Confirmed,CPR width: Narrow (20/20); Price location: Below CPR (20/20); Trend: unavailable (10/20); Participation: unavailable (10/20); Higher timeframe: unavailable (10/20),Narrow CPR,Not applicable,Not applicable,Narrow CPR; Wide CPR rules not applied,None,0,No active J-Curve setup.
LAXMIDENTL,EQ,LAXMI DENTAL LIMITED,181.48,184.47,179.56,181.7,52258,9529593.76,20260306,181.91,182.015,181.805,182.015,181.805,0.2099999999999795,0.1155751238304785,Narrow,Bearish,Below CPR,Cash Only,Diversified,False,True,0.15,60,26301642.775,Inside,True,No setup,False,Neutral,0,Not applicable,No directional setup; confirmation score not applicable.,Narrow CPR,Not applicable,Not applicable,Narrow CPR; Wide CPR rules not applied,None,0,No active J-Curve setup.
PFS,EQ,PTC INDIA FIN SERV LTD,28.69,29.08,28.32,28.65,612385,17543772.03,20260306,28.683333333333334,28.7,28.666666666666668,28.7,28.666666666666668,0.0333333333333314,0.1163467132053453,Narrow,Bearish,Below CPR,Cash Only,Diversified,False,True,0.1166666666666666,60,14428438.32,Overlapping,True,No setup,False,Neutral,0,Not applicable,No directional setup; confirmation score not applicable.,Narrow CPR,Not applicable,Not applicable,Narrow CPR; Wide CPR rules not applied,None,0,No active J-Curve setup.
NMDC,EQ,NMDC LTD.,78.0,81.91,77.95,79.79,32383963,2597518858.4,20260306,79.88333333333334,79.93,79.83666666666667,79.93,79.83666666666667,0.0933333333333337,0.116973722688725,Narrow,Bearish,Below CPR,Cash Only,Metals & Mining,False,True,0.1166666666666666,60,2165832605.05,Higher,True,No setup,True,Neutral,0,Not applicable,No directional setup; confirmation score not applicable.,Narrow CPR,Not applicable,Not applicable,Narrow CPR; Wide CPR rules not applied,None,0,No active J-Curve setup.
HEMIPROP,EQ,HEMISPHERE PROP IND LTD,137.61,141.75,136.3,139.27,809248,112356495.6,20260306,139.10666666666668,139.025,139.18833333333336,139.18833333333336,139.025,0.1633333333333553,0.1172781886503592,Narrow,Bullish,Above CPR,Cash Only,Real Estate & Infra,True,False,0.2166666666666666,60,35980435.44,Higher,True,Long,False,Long,70,Confirmed,CPR width: Narrow (20/20); Price location: Above CPR (20/20); Trend: unavailable (10/20); Participation: unavailable (10/20); Higher timeframe: unavailable (10/20),Narrow CPR,Not applicable,Not applicable,Narrow CPR; Wide CPR rules not applied,None,0,No active J-Curve setup.
BANCOINDIA,EQ,BANCO PRODUCTS (I) LTD,583.2,590.0,575.85,581.9,92790,54117004.35,20260306,582.5833333333334,582.925,582.2416666666668,582.925,582.2416666666668,0.6833333333331666,0.1174314028756086,Narrow,Bearish,Below CPR,Cash Only,Diversified,False,True,0.1333333333333333,60,121105867.4,Higher,True,No setup,False,Neutral,0,Not applicable,No directional setup; confirmation score not applicable.,Narrow CPR,Not applicable,Not applicable,Narrow CPR; Wide CPR rules not applied,None,0,No active J-Curve setup.
COFORGE,EQ,COFORGE LIMITED,1152.7,1181.8,1148.1,1162.9,1741522,2025288169.6,20260306,1164.2666666666669,1164.9499999999998,1163.5833333333337,1164.9499999999998,1163.5833333333337,1.3666666666663332,0.1175222862383982,Narrow,Bearish,Below CPR,Cash Only,Information Technology,False,True,0.15,60,3403059875.15,Overlapping,True,No setup,True,Neutral,0,Not applicable,No directional setup; confirmation score not applicable.,Narrow CPR,Not applicable,Not applicable,Narrow CPR; Wide CPR rules not applied,None,0,No active J-Curve setup.
KCPSUGIND,EQ,KCP SUGAR IND CORP LTD.,22.51,23.22,22.06,22.68,174832,3965479.04,20260306,22.653333333333336,22.64,22.66666666666667,22.66666666666667,22.64,0.0266666666666708,0.1175778953556915,Narrow,Bullish,Above CPR,Cash Only,Diversified,True,False,0.1666666666666666,60,2298299.84,Lower,True,No setup,False,Neutral,0,Not applicable,No directional setup; confirmation score not applicable.,Narrow CPR,Not applicable,Not applicable,Narrow CPR; Wide CPR rules not applied,None,0,No active J-Curve setup.
RELIANCE,EQ,RELIANCE INDUSTRIES LTD,1396.5,1424.3,1390.3,1404.8,19311971,27285257299.5,20260306,1406.4666666666665,1407.3,1405.633333333333,1407.3,1405.633333333333,1.6666666666669698,0.1186408504176373,Narrow,Bearish,Below CPR,Cash Only,Oil Gas & Consumable Fuels,False,True,0.2333333333333333,60,15292698769.55,Higher,True,No setup,True,Neutral,0,Not applicable,No directional setup; confirmation score not applicable.,Narrow CPR,Not applicable,Not applicable,Narrow CPR; Wide CPR rules not applied,None,0,No active J-Curve setup.
SURAJLTD,EQ,SURAJ LIMITED,234.98,234.98,218.01,226.9,923,211142.02,20260306,226.63,226.495,226.765,226.765,226.495,0.2699999999999818,0.1189951520493529,Narrow,Bullish,Above CPR,Cash Only,Diversified,True,False,0.1333333333333333,60,242286.175,Higher,True,Long,False,Long,70,Confirmed,CPR width: Narrow (20/20); Price location: Above CPR (20/20); Trend: unavailable (10/20); Participation: unavailable (10/20); Higher timeframe: unavailable (10/20),Narrow CPR,Not applicable,Not applicable,Narrow CPR; Wide CPR rules not applied,None,0,No active J-Curve setup.
BBTC,EQ,BOMBAY BURMAH TRADING COR,1619.0,1633.8,1601.2,1620.4,23446,37932871.5,20260306,1618.4666666666665,1617.5,1619.433333333333,1619.433333333333,1617.5,1.9333333333329392,0.1193121040072166,Narrow,Bullish,Above CPR,Cash Only,Fast Moving Consumer Goods,True,False,0.1833333333333333,60,55139654.55,Inside,True,No setup,True,Neutral,0,Not applicable,No directional setup; confirmation score not applicable.,Narrow CPR,Not applicable,Not applicable,Narrow CPR; Wide CPR rules not applied,None,0,No active J-Curve setup.
KILITCH,EQ,KILITCH DRUGS INDIA LTD,320.3,323.95,317.4,320.1,2751,881643.45,20260306,320.4833333333333,320.67499999999995,320.29166666666663,320.67499999999995,320.29166666666663,0.3833333333333257,0.1197542434655812,Narrow,Bearish,Below CPR,Cash Only,Diversified,False,True,0.1,60,3293227.525,Overlapping,True,No setup,False,Neutral,0,Not applicable,No directional setup; confirmation score not applicable.,Narrow CPR,Not applicable,Not applicable,Narrow CPR; Wide CPR rules not applied,None,0,No active J-Curve setup.
GNFC,EQ,GUJ NAR VAL FER & CHEM L,430.0,435.85,428.3,431.3,142603,61639768.85,20260306,431.81666666666666,432.0750000000001,431.5583333333333,432.0750000000001,431.5583333333333,0.5166666666667652,0.1197928742561477,Narrow,Bearish,Below CPR,Cash Only,Diversified,False,True,0.2166666666666666,60,62854191.525000006,Inside,True,No setup,False,Neutral,0,Not applicable,No directional setup; confirmation score not applicable.,Narrow CPR,Not applicable,Not applicable,Narrow CPR; Wide CPR rules not applied,None,0,No active J-Curve setup.
KAMDHENU,EQ,KAMDHENU LIMITED,21.78,22.64,21.78,22.25,770410,17198659.07,20260306,22.223333333333333,22.21,22.236666666666665,22.236666666666665,22.21,0.0266666666666637,0.1198501872659044,Narrow,Bullish,Above CPR,Cash Only,Diversified,True,False,0.05,60,25041876.305,Higher,True,Long,False,Long,70,Confirmed,CPR width: Narrow (20/20); Price location: Above CPR (20/20); Trend: unavailable (10/20); Participation: unavailable (10/20); Higher timeframe: unavailable (10/20),Narrow CPR,Not applicable,Not applicable,Narrow CPR; Wide CPR rules not applied,None,0,No active J-Curve setup.
GRASIM,EQ,GRASIM INDUSTRIES LTD,2701.5,2759.4,2687.2,2718.4,1457401,3986794701.1,20260306,2721.6666666666665,2723.3,2720.033333333333,2723.3,2720.033333333333,3.2666666666673336,0.1201687267020061,Narrow,Bearish,Below CPR,Cash Only,Construction Materials,False,True,0.2333333333333333,60,1700995662.4,Higher,True,No setup,True,Neutral,0,Not applicable,No directional setup; confirmation score not applicable.,Narrow CPR,Not applicable,Not applicable,Narrow CPR; Wide CPR rules not applied,None,0,No active J-Curve setup.
ALKEM,EQ,ALKEM LABORATORIES LTD.,5580.0,5583.0,5497.0,5530.0,41269,228417248.5,20260306,5536.666666666667,5540.0,5533.333333333334,5540.0,5533.333333333334,6.66666666666606,0.1205545509342868,Narrow,Bearish,Below CPR,Cash Only,Healthcare,False,True,0.2333333333333333,60,480471526.0,Overlapping,True,No setup,True,Neutral,0,Not applicable,No directional setup; confirmation score not applicable.,Narrow CPR,Not applicable,Not applicable,Narrow CPR; Wide CPR rules not applied,None,0,No active J-Curve setup.
LINC,EQ,LINC LIMITED,107.7,107.7,103.97,106.03,21002,2216421.41,20260306,105.90000000000002,105.835,105.96500000000005,105.96500000000005,105.835,0.1300000000000238,0.1226068093935903,Narrow,Bullish,Above CPR,Cash Only,Diversified,True,False,0.15,60,2454549.485,Higher,True,Long,False,Long,70,Confirmed,CPR width: Narrow (20/20); Price location: Above CPR (20/20); Trend: unavailable (10/20); Participation: unavailable (10/20); Higher timeframe: unavailable (10/20),Narrow CPR,Not applicable,Not applicable,Narrow CPR; Wide CPR rules not applied,None,0,No active J-Curve setup.
NATHBIOGEN,EQ,NATH BIO-GENES (I) LTD,142.84,144.8,142.35,143.84,12004,1725813.07,20260306,143.66333333333333,143.575,143.7516666666667,143.7516666666667,143.575,0.1766666666666765,0.1228216536892912,Narrow,Bullish,Above CPR,Cash Only,Healthcare & Pharma,True,False,0.1833333333333333,60,1990773.23,Higher,True,Long,False,Long,70,Confirmed,CPR width: Narrow (20/20); Price location: Above CPR (20/20); Trend: unavailable (10/20); Participation: unavailable (10/20); Higher timeframe: unavailable (10/20),Narrow CPR,Not applicable,Not applicable,Narrow CPR; Wide CPR rules not applied,None,0,No active J-Curve setup.
NPST,EQ,NETWORK PEOPLE SRV TECH L,1057.9,1075.6,1032.1,1055.8,20771,21812295.3,20260306,1054.5,1053.85,1055.15,1055.15,1053.85,1.300000000000182,0.123129380564518,Narrow,Bullish,Above CPR,Cash Only,Diversified,True,False,0.0666666666666666,60,22043054.200000003,Inside,True,No setup,False,Neutral,0,Not applicable,No directional setup; confirmation score not applicable.,Narrow CPR,Not applicable,Not applicable,Narrow CPR; Wide CPR rules not applied,None,0,No active J-Curve setup.
UYFINCORP,EQ,U. Y. FINCORP LIMITED,13.0,13.85,13.0,13.45,31682,426843.19,20260306,13.433333333333332,13.425,13.441666666666665,13.441666666666665,13.425,0.0166666666666621,0.1239157372986034,Narrow,Bullish,Above CPR,Cash Only,Diversified,True,False,0.0416666666666666,24,3315974.54,Lower,True,No setup,False,Neutral,0,Not applicable,No directional setup; confirmation score not applicable.,Narrow CPR,Not applicable,Not applicable,Narrow CPR; Wide CPR rules not applied,None,0,No active J-Curve setup.
CCL,EQ,CCL PRODUCTS (I) LTD,1035.0,1040.0,995.4,1015.8,189424,192448168.9,20260306,1017.0666666666666,1017.7,1016.4333333333332,1017.7,1016.4333333333332,1.2666666666668789,0.1246964625582672,Narrow,Bearish,Below CPR,Cash Only,Fast Moving Consumer Goods,False,True,0.2333333333333333,60,187788733.775,Lower,True,Short,True,Short,70,Confirmed,CPR width: Narrow (20/20); Price location: Below CPR (20/20); Trend: unavailable (10/20); Participation: unavailable (10/20); Higher timeframe: unavailable (10/20),Narrow CPR,Not applicable,Not applicable,Narrow CPR; Wide CPR rules not applied,None,0,No active J-Curve setup.
AIRAN,EQ,AIRAN LIMITED,15.84,16.25,15.71,16.01,42217,678211.35,20260306,15.99,15.98,16.0,16.0,15.98,0.0199999999999995,0.1249219237976238,Narrow,Bullish,Above CPR,Cash Only,Diversified,True,False,0.0666666666666666,60,1256257.93,Higher,True,Long,False,Long,70,Confirmed,CPR width: Narrow (20/20); Price location: Above CPR (20/20); Trend: unavailable (10/20); Participation: unavailable (10/20); Higher timeframe: unavailable (10/20),Narrow CPR,Not applicable,Not applicable,Narrow CPR; Wide CPR rules not applied,None,0,No active J-Curve setup.
GNA,EQ,GNA AXLES LIMITED,428.45,432.6,418.3,426.25,72103,30599338.15,20260306,425.7166666666667,425.4500000000001,425.98333333333335,425.98333333333335,425.4500000000001,0.533333333333303,0.1251221896383115,Narrow,Bullish,Above CPR,Cash Only,Diversified,True,False,0.1666666666666666,60,26128568.15,Lower,True,No setup,False,Neutral,0,Not applicable,No directional setup; confirmation score not applicable.,Narrow CPR,Not applicable,Not applicable,Narrow CPR; Wide CPR rules not applied,None,0,No active J-Curve setup.
SOLARINDS,EQ,SOLAR INDUSTRIES (I) LTD,14702.0,15576.0,14671.0,15152.0,395561,6026590188.0,20260306,15133.0,15123.5,15142.5,15142.5,15123.5,19.0,0.1253959873284054,Narrow,Bullish,Above CPR,Cash Only,Chemicals,True,False,0.0833333333333333,60,1572629755.5,Higher,True,Long,True,Long,70,Confirmed,CPR width: Narrow (20/20); Price location: Above CPR (20/20); Trend: unavailable (10/20); Participation: unavailable (10/20); Higher timeframe: unavailable (10/20),Narrow CPR,Not applicable,Not applicable,Narrow CPR; Wide CPR rules not applied,None,0,No active J-Curve setup.
PGHL,EQ,PROCTER & GAMBLE HEALTH L,4900.0,4918.0,4838.5,4887.5,6161,30116688.5,20260306,4881.333333333333,4878.25,4884.416666666666,4884.416666666666,4878.25,6.16666666666606,0.1261722080136278,Narrow,Bullish,Above CPR,Cash Only,Diversified,True,False,0.25,60,41001670.75,Higher,True,Long,False,Long,70,Confirmed,CPR width: Narrow (20/20); Price location: Above CPR (20/20); Trend: unavailable (10/20); Participation: unavailable (10/20); Higher timeframe: unavailable (10/20),Narrow CPR,Not applicable,Not applicable,Narrow CPR; Wide CPR rules not applied,None,0,No active J-Curve setup.
ACI,EQ,ARCHEAN CHEMICAL IND LTD,538.9,563.0,535.2,550.15,109768,60658112.05,20260306,549.4499999999999,549.1,549.7999999999998,549.7999999999998,549.1,0.6999999999998181,0.1272380259928779,Narrow,Bullish,Above CPR,Cash Only,Diversified,True,False,0.05,60,64316050.5,Higher,True,Long,False,Long,70,Confirmed,CPR width: Narrow (20/20); Price location: Above CPR (20/20); Trend: unavailable (10/20); Participation: unavailable (10/20); Higher timeframe: unavailable (10/20),Narrow CPR,Not applicable,Not applicable,Narrow CPR; Wide CPR rules not applied,None,0,No active J-Curve setup.
EMMVEE,EQ,EMMVEE PHOTOVOLTAIC PWR L,192.0,197.0,190.0,193.13,1088055,208770993.05,20260306,193.3766666666667,193.5,193.25333333333333,193.5,193.25333333333333,0.2466666666666697,0.1277205336647179,Narrow,Bearish,Below CPR,Cash Only,Capital Goods,False,True,0.1,60,369605043.09,Overlapping,True,No setup,True,Neutral,0,Not applicable,No directional setup; confirmation score not applicable.,Narrow CPR,Not applicable,Not applicable,Narrow CPR; Wide CPR rules not applied,None,0,No active J-Curve setup.
RVHL,EQ,RAVINDER HEIGHTS LIMITED,38.01,39.83,38.0,38.99,17857,694858.53,20260306,38.94,38.915,38.965,38.965,38.915,0.0499999999999971,0.1282380097460814,Narrow,Bullish,Above CPR,Cash Only,Diversified,True,False,0.0588235294117647,51,826152.99,Higher,True,Long,False,Long,70,Confirmed,CPR width: Narrow (20/20); Price location: Above CPR (20/20); Trend: unavailable (10/20); Participation: unavailable (10/20); Higher timeframe: unavailable (10/20),Narrow CPR,Not applicable,Not applicable,Narrow CPR; Wide CPR rules not applied,None,0,No active J-Curve setup.
ATHERENERG,EQ,ATHER ENERGY LIMITED,680.3,687.8,662.9,674.05,752277,511832697.25,20260306,674.9166666666666,675.3499999999999,674.4833333333333,675.3499999999999,674.4833333333333,0.8666666666665606,0.1285760205721475,Narrow,Bearish,Below CPR,Cash Only,Automobile and Auto Components,False,True,0.1333333333333333,60,1100048470.6999998,Lower,True,Short,True,Short,70,Confirmed,CPR width: Narrow (20/20); Price location: Below CPR (20/20); Trend: unavailable (10/20); Participation: unavailable (10/20); Higher timeframe: unavailable (10/20),Narrow CPR,Not applicable,Not applicable,Narrow CPR; Wide CPR rules not applied,None,0,No active J-Curve setup.
AMANTA,EQ,AMANTA HEALTHCARE LIMITED,100.05,101.5,99.55,100.72,29629,2977554.11,20260306,100.59,100.525,100.65499999999996,100.65499999999996,100.525,0.129999999999967,0.1290706910245899,Narrow,Bullish,Above CPR,Cash Only,Diversified,True,False,0.0833333333333333,60,4513857.33,Higher,True,Long,False,Long,70,Confirmed,CPR width: Narrow (20/20); Price location: Above CPR (20/20); Trend: unavailable (10/20); Participation: unavailable (10/20); Higher timeframe: unavailable (10/20),Narrow CPR,Not applicable,Not applicable,Narrow CPR; Wide CPR rules not applied,None,0,No active J-Curve setup.
TIPSMUSIC,EQ,TIPS MUSIC LIMITED,516.55,517.2,505.5,510.35,86637,44221733.15,20260306,511.0166666666667,511.35,510.6833333333334,511.35,510.6833333333334,0.6666666666666288,0.1306293066849473,Narrow,Bearish,Below CPR,Cash Only,Diversified,False,True,0.0833333333333333,60,73014070.875,Lower,True,Short,False,Short,70,Confirmed,CPR width: Narrow (20/20); Price location: Below CPR (20/20); Trend: unavailable (10/20); Participation: unavailable (10/20); Higher timeframe: unavailable (10/20),Narrow CPR,Not applicable,Not applicable,Narrow CPR; Wide CPR rules not applied,None,0,No active J-Curve setup.
KALPATARU,EQ,KALPATARU LIMITED,310.35,311.95,301.05,305.9,786726,242083655.45,20260306,306.3,306.5,306.1,306.5,306.1,0.3999999999999772,0.1307616868257526,Narrow,Bearish,Below CPR,Cash Only,Diversified,False,True,0.0833333333333333,60,14175647.625,Lower,True,Short,False,Short,70,Confirmed,CPR width: Narrow (20/20); Price location: Below CPR (20/20); Trend: unavailable (10/20); Participation: unavailable (10/20); Higher timeframe: unavailable (10/20),Narrow CPR,Not applicable,Not applicable,Narrow CPR; Wide CPR rules not applied,None,0,No active J-Curve setup.
UNOMINDA,EQ,UNO MINDA LIMITED,1117.9,1134.9,1112.1,1121.3,425766,479930474.5,20260306,1122.7666666666669,1123.5,1122.0333333333333,1123.5,1122.0333333333333,1.466666666666697,0.1308005588751179,Narrow,Bearish,Below CPR,Cash Only,Automobile and Auto Components,False,True,0.1833333333333333,60,784362928.75,Higher,True,No setup,True,Neutral,0,Not applicable,No directional setup; confirmation score not applicable.,Narrow CPR,Not applicable,Not applicable,Narrow CPR; Wide CPR rules not applied,None,0,No active J-Curve setup.
EIMCOELECO,EQ,EIMCO ELECON (INDIA) LTD,1554.9,1598.1,1550.1,1571.0,12762,20145394.3,20260306,1573.0666666666666,1574.1,1572.0333333333333,1574.1,1572.0333333333333,2.066666666666606,0.1315510290685299,Narrow,Bearish,Below CPR,Cash Only,Diversified,False,True,0.1833333333333333,60,38775932.45,Higher,True,No setup,False,Neutral,0,Not applicable,No directional setup; confirmation score not applicable.,Narrow CPR,Not applicable,Not applicable,Narrow CPR; Wide CPR rules not applied,None,0,No active J-Curve setup.
CIPLA,EQ,CIPLA LTD,1326.1,1332.7,1315.0,1321.2,695774,921025773.3,20260306,1322.9666666666665,1323.85,1322.083333333333,1323.85,1322.083333333333,1.7666666666668789,0.1337168230901361,Narrow,Bearish,Below CPR,Cash Only,Healthcare,False,True,0.2333333333333333,60,2112454299.6,Overlapping,True,No setup,True,Neutral,0,Not applicable,No directional setup; confirmation score not applicable.,Narrow CPR,Not applicable,Not applicable,Narrow CPR; Wide CPR rules not applied,None,0,No active J-Curve setup.
PVP,EQ,PVP VENTURES LIMITED,26.97,27.75,26.96,27.41,124427,3415551.09,20260306,27.37333333333333,27.355,27.39166666666667,27.39166666666667,27.355,0.0366666666666688,0.1337711297580038,Narrow,Bullish,Above CPR,Cash Only,Diversified,True,False,0.0357142857142857,28,5102083.54,Inside,True,No setup,False,Neutral,0,Not applicable,No directional setup; confirmation score not applicable.,Narrow CPR,Not applicable,Not applicable,Narrow CPR; Wide CPR rules not applied,None,0,No active J-Curve setup.
STARHEALTH,EQ,STAR HEALTH & AL INS CO L,463.75,467.0,452.55,458.85,173817,79712216.15,20260306,459.4666666666667,459.775,459.1583333333334,459.775,459.1583333333334,0.6166666666665606,0.1343939559042302,Narrow,Bearish,Below CPR,Cash Only,Financial Services,False,True,0.2,60,146547301.525,Overlapping,True,No setup,True,Neutral,0,Not applicable,No directional setup; confirmation score not applicable.,Narrow CPR,Not applicable,Not applicable,Narrow CPR; Wide CPR rules not applied,None,0,No active J-Curve setup.
CRISIL,EQ,CRISIL LTD,4300.0,4319.9,4275.0,4288.8,12791,54920308.3,20260306,4294.566666666667,4297.45,4291.683333333333,4297.45,4291.683333333333,5.766666666666424,0.1344587452589634,Narrow,Bearish,Below CPR,Cash Only,Financial Services,False,True,0.15,60,188319695.2,Lower,True,Short,True,Short,70,Confirmed,CPR width: Narrow (20/20); Price location: Below CPR (20/20); Trend: unavailable (10/20); Participation: unavailable (10/20); Higher timeframe: unavailable (10/20),Narrow CPR,Not applicable,Not applicable,Narrow CPR; Wide CPR rules not applied,None,0,No active J-Curve setup.
SDBL,EQ,SOM DIST & BREW LTD,76.5,81.5,76.12,78.97,2153040,170791801.95,20260306,78.86333333333333,78.81,78.91666666666666,78.91666666666666,78.81,0.1066666666666549,0.1350723903591932,Narrow,Bullish,Above CPR,Cash Only,Diversified,True,False,0.0833333333333333,60,52851508.46,Higher,True,Long,False,Long,70,Confirmed,CPR width: Narrow (20/20); Price location: Above CPR (20/20); Trend: unavailable (10/20); Participation: unavailable (10/20); Higher timeframe: unavailable (10/20),Narrow CPR,Not applicable,Not applicable,Narrow CPR; Wide CPR rules not applied,None,0,No active J-Curve setup.
UNITECH,EQ,UNITECH LTD,4.83,4.89,4.81,4.84,2078881,10085685.23,20260306,4.846666666666667,4.85,4.843333333333334,4.85,4.843333333333334,0.0066666666666659,0.1377410468319407,Narrow,Bearish,Below CPR,Cash Only,Information Technology,False,True,0.1166666666666666,60,26000595.735,Inside,True,No setup,False,Neutral,0,Not applicable,No directional setup; confirmation score not applicable.,Narrow CPR,Not applicable,Not applicable,Narrow CPR; Wide CPR rules not applied,None,0,No active J-Curve setup.
RKEC,EQ,RKEC PROJECTS LIMITED,40.24,41.98,40.13,41.14,24907,1024913.85,20260306,41.083333333333336,41.055,41.11166666666667,41.11166666666667,41.055,0.0566666666666719,0.1377410468319688,Narrow,Bullish,Above CPR,Cash Only,Diversified,True,False,0.1,60,1173147.375,Higher,True,Long,False,Long,70,Confirmed,CPR width: Narrow (20/20); Price location: Above CPR (20/20); Trend: unavailable (10/20); Participation: unavailable (10/20); Higher timeframe: unavailable (10/20),Narrow CPR,Not applicable,Not applicable,Narrow CPR; Wide CPR rules not applied,None,0,No active J-Curve setup.
FOCUS,EQ,FOCUS LIGHTG & FIXTRS LTD,64.0,66.13,64.0,65.2,62020,4050805.53,20260306,65.11,65.065,65.155,65.155,65.065,0.0900000000000034,0.1380368098159561,Narrow,Bullish,Above CPR,Cash Only,Diversified,True,False,0.1666666666666666,60,3397210.915,Inside,True,No setup,False,Neutral,0,Not applicable,No directional setup; confirmation score not applicable.,Narrow CPR,Not applicable,Not applicable,Narrow CPR; Wide CPR rules not applied,None,0,No active J-Curve setup.
SCI,EQ,SHIPPING CORP OF INDIA LT,241.0,246.4,237.4,241.4,4118039,998271933.55,20260306,241.73333333333332,241.9,241.5666666666667,241.9,241.5666666666667,0.3333333333333144,0.1380834023750266,Narrow,Bearish,Below CPR,Cash Only,Services,False,True,0.1666666666666666,60,584964037.4000001,Overlapping,True,No setup,True,Neutral,0,Not applicable,No directional setup; confirmation score not applicable.,Narrow CPR,Not applicable,Not applicable,Narrow CPR; Wide CPR rules not applied,None,0,No active J-Curve setup.
XCHANGING,EQ,XCHANGING SOLUTIONS LTD,62.9,63.5,62.12,62.68,60972,3820613.07,20260306,62.76666666666667,62.81,62.72333333333334,62.81,62.72333333333334,0.0866666666666589,0.1382684535205151,Narrow,Bearish,Below CPR,Cash Only,Diversified,False,True,0.25,60,5058709.52,Overlapping,True,No setup,False,Neutral,0,Not applicable,No directional setup; confirmation score not applicable.,Narrow CPR,Not applicable,Not applicable,Narrow CPR; Wide CPR rules not applied,None,0,No active J-Curve setup.
RPEL,EQ,RAGHAV PRODUCTIVITY ENH L,671.35,695.95,671.1,684.95,34286,23522609.5,20260306,684.0,683.5250000000001,684.4749999999999,684.4749999999999,683.5250000000001,0.949999999999818,0.138696255201083,Narrow,Bullish,Above CPR,Cash Only,Diversified,True,False,0.1833333333333333,60,25470571.025,Higher,True,Long,False,Long,70,Confirmed,CPR width: Narrow (20/20); Price location: Above CPR (20/20); Trend: unavailable (10/20); Participation: unavailable (10/20); Higher timeframe: unavailable (10/20),Narrow CPR,Not applicable,Not applicable,Narrow CPR; Wide CPR rules not applied,None,0,No active J-Curve setup.
SHAILY,EQ,SHAILY ENG PLASTICS LTD,1882.6,1946.7,1872.5,1913.6,84104,160753597.1,20260306,1910.9333333333327,1909.6,1912.2666666666664,1912.2666666666664,1909.6,2.666666666666515,0.1393534002229575,Narrow,Bullish,Above CPR,Cash Only,Diversified,True,False,0.2,60,331611307.0,Higher,True,Long,False,Long,70,Confirmed,CPR width: Narrow (20/20); Price location: Above CPR (20/20); Trend: unavailable (10/20); Participation: unavailable (10/20); Higher timeframe: unavailable (10/20),Narrow CPR,Not applicable,Not applicable,Narrow CPR; Wide CPR rules not applied,None,0,No active J-Curve setup.
KROSS,EQ,KROSS LIMITED,191.1,193.24,188.42,191.23,155167,29675986.4,20260306,190.9633333333333,190.83,191.0966666666667,191.0966666666667,190.83,0.2666666666667083,0.1394481340096786,Narrow,Bullish,Above CPR,Cash Only,Diversified,True,False,0.0833333333333333,60,81829440.17,Higher,True,Long,False,Long,70,Confirmed,CPR width: Narrow (20/20); Price location: Above CPR (20/20); Trend: unavailable (10/20); Participation: unavailable (10/20); Higher timeframe: unavailable (10/20),Narrow CPR,Not applicable,Not applicable,Narrow CPR; Wide CPR rules not applied,None,0,No active J-Curve setup.
BOSCHLTD,EQ,BOSCH LIMITED,33305.0,33610.0,32920.0,33335.0,17779,591588670.0,20260306,33288.333333333336,33265.0,33311.66666666667,33311.66666666667,33265.0,46.66666666667152,0.139993000349997,Narrow,Bullish,Above CPR,Cash Only,Automobile and Auto Components,True,False,0.2833333333333333,60,670780130.0,Overlapping,False,No setup,True,Neutral,0,Not applicable,No directional setup; confirmation score not applicable.,Narrow CPR,Not applicable,Not applicable,Narrow CPR; Wide CPR rules not applied,None,0,No active J-Curve setup.
GULPOLY,EQ,GULSHAN POLYOLS LIMITED,151.76,160.85,151.11,156.31,213979,33376551.82,20260306,156.09,155.98000000000002,156.2,156.2,155.98000000000002,0.2199999999999704,0.1407459535538164,Narrow,Bullish,Above CPR,Cash Only,Diversified,True,False,0.1833333333333333,60,9508531.565,Higher,True,Long,False,Long,70,Confirmed,CPR width: Narrow (20/20); Price location: Above CPR (20/20); Trend: unavailable (10/20); Participation: unavailable (10/20); Higher timeframe: unavailable (10/20),Narrow CPR,Not applicable,Not applicable,Narrow CPR; Wide CPR rules not applied,None,0,No active J-Curve setup.
SANSTAR,EQ,SANSTAR LIMITED,83.5,85.48,83.36,84.6,168338,14215793.17,20260306,84.48,84.42,84.54,84.54,84.42,0.1200000000000045,0.141843971631211,Narrow,Bullish,Above CPR,Cash Only,Diversified,True,False,0.2,60,13012880.775,Higher,True,Long,False,Long,70,Confirmed,CPR width: Narrow (20/20); Price location: Above CPR (20/20); Trend: unavailable (10/20); Participation: unavailable (10/20); Higher timeframe: unavailable (10/20),Narrow CPR,Not applicable,Not applicable,Narrow CPR; Wide CPR rules not applied,None,0,No active J-Curve setup.
PAGEIND,EQ,PAGE INDUSTRIES LTD,31365.0,31825.0,31230.0,31595.0,24708,779693125.0,20260306,31550.0,31527.5,31572.5,31572.5,31527.5,45.0,0.1424275993036873,Narrow,Bullish,Above CPR,Cash Only,Textiles,True,False,0.4,60,652906435.0,Higher,False,No setup,True,Neutral,0,Not applicable,No directional setup; confirmation score not applicable.,Narrow CPR,Not applicable,Not applicable,Narrow CPR; Wide CPR rules not applied,None,0,No active J-Curve setup.
SHRADHA,EQ,SHRADHA REALTY LIMITED,32.8,37.0,32.35,34.75,49653,1708246.41,20260306,34.7,34.675,34.724999999999994,34.724999999999994,34.675,0.0499999999999971,0.1438848920863227,Narrow,Bullish,Above CPR,Cash Only,Diversified,True,False,0.15,60,456041.065,Higher,True,Long,False,Long,70,Confirmed,CPR width: Narrow (20/20); Price location: Above CPR (20/20); Trend: unavailable (10/20); Participation: unavailable (10/20); Higher timeframe: unavailable (10/20),Narrow CPR,Not applicable,Not applicable,Narrow CPR; Wide CPR rules not applied,None,0,No active J-Curve setup.
MIRZAINT,EQ,MIRZA INTERNATIONAL LIMIT,32.01,32.99,32.01,32.43,60021,1952220.51,20260306,32.47666666666667,32.5,32.45333333333333,32.5,32.45333333333333,0.0466666666666668,0.1438996813649918,Narrow,Bearish,Below CPR,Cash Only,Diversified,False,True,0.3166666666666666,60,5671045.3100000005,Overlapping,False,No setup,False,Neutral,0,Not applicable,No directional setup; confirmation score not applicable.,Narrow CPR,Not applicable,Not applicable,Narrow CPR; Wide CPR rules not applied,None,0,No active J-Curve setup.
SHAREINDIA,EQ,SHARE IND. SECURITIES LTD,124.7,139.8,123.61,131.99,16599138,2240098378.66,20260306,131.8,131.705,131.895,131.895,131.705,0.1899999999999977,0.1439502992650941,Narrow,Bullish,Above CPR,Cash Only,Diversified,True,False,0.1833333333333333,60,51255098.495,Higher,True,Long,False,Long,70,Confirmed,CPR width: Narrow (20/20); Price location: Above CPR (20/20); Trend: unavailable (10/20); Participation: unavailable (10/20); Higher timeframe: unavailable (10/20),Narrow CPR,Not applicable,Not applicable,Narrow CPR; Wide CPR rules not applied,None,0,No active J-Curve setup.
MAXHEALTH,EQ,MAX HEALTHCARE INS LTD,1048.6,1049.5,1030.0,1042.0,3185920,3311828793.9,20260306,1040.5,1039.75,1041.25,1041.25,1039.75,1.5,0.1439539347408829,Narrow,Bullish,Above CPR,Cash Only,Healthcare,True,False,0.2166666666666666,60,2651000425.8500004,Lower,True,No setup,True,Neutral,0,Not applicable,No directional setup; confirmation score not applicable.,Narrow CPR,Not applicable,Not applicable,Narrow CPR; Wide CPR rules not applied,None,0,No active J-Curve setup.
MARICO,EQ,MARICO LIMITED,779.8,790.6,776.5,785.25,2431135,1910341928.4,20260306,784.1166666666667,783.55,784.6833333333334,784.6833333333334,783.55,1.1333333333334394,0.1443277087976363,Narrow,Bullish,Above CPR,Cash Only,Fast Moving Consumer Goods,True,False,0.3333333333333333,60,1077859409.85,Higher,False,No setup,True,Neutral,0,Not applicable,No directional setup; confirmation score not applicable.,Narrow CPR,Not applicable,Not applicable,Narrow CPR; Wide CPR rules not applied,None,0,No active J-Curve setup.
GTL,EQ,GTL LTD,7.02,7.02,6.81,6.9,104056,720735.48,20260306,6.909999999999999,6.914999999999999,6.904999999999999,6.914999999999999,6.904999999999999,0.0099999999999997,0.1449275362318809,Narrow,Bearish,Below CPR,Cash Only,Diversified,False,True,0.1833333333333333,60,1647429.555,Lower,True,Short,False,Short,70,Confirmed,CPR width: Narrow (20/20); Price location: Below CPR (20/20); Trend: unavailable (10/20); Participation: unavailable (10/20); Higher timeframe: unavailable (10/20),Narrow CPR,Not applicable,Not applicable,Narrow CPR; Wide CPR rules not applied,None,0,No active J-Curve setup.
NOCIL,EQ,NOCIL LIMITED,136.0,137.8,134.09,135.65,269891,36619315.69,20260306,135.84666666666666,135.945,135.7483333333333,135.945,135.7483333333333,0.1966666666666583,0.144980955891381,Narrow,Bearish,Below CPR,Cash Only,Diversified,False,True,0.1333333333333333,60,37132080.79,Higher,True,No setup,False,Neutral,0,Not applicable,No directional setup; confirmation score not applicable.,Narrow CPR,Not applicable,Not applicable,Narrow CPR; Wide CPR rules not applied,None,0,No active J-Curve setup.
VSTL,EQ,VIBHOR STEEL TUBES LTD,113.79,113.79,107.17,110.24,40774,4510577.28,20260306,110.4,110.48,110.31999999999998,110.48,110.31999999999998,0.160000000000025,0.1451378809869603,Narrow,Bearish,Below CPR,Cash Only,Diversified,False,True,0.1833333333333333,60,1434442.245,Lower,True,Short,False,Short,70,Confirmed,CPR width: Narrow (20/20); Price location: Below CPR (20/20); Trend: unavailable (10/20); Participation: unavailable (10/20); Higher timeframe: unavailable (10/20),Narrow CPR,Not applicable,Not applicable,Narrow CPR; Wide CPR rules not applied,None,0,No active J-Curve setup.
3MINDIA,EQ,3M INDIA LIMITED,34450.0,34690.0,34100.0,34320.0,2187,75137075.0,20260306,34370.0,34395.0,34345.0,34395.0,34345.0,50.0,0.1456876456876457,Narrow,Bearish,Below CPR,Cash Only,Diversified,False,True,0.2333333333333333,60,119808462.5,Inside,True,No setup,True,Neutral,0,Not applicable,No directional setup; confirmation score not applicable.,Narrow CPR,Not applicable,Not applicable,Narrow CPR; Wide CPR rules not applied,None,0,No active J-Curve setup.
JTEKTINDIA,EQ,JTEKT INDIA LIMITED,131.8,133.51,130.79,131.86,81189,10749455.29,20260306,132.0533333333333,132.14999999999998,131.95666666666665,132.14999999999998,131.95666666666665,0.193333333333328,0.1466201526871894,Narrow,Bearish,Below CPR,Cash Only,Diversified,False,True,0.2166666666666666,60,11330996.735,Higher,True,No setup,False,Neutral,0,Not applicable,No directional setup; confirmation score not applicable.,Narrow CPR,Not applicable,Not applicable,Narrow CPR; Wide CPR rules not applied,None,0,No active J-Curve setup.
SIGIND,EQ,SIGNET INDUSTRIES LIMITED,44.91,46.99,44.11,45.45,4176,189236.87,20260306,45.51666666666667,45.55,45.48333333333335,45.55,45.48333333333335,0.0666666666666486,0.146681334800107,Narrow,Bearish,Below CPR,Cash Only,Diversified,False,True,0.0666666666666666,60,552353.335,Inside,True,No setup,False,Neutral,0,Not applicable,No directional setup; confirmation score not applicable.,Narrow CPR,Not applicable,Not applicable,Narrow CPR; Wide CPR rules not applied,None,0,No active J-Curve setup.
JYOTICNC,EQ,JYOTI CNC AUTOMATION LTD,794.0,813.85,787.2,802.3,264950,213549004.4,20260306,801.1166666666668,800.5250000000001,801.7083333333335,801.7083333333335,800.5250000000001,1.183333333333394,0.1474926253687391,Narrow,Bullish,Above CPR,Cash Only,Capital Goods,True,False,0.1833333333333333,60,234225614.175,Higher,True,Long,True,Long,70,Confirmed,CPR width: Narrow (20/20); Price location: Above CPR (20/20); Trend: unavailable (10/20); Participation: unavailable (10/20); Higher timeframe: unavailable (10/20),Narrow CPR,Not applicable,Not applicable,Narrow CPR; Wide CPR rules not applied,None,0,No active J-Curve setup.
BRITANNIA,EQ,BRITANNIA INDUSTRIES LTD,5948.0,6013.0,5926.5,5983.0,348722,2086729262.0,20260306,5974.166666666667,5969.75,5978.583333333334,5978.583333333334,5969.75,8.83333333333394,0.1476405370772846,Narrow,Bullish,Above CPR,Cash Only,Fast Moving Consumer Goods,True,False,0.3166666666666666,60,1558820447.5,Higher,False,No setup,True,Neutral,0,Not applicable,No directional setup; confirmation score not applicable.,Narrow CPR,Not applicable,Not applicable,Narrow CPR; Wide CPR rules not applied,None,0,No active J-Curve setup.
BAFNAPH,EQ,BAFNA PHARMACEUTICALS LTD,113.98,114.38,110.5,112.19,2077,234657.04,20260306,112.35666666666668,112.44,112.27333333333334,112.44,112.27333333333334,0.1666666666666572,0.1485575066108006,Narrow,Bearish,Below CPR,Cash Only,Diversified,False,True,0.125,8,286390.87,Higher,False,No setup,False,Neutral,0,Not applicable,No directional setup; confirmation score not applicable.,Narrow CPR,Not applicable,Not applicable,Narrow CPR; Wide CPR rules not applied,None,0,No active J-Curve setup.
DEEPAKNTR,EQ,DEEPAK NITRITE LTD,1533.5,1543.6,1510.6,1523.7,84409,129080703.3,20260306,1525.9666666666665,1527.1,1524.833333333333,1527.1,1524.833333333333,2.266666666666879,0.1487606921747639,Narrow,Bearish,Below CPR,Cash Only,Chemicals,False,True,0.1666666666666666,60,145751633.05,Overlapping,True,No setup,True,Neutral,0,Not applicable,No directional setup; confirmation score not applicable.,Narrow CPR,Not applicable,Not applicable,Narrow CPR; Wide CPR rules not applied,None,0,No active J-Curve setup.
AARTISURF,EQ,AARTI SURFACTANTS LIMITED,378.0,385.0,378.0,380.65,7172,2739455.2,20260306,381.2166666666667,381.5,380.9333333333334,381.5,380.9333333333334,0.566666666666606,0.1488681641052426,Narrow,Bearish,Below CPR,Cash Only,Diversified,False,True,0.1,60,3463826.675,Higher,True,No setup,False,Neutral,0,Not applicable,No directional setup; confirmation score not applicable.,Narrow CPR,Not applicable,Not applicable,Narrow CPR; Wide CPR rules not applied,None,0,No active J-Curve setup.
BATAINDIA,EQ,BATA INDIA LTD,739.5,752.05,738.8,743.75,118373,88147988.05,20260306,744.8666666666667,745.425,744.3083333333334,745.425,744.3083333333334,1.1166666666665606,0.1501400560223947,Narrow,Bearish,Below CPR,Cash Only,Consumer Durables,False,True,0.2666666666666666,60,82063038.525,Higher,False,No setup,True,Neutral,0,Not applicable,No directional setup; confirmation score not applicable.,Narrow CPR,Not applicable,Not applicable,Narrow CPR; Wide CPR rules not applied,None,0,No active J-Curve setup.
SHANKARA,EQ,SHANKARA BLDG PRODUCT LTD,102.79,105.61,102.1,103.62,80260,8343282.39,20260306,103.77666666666666,103.855,103.69833333333332,103.855,103.69833333333332,0.1566666666666663,0.1511934632953737,Narrow,Bearish,Below CPR,Cash Only,Diversified,False,True,0.25,60,11228633.81,Lower,True,Short,False,Short,70,Confirmed,CPR width: Narrow (20/20); Price location: Below CPR (20/20); Trend: unavailable (10/20); Participation: unavailable (10/20); Higher timeframe: unavailable (10/20),Narrow CPR,Not applicable,Not applicable,Narrow CPR; Wide CPR rules not applied,None,0,No active J-Curve setup.
KKCL,EQ,KEWAL KIRAN CLOTHING LTD,475.0,477.05,465.0,469.95,15464,7265837.95,20260306,470.6666666666667,471.025,470.3083333333334,471.025,470.3083333333334,0.7166666666665833,0.1524984927474376,Narrow,Bearish,Below CPR,Cash Only,Diversified,False,True,0.2333333333333333,60,11517622.175,Lower,True,Short,False,Short,70,Confirmed,CPR width: Narrow (20/20); Price location: Below CPR (20/20); Trend: unavailable (10/20); Participation: unavailable (10/20); Higher timeframe: unavailable (10/20),Narrow CPR,Not applicable,Not applicable,Narrow CPR; Wide CPR rules not applied,None,0,No active J-Curve setup.
ONELIFECAP,EQ,ONELIFE CAP ADVISORS LTD,15.03,15.65,15.02,15.3,1820,27814.96,20260306,15.323333333333332,15.335,15.311666666666664,15.335,15.311666666666664,0.0233333333333369,0.1525054466231175,Narrow,Bearish,Below CPR,Cash Only,Diversified,False,True,0.3,20,537688.375,Overlapping,False,No setup,False,Neutral,0,Not applicable,No directional setup; confirmation score not applicable.,Narrow CPR,Not applicable,Not applicable,Narrow CPR; Wide CPR rules not applied,None,0,No active J-Curve setup.
IFCI,EQ,IFCI LTD,54.0,55.6,53.83,54.59,9384718,515380013.27,20260306,54.67333333333334,54.715,54.63166666666668,54.715,54.63166666666668,0.0833333333333286,0.1526531110703949,Narrow,Bearish,Below CPR,Cash Only,Financial Services,False,True,0.1166666666666666,60,782925792.135,Higher,True,No setup,True,Neutral,0,Not applicable,No directional setup; confirmation score not applicable.,Narrow CPR,Not applicable,Not applicable,Narrow CPR; Wide CPR rules not applied,None,0,No active J-Curve setup.
RBA,EQ,RESTAURANT BRAND ASIA LTD,62.8,63.99,62.8,63.25,1671063,105817529.95,20260306,63.34666666666666,63.395,63.29833333333333,63.395,63.29833333333333,0.096666666666664,0.1528326745718008,Narrow,Bearish,Below CPR,Cash Only,Diversified,False,True,0.2833333333333333,60,302835397.23,Higher,False,No setup,False,Neutral,0,Not applicable,No directional setup; confirmation score not applicable.,Narrow CPR,Not applicable,Not applicable,Narrow CPR; Wide CPR rules not applied,None,0,No active J-Curve setup.
MUKANDLTD,EQ,MUKAND LTD.,124.35,126.88,123.5,124.9,72738,9071819.89,20260306,125.09333333333332,125.19,124.99666666666664,125.19,124.99666666666664,0.1933333333333564,0.1547904990659379,Narrow,Bearish,Below CPR,Cash Only,Diversified,False,True,0.2166666666666666,60,9468565.855,Lower,True,Short,False,Short,70,Confirmed,CPR width: Narrow (20/20); Price location: Below CPR (20/20); Trend: unavailable (10/20); Participation: unavailable (10/20); Higher timeframe: unavailable (10/20),Narrow CPR,Not applicable,Not applicable,Narrow CPR; Wide CPR rules not applied,None,0,No active J-Curve setup.
OAL,EQ,ORIENTAL AROMATICS LTD,245.45,251.35,244.0,247.1,17326,4288632.65,20260306,247.48333333333332,247.675,247.29166666666669,247.675,247.29166666666669,0.3833333333333257,0.1551328746796138,Narrow,Bearish,Below CPR,Cash Only,Diversified,False,True,0.1666666666666666,60,2913567.85,Inside,True,No setup,False,Neutral,0,Not applicable,No directional setup; confirmation score not applicable.,Narrow CPR,Not applicable,Not applicable,Narrow CPR; Wide CPR rules not applied,None,0,No active J-Curve setup.
SIS,EQ,SIS LIMITED,295.2,303.15,294.05,297.9,51536,15432089.5,20260306,298.3666666666667,298.6,298.1333333333333,298.6,298.1333333333333,0.466666666666697,0.1566521203983541,Narrow,Bearish,Below CPR,Cash Only,Diversified,False,True,0.2666666666666666,60,18737347.65,Higher,False,No setup,False,Neutral,0,Not applicable,No directional setup; confirmation score not applicable.,Narrow CPR,Not applicable,Not applicable,Narrow CPR; Wide CPR rules not applied,None,0,No active J-Curve setup.
IGL,EQ,INDRAPRASTHA GAS LTD,159.0,159.2,156.08,157.27,2074749,326932273.19,20260306,157.51666666666665,157.64,157.39333333333332,157.64,157.39333333333332,0.2466666666666697,0.1568427968885799,Narrow,Bearish,Below CPR,Cash Only,Oil Gas & Consumable Fuels,False,True,0.2833333333333333,60,247832195.035,Lower,False,No setup,True,Neutral,0,Not applicable,No directional setup; confirmation score not applicable.,Narrow CPR,Not applicable,Not applicable,Narrow CPR; Wide CPR rules not applied,None,0,No active J-Curve setup.
DIGITIDE,EQ,DIGITIDE SOLUTIONS LTD,86.2,89.0,85.31,86.95,422369,36858875.4,20260306,87.08666666666666,87.155,87.01833333333332,87.155,87.01833333333332,0.1366666666666844,0.1571784550508159,Narrow,Bearish,Below CPR,Cash Only,Diversified,False,True,0.1333333333333333,60,25281829.51,Inside,True,No setup,False,Neutral,0,Not applicable,No directional setup; confirmation score not applicable.,Narrow CPR,Not applicable,Not applicable,Narrow CPR; Wide CPR rules not applied,None,0,No active J-Curve setup.
HINDCON,EQ,HINDCON CHEMICALS LIMITED,19.49,19.49,18.76,19.08,18651,357321.22,20260306,19.11,19.125,19.095,19.125,19.095,0.0300000000000011,0.1572327044025216,Narrow,Bearish,Below CPR,Cash Only,Diversified,False,True,0.2333333333333333,60,538035.89,Higher,True,No setup,False,Neutral,0,Not applicable,No directional setup; confirmation score not applicable.,Narrow CPR,Not applicable,Not applicable,Narrow CPR; Wide CPR rules not applied,None,0,No active J-Curve setup.
UDS,EQ,UPDATER SERVICES LIMITED,154.0,155.5,150.4,152.59,89786,13791617.51,20260306,152.83,152.95,152.71000000000004,152.95,152.71000000000004,0.2399999999999522,0.1572842257028325,Narrow,Bearish,Below CPR,Cash Only,Diversified,False,True,0.0833333333333333,60,24148962.0,Inside,True,No setup,False,Neutral,0,Not applicable,No directional setup; confirmation score not applicable.,Narrow CPR,Not applicable,Not applicable,Narrow CPR; Wide CPR rules not applied,None,0,No active J-Curve setup.
NAVKARCORP,EQ,NAVKAR CORPORATION LTD.,88.5,90.0,88.38,88.98,138273,12335628.39,20260306,89.12,89.19,89.05000000000001,89.19,89.05000000000001,0.1399999999999863,0.1573387278039855,Narrow,Bearish,Below CPR,Cash Only,Diversified,False,True,0.1833333333333333,60,24193425.295,Lower,True,Short,False,Short,70,Confirmed,CPR width: Narrow (20/20); Price location: Below CPR (20/20); Trend: unavailable (10/20); Participation: unavailable (10/20); Higher timeframe: unavailable (10/20),Narrow CPR,Not applicable,Not applicable,Narrow CPR; Wide CPR rules not applied,None,0,No active J-Curve setup.
ELGIEQUIP,EQ,ELGI EQUIPMENTS LTD,515.15,523.8,511.75,519.0,279628,145478479.8,20260306,518.1833333333333,517.775,518.5916666666666,518.5916666666666,517.775,0.816666666666606,0.1573538856775734,Narrow,Bullish,Above CPR,Cash Only,Capital Goods,True,False,0.2666666666666666,60,177737433.175,Higher,False,No setup,True,Neutral,0,Not applicable,No directional setup; confirmation score not applicable.,Narrow CPR,Not applicable,Not applicable,Narrow CPR; Wide CPR rules not applied,None,0,No active J-Curve setup.
NH,EQ,NARAYANA HRUDAYALAYA LTD.,1758.6,1767.3,1735.0,1755.3,270851,473518174.9,20260306,1752.5333333333335,1751.15,1753.916666666667,1753.916666666667,1751.15,2.766666666666879,0.1576178810839673,Narrow,Bullish,Above CPR,Cash Only,Healthcare,True,False,0.2166666666666666,60,477079098.15,Inside,True,No setup,True,Neutral,0,Not applicable,No directional setup; confirmation score not applicable.,Narrow CPR,Not applicable,Not applicable,Narrow CPR; Wide CPR rules not applied,None,0,No active J-Curve setup.
MMTC,EQ,MMTC LIMITED,57.0,57.86,56.49,57.04,876932,50247651.02,20260306,57.13,57.175,57.085,57.175,57.085,0.0900000000000034,0.1577840112202023,Narrow,Bearish,Below CPR,Cash Only,Services,False,True,0.15,60,193885538.43,Higher,True,No setup,True,Neutral,0,Not applicable,No directional setup; confirmation score not applicable.,Narrow CPR,Not applicable,Not applicable,Narrow CPR; Wide CPR rules not applied,None,0,No active J-Curve setup.
CHOICEIN,EQ,CHOICE INTERNATIONAL LTD,689.95,718.5,689.95,702.55,857790,607987137.8,20260306,703.6666666666666,704.225,703.1083333333332,704.225,703.1083333333332,1.116666666666788,0.15894479633717,Narrow,Bearish,Below CPR,Cash Only,Financial Services,False,True,0.15,60,347654853.1,Higher,True,No setup,True,Neutral,0,Not applicable,No directional setup; confirmation score not applicable.,Narrow CPR,Not applicable,Not applicable,Narrow CPR; Wide CPR rules not applied,None,0,No active J-Curve setup.
ZODIAC,EQ,ZODIAC ENERGY LIMITED,222.35,235.0,222.35,228.13,15994,3674149.62,20260306,228.4933333333333,228.675,228.31166666666667,228.675,228.31166666666667,0.3633333333333439,0.159265915632904,Narrow,Bearish,Below CPR,Cash Only,Diversified,False,True,0.1666666666666666,60,4800972.225,Lower,True,Short,False,Short,70,Confirmed,CPR width: Narrow (20/20); Price location: Below CPR (20/20); Trend: unavailable (10/20); Participation: unavailable (10/20); Higher timeframe: unavailable (10/20),Narrow CPR,Not applicable,Not applicable,Narrow CPR; Wide CPR rules not applied,None,0,No active J-Curve setup.
CHALET,EQ,CHALET HOTELS LIMITED,770.5,771.35,760.0,763.85,160235,122974156.1,20260306,765.0666666666666,765.675,764.4583333333333,765.675,764.4583333333333,1.216666666666697,0.1592808361152971,Narrow,Bearish,Below CPR,Cash Only,Consumer Services,False,True,0.1666666666666666,60,85494928.65,Inside,True,No setup,True,Neutral,0,Not applicable,No directional setup; confirmation score not applicable.,Narrow CPR,Not applicable,Not applicable,Narrow CPR; Wide CPR rules not applied,None,0,No active J-Curve setup.
AUTOAXLES,EQ,AUTOMOTIVE AXLES LIMITED,2003.3,2008.0,1975.5,1987.0,5772,11495423.7,20260306,1990.1666666666667,1991.75,1988.5833333333333,1991.75,1988.5833333333333,3.166666666666515,0.1593692333501014,Narrow,Bearish,Below CPR,Cash Only,Automobile & Ancillary,False,True,0.15,60,20117731.3,Lower,True,Short,False,Short,70,Confirmed,CPR width: Narrow (20/20); Price location: Below CPR (20/20); Trend: unavailable (10/20); Participation: unavailable (10/20); Higher timeframe: unavailable (10/20),Narrow CPR,Not applicable,Not applicable,Narrow CPR; Wide CPR rules not applied,None,0,No active J-Curve setup.
ICIL,EQ,INDO COUNT INDUSTRIES LTD,255.0,265.95,255.0,261.1,176417,46104390.65,20260306,260.68333333333334,260.475,260.89166666666665,260.89166666666665,260.475,0.4166666666666287,0.1595812587769547,Narrow,Bullish,Above CPR,Cash Only,Diversified,True,False,0.1333333333333333,60,74137533.925,Higher,True,Long,False,Long,70,Confirmed,CPR width: Narrow (20/20); Price location: Above CPR (20/20); Trend: unavailable (10/20); Participation: unavailable (10/20); Higher timeframe: unavailable (10/20),Narrow CPR,Not applicable,Not applicable,Narrow CPR; Wide CPR rules not applied,None,0,No active J-Curve setup.
ASHAPURMIN,EQ,ASHAPURA MINECHEM LTD,513.0,534.0,512.0,521.75,453062,237989399.95,20260306,522.5833333333334,523.0,522.1666666666667,523.0,522.1666666666667,0.8333333333332575,0.1597188947452338,Narrow,Bearish,Below CPR,Cash Only,Diversified,False,True,0.1333333333333333,60,565898992.9,Higher,True,No setup,False,Neutral,0,Not applicable,No directional setup; confirmation score not applicable.,Narrow CPR,Not applicable,Not applicable,Narrow CPR; Wide CPR rules not applied,None,0,No active J-Curve setup.
METROBRAND,EQ,METRO BRANDS LIMITED,990.6,990.6,960.3,977.8,35985,35104104.4,20260306,976.2333333333332,975.45,977.0166666666664,977.0166666666664,975.45,1.5666666666663789,0.1602236312810778,Narrow,Bullish,Above CPR,Cash Only,Footwear,True,False,0.2,60,39111466.4,Lower,True,No setup,False,Neutral,0,Not applicable,No directional setup; confirmation score not applicable.,Narrow CPR,Not applicable,Not applicable,Narrow CPR; Wide CPR rules not applied,None,0,No active J-Curve setup.
INCREDIBLE,EQ,INCREDIBLE INDUSTRIES LTD,33.99,34.07,32.51,33.21,7072,237927.72,20260306,33.26333333333333,33.29,33.23666666666666,33.29,33.23666666666666,0.0533333333333416,0.160594198534603,Narrow,Bearish,Below CPR,Cash Only,Diversified,False,True,0.1333333333333333,60,194063.87,Lower,True,Short,False,Short,70,Confirmed,CPR width: Narrow (20/20); Price location: Below CPR (20/20); Trend: unavailable (10/20); Participation: unavailable (10/20); Higher timeframe: unavailable (10/20),Narrow CPR,Not applicable,Not applicable,Narrow CPR; Wide CPR rules not applied,None,0,No active J-Curve setup.
PRAKASHSTL,EQ,PRAKASH STEELAGE LTD,4.11,4.28,4.0,4.15,287571,1190429.58,20260306,4.1433333333333335,4.140000000000001,4.1466666666666665,4.1466666666666665,4.140000000000001,0.0066666666666659,0.1606425702811068,Narrow,Bullish,Above CPR,Cash Only,Diversified,True,False,0.1186440677966101,59,1054381.58,Inside,True,No setup,False,Neutral,0,Not applicable,No directional setup; confirmation score not applicable.,Narrow CPR,Not applicable,Not applicable,Narrow CPR; Wide CPR rules not applied,None,0,No active J-Curve setup.
POWERGRID,EQ,POWER GRID CORP. LTD.,299.95,302.75,297.0,299.15,15887540,4774417321.3,20260306,299.6333333333333,299.875,299.39166666666665,299.875,299.39166666666665,0.4833333333333485,0.1615688896317394,Narrow,Bearish,Below CPR,Cash Only,Power,False,True,0.3,60,3265128077.175,Higher,False,No setup,True,Neutral,0,Not applicable,No directional setup; confirmation score not applicable.,Narrow CPR,Not applicable,Not applicable,Narrow CPR; Wide CPR rules not applied,None,0,No active J-Curve setup.
VOLTAS,EQ,VOLTAS LTD,1480.0,1489.4,1460.2,1478.4,686869,1014355409.3,20260306,1476.0,1474.8000000000002,1477.1999999999998,1477.1999999999998,1474.8000000000002,2.399999999999636,0.1623376623376377,Narrow,Bullish,Above CPR,Cash Only,Consumer Durables,True,False,0.2,60,951007179.75,Inside,True,No setup,True,Neutral,0,Not applicable,No directional setup; confirmation score not applicable.,Narrow CPR,Not applicable,Not applicable,Narrow CPR; Wide CPR rules not applied,None,0,No active J-Curve setup.
GRPLTD,EQ,GRP LIMITED,1809.7,1809.7,1775.1,1796.8,607,1092121.7,20260306,1793.8666666666668,1792.4,1795.3333333333337,1795.3333333333337,1792.4,2.933333333333394,0.1632531908578247,Narrow,Bullish,Above CPR,Cash Only,Diversified,True,False,0.1666666666666666,60,4032612.55,Lower,True,No setup,False,Neutral,0,Not applicable,No directional setup; confirmation score not applicable.,Narrow CPR,Not applicable,Not applicable,Narrow CPR; Wide CPR rules not applied,None,0,No active J-Curve setup.
MARINE,EQ,MARINE ELECTRICAL (I) LTD,187.0,198.0,186.44,191.75,645175,124815869.64,20260306,192.06333333333336,192.22,191.90666666666672,192.22,191.90666666666672,0.3133333333332757,0.1634072142546418,Narrow,Bearish,Below CPR,Cash Only,Diversified,False,True,0.2333333333333333,60,50980590.795,Higher,True,No setup,False,Neutral,0,Not applicable,No directional setup; confirmation score not applicable.,Narrow CPR,Not applicable,Not applicable,Narrow CPR; Wide CPR rules not applied,None,0,No active J-Curve setup.
ASTERDM,EQ,ASTER DM HEALTHCARE LTD.,658.0,686.6,655.5,672.7,1434361,968265013.85,20260306,671.6,671.05,672.1500000000001,672.1500000000001,671.05,1.1000000000001364,0.1635201427085084,Narrow,Bullish,Above CPR,Cash Only,Healthcare,True,False,0.25,60,343959459.35,Higher,True,Long,True,Long,70,Confirmed,CPR width: Narrow (20/20); Price location: Above CPR (20/20); Trend: unavailable (10/20); Participation: unavailable (10/20); Higher timeframe: unavailable (10/20),Narrow CPR,Not applicable,Not applicable,Narrow CPR; Wide CPR rules not applied,None,0,No active J-Curve setup.
BODALCHEM,EQ,BODAL CHEMICALS LTD,44.8,45.25,44.15,44.81,84070,3772752.89,20260306,44.73666666666667,44.7,44.77333333333334,44.77333333333334,44.7,0.0733333333333376,0.16365394629176,Narrow,Bullish,Above CPR,Cash Only,Chemicals & Fertilizers,True,False,0.1666666666666666,60,4944587.609999999,Lower,True,No setup,False,Neutral,0,Not applicable,No directional setup; confirmation score not applicable.,Narrow CPR,Not applicable,Not applicable,Narrow CPR; Wide CPR rules not applied,None,0,No active J-Curve setup.
BFINVEST,EQ,BF INVESTMENT LIMITED,382.05,387.9,379.5,384.65,19264,7396969.65,20260306,384.01666666666665,383.7,384.3333333333333,384.3333333333333,383.7,0.6333333333333258,0.1646518480003446,Narrow,Bullish,Above CPR,Cash Only,Diversified,True,False,0.2,60,6191685.125,Higher,True,Long,False,Long,70,Confirmed,CPR width: Narrow (20/20); Price location: Above CPR (20/20); Trend: unavailable (10/20); Participation: unavailable (10/20); Higher timeframe: unavailable (10/20),Narrow CPR,Not applicable,Not applicable,Narrow CPR; Wide CPR rules not applied,None,0,No active J-Curve setup.
PAVNAIND,EQ,PAVNA INDUSTRIES LIMITED,20.01,20.69,19.69,20.14,52765,1057489.93,20260306,20.173333333333336,20.19,20.15666666666667,20.19,20.15666666666667,0.0333333333333314,0.1655081098973755,Narrow,Bearish,Below CPR,Cash Only,Diversified,False,True,0.0333333333333333,60,2287662.295,Inside,True,No setup,False,Neutral,0,Not applicable,No directional setup; confirmation score not applicable.,Narrow CPR,Not applicable,Not applicable,Narrow CPR; Wide CPR rules not applied,None,0,No active J-Curve setup.
TPLPLASTEH,EQ,TPL PLASTECH LIMITED,60.81,64.0,60.81,62.25,127601,8031129.35,20260306,62.35333333333333,62.405,62.30166666666666,62.405,62.30166666666666,0.1033333333333388,0.1659973226238374,Narrow,Bearish,Below CPR,Cash Only,Diversified,False,True,0.2333333333333333,60,6037220.51,Lower,True,Short,False,Short,70,Confirmed,CPR width: Narrow (20/20); Price location: Below CPR (20/20); Trend: unavailable (10/20); Participation: unavailable (10/20); Higher timeframe: unavailable (10/20),Narrow CPR,Not applicable,Not applicable,Narrow CPR; Wide CPR rules not applied,None,0,No active J-Curve setup.
MGEL,EQ,MANGALAM GLOBAL ENT LTD,10.06,10.18,9.85,10.04,183599,1833805.51,20260306,10.023333333333332,10.015,10.031666666666666,10.031666666666666,10.015,0.0166666666666657,0.1660026560424872,Narrow,Bullish,Above CPR,Cash Only,Diversified,True,False,0.15,60,5111796.965,Higher,True,Long,False,Long,70,Confirmed,CPR width: Narrow (20/20); Price location: Above CPR (20/20); Trend: unavailable (10/20); Participation: unavailable (10/20); Higher timeframe: unavailable (10/20),Narrow CPR,Not applicable,Not applicable,Narrow CPR; Wide CPR rules not applied,None,0,No active J-Curve setup.
ESABINDIA,EQ,ESAB INDIA LTD,5359.0,5478.5,5315.5,5383.5,966,5178930.5,20260306,5392.5,5397.0,5388.0,5397.0,5388.0,9.0,0.1671774867651156,Narrow,Bearish,Below CPR,Cash Only,Diversified,False,True,0.3166666666666666,60,18573572.25,Higher,False,No setup,False,Neutral,0,Not applicable,No directional setup; confirmation score not applicable.,Narrow CPR,Not applicable,Not applicable,Narrow CPR; Wide CPR rules not applied,None,0,No active J-Curve setup.
MONARCH,EQ,MONARCH NETWORTH CAP LTD,263.5,263.5,255.6,258.9,266995,69406353.35,20260306,259.3333333333333,259.55,259.1166666666666,259.55,259.1166666666666,0.4333333333333939,0.1673747907815349,Narrow,Bearish,Below CPR,Cash Only,Diversified,False,True,0.2666666666666666,60,17872946.8,Lower,False,No setup,False,Neutral,0,Not applicable,No directional setup; confirmation score not applicable.,Narrow CPR,Not applicable,Not applicable,Narrow CPR; Wide CPR rules not applied,None,0,No active J-Curve setup.
VBL,EQ,VARUN BEVERAGES LIMITED,444.4,455.75,441.8,447.65,4616931,2074630447.75,20260306,448.3999999999999,448.775,448.0249999999999,448.775,448.0249999999999,0.7500000000001137,0.1675416061655565,Narrow,Bearish,Below CPR,Cash Only,Fast Moving Consumer Goods,False,True,0.2666666666666666,60,2099387326.175,Higher,False,No setup,True,Neutral,0,Not applicable,No directional setup; confirmation score not applicable.,Narrow CPR,Not applicable,Not applicable,Narrow CPR; Wide CPR rules not applied,None,0,No active J-Curve setup.
KAMATHOTEL,EQ,KAMAT HOTELS (I) LTD,183.89,186.05,182.7,183.91,24317,4485010.2,20260306,184.22,184.375,184.065,184.375,184.065,0.3100000000000023,0.1685607090424676,Narrow,Bearish,Below CPR,Cash Only,Hotels & Tourism,False,True,0.3,60,7128541.48,Higher,False,No setup,False,Neutral,0,Not applicable,No directional setup; confirmation score not applicable.,Narrow CPR,Not applicable,Not applicable,Narrow CPR; Wide CPR rules not applied,None,0,No active J-Curve setup.
AERONEU,EQ,AEROFLEX NEU LIMITED,69.49,71.01,67.54,69.1,22811,1571830.04,20260306,69.21666666666667,69.275,69.15833333333333,69.275,69.15833333333333,0.1166666666666742,0.1688374336710192,Narrow,Bearish,Below CPR,Cash Only,Diversified,False,True,0.0666666666666666,60,1843039.065,Higher,True,No setup,False,Neutral,0,Not applicable,No directional setup; confirmation score not applicable.,Narrow CPR,Not applicable,Not applicable,Narrow CPR; Wide CPR rules not applied,None,0,No active J-Curve setup.
RADIOCITY,EQ,MUSIC BROADCAST LIMITED,5.8,6.05,5.8,5.91,193931,1155095.94,20260306,5.919999999999999,5.925,5.914999999999998,5.925,5.914999999999998,0.0100000000000015,0.1692047377326829,Narrow,Bearish,Below CPR,Cash Only,Diversified,False,True,0.1833333333333333,60,597791.585,Lower,True,Short,False,Short,70,Confirmed,CPR width: Narrow (20/20); Price location: Below CPR (20/20); Trend: unavailable (10/20); Participation: unavailable (10/20); Higher timeframe: unavailable (10/20),Narrow CPR,Not applicable,Not applicable,Narrow CPR; Wide CPR rules not applied,None,0,No active J-Curve setup.
REFEX,EQ,REFEX INDUSTRIES LIMITED,214.0,223.67,212.0,218.39,493923,107964601.18,20260306,218.02,217.835,218.205,218.205,217.835,0.3700000000000045,0.1694216768167061,Narrow,Bullish,Above CPR,Cash Only,Diversified,True,False,0.2166666666666666,60,160894717.75,Higher,True,Long,False,Long,70,Confirmed,CPR width: Narrow (20/20); Price location: Above CPR (20/20); Trend: unavailable (10/20); Participation: unavailable (10/20); Higher timeframe: unavailable (10/20),Narrow CPR,Not applicable,Not applicable,Narrow CPR; Wide CPR rules not applied,None,0,No active J-Curve setup.
M&M,EQ,MAHINDRA & MAHINDRA LTD,3315.0,3367.0,3315.0,3332.5,2084605,6967595282.0,20260306,3338.1666666666665,3341.0,3335.333333333333,3341.0,3335.333333333333,5.66666666666697,0.170042510627666,Narrow,Bearish,Below CPR,Cash Only,Automobile and Auto Components,False,True,0.3166666666666666,60,6239540486.1,Overlapping,False,No setup,True,Neutral,0,Not applicable,No directional setup; confirmation score not applicable.,Narrow CPR,Not applicable,Not applicable,Narrow CPR; Wide CPR rules not applied,None,0,No active J-Curve setup.
KRITI,EQ,KRITI INDUSTRIES IND LTD,77.01,90.0,75.0,82.29,57852,4777508.69,20260306,82.43,82.5,82.36000000000001,82.5,82.36000000000001,0.1399999999999863,0.1701300279499165,Narrow,Bearish,Below CPR,Cash Only,Diversified,False,True,0.0833333333333333,60,1610809.34,Higher,True,No setup,False,Neutral,0,Not applicable,No directional setup; confirmation score not applicable.,Narrow CPR,Not applicable,Not applicable,Narrow CPR; Wide CPR rules not applied,None,0,No active J-Curve setup.
MENONBE,EQ,MENON BEARINGS LIMITED,116.99,118.59,115.79,117.49,17676,2072894.23,20260306,117.29,117.19,117.39,117.39,117.19,0.200000000000017,0.1702272533832811,Narrow,Bullish,Above CPR,Cash Only,Diversified,True,False,0.1333333333333333,60,3399331.24,Overlapping,True,No setup,False,Neutral,0,Not applicable,No directional setup; confirmation score not applicable.,Narrow CPR,Not applicable,Not applicable,Narrow CPR; Wide CPR rules not applied,None,0,No active J-Curve setup.
HAVELLS,EQ,HAVELLS INDIA LIMITED,1352.5,1365.0,1340.3,1349.2,489820,664245777.6,20260306,1351.5,1352.65,1350.35,1352.65,1350.35,2.300000000000182,0.1704713904536156,Narrow,Bearish,Below CPR,Cash Only,Consumer Durables,False,True,0.2833333333333333,60,727316211.05,Higher,False,No setup,True,Neutral,0,Not applicable,No directional setup; confirmation score not applicable.,Narrow CPR,Not applicable,Not applicable,Narrow CPR; Wide CPR rules not applied,None,0,No active J-Curve setup.
ABBOTINDIA,EQ,ABBOTT INDIA LIMITED,27615.0,27630.0,27160.0,27325.0,6061,166053800.0,20260306,27371.666666666668,27395.0,27348.333333333336,27395.0,27348.333333333336,46.66666666666424,0.1707837755413147,Narrow,Bearish,Below CPR,Cash Only,Healthcare,False,True,0.3166666666666666,60,149319072.5,Lower,False,No setup,True,Neutral,0,Not applicable,No directional setup; confirmation score not applicable.,Narrow CPR,Not applicable,Not applicable,Narrow CPR; Wide CPR rules not applied,None,0,No active J-Curve setup.
AJANTPHARM,EQ,AJANTA PHARMA LIMITED,2975.0,3033.9,2965.5,2992.0,85485,256624197.2,20260306,2997.133333333333,2999.7,2994.5666666666666,2999.7,2994.5666666666666,5.133333333333212,0.1715686274509763,Narrow,Bearish,Below CPR,Cash Only,Healthcare,False,True,0.35,60,249623104.2,Higher,False,No setup,True,Neutral,0,Not applicable,No directional setup; confirmation score not applicable.,Narrow CPR,Not applicable,Not applicable,Narrow CPR; Wide CPR rules not applied,None,0,No active J-Curve setup.
MOBIKWIK,EQ,ONE MOBIKWIK SYSTEMS LTD,180.2,185.68,180.2,182.47,1066517,195490602.69,20260306,182.78333333333333,182.94,182.6266666666667,182.94,182.6266666666667,0.3133333333333326,0.1717177252881748,Narrow,Bearish,Below CPR,Cash Only,Diversified,False,True,0.15,60,152486450.45499998,Higher,True,No setup,False,Neutral,0,Not applicable,No directional setup; confirmation score not applicable.,Narrow CPR,Not applicable,Not applicable,Narrow CPR; Wide CPR rules not applied,None,0,No active J-Curve setup.
BBOX,EQ,BLACK BOX LIMITED,511.05,520.0,506.95,512.15,211256,108673338.75,20260306,513.0333333333333,513.475,512.5916666666666,513.475,512.5916666666666,0.8833333333334394,0.1724755117316097,Narrow,Bearish,Below CPR,Cash Only,Diversified,False,True,0.1333333333333333,60,178940403.45,Higher,True,No setup,False,Neutral,0,Not applicable,No directional setup; confirmation score not applicable.,Narrow CPR,Not applicable,Not applicable,Narrow CPR; Wide CPR rules not applied,None,0,No active J-Curve setup.
GRWRHITECH,EQ,GARWARE HI-TECH FILMS LTD,4001.1,4122.9,4001.1,4051.5,32431,132281922.7,20260306,4058.5,4062.0,4055.0,4062.0,4055.0,7.0,0.1727755152412686,Narrow,Bearish,Below CPR,Cash Only,Information Technology,False,True,0.1666666666666666,60,163189353.89999998,Higher,True,No setup,False,Neutral,0,Not applicable,No directional setup; confirmation score not applicable.,Narrow CPR,Not applicable,Not applicable,Narrow CPR; Wide CPR rules not applied,None,0,No active J-Curve setup.
NESTLEIND,EQ,NESTLE INDIA LIMITED,1250.0,1264.1,1234.2,1252.4,830769,1041157809.9,20260306,1250.2333333333331,1249.15,1251.3166666666666,1251.3166666666666,1249.15,2.166666666666515,0.1730011710848383,Narrow,Bullish,Above CPR,Cash Only,Fast Moving Consumer Goods,True,False,0.3166666666666666,60,1138953943.15,Higher,False,No setup,True,Neutral,0,Not applicable,No directional setup; confirmation score not applicable.,Narrow CPR,Not applicable,Not applicable,Narrow CPR; Wide CPR rules not applied,None,0,No active J-Curve setup.
ODIGMA,EQ,ODIGMA CONSULTANCY SOL L,24.98,25.38,24.35,24.93,29933,745737.9,20260306,24.886666666666667,24.865,24.90833333333333,24.90833333333333,24.865,0.0433333333333294,0.1738200294156817,Narrow,Bullish,Above CPR,Cash Only,Diversified,True,False,0.1063829787234042,47,663054.76,Higher,True,Long,False,Long,70,Confirmed,CPR width: Narrow (20/20); Price location: Above CPR (20/20); Trend: unavailable (10/20); Participation: unavailable (10/20); Higher timeframe: unavailable (10/20),Narrow CPR,Not applicable,Not applicable,Narrow CPR; Wide CPR rules not applied,None,0,No active J-Curve setup.
METROPOLIS,EQ,METROPOLIS HEALTHCARE LTD,1781.0,1808.8,1781.0,1790.2,27727,49788228.5,20260306,1793.3333333333333,1794.9,1791.7666666666664,1794.9,1791.7666666666664,3.133333333333667,0.1750269988455852,Narrow,Bearish,Below CPR,Cash Only,Diversified,False,True,0.3166666666666666,60,55545947.25,Lower,False,No setup,False,Neutral,0,Not applicable,No directional setup; confirmation score not applicable.,Narrow CPR,Not applicable,Not applicable,Narrow CPR; Wide CPR rules not applied,None,0,No active J-Curve setup.
IXIGO,EQ,LE TRAVENUES TECHNOLOGY L,169.01,171.4,168.0,170.15,1108553,188392644.6,20260306,169.85,169.7,170.0,170.0,169.7,0.3000000000000113,0.1763150161622164,Narrow,Bullish,Above CPR,Cash Only,Diversified,True,False,0.1333333333333333,60,316739856.92499995,Higher,True,Long,False,Long,70,Confirmed,CPR width: Narrow (20/20); Price location: Above CPR (20/20); Trend: unavailable (10/20); Participation: unavailable (10/20); Higher timeframe: unavailable (10/20),Narrow CPR,Not applicable,Not applicable,Narrow CPR; Wide CPR rules not applied,None,0,No active J-Curve setup.
DYNAMATECH,EQ,DYNAMATIC TECHNOLOGIES,10690.0,10945.0,10500.0,10751.0,24177,260071764.0,20260306,10732.0,10722.5,10741.5,10741.5,10722.5,19.0,0.1767277462561622,Narrow,Bullish,Above CPR,Cash Only,Information Technology,True,False,0.1666666666666666,60,223852882.75,Higher,True,Long,False,Long,70,Confirmed,CPR width: Narrow (20/20); Price location: Above CPR (20/20); Trend: unavailable (10/20); Participation: unavailable (10/20); Higher timeframe: unavailable (10/20),Narrow CPR,Not applicable,Not applicable,Narrow CPR; Wide CPR rules not applied,None,0,No active J-Curve setup.
TIPSFILMS,EQ,TIPS FILMS LIMITED,352.8,352.95,345.0,348.05,3536,1233888.55,20260306,348.6666666666667,348.975,348.3583333333333,348.975,348.3583333333333,0.6166666666666742,0.1771776085811447,Narrow,Bearish,Below CPR,Cash Only,Media & Entertainment,False,True,0.1,60,1093430.225,Lower,True,Short,False,Short,70,Confirmed,CPR width: Narrow (20/20); Price location: Below CPR (20/20); Trend: unavailable (10/20); Participation: unavailable (10/20); Higher timeframe: unavailable (10/20),Narrow CPR,Not applicable,Not applicable,Narrow CPR; Wide CPR rules not applied,None,0,No active J-Curve setup.
POLYPLEX,EQ,POLYPLEX CORPORATION LTD,825.0,846.8,821.45,831.9,44802,37401036.5,20260306,833.3833333333333,834.125,832.6416666666667,834.125,832.6416666666667,1.4833333333333485,0.1783066875025061,Narrow,Bearish,Below CPR,Cash Only,Diversified,False,True,0.25,60,39796823.425,Higher,True,No setup,False,Neutral,0,Not applicable,No directional setup; confirmation score not applicable.,Narrow CPR,Not applicable,Not applicable,Narrow CPR; Wide CPR rules not applied,None,0,No active J-Curve setup.
HYBRIDFIN,EQ,HYBRID FINANCIAL SERVICE,19.18,20.3,17.1,18.65,28748,545326.38,20260306,18.683333333333334,18.700000000000003,18.666666666666664,18.700000000000003,18.666666666666664,0.0333333333333385,0.1787310098302335,Narrow,Bearish,Below CPR,Cash Only,Diversified,False,True,0.0714285714285714,28,274657.795,Lower,True,Short,False,Short,70,Confirmed,CPR width: Narrow (20/20); Price location: Below CPR (20/20); Trend: unavailable (10/20); Participation: unavailable (10/20); Higher timeframe: unavailable (10/20),Narrow CPR,Not applicable,Not applicable,Narrow CPR; Wide CPR rules not applied,None,0,No active J-Curve setup.
SUPREME,EQ,SUPREME HOLDIN N HOSP I L,51.99,52.89,51.81,52.21,2040,106367.06,20260306,52.303333333333335,52.35,52.25666666666667,52.35,52.25666666666667,0.0933333333333337,0.1787652429291969,Narrow,Bearish,Below CPR,Cash Only,Diversified,False,True,0.1,60,2034836.035,Inside,True,No setup,False,Neutral,0,Not applicable,No directional setup; confirmation score not applicable.,Narrow CPR,Not applicable,Not applicable,Narrow CPR; Wide CPR rules not applied,None,0,No active J-Curve setup.
PINELABS,EQ,PINE LABS LIMITED,176.43,179.9,174.09,176.52,1053554,186154827.18,20260306,176.83666666666667,176.995,176.67833333333334,176.995,176.67833333333334,0.3166666666666629,0.1793942140645042,Narrow,Bearish,Below CPR,Cash Only,Financial Services,False,True,0.1333333333333333,60,253562990.61,Higher,True,No setup,True,Neutral,0,Not applicable,No directional setup; confirmation score not applicable.,Narrow CPR,Not applicable,Not applicable,Narrow CPR; Wide CPR rules not applied,None,0,No active J-Curve setup.
ASTRAL,EQ,ASTRAL LIMITED,1669.0,1705.2,1664.1,1689.2,1096077,1853740439.0,20260306,1686.1666666666667,1684.65,1687.6833333333334,1687.6833333333334,1684.65,3.033333333333303,0.1795721840713534,Narrow,Bullish,Above CPR,Cash Only,Capital Goods,True,False,0.2166666666666666,60,691395458.5,Higher,True,Long,True,Long,70,Confirmed,CPR width: Narrow (20/20); Price location: Above CPR (20/20); Trend: unavailable (10/20); Participation: unavailable (10/20); Higher timeframe: unavailable (10/20),Narrow CPR,Not applicable,Not applicable,Narrow CPR; Wide CPR rules not applied,None,0,No active J-Curve setup.
WEL,EQ,WONDER ELECTRICALS LTD,138.62,140.88,136.61,138.37,32852,4586876.31,20260306,138.62,138.745,138.495,138.745,138.495,0.25,0.18067500180675,Narrow,Bearish,Below CPR,Cash Only,Diversified,False,True,0.2166666666666666,60,13789779.305,Overlapping,True,No setup,False,Neutral,0,Not applicable,No directional setup; confirmation score not applicable.,Narrow CPR,Not applicable,Not applicable,Narrow CPR; Wide CPR rules not applied,None,0,No active J-Curve setup.
SHANTIGEAR,EQ,SHANTHI GEARS LTD,442.3,446.0,437.0,440.3,5504,2431578.5,20260306,441.1,441.5,440.69999999999993,441.5,440.69999999999993,0.8000000000000682,0.1816942993413736,Narrow,Bearish,Below CPR,Cash Only,Automobile & Ancillary,False,True,0.45,60,5331024.825,Overlapping,False,No setup,False,Neutral,0,Not applicable,No directional setup; confirmation score not applicable.,Narrow CPR,Not applicable,Not applicable,Narrow CPR; Wide CPR rules not applied,None,0,No active J-Curve setup.
GRANULES,EQ,GRANULES INDIA LIMITED,570.1,587.5,569.85,577.1,691090,402058810.05,20260306,578.15,578.675,577.625,578.675,577.625,1.0499999999999543,0.1819442037775003,Narrow,Bearish,Below CPR,Cash Only,Healthcare,False,True,0.2166666666666666,60,439381618.65,Higher,True,No setup,True,Neutral,0,Not applicable,No directional setup; confirmation score not applicable.,Narrow CPR,Not applicable,Not applicable,Narrow CPR; Wide CPR rules not applied,None,0,No active J-Curve setup.
KUANTUM,EQ,KUANTUM PAPERS LIMITED,85.9,85.9,83.1,84.27,32047,2707508.18,20260306,84.42333333333333,84.5,84.34666666666666,84.5,84.34666666666666,0.1533333333333359,0.1819548277362477,Narrow,Bearish,Below CPR,Cash Only,Diversified,False,True,0.3333333333333333,60,2657890.9850000003,Inside,False,No setup,False,Neutral,0,Not applicable,No directional setup; confirmation score not applicable.,Narrow CPR,Not applicable,Not applicable,Narrow CPR; Wide CPR rules not applied,None,0,No active J-Curve setup.
ANANDRATHI,EQ,ANAND RATHI WEALTH LTD,3200.0,3234.9,3180.0,3198.7,146072,468238800.3,20260306,3204.533333333333,3207.45,3201.616666666666,3207.45,3201.616666666666,5.83333333333394,0.1823657527537418,Narrow,Bearish,Below CPR,Cash Only,Financial Services,False,True,0.3833333333333333,60,610431388.2,Higher,False,No setup,True,Neutral,0,Not applicable,No directional setup; confirmation score not applicable.,Narrow CPR,Not applicable,Not applicable,Narrow CPR; Wide CPR rules not applied,None,0,No active J-Curve setup.
IKIO,EQ,IKIO TECHNOLOGIES LIMITED,134.8,141.5,134.8,138.53,138145,19205648.61,20260306,138.27666666666667,138.15,138.40333333333334,138.40333333333334,138.15,0.2533333333333303,0.1828725426502059,Narrow,Bullish,Above CPR,Cash Only,Diversified,True,False,0.1666666666666666,60,10513564.845,Higher,True,Long,False,Long,70,Confirmed,CPR width: Narrow (20/20); Price location: Above CPR (20/20); Trend: unavailable (10/20); Participation: unavailable (10/20); Higher timeframe: unavailable (10/20),Narrow CPR,Not applicable,Not applicable,Narrow CPR; Wide CPR rules not applied,None,0,No active J-Curve setup.
IRMENERGY,EQ,IRM ENERGY LIMITED,216.11,219.85,214.5,216.58,42155,9122459.89,20260306,216.9766666666667,217.175,216.77833333333336,217.175,216.77833333333336,0.3966666666666469,0.183150183150174,Narrow,Bearish,Below CPR,Cash Only,Diversified,False,True,0.1333333333333333,60,10439455.345,Inside,True,No setup,False,Neutral,0,Not applicable,No directional setup; confirmation score not applicable.,Narrow CPR,Not applicable,Not applicable,Narrow CPR; Wide CPR rules not applied,None,0,No active J-Curve setup.
DDEVPLSTIK,EQ,DDEV PLASTIKS IND LTD,274.8,274.8,270.0,271.65,22482,6099569.4,20260306,272.15,272.4,271.9,272.4,271.9,0.5,0.184060371801951,Narrow,Bearish,Below CPR,Cash Only,Diversified,False,True,0.2333333333333333,60,20449545.075,Overlapping,True,No setup,False,Neutral,0,Not applicable,No directional setup; confirmation score not applicable.,Narrow CPR,Not applicable,Not applicable,Narrow CPR; Wide CPR rules not applied,None,0,No active J-Curve setup.
MAZDOCK,EQ,MAZAGON DOCK SHIPBUIL LTD,2383.3,2560.0,2370.1,2471.9,12648976,31547523156.4,20260306,2467.333333333333,2465.05,2469.616666666667,2469.616666666667,2465.05,4.566666666666606,0.1847431800099763,Narrow,Bullish,Above CPR,Cash Only,Capital Goods,True,False,0.2833333333333333,60,2234913161.8500004,Higher,False,No setup,True,Neutral,0,Not applicable,No directional setup; confirmation score not applicable.,Narrow CPR,Not applicable,Not applicable,Narrow CPR; Wide CPR rules not applied,None,0,No active J-Curve setup.
AARTIPHARM,EQ,AARTI PHARMALABS LIMITED,701.75,707.9,688.5,700.15,96779,67787195.05,20260306,698.85,698.2,699.5,699.5,698.2,1.2999999999999543,0.1856744983217817,Narrow,Bullish,Above CPR,Cash Only,Diversified,True,False,0.2166666666666666,60,104273018.95,Higher,True,Long,False,Long,70,Confirmed,CPR width: Narrow (20/20); Price location: Above CPR (20/20); Trend: unavailable (10/20); Participation: unavailable (10/20); Higher timeframe: unavailable (10/20),Narrow CPR,Not applicable,Not applicable,Narrow CPR; Wide CPR rules not applied,None,0,No active J-Curve setup.
ANTHEM,EQ,ANTHEM BIOSCIENCES LTD,663.8,672.7,650.0,663.2,107278,71310475.35,20260306,661.9666666666667,661.35,662.5833333333334,662.5833333333334,661.35,1.2333333333333485,0.1859670285484542,Narrow,Bullish,Above CPR,Cash Only,Healthcare,True,False,0.25,60,120770896.875,Lower,True,No setup,True,Neutral,0,Not applicable,No directional setup; confirmation score not applicable.,Narrow CPR,Not applicable,Not applicable,Narrow CPR; Wide CPR rules not applied,None,0,No active J-Curve setup.
GREENLAM,EQ,GREENLAM INDUSTRIES LTD.,235.74,236.17,230.6,234.04,9784,2282326.86,20260306,233.60333333333327,233.385,233.82166666666663,233.82166666666663,233.385,0.4366666666666674,0.186577792969863,Narrow,Bullish,Above CPR,Cash Only,Diversified,True,False,0.2666666666666666,60,4007187.205,Lower,False,No setup,False,Neutral,0,Not applicable,No directional setup; confirmation score not applicable.,Narrow CPR,Not applicable,Not applicable,Narrow CPR; Wide CPR rules not applied,None,0,No active J-Curve setup.
INDUSTOWER,EQ,INDUS TOWERS LIMITED,450.75,457.65,449.0,452.05,2140959,969950483.3,20260306,452.9,453.325,452.4750000000001,453.325,452.4750000000001,0.849999999999909,0.1880322973122241,Narrow,Bearish,Below CPR,Cash Only,Telecommunication,False,True,0.3833333333333333,60,2514082522.9,Higher,False,No setup,True,Neutral,0,Not applicable,No directional setup; confirmation score not applicable.,Narrow CPR,Not applicable,Not applicable,Narrow CPR; Wide CPR rules not applied,None,0,No active J-Curve setup.
GENUSPAPER,EQ,GENUS P&B LIMITED,12.36,12.44,12.11,12.31,43977,543230.51,20260306,12.286666666666669,12.275,12.298333333333336,12.298333333333336,12.275,0.0233333333333369,0.1895477931221525,Narrow,Bullish,Above CPR,Cash Only,Paper & Packaging,True,False,0.2166666666666666,60,986830.76,Higher,True,Long,False,Long,70,Confirmed,CPR width: Narrow (20/20); Price location: Above CPR (20/20); Trend: unavailable (10/20); Participation: unavailable (10/20); Higher timeframe: unavailable (10/20),Narrow CPR,Not applicable,Not applicable,Narrow CPR; Wide CPR rules not applied,None,0,No active J-Curve setup.
MEGASTAR,EQ,MEGASTAR FOODS LIMITED,232.0,238.0,232.0,234.33,3326,785823.05,20260306,234.77666666666667,235.0,234.5533333333333,235.0,234.5533333333333,0.4466666666666583,0.1906143757379159,Narrow,Bearish,Below CPR,Cash Only,Energy & Oil/Gas,False,True,0.15,20,4109048.35,Inside,True,No setup,False,Neutral,0,Not applicable,No directional setup; confirmation score not applicable.,Narrow CPR,Not applicable,Not applicable,Narrow CPR; Wide CPR rules not applied,None,0,No active J-Curve setup.
TEXMOPIPES,EQ,TEXMO PIPE & PRODUCTS LTD,44.19,44.99,42.64,43.69,19019,833161.1,20260306,43.77333333333333,43.815,43.73166666666667,43.815,43.73166666666667,0.0833333333333286,0.1907377737086944,Narrow,Bearish,Below CPR,Cash Only,Building Materials,False,True,0.1833333333333333,60,1145218.015,Higher,True,No setup,False,Neutral,0,Not applicable,No directional setup; confirmation score not applicable.,Narrow CPR,Not applicable,Not applicable,Narrow CPR; Wide CPR rules not applied,None,0,No active J-Curve setup.
SILGO,EQ,SILGO RETAIL LIMITED,74.0,75.51,71.65,73.37,20948,1546902.99,20260306,73.51,73.58000000000001,73.44,73.58000000000001,73.44,0.1400000000000147,0.1908136840670775,Narrow,Bearish,Below CPR,Cash Only,Diversified,False,True,0.1833333333333333,60,19769384.43,Overlapping,True,No setup,False,Neutral,0,Not applicable,No directional setup; confirmation score not applicable.,Narrow CPR,Not applicable,Not applicable,Narrow CPR; Wide CPR rules not applied,None,0,No active J-Curve setup.
INTERARCH,EQ,INTERARCH BLDNG SOLTN LTD,1809.5,1822.0,1783.1,1797.4,49650,89339449.7,20260306,1800.8333333333333,1802.55,1799.1166666666666,1802.55,1799.1166666666666,3.433333333333394,0.1910166536849557,Narrow,Bearish,Below CPR,Cash Only,Diversified,False,True,0.1833333333333333,60,155382899.05,Lower,True,Short,False,Short,70,Confirmed,CPR width: Narrow (20/20); Price location: Below CPR (20/20); Trend: unavailable (10/20); Participation: unavailable (10/20); Higher timeframe: unavailable (10/20),Narrow CPR,Not applicable,Not applicable,Narrow CPR; Wide CPR rules not applied,None,0,No active J-Curve setup.
IMPAL,EQ,IND MOTOR PART & ACC LTD,1033.9,1045.0,1015.1,1027.1,937,967220.8,20260306,1029.0666666666666,1030.05,1028.0833333333333,1030.05,1028.0833333333333,1.966666666666697,0.19147762308117,Narrow,Bearish,Below CPR,Cash Only,Diversified,False,True,0.3666666666666666,60,1917761.55,Overlapping,False,No setup,False,Neutral,0,Not applicable,No directional setup; confirmation score not applicable.,Narrow CPR,Not applicable,Not applicable,Narrow CPR; Wide CPR rules not applied,None,0,No active J-Curve setup.
EMKAY,EQ,EMKAY GLOBAL FIN SERV LTD,226.71,235.0,225.0,229.34,14131,3235023.7,20260306,229.78,230.0,229.56,230.0,229.56,0.4399999999999977,0.1918548879393031,Narrow,Bearish,Below CPR,Cash Only,Diversified,False,True,0.1489361702127659,47,3947410.7,Overlapping,True,No setup,False,Neutral,0,Not applicable,No directional setup; confirmation score not applicable.,Narrow CPR,Not applicable,Not applicable,Narrow CPR; Wide CPR rules not applied,None,0,No active J-Curve setup.
HILTON,EQ,HILTON METAL FORGING LTD,17.39,17.5,16.88,17.24,109921,1888687.2,20260306,17.206666666666663,17.189999999999998,17.22333333333333,17.22333333333333,17.189999999999998,0.0333333333333314,0.1933488012374213,Narrow,Bullish,Above CPR,Cash Only,Diversified,True,False,0.1333333333333333,60,3819771.72,Higher,True,Long,False,Long,70,Confirmed,CPR width: Narrow (20/20); Price location: Above CPR (20/20); Trend: unavailable (10/20); Participation: unavailable (10/20); Higher timeframe: unavailable (10/20),Narrow CPR,Not applicable,Not applicable,Narrow CPR; Wide CPR rules not applied,None,0,No active J-Curve setup.
3PLAND,EQ,3P LAND HOLDINGS LIMITED,31.0,31.0,30.8,30.99,2938,90943.04,20260306,30.93,30.9,30.959999999999997,30.959999999999997,30.9,0.0599999999999951,0.193610842207148,Narrow,Bullish,Above CPR,Cash Only,Diversified,True,False,0.2,60,114789.62,Lower,True,No setup,False,Neutral,0,Not applicable,No directional setup; confirmation score not applicable.,Narrow CPR,Not applicable,Not applicable,Narrow CPR; Wide CPR rules not applied,None,0,No active J-Curve setup.
ADVAIT,EQ,ADVAIT ENRGY TRANSITION L,1567.0,1614.6,1542.2,1583.0,21140,33356503.2,20260306,1579.9333333333334,1578.4,1581.4666666666667,1581.4666666666667,1578.4,3.066666666666606,0.19372499473573,Narrow,Bullish,Above CPR,Cash Only,Diversified,True,False,0.125,32,46345555.25,Higher,True,Long,False,Long,70,Confirmed,CPR width: Narrow (20/20); Price location: Above CPR (20/20); Trend: unavailable (10/20); Participation: unavailable (10/20); Higher timeframe: unavailable (10/20),Narrow CPR,Not applicable,Not applicable,Narrow CPR; Wide CPR rules not applied,None,0,No active J-Curve setup.
NDGL,EQ,NAGA DHUNSERI GROUP LTD,2412.0,2573.9,2411.5,2500.0,21,52227.5,20260306,2495.133333333333,2492.7,2497.5666666666666,2497.5666666666666,2492.7,4.866666666666788,0.1946666666666715,Narrow,Bullish,Above CPR,Cash Only,Diversified,True,False,0.1833333333333333,60,571435.0,Lower,True,No setup,False,Neutral,0,Not applicable,No directional setup; confirmation score not applicable.,Narrow CPR,Not applicable,Not applicable,Narrow CPR; Wide CPR rules not applied,None,0,No active J-Curve setup.
LOTUSEYE,EQ,LOTUS EYE HOSP & INST L,112.0,113.07,108.5,111.11,10835,1209779.21,20260306,110.89333333333332,110.785,111.00166666666668,111.00166666666668,110.785,0.2166666666666685,0.1950019500195019,Narrow,Bullish,Above CPR,Cash Only,Diversified,True,False,0.1,60,3426698.425,Higher,True,Long,False,Long,70,Confirmed,CPR width: Narrow (20/20); Price location: Above CPR (20/20); Trend: unavailable (10/20); Participation: unavailable (10/20); Higher timeframe: unavailable (10/20),Narrow CPR,Not applicable,Not applicable,Narrow CPR; Wide CPR rules not applied,None,0,No active J-Curve setup.
DMART,EQ,AVENUE SUPERMARTS LIMITED,3825.0,3903.9,3825.0,3875.8,224906,869824580.2,20260306,3868.2333333333336,3864.45,3872.0166666666673,3872.0166666666673,3864.45,7.5666666666675155,0.1952285119631434,Narrow,Bullish,Above CPR,Cash Only,Consumer Services,True,False,0.4333333333333333,60,1512558403.05,Higher,False,No setup,True,Neutral,0,Not applicable,No directional setup; confirmation score not applicable.,Narrow CPR,Not applicable,Not applicable,Narrow CPR; Wide CPR rules not applied,None,0,No active J-Curve setup.
BAJAJ-AUTO,EQ,BAJAJ AUTO LIMITED,9780.0,9884.5,9690.0,9816.0,386552,3788845521.5,20260306,9796.833333333334,9787.25,9806.416666666668,9806.416666666668,9787.25,19.16666666666788,0.1952594403694771,Narrow,Bullish,Above CPR,Cash Only,Automobile and Auto Components,True,False,0.3333333333333333,60,2943574802.5,Higher,False,No setup,True,Neutral,0,Not applicable,No directional setup; confirmation score not applicable.,Narrow CPR,Not applicable,Not applicable,Narrow CPR; Wide CPR rules not applied,None,0,No active J-Curve setup.
NELCO,EQ,NELCO LTD,586.5,610.0,585.0,595.75,76316,45658295.4,20260306,596.9166666666666,597.5,596.3333333333333,597.5,596.3333333333333,1.1666666666667425,0.1958315848370528,Narrow,Bearish,Below CPR,Cash Only,Diversified,False,True,0.2,60,44053617.075,Higher,True,No setup,False,Neutral,0,Not applicable,No directional setup; confirmation score not applicable.,Narrow CPR,Not applicable,Not applicable,Narrow CPR; Wide CPR rules not applied,None,0,No active J-Curve setup.
PIXTRANS,EQ,PIX TRANSMISSIONS LIMITED,1460.0,1477.7,1442.1,1455.6,7251,10569822.4,20260306,1458.4666666666665,1459.9,1457.0333333333328,1459.9,1457.0333333333328,2.8666666666672427,0.1969405514335836,Narrow,Bearish,Below CPR,Cash Only,Diversified,False,True,0.3333333333333333,60,12187702.8,Overlapping,False,No setup,False,Neutral,0,Not applicable,No directional setup; confirmation score not applicable.,Narrow CPR,Not applicable,Not applicable,Narrow CPR; Wide CPR rules not applied,None,0,No active J-Curve setup.
NEXTMEDIA,EQ,NEXT MEDIAWORKS LIMITED,4.95,5.24,4.91,5.06,12366,62093.73,20260306,5.07,5.075,5.065,5.075,5.065,0.0099999999999997,0.1976284584980195,Narrow,Bearish,Below CPR,Cash Only,Media & Entertainment,False,True,0.1333333333333333,60,46726.82000000001,Lower,True,Short,False,Short,70,Confirmed,CPR width: Narrow (20/20); Price location: Below CPR (20/20); Trend: unavailable (10/20); Participation: unavailable (10/20); Higher timeframe: unavailable (10/20),Narrow CPR,Not applicable,Not applicable,Narrow CPR; Wide CPR rules not applied,None,0,No active J-Curve setup.
EDELWEISS,EQ,EDELWEISS FIN SERV LTD,109.0,111.4,108.07,109.41,5774917,634116535.07,20260306,109.62666666666668,109.735,109.51833333333332,109.735,109.51833333333332,0.2166666666666685,0.1980318678975126,Narrow,Bearish,Below CPR,Cash Only,Diversified,False,True,0.1666666666666666,60,450874063.42,Higher,True,No setup,False,Neutral,0,Not applicable,No directional setup; confirmation score not applicable.,Narrow CPR,Not applicable,Not applicable,Narrow CPR; Wide CPR rules not applied,None,0,No active J-Curve setup.
DPWIRES,EQ,D P WIRES LIMITED,141.23,142.97,139.55,140.84,11511,1622677.0,20260306,141.12,141.26,140.98000000000002,141.26,140.98000000000002,0.2799999999999727,0.1988071570576347,Narrow,Bearish,Below CPR,Cash Only,Diversified,False,True,0.2166666666666666,60,1967763.685,Lower,True,Short,False,Short,70,Confirmed,CPR width: Narrow (20/20); Price location: Below CPR (20/20); Trend: unavailable (10/20); Participation: unavailable (10/20); Higher timeframe: unavailable (10/20),Narrow CPR,Not applicable,Not applicable,Narrow CPR; Wide CPR rules not applied,None,0,No active J-Curve setup.
MCLOUD,EQ,MAGELLANIC CLOUD LIMITED,23.96,24.0,22.74,23.44,1316964,30808910.76,20260306,23.39333333333333,23.37,23.416666666666664,23.416666666666664,23.37,0.0466666666666668,0.1990898748577937,Narrow,Bullish,Above CPR,Cash Only,Diversified,True,False,0.1666666666666666,60,48667162.95,Higher,True,Long,False,Long,70,Confirmed,CPR width: Narrow (20/20); Price location: Above CPR (20/20); Trend: unavailable (10/20); Participation: unavailable (10/20); Higher timeframe: unavailable (10/20),Narrow CPR,Not applicable,Not applicable,Narrow CPR; Wide CPR rules not applied,None,0,No active J-Curve setup.
DBCORP,EQ,D.B.CORP LTD,215.45,215.72,210.35,212.4,42942,9155491.76,20260306,212.82333333333332,213.035,212.6116666666667,213.035,212.6116666666667,0.4233333333332894,0.1993094789704752,Narrow,Bearish,Below CPR,Cash Only,Diversified,False,True,0.2833333333333333,60,12682214.45,Lower,False,No setup,False,Neutral,0,Not applicable,No directional setup; confirmation score not applicable.,Narrow CPR,Not applicable,Not applicable,Narrow CPR; Wide CPR rules not applied,None,0,No active J-Curve setup.
IGPL,EQ,I G PETROCHEMICALS LTD,330.05,337.95,328.15,334.05,21926,7324779.85,20260306,333.38333333333327,333.04999999999995,333.7166666666666,333.7166666666666,333.04999999999995,0.6666666666666288,0.1995709225165779,Narrow,Bullish,Above CPR,Cash Only,Diversified,True,False,0.2,60,5801531.425,Inside,True,No setup,False,Neutral,0,Not applicable,No directional setup; confirmation score not applicable.,Narrow CPR,Not applicable,Not applicable,Narrow CPR; Wide CPR rules not applied,None,0,No active J-Curve setup.
AHLEAST,EQ,ASIAN HOTELS (EAST) LTD,157.59,161.51,157.59,160.03,8366,1338379.67,20260306,159.71,159.55,159.87,159.87,159.55,0.3199999999999932,0.1999625070299276,Narrow,Bullish,Above CPR,Cash Only,Diversified,True,False,0.15,60,395223.025,Lower,True,No setup,False,Neutral,0,Not applicable,No directional setup; confirmation score not applicable.,Narrow CPR,Not applicable,Not applicable,Narrow CPR; Wide CPR rules not applied,None,0,No active J-Curve setup.
ZENTEC,EQ,ZEN TECHNOLOGIES LIMITED,1410.0,1439.8,1405.2,1426.8,544612,777148578.9,20260306,1423.9333333333334,1422.5,1425.3666666666668,1425.3666666666668,1422.5,2.866666666666788,0.2009158022614793,Narrow,Bullish,Above CPR,Cash Only,Capital Goods,True,False,0.2166666666666666,60,431137130.4500001,Inside,True,No setup,True,Neutral,0,Not applicable,No directional setup; confirmation score not applicable.,Narrow CPR,Not applicable,Not applicable,Narrow CPR; Wide CPR rules not applied,None,0,No active J-Curve setup.
SETCO,EQ,SETCO AUTOMOTIVE LTD,18.32,18.69,17.9,18.24,120368,2193471.08,20260306,18.276666666666667,18.295,18.258333333333333,18.295,18.258333333333333,0.0366666666666688,0.2010233918128774,Narrow,Bearish,Below CPR,Cash Only,Diversified,False,True,0.2,60,714639.14,Higher,True,No setup,False,Neutral,0,Not applicable,No directional setup; confirmation score not applicable.,Narrow CPR,Not applicable,Not applicable,Narrow CPR; Wide CPR rules not applied,None,0,No active J-Curve setup.
ADVENZYMES,EQ,ADVANCED ENZYME TECH LTD,294.95,301.9,291.0,297.35,108632,32186652.25,20260306,296.75,296.45,297.05,297.05,296.45,0.6000000000000227,0.2017824112998226,Narrow,Bullish,Above CPR,Cash Only,Diversified,True,False,0.25,60,32363227.6,Higher,True,Long,False,Long,70,Confirmed,CPR width: Narrow (20/20); Price location: Above CPR (20/20); Trend: unavailable (10/20); Participation: unavailable (10/20); Higher timeframe: unavailable (10/20),Narrow CPR,Not applicable,Not applicable,Narrow CPR; Wide CPR rules not applied,None,0,No active J-Curve setup.
VISASTEEL,EQ,VISA STEEL LIMITED,35.39,36.79,35.39,36.2,4864,176608.25,20260306,36.12666666666667,36.09,36.16333333333334,36.16333333333334,36.09,0.0733333333333376,0.2025782688766234,Narrow,Bullish,Above CPR,Cash Only,Metals & Mining,True,False,0.0909090909090909,33,448763.33,Higher,True,Long,False,Long,70,Confirmed,CPR width: Narrow (20/20); Price location: Above CPR (20/20); Trend: unavailable (10/20); Participation: unavailable (10/20); Higher timeframe: unavailable (10/20),Narrow CPR,Not applicable,Not applicable,Narrow CPR; Wide CPR rules not applied,None,0,No active J-Curve setup.
DBEIL,EQ,DEEPAK BUILDERS & ENG I L,71.05,73.78,71.0,72.17,70725,5109070.66,20260306,72.31666666666666,72.39,72.24333333333333,72.39,72.24333333333333,0.1466666666666753,0.2032238695672376,Narrow,Bearish,Below CPR,Cash Only,Diversified,False,True,0.2,60,3128236.92,Lower,True,Short,False,Short,70,Confirmed,CPR width: Narrow (20/20); Price location: Below CPR (20/20); Trend: unavailable (10/20); Participation: unavailable (10/20); Higher timeframe: unavailable (10/20),Narrow CPR,Not applicable,Not applicable,Narrow CPR; Wide CPR rules not applied,None,0,No active J-Curve setup.
AADHARHFC,EQ,AADHAR HOUSING FINANCE L,450.0,465.95,446.95,455.05,443973,200508048.7,20260306,455.98333333333335,456.45,455.5166666666667,456.45,455.5166666666667,0.9333333333332804,0.2051056660440127,Narrow,Bearish,Below CPR,Cash Only,Financial Services,False,True,0.25,60,148407705.60000002,Higher,True,No setup,True,Neutral,0,Not applicable,No directional setup; confirmation score not applicable.,Narrow CPR,Not applicable,Not applicable,Narrow CPR; Wide CPR rules not applied,None,0,No active J-Curve setup.
RESPONIND,EQ,RESPONSIVE INDUSTRIES LTD,170.64,171.72,166.0,168.34,836752,140667311.97,20260306,168.6866666666667,168.86,168.51333333333338,168.86,168.51333333333338,0.3466666666666356,0.205932438319256,Narrow,Bearish,Below CPR,Cash Only,Diversified,False,True,0.2666666666666666,60,23519648.165,Lower,False,No setup,False,Neutral,0,Not applicable,No directional setup; confirmation score not applicable.,Narrow CPR,Not applicable,Not applicable,Narrow CPR; Wide CPR rules not applied,None,0,No active J-Curve setup.
JBCHEPHARM,EQ,J B CHEMICALS AND PHARMA,2080.0,2080.0,2038.5,2052.9,204452,420304977.4,20260306,2057.133333333333,2059.25,2055.0166666666664,2059.25,2055.0166666666664,4.233333333333576,0.2062123500089422,Narrow,Bearish,Below CPR,Cash Only,Diversified,False,True,0.35,60,313209267.5,Lower,False,No setup,False,Neutral,0,Not applicable,No directional setup; confirmation score not applicable.,Narrow CPR,Not applicable,Not applicable,Narrow CPR; Wide CPR rules not applied,None,0,No active J-Curve setup.
EIHAHOTELS,EQ,EIH ASSOCIATED HOTELS LTD,323.6,328.0,318.5,322.25,26645,8601407.5,20260306,322.9166666666667,323.25,322.58333333333337,323.25,322.58333333333337,0.6666666666666288,0.2068787173519406,Narrow,Bearish,Below CPR,Cash Only,Hotels & Tourism,False,True,0.3333333333333333,60,4183489.675,Lower,False,No setup,False,Neutral,0,Not applicable,No directional setup; confirmation score not applicable.,Narrow CPR,Not applicable,Not applicable,Narrow CPR; Wide CPR rules not applied,None,0,No active J-Curve setup.
BLUESTARCO,EQ,BLUE STAR LIMITED,1939.0,1976.2,1908.7,1948.5,957837,1867499091.7,20260306,1944.4666666666665,1942.45,1946.483333333333,1946.483333333333,1942.45,4.033333333332848,0.2069968351723299,Narrow,Bullish,Above CPR,Cash Only,Consumer Durables,True,False,0.1833333333333333,60,551762584.9,Higher,True,Long,True,Long,70,Confirmed,CPR width: Narrow (20/20); Price location: Above CPR (20/20); Trend: unavailable (10/20); Participation: unavailable (10/20); Higher timeframe: unavailable (10/20),Narrow CPR,Not applicable,Not applicable,Narrow CPR; Wide CPR rules not applied,None,0,No active J-Curve setup.
BALKRISIND,EQ,BALKRISHNA IND. LTD,2280.0,2283.4,2230.0,2249.7,77512,175452703.5,20260306,2254.3666666666663,2256.7,2252.033333333333,2256.7,2252.033333333333,4.66666666666697,0.207435065416143,Narrow,Bearish,Below CPR,Cash Only,Automobile and Auto Components,False,True,0.5,60,264978857.1,Lower,False,No setup,True,Neutral,0,Not applicable,No directional setup; confirmation score not applicable.,Narrow CPR,Not applicable,Not applicable,Narrow CPR; Wide CPR rules not applied,None,0,No active J-Curve setup.
CENTRUM,EQ,CENTRUM CAPITAL LIMITED,22.47,22.79,22.01,22.47,306640,6874304.9,20260306,22.42333333333333,22.4,22.446666666666665,22.446666666666665,22.4,0.0466666666666668,0.2076843198338534,Narrow,Bullish,Above CPR,Cash Only,Diversified,True,False,0.3666666666666666,60,5156928.445,Overlapping,False,No setup,False,Neutral,0,Not applicable,No directional setup; confirmation score not applicable.,Narrow CPR,Not applicable,Not applicable,Narrow CPR; Wide CPR rules not applied,None,0,No active J-Curve setup.
GRINFRA,EQ,G R INFRAPROJECTS LIMITED,927.3,942.7,925.05,936.8,17987,16863999.5,20260306,934.85,933.875,935.825,935.825,933.875,1.9500000000000453,0.2081554227156325,Narrow,Bullish,Above CPR,Cash Only,Infrastructure,True,False,0.3166666666666666,60,21771254.825000003,Higher,False,No setup,False,Neutral,0,Not applicable,No directional setup; confirmation score not applicable.,Narrow CPR,Not applicable,Not applicable,Narrow CPR; Wide CPR rules not applied,None,0,No active J-Curve setup.
RADHIKAJWE,EQ,RADHIKA JEWELTECH LIMITED,60.79,61.83,60.17,60.81,200906,12279401.28,20260306,60.93666666666667,61.0,60.873333333333335,61.0,60.873333333333335,0.1266666666666651,0.2082990736172753,Narrow,Bearish,Below CPR,Cash Only,Diversified,False,True,0.2833333333333333,60,13404979.435,Higher,False,No setup,False,Neutral,0,Not applicable,No directional setup; confirmation score not applicable.,Narrow CPR,Not applicable,Not applicable,Narrow CPR; Wide CPR rules not applied,None,0,No active J-Curve setup.
VRAJ,EQ,VRAJ IRON AND STEEL LTD,117.77,118.72,115.55,116.77,36697,4315163.23,20260306,117.01333333333332,117.135,116.89166666666664,117.135,116.89166666666664,0.2433333333333394,0.2083868573549194,Narrow,Bearish,Below CPR,Cash Only,Diversified,False,True,0.2166666666666666,60,2251692.64,Lower,True,Short,False,Short,70,Confirmed,CPR width: Narrow (20/20); Price location: Below CPR (20/20); Trend: unavailable (10/20); Participation: unavailable (10/20); Higher timeframe: unavailable (10/20),Narrow CPR,Not applicable,Not applicable,Narrow CPR; Wide CPR rules not applied,None,0,No active J-Curve setup.
KPIL,EQ,KALPATARU PROJECT INT LTD,1125.5,1147.6,1113.1,1133.9,100285,113316712.8,20260306,1131.5333333333333,1130.35,1132.7166666666667,1132.7166666666667,1130.35,2.366666666666788,0.2087191698268619,Narrow,Bullish,Above CPR,Cash Only,Construction,True,False,0.1833333333333333,60,137523965.6,Higher,True,Long,True,Long,70,Confirmed,CPR width: Narrow (20/20); Price location: Above CPR (20/20); Trend: unavailable (10/20); Participation: unavailable (10/20); Higher timeframe: unavailable (10/20),Narrow CPR,Not applicable,Not applicable,Narrow CPR; Wide CPR rules not applied,None,0,No active J-Curve setup.
TMPV,EQ,TATA MOTORS PASS VEH LTD,354.0,354.35,349.35,350.75,6929668,2437266839.35,20260306,351.4833333333333,351.85,351.1166666666667,351.85,351.1166666666667,0.7333333333333485,0.2090757899738698,Narrow,Bearish,Below CPR,Cash Only,Automobile and Auto Components,False,True,0.4166666666666667,60,3449278815.2,Lower,False,No setup,True,Neutral,0,Not applicable,No directional setup; confirmation score not applicable.,Narrow CPR,Not applicable,Not applicable,Narrow CPR; Wide CPR rules not applied,None,0,No active J-Curve setup.
ROSSELLIND,EQ,ROSSELL INDIA LIMITED,45.84,47.68,44.95,46.17,46576,2130992.5,20260306,46.26666666666667,46.315,46.21833333333335,46.315,46.21833333333335,0.0966666666666498,0.20937116453682,Narrow,Bearish,Below CPR,Cash Only,Diversified,False,True,0.05,60,1341827.44,Higher,True,No setup,False,Neutral,0,Not applicable,No directional setup; confirmation score not applicable.,Narrow CPR,Not applicable,Not applicable,Narrow CPR; Wide CPR rules not applied,None,0,No active J-Curve setup.
AFSL,EQ,ABANS FINANCIAL SRVCS LTD,201.11,204.18,201.0,203.23,19859,4001961.54,20260306,202.8033333333333,202.59,203.01666666666665,203.01666666666665,202.59,0.4266666666666197,0.2099427577949218,Narrow,Bullish,Above CPR,Cash Only,Diversified,True,False,0.45,60,2476444.005,Higher,False,No setup,False,Neutral,0,Not applicable,No directional setup; confirmation score not applicable.,Narrow CPR,Not applicable,Not applicable,Narrow CPR; Wide CPR rules not applied,None,0,No active J-Curve setup.
KNAGRI,EQ,KN AGRI RESOURCES LIMITED,188.89,192.4,180.1,186.84,12977,2391339.75,20260306,186.4466666666667,186.25,186.64333333333337,186.64333333333337,186.25,0.3933333333333735,0.2105188039677657,Narrow,Bullish,Above CPR,Cash Only,Diversified,True,False,0.1833333333333333,60,2409263.325,Inside,True,No setup,False,Neutral,0,Not applicable,No directional setup; confirmation score not applicable.,Narrow CPR,Not applicable,Not applicable,Narrow CPR; Wide CPR rules not applied,None,0,No active J-Curve setup.
HUHTAMAKI,EQ,HUHTAMAKI INDIA LIMITED,170.01,173.9,169.33,172.16,110436,18948344.21,20260306,171.79666666666665,171.615,171.9783333333333,171.9783333333333,171.615,0.3633333333332871,0.2110439900867141,Narrow,Bullish,Above CPR,Cash Only,Diversified,True,False,0.2333333333333333,60,19048164.25,Higher,True,Long,False,Long,70,Confirmed,CPR width: Narrow (20/20); Price location: Above CPR (20/20); Trend: unavailable (10/20); Participation: unavailable (10/20); Higher timeframe: unavailable (10/20),Narrow CPR,Not applicable,Not applicable,Narrow CPR; Wide CPR rules not applied,None,0,No active J-Curve setup.
TAJGVK,EQ,TAJ GVK HOTELS & RESORTS,331.4,334.0,330.0,330.95,50223,16659756.85,20260306,331.65000000000003,332.0,331.30000000000007,332.0,331.30000000000007,0.6999999999999318,0.2115123130382026,Narrow,Bearish,Below CPR,Cash Only,Diversified,False,True,0.2333333333333333,60,53427373.45,Higher,True,No setup,False,Neutral,0,Not applicable,No directional setup; confirmation score not applicable.,Narrow CPR,Not applicable,Not applicable,Narrow CPR; Wide CPR rules not applied,None,0,No active J-Curve setup.
CANFINHOME,EQ,CAN FIN HOMES LTD,822.9,838.8,821.05,827.3,84721,70280914.95,20260306,829.0499999999998,829.925,828.1749999999997,829.925,828.1749999999997,1.7500000000002274,0.2115314879729514,Narrow,Bearish,Below CPR,Cash Only,Financial Services,False,True,0.3333333333333333,60,141074202.77499998,Higher,False,No setup,True,Neutral,0,Not applicable,No directional setup; confirmation score not applicable.,Narrow CPR,Not applicable,Not applicable,Narrow CPR; Wide CPR rules not applied,None,0,No active J-Curve setup.
BPL,EQ,BPL LTD,53.76,54.7,52.58,53.47,62479,3367016.17,20260306,53.583333333333336,53.64,53.52666666666667,53.64,53.52666666666667,0.1133333333333297,0.211956860544847,Narrow,Bearish,Below CPR,Cash Only,Diversified,False,True,0.2166666666666666,60,3614636.43,Lower,True,Short,False,Short,70,Confirmed,CPR width: Narrow (20/20); Price location: Below CPR (20/20); Trend: unavailable (10/20); Participation: unavailable (10/20); Higher timeframe: unavailable (10/20),Narrow CPR,Not applicable,Not applicable,Narrow CPR; Wide CPR rules not applied,None,0,No active J-Curve setup.
GUJTHEM,EQ,GUJARAT THEMIS BIOSYN LTD,299.95,303.8,294.1,298.0,32392,9640755.4,20260306,298.6333333333334,298.95000000000005,298.3166666666667,298.95000000000005,298.3166666666667,0.6333333333333258,0.212527964205814,Narrow,Bearish,Below CPR,Cash Only,Diversified,False,True,0.25,60,18855536.825000003,Overlapping,True,No setup,False,Neutral,0,Not applicable,No directional setup; confirmation score not applicable.,Narrow CPR,Not applicable,Not applicable,Narrow CPR; Wide CPR rules not applied,None,0,No active J-Curve setup.
OSWALAGRO,EQ,OSWAL AGRO MILLS LTD,44.9,45.68,44.41,44.9,33657,1517984.52,20260306,44.99666666666667,45.045,44.94833333333334,45.045,44.94833333333334,0.096666666666664,0.2152932442464677,Narrow,Bearish,Below CPR,Cash Only,Chemicals & Fertilizers,False,True,0.1166666666666666,60,2566959.52,Higher,True,No setup,False,Neutral,0,Not applicable,No directional setup; confirmation score not applicable.,Narrow CPR,Not applicable,Not applicable,Narrow CPR; Wide CPR rules not applied,None,0,No active J-Curve setup.
KECL,EQ,KIRLOSKAR ELECTRIC CO LTD,80.73,83.5,80.55,81.76,185441,15229864.66,20260306,81.93666666666667,82.025,81.84833333333333,82.025,81.84833333333333,0.1766666666666765,0.2160795825179507,Narrow,Bearish,Below CPR,Cash Only,Diversified,False,True,0.1166666666666666,60,13469343.225,Overlapping,True,No setup,False,Neutral,0,Not applicable,No directional setup; confirmation score not applicable.,Narrow CPR,Not applicable,Not applicable,Narrow CPR; Wide CPR rules not applied,None,0,No active J-Curve setup.
ATAM,EQ,ATAM VALVES LIMITED,60.01,60.78,56.5,58.45,10483,611138.11,20260306,58.57666666666668,58.64,58.51333333333335,58.64,58.51333333333335,0.1266666666666509,0.2167094382662975,Narrow,Bearish,Below CPR,Cash Only,Diversified,False,True,0.1833333333333333,60,774133.87,Lower,True,Short,False,Short,70,Confirmed,CPR width: Narrow (20/20); Price location: Below CPR (20/20); Trend: unavailable (10/20); Participation: unavailable (10/20); Higher timeframe: unavailable (10/20),Narrow CPR,Not applicable,Not applicable,Narrow CPR; Wide CPR rules not applied,None,0,No active J-Curve setup.
AKASH,EQ,AKASH INFRA-PROJECTS LTD,24.92,24.92,24.12,24.6,5408,133307.68,20260306,24.54666666666667,24.520000000000003,24.573333333333338,24.573333333333338,24.520000000000003,0.0533333333333345,0.2168021680216852,Narrow,Bullish,Above CPR,Cash Only,Diversified,True,False,0.1166666666666666,60,297903.29,Lower,True,No setup,False,Neutral,0,Not applicable,No directional setup; confirmation score not applicable.,Narrow CPR,Not applicable,Not applicable,Narrow CPR; Wide CPR rules not applied,None,0,No active J-Curve setup.
ZODIACLOTH,EQ,ZODIAC CLOTHING CO. LTD.,75.53,76.8,73.15,75.22,8331,620173.87,20260306,75.05666666666666,74.975,75.13833333333332,75.13833333333332,74.975,0.1633333333333269,0.2171408313391742,Narrow,Bullish,Above CPR,Cash Only,Diversified,True,False,0.2666666666666666,60,428075.75,Lower,False,No setup,False,Neutral,0,Not applicable,No directional setup; confirmation score not applicable.,Narrow CPR,Not applicable,Not applicable,Narrow CPR; Wide CPR rules not applied,None,0,No active J-Curve setup.
EQUITASBNK,EQ,EQUITAS SMALL FIN BNK LTD,57.96,61.2,57.79,59.69,3780261,226805467.11,20260306,59.56,59.495000000000005,59.625,59.625,59.495000000000005,0.1299999999999954,0.2177919249455444,Narrow,Bullish,Above CPR,Cash Only,Diversified,True,False,0.2333333333333333,60,220942922.475,Higher,True,Long,False,Long,70,Confirmed,CPR width: Narrow (20/20); Price location: Above CPR (20/20); Trend: unavailable (10/20); Participation: unavailable (10/20); Higher timeframe: unavailable (10/20),Narrow CPR,Not applicable,Not applicable,Narrow CPR; Wide CPR rules not applied,None,0,No active J-Curve setup.
ESTER,EQ,ESTER INDUSTRIES LTD,96.38,99.8,96.18,97.67,71987,7072669.62,20260306,97.88333333333334,97.99,97.77666666666669,97.99,97.77666666666669,0.2133333333333382,0.218422579434154,Narrow,Bearish,Below CPR,Cash Only,Diversified,False,True,0.2666666666666666,60,6119243.49,Overlapping,False,No setup,False,Neutral,0,Not applicable,No directional setup; confirmation score not applicable.,Narrow CPR,Not applicable,Not applicable,Narrow CPR; Wide CPR rules not applied,None,0,No active J-Curve setup.
VAIBHAVGBL,EQ,VAIBHAV GLOBAL LIMITED,218.0,219.45,215.05,216.54,313336,68232583.4,20260306,217.0133333333333,217.25,216.77666666666664,217.25,216.77666666666664,0.4733333333333576,0.2185893291462813,Narrow,Bearish,Below CPR,Cash Only,Diversified,False,True,0.1166666666666666,60,74127282.505,Lower,True,Short,False,Short,70,Confirmed,CPR width: Narrow (20/20); Price location: Below CPR (20/20); Trend: unavailable (10/20); Participation: unavailable (10/20); Higher timeframe: unavailable (10/20),Narrow CPR,Not applicable,Not applicable,Narrow CPR; Wide CPR rules not applied,None,0,No active J-Curve setup.
TVSMOTOR,EQ,TVS MOTOR COMPANY  LTD,3806.9,3825.0,3767.9,3784.0,571666,2165652606.2,20260306,3792.3,3796.45,3788.15,3796.45,3788.15,8.300000000000182,0.2193446088794974,Narrow,Bearish,Below CPR,Cash Only,Automobile and Auto Components,False,True,0.25,60,2201086705.6,Inside,True,No setup,True,Neutral,0,Not applicable,No directional setup; confirmation score not applicable.,Narrow CPR,Not applicable,Not applicable,Narrow CPR; Wide CPR rules not applied,None,0,No active J-Curve setup.
QUESS,EQ,QUESS CORP LIMITED,190.0,191.79,189.0,189.77,100114,19037054.92,20260306,190.18666666666664,190.395,189.9783333333333,190.395,189.9783333333333,0.4166666666666856,0.219564033654785,Narrow,Bearish,Below CPR,Cash Only,Diversified,False,True,0.2,60,42618028.505,Overlapping,True,No setup,False,Neutral,0,Not applicable,No directional setup; confirmation score not applicable.,Narrow CPR,Not applicable,Not applicable,Narrow CPR; Wide CPR rules not applied,None,0,No active J-Curve setup.
CINELINE,EQ,CINELINE INDIA LIMITED,87.13,87.91,85.0,86.17,25715,2233016.55,20260306,86.36,86.455,86.265,86.455,86.265,0.1899999999999977,0.2204943715910383,Narrow,Bearish,Below CPR,Cash Only,Diversified,False,True,0.2166666666666666,60,1150083.395,Lower,True,Short,False,Short,70,Confirmed,CPR width: Narrow (20/20); Price location: Below CPR (20/20); Trend: unavailable (10/20); Participation: unavailable (10/20); Higher timeframe: unavailable (10/20),Narrow CPR,Not applicable,Not applicable,Narrow CPR; Wide CPR rules not applied,None,0,No active J-Curve setup.
BEL,EQ,BHARAT ELECTRONICS LTD,462.0,473.45,460.35,468.45,28154230,13217400042.1,20260306,467.4166666666667,466.9,467.9333333333334,467.9333333333334,466.9,1.0333333333334167,0.2205856192407763,Narrow,Bullish,Above CPR,Cash Only,Capital Goods,True,False,0.4166666666666667,60,5616107848.275,Higher,False,No setup,True,Neutral,0,Not applicable,No directional setup; confirmation score not applicable.,Narrow CPR,Not applicable,Not applicable,Narrow CPR; Wide CPR rules not applied,None,0,No active J-Curve setup.
HEROMOTOCO,EQ,HERO MOTOCORP LIMITED,5571.0,5571.5,5490.0,5512.5,431008,2380632219.5,20260306,5524.666666666667,5530.75,5518.583333333334,5530.75,5518.583333333334,12.16666666666606,0.2207105064247811,Narrow,Bearish,Below CPR,Cash Only,Automobile and Auto Components,False,True,0.2666666666666666,60,2843294409.25,Lower,False,No setup,True,Neutral,0,Not applicable,No directional setup; confirmation score not applicable.,Narrow CPR,Not applicable,Not applicable,Narrow CPR; Wide CPR rules not applied,None,0,No active J-Curve setup.
TATACONSUM,EQ,TATA CONSUMER PRODUCT LTD,1119.1,1128.7,1112.1,1116.7,919798,1030033595.6,20260306,1119.1666666666667,1120.4,1117.9333333333334,1120.4,1117.9333333333334,2.466666666666697,0.2208889286886985,Narrow,Bearish,Below CPR,Cash Only,Fast Moving Consumer Goods,False,True,0.3166666666666666,60,1115136284.0500002,Higher,False,No setup,True,Neutral,0,Not applicable,No directional setup; confirmation score not applicable.,Narrow CPR,Not applicable,Not applicable,Narrow CPR; Wide CPR rules not applied,None,0,No active J-Curve setup.
MATRIMONY,EQ,MATRIMONY.COM LIMITED,400.6,412.0,399.0,406.85,13835,5587352.3,20260306,405.95,405.5,406.4,406.4,405.5,0.8999999999999773,0.2212117488017641,Narrow,Bullish,Above CPR,Cash Only,Diversified,True,False,0.4333333333333333,60,19392892.5,Lower,False,No setup,False,Neutral,0,Not applicable,No directional setup; confirmation score not applicable.,Narrow CPR,Not applicable,Not applicable,Narrow CPR; Wide CPR rules not applied,None,0,No active J-Curve setup.
GODREJAGRO,EQ,GODREJ AGROVET LIMITED,602.0,606.45,587.9,595.2,106886,63688794.5,20260306,596.5166666666667,597.175,595.8583333333333,597.175,595.8583333333333,1.316666666666606,0.221214157706083,Narrow,Bearish,Below CPR,Cash Only,Chemicals & Fertilizers,False,True,0.3,60,64138023.7,Lower,False,No setup,False,Neutral,0,Not applicable,No directional setup; confirmation score not applicable.,Narrow CPR,Not applicable,Not applicable,Narrow CPR; Wide CPR rules not applied,None,0,No active J-Curve setup.
SHALPAINTS,EQ,SHALIM PAINTS LTD,52.53,53.65,52.0,52.65,28709,1513535.15,20260306,52.76666666666667,52.825,52.70833333333334,52.825,52.70833333333334,0.11666666666666,0.2215891104779867,Narrow,Bearish,Below CPR,Cash Only,Diversified,False,True,0.15,60,4356047.529999999,Higher,True,No setup,False,Neutral,0,Not applicable,No directional setup; confirmation score not applicable.,Narrow CPR,Not applicable,Not applicable,Narrow CPR; Wide CPR rules not applied,None,0,No active J-Curve setup.
RPGLIFE,EQ,RPG LIFE SCIENCES LTD,1859.4,1884.1,1848.0,1872.3,20874,38982755.4,20260306,1868.1333333333328,1866.05,1870.2166666666665,1870.2166666666665,1866.05,4.166666666666515,0.222542683686723,Narrow,Bullish,Above CPR,Cash Only,Diversified,True,False,0.4,60,12780102.2,Higher,False,No setup,False,Neutral,0,Not applicable,No directional setup; confirmation score not applicable.,Narrow CPR,Not applicable,Not applicable,Narrow CPR; Wide CPR rules not applied,None,0,No active J-Curve setup.
JASH,EQ,JASH ENGINEERING LIMITED,388.0,393.0,383.0,389.3,58879,22754820.15,20260306,388.4333333333333,388.0,388.8666666666667,388.8666666666667,388.0,0.8666666666666742,0.2226217998116296,Narrow,Bullish,Above CPR,Cash Only,Diversified,True,False,0.3333333333333333,60,27601199.975,Higher,False,No setup,False,Neutral,0,Not applicable,No directional setup; confirmation score not applicable.,Narrow CPR,Not applicable,Not applicable,Narrow CPR; Wide CPR rules not applied,None,0,No active J-Curve setup.
SCHAND,EQ,S CHAND AND COMPANY LTD,150.1,154.0,150.1,152.56,20161,3067669.25,20260306,152.22,152.05,152.39,152.39,152.05,0.339999999999975,0.2228631358154004,Narrow,Bullish,Above CPR,Cash Only,Diversified,True,False,0.2833333333333333,60,5121725.234999999,Higher,False,No setup,False,Neutral,0,Not applicable,No directional setup; confirmation score not applicable.,Narrow CPR,Not applicable,Not applicable,Narrow CPR; Wide CPR rules not applied,None,0,No active J-Curve setup.
MAHABANK,EQ,BANK OF MAHARASHTRA,71.0,71.23,69.5,70.13,15951877,1124579446.75,20260306,70.28666666666668,70.36500000000001,70.20833333333334,70.36500000000001,70.20833333333334,0.1566666666666663,0.2233946480346018,Narrow,Bearish,Below CPR,Cash Only,Financial Services,False,True,0.2666666666666666,60,1113102715.245,Lower,False,No setup,True,Neutral,0,Not applicable,No directional setup; confirmation score not applicable.,Narrow CPR,Not applicable,Not applicable,Narrow CPR; Wide CPR rules not applied,None,0,No active J-Curve setup.
RSWM,EQ,RSWM LIMITED,147.1,148.02,145.0,146.02,27497,4025802.29,20260306,146.34666666666666,146.51,146.18333333333334,146.51,146.18333333333334,0.3266666666666538,0.2237136465324296,Narrow,Bearish,Below CPR,Cash Only,Diversified,False,True,0.2666666666666666,60,3552129.705,Overlapping,False,No setup,False,Neutral,0,Not applicable,No directional setup; confirmation score not applicable.,Narrow CPR,Not applicable,Not applicable,Narrow CPR; Wide CPR rules not applied,None,0,No active J-Curve setup.
LATTEYS,EQ,LATTEYS INDUSTRIES LTD,21.5,21.5,20.0,20.82,62818,1291414.22,20260306,20.773333333333333,20.75,20.796666666666667,20.796666666666667,20.75,0.0466666666666668,0.2241434518091587,Narrow,Bullish,Above CPR,Cash Only,Diversified,True,False,0.28,25,1178809.83,Inside,False,No setup,False,Neutral,0,Not applicable,No directional setup; confirmation score not applicable.,Narrow CPR,Not applicable,Not applicable,Narrow CPR; Wide CPR rules not applied,None,0,No active J-Curve setup.
UFLEX,EQ,UFLEX LIMITED,458.05,468.5,456.0,460.7,21623,10009565.0,20260306,461.73333333333335,462.25,461.2166666666667,462.25,461.2166666666667,1.033333333333303,0.2242963606106583,Narrow,Bearish,Below CPR,Cash Only,Diversified,False,True,0.4,60,7727399.449999999,Higher,False,No setup,False,Neutral,0,Not applicable,No directional setup; confirmation score not applicable.,Narrow CPR,Not applicable,Not applicable,Narrow CPR; Wide CPR rules not applied,None,0,No active J-Curve setup.
TAINWALCHM,EQ,TAINWALA CHEMICAL AND PLA,200.2,205.48,199.99,202.05,1643,332022.96,20260306,202.50666666666663,202.735,202.2783333333333,202.735,202.2783333333333,0.4566666666667061,0.2260166625422945,Narrow,Bearish,Below CPR,Cash Only,Diversified,False,True,0.1666666666666666,60,951148.525,Lower,True,Short,False,Short,70,Confirmed,CPR width: Narrow (20/20); Price location: Below CPR (20/20); Trend: unavailable (10/20); Participation: unavailable (10/20); Higher timeframe: unavailable (10/20),Narrow CPR,Not applicable,Not applicable,Narrow CPR; Wide CPR rules not applied,None,0,No active J-Curve setup.
ITC,EQ,ITC LTD,310.05,312.3,309.2,309.7,21288269,6607851781.95,20260306,310.40000000000003,310.75,310.05000000000007,310.75,310.05000000000007,0.6999999999999318,0.2260251856635233,Narrow,Bearish,Below CPR,Cash Only,Fast Moving Consumer Goods,False,True,0.4666666666666667,60,4985948294.55,Lower,False,No setup,True,Neutral,0,Not applicable,No directional setup; confirmation score not applicable.,Narrow CPR,Not applicable,Not applicable,Narrow CPR; Wide CPR rules not applied,None,0,No active J-Curve setup.
ARCHIES,EQ,ARCHIES LTD,14.94,14.94,14.6,14.72,19657,290482.01,20260306,14.753333333333332,14.77,14.736666666666665,14.77,14.736666666666665,0.0333333333333349,0.2264492753623301,Narrow,Bearish,Below CPR,Cash Only,Diversified,False,True,0.1833333333333333,60,284500.625,Inside,True,No setup,False,Neutral,0,Not applicable,No directional setup; confirmation score not applicable.,Narrow CPR,Not applicable,Not applicable,Narrow CPR; Wide CPR rules not applied,None,0,No active J-Curve setup.
MSTCLTD,EQ,MSTC LIMITED,439.0,447.0,438.6,441.3,149767,66539324.05,20260306,442.3,442.8,441.8,442.8,441.8,1.0,0.2266032177656922,Narrow,Bearish,Below CPR,Cash Only,Diversified,False,True,0.2833333333333333,60,60751052.6,Higher,False,No setup,False,Neutral,0,Not applicable,No directional setup; confirmation score not applicable.,Narrow CPR,Not applicable,Not applicable,Narrow CPR; Wide CPR rules not applied,None,0,No active J-Curve setup.
ABCOTS,EQ,A B COTSPIN INDIA LIMITED,405.0,414.0,404.0,410.4,27757,11354335.25,20260306,409.4666666666667,409.0,409.9333333333334,409.9333333333334,409.0,0.933333333333394,0.2274204028590141,Narrow,Bullish,Above CPR,Cash Only,Diversified,True,False,0.4333333333333333,60,3761619.55,Higher,False,No setup,False,Neutral,0,Not applicable,No directional setup; confirmation score not applicable.,Narrow CPR,Not applicable,Not applicable,Narrow CPR; Wide CPR rules not applied,None,0,No active J-Curve setup.
RPTECH,EQ,RASHI PERIPHERALS LIMITED,347.1,355.8,344.9,351.55,59907,20924560.5,20260306,350.75,350.35,351.15,351.15,350.35,0.7999999999999545,0.2275636467074255,Narrow,Bullish,Above CPR,Cash Only,Information Technology,True,False,0.25,60,35699589.35,Higher,True,Long,False,Long,70,Confirmed,CPR width: Narrow (20/20); Price location: Above CPR (20/20); Trend: unavailable (10/20); Participation: unavailable (10/20); Higher timeframe: unavailable (10/20),Narrow CPR,Not applicable,Not applicable,Narrow CPR; Wide CPR rules not applied,None,0,No active J-Curve setup.
PRSMJOHNSN,EQ,PRISM JOHNSON LIMITED,125.95,126.84,125.0,125.49,89832,11314417.9,20260306,125.77666666666666,125.92,125.63333333333333,125.92,125.63333333333333,0.2866666666666901,0.2284378569341701,Narrow,Bearish,Below CPR,Cash Only,Diversified,False,True,0.2666666666666666,60,30833560.645,Overlapping,False,No setup,False,Neutral,0,Not applicable,No directional setup; confirmation score not applicable.,Narrow CPR,Not applicable,Not applicable,Narrow CPR; Wide CPR rules not applied,None,0,No active J-Curve setup.
RAILTEL,EQ,RAILTEL CORP OF IND LTD,281.9,299.8,280.0,290.9,3320734,976607876.6,20260306,290.2333333333333,289.9,290.5666666666666,290.5666666666666,289.9,0.6666666666666288,0.2291738283487895,Narrow,Bullish,Above CPR,Cash Only,Telecommunication,True,False,0.2333333333333333,60,391765386.2,Higher,True,Long,True,Long,70,Confirmed,CPR width: Narrow (20/20); Price location: Above CPR (20/20); Trend: unavailable (10/20); Participation: unavailable (10/20); Higher timeframe: unavailable (10/20),Narrow CPR,Not applicable,Not applicable,Narrow CPR; Wide CPR rules not applied,None,0,No active J-Curve setup.
SURAJEST,EQ,SURAJ ESTATE DEVELOPERS L,208.55,210.85,204.41,208.35,206685,42876697.69,20260306,207.87,207.63,208.11,208.11,207.63,0.4800000000000182,0.2303815694744508,Narrow,Bullish,Above CPR,Cash Only,Diversified,True,False,0.3,60,37656207.105,Lower,False,No setup,False,Neutral,0,Not applicable,No directional setup; confirmation score not applicable.,Narrow CPR,Not applicable,Not applicable,Narrow CPR; Wide CPR rules not applied,None,0,No active J-Curve setup.
VADILALIND,EQ,VADILAL INDUSTRIES LTD,5121.0,5164.1,5075.0,5101.9,16528,84459916.6,20260306,5113.666666666667,5119.55,5107.783333333334,5119.55,5107.783333333334,11.766666666666424,0.2306330321383489,Narrow,Bearish,Below CPR,Cash Only,Diversified,False,True,0.3166666666666666,60,40254916.85,Outside,False,No setup,False,Neutral,0,Not applicable,No directional setup; confirmation score not applicable.,Narrow CPR,Not applicable,Not applicable,Narrow CPR; Wide CPR rules not applied,None,0,No active J-Curve setup.
PATINTLOG,EQ,PATEL INT. LOG. LTD,10.19,10.28,10.01,10.11,112021,1138424.43,20260306,10.133333333333333,10.145,10.121666666666666,10.145,10.121666666666666,0.0233333333333334,0.2307945928123979,Narrow,Bearish,Below CPR,Cash Only,Diversified,False,True,0.1166666666666666,60,774239.945,Lower,True,Short,False,Short,70,Confirmed,CPR width: Narrow (20/20); Price location: Below CPR (20/20); Trend: unavailable (10/20); Participation: unavailable (10/20); Higher timeframe: unavailable (10/20),Narrow CPR,Not applicable,Not applicable,Narrow CPR; Wide CPR rules not applied,None,0,No active J-Curve setup.
NDLVENTURE,EQ,NDL VENTURES LIMITED,114.2,115.0,111.0,112.61,25627,2899710.8,20260306,112.87,113.0,112.74,113.0,112.74,0.2599999999999909,0.2308853565402636,Narrow,Bearish,Below CPR,Cash Only,Diversified,False,True,0.1333333333333333,60,867075.77,Lower,True,Short,False,Short,70,Confirmed,CPR width: Narrow (20/20); Price location: Below CPR (20/20); Trend: unavailable (10/20); Participation: unavailable (10/20); Higher timeframe: unavailable (10/20),Narrow CPR,Not applicable,Not applicable,Narrow CPR; Wide CPR rules not applied,None,0,No active J-Curve setup.
CARERATING,EQ,CARE RATINGS LIMITED,1634.8,1648.4,1605.0,1621.0,20859,33912405.9,20260306,1624.8,1626.7,1622.9,1626.7,1622.9,3.800000000000182,0.2344231955583085,Narrow,Bearish,Below CPR,Cash Only,Diversified,False,True,0.4166666666666667,60,59911792.3,Inside,False,No setup,False,Neutral,0,Not applicable,No directional setup; confirmation score not applicable.,Narrow CPR,Not applicable,Not applicable,Narrow CPR; Wide CPR rules not applied,None,0,No active J-Curve setup.
AARTIIND,EQ,AARTI INDUSTRIES LTD,419.5,423.75,412.0,419.35,661199,275661105.3,20260306,418.3666666666666,417.875,418.8583333333332,418.8583333333332,417.875,0.9833333333332348,0.2344898851396768,Narrow,Bullish,Above CPR,Cash Only,Chemicals,True,False,0.35,60,218633366.7,Inside,False,No setup,True,Neutral,0,Not applicable,No directional setup; confirmation score not applicable.,Narrow CPR,Not applicable,Not applicable,Narrow CPR; Wide CPR rules not applied,None,0,No active J-Curve setup.
KAJARIACER,EQ,KAJARIA CERAMICS LTD,938.4,948.6,927.3,934.65,53735,50427208.7,20260306,936.85,937.95,935.75,937.95,935.75,2.200000000000045,0.2353822286417424,Narrow,Bearish,Below CPR,Cash Only,Consumer Durables,False,True,0.3,60,210157887.5,Overlapping,False,No setup,True,Neutral,0,Not applicable,No directional setup; confirmation score not applicable.,Narrow CPR,Not applicable,Not applicable,Narrow CPR; Wide CPR rules not applied,None,0,No active J-Curve setup.
ZEEL,EQ,ZEE ENTERTAINMENT ENT LTD,82.3,82.69,81.51,81.81,6607087,541805864.97,20260306,82.00333333333333,82.1,81.90666666666667,82.1,81.90666666666667,0.193333333333328,0.2363199282891187,Narrow,Bearish,Below CPR,Cash Only,Media Entertainment & Publication,False,True,0.25,60,614100822.5,Lower,True,Short,True,Short,70,Confirmed,CPR width: Narrow (20/20); Price location: Below CPR (20/20); Trend: unavailable (10/20); Participation: unavailable (10/20); Higher timeframe: unavailable (10/20),Narrow CPR,Not applicable,Not applicable,Narrow CPR; Wide CPR rules not applied,None,0,No active J-Curve setup.
VIJAYA,EQ,VIJAYA DIAGNOSTIC CEN LTD,945.6,961.0,945.0,956.4,39031,37289183.1,20260306,954.1333333333332,953.0,955.2666666666668,955.2666666666668,953.0,2.2666666666666515,0.2369998605883157,Narrow,Bullish,Above CPR,Cash Only,Healthcare,True,False,0.3833333333333333,60,88411695.725,Inside,False,No setup,True,Neutral,0,Not applicable,No directional setup; confirmation score not applicable.,Narrow CPR,Not applicable,Not applicable,Narrow CPR; Wide CPR rules not applied,None,0,No active J-Curve setup.
SUNDARAM,EQ,SUNDARAM MULTI PAP LTD,1.37,1.45,1.36,1.4,371181,520496.14,20260306,1.403333333333333,1.405,1.4016666666666666,1.405,1.4016666666666666,0.0033333333333334,0.2380952380952436,Narrow,Bearish,Below CPR,Cash Only,Diversified,False,True,0.2166666666666666,60,513157.045,Higher,True,No setup,False,Neutral,0,Not applicable,No directional setup; confirmation score not applicable.,Narrow CPR,Not applicable,Not applicable,Narrow CPR; Wide CPR rules not applied,None,0,No active J-Curve setup.
UPL,EQ,UPL LIMITED,629.3,635.0,626.2,628.35,3095128,1955262335.7,20260306,629.85,630.6,629.1,630.6,629.1,1.5,0.23872045834328,Narrow,Bearish,Below CPR,Cash Only,Chemicals,False,True,0.4,60,1806009141.925,Higher,False,No setup,True,Neutral,0,Not applicable,No directional setup; confirmation score not applicable.,Narrow CPR,Not applicable,Not applicable,Narrow CPR; Wide CPR rules not applied,None,0,No active J-Curve setup.
SUPRIYA,EQ,SUPRIYA LIFESCIENCE LTD,622.1,638.2,622.1,627.9,59548,37531151.7,20260306,629.4000000000001,630.1500000000001,628.6500000000001,630.1500000000001,628.6500000000001,1.5,0.2388915432393693,Narrow,Bearish,Below CPR,Cash Only,Diversified,False,True,0.2833333333333333,60,82367698.5,Higher,False,No setup,False,Neutral,0,Not applicable,No directional setup; confirmation score not applicable.,Narrow CPR,Not applicable,Not applicable,Narrow CPR; Wide CPR rules not applied,None,0,No active J-Curve setup.
AGIIL,EQ,AGI INFRA LIMITED,314.5,315.95,286.1,299.95,3042431,924849204.7,20260306,300.6666666666667,301.025,300.3083333333334,301.025,300.3083333333334,0.7166666666665833,0.2389287103405845,Narrow,Bearish,Below CPR,Cash Only,Diversified,False,True,0.2,60,228437102.175,Lower,True,Short,False,Short,70,Confirmed,CPR width: Narrow (20/20); Price location: Below CPR (20/20); Trend: unavailable (10/20); Participation: unavailable (10/20); Higher timeframe: unavailable (10/20),Narrow CPR,Not applicable,Not applicable,Narrow CPR; Wide CPR rules not applied,None,0,No active J-Curve setup.
SHEKHAWATI,EQ,SHEKHAWATI INDUSTRIES LTD,12.22,13.1,12.01,12.51,25982,326964.61,20260306,12.54,12.555,12.525,12.555,12.525,0.0300000000000011,0.2398081534772273,Narrow,Bearish,Below CPR,Cash Only,Diversified,False,True,0.1333333333333333,60,453217.1,Higher,True,No setup,False,Neutral,0,Not applicable,No directional setup; confirmation score not applicable.,Narrow CPR,Not applicable,Not applicable,Narrow CPR; Wide CPR rules not applied,None,0,No active J-Curve setup.
CAPLIPOINT,EQ,CAPLIN POINT LAB LTD.,1657.1,1682.2,1635.4,1664.8,83972,139646504.5,20260306,1660.8000000000002,1658.8000000000002,1662.8000000000002,1662.8000000000002,1658.8000000000002,4.0,0.2402691013935608,Narrow,Bullish,Above CPR,Cash Only,Healthcare,True,False,0.4,60,86391697.15,Higher,False,No setup,True,Neutral,0,Not applicable,No directional setup; confirmation score not applicable.,Narrow CPR,Not applicable,Not applicable,Narrow CPR; Wide CPR rules not applied,None,0,No active J-Curve setup.
INDOTECH,EQ,INDO TECH TRANSFORM LTD.,1396.2,1403.0,1365.0,1379.0,18502,25673365.9,20260306,1382.3333333333333,1384.0,1380.6666666666663,1384.0,1380.6666666666663,3.333333333333485,0.241721053903806,Narrow,Bearish,Below CPR,Cash Only,Information Technology,False,True,0.2166666666666666,60,25388073.65,Lower,True,Short,False,Short,70,Confirmed,CPR width: Narrow (20/20); Price location: Below CPR (20/20); Trend: unavailable (10/20); Participation: unavailable (10/20); Higher timeframe: unavailable (10/20),Narrow CPR,Not applicable,Not applicable,Narrow CPR; Wide CPR rules not applied,None,0,No active J-Curve setup.
NHPC,EQ,NHPC LTD,74.0,75.25,73.65,74.18,14268041,1066343161.7,20260306,74.36,74.45,74.27,74.45,74.27,0.1800000000000068,0.2426530062011415,Narrow,Bearish,Below CPR,Cash Only,Power,False,True,0.4166666666666667,60,941029488.295,Higher,False,No setup,True,Neutral,0,Not applicable,No directional setup; confirmation score not applicable.,Narrow CPR,Not applicable,Not applicable,Narrow CPR; Wide CPR rules not applied,None,0,No active J-Curve setup.
FISCHER,EQ,FISCHER MEDICAL VENTURE L,35.28,36.26,35.1,35.55,1045528,37400642.14,20260306,35.63666666666666,35.68,35.59333333333333,35.68,35.59333333333333,0.0866666666666731,0.2437880918893758,Narrow,Bearish,Below CPR,Cash Only,Diversified,False,True,0.1666666666666666,60,45501269.465,Overlapping,True,No setup,False,Neutral,0,Not applicable,No directional setup; confirmation score not applicable.,Narrow CPR,Not applicable,Not applicable,Narrow CPR; Wide CPR rules not applied,None,0,No active J-Curve setup.
COCHINSHIP,EQ,COCHIN SHIPYARD LIMITED,1458.0,1523.8,1445.9,1490.3,3073346,4608303303.8,20260306,1486.6666666666667,1484.85,1488.4833333333336,1488.4833333333336,1484.85,3.633333333333667,0.2437987877161422,Narrow,Bullish,Above CPR,Cash Only,Capital Goods,True,False,0.3166666666666666,60,1051523962.6,Higher,False,No setup,True,Neutral,0,Not applicable,No directional setup; confirmation score not applicable.,Narrow CPR,Not applicable,Not applicable,Narrow CPR; Wide CPR rules not applied,None,0,No active J-Curve setup.
INDIGO,EQ,INTERGLOBE AVIATION LTD,4424.7,4465.0,4375.5,4404.1,1640372,7251193579.0,20260306,4414.866666666667,4420.25,4409.483333333334,4420.25,4409.483333333334,10.766666666666424,0.2444691688805073,Narrow,Bearish,Below CPR,Cash Only,Services,False,True,0.5,60,5763954197.8,Lower,False,No setup,True,Neutral,0,Not applicable,No directional setup; confirmation score not applicable.,Narrow CPR,Not applicable,Not applicable,Narrow CPR; Wide CPR rules not applied,None,0,No active J-Curve setup.
TORNTPHARM,EQ,TORRENT PHARMACEUTICALS L,4353.5,4380.3,4287.0,4317.8,413700,1789638543.2,20260306,4328.366666666666,4333.65,4323.083333333332,4333.65,4323.083333333332,10.566666666667516,0.2447233930860048,Narrow,Bearish,Below CPR,Cash Only,Healthcare,False,True,0.3833333333333333,60,945379965.4,Lower,False,No setup,True,Neutral,0,Not applicable,No directional setup; confirmation score not applicable.,Narrow CPR,Not applicable,Not applicable,Narrow CPR; Wide CPR rules not applied,None,0,No active J-Curve setup.
HEIDELBERG,EQ,HEIDELBERGCEMENT (I) LTD,157.0,157.8,155.01,155.83,61929,9665840.19,20260306,156.21333333333334,156.405,156.02166666666668,156.405,156.02166666666668,0.3833333333333257,0.2459945667286952,Narrow,Bearish,Below CPR,Cash Only,Cement & Building Materials,False,True,0.4333333333333333,60,9720767.175,Lower,False,No setup,False,Neutral,0,Not applicable,No directional setup; confirmation score not applicable.,Narrow CPR,Not applicable,Not applicable,Narrow CPR; Wide CPR rules not applied,None,0,No active J-Curve setup.
INDRAMEDCO,EQ,INDRAPRASTHA MEDICAL CORP,397.05,404.85,396.0,398.95,125190,50091551.65,20260306,399.9333333333333,400.425,399.44166666666666,400.425,399.44166666666666,0.9833333333333484,0.2464803442369591,Narrow,Bearish,Below CPR,Cash Only,Diversified,False,True,0.3166666666666666,60,77190625.05,Higher,False,No setup,False,Neutral,0,Not applicable,No directional setup; confirmation score not applicable.,Narrow CPR,Not applicable,Not applicable,Narrow CPR; Wide CPR rules not applied,None,0,No active J-Curve setup.
PIIND,EQ,PI INDUSTRIES LTD,3055.0,3127.0,3055.0,3079.6,111123,343298791.0,20260306,3087.2000000000003,3091.0,3083.4000000000005,3091.0,3083.4000000000005,7.599999999999454,0.2467852967917734,Narrow,Bearish,Below CPR,Cash Only,Chemicals,False,True,0.4,60,551351258.8,Higher,False,No setup,True,Neutral,0,Not applicable,No directional setup; confirmation score not applicable.,Narrow CPR,Not applicable,Not applicable,Narrow CPR; Wide CPR rules not applied,None,0,No active J-Curve setup.
IREDA,EQ,INDIAN RENEWABLE ENERGY,116.5,120.35,115.08,117.28,12595130,1490426379.27,20260306,117.57,117.715,117.425,117.715,117.425,0.289999999999992,0.2472714870395566,Narrow,Bearish,Below CPR,Cash Only,Financial Services,False,True,0.25,60,1092118156.685,Higher,True,No setup,True,Neutral,0,Not applicable,No directional setup; confirmation score not applicable.,Narrow CPR,Not applicable,Not applicable,Narrow CPR; Wide CPR rules not applied,None,0,No active J-Curve setup.
M&MFIN,EQ,M&M FIN. SERVICES LTD,363.0,368.4,361.3,363.5,1776257,645923797.35,20260306,364.4,364.85,363.9500000000001,364.85,363.9500000000001,0.8999999999999773,0.2475928473177379,Narrow,Bearish,Below CPR,Cash Only,Financial Services,False,True,0.15,60,825275186.975,Lower,True,Short,True,Short,70,Confirmed,CPR width: Narrow (20/20); Price location: Below CPR (20/20); Trend: unavailable (10/20); Participation: unavailable (10/20); Higher timeframe: unavailable (10/20),Narrow CPR,Not applicable,Not applicable,Narrow CPR; Wide CPR rules not applied,None,0,No active J-Curve setup.
SWARAJENG,EQ,SWARAJ ENGINES LTD,3469.9,3533.3,3445.0,3476.2,65897,229082964.5,20260306,3484.833333333333,3489.15,3480.516666666667,3489.15,3480.516666666667,8.633333333333212,0.2483554839575747,Narrow,Bearish,Below CPR,Cash Only,Diversified,False,True,0.4333333333333333,60,30854563.6,Overlapping,False,No setup,False,Neutral,0,Not applicable,No directional setup; confirmation score not applicable.,Narrow CPR,Not applicable,Not applicable,Narrow CPR; Wide CPR rules not applied,None,0,No active J-Curve setup.
GKWLIMITED,EQ,GKW LIMITED,1654.4,1678.0,1654.4,1660.0,6,10002.8,20260306,1664.1333333333332,1666.2,1662.0666666666664,1666.2,1662.0666666666664,4.133333333333667,0.248995983935763,Narrow,Bearish,Below CPR,Cash Only,Diversified,False,True,0.3833333333333333,60,413994.5,Higher,False,No setup,False,Neutral,0,Not applicable,No directional setup; confirmation score not applicable.,Narrow CPR,Not applicable,Not applicable,Narrow CPR; Wide CPR rules not applied,None,0,No active J-Curve setup.
BIL,EQ,BHARTIYA INTERNATIONAL,730.0,747.95,715.2,728.85,1386,1014120.15,20260306,730.6666666666666,731.575,729.7583333333332,731.575,729.7583333333332,1.8166666666668332,0.2492511033363289,Narrow,Bearish,Below CPR,Cash Only,Diversified,False,True,0.2833333333333333,60,2042412.0,Overlapping,False,No setup,False,Neutral,0,Not applicable,No directional setup; confirmation score not applicable.,Narrow CPR,Not applicable,Not applicable,Narrow CPR; Wide CPR rules not applied,None,0,No active J-Curve setup.
HINDCOMPOS,EQ,HINDUSTAN COMPOSITES LTD.,412.2,419.0,412.2,414.05,652,269880.8,20260306,415.0833333333333,415.6,414.5666666666666,415.6,414.5666666666666,1.0333333333334167,0.2495672825343356,Narrow,Bearish,Below CPR,Cash Only,Diversified,False,True,0.2166666666666666,60,1336151.0,Higher,True,No setup,False,Neutral,0,Not applicable,No directional setup; confirmation score not applicable.,Narrow CPR,Not applicable,Not applicable,Narrow CPR; Wide CPR rules not applied,None,0,No active J-Curve setup.
