SYMBOL,SERIES,NAME,OPEN,HIGH,LOW,CLOSE,VOLUME,VALUE,session,Pivot,BC,TC,CPR_Top,CPR_Bottom,CPR_Width,CPR_Width_Pct,CPR_Class,Bias,Price_Position,Segment,Industry,Bullish_CPR,Bearish_CPR,Width_Rank_Pct,History_Days,Value_60d,Overlay,Own_Narrow,Setup,Nifty500,Signal_Direction,Signal_Score,Signal_Grade,Signal_Explanation,Strategy_Type,Strategy_Setup,Strategy_Confirmation,Strategy_Explanation,JCurve_Stage,JCurve_Score,JCurve_Explanation
PILITA,EQ,PIL ITALICA LIFESTYLE LTD,7.47,7.75,7.31,7.53,108247,816950.62,20260325,7.53,7.529999999999999,7.530000000000001,7.530000000000001,7.529999999999999,1.7763568394002505e-15,2.35903962735757e-14,Narrow,Bullish,Inside CPR,Cash Only,Diversified,False,False,0.0166666666666666,60,829882.1599999999,Higher,True,Watch,False,Neutral,0,Not applicable,No directional setup; confirmation score not applicable.,Narrow CPR,Not applicable,Not applicable,Narrow CPR; Wide CPR rules not applied,None,0,No active J-Curve setup.
LGEINDIA,EQ,LG ELECTRONICS INDIA LTD,1498.5,1531.5,1490.0,1510.8,1084726,1640039496.6,20260325,1510.7666666666669,1510.75,1510.7833333333333,1510.7833333333333,1510.75,0.033333333333303,0.0022063365987094,Narrow,Bullish,Above CPR,Cash Only,Consumer Durables,True,False,0.0166666666666666,60,974635294.95,Higher,True,Long,True,Long,70,Confirmed,CPR width: Narrow (20/20); Price location: Above CPR (20/20); Trend: unavailable (10/20); Participation: unavailable (10/20); Higher timeframe: unavailable (10/20),Narrow CPR,Not applicable,Not applicable,Narrow CPR; Wide CPR rules not applied,None,0,No active J-Curve setup.
VMART,EQ,VMART RETAIL LTD,503.0,514.95,494.9,504.95,201739,102920578.2,20260325,504.9333333333333,504.925,504.94166666666666,504.94166666666666,504.925,0.0166666666666515,0.0033006568307063,Narrow,Bullish,Above CPR,Cash Only,Consumer & Retail,True,False,0.0333333333333333,60,70720323.55000001,Higher,True,Long,False,Long,70,Confirmed,CPR width: Narrow (20/20); Price location: Above CPR (20/20); Trend: unavailable (10/20); Participation: unavailable (10/20); Higher timeframe: unavailable (10/20),Narrow CPR,Not applicable,Not applicable,Narrow CPR; Wide CPR rules not applied,None,0,No active J-Curve setup.
FINEORG,EQ,FINE ORGANIC IND. LTD.,4210.0,4272.4,4190.1,4231.5,13349,56460572.6,20260325,4231.333333333333,4231.25,4231.416666666666,4231.416666666666,4231.25,0.1666666666660603,0.0039387136161186,Narrow,Bullish,Above CPR,Cash Only,Specialty Chemicals,True,False,0.0333333333333333,60,49380602.9,Higher,True,Long,False,Long,70,Confirmed,CPR width: Narrow (20/20); Price location: Above CPR (20/20); Trend: unavailable (10/20); Participation: unavailable (10/20); Higher timeframe: unavailable (10/20),Narrow CPR,Not applicable,Not applicable,Narrow CPR; Wide CPR rules not applied,None,0,No active J-Curve setup.
SWSOLAR,EQ,STRLNG & WIL REN ENE LTD,163.9,171.02,163.02,167.03,1912900,321539214.74,20260325,167.02333333333334,167.02,167.02666666666667,167.02666666666667,167.02,0.0066666666666606,0.0039912989682455,Narrow,Bullish,Above CPR,Cash Only,Power & Utilities,True,False,0.0166666666666666,60,288795397.77,Higher,True,Long,False,Long,70,Confirmed,CPR width: Narrow (20/20); Price location: Above CPR (20/20); Trend: unavailable (10/20); Participation: unavailable (10/20); Higher timeframe: unavailable (10/20),Narrow CPR,Not applicable,Not applicable,Narrow CPR; Wide CPR rules not applied,None,0,No active J-Curve setup.
ANANDRATHI,EQ,ANAND RATHI WEALTH LTD,2985.0,3015.0,2970.0,2992.7,105057,314608898.5,20260325,2992.566666666667,2992.5,2992.633333333334,2992.633333333334,2992.5,0.1333333333341215,0.0044552856395269,Narrow,Bullish,Above CPR,Cash Only,Financial Services,True,False,0.0166666666666666,60,559595443.2,Higher,True,Long,True,Long,70,Confirmed,CPR width: Narrow (20/20); Price location: Above CPR (20/20); Trend: unavailable (10/20); Participation: unavailable (10/20); Higher timeframe: unavailable (10/20),Narrow CPR,Not applicable,Not applicable,Narrow CPR; Wide CPR rules not applied,None,0,No active J-Curve setup.
BIRLAMONEY,EQ,ADITYA BIRLA MONEY LTD,107.13,111.97,105.25,108.62,61696,6789806.81,20260325,108.61333333333334,108.61,108.61666666666667,108.61666666666667,108.61,0.006666666666689,0.006137605106508,Narrow,Bullish,Above CPR,Cash Only,Diversified,True,False,0.0333333333333333,60,6650818.505000001,Higher,True,Long,False,Long,70,Confirmed,CPR width: Narrow (20/20); Price location: Above CPR (20/20); Trend: unavailable (10/20); Participation: unavailable (10/20); Higher timeframe: unavailable (10/20),Narrow CPR,Not applicable,Not applicable,Narrow CPR; Wide CPR rules not applied,None,0,No active J-Curve setup.
BLUEDART,EQ,BLUE DART EXPRESS LTD,5029.0,5134.5,4977.5,5056.5,15683,79280378.0,20260325,5056.166666666667,5056.0,5056.333333333334,5056.333333333334,5056.0,0.3333333333339396,0.0065921750881823,Narrow,Bullish,Above CPR,Cash Only,Services,True,False,0.05,60,64673271.0,Higher,True,Long,True,Long,70,Confirmed,CPR width: Narrow (20/20); Price location: Above CPR (20/20); Trend: unavailable (10/20); Participation: unavailable (10/20); Higher timeframe: unavailable (10/20),Narrow CPR,Not applicable,Not applicable,Narrow CPR; Wide CPR rules not applied,None,0,No active J-Curve setup.
HINDALCO,EQ,HINDALCO  INDUSTRIES  LTD,866.0,874.8,862.3,868.65,4491373,3901037097.6,20260325,868.5833333333334,868.55,868.6166666666668,868.6166666666668,868.55,0.0666666666668334,0.0076747443350985,Narrow,Bullish,Above CPR,Cash Only,Metals & Mining,True,False,0.05,60,5293102277.05,Higher,True,Long,True,Long,70,Confirmed,CPR width: Narrow (20/20); Price location: Above CPR (20/20); Trend: unavailable (10/20); Participation: unavailable (10/20); Higher timeframe: unavailable (10/20),Narrow CPR,Not applicable,Not applicable,Narrow CPR; Wide CPR rules not applied,None,0,No active J-Curve setup.
DOLPHIN,EQ,DOLPHIN OFF ENT (IND) L,378.0,431.55,376.05,403.85,486319,200182809.2,20260325,403.81666666666666,403.8,403.8333333333333,403.8333333333333,403.8,0.033333333333303,0.0082538896454879,Narrow,Bullish,Above CPR,Cash Only,Diversified,True,False,0.0166666666666666,60,17763881.325,Higher,True,Long,False,Long,70,Confirmed,CPR width: Narrow (20/20); Price location: Above CPR (20/20); Trend: unavailable (10/20); Participation: unavailable (10/20); Higher timeframe: unavailable (10/20),Narrow CPR,Not applicable,Not applicable,Narrow CPR; Wide CPR rules not applied,None,0,No active J-Curve setup.
SPAL,EQ,S. P. APPARELS LIMITED,710.6,725.5,710.6,718.15,17953,12915593.7,20260325,718.0833333333334,718.05,718.1166666666668,718.1166666666668,718.05,0.0666666666668334,0.0092831116990647,Narrow,Bullish,Above CPR,Cash Only,Diversified,True,False,0.0166666666666666,60,23145542.7,Higher,True,Long,False,Long,70,Confirmed,CPR width: Narrow (20/20); Price location: Above CPR (20/20); Trend: unavailable (10/20); Participation: unavailable (10/20); Higher timeframe: unavailable (10/20),Narrow CPR,Not applicable,Not applicable,Narrow CPR; Wide CPR rules not applied,None,0,No active J-Curve setup.
NATCOPHARM,EQ,NATCO PHARMA LTD.,967.6,987.85,959.25,973.7,690459,674311078.85,20260325,973.6,973.55,973.65,973.65,973.55,0.1000000000001364,0.0102701037280616,Narrow,Bullish,Above CPR,Cash Only,Healthcare,True,False,0.05,60,518465128.625,Higher,True,Long,True,Long,70,Confirmed,CPR width: Narrow (20/20); Price location: Above CPR (20/20); Trend: unavailable (10/20); Participation: unavailable (10/20); Higher timeframe: unavailable (10/20),Narrow CPR,Not applicable,Not applicable,Narrow CPR; Wide CPR rules not applied,None,0,No active J-Curve setup.
TRITURBINE,EQ,TRIVENI TURBINE LIMITED,452.95,456.85,446.3,451.65,272104,123134228.4,20260325,451.6000000000001,451.5750000000001,451.6250000000001,451.6250000000001,451.5750000000001,0.0500000000000682,0.0110705192073659,Narrow,Bullish,Above CPR,Cash Only,Capital Goods,True,False,0.0333333333333333,60,140434921.975,Higher,True,Long,True,Long,70,Confirmed,CPR width: Narrow (20/20); Price location: Above CPR (20/20); Trend: unavailable (10/20); Participation: unavailable (10/20); Higher timeframe: unavailable (10/20),Narrow CPR,Not applicable,Not applicable,Narrow CPR; Wide CPR rules not applied,None,0,No active J-Curve setup.
PFS,EQ,PTC INDIA FIN SERV LTD,27.0,27.99,26.9,27.45,781138,21541849.7,20260325,27.44666666666667,27.445,27.448333333333338,27.448333333333338,27.445,0.0033333333333374,0.0121432908318302,Narrow,Bullish,Above CPR,Cash Only,Diversified,True,False,0.0333333333333333,60,17178431.055,Higher,True,Long,False,Long,70,Confirmed,CPR width: Narrow (20/20); Price location: Above CPR (20/20); Trend: unavailable (10/20); Participation: unavailable (10/20); Higher timeframe: unavailable (10/20),Narrow CPR,Not applicable,Not applicable,Narrow CPR; Wide CPR rules not applied,None,0,No active J-Curve setup.
SANSERA,EQ,SANSERA ENGINEERING LTD,2160.0,2223.2,2142.0,2183.0,225604,495209290.7,20260325,2182.733333333333,2182.6,2182.8666666666663,2182.8666666666663,2182.6,0.2666666666664241,0.0122156054359333,Narrow,Bullish,Above CPR,Cash Only,Auto Ancillary,True,False,0.0333333333333333,60,374350071.35,Higher,True,Long,False,Long,70,Confirmed,CPR width: Narrow (20/20); Price location: Above CPR (20/20); Trend: unavailable (10/20); Participation: unavailable (10/20); Higher timeframe: unavailable (10/20),Narrow CPR,Not applicable,Not applicable,Narrow CPR; Wide CPR rules not applied,None,0,No active J-Curve setup.
SMCGLOBAL,EQ,SMC GLOBAL SECURITIES LTD,64.49,65.09,61.0,63.06,4020317,249567244.45,20260325,63.05,63.045,63.05500000000001,63.05500000000001,63.045,0.0100000000000051,0.0158579130986443,Narrow,Bullish,Above CPR,Cash Only,Diversified,True,False,0.0166666666666666,60,62343674.735,Higher,True,Long,False,Long,70,Confirmed,CPR width: Narrow (20/20); Price location: Above CPR (20/20); Trend: unavailable (10/20); Participation: unavailable (10/20); Higher timeframe: unavailable (10/20),Narrow CPR,Not applicable,Not applicable,Narrow CPR; Wide CPR rules not applied,None,0,No active J-Curve setup.
INDIQUBE,EQ,INDIQUBE SPACES LIMITED,136.5,146.99,136.5,141.78,101503,14487023.19,20260325,141.75666666666666,141.745,141.76833333333332,141.76833333333332,141.745,0.0233333333333121,0.0164574222974411,Narrow,Bullish,Above CPR,Cash Only,Diversified,True,False,0.05,60,7314205.880000001,Higher,True,Long,False,Long,70,Confirmed,CPR width: Narrow (20/20); Price location: Above CPR (20/20); Trend: unavailable (10/20); Participation: unavailable (10/20); Higher timeframe: unavailable (10/20),Narrow CPR,Not applicable,Not applicable,Narrow CPR; Wide CPR rules not applied,None,0,No active J-Curve setup.
EMSLIMITED,EQ,EMS LIMITED,287.45,302.75,285.0,293.95,363909,108170916.6,20260325,293.90000000000003,293.875,293.92500000000007,293.92500000000007,293.875,0.0500000000000682,0.0170096955264732,Narrow,Bullish,Above CPR,Cash Only,Diversified,True,False,0.0166666666666666,60,64277714.375,Higher,True,Long,False,Long,70,Confirmed,CPR width: Narrow (20/20); Price location: Above CPR (20/20); Trend: unavailable (10/20); Participation: unavailable (10/20); Higher timeframe: unavailable (10/20),Narrow CPR,Not applicable,Not applicable,Narrow CPR; Wide CPR rules not applied,None,0,No active J-Curve setup.
EQUITASBNK,EQ,EQUITAS SMALL FIN BNK LTD,56.0,57.85,56.0,56.94,2060648,118200312.84,20260325,56.93,56.925,56.935,56.935,56.925,0.0100000000000051,0.0175623463294786,Narrow,Bullish,Above CPR,Cash Only,Diversified,True,False,0.0166666666666666,60,209133421.25,Higher,True,Long,False,Long,70,Confirmed,CPR width: Narrow (20/20); Price location: Above CPR (20/20); Trend: unavailable (10/20); Participation: unavailable (10/20); Higher timeframe: unavailable (10/20),Narrow CPR,Not applicable,Not applicable,Narrow CPR; Wide CPR rules not applied,None,0,No active J-Curve setup.
CARYSIL,EQ,CARYSIL LIMITED,800.0,847.85,799.35,823.85,106001,87777008.05,20260325,823.6833333333334,823.6,823.7666666666668,823.7666666666668,823.6,0.1666666666667424,0.0202302199024995,Narrow,Bullish,Above CPR,Cash Only,Diversified,True,False,0.0166666666666666,60,54277138.475,Higher,True,Long,False,Long,70,Confirmed,CPR width: Narrow (20/20); Price location: Above CPR (20/20); Trend: unavailable (10/20); Participation: unavailable (10/20); Higher timeframe: unavailable (10/20),Narrow CPR,Not applicable,Not applicable,Narrow CPR; Wide CPR rules not applied,None,0,No active J-Curve setup.
EMAMILTD,EQ,EMAMI LIMITED,408.0,416.9,403.75,410.45,838389,346605608.0,20260325,410.3666666666666,410.325,410.4083333333333,410.4083333333333,410.325,0.0833333333332575,0.0203029195598142,Narrow,Bullish,Above CPR,Cash Only,Fast Moving Consumer Goods,True,False,0.0166666666666666,60,204654589.1,Higher,True,Long,True,Long,70,Confirmed,CPR width: Narrow (20/20); Price location: Above CPR (20/20); Trend: unavailable (10/20); Participation: unavailable (10/20); Higher timeframe: unavailable (10/20),Narrow CPR,Not applicable,Not applicable,Narrow CPR; Wide CPR rules not applied,None,0,No active J-Curve setup.
NTPC,EQ,NTPC LTD,376.0,380.95,375.6,378.4,9266292,3505003263.2,20260325,378.3166666666666,378.275,378.3583333333332,378.3583333333332,378.275,0.0833333333332575,0.0220225510922985,Narrow,Bullish,Above CPR,Cash Only,Power,True,False,0.0333333333333333,60,4074991993.7,Higher,True,Long,True,Long,70,Confirmed,CPR width: Narrow (20/20); Price location: Above CPR (20/20); Trend: unavailable (10/20); Participation: unavailable (10/20); Higher timeframe: unavailable (10/20),Narrow CPR,Not applicable,Not applicable,Narrow CPR; Wide CPR rules not applied,None,0,No active J-Curve setup.
IGIL,EQ,INTERNATIO GEMM INS (I) L,331.5,337.0,327.85,332.55,496975,165124366.45,20260325,332.4666666666667,332.425,332.5083333333334,332.5083333333334,332.425,0.0833333333333712,0.0250588883877225,Narrow,Bullish,Above CPR,Cash Only,Services,True,False,0.0333333333333333,60,166663175.0,Higher,True,Long,True,Long,70,Confirmed,CPR width: Narrow (20/20); Price location: Above CPR (20/20); Trend: unavailable (10/20); Participation: unavailable (10/20); Higher timeframe: unavailable (10/20),Narrow CPR,Not applicable,Not applicable,Narrow CPR; Wide CPR rules not applied,None,0,No active J-Curve setup.
BALAJEE,EQ,SHREE TIRUPATI BALAJEE L,24.53,25.48,24.0,24.75,629164,15724556.05,20260325,24.743333333333336,24.74,24.74666666666667,24.74666666666667,24.74,0.0066666666666677,0.0269360269360311,Narrow,Bullish,Above CPR,Cash Only,Diversified,True,False,0.05,60,1984590.535,Higher,True,Long,False,Long,70,Confirmed,CPR width: Narrow (20/20); Price location: Above CPR (20/20); Trend: unavailable (10/20); Participation: unavailable (10/20); Higher timeframe: unavailable (10/20),Narrow CPR,Not applicable,Not applicable,Narrow CPR; Wide CPR rules not applied,None,0,No active J-Curve setup.
NYKAA,EQ,FSN E COMMERCE VENTURES,240.0,248.0,240.0,244.1,2894582,709710154.3,20260325,244.03333333333333,244.0,244.06666666666663,244.06666666666663,244.0,0.0666666666666628,0.0273112112522174,Narrow,Bullish,Above CPR,Cash Only,Consumer Services,True,False,0.0666666666666666,60,1062951663.68,Higher,True,Long,True,Long,70,Confirmed,CPR width: Narrow (20/20); Price location: Above CPR (20/20); Trend: unavailable (10/20); Participation: unavailable (10/20); Higher timeframe: unavailable (10/20),Narrow CPR,Not applicable,Not applicable,Narrow CPR; Wide CPR rules not applied,None,0,No active J-Curve setup.
GMMPFAUDLR,EQ,GMM PFAUDLER LIMITED,838.0,866.0,836.8,851.75,163676,140438102.4,20260325,851.5166666666668,851.4,851.6333333333336,851.6333333333336,851.4,0.2333333333335758,0.0273945797867421,Narrow,Bullish,Above CPR,Cash Only,Diversified,True,False,0.0166666666666666,60,69463021.5,Higher,True,Long,False,Long,70,Confirmed,CPR width: Narrow (20/20); Price location: Above CPR (20/20); Trend: unavailable (10/20); Participation: unavailable (10/20); Higher timeframe: unavailable (10/20),Narrow CPR,Not applicable,Not applicable,Narrow CPR; Wide CPR rules not applied,None,0,No active J-Curve setup.
KOTARISUG,EQ,KOTHARI SUG & CHEM LTD.,24.15,24.3,23.36,23.84,68666,1639812.66,20260325,23.83333333333333,23.83,23.836666666666662,23.836666666666662,23.83,0.0066666666666677,0.0279642058165591,Narrow,Bullish,Above CPR,Cash Only,Diversified,True,False,0.0333333333333333,60,919523.92,Higher,True,Long,False,Long,70,Confirmed,CPR width: Narrow (20/20); Price location: Above CPR (20/20); Trend: unavailable (10/20); Participation: unavailable (10/20); Higher timeframe: unavailable (10/20),Narrow CPR,Not applicable,Not applicable,Narrow CPR; Wide CPR rules not applied,None,0,No active J-Curve setup.
DGCONTENT,EQ,DIGICONTENT LIMITED,24.0,24.0,23.0,23.51,7625,180420.45,20260325,23.50333333333333,23.5,23.506666666666668,23.506666666666668,23.5,0.0066666666666677,0.0283567276336355,Narrow,Bullish,Above CPR,Cash Only,Diversified,True,False,0.0333333333333333,60,323206.335,Higher,True,Long,False,Long,70,Confirmed,CPR width: Narrow (20/20); Price location: Above CPR (20/20); Trend: unavailable (10/20); Participation: unavailable (10/20); Higher timeframe: unavailable (10/20),Narrow CPR,Not applicable,Not applicable,Narrow CPR; Wide CPR rules not applied,None,0,No active J-Curve setup.
SHILPAMED,EQ,SHILPA MEDICARE LTD,338.0,352.65,337.65,345.3,1046466,362096892.1,20260325,345.2,345.15,345.25,345.25,345.15,0.1000000000000227,0.0289603243556393,Narrow,Bullish,Above CPR,Cash Only,Diversified,True,False,0.0333333333333333,60,76570480.07499999,Higher,True,Long,False,Long,70,Confirmed,CPR width: Narrow (20/20); Price location: Above CPR (20/20); Trend: unavailable (10/20); Participation: unavailable (10/20); Higher timeframe: unavailable (10/20),Narrow CPR,Not applicable,Not applicable,Narrow CPR; Wide CPR rules not applied,None,0,No active J-Curve setup.
APEX,EQ,APEX FROZEN FOODS LIMITED,395.0,405.0,387.15,396.25,872056,345772114.8,20260325,396.1333333333334,396.075,396.1916666666668,396.1916666666668,396.075,0.1166666666667879,0.0294426919032903,Narrow,Bullish,Above CPR,Cash Only,Diversified,True,False,0.0333333333333333,60,266208288.2,Higher,True,Long,False,Long,70,Confirmed,CPR width: Narrow (20/20); Price location: Above CPR (20/20); Trend: unavailable (10/20); Participation: unavailable (10/20); Higher timeframe: unavailable (10/20),Narrow CPR,Not applicable,Not applicable,Narrow CPR; Wide CPR rules not applied,None,0,No active J-Curve setup.
GRPLTD,EQ,GRP LIMITED,1863.0,1863.0,1752.2,1808.4,1389,2517803.2,20260325,1807.8666666666668,1807.6,1808.1333333333337,1808.1333333333337,1807.6,0.5333333333337578,0.0294920002949434,Narrow,Bullish,Above CPR,Cash Only,Diversified,True,False,0.0333333333333333,60,3674441.55,Higher,True,Long,False,Long,70,Confirmed,CPR width: Narrow (20/20); Price location: Above CPR (20/20); Trend: unavailable (10/20); Participation: unavailable (10/20); Higher timeframe: unavailable (10/20),Narrow CPR,Not applicable,Not applicable,Narrow CPR; Wide CPR rules not applied,None,0,No active J-Curve setup.
BHARATFORG,EQ,BHARAT FORGE LTD,1738.5,1751.4,1720.0,1736.5,1733055,3006911408.8,20260325,1735.9666666666665,1735.7,1736.233333333333,1736.233333333333,1735.7,0.5333333333328483,0.0307131202610335,Narrow,Bullish,Above CPR,Cash Only,Automobile and Auto Components,True,False,0.0333333333333333,60,1988462963.2,Higher,True,Long,True,Long,70,Confirmed,CPR width: Narrow (20/20); Price location: Above CPR (20/20); Trend: unavailable (10/20); Participation: unavailable (10/20); Higher timeframe: unavailable (10/20),Narrow CPR,Not applicable,Not applicable,Narrow CPR; Wide CPR rules not applied,None,0,No active J-Curve setup.
GENUSPAPER,EQ,GENUS P&B LIMITED,10.26,10.7,10.21,10.46,171653,1811546.69,20260325,10.456666666666669,10.455,10.458333333333334,10.458333333333334,10.455,0.0033333333333338,0.0318674314850272,Narrow,Bullish,Above CPR,Cash Only,Paper & Packaging,True,False,0.0333333333333333,60,986830.76,Higher,True,Long,False,Long,70,Confirmed,CPR width: Narrow (20/20); Price location: Above CPR (20/20); Trend: unavailable (10/20); Participation: unavailable (10/20); Higher timeframe: unavailable (10/20),Narrow CPR,Not applicable,Not applicable,Narrow CPR; Wide CPR rules not applied,None,0,No active J-Curve setup.
JUNIPER,EQ,JUNIPER HOTELS LIMITED,203.96,211.0,200.51,205.87,145566,30098853.18,20260325,205.7933333333333,205.755,205.83166666666665,205.83166666666665,205.755,0.0766666666666537,0.0372403296578684,Narrow,Bullish,Above CPR,Cash Only,Diversified,True,False,0.05,60,28015679.44,Higher,True,Long,False,Long,70,Confirmed,CPR width: Narrow (20/20); Price location: Above CPR (20/20); Trend: unavailable (10/20); Participation: unavailable (10/20); Higher timeframe: unavailable (10/20),Narrow CPR,Not applicable,Not applicable,Narrow CPR; Wide CPR rules not applied,None,0,No active J-Curve setup.
EICHERMOT,EQ,EICHER MOTORS LTD,6988.0,7073.0,6904.0,6992.5,490390,3442024442.0,20260325,6989.833333333333,6988.5,6991.166666666666,6991.166666666666,6988.5,2.6666666666660603,0.0381360982004441,Narrow,Bullish,Above CPR,Cash Only,Automobile and Auto Components,True,False,0.05,60,3419308471.25,Higher,True,Long,True,Long,70,Confirmed,CPR width: Narrow (20/20); Price location: Above CPR (20/20); Trend: unavailable (10/20); Participation: unavailable (10/20); Higher timeframe: unavailable (10/20),Narrow CPR,Not applicable,Not applicable,Narrow CPR; Wide CPR rules not applied,None,0,No active J-Curve setup.
JINDALSTEL,EQ,JINDAL STEEL LIMITED,1132.2,1154.0,1130.5,1143.0,1230757,1405562140.4,20260325,1142.5,1142.25,1142.75,1142.75,1142.25,0.5,0.0437445319335083,Narrow,Bullish,Above CPR,Cash Only,Metals & Mining,True,False,0.0833333333333333,60,1513882365.25,Higher,True,Long,True,Long,70,Confirmed,CPR width: Narrow (20/20); Price location: Above CPR (20/20); Trend: unavailable (10/20); Participation: unavailable (10/20); Higher timeframe: unavailable (10/20),Narrow CPR,Not applicable,Not applicable,Narrow CPR; Wide CPR rules not applied,None,0,No active J-Curve setup.
SANSTAR,EQ,SANSTAR LIMITED,80.83,83.5,80.83,82.22,253277,20834364.95,20260325,82.18333333333332,82.16499999999999,82.20166666666665,82.20166666666665,82.16499999999999,0.0366666666666617,0.0445957998864774,Narrow,Bullish,Above CPR,Cash Only,Diversified,True,False,0.0666666666666666,60,14154837.55,Higher,True,Long,False,Long,70,Confirmed,CPR width: Narrow (20/20); Price location: Above CPR (20/20); Trend: unavailable (10/20); Participation: unavailable (10/20); Higher timeframe: unavailable (10/20),Narrow CPR,Not applicable,Not applicable,Narrow CPR; Wide CPR rules not applied,None,0,No active J-Curve setup.
GODIGIT,EQ,GO DIGIT GENERAL INS LTD,322.75,327.0,322.45,324.95,184587,59986227.95,20260325,324.8,324.725,324.875,324.875,324.725,0.1499999999999772,0.0461609478381219,Narrow,Bullish,Above CPR,Cash Only,Financial Services,True,False,0.1166666666666666,60,72886813.075,Higher,True,Long,True,Long,70,Confirmed,CPR width: Narrow (20/20); Price location: Above CPR (20/20); Trend: unavailable (10/20); Participation: unavailable (10/20); Higher timeframe: unavailable (10/20),Narrow CPR,Not applicable,Not applicable,Narrow CPR; Wide CPR rules not applied,None,0,No active J-Curve setup.
LUPIN,EQ,LUPIN LIMITED,2338.7,2360.7,2331.2,2347.6,1159296,2722668461.8,20260325,2346.5,2345.95,2347.05,2347.05,2345.95,1.1000000000003638,0.0468563639461732,Narrow,Bullish,Above CPR,Cash Only,Healthcare,True,False,0.0833333333333333,60,1950284016.05,Higher,True,Long,True,Long,70,Confirmed,CPR width: Narrow (20/20); Price location: Above CPR (20/20); Trend: unavailable (10/20); Participation: unavailable (10/20); Higher timeframe: unavailable (10/20),Narrow CPR,Not applicable,Not applicable,Narrow CPR; Wide CPR rules not applied,None,0,No active J-Curve setup.
MAHABANK,EQ,BANK OF MAHARASHTRA,64.05,66.89,64.02,65.51,18424709,1215423450.6,20260325,65.47333333333334,65.455,65.49166666666669,65.49166666666669,65.455,0.0366666666666901,0.0559710985600521,Narrow,Bullish,Above CPR,Cash Only,Financial Services,True,False,0.05,60,1302046238.77,Higher,True,Long,True,Long,70,Confirmed,CPR width: Narrow (20/20); Price location: Above CPR (20/20); Trend: unavailable (10/20); Participation: unavailable (10/20); Higher timeframe: unavailable (10/20),Narrow CPR,Not applicable,Not applicable,Narrow CPR; Wide CPR rules not applied,None,0,No active J-Curve setup.
SANGAMIND,EQ,SANGAM (INDIA) LTD,425.8,433.45,425.6,429.9,8281,3560612.6,20260325,429.6499999999999,429.525,429.7749999999999,429.7749999999999,429.525,0.2499999999998863,0.0581530588508691,Narrow,Bullish,Above CPR,Cash Only,Diversified,True,False,0.05,60,7056275.85,Higher,True,Long,False,Long,70,Confirmed,CPR width: Narrow (20/20); Price location: Above CPR (20/20); Trend: unavailable (10/20); Participation: unavailable (10/20); Higher timeframe: unavailable (10/20),Narrow CPR,Not applicable,Not applicable,Narrow CPR; Wide CPR rules not applied,None,0,No active J-Curve setup.
SHRIRAMPPS,EQ,SHRIRAM PROPERTIES LTD,66.75,69.59,66.75,68.23,2056665,141355850.35,20260325,68.19,68.17,68.21,68.21,68.17,0.039999999999992,0.0586252381650183,Narrow,Bullish,Above CPR,Cash Only,Diversified,True,False,0.05,60,32222473.775,Higher,True,Long,False,Long,70,Confirmed,CPR width: Narrow (20/20); Price location: Above CPR (20/20); Trend: unavailable (10/20); Participation: unavailable (10/20); Higher timeframe: unavailable (10/20),Narrow CPR,Not applicable,Not applicable,Narrow CPR; Wide CPR rules not applied,None,0,No active J-Curve setup.
LOTUSDEV,EQ,SRI LOTUS DEVLPRS N RTY L,110.6,115.9,110.6,113.35,2019054,230515009.03,20260325,113.28333333333336,113.25,113.31666666666668,113.31666666666668,113.25,0.0666666666666913,0.0588148801647034,Narrow,Bullish,Above CPR,Cash Only,Diversified,True,False,0.0833333333333333,60,161160919.715,Higher,True,Long,False,Long,70,Confirmed,CPR width: Narrow (20/20); Price location: Above CPR (20/20); Trend: unavailable (10/20); Participation: unavailable (10/20); Higher timeframe: unavailable (10/20),Narrow CPR,Not applicable,Not applicable,Narrow CPR; Wide CPR rules not applied,None,0,No active J-Curve setup.
SUNTECK,EQ,SUNTECK REALTY LIMITED,302.95,310.45,295.9,303.45,234775,71553140.5,20260325,303.26666666666665,303.17499999999995,303.3583333333333,303.3583333333333,303.17499999999995,0.1833333333333939,0.0604163233921219,Narrow,Bullish,Above CPR,Cash Only,Real Estate,True,False,0.0833333333333333,60,63444028.875,Higher,True,Long,False,Long,70,Confirmed,CPR width: Narrow (20/20); Price location: Above CPR (20/20); Trend: unavailable (10/20); Participation: unavailable (10/20); Higher timeframe: unavailable (10/20),Narrow CPR,Not applicable,Not applicable,Narrow CPR; Wide CPR rules not applied,None,0,No active J-Curve setup.
HINDCOMPOS,EQ,HINDUSTAN COMPOSITES LTD.,371.9,379.9,371.9,376.25,4219,1589937.5,20260325,376.01666666666665,375.9,376.1333333333333,376.1333333333333,375.9,0.2333333333333485,0.062015503875973,Narrow,Bullish,Above CPR,Cash Only,Diversified,True,False,0.0833333333333333,60,1338409.3,Inside,True,No setup,False,Neutral,0,Not applicable,No directional setup; confirmation score not applicable.,Narrow CPR,Not applicable,Not applicable,Narrow CPR; Wide CPR rules not applied,None,0,No active J-Curve setup.
MOREPENLAB,EQ,MOREPEN LAB. LTD,36.85,37.88,35.99,36.97,3157818,117794349.11,20260325,36.946666666666665,36.935,36.95833333333333,36.95833333333333,36.935,0.0233333333333263,0.0631142367685321,Narrow,Bullish,Above CPR,Cash Only,Healthcare & Pharma,True,False,0.0666666666666666,60,80184929.265,Higher,True,Long,False,Long,70,Confirmed,CPR width: Narrow (20/20); Price location: Above CPR (20/20); Trend: unavailable (10/20); Participation: unavailable (10/20); Higher timeframe: unavailable (10/20),Narrow CPR,Not applicable,Not applicable,Narrow CPR; Wide CPR rules not applied,None,0,No active J-Curve setup.
KSB,EQ,KSB LIMITED,800.0,824.0,798.45,812.0,401500,326513398.2,20260325,811.4833333333332,811.225,811.7416666666664,811.7416666666664,811.225,0.5166666666664241,0.0636288998357665,Narrow,Bullish,Above CPR,Cash Only,Diversified,True,False,0.1,60,69454606.6,Higher,True,Long,False,Long,70,Confirmed,CPR width: Narrow (20/20); Price location: Above CPR (20/20); Trend: unavailable (10/20); Participation: unavailable (10/20); Higher timeframe: unavailable (10/20),Narrow CPR,Not applicable,Not applicable,Narrow CPR; Wide CPR rules not applied,None,0,No active J-Curve setup.
BFINVEST,EQ,BF INVESTMENT LIMITED,354.0,369.5,354.0,362.1,26824,9765490.95,20260325,361.8666666666666,361.75,361.9833333333332,361.9833333333332,361.75,0.2333333333332348,0.0644389211083222,Narrow,Bullish,Above CPR,Cash Only,Diversified,True,False,0.0833333333333333,60,6298803.225,Higher,True,Long,False,Long,70,Confirmed,CPR width: Narrow (20/20); Price location: Above CPR (20/20); Trend: unavailable (10/20); Participation: unavailable (10/20); Higher timeframe: unavailable (10/20),Narrow CPR,Not applicable,Not applicable,Narrow CPR; Wide CPR rules not applied,None,0,No active J-Curve setup.
REPL,EQ,RUDRABHISHEK ENTERP LTD,67.0,67.0,65.01,66.07,48658,3213014.54,20260325,66.02666666666666,66.005,66.04833333333332,66.04833333333332,66.005,0.0433333333333223,0.0655870036829458,Narrow,Bullish,Above CPR,Cash Only,Diversified,True,False,0.0333333333333333,60,1314243.755,Inside,True,No setup,False,Neutral,0,Not applicable,No directional setup; confirmation score not applicable.,Narrow CPR,Not applicable,Not applicable,Narrow CPR; Wide CPR rules not applied,None,0,No active J-Curve setup.
IRCTC,EQ,INDIAN RAIL TOUR CORP LTD,518.0,530.4,516.05,523.75,1506234,792755800.95,20260325,523.4,523.2249999999999,523.575,523.575,523.2249999999999,0.3500000000001364,0.0668257756563506,Narrow,Bullish,Above CPR,Cash Only,Consumer Services,True,False,0.0333333333333333,60,1035464734.925,Higher,True,Long,True,Long,70,Confirmed,CPR width: Narrow (20/20); Price location: Above CPR (20/20); Trend: unavailable (10/20); Participation: unavailable (10/20); Higher timeframe: unavailable (10/20),Narrow CPR,Not applicable,Not applicable,Narrow CPR; Wide CPR rules not applied,None,0,No active J-Curve setup.
PATELENG,EQ,PATEL ENGINEERING LTD.,24.1,25.35,24.1,24.75,8940457,223589939.94,20260325,24.73333333333333,24.725,24.741666666666667,24.741666666666667,24.725,0.0166666666666657,0.0673400673400635,Narrow,Bullish,Above CPR,Cash Only,Diversified,True,False,0.0166666666666666,60,160010701.415,Higher,True,Long,False,Long,70,Confirmed,CPR width: Narrow (20/20); Price location: Above CPR (20/20); Trend: unavailable (10/20); Participation: unavailable (10/20); Higher timeframe: unavailable (10/20),Narrow CPR,Not applicable,Not applicable,Narrow CPR; Wide CPR rules not applied,None,0,No active J-Curve setup.
HDFCBANK,EQ,HDFC BANK LTD,768.2,794.8,768.2,782.3,59230640,46508923123.65,20260325,781.7666666666668,781.5,782.0333333333335,782.0333333333335,781.5,0.5333333333335304,0.0681750394137198,Narrow,Bullish,Above CPR,Cash Only,Financial Services,True,False,0.1333333333333333,60,30542548734.225,Higher,True,Long,True,Long,70,Confirmed,CPR width: Narrow (20/20); Price location: Above CPR (20/20); Trend: unavailable (10/20); Participation: unavailable (10/20); Higher timeframe: unavailable (10/20),Narrow CPR,Not applicable,Not applicable,Narrow CPR; Wide CPR rules not applied,None,0,No active J-Curve setup.
DLF,EQ,DLF LIMITED,526.9,541.85,525.75,534.35,5993288,3211464083.6,20260325,533.9833333333332,533.8,534.1666666666665,534.1666666666665,533.8,0.3666666666665605,0.0686191946601591,Narrow,Bullish,Above CPR,Cash Only,Realty,True,False,0.0666666666666666,60,2463754615.3,Higher,True,Long,True,Long,70,Confirmed,CPR width: Narrow (20/20); Price location: Above CPR (20/20); Trend: unavailable (10/20); Participation: unavailable (10/20); Higher timeframe: unavailable (10/20),Narrow CPR,Not applicable,Not applicable,Narrow CPR; Wide CPR rules not applied,None,0,No active J-Curve setup.
ONESOURCE,EQ,ONESOURCE SPECL PHARMA L,1310.0,1434.4,1231.0,1334.1,1325898,1712748925.8,20260325,1333.1666666666667,1332.7,1333.6333333333334,1333.6333333333334,1332.7,0.933333333333394,0.0699597731304545,Narrow,Bullish,Above CPR,Cash Only,Healthcare,True,False,0.0666666666666666,60,294205718.95,Inside,True,No setup,True,Neutral,0,Not applicable,No directional setup; confirmation score not applicable.,Narrow CPR,Not applicable,Not applicable,Narrow CPR; Wide CPR rules not applied,None,0,No active J-Curve setup.
ORIENTCEM,EQ,ORIENT CEMENT LTD.,129.75,133.63,129.39,131.65,472336,62381301.76,20260325,131.55666666666664,131.51,131.6033333333333,131.6033333333333,131.51,0.0933333333333052,0.0708950500063086,Narrow,Bullish,Above CPR,Cash Only,Diversified,True,False,0.1166666666666666,60,63089799.66,Higher,True,Long,False,Long,70,Confirmed,CPR width: Narrow (20/20); Price location: Above CPR (20/20); Trend: unavailable (10/20); Participation: unavailable (10/20); Higher timeframe: unavailable (10/20),Narrow CPR,Not applicable,Not applicable,Narrow CPR; Wide CPR rules not applied,None,0,No active J-Curve setup.
KICL,EQ,KALYANI INVEST CO LTD,4319.5,4429.0,4317.5,4378.0,3154,13804994.5,20260325,4374.833333333333,4373.25,4376.416666666666,4376.416666666666,4373.25,3.1666666666660603,0.072331353738375,Narrow,Bullish,Above CPR,Cash Only,Diversified,True,False,0.1666666666666666,60,8540961.05,Higher,True,Long,False,Long,70,Confirmed,CPR width: Narrow (20/20); Price location: Above CPR (20/20); Trend: unavailable (10/20); Participation: unavailable (10/20); Higher timeframe: unavailable (10/20),Narrow CPR,Not applicable,Not applicable,Narrow CPR; Wide CPR rules not applied,None,0,No active J-Curve setup.
ITC,EQ,ITC LTD,292.7,298.5,292.25,295.7,26184716,7761778320.6,20260325,295.4833333333333,295.375,295.5916666666667,295.5916666666667,295.375,0.2166666666666969,0.0732724608274254,Narrow,Bullish,Above CPR,Cash Only,Fast Moving Consumer Goods,True,False,0.1,60,6521711855.025,Higher,True,Long,True,Long,70,Confirmed,CPR width: Narrow (20/20); Price location: Above CPR (20/20); Trend: unavailable (10/20); Participation: unavailable (10/20); Higher timeframe: unavailable (10/20),Narrow CPR,Not applicable,Not applicable,Narrow CPR; Wide CPR rules not applied,None,0,No active J-Curve setup.
HCLTECH,EQ,HCL TECHNOLOGIES LTD,1348.0,1411.4,1348.0,1381.3,4167275,5766802478.8,20260325,1380.2333333333331,1379.7,1380.7666666666669,1380.7666666666669,1379.7,1.066666666666606,0.0772219406838924,Narrow,Bullish,Above CPR,Cash Only,Information Technology,True,False,0.1333333333333333,60,3974366004.85,Higher,True,Long,True,Long,70,Confirmed,CPR width: Narrow (20/20); Price location: Above CPR (20/20); Trend: unavailable (10/20); Participation: unavailable (10/20); Higher timeframe: unavailable (10/20),Narrow CPR,Not applicable,Not applicable,Narrow CPR; Wide CPR rules not applied,None,0,No active J-Curve setup.
IRCON,EQ,IRCON INTERNATIONAL LTD,120.0,127.35,120.0,123.82,9955711,1239132398.96,20260325,123.72333333333331,123.675,123.77166666666665,123.77166666666665,123.675,0.0966666666666355,0.0780703171269872,Narrow,Bullish,Above CPR,Cash Only,Construction,True,False,0.0166666666666666,60,454201759.725,Higher,True,Long,True,Long,70,Confirmed,CPR width: Narrow (20/20); Price location: Above CPR (20/20); Trend: unavailable (10/20); Participation: unavailable (10/20); Higher timeframe: unavailable (10/20),Narrow CPR,Not applicable,Not applicable,Narrow CPR; Wide CPR rules not applied,None,0,No active J-Curve setup.
MASTEK,EQ,MASTEK LTD,1460.0,1463.8,1433.0,1450.1,83464,121196786.3,20260325,1448.9666666666665,1448.4,1449.5333333333328,1449.5333333333328,1448.4,1.133333333332757,0.0781555295036726,Narrow,Bullish,Above CPR,Cash Only,Information Technology,True,False,0.0833333333333333,60,164081180.55,Higher,True,Long,False,Long,70,Confirmed,CPR width: Narrow (20/20); Price location: Above CPR (20/20); Trend: unavailable (10/20); Participation: unavailable (10/20); Higher timeframe: unavailable (10/20),Narrow CPR,Not applicable,Not applicable,Narrow CPR; Wide CPR rules not applied,None,0,No active J-Curve setup.
GINNIFILA,EQ,GINNI FILAMENTS LTD,36.85,38.0,36.11,37.1,81367,3023141.12,20260325,37.07,37.055,37.085,37.085,37.055,0.0300000000000011,0.0808625336927254,Narrow,Bullish,Above CPR,Cash Only,Diversified,True,False,0.05,60,2719255.495,Higher,True,Long,False,Long,70,Confirmed,CPR width: Narrow (20/20); Price location: Above CPR (20/20); Trend: unavailable (10/20); Participation: unavailable (10/20); Higher timeframe: unavailable (10/20),Narrow CPR,Not applicable,Not applicable,Narrow CPR; Wide CPR rules not applied,None,0,No active J-Curve setup.
WCIL,EQ,WESTERN CARRIERS (IND) L,85.85,91.65,85.85,88.86,278422,24887757.43,20260325,88.78666666666668,88.75,88.82333333333335,88.82333333333335,88.75,0.0733333333333519,0.0825268212169163,Narrow,Bullish,Above CPR,Cash Only,Diversified,True,False,0.1,60,14917446.83,Higher,True,Long,False,Long,70,Confirmed,CPR width: Narrow (20/20); Price location: Above CPR (20/20); Trend: unavailable (10/20); Participation: unavailable (10/20); Higher timeframe: unavailable (10/20),Narrow CPR,Not applicable,Not applicable,Narrow CPR; Wide CPR rules not applied,None,0,No active J-Curve setup.
IOC,EQ,INDIAN OIL CORP LTD,141.32,141.69,139.0,140.52,22848464,3203206075.47,20260325,140.40333333333334,140.345,140.46166666666667,140.46166666666667,140.345,0.1166666666666742,0.0830249549293155,Narrow,Bullish,Above CPR,Cash Only,Oil Gas & Consumable Fuels,True,False,0.1166666666666666,60,2425505409.655,Higher,True,Long,True,Long,70,Confirmed,CPR width: Narrow (20/20); Price location: Above CPR (20/20); Trend: unavailable (10/20); Participation: unavailable (10/20); Higher timeframe: unavailable (10/20),Narrow CPR,Not applicable,Not applicable,Narrow CPR; Wide CPR rules not applied,None,0,No active J-Curve setup.
MAHLIFE,EQ,MAHINDRA LIFESPACE DEVLTD,333.25,343.55,330.2,337.3,128842,43595408.15,20260325,337.01666666666665,336.875,337.1583333333333,337.1583333333333,336.875,0.283333333333303,0.0840003952959688,Narrow,Bullish,Above CPR,Cash Only,Diversified,True,False,0.1,60,37253764.8,Higher,True,Long,False,Long,70,Confirmed,CPR width: Narrow (20/20); Price location: Above CPR (20/20); Trend: unavailable (10/20); Participation: unavailable (10/20); Higher timeframe: unavailable (10/20),Narrow CPR,Not applicable,Not applicable,Narrow CPR; Wide CPR rules not applied,None,0,No active J-Curve setup.
BANKINDIA,EQ,BANK OF INDIA,148.0,150.8,147.81,149.5,8785495,1316246141.7,20260325,149.37,149.305,149.435,149.435,149.305,0.1299999999999954,0.0869565217391274,Narrow,Bullish,Above CPR,Cash Only,Financial Services,True,False,0.0833333333333333,60,1509369463.5349998,Higher,True,Long,True,Long,70,Confirmed,CPR width: Narrow (20/20); Price location: Above CPR (20/20); Trend: unavailable (10/20); Participation: unavailable (10/20); Higher timeframe: unavailable (10/20),Narrow CPR,Not applicable,Not applicable,Narrow CPR; Wide CPR rules not applied,None,0,No active J-Curve setup.
OSWALSEEDS,EQ,SHREEOSWAL S AND CHE LTD,11.57,11.57,11.0,11.3,58676,664068.81,20260325,11.29,11.285,11.295000000000002,11.295000000000002,11.285,0.0100000000000015,0.0884955752212527,Narrow,Bullish,Above CPR,Cash Only,Diversified,True,False,0.05,60,457861.21,Lower,True,No setup,False,Neutral,0,Not applicable,No directional setup; confirmation score not applicable.,Narrow CPR,Not applicable,Not applicable,Narrow CPR; Wide CPR rules not applied,None,0,No active J-Curve setup.
GAEL,EQ,GUJARAT AMBUJA EXPORTS LT,129.1,134.01,129.1,131.73,333903,44138088.96,20260325,131.61333333333334,131.555,131.67166666666668,131.67166666666668,131.555,0.1166666666666742,0.088564994053499,Narrow,Bullish,Above CPR,Cash Only,Diversified,True,False,0.2166666666666666,60,111967919.87,Higher,True,Long,False,Long,70,Confirmed,CPR width: Narrow (20/20); Price location: Above CPR (20/20); Trend: unavailable (10/20); Participation: unavailable (10/20); Higher timeframe: unavailable (10/20),Narrow CPR,Not applicable,Not applicable,Narrow CPR; Wide CPR rules not applied,None,0,No active J-Curve setup.
NCLIND,EQ,NCL INDUSTRIES LIMITED,161.33,167.81,161.33,164.79,195444,32255766.43,20260325,164.64333333333332,164.57,164.71666666666664,164.71666666666664,164.57,0.1466666666666469,0.0890021643708034,Narrow,Bullish,Above CPR,Cash Only,Diversified,True,False,0.0666666666666666,60,10382132.295,Higher,True,Long,False,Long,70,Confirmed,CPR width: Narrow (20/20); Price location: Above CPR (20/20); Trend: unavailable (10/20); Participation: unavailable (10/20); Higher timeframe: unavailable (10/20),Narrow CPR,Not applicable,Not applicable,Narrow CPR; Wide CPR rules not applied,None,0,No active J-Curve setup.
WOCKPHARMA,EQ,WOCKHARDT LIMITED,1155.9,1246.5,1144.7,1197.2,2216107,2694244398.9,20260325,1196.1333333333332,1195.6,1196.6666666666663,1196.6666666666663,1195.6,1.066666666666606,0.0890967813787676,Narrow,Bullish,Above CPR,Cash Only,Healthcare,True,False,0.0833333333333333,60,564783492.55,Higher,True,Long,True,Long,70,Confirmed,CPR width: Narrow (20/20); Price location: Above CPR (20/20); Trend: unavailable (10/20); Participation: unavailable (10/20); Higher timeframe: unavailable (10/20),Narrow CPR,Not applicable,Not applicable,Narrow CPR; Wide CPR rules not applied,None,0,No active J-Curve setup.
AUROPHARMA,EQ,AUROBINDO PHARMA LTD,1290.4,1330.0,1282.1,1307.8,1891714,2484718511.9,20260325,1306.6333333333332,1306.05,1307.2166666666665,1307.2166666666665,1306.05,1.166666666666515,0.089208339705346,Narrow,Bullish,Above CPR,Cash Only,Healthcare,True,False,0.1,60,1254073380.9499998,Higher,True,Long,True,Long,70,Confirmed,CPR width: Narrow (20/20); Price location: Above CPR (20/20); Trend: unavailable (10/20); Participation: unavailable (10/20); Higher timeframe: unavailable (10/20),Narrow CPR,Not applicable,Not applicable,Narrow CPR; Wide CPR rules not applied,None,0,No active J-Curve setup.
MAPMYINDIA,EQ,C.E. INFO SYSTEMS LIMITED,880.1,900.3,879.7,891.2,173830,154682411.9,20260325,890.4,890.0,890.8,890.8,890.0,0.7999999999999545,0.089766606822257,Narrow,Bullish,Above CPR,Cash Only,Information Technology,True,False,0.0333333333333333,60,129453390.05,Higher,True,Long,True,Long,70,Confirmed,CPR width: Narrow (20/20); Price location: Above CPR (20/20); Trend: unavailable (10/20); Participation: unavailable (10/20); Higher timeframe: unavailable (10/20),Narrow CPR,Not applicable,Not applicable,Narrow CPR; Wide CPR rules not applied,None,0,No active J-Curve setup.
AMJLAND,EQ,AMJ LAND HOLDINGS LIMITED,37.01,37.94,35.5,36.77,33778,1251537.91,20260325,36.73666666666667,36.72,36.75333333333335,36.75333333333335,36.72,0.0333333333333456,0.0906536125464934,Narrow,Bullish,Above CPR,Cash Only,Diversified,True,False,0.1,60,1021971.41,Inside,True,No setup,False,Neutral,0,Not applicable,No directional setup; confirmation score not applicable.,Narrow CPR,Not applicable,Not applicable,Narrow CPR; Wide CPR rules not applied,None,0,No active J-Curve setup.
BHARATGEAR,EQ,BHARAT GEARS LTD.,96.5,96.55,94.6,95.71,20943,2004893.06,20260325,95.62,95.575,95.665,95.665,95.575,0.0900000000000034,0.0940340612266256,Narrow,Bullish,Above CPR,Cash Only,Automobile & Ancillary,True,False,0.0545454545454545,55,2993047.1,Inside,True,No setup,False,Neutral,0,Not applicable,No directional setup; confirmation score not applicable.,Narrow CPR,Not applicable,Not applicable,Narrow CPR; Wide CPR rules not applied,None,0,No active J-Curve setup.
MAGADSUGAR,EQ,MAGADH SUGAR & ENERGY LTD,440.0,459.4,440.0,450.35,27333,12349860.85,20260325,449.9166666666667,449.7,450.1333333333334,450.1333333333334,449.7,0.4333333333333939,0.0962214573850103,Narrow,Bullish,Above CPR,Cash Only,FMCG & Food Products,True,False,0.1,60,2754841.425,Higher,True,Long,False,Long,70,Confirmed,CPR width: Narrow (20/20); Price location: Above CPR (20/20); Trend: unavailable (10/20); Participation: unavailable (10/20); Higher timeframe: unavailable (10/20),Narrow CPR,Not applicable,Not applicable,Narrow CPR; Wide CPR rules not applied,None,0,No active J-Curve setup.
MSUMI,EQ,MOTHERSON SUMI WRNG IND L,37.89,38.54,37.31,37.98,10993170,417877827.17,20260325,37.94333333333333,37.925,37.96166666666666,37.96166666666666,37.925,0.0366666666666617,0.0965420396699888,Narrow,Bullish,Above CPR,Cash Only,Automobile and Auto Components,True,False,0.1,60,279640088.26,Higher,True,Long,True,Long,70,Confirmed,CPR width: Narrow (20/20); Price location: Above CPR (20/20); Trend: unavailable (10/20); Participation: unavailable (10/20); Higher timeframe: unavailable (10/20),Narrow CPR,Not applicable,Not applicable,Narrow CPR; Wide CPR rules not applied,None,0,No active J-Curve setup.
NESCO,EQ,NESCO LTD.,1049.2,1090.0,1044.1,1068.6,79271,85174225.9,20260325,1067.5666666666666,1067.05,1068.0833333333333,1068.0833333333333,1067.05,1.033333333333303,0.0966997317362252,Narrow,Bullish,Above CPR,Cash Only,Diversified,True,False,0.1333333333333333,60,49763430.1,Higher,True,Long,False,Long,70,Confirmed,CPR width: Narrow (20/20); Price location: Above CPR (20/20); Trend: unavailable (10/20); Participation: unavailable (10/20); Higher timeframe: unavailable (10/20),Narrow CPR,Not applicable,Not applicable,Narrow CPR; Wide CPR rules not applied,None,0,No active J-Curve setup.
SMARTLINK,EQ,SMARTLINK HOLDINGS LTD,117.49,118.0,116.0,117.17,5276,616322.82,20260325,117.05666666666669,117.0,117.11333333333334,117.11333333333334,117.0,0.1133333333333439,0.0967255554607356,Narrow,Bullish,Above CPR,Cash Only,Consumer & Retail,True,False,0.1333333333333333,60,398412.195,Overlapping,True,No setup,False,Neutral,0,Not applicable,No directional setup; confirmation score not applicable.,Narrow CPR,Not applicable,Not applicable,Narrow CPR; Wide CPR rules not applied,None,0,No active J-Curve setup.
EXIDEIND,EQ,EXIDE INDUSTRIES LTD,302.0,312.6,300.8,307.15,1953412,601898566.3,20260325,306.85,306.70000000000005,307.0,307.0,306.70000000000005,0.2999999999999545,0.0976721471593536,Narrow,Bullish,Above CPR,Cash Only,Automobile and Auto Components,True,False,0.1166666666666666,60,434415071.95,Higher,True,Long,True,Long,70,Confirmed,CPR width: Narrow (20/20); Price location: Above CPR (20/20); Trend: unavailable (10/20); Participation: unavailable (10/20); Higher timeframe: unavailable (10/20),Narrow CPR,Not applicable,Not applicable,Narrow CPR; Wide CPR rules not applied,None,0,No active J-Curve setup.
FINCABLES,EQ,FINOLEX CABLES LTD,827.0,839.85,821.9,832.15,325837,271651497.75,20260325,831.3000000000001,830.875,831.7250000000001,831.7250000000001,830.875,0.8500000000001364,0.102145045965287,Narrow,Bullish,Above CPR,Cash Only,Capital Goods,True,False,0.1833333333333333,60,182983155.75,Higher,True,Long,True,Long,70,Confirmed,CPR width: Narrow (20/20); Price location: Above CPR (20/20); Trend: unavailable (10/20); Participation: unavailable (10/20); Higher timeframe: unavailable (10/20),Narrow CPR,Not applicable,Not applicable,Narrow CPR; Wide CPR rules not applied,None,0,No active J-Curve setup.
GREAVESCOT,EQ,GREAVES COTTON LTD.,132.6,138.12,132.0,135.27,1459859,198898465.19,20260325,135.13,135.06,135.2,135.2,135.06,0.1399999999999863,0.1034967102831273,Narrow,Bullish,Above CPR,Cash Only,Diversified,True,False,0.0833333333333333,60,145636975.875,Higher,True,Long,False,Long,70,Confirmed,CPR width: Narrow (20/20); Price location: Above CPR (20/20); Trend: unavailable (10/20); Participation: unavailable (10/20); Higher timeframe: unavailable (10/20),Narrow CPR,Not applicable,Not applicable,Narrow CPR; Wide CPR rules not applied,None,0,No active J-Curve setup.
ADANIPORTS,EQ,ADANI PORT & SEZ LTD,1359.7,1392.7,1354.8,1375.9,1856531,2564572583.3,20260325,1374.4666666666665,1373.75,1375.183333333333,1375.183333333333,1373.75,1.4333333333329392,0.1041742374687796,Narrow,Bullish,Above CPR,Cash Only,Services,True,False,0.1666666666666666,60,3032571813.85,Higher,True,Long,True,Long,70,Confirmed,CPR width: Narrow (20/20); Price location: Above CPR (20/20); Trend: unavailable (10/20); Participation: unavailable (10/20); Higher timeframe: unavailable (10/20),Narrow CPR,Not applicable,Not applicable,Narrow CPR; Wide CPR rules not applied,None,0,No active J-Curve setup.
HEXT,EQ,HEXAWARE TECHNOLOGIES LTD,439.5,445.95,435.25,441.3,1519776,666673379.55,20260325,440.8333333333333,440.6,441.0666666666666,441.0666666666666,440.6,0.4666666666665833,0.1057481682906375,Narrow,Bullish,Above CPR,Cash Only,Information Technology,True,False,0.0666666666666666,60,362633563.975,Inside,True,No setup,True,Neutral,0,Not applicable,No directional setup; confirmation score not applicable.,Narrow CPR,Not applicable,Not applicable,Narrow CPR; Wide CPR rules not applied,None,0,No active J-Curve setup.
SMSPHARMA,EQ,SMS PHARMACEUTICALS LTD.,395.5,413.8,394.0,404.55,652847,265316294.15,20260325,404.1166666666666,403.9,404.33333333333326,404.33333333333326,403.9,0.4333333333332803,0.1071149013306835,Narrow,Bullish,Above CPR,Cash Only,Healthcare & Pharma,True,False,0.0833333333333333,60,104528832.7,Higher,True,Long,False,Long,70,Confirmed,CPR width: Narrow (20/20); Price location: Above CPR (20/20); Trend: unavailable (10/20); Participation: unavailable (10/20); Higher timeframe: unavailable (10/20),Narrow CPR,Not applicable,Not applicable,Narrow CPR; Wide CPR rules not applied,None,0,No active J-Curve setup.
NETWEB,EQ,NETWEB TECH INDIA LTD,3230.0,3300.9,3191.0,3251.2,1140539,3712490954.1,20260325,3247.7,3245.95,3249.449999999999,3249.449999999999,3245.95,3.4999999999990905,0.1076525590550901,Narrow,Bullish,Above CPR,Cash Only,Information Technology,True,False,0.0666666666666666,60,3833387440.25,Higher,True,Long,True,Long,70,Confirmed,CPR width: Narrow (20/20); Price location: Above CPR (20/20); Trend: unavailable (10/20); Participation: unavailable (10/20); Higher timeframe: unavailable (10/20),Narrow CPR,Not applicable,Not applicable,Narrow CPR; Wide CPR rules not applied,None,0,No active J-Curve setup.
KOTAKBANK,EQ,KOTAK MAHINDRA BANK LTD,368.95,378.0,363.0,371.1,42442702,15721106206.75,20260325,370.7,370.5,370.9,370.9,370.5,0.3999999999999772,0.107787658313117,Narrow,Bullish,Above CPR,Cash Only,Financial Services,True,False,0.1833333333333333,60,6280139612.8,Higher,True,Long,True,Long,70,Confirmed,CPR width: Narrow (20/20); Price location: Above CPR (20/20); Trend: unavailable (10/20); Participation: unavailable (10/20); Higher timeframe: unavailable (10/20),Narrow CPR,Not applicable,Not applicable,Narrow CPR; Wide CPR rules not applied,None,0,No active J-Curve setup.
RPPL,EQ,RAJSHREE POLYPACK LTD,15.5,15.9,14.87,15.41,136171,2116299.06,20260325,15.393333333333333,15.385,15.401666666666666,15.401666666666666,15.385,0.0166666666666657,0.1081548777849819,Narrow,Bullish,Above CPR,Cash Only,Diversified,True,False,0.0666666666666666,60,1421168.455,Inside,True,No setup,False,Neutral,0,Not applicable,No directional setup; confirmation score not applicable.,Narrow CPR,Not applicable,Not applicable,Narrow CPR; Wide CPR rules not applied,None,0,No active J-Curve setup.
MANINFRA,EQ,MAN INFRA LTD,87.3,90.23,87.3,88.91,1270477,112999427.59,20260325,88.81333333333333,88.765,88.86166666666666,88.86166666666666,88.765,0.096666666666664,0.1087241780077201,Narrow,Bullish,Above CPR,Cash Only,Real Estate & Infra,True,False,0.0666666666666666,60,39302300.86,Higher,True,Long,False,Long,70,Confirmed,CPR width: Narrow (20/20); Price location: Above CPR (20/20); Trend: unavailable (10/20); Participation: unavailable (10/20); Higher timeframe: unavailable (10/20),Narrow CPR,Not applicable,Not applicable,Narrow CPR; Wide CPR rules not applied,None,0,No active J-Curve setup.
RAILTEL,EQ,RAILTEL CORP OF IND LTD,265.0,272.85,263.85,268.8,1277110,344731594.35,20260325,268.5,268.35,268.65,268.65,268.35,0.2999999999999545,0.1116071428571259,Narrow,Bullish,Above CPR,Cash Only,Telecommunication,True,False,0.1333333333333333,60,345309558.775,Higher,True,Long,True,Long,70,Confirmed,CPR width: Narrow (20/20); Price location: Above CPR (20/20); Trend: unavailable (10/20); Participation: unavailable (10/20); Higher timeframe: unavailable (10/20),Narrow CPR,Not applicable,Not applicable,Narrow CPR; Wide CPR rules not applied,None,0,No active J-Curve setup.
SHALBY,EQ,SHALBY LIMITED,138.37,141.4,136.21,139.04,342103,47303083.04,20260325,138.88333333333333,138.805,138.96166666666664,138.96166666666664,138.805,0.1566666666666378,0.1126774069811837,Narrow,Bullish,Above CPR,Cash Only,Diversified,True,False,0.1166666666666666,60,20985487.83,Higher,True,Long,False,Long,70,Confirmed,CPR width: Narrow (20/20); Price location: Above CPR (20/20); Trend: unavailable (10/20); Participation: unavailable (10/20); Higher timeframe: unavailable (10/20),Narrow CPR,Not applicable,Not applicable,Narrow CPR; Wide CPR rules not applied,None,0,No active J-Curve setup.
TATACAP,EQ,TATA CAPITAL LIMITED,325.2,328.0,321.1,325.1,1747543,567002980.1,20260325,324.7333333333333,324.55,324.9166666666667,324.9166666666667,324.55,0.3666666666666742,0.1127858094945168,Narrow,Bullish,Above CPR,Cash Only,Financial Services,True,False,0.1833333333333333,60,747506205.625,Overlapping,True,No setup,True,Neutral,0,Not applicable,No directional setup; confirmation score not applicable.,Narrow CPR,Not applicable,Not applicable,Narrow CPR; Wide CPR rules not applied,None,0,No active J-Curve setup.
EFCIL,EQ,EFC (I) LIMITED,190.0,194.23,189.1,191.99,295466,56649076.52,20260325,191.7733333333333,191.665,191.88166666666663,191.88166666666663,191.665,0.2166666666666401,0.1128530999878327,Narrow,Bullish,Above CPR,Cash Only,Diversified,True,False,0.1,60,59988612.900000006,Higher,True,Long,False,Long,70,Confirmed,CPR width: Narrow (20/20); Price location: Above CPR (20/20); Trend: unavailable (10/20); Participation: unavailable (10/20); Higher timeframe: unavailable (10/20),Narrow CPR,Not applicable,Not applicable,Narrow CPR; Wide CPR rules not applied,None,0,No active J-Curve setup.
RELAXO,EQ,RELAXO FOOT LTD.,260.5,270.6,260.0,265.75,228495,61029382.3,20260325,265.45,265.3,265.6,265.6,265.3,0.2999999999999545,0.1128880526810741,Narrow,Bullish,Above CPR,Cash Only,Footwear,True,False,0.1833333333333333,60,25625894.875,Higher,True,Long,False,Long,70,Confirmed,CPR width: Narrow (20/20); Price location: Above CPR (20/20); Trend: unavailable (10/20); Participation: unavailable (10/20); Higher timeframe: unavailable (10/20),Narrow CPR,Not applicable,Not applicable,Narrow CPR; Wide CPR rules not applied,None,0,No active J-Curve setup.
LLOYDSME,EQ,LLOYDS METALS N ENERGY L,1272.2,1340.5,1270.4,1307.7,985456,1299307067.8,20260325,1306.2,1305.45,1306.95,1306.95,1305.45,1.5,0.1147052076164257,Narrow,Bullish,Above CPR,Cash Only,Metals & Mining,True,False,0.0666666666666666,60,448089994.5,Higher,True,Long,True,Long,70,Confirmed,CPR width: Narrow (20/20); Price location: Above CPR (20/20); Trend: unavailable (10/20); Participation: unavailable (10/20); Higher timeframe: unavailable (10/20),Narrow CPR,Not applicable,Not applicable,Narrow CPR; Wide CPR rules not applied,None,0,No active J-Curve setup.
TINNARUBR,EQ,TINNA RUBBER AND INFR LTD,600.0,620.0,596.0,609.05,18816,11522326.4,20260325,608.35,608.0,608.7,608.7,608.0,0.7000000000000455,0.1149330925211469,Narrow,Bullish,Above CPR,Cash Only,Diversified,True,False,0.1833333333333333,60,14308604.85,Higher,True,Long,False,Long,70,Confirmed,CPR width: Narrow (20/20); Price location: Above CPR (20/20); Trend: unavailable (10/20); Participation: unavailable (10/20); Higher timeframe: unavailable (10/20),Narrow CPR,Not applicable,Not applicable,Narrow CPR; Wide CPR rules not applied,None,0,No active J-Curve setup.
KNRCON,EQ,KNR CONSTRU LTD.,114.0,117.24,114.0,115.82,1443921,167564572.62,20260325,115.68666666666668,115.62,115.75333333333332,115.75333333333332,115.62,0.1333333333333257,0.1151211650261835,Narrow,Bullish,Above CPR,Cash Only,Infrastructure,True,False,0.1333333333333333,60,153606007.8,Higher,True,Long,False,Long,70,Confirmed,CPR width: Narrow (20/20); Price location: Above CPR (20/20); Trend: unavailable (10/20); Participation: unavailable (10/20); Higher timeframe: unavailable (10/20),Narrow CPR,Not applicable,Not applicable,Narrow CPR; Wide CPR rules not applied,None,0,No active J-Curve setup.
IRFC,EQ,INDIAN RAILWAY FIN CORP L,93.99,96.35,93.8,95.24,17788550,1700198813.56,20260325,95.13,95.075,95.185,95.185,95.075,0.1100000000000136,0.1154976900462134,Narrow,Bullish,Above CPR,Cash Only,Financial Services,True,False,0.1,60,1640200788.49,Higher,True,Long,True,Long,70,Confirmed,CPR width: Narrow (20/20); Price location: Above CPR (20/20); Trend: unavailable (10/20); Participation: unavailable (10/20); Higher timeframe: unavailable (10/20),Narrow CPR,Not applicable,Not applicable,Narrow CPR; Wide CPR rules not applied,None,0,No active J-Curve setup.
KPIGREEN,EQ,KPI GREEN ENERGY LIMITED,382.0,388.55,378.0,383.95,1029421,395874695.4,20260325,383.5,383.275,383.725,383.725,383.275,0.4500000000000455,0.1172027607761545,Narrow,Bullish,Above CPR,Cash Only,Diversified,True,False,0.1666666666666666,60,429926668.1,Higher,True,Long,False,Long,70,Confirmed,CPR width: Narrow (20/20); Price location: Above CPR (20/20); Trend: unavailable (10/20); Participation: unavailable (10/20); Higher timeframe: unavailable (10/20),Narrow CPR,Not applicable,Not applicable,Narrow CPR; Wide CPR rules not applied,None,0,No active J-Curve setup.
HAPPYFORGE,EQ,HAPPY FORGINGS LIMITED,1200.0,1235.0,1194.5,1216.9,51058,62277191.1,20260325,1215.4666666666667,1214.75,1216.1833333333334,1216.1833333333334,1214.75,1.433333333333394,0.1177856301531262,Narrow,Bullish,Above CPR,Cash Only,Automobile & Ancillary,True,False,0.1,60,54508391.55,Inside,True,No setup,False,Neutral,0,Not applicable,No directional setup; confirmation score not applicable.,Narrow CPR,Not applicable,Not applicable,Narrow CPR; Wide CPR rules not applied,None,0,No active J-Curve setup.
BRITANNIA,EQ,BRITANNIA INDUSTRIES LTD,5536.5,5737.5,5536.5,5647.0,342559,1943879990.0,20260325,5640.333333333333,5637.0,5643.666666666666,5643.666666666666,5637.0,6.66666666666606,0.1180567853137251,Narrow,Bullish,Above CPR,Cash Only,Fast Moving Consumer Goods,True,False,0.25,60,1737598669.0,Higher,True,Long,True,Long,70,Confirmed,CPR width: Narrow (20/20); Price location: Above CPR (20/20); Trend: unavailable (10/20); Participation: unavailable (10/20); Higher timeframe: unavailable (10/20),Narrow CPR,Not applicable,Not applicable,Narrow CPR; Wide CPR rules not applied,None,0,No active J-Curve setup.
HALDER,EQ,HALDER VENTURE LIMITED,252.0,257.0,246.1,252.0,301,76269.3,20260325,251.7,251.55,251.85,251.85,251.55,0.3000000000000113,0.1190476190476235,Narrow,Bullish,Above CPR,Cash Only,Diversified,True,False,0.1428571428571428,21,193538.55,Higher,True,Long,False,Long,70,Confirmed,CPR width: Narrow (20/20); Price location: Above CPR (20/20); Trend: unavailable (10/20); Participation: unavailable (10/20); Higher timeframe: unavailable (10/20),Narrow CPR,Not applicable,Not applicable,Narrow CPR; Wide CPR rules not applied,None,0,No active J-Curve setup.
DIXON,EQ,DIXON TECHNO (INDIA) LTD,10250.0,10570.0,10222.0,10415.0,576794,6024553134.0,20260325,10402.333333333334,10396.0,10408.666666666668,10408.666666666668,10396.0,12.66666666666788,0.1216194591134697,Narrow,Bullish,Above CPR,Cash Only,Consumer Durables,True,False,0.1166666666666666,60,6779235357.5,Higher,True,Long,True,Long,70,Confirmed,CPR width: Narrow (20/20); Price location: Above CPR (20/20); Trend: unavailable (10/20); Participation: unavailable (10/20); Higher timeframe: unavailable (10/20),Narrow CPR,Not applicable,Not applicable,Narrow CPR; Wide CPR rules not applied,None,0,No active J-Curve setup.
MANYAVAR,EQ,VEDANT FASHIONS LIMITED,353.2,360.0,348.2,354.75,586354,208464759.95,20260325,354.31666666666666,354.1,354.5333333333333,354.5333333333333,354.1,0.4333333333332803,0.1221517500587118,Narrow,Bullish,Above CPR,Cash Only,Diversified,True,False,0.0833333333333333,60,80833914.6,Higher,True,Long,False,Long,70,Confirmed,CPR width: Narrow (20/20); Price location: Above CPR (20/20); Trend: unavailable (10/20); Participation: unavailable (10/20); Higher timeframe: unavailable (10/20),Narrow CPR,Not applicable,Not applicable,Narrow CPR; Wide CPR rules not applied,None,0,No active J-Curve setup.
JAYKAY,EQ,JAYKAY ENTERPRISES LTD,124.97,130.75,123.0,127.11,349829,44622139.38,20260325,126.95333333333332,126.875,127.03166666666668,127.03166666666668,126.875,0.1566666666666663,0.1232528256365874,Narrow,Bullish,Above CPR,Cash Only,Diversified,True,False,0.1166666666666666,60,17664724.77,Higher,True,Long,False,Long,70,Confirmed,CPR width: Narrow (20/20); Price location: Above CPR (20/20); Trend: unavailable (10/20); Participation: unavailable (10/20); Higher timeframe: unavailable (10/20),Narrow CPR,Not applicable,Not applicable,Narrow CPR; Wide CPR rules not applied,None,0,No active J-Curve setup.
SUNDROP,EQ,SUNDROP BRANDS LIMITED,605.3,624.0,605.1,615.7,42143,25812151.95,20260325,614.9333333333333,614.55,615.3166666666666,615.3166666666666,614.55,0.7666666666666515,0.1245195170808269,Narrow,Bullish,Above CPR,Cash Only,Diversified,True,False,0.1166666666666666,60,9079035.625,Higher,True,Long,False,Long,70,Confirmed,CPR width: Narrow (20/20); Price location: Above CPR (20/20); Trend: unavailable (10/20); Participation: unavailable (10/20); Higher timeframe: unavailable (10/20),Narrow CPR,Not applicable,Not applicable,Narrow CPR; Wide CPR rules not applied,None,0,No active J-Curve setup.
PILANIINVS,EQ,PILANI INV & IND COR LTD,4593.0,4593.0,4465.1,4537.7,3120,14207042.1,20260325,4531.933333333333,4529.05,4534.816666666667,4534.816666666667,4529.05,5.766666666666424,0.1270834710683038,Narrow,Bullish,Above CPR,Cash Only,Diversified,True,False,0.1833333333333333,60,8994962.15,Inside,True,No setup,False,Neutral,0,Not applicable,No directional setup; confirmation score not applicable.,Narrow CPR,Not applicable,Not applicable,Narrow CPR; Wide CPR rules not applied,None,0,No active J-Curve setup.
ITI,EQ,ITI LTD,257.0,263.2,257.0,260.6,703395,183569769.15,20260325,260.2666666666667,260.1,260.4333333333334,260.4333333333334,260.1,0.3333333333333712,0.127909951394233,Narrow,Bullish,Above CPR,Cash Only,Telecommunication,True,False,0.1666666666666666,60,115253386.15,Higher,True,Long,True,Long,70,Confirmed,CPR width: Narrow (20/20); Price location: Above CPR (20/20); Trend: unavailable (10/20); Participation: unavailable (10/20); Higher timeframe: unavailable (10/20),Narrow CPR,Not applicable,Not applicable,Narrow CPR; Wide CPR rules not applied,None,0,No active J-Curve setup.
CREDITACC,EQ,CREDITACCESS GRAMEEN LTD,1151.9,1187.2,1151.9,1171.8,223255,261581487.1,20260325,1170.3000000000002,1169.5500000000002,1171.0500000000002,1171.0500000000002,1169.5500000000002,1.5,0.1280081925243215,Narrow,Bullish,Above CPR,Cash Only,Financial Services,True,False,0.1333333333333333,60,356549509.4,Higher,True,Long,True,Long,70,Confirmed,CPR width: Narrow (20/20); Price location: Above CPR (20/20); Trend: unavailable (10/20); Participation: unavailable (10/20); Higher timeframe: unavailable (10/20),Narrow CPR,Not applicable,Not applicable,Narrow CPR; Wide CPR rules not applied,None,0,No active J-Curve setup.
SERVOTECH,EQ,SERVOTECH REN POW SYS LTD,69.7,71.6,68.73,70.3,801073,56544872.78,20260325,70.21,70.16499999999999,70.255,70.255,70.16499999999999,0.0900000000000034,0.1280227596017118,Narrow,Bullish,Above CPR,Cash Only,Information Technology,True,False,0.0666666666666666,60,50034184.22,Higher,True,Long,False,Long,70,Confirmed,CPR width: Narrow (20/20); Price location: Above CPR (20/20); Trend: unavailable (10/20); Participation: unavailable (10/20); Higher timeframe: unavailable (10/20),Narrow CPR,Not applicable,Not applicable,Narrow CPR; Wide CPR rules not applied,None,0,No active J-Curve setup.
BHARATSE,EQ,BHARAT SEATS LIMITED,157.2,161.8,155.07,158.74,150712,24009090.11,20260325,158.53666666666666,158.435,158.63833333333332,158.63833333333332,158.435,0.2033333333333189,0.1280920582923768,Narrow,Bullish,Above CPR,Cash Only,Diversified,True,False,0.1166666666666666,60,20582704.365,Higher,True,Long,False,Long,70,Confirmed,CPR width: Narrow (20/20); Price location: Above CPR (20/20); Trend: unavailable (10/20); Participation: unavailable (10/20); Higher timeframe: unavailable (10/20),Narrow CPR,Not applicable,Not applicable,Narrow CPR; Wide CPR rules not applied,None,0,No active J-Curve setup.
NCC,EQ,NCC LIMITED,138.0,142.84,137.0,140.19,3331768,468505189.41,20260325,140.01000000000002,139.92000000000002,140.10000000000002,140.10000000000002,139.92000000000002,0.1800000000000068,0.1283971752621491,Narrow,Bullish,Above CPR,Cash Only,Construction,True,False,0.2,60,417173596.955,Higher,True,Long,True,Long,70,Confirmed,CPR width: Narrow (20/20); Price location: Above CPR (20/20); Trend: unavailable (10/20); Participation: unavailable (10/20); Higher timeframe: unavailable (10/20),Narrow CPR,Not applicable,Not applicable,Narrow CPR; Wide CPR rules not applied,None,0,No active J-Curve setup.
AZAD,EQ,AZAD ENGINEERING LIMITED,1432.5,1517.8,1422.9,1473.2,340300,505909603.0,20260325,1471.3,1470.35,1472.25,1472.25,1470.35,1.900000000000091,0.1289709475970737,Narrow,Bullish,Above CPR,Cash Only,Diversified,True,False,0.1333333333333333,60,242590207.15,Higher,True,Long,False,Long,70,Confirmed,CPR width: Narrow (20/20); Price location: Above CPR (20/20); Trend: unavailable (10/20); Participation: unavailable (10/20); Higher timeframe: unavailable (10/20),Narrow CPR,Not applicable,Not applicable,Narrow CPR; Wide CPR rules not applied,None,0,No active J-Curve setup.
20MICRONS,EQ,20 MICRONS LTD,148.81,154.59,148.15,151.67,85533,13026596.17,20260325,151.47,151.37,151.57,151.57,151.37,0.1999999999999886,0.1318652337311193,Narrow,Bullish,Above CPR,Cash Only,Diversified,True,False,0.1,60,17109357.674999997,Higher,True,Long,False,Long,70,Confirmed,CPR width: Narrow (20/20); Price location: Above CPR (20/20); Trend: unavailable (10/20); Participation: unavailable (10/20); Higher timeframe: unavailable (10/20),Narrow CPR,Not applicable,Not applicable,Narrow CPR; Wide CPR rules not applied,None,0,No active J-Curve setup.
JSWSTEEL,EQ,JSW STEEL LIMITED,1140.0,1170.1,1137.3,1156.0,1632217,1888270263.1,20260325,1154.4666666666665,1153.6999999999998,1155.2333333333331,1155.2333333333331,1153.6999999999998,1.533333333333303,0.1326412918108393,Narrow,Bullish,Above CPR,Cash Only,Metals & Mining,True,False,0.2,60,1816477812.3,Higher,True,Long,True,Long,70,Confirmed,CPR width: Narrow (20/20); Price location: Above CPR (20/20); Trend: unavailable (10/20); Participation: unavailable (10/20); Higher timeframe: unavailable (10/20),Narrow CPR,Not applicable,Not applicable,Narrow CPR; Wide CPR rules not applied,None,0,No active J-Curve setup.
DECCANCE,EQ,DECCAN CEMENTS LIMITED,618.0,638.0,600.3,620.4,81761,51244447.1,20260325,619.5666666666666,619.15,619.9833333333332,619.9833333333332,619.15,0.8333333333332575,0.1343219428325689,Narrow,Bullish,Above CPR,Cash Only,Diversified,True,False,0.1833333333333333,60,13585576.475,Higher,True,Long,False,Long,70,Confirmed,CPR width: Narrow (20/20); Price location: Above CPR (20/20); Trend: unavailable (10/20); Participation: unavailable (10/20); Higher timeframe: unavailable (10/20),Narrow CPR,Not applicable,Not applicable,Narrow CPR; Wide CPR rules not applied,None,0,No active J-Curve setup.
DABUR,EQ,DABUR INDIA LTD,425.0,439.15,421.1,431.0,2329148,1005635763.55,20260325,430.4166666666667,430.125,430.70833333333337,430.70833333333337,430.125,0.5833333333333712,0.1353441608662114,Narrow,Bullish,Above CPR,Cash Only,Fast Moving Consumer Goods,True,False,0.2,60,800927088.0,Higher,True,Long,True,Long,70,Confirmed,CPR width: Narrow (20/20); Price location: Above CPR (20/20); Trend: unavailable (10/20); Participation: unavailable (10/20); Higher timeframe: unavailable (10/20),Narrow CPR,Not applicable,Not applicable,Narrow CPR; Wide CPR rules not applied,None,0,No active J-Curve setup.
ETHOSLTD,EQ,ETHOS LIMITED,2250.0,2328.7,2228.8,2283.4,26493,60670680.8,20260325,2280.3,2278.75,2281.8499999999995,2281.8499999999995,2278.75,3.0999999999994543,0.1357624594902099,Narrow,Bullish,Above CPR,Cash Only,Diversified,True,False,0.2,60,45384377.2,Higher,True,Long,False,Long,70,Confirmed,CPR width: Narrow (20/20); Price location: Above CPR (20/20); Trend: unavailable (10/20); Participation: unavailable (10/20); Higher timeframe: unavailable (10/20),Narrow CPR,Not applicable,Not applicable,Narrow CPR; Wide CPR rules not applied,None,0,No active J-Curve setup.
ANIKINDS,EQ,ANIK INDUSTRIES LTD,37.94,38.97,34.0,36.56,24894,909388.07,20260325,36.51,36.485,36.535,36.535,36.485,0.0499999999999971,0.1367614879649812,Narrow,Bullish,Above CPR,Cash Only,Diversified,True,False,0.1833333333333333,60,664125.7,Lower,True,No setup,False,Neutral,0,Not applicable,No directional setup; confirmation score not applicable.,Narrow CPR,Not applicable,Not applicable,Narrow CPR; Wide CPR rules not applied,None,0,No active J-Curve setup.
MPHASIS,EQ,MPHASIS LIMITED,2139.9,2154.4,2100.9,2132.1,1105605,2354526044.8,20260325,2129.133333333333,2127.65,2130.6166666666663,2130.6166666666663,2127.65,2.9666666666662422,0.1391429420133315,Narrow,Bullish,Above CPR,Cash Only,Information Technology,True,False,0.2166666666666666,60,1153632518.3,Higher,True,Long,True,Long,70,Confirmed,CPR width: Narrow (20/20); Price location: Above CPR (20/20); Trend: unavailable (10/20); Participation: unavailable (10/20); Higher timeframe: unavailable (10/20),Narrow CPR,Not applicable,Not applicable,Narrow CPR; Wide CPR rules not applied,None,0,No active J-Curve setup.
TIIL,EQ,TECHNOCRAFT IND LTD,2145.0,2246.8,2145.0,2200.5,9720,21440076.4,20260325,2197.4333333333334,2195.9,2198.9666666666667,2198.9666666666667,2195.9,3.066666666666606,0.1393622661516294,Narrow,Bullish,Above CPR,Cash Only,Diversified,True,False,0.1166666666666666,60,22480448.9,Higher,True,Long,False,Long,70,Confirmed,CPR width: Narrow (20/20); Price location: Above CPR (20/20); Trend: unavailable (10/20); Participation: unavailable (10/20); Higher timeframe: unavailable (10/20),Narrow CPR,Not applicable,Not applicable,Narrow CPR; Wide CPR rules not applied,None,0,No active J-Curve setup.
RATNAMANI,EQ,RATNAMANI MET & TUB LTD.,2271.5,2348.0,2271.5,2314.6,15705,36494898.5,20260325,2311.366666666667,2309.75,2312.9833333333336,2312.9833333333336,2309.75,3.233333333333576,0.1396929635070239,Narrow,Bullish,Above CPR,Cash Only,Metals & Mining,True,False,0.15,60,53900295.9,Higher,True,Long,False,Long,70,Confirmed,CPR width: Narrow (20/20); Price location: Above CPR (20/20); Trend: unavailable (10/20); Participation: unavailable (10/20); Higher timeframe: unavailable (10/20),Narrow CPR,Not applicable,Not applicable,Narrow CPR; Wide CPR rules not applied,None,0,No active J-Curve setup.
CORALFINAC,EQ,CORAL INDIA FIN & HOUS LT,28.21,31.48,28.21,29.91,48428,1463451.76,20260325,29.866666666666664,29.845,29.88833333333333,29.88833333333333,29.845,0.0433333333333294,0.1448790816895,Narrow,Bullish,Above CPR,Cash Only,Diversified,True,False,0.1333333333333333,60,539938.04,Higher,True,Long,False,Long,70,Confirmed,CPR width: Narrow (20/20); Price location: Above CPR (20/20); Trend: unavailable (10/20); Participation: unavailable (10/20); Higher timeframe: unavailable (10/20),Narrow CPR,Not applicable,Not applicable,Narrow CPR; Wide CPR rules not applied,None,0,No active J-Curve setup.
HINDPETRO,EQ,HINDUSTAN PETROLEUM CORP,345.0,348.95,337.55,344.0,13128269,4513984111.9,20260325,343.5,343.25,343.75,343.75,343.25,0.5,0.1453488372093023,Narrow,Bullish,Above CPR,Cash Only,Oil Gas & Consumable Fuels,True,False,0.15,60,2468730043.55,Higher,True,Long,True,Long,70,Confirmed,CPR width: Narrow (20/20); Price location: Above CPR (20/20); Trend: unavailable (10/20); Participation: unavailable (10/20); Higher timeframe: unavailable (10/20),Narrow CPR,Not applicable,Not applicable,Narrow CPR; Wide CPR rules not applied,None,0,No active J-Curve setup.
NDRAUTO,EQ,NDR AUTO COMPONENTS LTD,670.7,704.7,665.4,686.55,24714,17104270.65,20260325,685.5499999999998,685.05,686.0499999999997,686.0499999999997,685.05,0.9999999999997726,0.145655815308393,Narrow,Bullish,Above CPR,Cash Only,Automobile & Ancillary,True,False,0.0833333333333333,60,13749606.05,Higher,True,Long,False,Long,70,Confirmed,CPR width: Narrow (20/20); Price location: Above CPR (20/20); Trend: unavailable (10/20); Participation: unavailable (10/20); Higher timeframe: unavailable (10/20),Narrow CPR,Not applicable,Not applicable,Narrow CPR; Wide CPR rules not applied,None,0,No active J-Curve setup.
MRF,EQ,MRF LTD,128785.0,130900.0,128465.0,129970.0,7281,945819365.0,20260325,129778.33333333331,129682.5,129874.16666666666,129874.16666666666,129682.5,191.66666666665697,0.1474699289579572,Narrow,Bullish,Above CPR,Cash Only,Automobile and Auto Components,True,False,0.2,60,921942407.5,Higher,True,Long,True,Long,70,Confirmed,CPR width: Narrow (20/20); Price location: Above CPR (20/20); Trend: unavailable (10/20); Participation: unavailable (10/20); Higher timeframe: unavailable (10/20),Narrow CPR,Not applicable,Not applicable,Narrow CPR; Wide CPR rules not applied,None,0,No active J-Curve setup.
RAJSREESUG,EQ,RAJSHREE SUGAR & CHEMICAL,26.78,27.53,25.71,26.68,85884,2306286.32,20260325,26.64,26.62,26.66,26.66,26.62,0.0399999999999991,0.1499250374812561,Narrow,Bullish,Above CPR,Cash Only,Diversified,True,False,0.0666666666666666,60,1443551.1749999998,Higher,True,Long,False,Long,70,Confirmed,CPR width: Narrow (20/20); Price location: Above CPR (20/20); Trend: unavailable (10/20); Participation: unavailable (10/20); Higher timeframe: unavailable (10/20),Narrow CPR,Not applicable,Not applicable,Narrow CPR; Wide CPR rules not applied,None,0,No active J-Curve setup.
AMBUJACEM,EQ,AMBUJA CEMENTS LTD,414.0,427.7,414.0,421.8,4840404,2050388344.8,20260325,421.1666666666667,420.85,421.48333333333335,421.48333333333335,420.85,0.6333333333333258,0.1501501501501483,Narrow,Bullish,Above CPR,Cash Only,Construction Materials,True,False,0.2333333333333333,60,940577361.8,Higher,True,Long,True,Long,70,Confirmed,CPR width: Narrow (20/20); Price location: Above CPR (20/20); Trend: unavailable (10/20); Participation: unavailable (10/20); Higher timeframe: unavailable (10/20),Narrow CPR,Not applicable,Not applicable,Narrow CPR; Wide CPR rules not applied,None,0,No active J-Curve setup.
XCHANGING,EQ,XCHANGING SOLUTIONS LTD,54.03,56.48,54.03,55.38,195563,10917661.93,20260325,55.29666666666666,55.255,55.33833333333333,55.33833333333333,55.255,0.0833333333333286,0.15047550258817,Narrow,Bullish,Above CPR,Cash Only,Diversified,True,False,0.1666666666666666,60,6143210.390000001,Higher,True,Long,False,Long,70,Confirmed,CPR width: Narrow (20/20); Price location: Above CPR (20/20); Trend: unavailable (10/20); Participation: unavailable (10/20); Higher timeframe: unavailable (10/20),Narrow CPR,Not applicable,Not applicable,Narrow CPR; Wide CPR rules not applied,None,0,No active J-Curve setup.
ESSARSHPNG,EQ,ESSAR SHIPPING LTD,23.42,23.89,23.12,23.56,201038,4744766.86,20260325,23.523333333333337,23.505000000000003,23.54166666666667,23.54166666666667,23.505000000000003,0.0366666666666688,0.1556310130164212,Narrow,Bullish,Above CPR,Cash Only,Diversified,True,False,0.1428571428571428,42,6057062.325,Higher,True,Long,False,Long,70,Confirmed,CPR width: Narrow (20/20); Price location: Above CPR (20/20); Trend: unavailable (10/20); Participation: unavailable (10/20); Higher timeframe: unavailable (10/20),Narrow CPR,Not applicable,Not applicable,Narrow CPR; Wide CPR rules not applied,None,0,No active J-Curve setup.
SAILIFE,EQ,SAI LIFE SCIENCES LIMITED,1006.0,1029.8,990.15,1012.35,1194410,1205759673.25,20260325,1010.7666666666664,1009.975,1011.5583333333332,1011.5583333333332,1009.975,1.5833333333332575,0.156401771455846,Narrow,Bullish,Above CPR,Cash Only,Healthcare,True,False,0.1166666666666666,60,445577020.225,Higher,True,Long,True,Long,70,Confirmed,CPR width: Narrow (20/20); Price location: Above CPR (20/20); Trend: unavailable (10/20); Participation: unavailable (10/20); Higher timeframe: unavailable (10/20),Narrow CPR,Not applicable,Not applicable,Narrow CPR; Wide CPR rules not applied,None,0,No active J-Curve setup.
BAJAJHLDNG,EQ,BAJAJ HOLDINGS & INVS LTD,9401.0,9662.0,9401.0,9554.0,49122,470088802.0,20260325,9539.0,9531.5,9546.5,9546.5,9531.5,15.0,0.1570023027004396,Narrow,Bullish,Above CPR,Cash Only,Financial Services,True,False,0.2666666666666666,60,580972344.5,Higher,False,No setup,True,Neutral,0,Not applicable,No directional setup; confirmation score not applicable.,Narrow CPR,Not applicable,Not applicable,Narrow CPR; Wide CPR rules not applied,None,0,No active J-Curve setup.
NURECA,EQ,NURECA LIMITED,229.2,236.5,229.2,233.4,15743,3678982.8,20260325,233.03333333333333,232.85,233.21666666666667,233.21666666666667,232.85,0.3666666666666742,0.1570979720080009,Narrow,Bullish,Above CPR,Cash Only,Diversified,True,False,0.1166666666666666,60,4656840.8,Higher,True,Long,False,Long,70,Confirmed,CPR width: Narrow (20/20); Price location: Above CPR (20/20); Trend: unavailable (10/20); Participation: unavailable (10/20); Higher timeframe: unavailable (10/20),Narrow CPR,Not applicable,Not applicable,Narrow CPR; Wide CPR rules not applied,None,0,No active J-Curve setup.
BALAJITELE,EQ,BALAJI TELEFILMS LIMITED.,78.96,80.87,78.52,79.89,581552,46269324.57,20260325,79.75999999999999,79.695,79.82499999999999,79.82499999999999,79.695,0.1299999999999954,0.1627237451495749,Narrow,Bullish,Above CPR,Cash Only,Diversified,True,False,0.1,60,28261558.655,Higher,True,Long,False,Long,70,Confirmed,CPR width: Narrow (20/20); Price location: Above CPR (20/20); Trend: unavailable (10/20); Participation: unavailable (10/20); Higher timeframe: unavailable (10/20),Narrow CPR,Not applicable,Not applicable,Narrow CPR; Wide CPR rules not applied,None,0,No active J-Curve setup.
M&M,EQ,MAHINDRA & MAHINDRA LTD,3099.9,3157.9,3082.9,3128.1,3328790,10419104590.5,20260325,3122.9666666666667,3120.4,3125.5333333333333,3125.5333333333333,3120.4,5.133333333333212,0.1641038756220457,Narrow,Bullish,Above CPR,Cash Only,Automobile and Auto Components,True,False,0.2,60,7584104990.15,Higher,True,Long,True,Long,70,Confirmed,CPR width: Narrow (20/20); Price location: Above CPR (20/20); Trend: unavailable (10/20); Participation: unavailable (10/20); Higher timeframe: unavailable (10/20),Narrow CPR,Not applicable,Not applicable,Narrow CPR; Wide CPR rules not applied,None,0,No active J-Curve setup.
DENORA,EQ,DE NORA INDIA LIMITED,694.35,725.0,686.0,707.25,7346,5236534.75,20260325,706.0833333333334,705.5,706.6666666666667,706.6666666666667,705.5,1.1666666666667425,0.1649581713208543,Narrow,Bullish,Above CPR,Cash Only,Diversified,True,False,0.2166666666666666,60,3639086.725,Higher,True,Long,False,Long,70,Confirmed,CPR width: Narrow (20/20); Price location: Above CPR (20/20); Trend: unavailable (10/20); Participation: unavailable (10/20); Higher timeframe: unavailable (10/20),Narrow CPR,Not applicable,Not applicable,Narrow CPR; Wide CPR rules not applied,None,0,No active J-Curve setup.
GOACARBON,EQ,GOA CARBON LIMITED,296.0,308.8,295.3,302.8,50820,15465912.7,20260325,302.3,302.05,302.55,302.55,302.05,0.5,0.1651254953764861,Narrow,Bullish,Above CPR,Cash Only,Diversified,True,False,0.1333333333333333,60,6191952.949999999,Higher,True,Long,False,Long,70,Confirmed,CPR width: Narrow (20/20); Price location: Above CPR (20/20); Trend: unavailable (10/20); Participation: unavailable (10/20); Higher timeframe: unavailable (10/20),Narrow CPR,Not applicable,Not applicable,Narrow CPR; Wide CPR rules not applied,None,0,No active J-Curve setup.
COALINDIA,EQ,COAL INDIA LTD,443.55,446.4,438.8,443.7,8630612,3827301246.3,20260325,442.9666666666667,442.6,443.33333333333337,443.33333333333337,442.6,0.7333333333333485,0.165276838704834,Narrow,Bullish,Above CPR,Cash Only,Oil Gas & Consumable Fuels,True,False,0.3333333333333333,60,3826556302.325,Lower,False,No setup,True,Neutral,0,Not applicable,No directional setup; confirmation score not applicable.,Narrow CPR,Not applicable,Not applicable,Narrow CPR; Wide CPR rules not applied,None,0,No active J-Curve setup.
PAISALO,EQ,PAISALO DIGITAL LIMITED,34.05,34.8,33.45,34.21,3708674,127327577.03,20260325,34.153333333333336,34.125,34.18166666666667,34.18166666666667,34.125,0.0566666666666719,0.1656435740037181,Narrow,Bullish,Above CPR,Cash Only,Diversified,True,False,0.2333333333333333,60,119335114.35,Lower,True,No setup,False,Neutral,0,Not applicable,No directional setup; confirmation score not applicable.,Narrow CPR,Not applicable,Not applicable,Narrow CPR; Wide CPR rules not applied,None,0,No active J-Curve setup.
OSWALGREEN,EQ,OSWAL GREENTECH LIMITED,22.5,25.1,22.5,23.86,541624,12940848.15,20260325,23.820000000000004,23.8,23.840000000000007,23.840000000000007,23.8,0.0400000000000062,0.167644593461887,Narrow,Bullish,Above CPR,Cash Only,Diversified,True,False,0.1333333333333333,60,5409865.485,Higher,True,Long,False,Long,70,Confirmed,CPR width: Narrow (20/20); Price location: Above CPR (20/20); Trend: unavailable (10/20); Participation: unavailable (10/20); Higher timeframe: unavailable (10/20),Narrow CPR,Not applicable,Not applicable,Narrow CPR; Wide CPR rules not applied,None,0,No active J-Curve setup.
MWL,EQ,MANGALAM WORLDWIDE LTD,254.1,264.0,250.8,258.05,40776,10484138.05,20260325,257.6166666666666,257.4,257.83333333333326,257.83333333333326,257.4,0.4333333333332803,0.1679261125104748,Narrow,Bullish,Above CPR,Cash Only,Diversified,True,False,0.25,60,15630324.1,Higher,True,Long,False,Long,70,Confirmed,CPR width: Narrow (20/20); Price location: Above CPR (20/20); Trend: unavailable (10/20); Participation: unavailable (10/20); Higher timeframe: unavailable (10/20),Narrow CPR,Not applicable,Not applicable,Narrow CPR; Wide CPR rules not applied,None,0,No active J-Curve setup.
REGAAL,EQ,REGAAL RESOURCES LIMITED,65.7,68.7,65.7,67.37,591614,39920136.5,20260325,67.25666666666667,67.2,67.31333333333335,67.31333333333335,67.2,0.1133333333333439,0.1682252238879975,Narrow,Bullish,Above CPR,Cash Only,Diversified,True,False,0.1666666666666666,60,30654549.05,Inside,True,No setup,False,Neutral,0,Not applicable,No directional setup; confirmation score not applicable.,Narrow CPR,Not applicable,Not applicable,Narrow CPR; Wide CPR rules not applied,None,0,No active J-Curve setup.
MASFIN,EQ,MAS FINANCIAL SERV LTD,299.9,305.9,296.05,301.75,84153,25427395.75,20260325,301.2333333333333,300.975,301.4916666666667,301.4916666666667,300.975,0.5166666666666515,0.1712234189450378,Narrow,Bullish,Above CPR,Cash Only,Diversified,True,False,0.2,60,40189209.875,Higher,True,Long,False,Long,70,Confirmed,CPR width: Narrow (20/20); Price location: Above CPR (20/20); Trend: unavailable (10/20); Participation: unavailable (10/20); Higher timeframe: unavailable (10/20),Narrow CPR,Not applicable,Not applicable,Narrow CPR; Wide CPR rules not applied,None,0,No active J-Curve setup.
PSUBANK,EQ,KOTAK PSU BANK,847.99,864.0,845.63,857.07,37406,31894700.83,20260325,855.5666666666667,854.815,856.3183333333334,856.3183333333334,854.815,1.5033333333333303,0.1754037982117365,Narrow,Bullish,Above CPR,Cash Only,Financial Services,True,False,0.2666666666666666,60,32860639.28,Higher,False,No setup,False,Neutral,0,Not applicable,No directional setup; confirmation score not applicable.,Narrow CPR,Not applicable,Not applicable,Narrow CPR; Wide CPR rules not applied,None,0,No active J-Curve setup.
WHIRLPOOL,EQ,WHIRLPOOL OF INDIA LTD,807.45,813.75,796.45,807.25,600361,483974885.45,20260325,805.8166666666666,805.1,806.5333333333332,806.5333333333332,805.1,1.4333333333331666,0.1775575513574687,Narrow,Bullish,Above CPR,Cash Only,Consumer Durables,True,False,0.15,60,334790849.25,Higher,True,Long,True,Long,70,Confirmed,CPR width: Narrow (20/20); Price location: Above CPR (20/20); Trend: unavailable (10/20); Participation: unavailable (10/20); Higher timeframe: unavailable (10/20),Narrow CPR,Not applicable,Not applicable,Narrow CPR; Wide CPR rules not applied,None,0,No active J-Curve setup.
ASTRAL,EQ,ASTRAL LIMITED,1614.0,1678.0,1606.4,1646.6,702340,1163438044.7,20260325,1643.6666666666667,1642.2,1645.1333333333334,1645.1333333333334,1642.2,2.933333333333394,0.1781448641645447,Narrow,Bullish,Above CPR,Cash Only,Capital Goods,True,False,0.2,60,814281329.95,Higher,True,Long,True,Long,70,Confirmed,CPR width: Narrow (20/20); Price location: Above CPR (20/20); Trend: unavailable (10/20); Participation: unavailable (10/20); Higher timeframe: unavailable (10/20),Narrow CPR,Not applicable,Not applicable,Narrow CPR; Wide CPR rules not applied,None,0,No active J-Curve setup.
SPORTKING,EQ,SPORTKING INDIA LIMITED,116.05,122.19,116.05,119.44,239803,28500482.28,20260325,119.22666666666667,119.12,119.33333333333334,119.33333333333334,119.12,0.2133333333333382,0.1786112971645498,Narrow,Bullish,Above CPR,Cash Only,Logistics & Ports,True,False,0.2166666666666666,60,11943828.235,Higher,True,Long,False,Long,70,Confirmed,CPR width: Narrow (20/20); Price location: Above CPR (20/20); Trend: unavailable (10/20); Participation: unavailable (10/20); Higher timeframe: unavailable (10/20),Narrow CPR,Not applicable,Not applicable,Narrow CPR; Wide CPR rules not applied,None,0,No active J-Curve setup.
CROMPTON,EQ,CROMPT GREA CON ELEC LTD,238.0,245.8,238.0,242.55,1968484,478010817.15,20260325,242.11666666666667,241.9,242.33333333333331,242.33333333333331,241.9,0.4333333333333371,0.1786573215144659,Narrow,Bullish,Above CPR,Cash Only,Consumer Durables,True,False,0.2333333333333333,60,663164745.725,Higher,True,Long,True,Long,70,Confirmed,CPR width: Narrow (20/20); Price location: Above CPR (20/20); Trend: unavailable (10/20); Participation: unavailable (10/20); Higher timeframe: unavailable (10/20),Narrow CPR,Not applicable,Not applicable,Narrow CPR; Wide CPR rules not applied,None,0,No active J-Curve setup.
JYOTHYLAB,EQ,JYOTHY LABS LIMITED,213.0,217.45,210.3,214.45,585146,125901900.8,20260325,214.0666666666667,213.875,214.25833333333335,214.25833333333335,213.875,0.3833333333333826,0.1787518458071264,Narrow,Bullish,Above CPR,Cash Only,Healthcare & Pharma,True,False,0.2,60,99042346.81,Higher,True,Long,False,Long,70,Confirmed,CPR width: Narrow (20/20); Price location: Above CPR (20/20); Trend: unavailable (10/20); Participation: unavailable (10/20); Higher timeframe: unavailable (10/20),Narrow CPR,Not applicable,Not applicable,Narrow CPR; Wide CPR rules not applied,None,0,No active J-Curve setup.
ASTRON,EQ,ASTRON PAPER BORD MIL LTD,3.82,3.88,3.54,3.72,77009,284956.41,20260325,3.713333333333333,3.71,3.716666666666667,3.716666666666667,3.71,0.0066666666666668,0.1792114695340543,Narrow,Bullish,Above CPR,Cash Only,Diversified,True,False,0.1666666666666666,60,251148.065,Lower,True,No setup,False,Neutral,0,Not applicable,No directional setup; confirmation score not applicable.,Narrow CPR,Not applicable,Not applicable,Narrow CPR; Wide CPR rules not applied,None,0,No active J-Curve setup.
GODREJIND,EQ,GODREJ INDUSTRIES LTD,793.95,818.75,791.5,807.3,59275,48100389.1,20260325,805.85,805.125,806.575,806.575,805.125,1.4500000000000457,0.1796110491762722,Narrow,Bullish,Above CPR,Cash Only,Diversified,True,False,0.2,60,65704332.35,Higher,True,Long,True,Long,70,Confirmed,CPR width: Narrow (20/20); Price location: Above CPR (20/20); Trend: unavailable (10/20); Participation: unavailable (10/20); Higher timeframe: unavailable (10/20),Narrow CPR,Not applicable,Not applicable,Narrow CPR; Wide CPR rules not applied,None,0,No active J-Curve setup.
CYIENTDLM,EQ,CYIENT DLM LIMITED,290.85,300.15,287.45,294.6,844648,248968433.95,20260325,294.06666666666666,293.79999999999995,294.33333333333337,294.33333333333337,293.79999999999995,0.5333333333334167,0.1810364335822867,Narrow,Bullish,Above CPR,Cash Only,Diversified,True,False,0.25,60,64037324.275,Higher,True,Long,False,Long,70,Confirmed,CPR width: Narrow (20/20); Price location: Above CPR (20/20); Trend: unavailable (10/20); Participation: unavailable (10/20); Higher timeframe: unavailable (10/20),Narrow CPR,Not applicable,Not applicable,Narrow CPR; Wide CPR rules not applied,None,0,No active J-Curve setup.
KRBL,EQ,KRBL LIMITED,301.95,307.2,297.35,303.1,359987,109495542.15,20260325,302.55,302.275,302.82500000000005,302.82500000000005,302.275,0.5500000000000682,0.1814582645991646,Narrow,Bullish,Above CPR,Cash Only,Diversified,True,False,0.1666666666666666,60,150986963.8,Higher,True,Long,False,Long,70,Confirmed,CPR width: Narrow (20/20); Price location: Above CPR (20/20); Trend: unavailable (10/20); Participation: unavailable (10/20); Higher timeframe: unavailable (10/20),Narrow CPR,Not applicable,Not applicable,Narrow CPR; Wide CPR rules not applied,None,0,No active J-Curve setup.
NIITLTD,EQ,NIIT LIMITED,55.01,58.44,55.01,56.88,930254,53365157.71,20260325,56.77666666666666,56.725,56.82833333333333,56.82833333333333,56.725,0.1033333333333388,0.1816690107829445,Narrow,Bullish,Above CPR,Cash Only,Diversified,True,False,0.1666666666666666,60,29224927.88,Higher,True,Long,False,Long,70,Confirmed,CPR width: Narrow (20/20); Price location: Above CPR (20/20); Trend: unavailable (10/20); Participation: unavailable (10/20); Higher timeframe: unavailable (10/20),Narrow CPR,Not applicable,Not applicable,Narrow CPR; Wide CPR rules not applied,None,0,No active J-Curve setup.
RALLIS,EQ,RALLIS INDIA LTD,234.5,240.0,231.4,236.35,844986,199236535.85,20260325,235.91666666666663,235.7,236.13333333333333,236.13333333333333,235.7,0.4333333333333371,0.1833439108666541,Narrow,Bullish,Above CPR,Cash Only,Diversified,True,False,0.1666666666666666,60,95762964.525,Higher,True,Long,False,Long,70,Confirmed,CPR width: Narrow (20/20); Price location: Above CPR (20/20); Trend: unavailable (10/20); Participation: unavailable (10/20); Higher timeframe: unavailable (10/20),Narrow CPR,Not applicable,Not applicable,Narrow CPR; Wide CPR rules not applied,None,0,No active J-Curve setup.
VIKRAMSOLR,EQ,VIKRAM SOLAR LIMITED,193.5,197.0,192.0,195.04,2454651,476993843.64,20260325,194.68,194.5,194.86,194.86,194.5,0.3599999999999568,0.1845775225594528,Narrow,Bullish,Above CPR,Cash Only,Diversified,True,False,0.1666666666666666,60,287369504.695,Higher,True,Long,False,Long,70,Confirmed,CPR width: Narrow (20/20); Price location: Above CPR (20/20); Trend: unavailable (10/20); Participation: unavailable (10/20); Higher timeframe: unavailable (10/20),Narrow CPR,Not applicable,Not applicable,Narrow CPR; Wide CPR rules not applied,None,0,No active J-Curve setup.
KTKBANK,EQ,KARNATAKA BANK LIMITED,222.0,231.7,220.0,226.48,3937747,897410420.43,20260325,226.06,225.85,226.26999999999995,226.26999999999995,225.85,0.4199999999999591,0.1854468385729243,Narrow,Bullish,Above CPR,Cash Only,Financial Services,True,False,0.2333333333333333,60,562333419.08,Higher,True,Long,False,Long,70,Confirmed,CPR width: Narrow (20/20); Price location: Above CPR (20/20); Trend: unavailable (10/20); Participation: unavailable (10/20); Higher timeframe: unavailable (10/20),Narrow CPR,Not applicable,Not applicable,Narrow CPR; Wide CPR rules not applied,None,0,No active J-Curve setup.
ACUTAAS,EQ,ACUTAAS CHEMICALS LIMITED,2475.0,2580.0,2460.5,2527.3,661327,1680072465.7,20260325,2522.6,2520.25,2524.95,2524.95,2520.25,4.699999999999818,0.1859692161595306,Narrow,Bullish,Above CPR,Cash Only,Healthcare,True,False,0.1833333333333333,60,670944776.3,Higher,True,Long,True,Long,70,Confirmed,CPR width: Narrow (20/20); Price location: Above CPR (20/20); Trend: unavailable (10/20); Participation: unavailable (10/20); Higher timeframe: unavailable (10/20),Narrow CPR,Not applicable,Not applicable,Narrow CPR; Wide CPR rules not applied,None,0,No active J-Curve setup.
BAJAJFINSV,EQ,BAJAJ FINSERV LTD.,1720.8,1765.0,1717.6,1746.2,1865278,3258660137.5,20260325,1742.9333333333334,1741.3,1744.5666666666668,1744.5666666666668,1741.3,3.266666666666879,0.1870728820677401,Narrow,Bullish,Above CPR,Cash Only,Financial Services,True,False,0.3333333333333333,60,2187598620.55,Higher,False,No setup,True,Neutral,0,Not applicable,No directional setup; confirmation score not applicable.,Narrow CPR,Not applicable,Not applicable,Narrow CPR; Wide CPR rules not applied,None,0,No active J-Curve setup.
ARROWGREEN,EQ,ARROW GREENTECH LIMITED,385.9,446.2,380.25,414.4,212076,89630937.75,20260325,413.6166666666666,413.225,414.0083333333332,414.0083333333332,413.225,0.7833333333331893,0.1890283140282793,Narrow,Bullish,Above CPR,Cash Only,Diversified,True,False,0.1,60,9541987.2,Higher,True,Long,False,Long,70,Confirmed,CPR width: Narrow (20/20); Price location: Above CPR (20/20); Trend: unavailable (10/20); Participation: unavailable (10/20); Higher timeframe: unavailable (10/20),Narrow CPR,Not applicable,Not applicable,Narrow CPR; Wide CPR rules not applied,None,0,No active J-Curve setup.
BHARTIARTL,EQ,BHARTI AIRTEL LIMITED,1814.0,1849.2,1810.1,1834.9,12473682,22820750844.0,20260325,1831.4000000000003,1829.65,1833.1500000000003,1833.1500000000003,1829.65,3.5000000000004547,0.1907460897051858,Narrow,Bullish,Above CPR,Cash Only,Telecommunication,True,False,0.3833333333333333,60,14434447234.45,Higher,False,No setup,True,Neutral,0,Not applicable,No directional setup; confirmation score not applicable.,Narrow CPR,Not applicable,Not applicable,Narrow CPR; Wide CPR rules not applied,None,0,No active J-Curve setup.
NELCAST,EQ,NELCAST LIMITED,119.0,122.7,119.0,121.2,98672,11950234.48,20260325,120.96666666666664,120.85,121.08333333333331,121.08333333333331,120.85,0.23333333333332,0.1925192519251815,Narrow,Bullish,Above CPR,Cash Only,Diversified,True,False,0.1833333333333333,60,9326587.63,Higher,True,Long,False,Long,70,Confirmed,CPR width: Narrow (20/20); Price location: Above CPR (20/20); Trend: unavailable (10/20); Participation: unavailable (10/20); Higher timeframe: unavailable (10/20),Narrow CPR,Not applicable,Not applicable,Narrow CPR; Wide CPR rules not applied,None,0,No active J-Curve setup.
HINDCON,EQ,HINDCON CHEMICALS LIMITED,17.77,20.0,17.73,18.92,90030,1689832.36,20260325,18.883333333333336,18.865,18.90166666666667,18.90166666666667,18.865,0.0366666666666688,0.1937984496124146,Narrow,Bullish,Above CPR,Cash Only,Diversified,True,False,0.1833333333333333,60,534057.5,Higher,True,Long,False,Long,70,Confirmed,CPR width: Narrow (20/20); Price location: Above CPR (20/20); Trend: unavailable (10/20); Participation: unavailable (10/20); Higher timeframe: unavailable (10/20),Narrow CPR,Not applicable,Not applicable,Narrow CPR; Wide CPR rules not applied,None,0,No active J-Curve setup.
NGIL,EQ,NAKODA GROUP OF IND. LTD,23.94,24.44,23.42,24.0,4956,118214.45,20260325,23.953333333333333,23.93,23.976666666666667,23.976666666666667,23.93,0.0466666666666668,0.1944444444444452,Narrow,Bullish,Above CPR,Cash Only,Diversified,True,False,0.1333333333333333,60,236146.27,Higher,True,Long,False,Long,70,Confirmed,CPR width: Narrow (20/20); Price location: Above CPR (20/20); Trend: unavailable (10/20); Participation: unavailable (10/20); Higher timeframe: unavailable (10/20),Narrow CPR,Not applicable,Not applicable,Narrow CPR; Wide CPR rules not applied,None,0,No active J-Curve setup.
MEDANTA,EQ,GLOBAL HEALTH LIMITED,985.0,1043.9,972.8,1011.3,631507,641333304.4,20260325,1009.3333333333334,1008.35,1010.3166666666668,1010.3166666666668,1008.35,1.966666666666697,0.1944691651010281,Narrow,Bullish,Above CPR,Cash Only,Healthcare,True,False,0.2,60,130767592.55,Higher,True,Long,True,Long,70,Confirmed,CPR width: Narrow (20/20); Price location: Above CPR (20/20); Trend: unavailable (10/20); Participation: unavailable (10/20); Higher timeframe: unavailable (10/20),Narrow CPR,Not applicable,Not applicable,Narrow CPR; Wide CPR rules not applied,None,0,No active J-Curve setup.
AXISBANK,EQ,AXIS BANK LIMITED,1200.0,1239.0,1198.0,1222.1,9645791,11819809307.3,20260325,1219.7,1218.5,1220.9,1220.9,1218.5,2.400000000000091,0.1963832746911129,Narrow,Bullish,Above CPR,Cash Only,Financial Services,True,False,0.2333333333333333,60,7908062564.65,Higher,True,Long,True,Long,70,Confirmed,CPR width: Narrow (20/20); Price location: Above CPR (20/20); Trend: unavailable (10/20); Participation: unavailable (10/20); Higher timeframe: unavailable (10/20),Narrow CPR,Not applicable,Not applicable,Narrow CPR; Wide CPR rules not applied,None,0,No active J-Curve setup.
NATCAPSUQ,EQ,NATURAL CAPSULES LIMITED,149.9,151.01,142.2,147.04,8282,1221605.03,20260325,146.75,146.605,146.895,146.895,146.605,0.2900000000000204,0.1972252448313523,Narrow,Bullish,Above CPR,Cash Only,Diversified,True,False,0.0833333333333333,60,616626.3400000001,Higher,True,Long,False,Long,70,Confirmed,CPR width: Narrow (20/20); Price location: Above CPR (20/20); Trend: unavailable (10/20); Participation: unavailable (10/20); Higher timeframe: unavailable (10/20),Narrow CPR,Not applicable,Not applicable,Narrow CPR; Wide CPR rules not applied,None,0,No active J-Curve setup.
HINDCOPPER,EQ,HINDUSTAN COPPER LTD,472.5,487.0,471.2,480.55,9964820,4793962017.9,20260325,479.5833333333333,479.1,480.0666666666666,480.0666666666666,479.1,0.9666666666665832,0.2011583948947213,Narrow,Bullish,Above CPR,Cash Only,Metals & Mining,True,False,0.15,60,13611135575.45,Higher,True,Long,True,Long,70,Confirmed,CPR width: Narrow (20/20); Price location: Above CPR (20/20); Trend: unavailable (10/20); Participation: unavailable (10/20); Higher timeframe: unavailable (10/20),Narrow CPR,Not applicable,Not applicable,Narrow CPR; Wide CPR rules not applied,None,0,No active J-Curve setup.
SUZLON,EQ,SUZLON ENERGY LIMITED,41.5,42.85,41.43,42.27,76079784,3228473765.47,20260325,42.18333333333334,42.14,42.226666666666674,42.226666666666674,42.14,0.0866666666666731,0.2050311489630307,Narrow,Bullish,Above CPR,Cash Only,Capital Goods,True,False,0.2166666666666666,60,2749185949.225,Higher,True,Long,True,Long,70,Confirmed,CPR width: Narrow (20/20); Price location: Above CPR (20/20); Trend: unavailable (10/20); Participation: unavailable (10/20); Higher timeframe: unavailable (10/20),Narrow CPR,Not applicable,Not applicable,Narrow CPR; Wide CPR rules not applied,None,0,No active J-Curve setup.
HINDZINC,EQ,HINDUSTAN ZINC LIMITED,511.0,521.4,510.75,517.7,8498265,4388558866.55,20260325,516.6166666666667,516.075,517.1583333333333,517.1583333333333,516.075,1.0833333333332575,0.2092589015517205,Narrow,Bullish,Above CPR,Cash Only,Metals & Mining,True,False,0.15,60,4838416071.1,Higher,True,Long,True,Long,70,Confirmed,CPR width: Narrow (20/20); Price location: Above CPR (20/20); Trend: unavailable (10/20); Participation: unavailable (10/20); Higher timeframe: unavailable (10/20),Narrow CPR,Not applicable,Not applicable,Narrow CPR; Wide CPR rules not applied,None,0,No active J-Curve setup.
NAVA,EQ,NAVA LIMITED,568.4,577.8,563.0,572.2,367618,210723254.7,20260325,571.0,570.4,571.6,571.6,570.4,1.2000000000000457,0.2097168822090257,Narrow,Bullish,Above CPR,Cash Only,Power,True,False,0.1833333333333333,60,154507454.175,Higher,True,Long,True,Long,70,Confirmed,CPR width: Narrow (20/20); Price location: Above CPR (20/20); Trend: unavailable (10/20); Participation: unavailable (10/20); Higher timeframe: unavailable (10/20),Narrow CPR,Not applicable,Not applicable,Narrow CPR; Wide CPR rules not applied,None,0,No active J-Curve setup.
MANCREDIT,EQ,MANGAL CREDIT N FINCORP L,168.54,175.5,163.5,170.04,91623,15524595.93,20260325,169.67999999999998,169.5,169.85999999999996,169.85999999999996,169.5,0.3599999999999568,0.2117148906139477,Narrow,Bullish,Above CPR,Cash Only,Financial Services,True,False,0.1833333333333333,60,6616968.109999999,Higher,True,Long,False,Long,70,Confirmed,CPR width: Narrow (20/20); Price location: Above CPR (20/20); Trend: unavailable (10/20); Participation: unavailable (10/20); Higher timeframe: unavailable (10/20),Narrow CPR,Not applicable,Not applicable,Narrow CPR; Wide CPR rules not applied,None,0,No active J-Curve setup.
ABDL,EQ,ALLIED BLEND N DISTILS L,402.0,416.9,397.5,408.5,727015,296226948.65,20260325,407.6333333333334,407.2,408.0666666666668,408.0666666666668,407.2,0.8666666666667879,0.2121583027336078,Narrow,Bullish,Above CPR,Cash Only,Fast Moving Consumer Goods,True,False,0.1666666666666666,60,191103102.525,Higher,True,Long,True,Long,70,Confirmed,CPR width: Narrow (20/20); Price location: Above CPR (20/20); Trend: unavailable (10/20); Participation: unavailable (10/20); Higher timeframe: unavailable (10/20),Narrow CPR,Not applicable,Not applicable,Narrow CPR; Wide CPR rules not applied,None,0,No active J-Curve setup.
RAJTV,EQ,RAJ TV NETWORK LTD,36.58,38.99,35.27,37.25,3333,123487.85,20260325,37.17,37.13,37.21,37.21,37.13,0.0799999999999983,0.2147651006711363,Narrow,Bullish,Above CPR,Cash Only,Diversified,True,False,0.1666666666666666,60,113727.255,Inside,True,No setup,False,Neutral,0,Not applicable,No directional setup; confirmation score not applicable.,Narrow CPR,Not applicable,Not applicable,Narrow CPR; Wide CPR rules not applied,None,0,No active J-Curve setup.
MADRASFERT,EQ,MADRAS FERTILISERS LTD,58.99,61.0,58.99,60.19,114552,6928673.29,20260325,60.06,59.995000000000005,60.125,60.125,59.995000000000005,0.1299999999999954,0.2159827213822819,Narrow,Bullish,Above CPR,Cash Only,Chemicals & Fertilizers,True,False,0.2333333333333333,60,6559501.725,Higher,True,Long,False,Long,70,Confirmed,CPR width: Narrow (20/20); Price location: Above CPR (20/20); Trend: unavailable (10/20); Participation: unavailable (10/20); Higher timeframe: unavailable (10/20),Narrow CPR,Not applicable,Not applicable,Narrow CPR; Wide CPR rules not applied,None,0,No active J-Curve setup.
JAGSNPHARM,EQ,JAGSONPAL PHARMACEUTICALS,183.0,185.5,182.0,184.35,120489,22173617.33,20260325,183.95,183.75,184.15000000000003,184.15000000000003,183.75,0.4000000000000341,0.2169785733658986,Narrow,Bullish,Above CPR,Cash Only,Diversified,True,False,0.3,60,9334808.335,Higher,False,No setup,False,Neutral,0,Not applicable,No directional setup; confirmation score not applicable.,Narrow CPR,Not applicable,Not applicable,Narrow CPR; Wide CPR rules not applied,None,0,No active J-Curve setup.
TRF,EQ,TRF LIMITED,220.4,240.0,218.1,229.8,90944,21131388.3,20260325,229.30000000000004,229.05,229.55000000000007,229.55000000000007,229.05,0.5000000000000568,0.2175805047867958,Narrow,Bullish,Above CPR,Cash Only,Diversified,True,False,0.1833333333333333,60,3388444.925,Higher,True,Long,False,Long,70,Confirmed,CPR width: Narrow (20/20); Price location: Above CPR (20/20); Trend: unavailable (10/20); Participation: unavailable (10/20); Higher timeframe: unavailable (10/20),Narrow CPR,Not applicable,Not applicable,Narrow CPR; Wide CPR rules not applied,None,0,No active J-Curve setup.
EDELWEISS,EQ,EDELWEISS FIN SERV LTD,105.7,108.3,105.02,107.01,3176768,341156889.44,20260325,106.77666666666666,106.66,106.89333333333332,106.89333333333332,106.66,0.23333333333332,0.2180481574930567,Narrow,Bullish,Above CPR,Cash Only,Diversified,True,False,0.2333333333333333,60,503198186.37,Higher,True,Long,False,Long,70,Confirmed,CPR width: Narrow (20/20); Price location: Above CPR (20/20); Trend: unavailable (10/20); Participation: unavailable (10/20); Higher timeframe: unavailable (10/20),Narrow CPR,Not applicable,Not applicable,Narrow CPR; Wide CPR rules not applied,None,0,No active J-Curve setup.
SWARAJENG,EQ,SWARAJ ENGINES LTD,3448.6,3550.0,3447.6,3510.3,8238,29024093.5,20260325,3502.6333333333337,3498.8,3506.466666666667,3506.466666666667,3498.8,7.66666666666697,0.2184048846727336,Narrow,Bullish,Above CPR,Cash Only,Diversified,True,False,0.3333333333333333,60,36782628.2,Higher,False,No setup,False,Neutral,0,Not applicable,No directional setup; confirmation score not applicable.,Narrow CPR,Not applicable,Not applicable,Narrow CPR; Wide CPR rules not applied,None,0,No active J-Curve setup.
AADHARHFC,EQ,AADHAR HOUSING FINANCE L,467.95,476.5,463.0,471.3,200832,94220929.55,20260325,470.26666666666665,469.75,470.7833333333333,470.7833333333333,469.75,1.033333333333303,0.2192517151142166,Narrow,Bullish,Above CPR,Cash Only,Financial Services,True,False,0.3666666666666666,60,152635533.35,Higher,False,No setup,True,Neutral,0,Not applicable,No directional setup; confirmation score not applicable.,Narrow CPR,Not applicable,Not applicable,Narrow CPR; Wide CPR rules not applied,None,0,No active J-Curve setup.
SFL,EQ,SHEELA FOAM LIMITED,508.0,520.0,504.4,513.9,164896,84494925.3,20260325,512.7666666666668,512.2,513.3333333333335,513.3333333333335,512.2,1.1333333333334394,0.2205357721995406,Narrow,Bullish,Above CPR,Cash Only,Diversified,True,False,0.2666666666666666,60,38830405.55,Higher,False,No setup,False,Neutral,0,Not applicable,No directional setup; confirmation score not applicable.,Narrow CPR,Not applicable,Not applicable,Narrow CPR; Wide CPR rules not applied,None,0,No active J-Curve setup.
DHARMAJ,EQ,DHARMAJ CROP GUARD LTD,236.29,241.71,236.29,239.8,24034,5761721.05,20260325,239.26666666666665,239.0,239.5333333333333,239.5333333333333,239.0,0.533333333333303,0.2224075618570904,Narrow,Bullish,Above CPR,Cash Only,Diversified,True,False,0.2833333333333333,60,8535027.7,Higher,False,No setup,False,Neutral,0,Not applicable,No directional setup; confirmation score not applicable.,Narrow CPR,Not applicable,Not applicable,Narrow CPR; Wide CPR rules not applied,None,0,No active J-Curve setup.
TORNTPHARM,EQ,TORRENT PHARMACEUTICALS L,4277.9,4335.0,4231.0,4297.5,237001,1019554097.3,20260325,4287.833333333333,4283.0,4292.666666666666,4292.666666666666,4283.0,9.66666666666606,0.2249369788636663,Narrow,Bullish,Above CPR,Cash Only,Healthcare,True,False,0.3666666666666666,60,1251980197.4,Higher,False,No setup,True,Neutral,0,Not applicable,No directional setup; confirmation score not applicable.,Narrow CPR,Not applicable,Not applicable,Narrow CPR; Wide CPR rules not applied,None,0,No active J-Curve setup.
IDFCFIRSTB,EQ,IDFC FIRST BANK LIMITED,62.5,63.55,62.5,63.24,26510428,1673556863.22,20260325,63.09666666666666,63.025,63.16833333333333,63.16833333333333,63.025,0.1433333333333308,0.2266497997048242,Narrow,Bullish,Above CPR,Cash Only,Financial Services,True,False,0.2833333333333333,60,2188474609.94,Higher,False,No setup,True,Neutral,0,Not applicable,No directional setup; confirmation score not applicable.,Narrow CPR,Not applicable,Not applicable,Narrow CPR; Wide CPR rules not applied,None,0,No active J-Curve setup.
PRITIKAUTO,EQ,PRITIKA AUTO INDUS LTD,11.48,11.8,11.38,11.63,195511,2275854.47,20260325,11.603333333333332,11.59,11.616666666666667,11.616666666666667,11.59,0.0266666666666672,0.2292920607624013,Narrow,Bullish,Above CPR,Cash Only,Automobile & Ancillary,True,False,0.2666666666666666,60,2310367.685,Higher,False,No setup,False,Neutral,0,Not applicable,No directional setup; confirmation score not applicable.,Narrow CPR,Not applicable,Not applicable,Narrow CPR; Wide CPR rules not applied,None,0,No active J-Curve setup.
ORKLAINDIA,EQ,ORKLA INDIA LIMITED,590.1,599.3,585.5,594.45,129354,76810846.0,20260325,593.0833333333334,592.4,593.7666666666668,593.7666666666668,592.4,1.366666666666788,0.2299043934169043,Narrow,Bullish,Above CPR,Cash Only,Diversified,True,False,0.2666666666666666,60,63557238.900000006,Higher,False,No setup,False,Neutral,0,Not applicable,No directional setup; confirmation score not applicable.,Narrow CPR,Not applicable,Not applicable,Narrow CPR; Wide CPR rules not applied,None,0,No active J-Curve setup.
SCHAEFFLER,EQ,SCHAEFFLER INDIA LIMITED,4011.5,4098.0,4000.0,4063.1,59643,242758004.3,20260325,4053.7,4049.0,4058.400000000001,4058.400000000001,4049.0,9.400000000000546,0.2313504467032695,Narrow,Bullish,Above CPR,Cash Only,Automobile and Auto Components,True,False,0.35,60,228109071.6,Higher,False,No setup,True,Neutral,0,Not applicable,No directional setup; confirmation score not applicable.,Narrow CPR,Not applicable,Not applicable,Narrow CPR; Wide CPR rules not applied,None,0,No active J-Curve setup.
CLEANMAX,EQ,CLEAN MAX ENVIRO EN SOL L,840.0,848.6,816.4,835.4,283997,238270945.7,20260325,833.4666666666667,832.5,834.4333333333334,834.4333333333334,832.5,1.933333333333394,0.2314260633628673,Narrow,Bullish,Above CPR,Cash Only,Diversified,True,False,0.0588235294117647,17,226853802.6,Overlapping,True,No setup,False,Neutral,0,Not applicable,No directional setup; confirmation score not applicable.,Narrow CPR,Not applicable,Not applicable,Narrow CPR; Wide CPR rules not applied,None,0,No active J-Curve setup.
BANDHANBNK,EQ,BANDHAN BANK LIMITED,151.65,155.5,150.27,153.42,10313783,1587519650.16,20260325,153.0633333333333,152.885,153.24166666666662,153.24166666666662,152.885,0.3566666666666265,0.2324772954416807,Narrow,Bullish,Above CPR,Cash Only,Financial Services,True,False,0.2833333333333333,60,1365159929.0349998,Higher,False,No setup,True,Neutral,0,Not applicable,No directional setup; confirmation score not applicable.,Narrow CPR,Not applicable,Not applicable,Narrow CPR; Wide CPR rules not applied,None,0,No active J-Curve setup.
PURVA,EQ,PURAVANKARA LIMITED,175.11,187.0,175.11,181.69,651916,118768355.38,20260325,181.26666666666665,181.055,181.4783333333333,181.4783333333333,181.055,0.4233333333332894,0.2329975966389396,Narrow,Bullish,Above CPR,Cash Only,Diversified,True,False,0.3,60,39898980.645,Higher,False,No setup,False,Neutral,0,Not applicable,No directional setup; confirmation score not applicable.,Narrow CPR,Not applicable,Not applicable,Narrow CPR; Wide CPR rules not applied,None,0,No active J-Curve setup.
JLHL,EQ,JUPITER LIFE LINE HOSP L,1269.2,1299.0,1248.5,1278.3,22239,28179139.1,20260325,1275.2666666666669,1273.75,1276.7833333333333,1276.7833333333333,1273.75,3.033333333333303,0.2372943231896505,Narrow,Bullish,Above CPR,Cash Only,Diversified,True,False,0.3166666666666666,60,22124329.0,Higher,False,No setup,False,Neutral,0,Not applicable,No directional setup; confirmation score not applicable.,Narrow CPR,Not applicable,Not applicable,Narrow CPR; Wide CPR rules not applied,None,0,No active J-Curve setup.
GNFC,EQ,GUJ NAR VAL FER & CHEM L,393.0,403.0,391.55,398.7,319815,127995557.7,20260325,397.75,397.275,398.225,398.225,397.275,0.9500000000000456,0.2382743917732745,Narrow,Bullish,Above CPR,Cash Only,Diversified,True,False,0.3666666666666666,60,73832080.6,Higher,False,No setup,False,Neutral,0,Not applicable,No directional setup; confirmation score not applicable.,Narrow CPR,Not applicable,Not applicable,Narrow CPR; Wide CPR rules not applied,None,0,No active J-Curve setup.
GODFRYPHLP,EQ,GODFREY PHILLIPS INDIA LT,1915.0,2188.0,1906.3,2054.5,9392352,19765886563.1,20260325,2049.6,2047.15,2052.05,2052.05,2047.15,4.899999999999636,0.2385008517887386,Narrow,Bullish,Above CPR,Cash Only,Fast Moving Consumer Goods,True,False,0.1333333333333333,60,873975453.8499999,Higher,True,Long,True,Long,70,Confirmed,CPR width: Narrow (20/20); Price location: Above CPR (20/20); Trend: unavailable (10/20); Participation: unavailable (10/20); Higher timeframe: unavailable (10/20),Narrow CPR,Not applicable,Not applicable,Narrow CPR; Wide CPR rules not applied,None,0,No active J-Curve setup.
PTL,EQ,PTL ENTERPRISES LTD,37.13,38.19,37.0,37.73,30916,1165228.55,20260325,37.63999999999999,37.595,37.68499999999999,37.68499999999999,37.595,0.0899999999999892,0.2385369732308221,Narrow,Bullish,Above CPR,Cash Only,Diversified,True,False,0.4666666666666667,60,1632034.67,Higher,False,No setup,False,Neutral,0,Not applicable,No directional setup; confirmation score not applicable.,Narrow CPR,Not applicable,Not applicable,Narrow CPR; Wide CPR rules not applied,None,0,No active J-Curve setup.
HEADSUP,EQ,HEADS UP VENTURES LIMITED,6.8,7.47,6.4,6.96,60033,412626.31,20260325,6.943333333333334,6.9350000000000005,6.951666666666668,6.951666666666668,6.9350000000000005,0.0166666666666674,0.2394636015325789,Narrow,Bullish,Above CPR,Cash Only,Diversified,True,False,0.2,60,156335.37,Overlapping,True,No setup,False,Neutral,0,Not applicable,No directional setup; confirmation score not applicable.,Narrow CPR,Not applicable,Not applicable,Narrow CPR; Wide CPR rules not applied,None,0,No active J-Curve setup.
WABAG,EQ,VA TECH WABAG LTD,1221.9,1278.0,1216.6,1251.8,447190,563553344.0,20260325,1248.8,1247.3,1250.3,1250.3,1247.3,3.0,0.2396548969483943,Narrow,Bullish,Above CPR,Cash Only,Diversified,True,False,0.2833333333333333,60,350449452.65,Higher,False,No setup,False,Neutral,0,Not applicable,No directional setup; confirmation score not applicable.,Narrow CPR,Not applicable,Not applicable,Narrow CPR; Wide CPR rules not applied,None,0,No active J-Curve setup.
IOB,EQ,INDIAN OVERSEAS BANK,32.59,33.33,32.53,33.05,6007527,198512401.98,20260325,32.97,32.93,33.01,33.01,32.93,0.0799999999999983,0.2420574886535501,Narrow,Bullish,Above CPR,Cash Only,Financial Services,True,False,0.25,60,217903418.155,Higher,True,Long,True,Long,70,Confirmed,CPR width: Narrow (20/20); Price location: Above CPR (20/20); Trend: unavailable (10/20); Participation: unavailable (10/20); Higher timeframe: unavailable (10/20),Narrow CPR,Not applicable,Not applicable,Narrow CPR; Wide CPR rules not applied,None,0,No active J-Curve setup.
SKMEGGPROD,EQ,SKM EGG PROD EXPORT(I) LT,160.1,169.95,160.1,165.63,133796,22067130.78,20260325,165.22666666666666,165.02499999999998,165.42833333333334,165.42833333333334,165.02499999999998,0.4033333333333644,0.2435146611926368,Narrow,Bullish,Above CPR,Cash Only,Diversified,True,False,0.2,60,39192957.955,Higher,True,Long,False,Long,70,Confirmed,CPR width: Narrow (20/20); Price location: Above CPR (20/20); Trend: unavailable (10/20); Participation: unavailable (10/20); Higher timeframe: unavailable (10/20),Narrow CPR,Not applicable,Not applicable,Narrow CPR; Wide CPR rules not applied,None,0,No active J-Curve setup.
MEDPLUS,EQ,MEDPLUS HEALTH SERV LTD,833.0,844.35,818.05,834.25,42610,35644561.1,20260325,832.2166666666667,831.2,833.2333333333333,833.2333333333333,831.2,2.033333333333303,0.2437318949155892,Narrow,Bullish,Above CPR,Cash Only,Diversified,True,False,0.3333333333333333,60,79452198.175,Higher,False,No setup,False,Neutral,0,Not applicable,No directional setup; confirmation score not applicable.,Narrow CPR,Not applicable,Not applicable,Narrow CPR; Wide CPR rules not applied,None,0,No active J-Curve setup.
JISLDVREQS,EQ,JAIN DVR EQUITY SHARES,21.51,22.33,21.15,21.82,58454,1269698.37,20260325,21.766666666666666,21.74,21.793333333333333,21.793333333333333,21.74,0.0533333333333345,0.2444240757714691,Narrow,Bullish,Above CPR,Cash Only,Diversified,True,False,0.1333333333333333,60,566741.6699999999,Overlapping,True,No setup,False,Neutral,0,Not applicable,No directional setup; confirmation score not applicable.,Narrow CPR,Not applicable,Not applicable,Narrow CPR; Wide CPR rules not applied,None,0,No active J-Curve setup.
MAHSCOOTER,EQ,MAHARASHTRA SCOOTERS LTD,12103.0,12416.0,12024.0,12265.0,5209,63781620.0,20260325,12235.0,12220.0,12250.0,12250.0,12220.0,30.0,0.2445984508764777,Narrow,Bullish,Above CPR,Cash Only,Diversified,True,False,0.3333333333333333,60,45504717.0,Higher,False,No setup,False,Neutral,0,Not applicable,No directional setup; confirmation score not applicable.,Narrow CPR,Not applicable,Not applicable,Narrow CPR; Wide CPR rules not applied,None,0,No active J-Curve setup.
PRECWIRE,EQ,PRECISION WIRES INDIA LTD,312.95,319.95,307.1,314.7,992103,313346142.1,20260325,313.9166666666667,313.525,314.3083333333334,314.3083333333334,313.525,0.7833333333334167,0.2489143099248226,Narrow,Bullish,Above CPR,Cash Only,Diversified,True,False,0.2,60,257563486.285,Higher,True,Long,False,Long,70,Confirmed,CPR width: Narrow (20/20); Price location: Above CPR (20/20); Trend: unavailable (10/20); Participation: unavailable (10/20); Higher timeframe: unavailable (10/20),Narrow CPR,Not applicable,Not applicable,Narrow CPR; Wide CPR rules not applied,None,0,No active J-Curve setup.
CINELINE,EQ,CINELINE INDIA LIMITED,85.14,86.0,84.44,85.54,11154,955038.54,20260325,85.32666666666667,85.22,85.43333333333334,85.43333333333334,85.22,0.2133333333333382,0.2493959940768508,Narrow,Bullish,Above CPR,Cash Only,Diversified,True,False,0.3,60,1240885.71,Higher,False,No setup,False,Neutral,0,Not applicable,No directional setup; confirmation score not applicable.,Narrow CPR,Not applicable,Not applicable,Narrow CPR; Wide CPR rules not applied,None,0,No active J-Curve setup.
MARICO,EQ,MARICO LIMITED,747.9,758.75,743.1,753.75,1755316,1321075745.0,20260325,751.8666666666667,750.925,752.8083333333334,752.8083333333334,750.925,1.8833333333334397,0.2498618021006221,Narrow,Bullish,Above CPR,Cash Only,Fast Moving Consumer Goods,True,False,0.4166666666666667,60,1151623796.775,Higher,False,No setup,True,Neutral,0,Not applicable,No directional setup; confirmation score not applicable.,Narrow CPR,Not applicable,Not applicable,Narrow CPR; Wide CPR rules not applied,None,0,No active J-Curve setup.
TATACHEM,EQ,TATA CHEMICALS LTD,613.0,634.85,610.85,625.2,624408,392284995.95,20260325,623.6333333333333,622.85,624.4166666666666,624.4166666666666,622.85,1.566666666666606,0.250586478993379,Moderate,Bullish,Above CPR,Cash Only,Chemicals,False,False,0.2333333333333333,60,289226719.85,Higher,True,Long,True,Long,62,Mixed,CPR width: 0.2506% (12/20); Price location: Above CPR (20/20); Trend: unavailable (10/20); Participation: unavailable (10/20); Higher timeframe: unavailable (10/20),Standard CPR,Not applicable,Not applicable,Standard CPR; Wide CPR rules not applied,None,0,No active J-Curve setup.
INTELLECT,EQ,INTELLECT DESIGN ARENA,651.0,663.85,645.4,657.1,315676,207530046.65,20260325,655.4499999999999,654.625,656.2749999999999,656.2749999999999,654.625,1.6499999999998636,0.2511033328260331,Moderate,Bullish,Above CPR,Cash Only,Information Technology,False,False,0.2166666666666666,60,239738656.575,Higher,True,Long,True,Long,62,Mixed,CPR width: 0.2511% (12/20); Price location: Above CPR (20/20); Trend: unavailable (10/20); Participation: unavailable (10/20); Higher timeframe: unavailable (10/20),Standard CPR,Not applicable,Not applicable,Standard CPR; Wide CPR rules not applied,None,0,No active J-Curve setup.
GEOJITFSL,EQ,GEOJIT FINANCIAL SER L,56.5,59.8,56.5,58.37,714419,41466728.27,20260325,58.22333333333333,58.15,58.29666666666666,58.29666666666666,58.15,0.1466666666666611,0.2512706298897741,Moderate,Bullish,Above CPR,Cash Only,Stock Broking,False,False,0.3,60,32017435.095,Higher,False,No setup,False,Neutral,0,Not applicable,No directional setup; confirmation score not applicable.,Standard CPR,Not applicable,Not applicable,Standard CPR; Wide CPR rules not applied,None,0,No active J-Curve setup.
HDFCLIFE,EQ,HDFC LIFE INS CO LTD,603.95,617.2,603.95,612.9,2915736,1787105433.75,20260325,611.35,610.575,612.125,612.125,610.575,1.5499999999999543,0.252896067874034,Moderate,Bullish,Above CPR,Cash Only,Financial Services,False,False,0.4333333333333333,60,1915384536.975,Higher,False,No setup,True,Neutral,0,Not applicable,No directional setup; confirmation score not applicable.,Standard CPR,Not applicable,Not applicable,Standard CPR; Wide CPR rules not applied,None,0,No active J-Curve setup.
KFINTECH,EQ,KFIN TECHNOLOGIES LIMITED,915.05,947.8,914.0,934.45,965199,904848655.75,20260325,932.0833333333334,930.9,933.2666666666668,933.2666666666668,930.9,2.366666666666788,0.2532684110082709,Moderate,Bullish,Above CPR,Cash Only,Financial Services,False,False,0.4166666666666667,60,783644870.25,Higher,False,No setup,True,Neutral,0,Not applicable,No directional setup; confirmation score not applicable.,Standard CPR,Not applicable,Not applicable,Standard CPR; Wide CPR rules not applied,None,0,No active J-Curve setup.
LEMERITE,EQ,LE MERITE EXPORTS LIMITED,445.0,459.8,442.65,452.95,118919,53169763.85,20260325,451.8,451.225,452.375,452.375,451.225,1.1499999999999773,0.2538911579644502,Moderate,Bullish,Above CPR,Cash Only,Diversified,False,False,0.2666666666666666,60,26388864.85,Higher,False,No setup,False,Neutral,0,Not applicable,No directional setup; confirmation score not applicable.,Standard CPR,Not applicable,Not applicable,Standard CPR; Wide CPR rules not applied,None,0,No active J-Curve setup.
ZYDUSLIFE,EQ,ZYDUS LIFESCIENCES LTD,888.05,914.0,886.5,903.7,574279,519232454.4,20260325,901.4,900.25,902.55,902.55,900.25,2.2999999999999545,0.2545092397919613,Moderate,Bullish,Above CPR,Cash Only,Healthcare,False,False,0.3166666666666666,60,442141489.875,Higher,False,No setup,True,Neutral,0,Not applicable,No directional setup; confirmation score not applicable.,Standard CPR,Not applicable,Not applicable,Standard CPR; Wide CPR rules not applied,None,0,No active J-Curve setup.
VIDHIING,EQ,VIDHI SPCLTY F INGRDNTS L,278.2,283.35,275.0,280.25,11303,3175320.05,20260325,279.53333333333336,279.175,279.8916666666667,279.8916666666667,279.175,0.716666666666697,0.2557240559024788,Moderate,Bullish,Above CPR,Cash Only,Diversified,False,False,0.3666666666666666,60,3364382.3,Higher,False,No setup,False,Neutral,0,Not applicable,No directional setup; confirmation score not applicable.,Standard CPR,Not applicable,Not applicable,Standard CPR; Wide CPR rules not applied,None,0,No active J-Curve setup.
ENTERO,EQ,ENTERO HEALTHCARE SOLU L,1226.0,1249.4,1216.5,1237.7,86885,107357495.9,20260325,1234.5333333333335,1232.95,1236.116666666667,1236.116666666667,1232.95,3.16666666666697,0.2558509062508661,Moderate,Bullish,Above CPR,Cash Only,Diversified,False,False,0.2333333333333333,60,94789000.3,Higher,True,Long,False,Long,62,Mixed,CPR width: 0.2559% (12/20); Price location: Above CPR (20/20); Trend: unavailable (10/20); Participation: unavailable (10/20); Higher timeframe: unavailable (10/20),Standard CPR,Not applicable,Not applicable,Standard CPR; Wide CPR rules not applied,None,0,No active J-Curve setup.
CHEMBONDCH,EQ,CHEMBOND CHEMICAL LIMITED,122.0,126.0,117.0,121.97,24079,2926171.41,20260325,121.65666666666668,121.5,121.81333333333336,121.81333333333336,121.5,0.313333333333361,0.2568937716925153,Moderate,Bullish,Above CPR,Cash Only,Chemicals & Fertilizers,False,False,0.0833333333333333,60,1605275.4049999998,Higher,True,Long,False,Long,62,Mixed,CPR width: 0.2569% (12/20); Price location: Above CPR (20/20); Trend: unavailable (10/20); Participation: unavailable (10/20); Higher timeframe: unavailable (10/20),Standard CPR,Not applicable,Not applicable,Standard CPR; Wide CPR rules not applied,None,0,No active J-Curve setup.
MEGASTAR,EQ,MEGASTAR FOODS LIMITED,260.0,261.0,255.0,259.01,39433,10242428.05,20260325,258.33666666666664,258.0,258.6733333333333,258.6733333333333,258.0,0.6733333333332894,0.2599642227455656,Moderate,Bullish,Above CPR,Cash Only,Energy & Oil/Gas,False,False,0.2424242424242424,33,3775824.35,Higher,True,Long,False,Long,62,Mixed,CPR width: 0.2600% (12/20); Price location: Above CPR (20/20); Trend: unavailable (10/20); Participation: unavailable (10/20); Higher timeframe: unavailable (10/20),Standard CPR,Not applicable,Not applicable,Standard CPR; Wide CPR rules not applied,None,0,No active J-Curve setup.
KIRLPNU,EQ,KIRLOSKAR PNEUMATIC COM L,1079.9,1119.9,1068.9,1098.7,61359,67910595.7,20260325,1095.8333333333333,1094.4,1097.2666666666664,1097.2666666666664,1094.4,2.866666666666333,0.2609144140043991,Moderate,Bullish,Above CPR,Cash Only,Diversified,False,False,0.2,60,76782469.9,Higher,True,Long,False,Long,62,Mixed,CPR width: 0.2609% (12/20); Price location: Above CPR (20/20); Trend: unavailable (10/20); Participation: unavailable (10/20); Higher timeframe: unavailable (10/20),Standard CPR,Not applicable,Not applicable,Standard CPR; Wide CPR rules not applied,None,0,No active J-Curve setup.
ZEELEARN,EQ,ZEE LEARN LIMITED,4.93,5.19,4.93,5.08,1656482,8372031.79,20260325,5.066666666666667,5.0600000000000005,5.073333333333334,5.073333333333334,5.0600000000000005,0.0133333333333336,0.2624671916010559,Moderate,Bullish,Above CPR,Cash Only,Diversified,False,False,0.1833333333333333,60,2748117.4450000003,Higher,True,Long,False,Long,62,Mixed,CPR width: 0.2625% (12/20); Price location: Above CPR (20/20); Trend: unavailable (10/20); Participation: unavailable (10/20); Higher timeframe: unavailable (10/20),Standard CPR,Not applicable,Not applicable,Standard CPR; Wide CPR rules not applied,None,0,No active J-Curve setup.
GENCON,EQ,GENERIC ENG CONS PROJ LTD,41.8,43.45,41.31,42.55,73842,3155571.24,20260325,42.43666666666667,42.38,42.49333333333333,42.49333333333333,42.38,0.1133333333333297,0.2663533098315622,Moderate,Bullish,Above CPR,Cash Only,Diversified,False,False,0.15,60,9825879.765,Higher,True,Long,False,Long,62,Mixed,CPR width: 0.2664% (12/20); Price location: Above CPR (20/20); Trend: unavailable (10/20); Participation: unavailable (10/20); Higher timeframe: unavailable (10/20),Standard CPR,Not applicable,Not applicable,Standard CPR; Wide CPR rules not applied,None,0,No active J-Curve setup.
INDIAMART,EQ,INDIAMART INTERMESH LTD,1970.0,2045.2,1970.0,2015.7,131715,267112935.6,20260325,2010.3,2007.6,2013.0,2013.0,2007.6,5.400000000000091,0.2678970084834098,Moderate,Bullish,Above CPR,Cash Only,Consumer Services,False,False,0.3,60,211943315.65,Higher,False,No setup,True,Neutral,0,Not applicable,No directional setup; confirmation score not applicable.,Standard CPR,Not applicable,Not applicable,Standard CPR; Wide CPR rules not applied,None,0,No active J-Curve setup.
BAJAJHIND,EQ,BAJAJ HINDUSTHAN SUGAR LT,15.73,16.44,15.73,16.15,12901913,209689109.02,20260325,16.106666666666666,16.085,16.12833333333333,16.12833333333333,16.085,0.0433333333333294,0.2683178534571483,Moderate,Bullish,Above CPR,Cash Only,Diversified,False,False,0.2,60,93576273.75,Higher,True,Long,False,Long,62,Mixed,CPR width: 0.2683% (12/20); Price location: Above CPR (20/20); Trend: unavailable (10/20); Participation: unavailable (10/20); Higher timeframe: unavailable (10/20),Standard CPR,Not applicable,Not applicable,Standard CPR; Wide CPR rules not applied,None,0,No active J-Curve setup.
POONAWALLA,EQ,POONAWALLA FINCORP LTD,385.25,396.0,382.15,390.65,740297,290135076.2,20260325,389.6,389.075,390.125,390.125,389.075,1.0499999999999543,0.2687827979009227,Moderate,Bullish,Above CPR,Cash Only,Financial Services,False,False,0.2166666666666666,60,527475479.275,Higher,True,Long,True,Long,62,Mixed,CPR width: 0.2688% (12/20); Price location: Above CPR (20/20); Trend: unavailable (10/20); Participation: unavailable (10/20); Higher timeframe: unavailable (10/20),Standard CPR,Not applicable,Not applicable,Standard CPR; Wide CPR rules not applied,None,0,No active J-Curve setup.
TEAMLEASE,EQ,TEAMLEASE SERVICES LTD.,1210.5,1234.0,1183.6,1213.7,45323,55408724.9,20260325,1210.4333333333334,1208.8,1212.0666666666668,1212.0666666666668,1208.8,3.266666666666879,0.2691494328637125,Moderate,Bullish,Above CPR,Cash Only,FMCG & Food Products,False,False,0.3833333333333333,60,26609608.35,Higher,False,No setup,False,Neutral,0,Not applicable,No directional setup; confirmation score not applicable.,Standard CPR,Not applicable,Not applicable,Standard CPR; Wide CPR rules not applied,None,0,No active J-Curve setup.
UNIVASTU,EQ,UNIVASTU INDIA LIMITED,64.8,64.8,60.65,62.98,84269,5345157.1,20260325,62.81,62.725,62.895,62.895,62.725,0.1700000000000017,0.2699269609399837,Moderate,Bullish,Above CPR,Cash Only,Diversified,False,False,0.2166666666666666,60,2198856.61,Lower,True,No setup,False,Neutral,0,Not applicable,No directional setup; confirmation score not applicable.,Standard CPR,Not applicable,Not applicable,Standard CPR; Wide CPR rules not applied,None,0,No active J-Curve setup.
EIDPARRY,EQ,EID PARRY INDIA LTD,801.0,818.0,792.0,808.3,269996,218553550.0,20260325,806.1,805.0,807.2,807.2,805.0,2.200000000000045,0.2721761722132927,Moderate,Bullish,Above CPR,Cash Only,Fast Moving Consumer Goods,False,False,0.3166666666666666,60,162878974.325,Higher,False,No setup,True,Neutral,0,Not applicable,No directional setup; confirmation score not applicable.,Standard CPR,Not applicable,Not applicable,Standard CPR; Wide CPR rules not applied,None,0,No active J-Curve setup.
INFY,EQ,INFOSYS LIMITED,1270.0,1290.6,1257.1,1279.1,10824030,13858842535.0,20260325,1275.6,1273.85,1277.35,1277.35,1273.85,3.5,0.2736298960206395,Moderate,Bullish,Above CPR,Cash Only,Information Technology,False,False,0.4333333333333333,60,13288275542.35,Outside,False,No setup,True,Neutral,0,Not applicable,No directional setup; confirmation score not applicable.,Standard CPR,Not applicable,Not applicable,Standard CPR; Wide CPR rules not applied,None,0,No active J-Curve setup.
NDTV,EQ,NDTV LTD,67.11,70.88,67.11,69.28,314923,21922195.41,20260325,69.09,68.995,69.185,69.185,68.995,0.1899999999999977,0.2742494226327912,Moderate,Bullish,Above CPR,Cash Only,Diversified,False,False,0.2333333333333333,60,19442541.18,Higher,True,Long,False,Long,62,Mixed,CPR width: 0.2742% (12/20); Price location: Above CPR (20/20); Trend: unavailable (10/20); Participation: unavailable (10/20); Higher timeframe: unavailable (10/20),Standard CPR,Not applicable,Not applicable,Standard CPR; Wide CPR rules not applied,None,0,No active J-Curve setup.
M&MFIN,EQ,M&M FIN. SERVICES LTD,308.0,321.4,307.6,315.8,1707788,541937081.7,20260325,314.93333333333334,314.5,315.3666666666667,315.3666666666667,314.5,0.8666666666666742,0.2744352966012268,Moderate,Bullish,Above CPR,Cash Only,Financial Services,False,False,0.2,60,659265415.825,Higher,True,Long,True,Long,62,Mixed,CPR width: 0.2744% (12/20); Price location: Above CPR (20/20); Trend: unavailable (10/20); Participation: unavailable (10/20); Higher timeframe: unavailable (10/20),Standard CPR,Not applicable,Not applicable,Standard CPR; Wide CPR rules not applied,None,0,No active J-Curve setup.
JAYBARMARU,EQ,JAY BHARAT MARUTI LTD,81.45,84.94,81.45,83.54,141748,11880599.62,20260325,83.31,83.195,83.42500000000001,83.42500000000001,83.195,0.2300000000000182,0.2753172133110105,Moderate,Bullish,Above CPR,Cash Only,Diversified,False,False,0.1333333333333333,60,20234883.83,Higher,True,Long,False,Long,62,Mixed,CPR width: 0.2753% (12/20); Price location: Above CPR (20/20); Trend: unavailable (10/20); Participation: unavailable (10/20); Higher timeframe: unavailable (10/20),Standard CPR,Not applicable,Not applicable,Standard CPR; Wide CPR rules not applied,None,0,No active J-Curve setup.
JKCEMENT,EQ,JK CEMENT LIMITED,5122.5,5363.0,5117.5,5262.0,132247,703360018.5,20260325,5247.5,5240.25,5254.75,5254.75,5240.25,14.5,0.2755606233371341,Moderate,Bullish,Above CPR,Cash Only,Construction Materials,False,False,0.25,60,435718501.5,Higher,True,Long,True,Long,62,Mixed,CPR width: 0.2756% (12/20); Price location: Above CPR (20/20); Trend: unavailable (10/20); Participation: unavailable (10/20); Higher timeframe: unavailable (10/20),Standard CPR,Not applicable,Not applicable,Standard CPR; Wide CPR rules not applied,None,0,No active J-Curve setup.
DIGIDRIVE,EQ,DIGIDRIVE DISTRIBUTORS L,19.3,20.1,18.4,19.33,16601,323497.49,20260325,19.276666666666667,19.25,19.30333333333333,19.30333333333333,19.25,0.0533333333333345,0.2759096395930397,Moderate,Bullish,Above CPR,Cash Only,Diversified,False,False,0.2166666666666666,60,533697.16,Lower,True,No setup,False,Neutral,0,Not applicable,No directional setup; confirmation score not applicable.,Standard CPR,Not applicable,Not applicable,Standard CPR; Wide CPR rules not applied,None,0,No active J-Curve setup.
PNBHOUSING,EQ,PNB HOUSING FIN LTD.,789.0,812.9,786.15,802.85,1626626,1307869966.3,20260325,800.6333333333333,799.525,801.7416666666667,801.7416666666667,799.525,2.216666666666697,0.2760997280521513,Moderate,Bullish,Above CPR,Cash Only,Financial Services,False,False,0.2833333333333333,60,761127389.0999999,Higher,False,No setup,True,Neutral,0,Not applicable,No directional setup; confirmation score not applicable.,Standard CPR,Not applicable,Not applicable,Standard CPR; Wide CPR rules not applied,None,0,No active J-Curve setup.
AARVI,EQ,AARVI ENCON LIMITED,126.09,129.0,125.66,127.86,13286,1692853.7,20260325,127.50666666666666,127.33,127.68333333333332,127.68333333333332,127.33,0.3533333333333246,0.2763439178267829,Moderate,Bullish,Above CPR,Cash Only,Diversified,False,False,0.2166666666666666,60,1993912.555,Higher,True,Long,False,Long,62,Mixed,CPR width: 0.2763% (12/20); Price location: Above CPR (20/20); Trend: unavailable (10/20); Participation: unavailable (10/20); Higher timeframe: unavailable (10/20),Standard CPR,Not applicable,Not applicable,Standard CPR; Wide CPR rules not applied,None,0,No active J-Curve setup.
INOXINDIA,EQ,INOX INDIA LIMITED,1208.8,1262.0,1205.3,1238.8,203621,253559187.8,20260325,1235.3666666666668,1233.65,1237.0833333333337,1237.0833333333337,1233.65,3.433333333333394,0.2771499300398283,Moderate,Bullish,Above CPR,Cash Only,Diversified,False,False,0.3833333333333333,60,58082768.35,Higher,False,No setup,False,Neutral,0,Not applicable,No directional setup; confirmation score not applicable.,Standard CPR,Not applicable,Not applicable,Standard CPR; Wide CPR rules not applied,None,0,No active J-Curve setup.
RAIN,EQ,RAIN INDUSTRIES LIMITED,106.1,112.36,106.1,109.69,3952524,434576385.89,20260325,109.38333333333333,109.23,109.53666666666666,109.53666666666666,109.23,0.3066666666666719,0.2795757741514011,Moderate,Bullish,Above CPR,Cash Only,Diversified,False,False,0.2166666666666666,60,412441741.745,Higher,True,Long,False,Long,62,Mixed,CPR width: 0.2796% (12/20); Price location: Above CPR (20/20); Trend: unavailable (10/20); Participation: unavailable (10/20); Higher timeframe: unavailable (10/20),Standard CPR,Not applicable,Not applicable,Standard CPR; Wide CPR rules not applied,None,0,No active J-Curve setup.
VASCONEQ,EQ,VASCON ENGINEERS LTD,31.01,32.74,30.89,31.95,1754888,56397493.63,20260325,31.86,31.815,31.905,31.905,31.815,0.0899999999999963,0.2816901408450588,Moderate,Bullish,Above CPR,Cash Only,Diversified,False,False,0.2,60,31389466.33,Higher,True,Long,False,Long,62,Mixed,CPR width: 0.2817% (12/20); Price location: Above CPR (20/20); Trend: unavailable (10/20); Participation: unavailable (10/20); Higher timeframe: unavailable (10/20),Standard CPR,Not applicable,Not applicable,Standard CPR; Wide CPR rules not applied,None,0,No active J-Curve setup.
HIRECT,EQ,HIND RECTIFIER LIMITED,1550.0,1630.0,1532.5,1588.0,86821,138214698.9,20260325,1583.5,1581.25,1585.75,1585.75,1581.25,4.5,0.2833753148614609,Moderate,Bullish,Above CPR,Cash Only,Diversified,False,False,0.2666666666666666,60,36097395.35,Higher,False,No setup,False,Neutral,0,Not applicable,No directional setup; confirmation score not applicable.,Standard CPR,Not applicable,Not applicable,Standard CPR; Wide CPR rules not applied,None,0,No active J-Curve setup.
STAR,EQ,STRIDES PHARMA SCI LTD,917.0,940.35,910.15,929.2,323632,300131112.1,20260325,926.5666666666666,925.25,927.8833333333332,927.8833333333332,925.25,2.633333333333212,0.283397905007879,Moderate,Bullish,Above CPR,Cash Only,Diversified,False,False,0.2666666666666666,60,226592535.525,Higher,False,No setup,False,Neutral,0,Not applicable,No directional setup; confirmation score not applicable.,Standard CPR,Not applicable,Not applicable,Standard CPR; Wide CPR rules not applied,None,0,No active J-Curve setup.
TATATECH,EQ,TATA TECHNOLOGIES LIMITED,534.95,548.3,534.75,543.85,1117795,609002508.75,20260325,542.3000000000001,541.525,543.0750000000002,543.0750000000002,541.525,1.550000000000182,0.2850050565413591,Moderate,Bullish,Above CPR,Cash Only,Information Technology,False,False,0.5,60,518847247.475,Higher,False,No setup,True,Neutral,0,Not applicable,No directional setup; confirmation score not applicable.,Standard CPR,Not applicable,Not applicable,Standard CPR; Wide CPR rules not applied,None,0,No active J-Curve setup.
MUNJALAU,EQ,MUNJAL AUTO IND. LTD.,72.86,75.0,72.86,74.25,64485,4792226.66,20260325,74.03666666666668,73.93,74.14333333333335,74.14333333333335,73.93,0.2133333333333382,0.2873176206509606,Moderate,Bullish,Above CPR,Cash Only,Diversified,False,False,0.4166666666666667,60,6031432.515000001,Higher,False,No setup,False,Neutral,0,Not applicable,No directional setup; confirmation score not applicable.,Standard CPR,Not applicable,Not applicable,Standard CPR; Wide CPR rules not applied,None,0,No active J-Curve setup.
NESTLEIND,EQ,NESTLE INDIA LIMITED,1183.2,1217.8,1180.0,1204.1,1003662,1209730496.8,20260325,1200.6333333333334,1198.9,1202.3666666666668,1202.3666666666668,1198.9,3.466666666666697,0.2879052127453448,Moderate,Bullish,Above CPR,Cash Only,Fast Moving Consumer Goods,False,False,0.55,60,1216090065.6,Higher,False,No setup,True,Neutral,0,Not applicable,No directional setup; confirmation score not applicable.,Standard CPR,Not applicable,Not applicable,Standard CPR; Wide CPR rules not applied,None,0,No active J-Curve setup.
YESBANK,EQ,YES BANK LIMITED,18.22,18.58,18.2,18.47,89076218,1645691444.06,20260325,18.416666666666668,18.39,18.44333333333333,18.44333333333333,18.39,0.0533333333333345,0.2887565421404145,Moderate,Bullish,Above CPR,Cash Only,Financial Services,False,False,0.5333333333333333,60,1722390623.245,Higher,False,No setup,True,Neutral,0,Not applicable,No directional setup; confirmation score not applicable.,Standard CPR,Not applicable,Not applicable,Standard CPR; Wide CPR rules not applied,None,0,No active J-Curve setup.
SUPRIYA,EQ,SUPRIYA LIFESCIENCE LTD,574.8,605.95,574.1,592.6,224801,133631506.45,20260325,590.8833333333333,590.0250000000001,591.7416666666666,591.7416666666666,590.0250000000001,1.7166666666664696,0.2896838789514798,Moderate,Bullish,Above CPR,Cash Only,Diversified,False,False,0.3,60,85010782.2,Higher,False,No setup,False,Neutral,0,Not applicable,No directional setup; confirmation score not applicable.,Standard CPR,Not applicable,Not applicable,Standard CPR; Wide CPR rules not applied,None,0,No active J-Curve setup.
CANBK,EQ,CANARA BANK,134.8,137.59,134.28,136.53,21680573,2962034407.57,20260325,136.13333333333333,135.935,136.33166666666665,136.33166666666665,135.935,0.3966666666666469,0.2905344368758858,Moderate,Bullish,Above CPR,Cash Only,Financial Services,False,False,0.3333333333333333,60,3606054360.535,Higher,False,No setup,True,Neutral,0,Not applicable,No directional setup; confirmation score not applicable.,Standard CPR,Not applicable,Not applicable,Standard CPR; Wide CPR rules not applied,None,0,No active J-Curve setup.
MAYURUNIQ,EQ,MAYUR UNIQUOTERS LTD,520.0,538.95,520.0,531.8,97052,51791120.3,20260325,530.25,529.475,531.025,531.025,529.475,1.5499999999999543,0.2914629559984871,Moderate,Bullish,Above CPR,Cash Only,Diversified,False,False,0.3833333333333333,60,31346987.575,Higher,False,No setup,False,Neutral,0,Not applicable,No directional setup; confirmation score not applicable.,Standard CPR,Not applicable,Not applicable,Standard CPR; Wide CPR rules not applied,None,0,No active J-Curve setup.
COHANCE,EQ,COHANCE LIFESCIENCES LTD,297.5,312.15,297.4,306.15,644571,197445955.95,20260325,305.2333333333333,304.775,305.6916666666666,305.6916666666666,304.775,0.9166666666666288,0.2994174968697138,Moderate,Bullish,Above CPR,Cash Only,Healthcare,False,False,0.3,60,230232283.5,Higher,False,No setup,True,Neutral,0,Not applicable,No directional setup; confirmation score not applicable.,Standard CPR,Not applicable,Not applicable,Standard CPR; Wide CPR rules not applied,None,0,No active J-Curve setup.
ALLDIGI,EQ,ALLDIGI TECH LIMITED,751.0,775.0,741.65,761.75,10612,8099533.45,20260325,759.4666666666667,758.325,760.6083333333333,760.6083333333333,758.325,2.283333333333303,0.2997483863909816,Moderate,Bullish,Above CPR,Cash Only,Diversified,False,False,0.2666666666666666,60,6078581.025,Higher,False,No setup,False,Neutral,0,Not applicable,No directional setup; confirmation score not applicable.,Standard CPR,Not applicable,Not applicable,Standard CPR; Wide CPR rules not applied,None,0,No active J-Curve setup.
PNB,EQ,PUNJAB NATIONAL BANK,108.6,110.85,108.3,110.07,20472368,2244414650.97,20260325,109.74,109.575,109.905,109.905,109.575,0.3300000000000125,0.2998092123194444,Moderate,Bullish,Above CPR,Cash Only,Financial Services,False,False,0.3666666666666666,60,1942050646.67,Higher,False,No setup,True,Neutral,0,Not applicable,No directional setup; confirmation score not applicable.,Standard CPR,Not applicable,Not applicable,Standard CPR; Wide CPR rules not applied,None,0,No active J-Curve setup.
UNIONBANK,EQ,UNION BANK OF INDIA,176.01,183.49,175.52,180.32,17554430,3170650281.49,20260325,179.77666666666664,179.505,180.0483333333333,180.0483333333333,179.505,0.5433333333332939,0.3013161786453493,Moderate,Bullish,Above CPR,Cash Only,Financial Services,False,False,0.2833333333333333,60,2652340759.675,Higher,False,No setup,True,Neutral,0,Not applicable,No directional setup; confirmation score not applicable.,Standard CPR,Not applicable,Not applicable,Standard CPR; Wide CPR rules not applied,None,0,No active J-Curve setup.
AJMERA,EQ,AJMERA REALTY & INF I LTD,104.93,112.89,104.9,109.39,638153,69989433.59,20260325,109.06,108.895,109.225,109.225,108.895,0.3299999999999841,0.3016729134290009,Moderate,Bullish,Above CPR,Cash Only,Diversified,False,False,0.2166666666666666,60,37420779.785,Higher,True,Long,False,Long,62,Mixed,CPR width: 0.3017% (12/20); Price location: Above CPR (20/20); Trend: unavailable (10/20); Participation: unavailable (10/20); Higher timeframe: unavailable (10/20),Standard CPR,Not applicable,Not applicable,Standard CPR; Wide CPR rules not applied,None,0,No active J-Curve setup.
SOLARA,EQ,SOLARA ACTIVE PHA SCI LTD,442.0,468.5,440.65,456.65,175253,80333119.2,20260325,455.26666666666665,454.575,455.9583333333333,455.9583333333333,454.575,1.3833333333333258,0.3029307638964909,Moderate,Bullish,Above CPR,Cash Only,Power & Utilities,False,False,0.3166666666666666,60,31448840.575,Higher,False,No setup,False,Neutral,0,Not applicable,No directional setup; confirmation score not applicable.,Standard CPR,Not applicable,Not applicable,Standard CPR; Wide CPR rules not applied,None,0,No active J-Curve setup.
CONCOR,EQ,CONTAINER CORP OF IND LTD,443.0,450.55,435.7,445.15,1469610,654305002.8,20260325,443.8,443.125,444.475,444.475,443.125,1.3500000000000227,0.3032685611591649,Moderate,Bullish,Above CPR,Cash Only,Services,False,False,0.4666666666666667,60,664588820.8499999,Higher,False,No setup,True,Neutral,0,Not applicable,No directional setup; confirmation score not applicable.,Standard CPR,Not applicable,Not applicable,Standard CPR; Wide CPR rules not applied,None,0,No active J-Curve setup.
ACC,EQ,ACC LIMITED,1340.0,1383.3,1340.0,1367.9,254138,348455983.6,20260325,1363.7333333333331,1361.65,1365.8166666666666,1365.8166666666666,1361.65,4.166666666666515,0.3046031629992335,Moderate,Bullish,Above CPR,Cash Only,Construction Materials,False,False,0.5333333333333333,60,281938443.9,Higher,False,No setup,True,Neutral,0,Not applicable,No directional setup; confirmation score not applicable.,Standard CPR,Not applicable,Not applicable,Standard CPR; Wide CPR rules not applied,None,0,No active J-Curve setup.
RUCHIRA,EQ,RUCHIRA PAPERS LIMITED,100.0,102.28,98.02,100.61,61982,6245959.03,20260325,100.30333333333334,100.15,100.45666666666668,100.45666666666668,100.15,0.3066666666666719,0.3048073418811967,Moderate,Bullish,Above CPR,Cash Only,Diversified,False,False,0.3166666666666666,60,3621412.545,Lower,False,No setup,False,Neutral,0,Not applicable,No directional setup; confirmation score not applicable.,Standard CPR,Not applicable,Not applicable,Standard CPR; Wide CPR rules not applied,None,0,No active J-Curve setup.
ROSSARI,EQ,ROSSARI BIOTECH LIMITED,397.9,429.0,397.9,415.35,200124,83675264.45,20260325,414.0833333333333,413.45,414.7166666666666,414.7166666666666,413.45,1.2666666666666515,0.3049636852453717,Moderate,Bullish,Above CPR,Cash Only,Diversified,False,False,0.4166666666666667,60,20040549.225,Higher,False,No setup,False,Neutral,0,Not applicable,No directional setup; confirmation score not applicable.,Standard CPR,Not applicable,Not applicable,Standard CPR; Wide CPR rules not applied,None,0,No active J-Curve setup.
DOMS,EQ,DOMS INDUSTRIES LIMITED,2300.0,2363.0,2290.8,2337.6,96770,226087957.0,20260325,2330.4666666666667,2326.9,2334.0333333333333,2334.0333333333333,2326.9,7.133333333333212,0.3051562856490936,Moderate,Bullish,Above CPR,Cash Only,Fast Moving Consumer Goods,False,False,0.45,60,99910174.75,Higher,False,No setup,True,Neutral,0,Not applicable,No directional setup; confirmation score not applicable.,Standard CPR,Not applicable,Not applicable,Standard CPR; Wide CPR rules not applied,None,0,No active J-Curve setup.
RECLTD,EQ,REC LIMITED,324.9,329.15,323.25,327.7,6889607,2255916457.85,20260325,326.7,326.2,327.2,327.2,326.2,1.0,0.3051571559353067,Moderate,Bullish,Above CPR,Cash Only,Financial Services,False,False,0.4166666666666667,60,2960610189.05,Higher,False,No setup,True,Neutral,0,Not applicable,No directional setup; confirmation score not applicable.,Standard CPR,Not applicable,Not applicable,Standard CPR; Wide CPR rules not applied,None,0,No active J-Curve setup.
JKLAKSHMI,EQ,JK LAKSHMI CEMENT LTD,607.65,625.55,600.6,615.9,140128,86457358.6,20260325,614.0166666666668,613.075,614.9583333333335,614.9583333333335,613.075,1.8833333333334397,0.3057855712507614,Moderate,Bullish,Above CPR,Cash Only,Diversified,False,False,0.2833333333333333,60,84048409.975,Higher,False,No setup,False,Neutral,0,Not applicable,No directional setup; confirmation score not applicable.,Standard CPR,Not applicable,Not applicable,Standard CPR; Wide CPR rules not applied,None,0,No active J-Curve setup.
SPANDANA,EQ,SPANDANA SPHOORTY FIN LTD,199.8,212.0,199.8,206.85,232738,48346549.6,20260325,206.21666666666667,205.9,206.53333333333333,206.53333333333333,205.9,0.6333333333333258,0.30618000161147,Moderate,Bullish,Above CPR,Cash Only,Diversified,False,False,0.2166666666666666,60,35831957.775,Higher,True,Long,False,Long,62,Mixed,CPR width: 0.3062% (12/20); Price location: Above CPR (20/20); Trend: unavailable (10/20); Participation: unavailable (10/20); Higher timeframe: unavailable (10/20),Standard CPR,Not applicable,Not applicable,Standard CPR; Wide CPR rules not applied,None,0,No active J-Curve setup.
ALGOQUANT,EQ,ALGOQUANT FINTECH LIMITED,52.2,53.95,52.2,53.32,1375166,73792278.7,20260325,53.156666666666666,53.075,53.23833333333333,53.23833333333333,53.075,0.1633333333333269,0.3063265816453993,Moderate,Bullish,Above CPR,Cash Only,Diversified,False,False,0.2962962962962963,54,47350218.765,Higher,False,No setup,False,Neutral,0,Not applicable,No directional setup; confirmation score not applicable.,Standard CPR,Not applicable,Not applicable,Standard CPR; Wide CPR rules not applied,None,0,No active J-Curve setup.
PRAENG,EQ,PRAJAY ENG. SYN. LTD.,19.47,20.29,18.65,19.56,41701,820524.39,20260325,19.5,19.47,19.53,19.53,19.47,0.0600000000000022,0.3067484662576803,Moderate,Bullish,Above CPR,Cash Only,Diversified,False,False,0.1891891891891892,37,820524.39,Higher,True,Long,False,Long,62,Mixed,CPR width: 0.3067% (12/20); Price location: Above CPR (20/20); Trend: unavailable (10/20); Participation: unavailable (10/20); Higher timeframe: unavailable (10/20),Standard CPR,Not applicable,Not applicable,Standard CPR; Wide CPR rules not applied,None,0,No active J-Curve setup.
LORDSCHLO,EQ,LORDS CHLORO ALKALI LTD,114.0,119.38,114.0,117.23,11026,1295391.53,20260325,116.87,116.69,117.05,117.05,116.69,0.3600000000000136,0.3070886291904918,Moderate,Bullish,Above CPR,Cash Only,Diversified,False,False,0.2166666666666666,60,2017288.455,Higher,True,Long,False,Long,62,Mixed,CPR width: 0.3071% (12/20); Price location: Above CPR (20/20); Trend: unavailable (10/20); Participation: unavailable (10/20); Higher timeframe: unavailable (10/20),Standard CPR,Not applicable,Not applicable,Standard CPR; Wide CPR rules not applied,None,0,No active J-Curve setup.
HONAUT,EQ,HONEYWELL AUTOMATION IND,27700.0,28450.0,27700.0,28205.0,4305,121326945.0,20260325,28118.33333333333,28075.0,28161.666666666664,28161.666666666664,28075.0,86.66666666666424,0.3072741239732822,Moderate,Bullish,Above CPR,Cash Only,Capital Goods,False,False,0.5,60,111625112.5,Higher,False,No setup,True,Neutral,0,Not applicable,No directional setup; confirmation score not applicable.,Standard CPR,Not applicable,Not applicable,Standard CPR; Wide CPR rules not applied,None,0,No active J-Curve setup.
ONGC,EQ,OIL AND NATURAL GAS CORP.,267.35,271.5,266.4,270.2,13380625,3609745745.05,20260325,269.3666666666666,268.95,269.78333333333325,269.78333333333325,268.95,0.8333333333332575,0.308413520848726,Moderate,Bullish,Above CPR,Cash Only,Oil Gas & Consumable Fuels,False,False,0.3333333333333333,60,4330164740.125,Inside,False,No setup,True,Neutral,0,Not applicable,No directional setup; confirmation score not applicable.,Standard CPR,Not applicable,Not applicable,Standard CPR; Wide CPR rules not applied,None,0,No active J-Curve setup.
STYL,EQ,SESHAASAI TECHNOLOGIES L,224.95,229.0,222.08,226.61,138355,31386500.68,20260325,225.89666666666668,225.54,226.25333333333333,226.25333333333333,225.54,0.7133333333333098,0.3147845784975552,Moderate,Bullish,Above CPR,Cash Only,Diversified,False,False,0.3,60,29850457.055,Higher,False,No setup,False,Neutral,0,Not applicable,No directional setup; confirmation score not applicable.,Standard CPR,Not applicable,Not applicable,Standard CPR; Wide CPR rules not applied,None,0,No active J-Curve setup.
ORIENTTECH,EQ,ORIENT TECHNOLOGIES LTD,254.0,261.75,252.3,258.25,220153,56910734.1,20260325,257.43333333333334,257.025,257.8416666666667,257.8416666666667,257.025,0.8166666666667197,0.3162310422717211,Moderate,Bullish,Above CPR,Cash Only,Information Technology,False,False,0.2166666666666666,60,137892026.05,Higher,True,Long,False,Long,62,Mixed,CPR width: 0.3162% (12/20); Price location: Above CPR (20/20); Trend: unavailable (10/20); Participation: unavailable (10/20); Higher timeframe: unavailable (10/20),Standard CPR,Not applicable,Not applicable,Standard CPR; Wide CPR rules not applied,None,0,No active J-Curve setup.
POWERINDIA,EQ,HITACHI ENERGY INDIA LTD,25300.0,25850.0,25245.0,25670.0,111610,2859799725.0,20260325,25588.33333333333,25547.5,25629.166666666664,25629.166666666664,25547.5,81.66666666666424,0.3181405012335965,Moderate,Bullish,Above CPR,Cash Only,Capital Goods,False,False,0.3333333333333333,60,3060836556.0,Higher,False,No setup,True,Neutral,0,Not applicable,No directional setup; confirmation score not applicable.,Standard CPR,Not applicable,Not applicable,Standard CPR; Wide CPR rules not applied,None,0,No active J-Curve setup.
ELGIRUBCO,EQ,ELGI RUBBER CO. LTD,37.96,38.7,36.2,37.63,90250,3402017.23,20260325,37.51,37.45,37.56999999999999,37.56999999999999,37.45,0.1199999999999903,0.3188944990698653,Moderate,Bullish,Above CPR,Cash Only,Diversified,False,False,0.1,60,1435196.28,Inside,True,No setup,False,Neutral,0,Not applicable,No directional setup; confirmation score not applicable.,Standard CPR,Not applicable,Not applicable,Standard CPR; Wide CPR rules not applied,None,0,No active J-Curve setup.
WAAREEENER,EQ,WAAREE ENERGIES LIMITED,3142.0,3197.1,3128.1,3177.9,1679711,5318652316.8,20260325,3167.7000000000003,3162.6,3172.8000000000006,3172.8000000000006,3162.6,10.200000000000728,0.3209666761068859,Moderate,Bullish,Above CPR,Cash Only,Capital Goods,False,False,0.3333333333333333,60,3835068320.9,Higher,False,No setup,True,Neutral,0,Not applicable,No directional setup; confirmation score not applicable.,Standard CPR,Not applicable,Not applicable,Standard CPR; Wide CPR rules not applied,None,0,No active J-Curve setup.
SUTLEJTEX,EQ,SUTLEJ TEXT & INDUS LTD,27.35,28.42,27.35,28.02,178714,5012360.97,20260325,27.930000000000003,27.885,27.975000000000005,27.975000000000005,27.885,0.0900000000000034,0.3211991434689629,Moderate,Bullish,Above CPR,Cash Only,Diversified,False,False,0.3,60,1212677.575,Lower,False,No setup,False,Neutral,0,Not applicable,No directional setup; confirmation score not applicable.,Standard CPR,Not applicable,Not applicable,Standard CPR; Wide CPR rules not applied,None,0,No active J-Curve setup.
CGCL,EQ,CAPRI GLOBAL CAPITAL LTD,171.2,172.0,166.37,170.01,1831601,310566473.81,20260325,169.46,169.185,169.735,169.735,169.185,0.5500000000000114,0.3235103817422571,Moderate,Bullish,Above CPR,Cash Only,Financial Services,False,False,0.1833333333333333,60,155397320.325,Higher,True,Long,True,Long,62,Mixed,CPR width: 0.3235% (12/20); Price location: Above CPR (20/20); Trend: unavailable (10/20); Participation: unavailable (10/20); Higher timeframe: unavailable (10/20),Standard CPR,Not applicable,Not applicable,Standard CPR; Wide CPR rules not applied,None,0,No active J-Curve setup.
VEDL,EQ,VEDANTA LIMITED,661.0,673.8,659.0,669.65,12926445,8639691023.35,20260325,667.4833333333332,666.4,668.5666666666665,668.5666666666665,666.4,2.166666666666515,0.3235521043330867,Moderate,Bullish,Above CPR,Cash Only,Metals & Mining,False,False,0.35,60,9441638624.775002,Higher,False,No setup,True,Neutral,0,Not applicable,No directional setup; confirmation score not applicable.,Standard CPR,Not applicable,Not applicable,Standard CPR; Wide CPR rules not applied,None,0,No active J-Curve setup.
DICIND,EQ,DIC INDIA LIMITED,491.85,521.9,491.85,509.35,2466,1265595.25,20260325,507.7,506.875,508.525,508.525,506.875,1.6499999999999773,0.3239422793756704,Moderate,Bullish,Above CPR,Cash Only,Diversified,False,False,0.2666666666666666,60,903550.15,Overlapping,False,No setup,False,Neutral,0,Not applicable,No directional setup; confirmation score not applicable.,Standard CPR,Not applicable,Not applicable,Standard CPR; Wide CPR rules not applied,None,0,No active J-Curve setup.
ALPHAGEO,EQ,ALPHAGEO (INDIA) LIMITED,187.0,193.0,182.92,188.88,35568,6731424.27,20260325,188.26666666666665,187.96,188.57333333333327,188.57333333333327,187.96,0.6133333333333439,0.3247211633488691,Moderate,Bullish,Above CPR,Cash Only,Diversified,False,False,0.2333333333333333,60,1074771.15,Higher,True,Long,False,Long,62,Mixed,CPR width: 0.3247% (12/20); Price location: Above CPR (20/20); Trend: unavailable (10/20); Participation: unavailable (10/20); Higher timeframe: unavailable (10/20),Standard CPR,Not applicable,Not applicable,Standard CPR; Wide CPR rules not applied,None,0,No active J-Curve setup.
AKI,EQ,AKI INDIA LIMITED,4.27,4.34,3.8,4.09,305400,1279371.55,20260325,4.076666666666667,4.07,4.083333333333334,4.083333333333334,4.07,0.0133333333333336,0.3259983700081575,Moderate,Bullish,Above CPR,Cash Only,Diversified,False,False,0.1333333333333333,60,451960.14,Lower,True,No setup,False,Neutral,0,Not applicable,No directional setup; confirmation score not applicable.,Standard CPR,Not applicable,Not applicable,Standard CPR; Wide CPR rules not applied,None,0,No active J-Curve setup.
PPLPHARMA,EQ,PIRAMAL PHARMA LIMITED,136.08,145.0,135.76,141.07,4258183,605092040.33,20260325,140.61,140.38,140.83999999999995,140.83999999999995,140.38,0.4599999999999795,0.3260792514354431,Moderate,Bullish,Above CPR,Cash Only,Healthcare,False,False,0.35,60,420950792.26,Higher,False,No setup,True,Neutral,0,Not applicable,No directional setup; confirmation score not applicable.,Standard CPR,Not applicable,Not applicable,Standard CPR; Wide CPR rules not applied,None,0,No active J-Curve setup.
SYRMA,EQ,SYRMA SGS TECHNOLOGY LTD,801.0,831.95,795.55,817.75,2035624,1667742149.0,20260325,815.0833333333334,813.75,816.4166666666667,816.4166666666667,813.75,2.6666666666667425,0.3260980332212463,Moderate,Bullish,Above CPR,Cash Only,Capital Goods,False,False,0.25,60,693931150.425,Higher,True,Long,True,Long,62,Mixed,CPR width: 0.3261% (12/20); Price location: Above CPR (20/20); Trend: unavailable (10/20); Participation: unavailable (10/20); Higher timeframe: unavailable (10/20),Standard CPR,Not applicable,Not applicable,Standard CPR; Wide CPR rules not applied,None,0,No active J-Curve setup.
OMINFRAL,EQ,OM INFRA LIMITED,82.7,86.29,82.0,84.56,155265,13203432.7,20260325,84.28333333333335,84.14500000000001,84.42166666666668,84.42166666666668,84.14500000000001,0.2766666666666708,0.3271838536739248,Moderate,Bullish,Above CPR,Cash Only,Real Estate & Infra,False,False,0.25,60,8830248.32,Higher,True,Long,False,Long,62,Mixed,CPR width: 0.3272% (12/20); Price location: Above CPR (20/20); Trend: unavailable (10/20); Participation: unavailable (10/20); Higher timeframe: unavailable (10/20),Standard CPR,Not applicable,Not applicable,Standard CPR; Wide CPR rules not applied,None,0,No active J-Curve setup.
SHYAMCENT,EQ,SHYAM CENTURY FERROUS LTD,4.08,4.14,3.96,4.07,175594,713662.97,20260325,4.056666666666667,4.05,4.0633333333333335,4.0633333333333335,4.05,0.0133333333333336,0.3276003276003351,Moderate,Bullish,Above CPR,Cash Only,Diversified,False,False,0.1509433962264151,53,1141484.74,Lower,True,No setup,False,Neutral,0,Not applicable,No directional setup; confirmation score not applicable.,Standard CPR,Not applicable,Not applicable,Standard CPR; Wide CPR rules not applied,None,0,No active J-Curve setup.
TI,EQ,TILAKNAGAR INDUSTRIES LTD,437.3,452.4,437.3,447.05,926389,413834830.3,20260325,445.5833333333333,444.85,446.3166666666666,446.3166666666666,444.85,1.4666666666665833,0.3280766506356298,Moderate,Bullish,Above CPR,Cash Only,Diversified,False,False,0.3333333333333333,60,203033603.9,Higher,False,No setup,False,Neutral,0,Not applicable,No directional setup; confirmation score not applicable.,Standard CPR,Not applicable,Not applicable,Standard CPR; Wide CPR rules not applied,None,0,No active J-Curve setup.
FEDFINA,EQ,FEDBANK FINANCIAL SER L,129.5,134.0,129.03,132.17,936186,123577516.53,20260325,131.73333333333332,131.515,131.95166666666665,131.95166666666665,131.515,0.4366666666666674,0.3303825880810074,Moderate,Bullish,Above CPR,Cash Only,Diversified,False,False,0.2833333333333333,60,132734834.435,Higher,False,No setup,False,Neutral,0,Not applicable,No directional setup; confirmation score not applicable.,Standard CPR,Not applicable,Not applicable,Standard CPR; Wide CPR rules not applied,None,0,No active J-Curve setup.
DODLA,EQ,DODLA DAIRY LIMITED,1022.0,1064.0,1022.0,1048.2,68784,72128840.7,20260325,1044.7333333333331,1043.0,1046.4666666666667,1046.4666666666667,1043.0,3.466666666666697,0.3307256884818448,Moderate,Bullish,Above CPR,Cash Only,Diversified,False,False,0.4166666666666667,60,30637928.5,Higher,False,No setup,False,Neutral,0,Not applicable,No directional setup; confirmation score not applicable.,Standard CPR,Not applicable,Not applicable,Standard CPR; Wide CPR rules not applied,None,0,No active J-Curve setup.
IGARASHI,EQ,IGARASHI MOTORS INDIA LTD,300.4,321.0,300.0,312.05,129130,40544161.65,20260325,311.01666666666665,310.5,311.5333333333333,311.5333333333333,310.5,1.033333333333303,0.3311435133258462,Moderate,Bullish,Above CPR,Cash Only,Diversified,False,False,0.3,60,17399581.549999997,Higher,False,No setup,False,Neutral,0,Not applicable,No directional setup; confirmation score not applicable.,Standard CPR,Not applicable,Not applicable,Standard CPR; Wide CPR rules not applied,None,0,No active J-Curve setup.
CYIENT,EQ,CYIENT LIMITED,807.0,827.8,795.45,815.7,586179,477093831.1,20260325,812.9833333333332,811.625,814.3416666666665,814.3416666666665,811.625,2.7166666666664696,0.3330472804543912,Moderate,Bullish,Above CPR,Cash Only,Information Technology,False,False,0.3333333333333333,60,255882247.3,Higher,False,No setup,True,Neutral,0,Not applicable,No directional setup; confirmation score not applicable.,Standard CPR,Not applicable,Not applicable,Standard CPR; Wide CPR rules not applied,None,0,No active J-Curve setup.
HEG,EQ,HEG LTD,496.0,508.5,492.65,503.1,1124120,565429044.45,20260325,501.4166666666667,500.575,502.2583333333334,502.2583333333334,500.575,1.683333333333394,0.3345921950573234,Moderate,Bullish,Above CPR,Cash Only,Capital Goods,False,False,0.3,60,700071707.325,Higher,False,No setup,True,Neutral,0,Not applicable,No directional setup; confirmation score not applicable.,Standard CPR,Not applicable,Not applicable,Standard CPR; Wide CPR rules not applied,None,0,No active J-Curve setup.
SESHAPAPER,EQ,SESHASAYEE PAPER & BOARDS,254.3,259.95,250.95,256.75,28549,7255817.75,20260325,255.88333333333333,255.45,256.31666666666666,256.31666666666666,255.45,0.8666666666666742,0.3375527426160367,Moderate,Bullish,Above CPR,Cash Only,Paper & Packaging,False,False,0.2666666666666666,60,3092279.5250000004,Higher,False,No setup,False,Neutral,0,Not applicable,No directional setup; confirmation score not applicable.,Standard CPR,Not applicable,Not applicable,Standard CPR; Wide CPR rules not applied,None,0,No active J-Curve setup.
HGS,EQ,HINDUJA GLOBAL SOLS. LTD.,353.4,362.2,353.25,359.55,99186,35573870.3,20260325,358.3333333333333,357.725,358.9416666666666,358.9416666666666,357.725,1.2166666666665833,0.3383859453946831,Moderate,Bullish,Above CPR,Cash Only,Diversified,False,False,0.4333333333333333,60,6925739.824999999,Higher,False,No setup,False,Neutral,0,Not applicable,No directional setup; confirmation score not applicable.,Standard CPR,Not applicable,Not applicable,Standard CPR; Wide CPR rules not applied,None,0,No active J-Curve setup.
DAVANGERE,EQ,DAVANGERE SUGAR COMPANY L,3.93,3.99,3.85,3.94,3752514,14709400.04,20260325,3.9266666666666654,3.92,3.9333333333333327,3.9333333333333327,3.92,0.0133333333333327,0.3384094754652983,Moderate,Bullish,Above CPR,Cash Only,Diversified,False,False,0.35,60,29388919.445,Higher,False,No setup,False,Neutral,0,Not applicable,No directional setup; confirmation score not applicable.,Standard CPR,Not applicable,Not applicable,Standard CPR; Wide CPR rules not applied,None,0,No active J-Curve setup.
BEML,EQ,BEML LIMITED,1459.9,1517.0,1459.8,1496.0,271139,407112382.3,20260325,1490.9333333333334,1488.4,1493.4666666666667,1493.4666666666667,1488.4,5.066666666666606,0.338680926916217,Moderate,Bullish,Above CPR,Cash Only,Capital Goods,False,False,0.4166666666666667,60,369040838.85,Higher,False,No setup,True,Neutral,0,Not applicable,No directional setup; confirmation score not applicable.,Standard CPR,Not applicable,Not applicable,Standard CPR; Wide CPR rules not applied,None,0,No active J-Curve setup.
TITAN,EQ,TITAN COMPANY LIMITED,3950.0,4097.0,3940.5,4039.3,1306823,5275491417.4,20260325,4025.6,4018.75,4032.45,4032.45,4018.75,13.699999999999818,0.3391676775678909,Moderate,Bullish,Above CPR,Cash Only,Consumer Durables,False,False,0.5,60,3342850799.8,Higher,False,No setup,True,Neutral,0,Not applicable,No directional setup; confirmation score not applicable.,Standard CPR,Not applicable,Not applicable,Standard CPR; Wide CPR rules not applied,None,0,No active J-Curve setup.
TRENT,EQ,TRENT LTD,3415.6,3532.3,3390.0,3478.9,1086467,3795867085.3,20260325,3467.066666666667,3461.15,3472.983333333334,3472.983333333334,3461.15,11.83333333333394,0.3401458315368058,Moderate,Bullish,Above CPR,Cash Only,Consumer Services,False,False,0.3666666666666666,60,3009199890.55,Higher,False,No setup,True,Neutral,0,Not applicable,No directional setup; confirmation score not applicable.,Standard CPR,Not applicable,Not applicable,Standard CPR; Wide CPR rules not applied,None,0,No active J-Curve setup.
VITAL,EQ,VITAL CHEMTECH LIMITED,38.65,39.0,38.6,39.0,19608,761051.35,20260325,38.86666666666667,38.8,38.93333333333334,38.93333333333334,38.8,0.1333333333333399,0.3418803418803589,Moderate,Bullish,Above CPR,Cash Only,Diversified,False,False,0.2727272727272727,11,591113.0,Higher,False,No setup,False,Neutral,0,Not applicable,No directional setup; confirmation score not applicable.,Standard CPR,Not applicable,Not applicable,Standard CPR; Wide CPR rules not applied,None,0,No active J-Curve setup.
FILATEX,EQ,FILATEX INDIA LTD,40.51,41.08,39.82,40.66,717411,29118350.5,20260325,40.52,40.45,40.59,40.59,40.45,0.1400000000000005,0.344318740777178,Moderate,Bullish,Above CPR,Cash Only,Diversified,False,False,0.4333333333333333,60,27347590.53,Higher,False,No setup,False,Neutral,0,Not applicable,No directional setup; confirmation score not applicable.,Standard CPR,Not applicable,Not applicable,Standard CPR; Wide CPR rules not applied,None,0,No active J-Curve setup.
HOMEFIRST,EQ,HOME FIRST FIN CO IND LTD,930.0,960.6,925.6,948.0,354780,336426254.7,20260325,944.7333333333332,943.1,946.3666666666664,946.3666666666664,943.1,3.266666666666424,0.3445850914205088,Moderate,Bullish,Above CPR,Cash Only,Financial Services,False,False,0.4,60,297678005.95,Higher,False,No setup,True,Neutral,0,Not applicable,No directional setup; confirmation score not applicable.,Standard CPR,Not applicable,Not applicable,Standard CPR; Wide CPR rules not applied,None,0,No active J-Curve setup.
JKIL,EQ,JKUMAR INFR.LTD.,469.7,484.3,467.55,478.4,89510,42873424.0,20260325,476.75,475.925,477.575,477.575,475.925,1.6499999999999773,0.3448996655518347,Moderate,Bullish,Above CPR,Cash Only,Diversified,False,False,0.45,60,52091272.425,Higher,False,No setup,False,Neutral,0,Not applicable,No directional setup; confirmation score not applicable.,Standard CPR,Not applicable,Not applicable,Standard CPR; Wide CPR rules not applied,None,0,No active J-Curve setup.
PARADEEP,EQ,PARADEEP PHOSPHATES LTD,111.05,113.89,109.11,112.08,7586304,843385655.11,20260325,111.69333333333331,111.5,111.88666666666666,111.88666666666666,111.5,0.386666666666656,0.3449916726147894,Moderate,Bullish,Above CPR,Cash Only,Chemicals,False,False,0.2833333333333333,60,571374983.53,Higher,False,No setup,True,Neutral,0,Not applicable,No directional setup; confirmation score not applicable.,Standard CPR,Not applicable,Not applicable,Standard CPR; Wide CPR rules not applied,None,0,No active J-Curve setup.
RENUKA,EQ,SHREE RENUKA SUGARS LTD,24.33,25.63,24.33,25.11,8315458,209809457.16,20260325,25.02333333333333,24.98,25.066666666666663,25.066666666666663,24.98,0.086666666666666,0.3451480153989088,Moderate,Bullish,Above CPR,Cash Only,Diversified,False,False,0.4166666666666667,60,78073720.11,Higher,False,No setup,False,Neutral,0,Not applicable,No directional setup; confirmation score not applicable.,Standard CPR,Not applicable,Not applicable,Standard CPR; Wide CPR rules not applied,None,0,No active J-Curve setup.
MANKIND,EQ,MANKIND PHARMA LIMITED,2005.0,2038.9,1988.0,2024.0,835417,1687149534.9,20260325,2016.9666666666665,2013.45,2020.483333333333,2020.483333333333,2013.45,7.033333333332848,0.3474967061923344,Moderate,Bullish,Above CPR,Cash Only,Healthcare,False,False,0.3666666666666666,60,696260042.55,Higher,False,No setup,True,Neutral,0,Not applicable,No directional setup; confirmation score not applicable.,Standard CPR,Not applicable,Not applicable,Standard CPR; Wide CPR rules not applied,None,0,No active J-Curve setup.
GSPL,EQ,GUJARAT STATE PETRO LTD,233.05,240.95,233.05,238.25,597221,142204905.15,20260325,237.41666666666663,237.0,237.8333333333333,237.8333333333333,237.0,0.8333333333333144,0.3497726477789357,Moderate,Bullish,Above CPR,Cash Only,Diversified,False,False,0.5333333333333333,60,145618855.5,Higher,False,No setup,False,Neutral,0,Not applicable,No directional setup; confirmation score not applicable.,Standard CPR,Not applicable,Not applicable,Standard CPR; Wide CPR rules not applied,None,0,No active J-Curve setup.
ESCORTS,EQ,ESCORTS KUBOTA LIMITED,2939.9,2983.0,2920.4,2967.4,226246,669685231.1,20260325,2956.933333333333,2951.7,2962.166666666666,2962.166666666666,2951.7,10.466666666666242,0.3527217991058247,Moderate,Bullish,Above CPR,Cash Only,Capital Goods,False,False,0.3833333333333333,60,325390177.35,Higher,False,No setup,True,Neutral,0,Not applicable,No directional setup; confirmation score not applicable.,Standard CPR,Not applicable,Not applicable,Standard CPR; Wide CPR rules not applied,None,0,No active J-Curve setup.
GILLANDERS,EQ,GILLANDERS ARBUTHNOT LTD,81.94,90.01,78.01,84.46,55321,4615660.03,20260325,84.16000000000001,84.01,84.31000000000002,84.31000000000002,84.01,0.3000000000000113,0.3551977267345624,Moderate,Bullish,Above CPR,Cash Only,Diversified,False,False,0.2166666666666666,60,589672.8999999999,Higher,True,Long,False,Long,62,Mixed,CPR width: 0.3552% (12/20); Price location: Above CPR (20/20); Trend: unavailable (10/20); Participation: unavailable (10/20); Higher timeframe: unavailable (10/20),Standard CPR,Not applicable,Not applicable,Standard CPR; Wide CPR rules not applied,None,0,No active J-Curve setup.
MARUTI,EQ,MARUTI SUZUKI INDIA LTD.,12549.0,12780.0,12506.0,12711.0,540649,6868269846.0,20260325,12665.666666666666,12643.0,12688.333333333332,12688.333333333332,12643.0,45.33333333333212,0.3566464741824571,Moderate,Bullish,Above CPR,Cash Only,Automobile and Auto Components,False,False,0.5333333333333333,60,5576734307.5,Higher,False,No setup,True,Neutral,0,Not applicable,No directional setup; confirmation score not applicable.,Standard CPR,Not applicable,Not applicable,Standard CPR; Wide CPR rules not applied,None,0,No active J-Curve setup.
PAR,EQ,PAR DRUGS AND CHEM LTD,87.85,87.85,84.5,86.64,4557,395217.97,20260325,86.33,86.175,86.485,86.485,86.175,0.3100000000000023,0.3578024007386914,Moderate,Bullish,Above CPR,Cash Only,Diversified,False,False,0.3,60,622662.865,Overlapping,False,No setup,False,Neutral,0,Not applicable,No directional setup; confirmation score not applicable.,Standard CPR,Not applicable,Not applicable,Standard CPR; Wide CPR rules not applied,None,0,No active J-Curve setup.
BIKAJI,EQ,BIKAJI FOODS INTERN LTD,619.5,633.55,616.1,628.2,163337,102199718.5,20260325,625.95,624.825,627.075,627.075,624.825,2.25,0.3581661891117478,Moderate,Bullish,Above CPR,Cash Only,Fast Moving Consumer Goods,False,False,0.55,60,78557218.1,Higher,False,No setup,True,Neutral,0,Not applicable,No directional setup; confirmation score not applicable.,Standard CPR,Not applicable,Not applicable,Standard CPR; Wide CPR rules not applied,None,0,No active J-Curve setup.
SAGILITY,EQ,SAGILITY LIMITED,38.66,40.74,38.61,39.89,78259637,3118890490.79,20260325,39.74666666666666,39.675,39.81833333333333,39.81833333333333,39.675,0.1433333333333308,0.3593214673685908,Moderate,Bullish,Above CPR,Cash Only,Information Technology,False,False,0.3666666666666666,60,1028422020.715,Higher,False,No setup,True,Neutral,0,Not applicable,No directional setup; confirmation score not applicable.,Standard CPR,Not applicable,Not applicable,Standard CPR; Wide CPR rules not applied,None,0,No active J-Curve setup.
SANOFI,EQ,SANOFI INDIA LIMITED,3249.5,3358.9,3240.9,3317.8,27478,91161731.7,20260325,3305.866666666667,3299.9,3311.833333333333,3311.833333333333,3299.9,11.933333333333394,0.3596760905821144,Moderate,Bullish,Above CPR,Cash Only,Healthcare & Pharma,False,False,0.5833333333333334,60,46303200.75,Higher,False,No setup,False,Neutral,0,Not applicable,No directional setup; confirmation score not applicable.,Standard CPR,Not applicable,Not applicable,Standard CPR; Wide CPR rules not applied,None,0,No active J-Curve setup.
BHARATRAS,EQ,BHARAT RASAYAN LTD,1305.0,1343.8,1305.0,1331.6,26396,34914019.6,20260325,1326.8,1324.4,1329.1999999999998,1329.1999999999998,1324.4,4.799999999999727,0.360468609191929,Moderate,Bullish,Above CPR,Cash Only,Diversified,False,False,0.2,60,29770856.6,Higher,True,Long,False,Long,62,Mixed,CPR width: 0.3605% (12/20); Price location: Above CPR (20/20); Trend: unavailable (10/20); Participation: unavailable (10/20); Higher timeframe: unavailable (10/20),Standard CPR,Not applicable,Not applicable,Standard CPR; Wide CPR rules not applied,None,0,No active J-Curve setup.
RAJRATAN,EQ,RAJRATAN GLOBAL WIRE LTD,354.0,381.3,354.0,369.65,98851,36904895.15,20260325,368.3166666666666,367.65,368.9833333333332,368.9833333333332,367.65,1.3333333333332575,0.3607015645430157,Moderate,Bullish,Above CPR,Cash Only,Diversified,False,False,0.3,60,44106533.5,Higher,False,No setup,False,Neutral,0,Not applicable,No directional setup; confirmation score not applicable.,Standard CPR,Not applicable,Not applicable,Standard CPR; Wide CPR rules not applied,None,0,No active J-Curve setup.
OILCOUNTUB,EQ,OIL COUNTRY TUBULAR LTD,39.86,41.0,38.03,39.73,55351,2222701.91,20260325,39.586666666666666,39.515,39.65833333333333,39.65833333333333,39.515,0.1433333333333308,0.3607685208490583,Moderate,Bullish,Above CPR,Cash Only,Energy & Oil/Gas,False,False,0.25,60,2190574.48,Overlapping,True,No setup,False,Neutral,0,Not applicable,No directional setup; confirmation score not applicable.,Standard CPR,Not applicable,Not applicable,Standard CPR; Wide CPR rules not applied,None,0,No active J-Curve setup.
KOTHARIPRO,EQ,KOTHARI PRODUCTS LTD,63.99,65.0,62.8,64.25,10494,669734.46,20260325,64.01666666666667,63.9,64.13333333333333,64.13333333333333,63.9,0.2333333333333271,0.3631647211413653,Moderate,Bullish,Above CPR,Cash Only,Diversified,False,False,0.2833333333333333,60,690531.4299999999,Overlapping,False,No setup,False,Neutral,0,Not applicable,No directional setup; confirmation score not applicable.,Standard CPR,Not applicable,Not applicable,Standard CPR; Wide CPR rules not applied,None,0,No active J-Curve setup.
PERSISTENT,EQ,PERSISTENT SYSTEMS LTD,4930.0,4958.8,4845.0,4928.8,783039,3851035157.1,20260325,4910.866666666666,4901.9,4919.833333333332,4919.833333333332,4901.9,17.933333333332484,0.3638478601958384,Moderate,Bullish,Above CPR,Cash Only,Information Technology,False,False,0.45,60,3099323369.4,Higher,False,No setup,True,Neutral,0,Not applicable,No directional setup; confirmation score not applicable.,Standard CPR,Not applicable,Not applicable,Standard CPR; Wide CPR rules not applied,None,0,No active J-Curve setup.
MEIL,EQ,MANGAL ELECTRICAL IND L,229.58,252.0,228.38,241.51,204121,49450939.31,20260325,240.63,240.19,241.07,241.07,240.19,0.8799999999999955,0.3643741459980935,Moderate,Bullish,Above CPR,Cash Only,Diversified,False,False,0.2333333333333333,60,18906768.975,Higher,True,Long,False,Long,62,Mixed,CPR width: 0.3644% (12/20); Price location: Above CPR (20/20); Trend: unavailable (10/20); Participation: unavailable (10/20); Higher timeframe: unavailable (10/20),Standard CPR,Not applicable,Not applicable,Standard CPR; Wide CPR rules not applied,None,0,No active J-Curve setup.
VBL,EQ,VARUN BEVERAGES LIMITED,394.9,407.4,391.1,401.45,9134065,3673478552.1,20260325,399.98333333333335,399.25,400.7166666666667,400.7166666666667,399.25,1.466666666666697,0.3653423008261793,Moderate,Bullish,Above CPR,Cash Only,Fast Moving Consumer Goods,False,False,0.5666666666666667,60,2314013779.7,Higher,False,No setup,True,Neutral,0,Not applicable,No directional setup; confirmation score not applicable.,Standard CPR,Not applicable,Not applicable,Standard CPR; Wide CPR rules not applied,None,0,No active J-Curve setup.
MUNJALSHOW,EQ,MUNJAL SHOWA LTD,117.75,121.0,117.06,119.69,43488,5214409.04,20260325,119.25,119.03,119.47,119.47,119.03,0.4399999999999977,0.367616342217393,Moderate,Bullish,Above CPR,Cash Only,Diversified,False,False,0.4666666666666667,60,3569120.06,Higher,False,No setup,False,Neutral,0,Not applicable,No directional setup; confirmation score not applicable.,Standard CPR,Not applicable,Not applicable,Standard CPR; Wide CPR rules not applied,None,0,No active J-Curve setup.
DREAMFOLKS,EQ,DREAMFOLKS SERVICES LTD,66.26,69.84,66.26,68.43,276587,19011145.38,20260325,68.17666666666668,68.05000000000001,68.30333333333334,68.30333333333334,68.05000000000001,0.2533333333333303,0.370207998441225,Moderate,Bullish,Above CPR,Cash Only,Diversified,False,False,0.35,60,11209189.435,Higher,False,No setup,False,Neutral,0,Not applicable,No directional setup; confirmation score not applicable.,Standard CPR,Not applicable,Not applicable,Standard CPR; Wide CPR rules not applied,None,0,No active J-Curve setup.
RVNL,EQ,RAIL VIKAS NIGAM LIMITED,262.95,273.4,261.3,268.85,9706528,2616185951.55,20260325,267.85,267.35,268.35,268.35,267.35,1.0,0.3719546215361725,Moderate,Bullish,Above CPR,Cash Only,Construction,False,False,0.3833333333333333,60,2398678660.875,Higher,False,No setup,True,Neutral,0,Not applicable,No directional setup; confirmation score not applicable.,Standard CPR,Not applicable,Not applicable,Standard CPR; Wide CPR rules not applied,None,0,No active J-Curve setup.
HGM,EQ,HANDSON GBL MNGMNT LTD,53.0,53.0,50.1,51.84,27745,1427319.67,20260325,51.64666666666667,51.55,51.74333333333334,51.74333333333334,51.55,0.1933333333333422,0.3729423868312929,Moderate,Bullish,Above CPR,Cash Only,Diversified,False,False,0.3333333333333333,60,278759.935,Lower,False,No setup,False,Neutral,0,Not applicable,No directional setup; confirmation score not applicable.,Standard CPR,Not applicable,Not applicable,Standard CPR; Wide CPR rules not applied,None,0,No active J-Curve setup.
SPECIALITY,EQ,SPECIALITY REST LTD,92.6,98.0,92.56,95.82,61866,5865106.21,20260325,95.46,95.28,95.64,95.64,95.28,0.3599999999999852,0.375704445835927,Moderate,Bullish,Above CPR,Cash Only,Diversified,False,False,0.3333333333333333,60,5312999.43,Higher,False,No setup,False,Neutral,0,Not applicable,No directional setup; confirmation score not applicable.,Standard CPR,Not applicable,Not applicable,Standard CPR; Wide CPR rules not applied,None,0,No active J-Curve setup.
VESUVIUS,EQ,VESUVIUS INDIA LTD,460.2,483.5,457.9,473.4,138377,65203447.6,20260325,471.6,470.7,472.5,472.5,470.7,1.7999999999999543,0.3802281368821197,Moderate,Bullish,Above CPR,Cash Only,Diversified,False,False,0.5,60,31217295.725,Higher,False,No setup,False,Neutral,0,Not applicable,No directional setup; confirmation score not applicable.,Standard CPR,Not applicable,Not applicable,Standard CPR; Wide CPR rules not applied,None,0,No active J-Curve setup.
ASTRAZEN,EQ,ASTRAZENECA PHARMA IND LT,8294.0,8449.5,8284.5,8415.0,4518,37930920.0,20260325,8383.0,8367.0,8399.0,8399.0,8367.0,32.0,0.380273321449792,Moderate,Bullish,Above CPR,Cash Only,Diversified,False,False,0.65,60,52028411.75,Higher,False,No setup,False,Neutral,0,Not applicable,No directional setup; confirmation score not applicable.,Standard CPR,Not applicable,Not applicable,Standard CPR; Wide CPR rules not applied,None,0,No active J-Curve setup.
BAJAJELEC,EQ,BAJAJ ELECT.LTD,359.9,364.65,354.1,361.45,179387,64707043.5,20260325,360.06666666666666,359.375,360.7583333333333,360.7583333333333,359.375,1.3833333333333258,0.3827177571817197,Moderate,Bullish,Above CPR,Cash Only,Diversified,False,False,0.4,60,43820747.2,Higher,False,No setup,False,Neutral,0,Not applicable,No directional setup; confirmation score not applicable.,Standard CPR,Not applicable,Not applicable,Standard CPR; Wide CPR rules not applied,None,0,No active J-Curve setup.
JMFINANCIL,EQ,JM FINANCIAL LIMITED,121.97,126.4,121.25,124.54,4056796,505590771.66,20260325,124.06333333333332,123.825,124.30166666666666,124.30166666666666,123.825,0.4766666666666594,0.3827418232428612,Moderate,Bullish,Above CPR,Cash Only,Financial Services,False,False,0.3,60,354388337.16,Higher,False,No setup,True,Neutral,0,Not applicable,No directional setup; confirmation score not applicable.,Standard CPR,Not applicable,Not applicable,Standard CPR; Wide CPR rules not applied,None,0,No active J-Curve setup.
ROLEXRINGS,EQ,ROLEX RINGS LIMITED,115.45,120.06,115.4,118.41,641272,75952910.86,20260325,117.95666666666666,117.73,118.18333333333332,118.18333333333332,117.73,0.4533333333333189,0.3828505475325724,Moderate,Bullish,Above CPR,Cash Only,Diversified,False,False,0.4,60,66640475.325,Higher,False,No setup,False,Neutral,0,Not applicable,No directional setup; confirmation score not applicable.,Standard CPR,Not applicable,Not applicable,Standard CPR; Wide CPR rules not applied,None,0,No active J-Curve setup.
ELECTCAST,EQ,ELECTROSTEEL CASTINGS LTD,75.9,79.1,74.87,77.43,4347043,334903085.54,20260325,77.13333333333334,76.985,77.28166666666668,77.28166666666668,76.985,0.296666666666681,0.3831417624521259,Moderate,Bullish,Above CPR,Cash Only,Diversified,False,False,0.3166666666666666,60,87473701.755,Higher,False,No setup,False,Neutral,0,Not applicable,No directional setup; confirmation score not applicable.,Standard CPR,Not applicable,Not applicable,Standard CPR; Wide CPR rules not applied,None,0,No active J-Curve setup.
SHOPERSTOP,EQ,SHOPPERS STOP LIMITED,293.25,300.8,293.25,298.75,75390,22466119.05,20260325,297.6,297.025,298.17499999999995,298.17499999999995,297.025,1.1499999999999773,0.3849372384937162,Moderate,Bullish,Above CPR,Cash Only,Diversified,False,False,0.3,60,21655684.05,Higher,False,No setup,False,Neutral,0,Not applicable,No directional setup; confirmation score not applicable.,Standard CPR,Not applicable,Not applicable,Standard CPR; Wide CPR rules not applied,None,0,No active J-Curve setup.
VIYASH,EQ,VIYASH SCIENTIFIC LIMITED,190.0,195.2,190.0,193.72,736660,142351498.03,20260325,192.97333333333333,192.6,193.34666666666664,193.34666666666664,192.6,0.7466666666666697,0.3854360245027203,Moderate,Bullish,Above CPR,Cash Only,Diversified,False,False,0.3333333333333333,42,139472751.41500002,Higher,False,No setup,False,Neutral,0,Not applicable,No directional setup; confirmation score not applicable.,Standard CPR,Not applicable,Not applicable,Standard CPR; Wide CPR rules not applied,None,0,No active J-Curve setup.
ADANIENSOL,EQ,ADANI ENERGY SOLUTION LTD,971.9,999.0,970.3,990.4,1256696,1241885138.7,20260325,986.5666666666666,984.65,988.4833333333332,988.4833333333332,984.65,3.8333333333332575,0.387049003769513,Moderate,Bullish,Above CPR,Cash Only,Power,False,False,0.35,60,1352348462.625,Higher,False,No setup,True,Neutral,0,Not applicable,No directional setup; confirmation score not applicable.,Standard CPR,Not applicable,Not applicable,Standard CPR; Wide CPR rules not applied,None,0,No active J-Curve setup.
RAYMONDREL,EQ,RAYMOND REALTY LIMITED,376.0,401.45,374.7,390.35,575600,225808396.85,20260325,388.8333333333333,388.075,389.5916666666666,389.5916666666666,388.075,1.5166666666666515,0.3885401989667353,Moderate,Bullish,Above CPR,Cash Only,Diversified,False,False,0.3166666666666666,60,59054150.35,Higher,False,No setup,False,Neutral,0,Not applicable,No directional setup; confirmation score not applicable.,Standard CPR,Not applicable,Not applicable,Standard CPR; Wide CPR rules not applied,None,0,No active J-Curve setup.
ACEINTEG,EQ,ACE INTEGRATED SOLU. LTD.,16.6,17.59,16.51,17.15,1670,28357.75,20260325,17.083333333333332,17.05,17.116666666666664,17.116666666666664,17.05,0.0666666666666628,0.3887269193391421,Moderate,Bullish,Above CPR,Cash Only,Diversified,False,False,0.3833333333333333,60,52410.85,Higher,False,No setup,False,Neutral,0,Not applicable,No directional setup; confirmation score not applicable.,Standard CPR,Not applicable,Not applicable,Standard CPR; Wide CPR rules not applied,None,0,No active J-Curve setup.
PFOCUS,EQ,PRIME FOCUS LIMITED,312.05,325.85,310.9,320.25,3761021,1199558840.2,20260325,319.0,318.375,319.625,319.625,318.375,1.25,0.39032006245121,Moderate,Bullish,Above CPR,Cash Only,Media Entertainment & Publication,False,False,0.2166666666666666,60,1206583384.29,Higher,True,Long,True,Long,62,Mixed,CPR width: 0.3903% (12/20); Price location: Above CPR (20/20); Trend: unavailable (10/20); Participation: unavailable (10/20); Higher timeframe: unavailable (10/20),Standard CPR,Not applicable,Not applicable,Standard CPR; Wide CPR rules not applied,None,0,No active J-Curve setup.
HSCL,EQ,HIMADRI SPECIALITY CHEM L,449.0,471.0,445.7,461.05,2188259,1010393799.1,20260325,459.25,458.35,460.15,460.15,458.35,1.7999999999999543,0.3904131872898719,Moderate,Bullish,Above CPR,Cash Only,Chemicals,False,False,0.5,60,552101814.325,Higher,False,No setup,True,Neutral,0,Not applicable,No directional setup; confirmation score not applicable.,Standard CPR,Not applicable,Not applicable,Standard CPR; Wide CPR rules not applied,None,0,No active J-Curve setup.
KARURVYSYA,EQ,KARUR VYSYA BANK LTD,275.0,291.95,274.3,284.8,5303601,1516335118.05,20260325,283.68333333333334,283.125,284.2416666666667,284.2416666666667,283.125,1.1166666666666742,0.392088014981276,Moderate,Bullish,Above CPR,Cash Only,Financial Services,False,False,0.3166666666666666,60,893175322.2249999,Higher,False,No setup,True,Neutral,0,Not applicable,No directional setup; confirmation score not applicable.,Standard CPR,Not applicable,Not applicable,Standard CPR; Wide CPR rules not applied,None,0,No active J-Curve setup.
AVADHSUGAR,EQ,AVADH SUG & ENERGY LTD,445.0,461.25,441.0,453.8,172049,78200517.7,20260325,452.01666666666665,451.125,452.9083333333333,452.9083333333333,451.125,1.783333333333303,0.3929778169531298,Moderate,Bullish,Above CPR,Cash Only,FMCG & Food Products,False,False,0.3333333333333333,60,13091983.775,Higher,False,No setup,False,Neutral,0,Not applicable,No directional setup; confirmation score not applicable.,Standard CPR,Not applicable,Not applicable,Standard CPR; Wide CPR rules not applied,None,0,No active J-Curve setup.
FEDERALBNK,EQ,FEDERAL BANK LTD,265.5,273.9,264.8,270.95,9709681,2631881209.7,20260325,269.8833333333334,269.35,270.41666666666674,270.41666666666674,269.35,1.0666666666667195,0.3936765700929027,Moderate,Bullish,Above CPR,Cash Only,Financial Services,False,False,0.5,60,2080715682.425,Higher,False,No setup,True,Neutral,0,Not applicable,No directional setup; confirmation score not applicable.,Standard CPR,Not applicable,Not applicable,Standard CPR; Wide CPR rules not applied,None,0,No active J-Curve setup.
UTLSOLAR,EQ,FUJIYAMA POWER SYSTEMS L,193.99,201.39,193.99,198.87,320521,63692546.83,20260325,198.08333333333331,197.69,198.4766666666667,198.4766666666667,197.69,0.7866666666666902,0.3955682941955499,Moderate,Bullish,Above CPR,Cash Only,Power & Utilities,False,False,0.4,60,35923464.175,Higher,False,No setup,False,Neutral,0,Not applicable,No directional setup; confirmation score not applicable.,Standard CPR,Not applicable,Not applicable,Standard CPR; Wide CPR rules not applied,None,0,No active J-Curve setup.
RHL,EQ,ROBUST HOTELS LIMITED,177.01,178.46,168.4,174.47,1818,316324.97,20260325,173.77666666666667,173.43,174.1233333333333,174.1233333333333,173.43,0.693333333333328,0.3973940123421379,Moderate,Bullish,Above CPR,Cash Only,Diversified,False,False,0.3166666666666666,60,1832397.975,Inside,False,No setup,False,Neutral,0,Not applicable,No directional setup; confirmation score not applicable.,Standard CPR,Not applicable,Not applicable,Standard CPR; Wide CPR rules not applied,None,0,No active J-Curve setup.
SBIN,EQ,STATE BANK OF INDIA,1043.0,1065.5,1043.0,1060.6,16205333,17138877668.2,20260325,1056.3666666666666,1054.25,1058.4833333333331,1058.4833333333331,1054.25,4.233333333333121,0.399145137972197,Moderate,Bullish,Above CPR,Cash Only,Financial Services,False,False,0.7,60,13489256455.3,Higher,False,No setup,True,Neutral,0,Not applicable,No directional setup; confirmation score not applicable.,Standard CPR,Not applicable,Not applicable,Standard CPR; Wide CPR rules not applied,None,0,No active J-Curve setup.
ATUL,EQ,ATUL LTD,6197.0,6286.0,6082.5,6221.5,62828,391354717.0,20260325,6196.666666666667,6184.25,6209.083333333334,6209.083333333334,6184.25,24.83333333333394,0.3991534731710028,Moderate,Bullish,Above CPR,Cash Only,Chemicals,False,False,0.4833333333333333,60,119099819.0,Higher,False,No setup,True,Neutral,0,Not applicable,No directional setup; confirmation score not applicable.,Standard CPR,Not applicable,Not applicable,Standard CPR; Wide CPR rules not applied,None,0,No active J-Curve setup.
AMBICAAGAR,EQ,AMBICA AGAR & AROMAINDLTD,23.06,23.87,22.37,23.26,2165,50424.64,20260325,23.166666666666668,23.12,23.21333333333333,23.21333333333333,23.12,0.0933333333333337,0.4012611063341948,Moderate,Bullish,Above CPR,Cash Only,Diversified,False,False,0.3,60,98839.755,Overlapping,False,No setup,False,Neutral,0,Not applicable,No directional setup; confirmation score not applicable.,Standard CPR,Not applicable,Not applicable,Standard CPR; Wide CPR rules not applied,None,0,No active J-Curve setup.
FIVESTAR,EQ,FIVE-STAR BUS FIN LTD,366.9,398.9,361.65,382.6,5852703,2272729494.1,20260325,381.05,380.275,381.8250000000001,381.8250000000001,380.275,1.5500000000000682,0.405122843701011,Moderate,Bullish,Above CPR,Cash Only,Financial Services,False,False,0.4166666666666667,60,377295819.9,Higher,False,No setup,True,Neutral,0,Not applicable,No directional setup; confirmation score not applicable.,Standard CPR,Not applicable,Not applicable,Standard CPR; Wide CPR rules not applied,None,0,No active J-Curve setup.
RUDRA,EQ,RUDRA GLOBAL INFRA PROD L,16.19,16.75,15.91,16.43,130843,2136135.0,20260325,16.363333333333333,16.33,16.39666666666667,16.39666666666667,16.33,0.0666666666666699,0.405761817812964,Moderate,Bullish,Above CPR,Cash Only,Diversified,False,False,0.2666666666666666,60,1327716.335,Inside,False,No setup,False,Neutral,0,Not applicable,No directional setup; confirmation score not applicable.,Standard CPR,Not applicable,Not applicable,Standard CPR; Wide CPR rules not applied,None,0,No active J-Curve setup.
ADANIENT,EQ,ADANI ENTERPRISES LIMITED,1847.9,1911.0,1839.2,1886.6,2537690,4789708231.9,20260325,1878.9333333333327,1875.1,1882.7666666666664,1882.7666666666664,1875.1,7.666666666666515,0.4063747835612485,Moderate,Bullish,Above CPR,Cash Only,Metals & Mining,False,False,0.5,60,2505465654.95,Higher,False,No setup,True,Neutral,0,Not applicable,No directional setup; confirmation score not applicable.,Standard CPR,Not applicable,Not applicable,Standard CPR; Wide CPR rules not applied,None,0,No active J-Curve setup.
JSWINFRA,EQ,JSW INFRASTRUCTURE LTD,252.55,260.7,252.55,258.2,2463936,637042708.05,20260325,257.15000000000003,256.625,257.67500000000007,257.67500000000007,256.625,1.0500000000000682,0.4066615027111031,Moderate,Bullish,Above CPR,Cash Only,Services,False,False,0.4833333333333333,60,314381590.9,Higher,False,No setup,True,Neutral,0,Not applicable,No directional setup; confirmation score not applicable.,Standard CPR,Not applicable,Not applicable,Standard CPR; Wide CPR rules not applied,None,0,No active J-Curve setup.
SEDEMAC,EQ,SEDEMAC MECHATRONICS LTD,1509.9,1554.7,1504.9,1539.2,75927,116471510.4,20260325,1532.9333333333334,1529.8000000000002,1536.0666666666666,1536.0666666666666,1529.8000000000002,6.266666666666424,0.4071379071378914,Moderate,Bullish,Above CPR,Cash Only,Diversified,False,False,0.3636363636363636,11,184045975.3,Higher,False,No setup,False,Neutral,0,Not applicable,No directional setup; confirmation score not applicable.,Standard CPR,Not applicable,Not applicable,Standard CPR; Wide CPR rules not applied,None,0,No active J-Curve setup.
LOTUSEYE,EQ,LOTUS EYE HOSP & INST L,103.0,106.35,103.0,105.32,5609,589780.84,20260325,104.89,104.675,105.10499999999998,105.10499999999998,104.675,0.4299999999999784,0.4082795290542901,Moderate,Bullish,Above CPR,Cash Only,Diversified,False,False,0.2666666666666666,60,1999011.055,Higher,False,No setup,False,Neutral,0,Not applicable,No directional setup; confirmation score not applicable.,Standard CPR,Not applicable,Not applicable,Standard CPR; Wide CPR rules not applied,None,0,No active J-Curve setup.
SUDEEPPHRM,EQ,SUDEEP PHARMA LIMITED,630.0,632.0,615.0,627.35,54235,33889334.65,20260325,624.7833333333333,623.5,626.0666666666666,626.0666666666666,623.5,2.566666666666606,0.4091283440928677,Moderate,Bullish,Above CPR,Cash Only,Diversified,False,False,0.4,60,55846421.075,Higher,False,No setup,False,Neutral,0,Not applicable,No directional setup; confirmation score not applicable.,Standard CPR,Not applicable,Not applicable,Standard CPR; Wide CPR rules not applied,None,0,No active J-Curve setup.
TDPOWERSYS,EQ,TD POWER SYSTEMS LTD.,864.7,896.9,863.5,885.65,1095577,964620941.9,20260325,882.0166666666668,880.2,883.8333333333335,883.8333333333335,880.2,3.63333333333344,0.4102448295978591,Moderate,Bullish,Above CPR,Cash Only,Power & Utilities,False,False,0.3333333333333333,60,548320355.375,Higher,False,No setup,False,Neutral,0,Not applicable,No directional setup; confirmation score not applicable.,Standard CPR,Not applicable,Not applicable,Standard CPR; Wide CPR rules not applied,None,0,No active J-Curve setup.
IPCALAB,EQ,IPCA LABORATORIES LTD,1530.8,1593.4,1527.0,1570.0,657174,1041028054.6,20260325,1563.4666666666665,1560.2,1566.733333333333,1566.733333333333,1560.2,6.533333333332848,0.416135881104003,Moderate,Bullish,Above CPR,Cash Only,Healthcare,False,False,0.4833333333333333,60,266632576.1,Higher,False,No setup,True,Neutral,0,Not applicable,No directional setup; confirmation score not applicable.,Standard CPR,Not applicable,Not applicable,Standard CPR; Wide CPR rules not applied,None,0,No active J-Curve setup.
ALEMBICLTD,EQ,ALEMBIC LIMITED,77.4,80.15,77.4,79.27,344393,27303791.57,20260325,78.94,78.775,79.10499999999999,79.10499999999999,78.775,0.3299999999999841,0.4162987258735765,Moderate,Bullish,Above CPR,Cash Only,Diversified,False,False,0.6166666666666667,60,18738029.57,Higher,False,No setup,False,Neutral,0,Not applicable,No directional setup; confirmation score not applicable.,Standard CPR,Not applicable,Not applicable,Standard CPR; Wide CPR rules not applied,None,0,No active J-Curve setup.
ASIANPAINT,EQ,ASIAN PAINTS LIMITED,2225.1,2289.7,2222.0,2270.2,1270855,2877554227.6,20260325,2260.633333333333,2255.85,2265.4166666666665,2265.4166666666665,2255.85,9.566666666666606,0.4214019322820282,Moderate,Bullish,Above CPR,Cash Only,Consumer Durables,False,False,0.6833333333333333,60,2459242574.4,Higher,False,No setup,True,Neutral,0,Not applicable,No directional setup; confirmation score not applicable.,Standard CPR,Not applicable,Not applicable,Standard CPR; Wide CPR rules not applied,None,0,No active J-Curve setup.
SANATHAN,EQ,SANATHAN TEXTILES LIMITED,363.5,390.0,363.5,379.15,50795,19089416.75,20260325,377.55,376.75,378.35,378.35,376.75,1.6000000000000227,0.4219965712778644,Moderate,Bullish,Above CPR,Cash Only,Diversified,False,False,0.3666666666666666,60,7547458.300000001,Higher,False,No setup,False,Neutral,0,Not applicable,No directional setup; confirmation score not applicable.,Standard CPR,Not applicable,Not applicable,Standard CPR; Wide CPR rules not applied,None,0,No active J-Curve setup.
NAM-INDIA,EQ,NIPPON L I A M LTD,860.0,878.9,849.2,869.6,1132529,980107268.35,20260325,865.9,864.05,867.75,867.75,864.05,3.7000000000000455,0.425482980680778,Moderate,Bullish,Above CPR,Cash Only,Financial Services,False,False,0.4666666666666667,60,582455720.4749999,Higher,False,No setup,True,Neutral,0,Not applicable,No directional setup; confirmation score not applicable.,Standard CPR,Not applicable,Not applicable,Standard CPR; Wide CPR rules not applied,None,0,No active J-Curve setup.
KWIL,EQ,KWALITY WALL'S (INDIA) L,23.79,24.61,23.56,24.24,6609120,160324167.32,20260325,24.136666666666667,24.085,24.188333333333333,24.188333333333333,24.085,0.1033333333333317,0.4262926292629197,Moderate,Bullish,Above CPR,Cash Only,Diversified,False,False,0.2352941176470588,17,250896764.8,Higher,True,Long,False,Long,62,Mixed,CPR width: 0.4263% (12/20); Price location: Above CPR (20/20); Trend: unavailable (10/20); Participation: unavailable (10/20); Higher timeframe: unavailable (10/20),Standard CPR,Not applicable,Not applicable,Standard CPR; Wide CPR rules not applied,None,0,No active J-Curve setup.
GTPL,EQ,GTPL HATHWAY LIMITED,57.06,59.25,57.06,58.53,99595,5848872.46,20260325,58.28,58.155,58.405,58.405,58.155,0.25,0.4271313856142149,Moderate,Bullish,Above CPR,Cash Only,Diversified,False,False,0.5333333333333333,60,2900614.185,Higher,False,No setup,False,Neutral,0,Not applicable,No directional setup; confirmation score not applicable.,Standard CPR,Not applicable,Not applicable,Standard CPR; Wide CPR rules not applied,None,0,No active J-Curve setup.
APOLSINHOT,EQ,APOLLO SINDOORI HOTEL LTD,1014.4,1038.7,1010.0,1031.0,2148,2197838.2,20260325,1026.5666666666666,1024.35,1028.7833333333333,1028.7833333333333,1024.35,4.433333333333394,0.4300032331070217,Moderate,Bullish,Above CPR,Cash Only,Diversified,False,False,0.45,60,1443959.9,Inside,False,No setup,False,Neutral,0,Not applicable,No directional setup; confirmation score not applicable.,Standard CPR,Not applicable,Not applicable,Standard CPR; Wide CPR rules not applied,None,0,No active J-Curve setup.
VAKRANGEE,EQ,VAKRANGEE LIMITED,5.26,5.6,5.17,5.42,6153949,33436844.06,20260325,5.396666666666666,5.385,5.408333333333331,5.408333333333331,5.385,0.0233333333333316,0.4305043050430194,Moderate,Bullish,Above CPR,Cash Only,Diversified,False,False,0.4,60,16706395.835,Higher,False,No setup,False,Neutral,0,Not applicable,No directional setup; confirmation score not applicable.,Standard CPR,Not applicable,Not applicable,Standard CPR; Wide CPR rules not applied,None,0,No active J-Curve setup.
JINDRILL,EQ,JINDAL DRILLING IND. LTD,474.4,509.15,468.15,491.85,802046,395200143.6,20260325,489.7166666666667,488.65,490.7833333333334,490.7833333333334,488.65,2.1333333333334394,0.433736572803383,Moderate,Bullish,Above CPR,Cash Only,Diversified,False,False,0.4,60,66958055.6,Higher,False,No setup,False,Neutral,0,Not applicable,No directional setup; confirmation score not applicable.,Standard CPR,Not applicable,Not applicable,Standard CPR; Wide CPR rules not applied,None,0,No active J-Curve setup.
JUBLFOOD,EQ,JUBILANT FOODWORKS LTD,450.0,470.05,448.6,462.35,3256950,1512681290.5,20260325,460.3333333333333,459.3250000000001,461.3416666666666,461.3416666666666,459.3250000000001,2.016666666666538,0.4361774990086596,Moderate,Bullish,Above CPR,Cash Only,Consumer Services,False,False,0.5,60,906036713.55,Higher,False,No setup,True,Neutral,0,Not applicable,No directional setup; confirmation score not applicable.,Standard CPR,Not applicable,Not applicable,Standard CPR; Wide CPR rules not applied,None,0,No active J-Curve setup.
VASWANI,EQ,VASWANI IND LTD,50.4,53.99,50.4,52.54,64140,3394575.61,20260325,52.31,52.195,52.425,52.425,52.195,0.2300000000000039,0.4377617053673467,Moderate,Bullish,Above CPR,Cash Only,Diversified,False,False,0.3166666666666666,60,3477402.855,Overlapping,False,No setup,False,Neutral,0,Not applicable,No directional setup; confirmation score not applicable.,Standard CPR,Not applicable,Not applicable,Standard CPR; Wide CPR rules not applied,None,0,No active J-Curve setup.
NBCC,EQ,NBCC (INDIA) LIMITED,83.0,85.35,82.58,84.52,12579198,1063989827.96,20260325,84.14999999999999,83.965,84.33499999999998,84.33499999999998,83.965,0.3699999999999761,0.4377662091812306,Moderate,Bullish,Above CPR,Cash Only,Construction,False,False,0.4166666666666667,60,1080068422.245,Higher,False,No setup,True,Neutral,0,Not applicable,No directional setup; confirmation score not applicable.,Standard CPR,Not applicable,Not applicable,Standard CPR; Wide CPR rules not applied,None,0,No active J-Curve setup.
EMCURE,EQ,EMCURE PHARMACEUTICALS L,1564.5,1621.7,1544.1,1593.4,524520,832321912.1,20260325,1586.4000000000003,1582.9,1589.9000000000003,1589.9000000000003,1582.9,7.000000000000455,0.4393121626710464,Moderate,Bullish,Above CPR,Cash Only,Healthcare,False,False,0.3333333333333333,60,228823410.2,Higher,False,No setup,True,Neutral,0,Not applicable,No directional setup; confirmation score not applicable.,Standard CPR,Not applicable,Not applicable,Standard CPR; Wide CPR rules not applied,None,0,No active J-Curve setup.
METROPOLIS,EQ,METROPOLIS HEALTHCARE LTD,438.3,445.7,426.1,438.8,894570,388762612.5,20260325,436.8666666666666,435.9,437.83333333333326,437.83333333333326,435.9,1.9333333333332805,0.4405955636584503,Moderate,Bullish,Above CPR,Cash Only,Diversified,False,False,0.55,60,67910129.1,Lower,False,No setup,False,Neutral,0,Not applicable,No directional setup; confirmation score not applicable.,Standard CPR,Not applicable,Not applicable,Standard CPR; Wide CPR rules not applied,None,0,No active J-Curve setup.
ICICIGI,EQ,ICICI LOMBARD GIC LIMITED,1740.1,1780.9,1736.0,1770.3,505039,893631854.9,20260325,1762.4,1758.45,1766.3499999999997,1766.3499999999997,1758.45,7.899999999999636,0.4462520476755147,Moderate,Bullish,Above CPR,Cash Only,Financial Services,False,False,0.7,60,1110918380.25,Higher,False,No setup,True,Neutral,0,Not applicable,No directional setup; confirmation score not applicable.,Standard CPR,Not applicable,Not applicable,Standard CPR; Wide CPR rules not applied,None,0,No active J-Curve setup.
TECHNOE,EQ,TECHNO ELEC & ENG CO. LTD,1060.0,1093.2,1054.9,1081.3,194736,210096811.2,20260325,1076.466666666667,1074.0500000000002,1078.8833333333337,1078.8833333333337,1074.0500000000002,4.833333333333485,0.4469928172878465,Moderate,Bullish,Above CPR,Cash Only,Construction,False,False,0.3,60,200543878.65,Higher,False,No setup,True,Neutral,0,Not applicable,No directional setup; confirmation score not applicable.,Standard CPR,Not applicable,Not applicable,Standard CPR; Wide CPR rules not applied,None,0,No active J-Curve setup.
MAHESHWARI,EQ,MAHESHWARI LOGISTICS LTD.,42.99,44.99,42.12,43.85,136592,5836523.75,20260325,43.653333333333336,43.555,43.75166666666667,43.75166666666667,43.555,0.1966666666666725,0.448498669707349,Moderate,Bullish,Above CPR,Cash Only,Diversified,False,False,0.25,60,644186.645,Higher,True,Long,False,Long,62,Mixed,CPR width: 0.4485% (12/20); Price location: Above CPR (20/20); Trend: unavailable (10/20); Participation: unavailable (10/20); Higher timeframe: unavailable (10/20),Standard CPR,Not applicable,Not applicable,Standard CPR; Wide CPR rules not applied,None,0,No active J-Curve setup.
HINDUNILVR,EQ,HINDUSTAN UNILEVER LTD.,2098.0,2154.7,2086.0,2134.8,2069217,4418385771.0,20260325,2125.1666666666665,2120.35,2129.983333333333,2129.983333333333,2120.35,9.633333333333212,0.4512522640684472,Moderate,Bullish,Above CPR,Cash Only,Fast Moving Consumer Goods,False,False,0.75,60,3538818309.2,Higher,False,No setup,True,Neutral,0,Not applicable,No directional setup; confirmation score not applicable.,Standard CPR,Not applicable,Not applicable,Standard CPR; Wide CPR rules not applied,None,0,No active J-Curve setup.
ZUARI,EQ,ZUARI AGRO CHEMICALS LTD,193.3,202.0,193.3,199.0,225155,44883392.68,20260325,198.1,197.65,198.55,198.55,197.65,0.8999999999999773,0.4522613065326518,Moderate,Bullish,Above CPR,Cash Only,Diversified,False,False,0.4333333333333333,60,51501282.405,Higher,False,No setup,False,Neutral,0,Not applicable,No directional setup; confirmation score not applicable.,Standard CPR,Not applicable,Not applicable,Standard CPR; Wide CPR rules not applied,None,0,No active J-Curve setup.
ECLERX,EQ,ECLERX SERVICES LTD,1461.4,1517.0,1453.9,1495.6,123060,183797659.4,20260325,1488.8333333333333,1485.45,1492.2166666666665,1492.2166666666665,1485.45,6.766666666666424,0.4524382633502557,Moderate,Bullish,Above CPR,Cash Only,Services,False,False,0.3333333333333333,60,321451365.45,Higher,False,No setup,True,Neutral,0,Not applicable,No directional setup; confirmation score not applicable.,Standard CPR,Not applicable,Not applicable,Standard CPR; Wide CPR rules not applied,None,0,No active J-Curve setup.
CIPLA,EQ,CIPLA LTD,1222.7,1252.9,1219.0,1244.4,1466775,1818679842.7,20260325,1238.7666666666669,1235.95,1241.5833333333333,1241.5833333333333,1235.95,5.633333333333212,0.4526947390978151,Moderate,Bullish,Above CPR,Cash Only,Healthcare,False,False,0.7666666666666667,60,2164230232.2,Higher,False,No setup,True,Neutral,0,Not applicable,No directional setup; confirmation score not applicable.,Standard CPR,Not applicable,Not applicable,Standard CPR; Wide CPR rules not applied,None,0,No active J-Curve setup.
VETO,EQ,VETO SWITCHGEAR CABLE LTD,91.0,93.83,91.0,93.05,59626,5544264.71,20260325,92.62666666666668,92.415,92.83833333333334,92.83833333333334,92.415,0.4233333333333462,0.4549525344796842,Moderate,Bullish,Above CPR,Cash Only,Diversified,False,False,0.4666666666666667,60,2828412.93,Higher,False,No setup,False,Neutral,0,Not applicable,No directional setup; confirmation score not applicable.,Standard CPR,Not applicable,Not applicable,Standard CPR; Wide CPR rules not applied,None,0,No active J-Curve setup.
SHARDAMOTR,EQ,SHARDA MOTOR INDS LTD,765.05,814.35,765.05,795.15,109577,87186141.75,20260325,791.5166666666668,789.7,793.3333333333335,793.3333333333335,789.7,3.63333333333344,0.4569368462973577,Moderate,Bullish,Above CPR,Cash Only,Diversified,False,False,0.3833333333333333,60,29517351.025,Higher,False,No setup,False,Neutral,0,Not applicable,No directional setup; confirmation score not applicable.,Standard CPR,Not applicable,Not applicable,Standard CPR; Wide CPR rules not applied,None,0,No active J-Curve setup.
PIRAMALFIN,EQ,PIRAMAL FINANCE LIMITED,1804.8,1821.4,1780.3,1813.3,377277,682344618.3,20260325,1805.0,1800.85,1809.15,1809.15,1800.85,8.300000000000182,0.4577290023713771,Moderate,Bullish,Above CPR,Cash Only,Financial Services,False,False,0.6333333333333333,60,474828721.6,Outside,False,No setup,True,Neutral,0,Not applicable,No directional setup; confirmation score not applicable.,Standard CPR,Not applicable,Not applicable,Standard CPR; Wide CPR rules not applied,None,0,No active J-Curve setup.
AARTIIND,EQ,AARTI INDUSTRIES LTD,423.0,435.5,421.05,431.25,849799,366361441.3,20260325,429.26666666666665,428.275,430.2583333333333,430.2583333333333,428.275,1.9833333333333485,0.4599033816425155,Moderate,Bullish,Above CPR,Cash Only,Chemicals,False,False,0.5166666666666667,60,244591766.4,Higher,False,No setup,True,Neutral,0,Not applicable,No directional setup; confirmation score not applicable.,Standard CPR,Not applicable,Not applicable,Standard CPR; Wide CPR rules not applied,None,0,No active J-Curve setup.
ECOSMOBLTY,EQ,ECOS (INDIA) MOB & HOSP L,113.49,123.85,111.92,118.71,1283956,153774649.81,20260325,118.15999999999998,117.885,118.43499999999996,118.43499999999996,117.885,0.549999999999983,0.4633139583859683,Moderate,Bullish,Above CPR,Cash Only,Diversified,False,False,0.4166666666666667,60,44237460.525000006,Higher,False,No setup,False,Neutral,0,Not applicable,No directional setup; confirmation score not applicable.,Standard CPR,Not applicable,Not applicable,Standard CPR; Wide CPR rules not applied,None,0,No active J-Curve setup.
REPRO,EQ,REPRO INDIA LIMITED,356.9,375.8,352.2,366.55,33323,12029845.85,20260325,364.85,364.0,365.69999999999993,365.69999999999993,364.0,1.6999999999999318,0.4637839312508339,Moderate,Bullish,Above CPR,Cash Only,Diversified,False,False,0.3333333333333333,60,4644238.125,Higher,False,No setup,False,Neutral,0,Not applicable,No directional setup; confirmation score not applicable.,Standard CPR,Not applicable,Not applicable,Standard CPR; Wide CPR rules not applied,None,0,No active J-Curve setup.
GLAND,EQ,GLAND PHARMA LIMITED,1689.0,1727.0,1670.2,1710.5,58101,99327343.3,20260325,1702.5666666666666,1698.6,1706.5333333333333,1706.5333333333333,1698.6,7.933333333333394,0.4638020072103709,Moderate,Bullish,Above CPR,Cash Only,Healthcare,False,False,0.4666666666666667,60,138815114.7,Higher,False,No setup,True,Neutral,0,Not applicable,No directional setup; confirmation score not applicable.,Standard CPR,Not applicable,Not applicable,Standard CPR; Wide CPR rules not applied,None,0,No active J-Curve setup.
GOODLUCK,EQ,GOODLUCK INDIA LIMITED,985.0,1027.3,977.0,1009.2,93729,94918310.3,20260325,1004.5,1002.15,1006.85,1006.85,1002.15,4.7000000000000455,0.4657154181529969,Moderate,Bullish,Above CPR,Cash Only,Diversified,False,False,0.3,60,88013404.85,Higher,False,No setup,False,Neutral,0,Not applicable,No directional setup; confirmation score not applicable.,Standard CPR,Not applicable,Not applicable,Standard CPR; Wide CPR rules not applied,None,0,No active J-Curve setup.
SYMPHONY,EQ,SYMPHONY LIMITED,735.0,755.0,730.15,747.8,211592,157086457.8,20260325,744.3166666666666,742.575,746.0583333333332,746.0583333333332,742.575,3.483333333333121,0.4658108228581333,Moderate,Bullish,Above CPR,Cash Only,Diversified,False,False,0.4666666666666667,60,85214281.025,Higher,False,No setup,False,Neutral,0,Not applicable,No directional setup; confirmation score not applicable.,Standard CPR,Not applicable,Not applicable,Standard CPR; Wide CPR rules not applied,None,0,No active J-Curve setup.
INDORAMA,EQ,INDO RAMA SYNTHETICS LTD,31.7,33.8,30.9,32.58,264409,8563049.92,20260325,32.42666666666666,32.349999999999994,32.50333333333333,32.50333333333333,32.349999999999994,0.1533333333333359,0.4706363822386004,Moderate,Bullish,Above CPR,Cash Only,Diversified,False,False,0.4,60,4086179.315,Higher,False,No setup,False,Neutral,0,Not applicable,No directional setup; confirmation score not applicable.,Standard CPR,Not applicable,Not applicable,Standard CPR; Wide CPR rules not applied,None,0,No active J-Curve setup.
SBICARD,EQ,SBI CARDS & PAY SER LTD,682.0,711.55,678.95,700.2,1334034,937261473.75,20260325,696.9,695.25,698.55,698.55,695.25,3.2999999999999545,0.4712939160239865,Moderate,Bullish,Above CPR,Cash Only,Financial Services,False,False,0.6666666666666666,60,854494886.575,Higher,False,No setup,True,Neutral,0,Not applicable,No directional setup; confirmation score not applicable.,Standard CPR,Not applicable,Not applicable,Standard CPR; Wide CPR rules not applied,None,0,No active J-Curve setup.
AEGISLOG,EQ,AEGIS LOGISTICS LIMITED,604.0,619.85,595.0,611.75,568064,347284097.15,20260325,608.8666666666667,607.425,610.3083333333334,610.3083333333334,607.425,2.8833333333334394,0.4713254325024012,Moderate,Bullish,Above CPR,Cash Only,Oil Gas & Consumable Fuels,False,False,0.4333333333333333,60,215741254.275,Higher,False,No setup,True,Neutral,0,Not applicable,No directional setup; confirmation score not applicable.,Standard CPR,Not applicable,Not applicable,Standard CPR; Wide CPR rules not applied,None,0,No active J-Curve setup.
CUMMINSIND,EQ,CUMMINS INDIA LTD,4635.0,4775.0,4635.0,4738.6,664695,3145120007.8,20260325,4716.2,4705.0,4727.4,4727.4,4705.0,22.39999999999964,0.4727134596716252,Moderate,Bullish,Above CPR,Cash Only,Capital Goods,False,False,0.4833333333333333,60,2743982549.1,Higher,False,No setup,True,Neutral,0,Not applicable,No directional setup; confirmation score not applicable.,Standard CPR,Not applicable,Not applicable,Standard CPR; Wide CPR rules not applied,None,0,No active J-Curve setup.
IVALUE,EQ,IVALUE INFOSOLUTIONS LTD,220.0,228.0,220.0,225.62,125517,28219760.8,20260325,224.54,224.0,225.08,225.08,224.0,1.079999999999984,0.4786809679992838,Moderate,Bullish,Above CPR,Cash Only,Diversified,False,False,0.5166666666666667,60,30184755.955,Higher,False,No setup,False,Neutral,0,Not applicable,No directional setup; confirmation score not applicable.,Standard CPR,Not applicable,Not applicable,Standard CPR; Wide CPR rules not applied,None,0,No active J-Curve setup.
SUNPHARMA,EQ,SUN PHARMACEUTICAL IND L,1766.7,1809.5,1755.5,1795.4,1900794,3394167606.5,20260325,1786.8,1782.5,1791.1,1791.1,1782.5,8.599999999999909,0.479001893728412,Moderate,Bullish,Above CPR,Cash Only,Healthcare,False,False,0.7333333333333333,60,4286414751.1,Higher,False,No setup,True,Neutral,0,Not applicable,No directional setup; confirmation score not applicable.,Standard CPR,Not applicable,Not applicable,Standard CPR; Wide CPR rules not applied,None,0,No active J-Curve setup.
RKFORGE,EQ,RAMKRISHNA FORGINGS LTD,489.0,517.0,486.2,505.25,773407,391374756.85,20260325,502.81666666666666,501.6,504.0333333333333,504.0333333333333,501.6,2.4333333333332803,0.4816097641431529,Moderate,Bullish,Above CPR,Cash Only,Automobile and Auto Components,False,False,0.5833333333333334,60,171338767.075,Higher,False,No setup,True,Neutral,0,Not applicable,No directional setup; confirmation score not applicable.,Standard CPR,Not applicable,Not applicable,Standard CPR; Wide CPR rules not applied,None,0,No active J-Curve setup.
PSB,EQ,PUNJAB & SIND BANK,22.13,23.06,22.13,22.76,2278735,51937790.32,20260325,22.65,22.595,22.705000000000005,22.705000000000005,22.595,0.1100000000000065,0.4833040421792905,Moderate,Bullish,Above CPR,Cash Only,Banking,False,False,0.5333333333333333,60,49863389.945,Higher,False,No setup,False,Neutral,0,Not applicable,No directional setup; confirmation score not applicable.,Standard CPR,Not applicable,Not applicable,Standard CPR; Wide CPR rules not applied,None,0,No active J-Curve setup.
INNOVACAP,EQ,INNOVA CAPTAB LIMITED,691.0,722.85,689.9,711.55,30082,21313686.55,20260325,708.1,706.375,709.825,709.825,706.375,3.450000000000045,0.4848570023188877,Moderate,Bullish,Above CPR,Cash Only,Diversified,False,False,0.4166666666666667,60,16214388.875,Higher,False,No setup,False,Neutral,0,Not applicable,No directional setup; confirmation score not applicable.,Standard CPR,Not applicable,Not applicable,Standard CPR; Wide CPR rules not applied,None,0,No active J-Curve setup.
SENORES,EQ,SENORES PHARMACEUTICALS L,758.3,795.0,755.2,780.8,417828,326360921.2,20260325,777.0,775.1,778.9,778.9,775.1,3.7999999999999545,0.4866803278688467,Moderate,Bullish,Above CPR,Cash Only,Diversified,False,False,0.55,60,109420063.375,Higher,False,No setup,False,Neutral,0,Not applicable,No directional setup; confirmation score not applicable.,Standard CPR,Not applicable,Not applicable,Standard CPR; Wide CPR rules not applied,None,0,No active J-Curve setup.
APOLLOHOSP,EQ,APOLLO HOSPITALS ENTER. L,7461.0,7612.5,7437.5,7580.5,450043,3402265766.5,20260325,7543.5,7525.0,7562.0,7562.0,7525.0,37.0,0.4880944528725018,Moderate,Bullish,Above CPR,Cash Only,Healthcare,False,False,0.7333333333333333,60,3045214184.75,Higher,False,No setup,True,Neutral,0,Not applicable,No directional setup; confirmation score not applicable.,Standard CPR,Not applicable,Not applicable,Standard CPR; Wide CPR rules not applied,None,0,No active J-Curve setup.
SUMMITSEC,EQ,SUMMIT SECURITIES LTD,1407.0,1485.8,1407.0,1457.1,10573,15466024.0,20260325,1449.9666666666665,1446.4,1453.5333333333328,1453.5333333333328,1446.4,7.133333333332757,0.4895568823919263,Moderate,Bullish,Above CPR,Cash Only,Diversified,False,False,0.5333333333333333,60,8436919.4,Higher,False,No setup,False,Neutral,0,Not applicable,No directional setup; confirmation score not applicable.,Standard CPR,Not applicable,Not applicable,Standard CPR; Wide CPR rules not applied,None,0,No active J-Curve setup.
BBTCL,EQ,B&B TRIPLEWALL CONT LTD,175.15,175.15,170.07,173.89,1335,232919.97,20260325,173.03666666666666,172.61,173.4633333333333,173.4633333333333,172.61,0.8533333333332962,0.4907316886153869,Moderate,Bullish,Above CPR,Cash Only,Diversified,False,False,0.3166666666666666,60,283479.88,Higher,False,No setup,False,Neutral,0,Not applicable,No directional setup; confirmation score not applicable.,Standard CPR,Not applicable,Not applicable,Standard CPR; Wide CPR rules not applied,None,0,No active J-Curve setup.
KANORICHEM,EQ,KANORIA CHEMICALS & INDUS,60.6,64.0,60.0,62.46,81737,5095520.91,20260325,62.153333333333336,62.0,62.30666666666667,62.30666666666667,62.0,0.3066666666666719,0.4909808944391161,Moderate,Bullish,Above CPR,Cash Only,Chemicals & Fertilizers,False,False,0.35,60,951757.085,Higher,False,No setup,False,Neutral,0,Not applicable,No directional setup; confirmation score not applicable.,Standard CPR,Not applicable,Not applicable,Standard CPR; Wide CPR rules not applied,None,0,No active J-Curve setup.
KMEW,EQ,KNOWLEDGE MARINE & EN W L,1558.0,1614.9,1550.8,1594.6,83135,131841803.6,20260325,1586.7666666666664,1582.85,1590.683333333333,1590.683333333333,1582.85,7.83333333333303,0.4912412726284353,Moderate,Bullish,Above CPR,Cash Only,Diversified,False,False,0.4,60,214340520.8,Higher,False,No setup,False,Neutral,0,Not applicable,No directional setup; confirmation score not applicable.,Standard CPR,Not applicable,Not applicable,Standard CPR; Wide CPR rules not applied,None,0,No active J-Curve setup.
HATSUN,EQ,HATSUN AGRO PRODUCT LTD.,929.3,954.55,925.1,946.85,35345,33221009.2,20260325,942.1666666666666,939.825,944.5083333333332,944.5083333333332,939.825,4.683333333333167,0.4946225202865466,Moderate,Bullish,Above CPR,Cash Only,Diversified,False,False,0.6333333333333333,60,18355522.675,Higher,False,No setup,False,Neutral,0,Not applicable,No directional setup; confirmation score not applicable.,Standard CPR,Not applicable,Not applicable,Standard CPR; Wide CPR rules not applied,None,0,No active J-Curve setup.
DBOL,EQ,DHAMPUR BIO ORGANICS LTD,98.2,101.1,98.0,100.31,167311,16631182.83,20260325,99.80333333333331,99.55,100.05666666666666,100.05666666666666,99.55,0.5066666666666606,0.5051008540192011,Moderate,Bullish,Above CPR,Cash Only,Diversified,False,False,0.35,60,9162954.51,Higher,False,No setup,False,Neutral,0,Not applicable,No directional setup; confirmation score not applicable.,Standard CPR,Not applicable,Not applicable,Standard CPR; Wide CPR rules not applied,None,0,No active J-Curve setup.
MODINATUR,EQ,MODI NATURALS LIMITED,288.6,303.95,288.6,298.55,2844,842023.6,20260325,297.0333333333333,296.275,297.79166666666663,297.79166666666663,296.275,1.5166666666666515,0.5080109417741254,Moderate,Bullish,Above CPR,Cash Only,Diversified,False,False,0.3333333333333333,60,1024035.625,Lower,False,No setup,False,Neutral,0,Not applicable,No directional setup; confirmation score not applicable.,Standard CPR,Not applicable,Not applicable,Standard CPR; Wide CPR rules not applied,None,0,No active J-Curve setup.
GRANULES,EQ,GRANULES INDIA LIMITED,612.0,640.0,608.45,629.05,2987425,1871990730.5,20260325,625.8333333333334,624.225,627.4416666666667,627.4416666666667,624.225,3.216666666666697,0.5113530985878224,Moderate,Bullish,Above CPR,Cash Only,Healthcare,False,False,0.55,60,413968179.5,Higher,False,No setup,True,Neutral,0,Not applicable,No directional setup; confirmation score not applicable.,Standard CPR,Not applicable,Not applicable,Standard CPR; Wide CPR rules not applied,None,0,No active J-Curve setup.
UCOBANK,EQ,UCO BANK,24.25,24.74,24.1,24.61,6337168,155816533.44,20260325,24.48333333333333,24.42,24.546666666666667,24.546666666666667,24.42,0.1266666666666651,0.514695923066498,Moderate,Bullish,Above CPR,Cash Only,Financial Services,False,False,0.65,60,205939723.105,Higher,False,No setup,True,Neutral,0,Not applicable,No directional setup; confirmation score not applicable.,Standard CPR,Not applicable,Not applicable,Standard CPR; Wide CPR rules not applied,None,0,No active J-Curve setup.
CRAFTSMAN,EQ,CRAFTSMAN AUTOMATION LTD,6968.0,7101.0,6888.0,7049.0,16025,112686126.5,20260325,7012.666666666667,6994.5,7030.833333333334,7030.833333333334,6994.5,36.33333333333394,0.5154395422518647,Moderate,Bullish,Above CPR,Cash Only,Automobile and Auto Components,False,False,0.4333333333333333,60,256611107.75,Higher,False,No setup,True,Neutral,0,Not applicable,No directional setup; confirmation score not applicable.,Standard CPR,Not applicable,Not applicable,Standard CPR; Wide CPR rules not applied,None,0,No active J-Curve setup.
ASIANTILES,EQ,ASIAN GRANITO IND. LTD.,56.3,61.88,56.06,59.43,8004357,478882946.29,20260325,59.123333333333335,58.97,59.27666666666667,59.27666666666667,58.97,0.3066666666666719,0.5160132368613023,Moderate,Bullish,Above CPR,Cash Only,Building Materials,False,False,0.3833333333333333,60,185382527.38,Higher,False,No setup,False,Neutral,0,Not applicable,No directional setup; confirmation score not applicable.,Standard CPR,Not applicable,Not applicable,Standard CPR; Wide CPR rules not applied,None,0,No active J-Curve setup.
APTUS,EQ,APTUS VALUE HSG FIN I LTD,203.0,209.06,202.22,207.25,7167048,1480295479.38,20260325,206.17666666666665,205.64,206.7133333333333,206.7133333333333,205.64,1.0733333333333237,0.5178930438279004,Moderate,Bullish,Above CPR,Cash Only,Financial Services,False,False,0.5166666666666667,60,307493646.775,Higher,False,No setup,True,Neutral,0,Not applicable,No directional setup; confirmation score not applicable.,Standard CPR,Not applicable,Not applicable,Standard CPR; Wide CPR rules not applied,None,0,No active J-Curve setup.
BANSWRAS,EQ,BANSWARA SYNTEX LIMITED,102.0,108.05,102.0,105.85,160637,16904510.97,20260325,105.3,105.025,105.575,105.575,105.025,0.549999999999983,0.5196032120925678,Moderate,Bullish,Above CPR,Cash Only,Diversified,False,False,0.3833333333333333,60,3049093.325,Inside,False,No setup,False,Neutral,0,Not applicable,No directional setup; confirmation score not applicable.,Standard CPR,Not applicable,Not applicable,Standard CPR; Wide CPR rules not applied,None,0,No active J-Curve setup.
INDNIPPON,EQ,INDIA NIPPON ELECT  LTD,749.0,753.9,734.0,749.8,17245,12898218.55,20260325,745.9,743.95,747.8499999999999,747.8499999999999,743.95,3.899999999999864,0.5201387036542896,Moderate,Bullish,Above CPR,Cash Only,Diversified,False,False,0.4666666666666667,60,13294820.225,Higher,False,No setup,False,Neutral,0,Not applicable,No directional setup; confirmation score not applicable.,Standard CPR,Not applicable,Not applicable,Standard CPR; Wide CPR rules not applied,None,0,No active J-Curve setup.
PETRONET,EQ,PETRONET LNG LIMITED,246.65,251.25,244.55,249.85,8711316,2170428498.95,20260325,248.55,247.9,249.2,249.2,247.9,1.2999999999999543,0.5203121873123692,Moderate,Bullish,Above CPR,Cash Only,Oil Gas & Consumable Fuels,False,False,0.6666666666666666,60,907569012.4,Higher,False,No setup,True,Neutral,0,Not applicable,No directional setup; confirmation score not applicable.,Standard CPR,Not applicable,Not applicable,Standard CPR; Wide CPR rules not applied,None,0,No active J-Curve setup.
CIEINDIA,EQ,CIE AUTOMOTIVE INDIA LTD,438.4,456.85,436.9,450.4,277096,124863778.5,20260325,448.05,446.875,449.225,449.225,446.875,2.3500000000000227,0.521758436944943,Moderate,Bullish,Above CPR,Cash Only,Automobile and Auto Components,False,False,0.4833333333333333,60,80543197.19999999,Higher,False,No setup,True,Neutral,0,Not applicable,No directional setup; confirmation score not applicable.,Standard CPR,Not applicable,Not applicable,Standard CPR; Wide CPR rules not applied,None,0,No active J-Curve setup.
SAGARDEEP,EQ,SAGARDEEP ALLOYS LIMITED,22.6,23.19,22.35,22.95,64081,1472858.07,20260325,22.83,22.770000000000003,22.89,22.89,22.770000000000003,0.1199999999999974,0.5228758169934529,Moderate,Bullish,Above CPR,Cash Only,Diversified,False,False,0.3666666666666666,60,216002.74,Overlapping,False,No setup,False,Neutral,0,Not applicable,No directional setup; confirmation score not applicable.,Standard CPR,Not applicable,Not applicable,Standard CPR; Wide CPR rules not applied,None,0,No active J-Curve setup.
REPCOHOME,EQ,REPCO HOME FINANCE LTD,360.95,375.35,360.0,370.6,154960,57193187.6,20260325,368.65,367.675,369.62500000000006,369.62500000000006,367.675,1.9500000000000453,0.5261737722612103,Moderate,Bullish,Above CPR,Cash Only,Diversified,False,False,0.55,60,36319135.0,Higher,False,No setup,False,Neutral,0,Not applicable,No directional setup; confirmation score not applicable.,Standard CPR,Not applicable,Not applicable,Standard CPR; Wide CPR rules not applied,None,0,No active J-Curve setup.
TRAVELFOOD,EQ,TRAVEL FOOD SERVICES LTD,1125.0,1180.0,1112.9,1155.6,177370,204530130.1,20260325,1149.5,1146.45,1152.55,1152.55,1146.45,6.099999999999909,0.5278643129110341,Moderate,Bullish,Above CPR,Cash Only,Consumer Services,False,False,0.6166666666666667,60,43853319.75,Higher,False,No setup,True,Neutral,0,Not applicable,No directional setup; confirmation score not applicable.,Standard CPR,Not applicable,Not applicable,Standard CPR; Wide CPR rules not applied,None,0,No active J-Curve setup.
SUPRAJIT,EQ,SUPRAJIT ENGINEERING LTD,401.2,415.6,398.8,410.45,106706,43654404.3,20260325,408.28333333333336,407.2000000000001,409.3666666666667,409.3666666666667,407.2000000000001,2.1666666666666288,0.5278759085556411,Moderate,Bullish,Above CPR,Cash Only,Diversified,False,False,0.6,60,31008018.0,Higher,False,No setup,False,Neutral,0,Not applicable,No directional setup; confirmation score not applicable.,Standard CPR,Not applicable,Not applicable,Standard CPR; Wide CPR rules not applied,None,0,No active J-Curve setup.
THEMISMED,EQ,THEMIS MEDICARE LTD.,72.9,77.6,71.33,75.06,269472,20383049.49,20260325,74.66333333333334,74.465,74.86166666666668,74.86166666666668,74.465,0.3966666666666754,0.5284661159961036,Moderate,Bullish,Above CPR,Cash Only,Diversified,False,False,0.45,60,5934690.065,Higher,False,No setup,False,Neutral,0,Not applicable,No directional setup; confirmation score not applicable.,Standard CPR,Not applicable,Not applicable,Standard CPR; Wide CPR rules not applied,None,0,No active J-Curve setup.
JSWCEMENT,EQ,JSW CEMENT LIMITED,116.0,119.16,115.8,118.42,1764459,208189200.5,20260325,117.79333333333334,117.48,118.10666666666668,118.10666666666668,117.48,0.6266666666666936,0.5291898890953332,Moderate,Bullish,Above CPR,Cash Only,Construction Materials,False,False,0.5666666666666667,60,214613702.11,Higher,False,No setup,True,Neutral,0,Not applicable,No directional setup; confirmation score not applicable.,Standard CPR,Not applicable,Not applicable,Standard CPR; Wide CPR rules not applied,None,0,No active J-Curve setup.
CHALET,EQ,CHALET HOTELS LIMITED,727.0,744.9,722.15,739.4,87482,64687453.2,20260325,735.4833333333332,733.525,737.4416666666665,737.4416666666665,733.525,3.916666666666515,0.5297087728788903,Moderate,Bullish,Above CPR,Cash Only,Consumer Services,False,False,0.5833333333333334,60,86007982.1,Higher,False,No setup,True,Neutral,0,Not applicable,No directional setup; confirmation score not applicable.,Standard CPR,Not applicable,Not applicable,Standard CPR; Wide CPR rules not applied,None,0,No active J-Curve setup.
PRAJIND,EQ,PRAJ INDUSTRIES LTD,315.0,332.0,314.3,325.75,3839606,1254475788.45,20260325,324.01666666666665,323.15,324.8833333333333,324.8833333333333,323.15,1.7333333333333485,0.5321053977999535,Moderate,Bullish,Above CPR,Cash Only,Diversified,False,False,0.55,60,319937106.825,Higher,False,No setup,False,Neutral,0,Not applicable,No directional setup; confirmation score not applicable.,Standard CPR,Not applicable,Not applicable,Standard CPR; Wide CPR rules not applied,None,0,No active J-Curve setup.
ORIENTPPR,EQ,ORIENT PAPER AND INDS LTD,15.19,15.86,15.19,15.65,836757,13092507.72,20260325,15.566666666666665,15.525,15.60833333333333,15.60833333333333,15.525,0.0833333333333321,0.5324813631522821,Moderate,Bullish,Above CPR,Cash Only,Diversified,False,False,0.55,60,5761713.914999999,Higher,False,No setup,False,Neutral,0,Not applicable,No directional setup; confirmation score not applicable.,Standard CPR,Not applicable,Not applicable,Standard CPR; Wide CPR rules not applied,None,0,No active J-Curve setup.
CHOLAHLDNG,EQ,CHOLAMANDALAM FIN HOL LTD,1376.4,1418.9,1362.7,1402.0,397899,558950758.0,20260325,1394.5333333333335,1390.8000000000002,1398.2666666666669,1398.2666666666669,1390.8000000000002,7.466666666666697,0.5325725154541153,Moderate,Bullish,Above CPR,Cash Only,Financial Services,False,False,0.55,60,295031541.1,Higher,False,No setup,True,Neutral,0,Not applicable,No directional setup; confirmation score not applicable.,Standard CPR,Not applicable,Not applicable,Standard CPR; Wide CPR rules not applied,None,0,No active J-Curve setup.
ORBTEXP,EQ,ORBIT EXPORTS LIMITED,146.0,154.0,146.0,151.21,5982,906713.48,20260325,150.40333333333334,150.0,150.80666666666667,150.80666666666667,150.0,0.806666666666672,0.5334744174768018,Moderate,Bullish,Above CPR,Cash Only,Diversified,False,False,0.5166666666666667,60,910213.52,Higher,False,No setup,False,Neutral,0,Not applicable,No directional setup; confirmation score not applicable.,Standard CPR,Not applicable,Not applicable,Standard CPR; Wide CPR rules not applied,None,0,No active J-Curve setup.
THEJO,EQ,THEJO ENGINEERING LIMITED,1579.9,1610.0,1537.2,1586.3,36931,58258562.2,20260325,1577.8333333333333,1573.6,1582.0666666666666,1582.0666666666666,1573.6,8.466666666666697,0.5337367879131751,Moderate,Bullish,Above CPR,Cash Only,Diversified,False,False,0.5833333333333334,60,10096484.5,Higher,False,No setup,False,Neutral,0,Not applicable,No directional setup; confirmation score not applicable.,Standard CPR,Not applicable,Not applicable,Standard CPR; Wide CPR rules not applied,None,0,No active J-Curve setup.
SONACOMS,EQ,SONA BLW PRECISION FRGS L,500.0,519.0,495.7,511.45,1883357,968061426.4,20260325,508.7166666666667,507.35,510.08333333333337,510.08333333333337,507.35,2.7333333333333485,0.5344282595235796,Moderate,Bullish,Above CPR,Cash Only,Automobile and Auto Components,False,False,0.7333333333333333,60,654363369.225,Higher,False,No setup,True,Neutral,0,Not applicable,No directional setup; confirmation score not applicable.,Standard CPR,Not applicable,Not applicable,Standard CPR; Wide CPR rules not applied,None,0,No active J-Curve setup.
TCI,EQ,TRANSPORT CORPN OF INDIA,926.2,947.5,914.4,938.5,20193,18836697.3,20260325,933.4666666666668,930.95,935.9833333333332,935.9833333333332,930.95,5.033333333333303,0.5363168176167612,Moderate,Bullish,Above CPR,Cash Only,Diversified,False,False,0.6166666666666667,60,21272224.700000003,Higher,False,No setup,False,Neutral,0,Not applicable,No directional setup; confirmation score not applicable.,Standard CPR,Not applicable,Not applicable,Standard CPR; Wide CPR rules not applied,None,0,No active J-Curve setup.
KPRMILL,EQ,KPR MILL LTD.,846.7,858.45,838.5,855.4,685500,581009458.05,20260325,850.7833333333333,848.475,853.0916666666666,853.0916666666666,848.475,4.616666666666561,0.5397085184319103,Moderate,Bullish,Above CPR,Cash Only,Textiles,False,False,0.55,60,323661105.725,Higher,False,No setup,True,Neutral,0,Not applicable,No directional setup; confirmation score not applicable.,Standard CPR,Not applicable,Not applicable,Standard CPR; Wide CPR rules not applied,None,0,No active J-Curve setup.
SHRIPISTON,EQ,SHRIRAM PIST. & RING LTD,3013.9,3145.0,3008.8,3102.1,93139,288708879.3,20260325,3085.3,3076.9,3093.7,3093.7,3076.9,16.799999999999272,0.5415686148092993,Moderate,Bullish,Above CPR,Cash Only,Diversified,False,False,0.4166666666666667,60,203531094.0,Higher,False,No setup,False,Neutral,0,Not applicable,No directional setup; confirmation score not applicable.,Standard CPR,Not applicable,Not applicable,Standard CPR; Wide CPR rules not applied,None,0,No active J-Curve setup.
CEATLTD,EQ,CEAT LIMITED,3492.0,3575.0,3465.3,3549.1,67145,238062738.1,20260325,3529.8,3520.15,3539.45,3539.45,3520.15,19.299999999999272,0.543799836578267,Moderate,Bullish,Above CPR,Cash Only,Automobile and Auto Components,False,False,0.55,60,382474802.0,Higher,False,No setup,True,Neutral,0,Not applicable,No directional setup; confirmation score not applicable.,Standard CPR,Not applicable,Not applicable,Standard CPR; Wide CPR rules not applied,None,0,No active J-Curve setup.
RAMKY,EQ,RAMKY INFRA LTD,451.05,465.8,451.05,462.2,70415,32492515.05,20260325,459.6833333333333,458.425,460.94166666666666,460.94166666666666,458.425,2.5166666666666515,0.5444973316024776,Moderate,Bullish,Above CPR,Cash Only,Diversified,False,False,0.5833333333333334,60,21595696.875,Higher,False,No setup,False,Neutral,0,Not applicable,No directional setup; confirmation score not applicable.,Standard CPR,Not applicable,Not applicable,Standard CPR; Wide CPR rules not applied,None,0,No active J-Curve setup.
ZFCVINDIA,EQ,ZF COM VE CTR SYS IND LTD,13191.0,13768.0,13191.0,13592.0,14208,193139451.0,20260325,13517.0,13479.5,13554.5,13554.5,13479.5,75.0,0.551795173631548,Moderate,Bullish,Above CPR,Cash Only,Automobile and Auto Components,False,False,0.6833333333333333,60,167884499.5,Higher,False,No setup,True,Neutral,0,Not applicable,No directional setup; confirmation score not applicable.,Standard CPR,Not applicable,Not applicable,Standard CPR; Wide CPR rules not applied,None,0,No active J-Curve setup.
BERGEPAINT,EQ,BERGER PAINTS (I) LTD,418.95,427.7,416.15,425.45,349329,148196748.45,20260325,423.1,421.925,424.275,424.275,421.925,2.3500000000000227,0.5523563285932596,Moderate,Bullish,Above CPR,Cash Only,Consumer Durables,False,False,0.6833333333333333,60,143657144.5,Higher,False,No setup,True,Neutral,0,Not applicable,No directional setup; confirmation score not applicable.,Standard CPR,Not applicable,Not applicable,Standard CPR; Wide CPR rules not applied,None,0,No active J-Curve setup.
ARIHANTSUP,EQ,ARIHANT SUPERSTRUCT LTD,202.8,238.0,198.75,220.2,142984,32012596.15,20260325,218.98333333333332,218.375,219.5916666666667,219.5916666666667,218.375,1.216666666666697,0.5525280048440949,Moderate,Bullish,Above CPR,Cash Only,Diversified,False,False,0.5166666666666667,60,7253645.625,Higher,False,No setup,False,Neutral,0,Not applicable,No directional setup; confirmation score not applicable.,Standard CPR,Not applicable,Not applicable,Standard CPR; Wide CPR rules not applied,None,0,No active J-Curve setup.
BIOCON,EQ,BIOCON LIMITED.,371.0,382.0,371.0,379.65,2037267,772618187.15,20260325,377.55,376.5,378.6,378.6,376.5,2.1000000000000227,0.5531410509680029,Moderate,Bullish,Above CPR,Cash Only,Healthcare,False,False,0.7333333333333333,60,1000854185.15,Higher,False,No setup,True,Neutral,0,Not applicable,No directional setup; confirmation score not applicable.,Standard CPR,Not applicable,Not applicable,Standard CPR; Wide CPR rules not applied,None,0,No active J-Curve setup.
AUTOAXLES,EQ,AUTOMOTIVE AXLES LIMITED,1599.9,1673.9,1599.3,1650.4,7811,12915090.2,20260325,1641.2,1636.6,1645.8000000000002,1645.8000000000002,1636.6,9.200000000000273,0.5574406204556636,Moderate,Bullish,Above CPR,Cash Only,Automobile & Ancillary,False,False,0.5333333333333333,60,21182097.65,Higher,False,No setup,False,Neutral,0,Not applicable,No directional setup; confirmation score not applicable.,Standard CPR,Not applicable,Not applicable,Standard CPR; Wide CPR rules not applied,None,0,No active J-Curve setup.
ARVIND,EQ,ARVIND LIMITED,355.0,366.5,353.7,363.15,233246,84775259.5,20260325,361.1166666666666,360.1,362.1333333333332,362.1333333333332,360.1,2.0333333333331893,0.5599155537197272,Moderate,Bullish,Above CPR,Cash Only,Diversified,False,False,0.6,60,121721078.1,Higher,False,No setup,False,Neutral,0,Not applicable,No directional setup; confirmation score not applicable.,Standard CPR,Not applicable,Not applicable,Standard CPR; Wide CPR rules not applied,None,0,No active J-Curve setup.
FORTIS,EQ,FORTIS HEALTHCARE LTD,815.0,833.0,813.05,830.1,1758122,1455852847.45,20260325,825.3833333333333,823.025,827.7416666666667,827.7416666666667,823.025,4.716666666666697,0.5682046339798454,Moderate,Bullish,Above CPR,Cash Only,Healthcare,False,False,0.65,60,1452150527.025,Higher,False,No setup,True,Neutral,0,Not applicable,No directional setup; confirmation score not applicable.,Standard CPR,Not applicable,Not applicable,Standard CPR; Wide CPR rules not applied,None,0,No active J-Curve setup.
NATIONALUM,EQ,NATIONAL ALUMINIUM CO LTD,359.7,369.85,358.45,367.3,8500335,3106815211.75,20260325,365.2,364.15,366.25,366.25,364.15,2.1000000000000227,0.5717397222978553,Moderate,Bullish,Above CPR,Cash Only,Metals & Mining,False,False,0.4166666666666667,60,5013586639.55,Higher,False,No setup,True,Neutral,0,Not applicable,No directional setup; confirmation score not applicable.,Standard CPR,Not applicable,Not applicable,Standard CPR; Wide CPR rules not applied,None,0,No active J-Curve setup.
LATENTVIEW,EQ,LATENT VIEW ANALYTICS LTD,267.95,276.95,260.6,271.1,1127246,305535693.45,20260325,269.55,268.775,270.32500000000005,270.32500000000005,268.775,1.5500000000000682,0.5717447436370594,Moderate,Bullish,Above CPR,Cash Only,Information Technology,False,False,0.5333333333333333,60,168829970.55,Higher,False,No setup,True,Neutral,0,Not applicable,No directional setup; confirmation score not applicable.,Standard CPR,Not applicable,Not applicable,Standard CPR; Wide CPR rules not applied,None,0,No active J-Curve setup.
JUBLINGREA,EQ,JUBILANT INGREVIA LIMITED,575.95,596.45,561.2,583.85,186800,109689319.85,20260325,580.5,578.825,582.175,582.175,578.825,3.349999999999909,0.573777511347077,Moderate,Bullish,Above CPR,Cash Only,Chemicals,False,False,0.6333333333333333,60,108498836.35,Higher,False,No setup,True,Neutral,0,Not applicable,No directional setup; confirmation score not applicable.,Standard CPR,Not applicable,Not applicable,Standard CPR; Wide CPR rules not applied,None,0,No active J-Curve setup.
CHAMBLFERT,EQ,CHAMBAL FERTILIZERS LTD,426.0,434.45,422.8,432.35,708223,304104739.65,20260325,429.8666666666666,428.625,431.1083333333332,431.1083333333332,428.625,2.483333333333235,0.5743803245826841,Moderate,Bullish,Above CPR,Cash Only,Chemicals,False,False,0.7333333333333333,60,349008555.875,Higher,False,No setup,True,Neutral,0,Not applicable,No directional setup; confirmation score not applicable.,Standard CPR,Not applicable,Not applicable,Standard CPR; Wide CPR rules not applied,None,0,No active J-Curve setup.
TMCV,EQ,TATA MOTORS LIMITED,420.0,436.25,420.0,431.85,10647115,4569959286.1,20260325,429.3666666666666,428.125,430.6083333333332,430.6083333333332,428.125,2.483333333333235,0.5750453475357729,Moderate,Bullish,Above CPR,Cash Only,Capital Goods,False,False,0.5833333333333334,60,4808579651.75,Higher,False,No setup,True,Neutral,0,Not applicable,No directional setup; confirmation score not applicable.,Standard CPR,Not applicable,Not applicable,Standard CPR; Wide CPR rules not applied,None,0,No active J-Curve setup.
SUBROS,EQ,SUBROS LIMITED,674.05,695.0,667.6,687.25,207283,142226257.7,20260325,683.2833333333333,681.3,685.2666666666667,685.2666666666667,681.3,3.966666666666697,0.5771795804535027,Moderate,Bullish,Above CPR,Cash Only,Diversified,False,False,0.5833333333333334,60,38789979.575,Higher,False,No setup,False,Neutral,0,Not applicable,No directional setup; confirmation score not applicable.,Standard CPR,Not applicable,Not applicable,Standard CPR; Wide CPR rules not applied,None,0,No active J-Curve setup.
AVTNPL,EQ,AVT NATURAL PRODUCTS LTD,56.48,58.83,56.48,58.16,50989,2965450.62,20260325,57.82333333333333,57.655,57.99166666666666,57.99166666666666,57.655,0.3366666666666589,0.5788629069234162,Moderate,Bullish,Above CPR,Cash Only,Diversified,False,False,0.7333333333333333,60,2998957.48,Higher,False,No setup,False,Neutral,0,Not applicable,No directional setup; confirmation score not applicable.,Standard CPR,Not applicable,Not applicable,Standard CPR; Wide CPR rules not applied,None,0,No active J-Curve setup.
RAINBOW,EQ,RAINBOW CHILDRENS MED LTD,1153.4,1180.5,1136.0,1168.4,97396,114177291.8,20260325,1161.6333333333334,1158.25,1165.0166666666669,1165.0166666666669,1158.25,6.766666666666879,0.5791395640762478,Moderate,Bullish,Above CPR,Cash Only,Healthcare,False,False,0.6333333333333333,60,124904343.4,Higher,False,No setup,True,Neutral,0,Not applicable,No directional setup; confirmation score not applicable.,Standard CPR,Not applicable,Not applicable,Standard CPR; Wide CPR rules not applied,None,0,No active J-Curve setup.
HATHWAY,EQ,HATHWAY CABLE & DATACOM,9.5,9.85,9.5,9.76,3760507,36686293.59,20260325,9.703333333333331,9.675,9.731666666666666,9.731666666666666,9.675,0.0566666666666648,0.5806010928961565,Moderate,Bullish,Above CPR,Cash Only,Diversified,False,False,0.6833333333333333,60,24051569.22,Higher,False,No setup,False,Neutral,0,Not applicable,No directional setup; confirmation score not applicable.,Standard CPR,Not applicable,Not applicable,Standard CPR; Wide CPR rules not applied,None,0,No active J-Curve setup.
PONNIERODE,EQ,PONNIE SUGARS (ERODE) LTD,265.0,271.6,262.8,269.55,38613,10355031.2,20260325,267.9833333333333,267.20000000000005,268.76666666666665,268.76666666666665,267.20000000000005,1.566666666666606,0.5812156062573199,Moderate,Bullish,Above CPR,Cash Only,Diversified,False,False,0.8,60,2526205.5,Higher,False,No setup,False,Neutral,0,Not applicable,No directional setup; confirmation score not applicable.,Standard CPR,Not applicable,Not applicable,Standard CPR; Wide CPR rules not applied,None,0,No active J-Curve setup.
MBAPL,EQ,MADHYA BHARAT AGRO P. LTD,460.0,469.9,452.45,465.25,297301,137600088.55,20260325,462.5333333333333,461.175,463.89166666666665,463.89166666666665,461.175,2.716666666666697,0.5839154576392686,Moderate,Bullish,Above CPR,Cash Only,Diversified,False,False,0.6666666666666666,60,104710456.85,Higher,False,No setup,False,Neutral,0,Not applicable,No directional setup; confirmation score not applicable.,Standard CPR,Not applicable,Not applicable,Standard CPR; Wide CPR rules not applied,None,0,No active J-Curve setup.
TVSHLTD,EQ,TVS HOLDINGS LIMITED,13885.0,14125.0,13808.0,14090.0,4190,58843607.0,20260325,14007.666666666666,13966.5,14048.833333333332,14048.833333333332,13966.5,82.33333333333212,0.5843387745445856,Moderate,Bullish,Above CPR,Cash Only,Diversified,False,False,0.6333333333333333,60,85648816.5,Higher,False,No setup,False,Neutral,0,Not applicable,No directional setup; confirmation score not applicable.,Standard CPR,Not applicable,Not applicable,Standard CPR; Wide CPR rules not applied,None,0,No active J-Curve setup.
J&KBANK,EQ,J & K BANK LTD.,114.37,119.7,114.37,118.07,5012379,591039382.68,20260325,117.38,117.035,117.725,117.725,117.035,0.6899999999999977,0.5843990852883864,Moderate,Bullish,Above CPR,Cash Only,Financial Services,False,False,0.65,60,356527637.33,Higher,False,No setup,True,Neutral,0,Not applicable,No directional setup; confirmation score not applicable.,Standard CPR,Not applicable,Not applicable,Standard CPR; Wide CPR rules not applied,None,0,No active J-Curve setup.
HUDCO,EQ,HSG & URBAN DEV CORPN LTD,171.26,179.9,171.17,177.09,7776903,1381741405.66,20260325,176.0533333333333,175.535,176.57166666666663,176.57166666666663,175.535,1.036666666666633,0.5853897265043951,Moderate,Bullish,Above CPR,Cash Only,Financial Services,False,False,0.5833333333333334,60,694258321.19,Higher,False,No setup,True,Neutral,0,Not applicable,No directional setup; confirmation score not applicable.,Standard CPR,Not applicable,Not applicable,Standard CPR; Wide CPR rules not applied,None,0,No active J-Curve setup.
ALKEM,EQ,ALKEM LABORATORIES LTD.,5355.0,5464.0,5311.5,5435.5,61346,331996198.0,20260325,5403.666666666667,5387.75,5419.583333333334,5419.583333333334,5387.75,31.83333333333394,0.5856560267378151,Moderate,Bullish,Above CPR,Cash Only,Healthcare,False,False,0.8,60,571425958.5,Higher,False,No setup,True,Neutral,0,Not applicable,No directional setup; confirmation score not applicable.,Standard CPR,Not applicable,Not applicable,Standard CPR; Wide CPR rules not applied,None,0,No active J-Curve setup.
EMIL,EQ,ELECTRONICS MART IND LTD,89.36,92.4,89.25,91.63,603416,55262506.18,20260325,91.09333333333332,90.825,91.36166666666664,91.36166666666664,90.825,0.5366666666666333,0.5856888209829022,Moderate,Bullish,Above CPR,Cash Only,Diversified,False,False,0.5333333333333333,60,50004694.9,Higher,False,No setup,False,Neutral,0,Not applicable,No directional setup; confirmation score not applicable.,Standard CPR,Not applicable,Not applicable,Standard CPR; Wide CPR rules not applied,None,0,No active J-Curve setup.
MRPL,EQ,MRPL,185.0,188.2,180.8,186.14,12309133,2282795469.17,20260325,185.04666666666665,184.5,185.5933333333333,185.5933333333333,184.5,1.0933333333333053,0.5873715124816296,Moderate,Bullish,Above CPR,Cash Only,Oil Gas & Consumable Fuels,False,False,0.4333333333333333,60,1970325220.61,Higher,False,No setup,True,Neutral,0,Not applicable,No directional setup; confirmation score not applicable.,Standard CPR,Not applicable,Not applicable,Standard CPR; Wide CPR rules not applied,None,0,No active J-Curve setup.
LICHSGFIN,EQ,LIC HOUSING FINANCE LTD,483.85,500.8,483.05,496.3,2495210,1236954439.85,20260325,493.3833333333334,491.925,494.8416666666668,494.8416666666668,491.925,2.9166666666667425,0.5876821814762728,Moderate,Bullish,Above CPR,Cash Only,Financial Services,False,False,0.7666666666666667,60,758578814.075,Higher,False,No setup,True,Neutral,0,Not applicable,No directional setup; confirmation score not applicable.,Standard CPR,Not applicable,Not applicable,Standard CPR; Wide CPR rules not applied,None,0,No active J-Curve setup.
ZENTEC,EQ,ZEN TECHNOLOGIES LIMITED,1370.0,1400.0,1365.0,1394.8,421029,582695297.9,20260325,1386.6,1382.5,1390.7000000000005,1390.7000000000005,1382.5,8.200000000000273,0.5878979065099135,Moderate,Bullish,Above CPR,Cash Only,Capital Goods,False,False,0.6166666666666667,60,496511319.05,Higher,False,No setup,True,Neutral,0,Not applicable,No directional setup; confirmation score not applicable.,Standard CPR,Not applicable,Not applicable,Standard CPR; Wide CPR rules not applied,None,0,No active J-Curve setup.
INTERARCH,EQ,INTERARCH BLDNG SOLTN LTD,1725.0,1819.9,1725.0,1788.3,87128,156185088.0,20260325,1777.7333333333331,1772.45,1783.0166666666669,1783.0166666666669,1772.45,10.566666666666606,0.5908777423623892,Moderate,Bullish,Above CPR,Cash Only,Diversified,False,False,0.45,60,151652927.10000002,Higher,False,No setup,False,Neutral,0,Not applicable,No directional setup; confirmation score not applicable.,Standard CPR,Not applicable,Not applicable,Standard CPR; Wide CPR rules not applied,None,0,No active J-Curve setup.
SUNDARMFIN,EQ,SUNDARAM FINANCE LTD,4678.5,4817.0,4632.0,4767.0,33899,161492999.5,20260325,4738.666666666667,4724.5,4752.833333333334,4752.833333333334,4724.5,28.33333333333394,0.5943640304873913,Moderate,Bullish,Above CPR,Cash Only,Financial Services,False,False,0.5666666666666667,60,351185949.0,Higher,False,No setup,True,Neutral,0,Not applicable,No directional setup; confirmation score not applicable.,Standard CPR,Not applicable,Not applicable,Standard CPR; Wide CPR rules not applied,None,0,No active J-Curve setup.
INDRAMEDCO,EQ,INDRAPRASTHA MEDICAL CORP,395.1,410.0,393.05,405.15,270117,109514548.1,20260325,402.7333333333333,401.525,403.9416666666666,403.9416666666666,401.525,2.4166666666666288,0.5964868978567515,Moderate,Bullish,Above CPR,Cash Only,Diversified,False,False,0.5666666666666667,60,78657201.675,Higher,False,No setup,False,Neutral,0,Not applicable,No directional setup; confirmation score not applicable.,Standard CPR,Not applicable,Not applicable,Standard CPR; Wide CPR rules not applied,None,0,No active J-Curve setup.
ARCHIES,EQ,ARCHIES LTD,13.29,13.49,13.07,13.4,55106,735904.19,20260325,13.32,13.28,13.36,13.36,13.28,0.0799999999999983,0.5970149253731216,Moderate,Bullish,Above CPR,Cash Only,Diversified,False,False,0.4666666666666667,60,295820.39,Higher,False,No setup,False,Neutral,0,Not applicable,No directional setup; confirmation score not applicable.,Standard CPR,Not applicable,Not applicable,Standard CPR; Wide CPR rules not applied,None,0,No active J-Curve setup.
LICI,EQ,LIFE INSURA CORP OF INDIA,764.0,784.65,763.55,781.1,1231067,959816390.75,20260325,776.4333333333333,774.0999999999999,778.7666666666667,778.7666666666667,774.0999999999999,4.666666666666743,0.5974480433576677,Moderate,Bullish,Above CPR,Cash Only,Financial Services,False,False,0.85,60,784192019.5,Higher,False,No setup,True,Neutral,0,Not applicable,No directional setup; confirmation score not applicable.,Standard CPR,Not applicable,Not applicable,Standard CPR; Wide CPR rules not applied,None,0,No active J-Curve setup.
INDIANB,EQ,INDIAN BANK,885.0,919.6,882.1,909.05,2602754,2361295674.7,20260325,903.5833333333334,900.85,906.3166666666668,906.3166666666668,900.85,5.466666666666697,0.6013603945510916,Moderate,Bullish,Above CPR,Cash Only,Financial Services,False,False,0.65,60,1581579258.975,Higher,False,No setup,True,Neutral,0,Not applicable,No directional setup; confirmation score not applicable.,Standard CPR,Not applicable,Not applicable,Standard CPR; Wide CPR rules not applied,None,0,No active J-Curve setup.
POLYMED,EQ,POLY MEDICURE LIMITED,1249.9,1336.7,1245.0,1302.6,396608,515175484.9,20260325,1294.7666666666669,1290.85,1298.6833333333334,1298.6833333333334,1290.85,7.833333333333485,0.6013613798045053,Moderate,Bullish,Above CPR,Cash Only,Healthcare,False,False,0.55,60,253837334.85,Higher,False,No setup,True,Neutral,0,Not applicable,No directional setup; confirmation score not applicable.,Standard CPR,Not applicable,Not applicable,Standard CPR; Wide CPR rules not applied,None,0,No active J-Curve setup.
MAXHEALTH,EQ,MAX HEALTHCARE INS LTD,973.9,993.3,965.2,988.2,2719592,2661517530.3,20260325,982.2333333333332,979.25,985.2166666666664,985.2166666666664,979.25,5.96666666666647,0.6037914052485801,Moderate,Bullish,Above CPR,Cash Only,Healthcare,False,False,0.75,60,2682525040.275,Higher,False,No setup,True,Neutral,0,Not applicable,No directional setup; confirmation score not applicable.,Standard CPR,Not applicable,Not applicable,Standard CPR; Wide CPR rules not applied,None,0,No active J-Curve setup.
CEIGALL,EQ,CEIGALL INDIA LIMITED,272.0,280.2,265.6,275.4,926561,254186993.15,20260325,273.7333333333333,272.9,274.5666666666666,274.5666666666666,272.9,1.6666666666666288,0.6051803437424216,Moderate,Bullish,Above CPR,Cash Only,Diversified,False,False,0.7,60,60286249.325,Higher,False,No setup,False,Neutral,0,Not applicable,No directional setup; confirmation score not applicable.,Standard CPR,Not applicable,Not applicable,Standard CPR; Wide CPR rules not applied,None,0,No active J-Curve setup.
LTTS,EQ,L&T TECHNOLOGY SER. LTD.,3180.0,3211.0,3131.5,3200.4,171699,545641258.7,20260325,3180.9666666666667,3171.25,3190.6833333333334,3190.6833333333334,3171.25,19.433333333333398,0.6072157646960815,Moderate,Bullish,Above CPR,Cash Only,Information Technology,False,False,0.6166666666666667,60,319793133.55,Higher,False,No setup,True,Neutral,0,Not applicable,No directional setup; confirmation score not applicable.,Standard CPR,Not applicable,Not applicable,Standard CPR; Wide CPR rules not applied,None,0,No active J-Curve setup.
DBL,EQ,DILIP BUILDCON LIMITED,395.5,409.9,393.6,405.45,247058,100028013.75,20260325,402.98333333333335,401.75,404.2166666666667,404.2166666666667,401.75,2.466666666666697,0.608377522916931,Moderate,Bullish,Above CPR,Cash Only,Diversified,False,False,0.6166666666666667,60,96563614.675,Higher,False,No setup,False,Neutral,0,Not applicable,No directional setup; confirmation score not applicable.,Standard CPR,Not applicable,Not applicable,Standard CPR; Wide CPR rules not applied,None,0,No active J-Curve setup.
CENTURYPLY,EQ,CENTURY PLYBOARDS (I) LTD,684.0,711.05,680.1,702.0,45132,31676174.6,20260325,697.7166666666667,695.575,699.8583333333333,699.8583333333333,695.575,4.283333333333303,0.6101614434947725,Moderate,Bullish,Above CPR,Cash Only,Diversified,False,False,0.6166666666666667,60,29477324.9,Higher,False,No setup,False,Neutral,0,Not applicable,No directional setup; confirmation score not applicable.,Standard CPR,Not applicable,Not applicable,Standard CPR; Wide CPR rules not applied,None,0,No active J-Curve setup.
DEEPAKNTR,EQ,DEEPAK NITRITE LTD,1337.5,1381.6,1332.3,1369.5,376366,515352455.7,20260325,1361.1333333333332,1356.9499999999998,1365.3166666666666,1365.3166666666666,1356.9499999999998,8.366666666666788,0.6109285627358005,Moderate,Bullish,Above CPR,Cash Only,Chemicals,False,False,0.7333333333333333,60,140866567.64999998,Higher,False,No setup,True,Neutral,0,Not applicable,No directional setup; confirmation score not applicable.,Standard CPR,Not applicable,Not applicable,Standard CPR; Wide CPR rules not applied,None,0,No active J-Curve setup.
WINDLAS,EQ,WINDLAS BIOTECH LIMITED,770.0,786.0,760.0,780.15,65282,50400579.15,20260325,775.3833333333333,773.0,777.7666666666667,777.7666666666667,773.0,4.766666666666652,0.6109936123395054,Moderate,Bullish,Above CPR,Cash Only,Power & Utilities,False,False,0.6,60,24149480.525,Higher,False,No setup,False,Neutral,0,Not applicable,No directional setup; confirmation score not applicable.,Standard CPR,Not applicable,Not applicable,Standard CPR; Wide CPR rules not applied,None,0,No active J-Curve setup.
INDIAGLYCO,EQ,INDIA GLYCOLS LTD,860.95,909.5,852.75,889.3,192417,171569380.55,20260325,883.85,881.125,886.575,886.575,881.125,5.4500000000000455,0.6128415607781452,Moderate,Bullish,Above CPR,Cash Only,Diversified,False,False,0.6,60,98534603.0,Higher,False,No setup,False,Neutral,0,Not applicable,No directional setup; confirmation score not applicable.,Standard CPR,Not applicable,Not applicable,Standard CPR; Wide CPR rules not applied,None,0,No active J-Curve setup.
EUREKAFORB,EQ,EUREKA FORBES LIMITED,442.0,457.8,442.0,454.1,324381,146518731.25,20260325,451.3,449.9,452.7000000000001,452.7000000000001,449.9,2.800000000000068,0.616604272186758,Moderate,Bullish,Above CPR,Cash Only,Diversified,False,False,0.5833333333333334,60,82802375.42500001,Higher,False,No setup,False,Neutral,0,Not applicable,No directional setup; confirmation score not applicable.,Standard CPR,Not applicable,Not applicable,Standard CPR; Wide CPR rules not applied,None,0,No active J-Curve setup.
RPOWER,EQ,RELIANCE POWER LTD.,21.68,23.3,21.62,22.67,95720941,2179711224.56,20260325,22.53,22.46,22.6,22.6,22.46,0.1400000000000005,0.61755624172916,Moderate,Bullish,Above CPR,Cash Only,Power,False,False,0.4666666666666667,60,1107401075.655,Higher,False,No setup,True,Neutral,0,Not applicable,No directional setup; confirmation score not applicable.,Standard CPR,Not applicable,Not applicable,Standard CPR; Wide CPR rules not applied,None,0,No active J-Curve setup.
OMAXAUTO,EQ,OMAX AUTOS LTD,93.56,100.0,93.56,97.69,46108,4476686.8,20260325,97.08333333333331,96.78,97.38666666666666,97.38666666666666,96.78,0.6066666666666549,0.6210120449039358,Moderate,Bullish,Above CPR,Cash Only,Automobile & Ancillary,False,False,0.4333333333333333,60,4076460.89,Higher,False,No setup,False,Neutral,0,Not applicable,No directional setup; confirmation score not applicable.,Standard CPR,Not applicable,Not applicable,Standard CPR; Wide CPR rules not applied,None,0,No active J-Curve setup.
PGHL,EQ,PROCTER & GAMBLE HEALTH L,4805.1,4976.3,4805.1,4936.7,14879,72960427.6,20260325,4906.033333333334,4890.700000000001,4921.366666666667,4921.366666666667,4890.700000000001,30.66666666666606,0.6211976961667929,Moderate,Bullish,Above CPR,Cash Only,Diversified,False,False,0.8166666666666667,60,54412778.45,Higher,False,No setup,False,Neutral,0,Not applicable,No directional setup; confirmation score not applicable.,Standard CPR,Not applicable,Not applicable,Standard CPR; Wide CPR rules not applied,None,0,No active J-Curve setup.
LALPATHLAB,EQ,DR. LAL PATH LABS LTD.,1326.0,1364.0,1304.1,1346.6,282604,380196032.1,20260325,1338.2333333333331,1334.05,1342.4166666666667,1342.4166666666667,1334.05,8.366666666666788,0.6213178870241192,Moderate,Bullish,Above CPR,Cash Only,Healthcare,False,False,0.7166666666666667,60,377351891.4,Higher,False,No setup,True,Neutral,0,Not applicable,No directional setup; confirmation score not applicable.,Standard CPR,Not applicable,Not applicable,Standard CPR; Wide CPR rules not applied,None,0,No active J-Curve setup.
SONAMLTD,EQ,SONAM LIMITED,52.66,55.22,52.66,54.45,55829,3034244.49,20260325,54.10999999999999,53.94,54.27999999999999,54.27999999999999,53.94,0.3399999999999892,0.6244260789715137,Moderate,Bullish,Above CPR,Cash Only,Diversified,False,False,0.45,60,2222535.89,Overlapping,False,No setup,False,Neutral,0,Not applicable,No directional setup; confirmation score not applicable.,Standard CPR,Not applicable,Not applicable,Standard CPR; Wide CPR rules not applied,None,0,No active J-Curve setup.
ASAHIINDIA,EQ,ASAHI INDIA GLASS LIMITED,817.5,846.5,811.3,836.75,137758,115306993.25,20260325,831.5166666666668,828.9,834.1333333333336,834.1333333333336,828.9,5.233333333333576,0.6254357135743742,Moderate,Bullish,Above CPR,Cash Only,Automobile and Auto Components,False,False,0.5666666666666667,60,71674258.05000001,Higher,False,No setup,True,Neutral,0,Not applicable,No directional setup; confirmation score not applicable.,Standard CPR,Not applicable,Not applicable,Standard CPR; Wide CPR rules not applied,None,0,No active J-Curve setup.
SHAH,EQ,SHAH METACORP LIMITED,4.77,4.82,4.67,4.79,1612137,7664944.06,20260325,4.760000000000001,4.745,4.775000000000001,4.775000000000001,4.745,0.0300000000000011,0.6263048016701699,Moderate,Bullish,Above CPR,Cash Only,Diversified,False,False,0.6,60,9486229.085,Higher,False,No setup,False,Neutral,0,Not applicable,No directional setup; confirmation score not applicable.,Standard CPR,Not applicable,Not applicable,Standard CPR; Wide CPR rules not applied,None,0,No active J-Curve setup.
COLPAL,EQ,COLGATE PALMOLIVE LTD.,1894.0,1927.7,1877.0,1920.4,693562,1326371666.6,20260325,1908.3666666666668,1902.35,1914.3833333333337,1914.3833333333337,1902.35,12.033333333333758,0.6266055682844073,Moderate,Bullish,Above CPR,Cash Only,Fast Moving Consumer Goods,False,False,0.8333333333333334,60,679652959.75,Higher,False,No setup,True,Neutral,0,Not applicable,No directional setup; confirmation score not applicable.,Standard CPR,Not applicable,Not applicable,Standard CPR; Wide CPR rules not applied,None,0,No active J-Curve setup.
JINDWORLD,EQ,JINDAL WORLDWIDE LTD,20.3,21.6,20.1,21.05,845160,17855592.99,20260325,20.916666666666668,20.85,20.98333333333333,20.98333333333333,20.85,0.1333333333333328,0.6334125098970682,Moderate,Bullish,Above CPR,Cash Only,Diversified,False,False,0.4666666666666667,60,10843571.54,Higher,False,No setup,False,Neutral,0,Not applicable,No directional setup; confirmation score not applicable.,Standard CPR,Not applicable,Not applicable,Standard CPR; Wide CPR rules not applied,None,0,No active J-Curve setup.
ASHOKA,EQ,ASHOKA BUILDCON LTD,111.7,116.16,111.45,114.9,1701361,195300417.88,20260325,114.17,113.805,114.535,114.535,113.805,0.7299999999999898,0.6353350739773627,Moderate,Bullish,Above CPR,Cash Only,Diversified,False,False,0.5333333333333333,60,140161824.82999998,Higher,False,No setup,False,Neutral,0,Not applicable,No directional setup; confirmation score not applicable.,Standard CPR,Not applicable,Not applicable,Standard CPR; Wide CPR rules not applied,None,0,No active J-Curve setup.
AHCL,EQ,ANLON HEALTHCARE LIMITED,114.0,117.52,112.6,116.17,223034,25787909.31,20260325,115.43,115.06,115.8,115.8,115.06,0.7400000000000091,0.6369975036584394,Moderate,Bullish,Above CPR,Cash Only,Diversified,False,False,0.4833333333333333,60,15135201.595,Higher,False,No setup,False,Neutral,0,Not applicable,No directional setup; confirmation score not applicable.,Standard CPR,Not applicable,Not applicable,Standard CPR; Wide CPR rules not applied,None,0,No active J-Curve setup.
NARMADA,EQ,NARMADA AGROBASE LIMITED,31.4,32.8,31.4,32.41,370624,11963505.65,20260325,32.203333333333326,32.099999999999994,32.30666666666666,32.30666666666666,32.099999999999994,0.2066666666666634,0.6376632726524637,Moderate,Bullish,Above CPR,Cash Only,Diversified,False,False,0.66,50,5165440.720000001,Higher,False,No setup,False,Neutral,0,Not applicable,No directional setup; confirmation score not applicable.,Standard CPR,Not applicable,Not applicable,Standard CPR; Wide CPR rules not applied,None,0,No active J-Curve setup.
WINDMACHIN,EQ,WINDSOR MACHINES LIMITED,220.5,229.45,220.5,227.15,91351,20614161.95,20260325,225.7,224.975,226.42500000000004,226.42500000000004,224.975,1.4500000000000457,0.6383447061413363,Moderate,Bullish,Above CPR,Cash Only,Power & Utilities,False,False,0.5833333333333334,60,9023519.55,Higher,False,No setup,False,Neutral,0,Not applicable,No directional setup; confirmation score not applicable.,Standard CPR,Not applicable,Not applicable,Standard CPR; Wide CPR rules not applied,None,0,No active J-Curve setup.
SCODATUBES,EQ,SCODA TUBES LIMITED,125.21,135.66,125.17,131.68,284718,37402206.04,20260325,130.83666666666667,130.415,131.25833333333335,131.25833333333335,130.415,0.8433333333333621,0.6404414742811073,Moderate,Bullish,Above CPR,Cash Only,Diversified,False,False,0.5333333333333333,60,16933918.405,Higher,False,No setup,False,Neutral,0,Not applicable,No directional setup; confirmation score not applicable.,Standard CPR,Not applicable,Not applicable,Standard CPR; Wide CPR rules not applied,None,0,No active J-Curve setup.
PAYTM,EQ,ONE 97 COMMUNICATIONS LTD,1049.0,1071.0,1040.3,1065.9,2498906,2650603354.7,20260325,1059.0666666666668,1055.65,1062.4833333333336,1062.4833333333336,1055.65,6.833333333333485,0.64108578040468,Moderate,Bullish,Above CPR,Cash Only,Financial Services,False,False,0.7166666666666667,60,2881431670.8,Higher,False,No setup,True,Neutral,0,Not applicable,No directional setup; confirmation score not applicable.,Standard CPR,Not applicable,Not applicable,Standard CPR; Wide CPR rules not applied,None,0,No active J-Curve setup.
SHREERAMA,EQ,SHREE RAMA MULTI TECH LTD,51.5,55.45,49.51,52.99,944187,50510948.07,20260325,52.650000000000006,52.48,52.82000000000001,52.82000000000001,52.48,0.3400000000000034,0.6416304963200667,Moderate,Bullish,Above CPR,Cash Only,Diversified,False,False,0.35,60,7251111.285,Higher,False,No setup,False,Neutral,0,Not applicable,No directional setup; confirmation score not applicable.,Standard CPR,Not applicable,Not applicable,Standard CPR; Wide CPR rules not applied,None,0,No active J-Curve setup.
MICEL,EQ,MIC ELECTRONICS LTD,33.0,33.19,32.55,33.19,613074,20295443.66,20260325,32.97666666666667,32.87,33.083333333333336,33.083333333333336,32.87,0.2133333333333382,0.6427638847042431,Moderate,Bullish,Above CPR,Cash Only,Diversified,False,False,0.4333333333333333,60,35681267.925,Higher,False,No setup,False,Neutral,0,Not applicable,No directional setup; confirmation score not applicable.,Standard CPR,Not applicable,Not applicable,Standard CPR; Wide CPR rules not applied,None,0,No active J-Curve setup.
SAFARI,EQ,SAFARI IND (INDIA) LTD,1490.5,1539.3,1483.8,1526.3,54424,83132072.9,20260325,1516.4666666666665,1511.55,1521.383333333333,1521.383333333333,1511.55,9.83333333333303,0.6442595383170432,Moderate,Bullish,Above CPR,Cash Only,Diversified,False,False,0.6,60,61022896.0,Higher,False,No setup,False,Neutral,0,Not applicable,No directional setup; confirmation score not applicable.,Standard CPR,Not applicable,Not applicable,Standard CPR; Wide CPR rules not applied,None,0,No active J-Curve setup.
TATASTEEL,EQ,TATA STEEL LIMITED,193.03,197.15,192.32,196.65,34767360,6798626728.64,20260325,195.3733333333333,194.735,196.01166666666663,196.01166666666663,194.735,1.2766666666666424,0.6492075599626963,Moderate,Bullish,Above CPR,Cash Only,Metals & Mining,False,False,0.7,60,5736800351.355,Higher,False,No setup,True,Neutral,0,Not applicable,No directional setup; confirmation score not applicable.,Standard CPR,Not applicable,Not applicable,Standard CPR; Wide CPR rules not applied,None,0,No active J-Curve setup.
SIEMENS,EQ,SIEMENS LTD,3015.0,3127.0,3015.0,3101.3,366090,1134234198.0,20260325,3081.1,3071.0,3091.2,3091.2,3071.0,20.199999999999815,0.6513397607454879,Moderate,Bullish,Above CPR,Cash Only,Capital Goods,False,False,0.6666666666666666,60,995978340.55,Higher,False,No setup,True,Neutral,0,Not applicable,No directional setup; confirmation score not applicable.,Standard CPR,Not applicable,Not applicable,Standard CPR; Wide CPR rules not applied,None,0,No active J-Curve setup.
NAHARPOLY,EQ,NAHAR POLY FILMS LIMITED,223.01,232.5,223.01,230.01,16377,3769227.61,20260325,228.50666666666663,227.755,229.25833333333333,229.25833333333333,227.755,1.5033333333333303,0.6535947712418287,Moderate,Bullish,Above CPR,Cash Only,Diversified,False,False,0.55,60,2372813.475,Higher,False,No setup,False,Neutral,0,Not applicable,No directional setup; confirmation score not applicable.,Standard CPR,Not applicable,Not applicable,Standard CPR; Wide CPR rules not applied,None,0,No active J-Curve setup.
RANASUG,EQ,RANA SUGARS LTD.,11.2,11.34,10.86,11.21,503370,5590056.77,20260325,11.136666666666663,11.1,11.17333333333333,11.17333333333333,11.1,0.0733333333333305,0.6541778174248937,Moderate,Bullish,Above CPR,Cash Only,Diversified,False,False,0.5833333333333334,60,1908669.295,Higher,False,No setup,False,Neutral,0,Not applicable,No directional setup; confirmation score not applicable.,Standard CPR,Not applicable,Not applicable,Standard CPR; Wide CPR rules not applied,None,0,No active J-Curve setup.
NAGREEKCAP,EQ,NAGREEKA CAP & INFR.LTD,23.0,23.0,21.4,22.42,5000,110581.75,20260325,22.27333333333333,22.2,22.34666666666666,22.34666666666666,22.2,0.1466666666666611,0.6541778174248937,Moderate,Bullish,Above CPR,Cash Only,Diversified,False,False,0.2608695652173913,46,211932.595,Higher,False,No setup,False,Neutral,0,Not applicable,No directional setup; confirmation score not applicable.,Standard CPR,Not applicable,Not applicable,Standard CPR; Wide CPR rules not applied,None,0,No active J-Curve setup.
PDSL,EQ,PDS LIMITED,271.5,287.05,270.6,281.6,183667,51643552.75,20260325,279.75000000000006,278.82500000000005,280.67500000000007,280.67500000000007,278.82500000000005,1.8500000000000227,0.6569602272727353,Moderate,Bullish,Above CPR,Cash Only,Diversified,False,False,0.55,60,32601544.775,Higher,False,No setup,False,Neutral,0,Not applicable,No directional setup; confirmation score not applicable.,Standard CPR,Not applicable,Not applicable,Standard CPR; Wide CPR rules not applied,None,0,No active J-Curve setup.
NH,EQ,NARAYANA HRUDAYALAYA LTD.,1655.5,1721.8,1647.8,1701.6,317722,538222375.3,20260325,1690.4,1684.8,1695.9999999999998,1695.9999999999998,1684.8,11.199999999999818,0.6582040432533979,Moderate,Bullish,Above CPR,Cash Only,Healthcare,False,False,0.75,60,491406196.25,Higher,False,No setup,True,Neutral,0,Not applicable,No directional setup; confirmation score not applicable.,Standard CPR,Not applicable,Not applicable,Standard CPR; Wide CPR rules not applied,None,0,No active J-Curve setup.
DIGJAMLMTD,EQ,DIGJAM LTD,41.0,41.47,38.01,40.14,16237,640526.32,20260325,39.87333333333333,39.74,40.00666666666666,40.00666666666666,39.74,0.2666666666666657,0.664341471516357,Moderate,Bullish,Above CPR,Cash Only,Diversified,False,False,0.4666666666666667,60,262339.09500000003,Higher,False,No setup,False,Neutral,0,Not applicable,No directional setup; confirmation score not applicable.,Standard CPR,Not applicable,Not applicable,Standard CPR; Wide CPR rules not applied,None,0,No active J-Curve setup.
NDGL,EQ,NAGA DHUNSERI GROUP LTD,2525.0,2643.9,2521.1,2608.6,229,595698.9,20260325,2591.2000000000003,2582.5,2599.9000000000005,2599.9000000000005,2582.5,17.400000000000546,0.6670244575634648,Moderate,Bullish,Above CPR,Cash Only,Diversified,False,False,0.45,60,465376.0,Overlapping,False,No setup,False,Neutral,0,Not applicable,No directional setup; confirmation score not applicable.,Standard CPR,Not applicable,Not applicable,Standard CPR; Wide CPR rules not applied,None,0,No active J-Curve setup.
ELLEN,EQ,ELLENBARRIE INDUS GASES L,205.0,216.89,205.0,213.08,577723,123120284.82,20260325,211.65666666666667,210.945,212.3683333333333,212.3683333333333,210.945,1.4233333333333462,0.6679807271134532,Moderate,Bullish,Above CPR,Cash Only,Diversified,False,False,0.3666666666666666,60,37951222.86,Higher,False,No setup,False,Neutral,0,Not applicable,No directional setup; confirmation score not applicable.,Standard CPR,Not applicable,Not applicable,Standard CPR; Wide CPR rules not applied,None,0,No active J-Curve setup.
UNIENTER,EQ,UNIPHOS ENTERPRISES LTD,93.69,95.98,92.51,95.2,6087,576190.37,20260325,94.56333333333332,94.245,94.88166666666666,94.88166666666666,94.245,0.6366666666666561,0.66876750700279,Moderate,Bullish,Above CPR,Cash Only,Diversified,False,False,0.4666666666666667,60,826117.495,Higher,False,No setup,False,Neutral,0,Not applicable,No directional setup; confirmation score not applicable.,Standard CPR,Not applicable,Not applicable,Standard CPR; Wide CPR rules not applied,None,0,No active J-Curve setup.
DELHIVERY,EQ,DELHIVERY LIMITED,419.6,432.85,419.2,430.35,2226545,953887739.85,20260325,427.4666666666667,426.025,428.9083333333334,428.9083333333334,426.025,2.8833333333334394,0.6699972890283349,Moderate,Bullish,Above CPR,Cash Only,Services,False,False,0.7333333333333333,60,751586720.8,Higher,False,No setup,True,Neutral,0,Not applicable,No directional setup; confirmation score not applicable.,Standard CPR,Not applicable,Not applicable,Standard CPR; Wide CPR rules not applied,None,0,No active J-Curve setup.
SIS,EQ,SIS LIMITED,278.0,288.05,278.0,285.9,79095,22348309.55,20260325,283.9833333333333,283.025,284.9416666666666,284.9416666666666,283.025,1.9166666666666288,0.6703975749096288,Moderate,Bullish,Above CPR,Cash Only,Diversified,False,False,0.7,60,21714008.85,Higher,False,No setup,False,Neutral,0,Not applicable,No directional setup; confirmation score not applicable.,Standard CPR,Not applicable,Not applicable,Standard CPR; Wide CPR rules not applied,None,0,No active J-Curve setup.
THOMASCOTT,EQ,THOMAS SCOTT (INDIA) LTD,258.45,281.15,258.45,272.55,33314,9091126.65,20260325,270.71666666666664,269.79999999999995,271.6333333333333,271.6333333333333,269.79999999999995,1.8333333333333712,0.6726594508652985,Moderate,Bullish,Above CPR,Cash Only,Diversified,False,False,0.4,60,6479615.5,Higher,False,No setup,False,Neutral,0,Not applicable,No directional setup; confirmation score not applicable.,Standard CPR,Not applicable,Not applicable,Standard CPR; Wide CPR rules not applied,None,0,No active J-Curve setup.
PREMIERENE,EQ,PREMIER ENERGIES LIMITED,891.5,923.75,891.45,916.9,2747719,2503350818.85,20260325,910.7,907.6,913.7999999999998,913.7999999999998,907.6,6.199999999999818,0.6761915148870998,Moderate,Bullish,Above CPR,Cash Only,Capital Goods,False,False,0.7,60,1251668378.95,Higher,False,No setup,True,Neutral,0,Not applicable,No directional setup; confirmation score not applicable.,Standard CPR,Not applicable,Not applicable,Standard CPR; Wide CPR rules not applied,None,0,No active J-Curve setup.
UTIAMC,EQ,UTI ASSET MNGMT CO LTD,931.0,977.0,931.0,963.8,106007,102299326.65,20260325,957.2666666666668,954.0,960.5333333333336,960.5333333333336,954.0,6.53333333333353,0.6778723109912358,Moderate,Bullish,Above CPR,Cash Only,Financial Services,False,False,0.6833333333333333,60,77939470.7,Higher,False,No setup,True,Neutral,0,Not applicable,No directional setup; confirmation score not applicable.,Standard CPR,Not applicable,Not applicable,Standard CPR; Wide CPR rules not applied,None,0,No active J-Curve setup.
JASH,EQ,JASH ENGINEERING LIMITED,349.0,367.0,348.05,361.2,139143,49861510.3,20260325,358.75,357.525,359.975,359.975,357.525,2.450000000000045,0.6782945736434235,Moderate,Bullish,Above CPR,Cash Only,Diversified,False,False,0.6666666666666666,60,35375241.2,Higher,False,No setup,False,Neutral,0,Not applicable,No directional setup; confirmation score not applicable.,Standard CPR,Not applicable,Not applicable,Standard CPR; Wide CPR rules not applied,None,0,No active J-Curve setup.
GICRE,EQ,GENERAL INS CORP OF INDIA,359.05,368.05,359.05,367.3,375196,137091386.55,20260325,364.8,363.55,366.05,366.05,363.55,2.5,0.6806425265450585,Moderate,Bullish,Above CPR,Cash Only,Financial Services,False,False,0.7833333333333333,60,131793247.975,Higher,False,No setup,True,Neutral,0,Not applicable,No directional setup; confirmation score not applicable.,Standard CPR,Not applicable,Not applicable,Standard CPR; Wide CPR rules not applied,None,0,No active J-Curve setup.
ABCAPITAL,EQ,ADITYA BIRLA CAPITAL LTD.,307.9,318.4,304.55,314.7,5956917,1869394274.35,20260325,312.55,311.475,313.625,313.625,311.475,2.1499999999999773,0.683190340006348,Moderate,Bullish,Above CPR,Cash Only,Financial Services,False,False,0.6833333333333333,60,1644976955.9250002,Higher,False,No setup,True,Neutral,0,Not applicable,No directional setup; confirmation score not applicable.,Standard CPR,Not applicable,Not applicable,Standard CPR; Wide CPR rules not applied,None,0,No active J-Curve setup.
CENTRALBK,EQ,CENTRAL BANK OF INDIA,33.29,34.25,33.29,34.12,6777671,230062368.76,20260325,33.88666666666666,33.77,34.00333333333333,34.00333333333333,33.77,0.2333333333333342,0.6838608831574863,Moderate,Bullish,Above CPR,Cash Only,Financial Services,False,False,0.7666666666666667,60,255156302.735,Higher,False,No setup,True,Neutral,0,Not applicable,No directional setup; confirmation score not applicable.,Standard CPR,Not applicable,Not applicable,Standard CPR; Wide CPR rules not applied,None,0,No active J-Curve setup.
SEAMECLTD,EQ,SEAMEC LIMITED,1400.0,1438.0,1376.0,1421.6,80422,113670846.6,20260325,1411.8666666666668,1407.0,1416.7333333333336,1416.7333333333336,1407.0,9.733333333333576,0.6846745451135043,Moderate,Bullish,Above CPR,Cash Only,Diversified,False,False,0.5,60,61106010.125,Higher,False,No setup,False,Neutral,0,Not applicable,No directional setup; confirmation score not applicable.,Standard CPR,Not applicable,Not applicable,Standard CPR; Wide CPR rules not applied,None,0,No active J-Curve setup.
TATACOMM,EQ,TATA COMMUNICATIONS LTD,1418.0,1457.7,1411.9,1449.8,210536,303735399.8,20260325,1439.8000000000002,1434.8000000000002,1444.8000000000002,1444.8000000000002,1434.8000000000002,10.0,0.6897503103876397,Moderate,Bullish,Above CPR,Cash Only,Telecommunication,False,False,0.7666666666666667,60,331338242.35,Higher,False,No setup,True,Neutral,0,Not applicable,No directional setup; confirmation score not applicable.,Standard CPR,Not applicable,Not applicable,Standard CPR; Wide CPR rules not applied,None,0,No active J-Curve setup.
CASTROLIND,EQ,CASTROL INDIA LIMITED,175.0,178.61,173.78,178.04,1948013,345591889.03,20260325,176.80999999999997,176.195,177.42499999999995,177.42499999999995,176.195,1.2299999999999611,0.6908559874185359,Moderate,Bullish,Above CPR,Cash Only,Oil Gas & Consumable Fuels,False,False,0.9666666666666668,60,328914091.26,Higher,False,No setup,True,Neutral,0,Not applicable,No directional setup; confirmation score not applicable.,Standard CPR,Not applicable,Not applicable,Standard CPR; Wide CPR rules not applied,None,0,No active J-Curve setup.
ICRA,EQ,ICRA LIMITED,5207.0,5329.0,5154.0,5296.5,7202,38071217.5,20260325,5259.833333333333,5241.5,5278.166666666666,5278.166666666666,5241.5,36.66666666666606,0.6922810661128304,Moderate,Bullish,Above CPR,Cash Only,Diversified,False,False,0.85,60,22861972.25,Higher,False,No setup,False,Neutral,0,Not applicable,No directional setup; confirmation score not applicable.,Standard CPR,Not applicable,Not applicable,Standard CPR; Wide CPR rules not applied,None,0,No active J-Curve setup.
DATAMATICS,EQ,DATAMATICS GLOBAL SER LTD,696.35,728.0,686.05,714.45,136370,97557017.7,20260325,709.5,707.025,711.975,711.975,707.025,4.9500000000000455,0.6928406466512765,Moderate,Bullish,Above CPR,Cash Only,Information Technology,False,False,0.6,60,60210978.45,Higher,False,No setup,False,Neutral,0,Not applicable,No directional setup; confirmation score not applicable.,Standard CPR,Not applicable,Not applicable,Standard CPR; Wide CPR rules not applied,None,0,No active J-Curve setup.
NLCINDIA,EQ,NLC INDIA LIMITED,261.2,269.8,259.5,267.45,2076432,553149768.95,20260325,265.5833333333333,264.65,266.51666666666665,266.51666666666665,264.65,1.8666666666666745,0.6979497725431574,Moderate,Bullish,Above CPR,Cash Only,Power,False,False,0.6333333333333333,60,423649671.375,Higher,False,No setup,True,Neutral,0,Not applicable,No directional setup; confirmation score not applicable.,Standard CPR,Not applicable,Not applicable,Standard CPR; Wide CPR rules not applied,None,0,No active J-Curve setup.
PKTEA,EQ,THE P K TEA PROD CO LTD,810.0,820.0,795.4,816.25,37,30025.9,20260325,810.5500000000001,807.7,813.4000000000001,813.4000000000001,807.7,5.7000000000000455,0.6983154670750439,Moderate,Bullish,Above CPR,Cash Only,FMCG & Food Products,False,False,0.5666666666666667,60,234364.15,Higher,False,No setup,False,Neutral,0,Not applicable,No directional setup; confirmation score not applicable.,Standard CPR,Not applicable,Not applicable,Standard CPR; Wide CPR rules not applied,None,0,No active J-Curve setup.
DELTACORP,EQ,DELTA CORP LIMITED,52.08,54.15,52.08,53.68,2484317,133251859.97,20260325,53.303333333333335,53.115,53.491666666666674,53.491666666666674,53.115,0.3766666666666793,0.7016890213611762,Moderate,Bullish,Above CPR,Cash Only,Diversified,False,False,0.7666666666666667,60,57005545.16500001,Higher,False,No setup,False,Neutral,0,Not applicable,No directional setup; confirmation score not applicable.,Standard CPR,Not applicable,Not applicable,Standard CPR; Wide CPR rules not applied,None,0,No active J-Curve setup.
INDIGO,EQ,INTERGLOBE AVIATION LTD,4219.9,4317.9,4181.0,4294.7,2206366,9417608886.2,20260325,4264.533333333333,4249.45,4279.616666666666,4279.616666666666,4249.45,30.16666666666606,0.7024161563477324,Moderate,Bullish,Above CPR,Cash Only,Services,False,False,0.7833333333333333,60,5863663120.4,Higher,False,No setup,True,Neutral,0,Not applicable,No directional setup; confirmation score not applicable.,Standard CPR,Not applicable,Not applicable,Standard CPR; Wide CPR rules not applied,None,0,No active J-Curve setup.
SANGHIIND,EQ,SANGHI INDUSTRIES LTD,49.14,51.39,49.0,50.73,650056,33023746.48,20260325,50.373333333333335,50.195,50.55166666666667,50.55166666666667,50.195,0.3566666666666691,0.7030685327551136,Moderate,Bullish,Above CPR,Cash Only,Diversified,False,False,0.7166666666666667,60,36156857.535,Higher,False,No setup,False,Neutral,0,Not applicable,No directional setup; confirmation score not applicable.,Standard CPR,Not applicable,Not applicable,Standard CPR; Wide CPR rules not applied,None,0,No active J-Curve setup.
SOMANYCERA,EQ,SOMANY CERAMICS LIMITED,374.65,386.45,374.4,384.5,50329,19111176.3,20260325,381.7833333333333,380.425,383.14166666666665,383.14166666666665,380.425,2.716666666666697,0.7065452969224179,Moderate,Bullish,Above CPR,Cash Only,Diversified,False,False,0.6166666666666667,60,14329026.325,Higher,False,No setup,False,Neutral,0,Not applicable,No directional setup; confirmation score not applicable.,Standard CPR,Not applicable,Not applicable,Standard CPR; Wide CPR rules not applied,None,0,No active J-Curve setup.
SPMLINFRA,EQ,SPML INFRA LIMITED,160.75,166.38,159.44,164.66,595753,97530115.51,20260325,163.49333333333334,162.91,164.07666666666668,164.07666666666668,162.91,1.1666666666666856,0.7085307097453453,Moderate,Bullish,Above CPR,Cash Only,Real Estate & Infra,False,False,0.45,60,56558949.23,Higher,False,No setup,False,Neutral,0,Not applicable,No directional setup; confirmation score not applicable.,Standard CPR,Not applicable,Not applicable,Standard CPR; Wide CPR rules not applied,None,0,No active J-Curve setup.
ALANKIT,EQ,ALANKIT LIMITED,7.37,7.72,7.1,7.49,406330,3084293.41,20260325,7.436666666666667,7.41,7.463333333333335,7.463333333333335,7.41,0.0533333333333345,0.7120605251446538,Moderate,Bullish,Above CPR,Cash Only,Diversified,False,False,0.55,60,2485637.555,Overlapping,False,No setup,False,Neutral,0,Not applicable,No directional setup; confirmation score not applicable.,Standard CPR,Not applicable,Not applicable,Standard CPR; Wide CPR rules not applied,None,0,No active J-Curve setup.
LTM,EQ,LTIMINDTREE LIMITED,4220.0,4323.6,4170.0,4292.9,537105,2295415422.5,20260325,4262.166666666667,4246.8,4277.533333333334,4277.533333333334,4246.8,30.733333333333576,0.7159107673911245,Moderate,Bullish,Above CPR,Cash Only,Information Technology,False,False,0.7777777777777778,18,956664095.3,Higher,False,No setup,True,Neutral,0,Not applicable,No directional setup; confirmation score not applicable.,Standard CPR,Not applicable,Not applicable,Standard CPR; Wide CPR rules not applied,None,0,No active J-Curve setup.
ENGINERSIN,EQ,ENGINEERS INDIA LTD,191.0,197.31,190.41,195.98,3558806,695488643.73,20260325,194.5666666666667,193.86,195.27333333333337,195.27333333333337,193.86,1.413333333333355,0.7211620233357258,Moderate,Bullish,Above CPR,Cash Only,Construction,False,False,0.6333333333333333,60,519524773.855,Higher,False,No setup,True,Neutral,0,Not applicable,No directional setup; confirmation score not applicable.,Standard CPR,Not applicable,Not applicable,Standard CPR; Wide CPR rules not applied,None,0,No active J-Curve setup.
AUBANK,EQ,AU SMALL FINANCE BANK LTD,889.9,919.2,881.85,910.4,2124903,1931937881.05,20260325,903.8166666666668,900.5250000000001,907.1083333333332,907.1083333333332,900.5250000000001,6.5833333333332575,0.7231253661394176,Moderate,Bullish,Above CPR,Cash Only,Financial Services,False,False,0.7833333333333333,60,1924278035.125,Higher,False,No setup,True,Neutral,0,Not applicable,No directional setup; confirmation score not applicable.,Standard CPR,Not applicable,Not applicable,Standard CPR; Wide CPR rules not applied,None,0,No active J-Curve setup.
MIDWESTLTD,EQ,MIDWEST LIMITED,1239.0,1290.0,1239.0,1278.4,31135,39714987.5,20260325,1269.1333333333334,1264.5,1273.7666666666669,1273.7666666666669,1264.5,9.26666666666688,0.7248644138506631,Moderate,Bullish,Above CPR,Cash Only,Diversified,False,False,0.4,60,89304319.2,Higher,False,No setup,False,Neutral,0,Not applicable,No directional setup; confirmation score not applicable.,Standard CPR,Not applicable,Not applicable,Standard CPR; Wide CPR rules not applied,None,0,No active J-Curve setup.
PROZONER,EQ,PROZONE REALTY LIMITED,43.47,48.0,43.47,46.24,454172,21099193.89,20260325,45.903333333333336,45.735,46.07166666666667,46.07166666666667,45.735,0.3366666666666731,0.7280853517877878,Moderate,Bullish,Above CPR,Cash Only,Diversified,False,False,0.5625,32,9293798.925,Higher,False,No setup,False,Neutral,0,Not applicable,No directional setup; confirmation score not applicable.,Standard CPR,Not applicable,Not applicable,Standard CPR; Wide CPR rules not applied,None,0,No active J-Curve setup.
AKZOINDIA,EQ,AKZO NOBEL INDIA LIMITED,2852.5,2933.7,2852.5,2925.1,49048,142763827.6,20260325,2903.7666666666664,2893.1,2914.433333333333,2914.433333333333,2893.1,21.33333333333303,0.7293197953346221,Moderate,Bullish,Above CPR,Cash Only,Diversified,False,False,0.7333333333333333,60,91114660.9,Higher,False,No setup,False,Neutral,0,Not applicable,No directional setup; confirmation score not applicable.,Standard CPR,Not applicable,Not applicable,Standard CPR; Wide CPR rules not applied,None,0,No active J-Curve setup.
UGARSUGAR,EQ,THE UGAR SUGAR WORKS LTD,38.19,39.6,37.11,38.78,430812,16611213.44,20260325,38.49666666666667,38.355,38.638333333333335,38.638333333333335,38.355,0.2833333333333314,0.7306171566099315,Moderate,Bullish,Above CPR,Cash Only,FMCG & Food Products,False,False,0.7833333333333333,60,3739591.06,Higher,False,No setup,False,Neutral,0,Not applicable,No directional setup; confirmation score not applicable.,Standard CPR,Not applicable,Not applicable,Standard CPR; Wide CPR rules not applied,None,0,No active J-Curve setup.
EPL,EQ,EPL LIMITED,194.5,205.02,194.45,201.95,1096481,221124537.89,20260325,200.47333333333336,199.735,201.2116666666667,201.2116666666667,199.735,1.476666666666688,0.7312040934224748,Moderate,Bullish,Above CPR,Cash Only,Diversified,False,False,0.8,60,87443414.22999999,Higher,False,No setup,False,Neutral,0,Not applicable,No directional setup; confirmation score not applicable.,Standard CPR,Not applicable,Not applicable,Standard CPR; Wide CPR rules not applied,None,0,No active J-Curve setup.
BATAINDIA,EQ,BATA INDIA LTD,643.9,665.45,640.15,660.05,395428,259434413.4,20260325,655.2166666666666,652.8,657.6333333333332,657.6333333333332,652.8,4.8333333333332575,0.7322677574931078,Moderate,Bullish,Above CPR,Cash Only,Consumer Durables,False,False,0.8333333333333334,60,89302663.125,Higher,False,No setup,True,Neutral,0,Not applicable,No directional setup; confirmation score not applicable.,Standard CPR,Not applicable,Not applicable,Standard CPR; Wide CPR rules not applied,None,0,No active J-Curve setup.
SUNFLAG,EQ,SUNFLAG IRON AND STEEL CO,212.5,220.0,212.5,218.66,141017,30772012.4,20260325,217.0533333333333,216.25,217.85666666666663,217.85666666666663,216.25,1.6066666666666265,0.7347784993444738,Moderate,Bullish,Above CPR,Cash Only,Diversified,False,False,0.7,60,29065255.035,Higher,False,No setup,False,Neutral,0,Not applicable,No directional setup; confirmation score not applicable.,Standard CPR,Not applicable,Not applicable,Standard CPR; Wide CPR rules not applied,None,0,No active J-Curve setup.
LAURUSLABS,EQ,LAURUS LABS LIMITED,1009.0,1029.0,995.4,1023.5,1421805,1447398930.6,20260325,1015.9666666666668,1012.2,1019.7333333333332,1019.7333333333332,1012.2,7.533333333333303,0.7360364761439475,Moderate,Bullish,Above CPR,Cash Only,Healthcare,False,False,0.6333333333333333,60,1542086020.4,Higher,False,No setup,True,Neutral,0,Not applicable,No directional setup; confirmation score not applicable.,Standard CPR,Not applicable,Not applicable,Standard CPR; Wide CPR rules not applied,None,0,No active J-Curve setup.
HMAAGRO,EQ,HMA AGRO INDUSTRIES LTD,23.6,23.63,22.79,23.47,423741,9824029.83,20260325,23.296666666666667,23.21,23.383333333333333,23.383333333333333,23.21,0.173333333333332,0.7385314585996251,Moderate,Bullish,Above CPR,Cash Only,Chemicals & Fertilizers,False,False,0.6166666666666667,60,4459669.324999999,Overlapping,False,No setup,False,Neutral,0,Not applicable,No directional setup; confirmation score not applicable.,Standard CPR,Not applicable,Not applicable,Standard CPR; Wide CPR rules not applied,None,0,No active J-Curve setup.
GOKEX,EQ,GOKALDAS EXPORTS LTD.,601.0,631.4,597.0,621.15,1103352,684942830.45,20260325,616.5166666666668,614.2,618.8333333333335,618.8333333333335,614.2,4.633333333333439,0.7459282513617387,Moderate,Bullish,Above CPR,Cash Only,Diversified,False,False,0.4166666666666667,60,458278202.6,Higher,False,No setup,False,Neutral,0,Not applicable,No directional setup; confirmation score not applicable.,Standard CPR,Not applicable,Not applicable,Standard CPR; Wide CPR rules not applied,None,0,No active J-Curve setup.
CGPOWER,EQ,CG POWER AND IND SOL LTD,677.25,693.95,675.0,692.25,2736013,1874883289.2,20260325,687.0666666666666,684.475,689.6583333333332,689.6583333333332,684.475,5.183333333333167,0.7487661008787528,Moderate,Bullish,Above CPR,Cash Only,Capital Goods,False,False,0.7333333333333333,60,1875264973.025,Higher,False,No setup,True,Neutral,0,Not applicable,No directional setup; confirmation score not applicable.,Standard CPR,Not applicable,Not applicable,Standard CPR; Wide CPR rules not applied,None,0,No active J-Curve setup.
TOUCHWOOD,EQ,TOUCHWOOD ENTERTAIN LTD.,67.0,68.96,65.11,67.8,5085,344540.87,20260325,67.29,67.035,67.54500000000002,67.54500000000002,67.035,0.5100000000000193,0.7522123893805595,Wide,Bullish,Above CPR,Cash Only,Diversified,False,False,0.6166666666666667,60,201860.88,Overlapping,False,No setup,False,Neutral,0,Not applicable,No directional setup; confirmation score not applicable.,Wide CPR,Wide Upside Watch,Unavailable,Wide CPR + close above CPR; trend unavailable; participation unavailable,None,0,No active J-Curve setup.
WESTLIFE,EQ,WESTLIFE FOODWORLD LTD,425.9,442.15,420.85,436.45,151865,65795817.85,20260325,433.15,431.5,434.80000000000007,434.80000000000007,431.5,3.300000000000068,0.7561003551380613,Wide,Bullish,Above CPR,Cash Only,Diversified,False,False,0.7166666666666667,60,44204049.975,Higher,False,No setup,False,Neutral,0,Not applicable,No directional setup; confirmation score not applicable.,Wide CPR,Wide Upside Watch,Unavailable,Wide CPR + close above CPR; trend unavailable; participation unavailable,None,0,No active J-Curve setup.
GODREJCP,EQ,GODREJ CONSUMER PRODUCTS,1017.0,1049.0,1006.5,1039.6,1999538,2077241630.3,20260325,1031.7,1027.75,1035.65,1035.65,1027.75,7.900000000000091,0.7599076567910823,Wide,Bullish,Above CPR,Cash Only,Fast Moving Consumer Goods,False,False,0.9166666666666666,60,1141612966.4,Higher,False,No setup,True,Neutral,0,Not applicable,No directional setup; confirmation score not applicable.,Wide CPR,Wide Upside Watch,Unavailable,Wide CPR + close above CPR; trend unavailable; participation unavailable,None,0,No active J-Curve setup.
INDOTHAI,EQ,INDO THAI SEC LTD,276.0,284.35,273.0,281.9,1605812,454280572.0,20260325,279.75,278.675,280.825,280.825,278.675,2.1499999999999773,0.7626818020574592,Wide,Bullish,Above CPR,Cash Only,Diversified,False,False,0.5666666666666667,60,133803782.065,Higher,False,No setup,False,Neutral,0,Not applicable,No directional setup; confirmation score not applicable.,Wide CPR,Wide Upside Watch,Unavailable,Wide CPR + close above CPR; trend unavailable; participation unavailable,None,0,No active J-Curve setup.
BSE,EQ,BSE LIMITED,2840.0,2899.4,2814.4,2890.2,4742623,13567725097.8,20260325,2868.0,2856.9,2879.1,2879.1,2856.9,22.199999999999815,0.7681129333610068,Wide,Bullish,Above CPR,Cash Only,Financial Services,False,False,0.6666666666666666,60,11235845080.8,Higher,False,No setup,True,Neutral,0,Not applicable,No directional setup; confirmation score not applicable.,Wide CPR,Wide Upside Watch,Unavailable,Wide CPR + close above CPR; trend unavailable; participation unavailable,None,0,No active J-Curve setup.
PARAS,EQ,PARAS DEF AND SPCE TECH L,622.5,646.0,622.5,641.65,806916,514138302.3,20260325,636.7166666666667,634.25,639.1833333333334,639.1833333333334,634.25,4.933333333333394,0.7688511389906326,Wide,Bullish,Above CPR,Cash Only,Diversified,False,False,0.7,60,319996767.05,Higher,False,No setup,False,Neutral,0,Not applicable,No directional setup; confirmation score not applicable.,Wide CPR,Wide Upside Watch,Unavailable,Wide CPR + close above CPR; trend unavailable; participation unavailable,None,0,No active J-Curve setup.
NIACL,EQ,THE NEW INDIA ASSU CO LTD,125.1,128.9,124.7,128.28,857735,109872392.56,20260325,127.29333333333334,126.8,127.78666666666666,127.78666666666666,126.8,0.9866666666666504,0.7691508159234879,Wide,Bullish,Above CPR,Cash Only,Financial Services,False,False,0.9166666666666666,60,52942082.935,Higher,False,No setup,True,Neutral,0,Not applicable,No directional setup; confirmation score not applicable.,Wide CPR,Wide Upside Watch,Unavailable,Wide CPR + close above CPR; trend unavailable; participation unavailable,None,0,No active J-Curve setup.
SIRCA,EQ,SIRCA PAINT INDIA LIMITED,421.8,438.4,417.5,432.95,251849,109037772.75,20260325,429.6166666666666,427.95,431.2833333333333,431.2833333333333,427.95,3.333333333333257,0.7699118450937192,Wide,Bullish,Above CPR,Cash Only,Diversified,False,False,0.8,60,102497742.175,Higher,False,No setup,False,Neutral,0,Not applicable,No directional setup; confirmation score not applicable.,Wide CPR,Wide Upside Watch,Unavailable,Wide CPR + close above CPR; trend unavailable; participation unavailable,None,0,No active J-Curve setup.
IREDA,EQ,INDIAN RENEWABLE ENERGY,115.46,120.18,115.46,119.2,12930750,1540178563.92,20260325,118.28,117.82,118.73999999999998,118.73999999999998,117.82,0.9199999999999876,0.7718120805369022,Wide,Bullish,Above CPR,Cash Only,Financial Services,False,False,0.75,60,1124655920.505,Higher,False,No setup,True,Neutral,0,Not applicable,No directional setup; confirmation score not applicable.,Wide CPR,Wide Upside Watch,Unavailable,Wide CPR + close above CPR; trend unavailable; participation unavailable,None,0,No active J-Curve setup.
JINDALSAW,EQ,JINDAL SAW LIMITED,182.81,190.0,182.71,188.54,2235034,417557942.15,20260325,187.08333333333331,186.355,187.81166666666667,187.81166666666667,186.355,1.4566666666666492,0.7726035147271928,Wide,Bullish,Above CPR,Cash Only,Capital Goods,False,False,0.7,60,376128387.97,Higher,False,No setup,True,Neutral,0,Not applicable,No directional setup; confirmation score not applicable.,Wide CPR,Wide Upside Watch,Unavailable,Wide CPR + close above CPR; trend unavailable; participation unavailable,None,0,No active J-Curve setup.
GAYAHWS,EQ,GAYATRI HIGHWAYS LIMITED,2.2,2.2,2.05,2.15,197179,430675.2,20260325,2.1333333333333333,2.125,2.1416666666666666,2.1416666666666666,2.125,0.0166666666666666,0.7751937984496097,Wide,Bullish,Above CPR,Cash Only,Diversified,False,False,0.3658536585365853,41,602705.18,Higher,False,No setup,False,Neutral,0,Not applicable,No directional setup; confirmation score not applicable.,Wide CPR,Wide Upside Watch,Unavailable,Wide CPR + close above CPR; trend unavailable; participation unavailable,None,0,No active J-Curve setup.
AKUMS,EQ,AKUMS DRUGS AND PHARMA L,478.8,497.0,478.8,493.65,127436,62575660.5,20260325,489.8166666666666,487.9,491.7333333333332,491.7333333333332,487.9,3.8333333333332575,0.7765285796279262,Wide,Bullish,Above CPR,Cash Only,Diversified,False,False,0.8166666666666667,60,55127223.25,Higher,False,No setup,False,Neutral,0,Not applicable,No directional setup; confirmation score not applicable.,Wide CPR,Wide Upside Watch,Unavailable,Wide CPR + close above CPR; trend unavailable; participation unavailable,None,0,No active J-Curve setup.
MANAKCOAT,EQ,MAN COAT METAL & IND LTD,103.0,110.66,103.0,108.09,363508,39136763.92,20260325,107.25,106.83,107.67,107.67,106.83,0.8400000000000034,0.7771301693033614,Wide,Bullish,Above CPR,Cash Only,Diversified,False,False,0.6833333333333333,60,25424744.995,Higher,False,No setup,False,Neutral,0,Not applicable,No directional setup; confirmation score not applicable.,Wide CPR,Wide Upside Watch,Unavailable,Wide CPR + close above CPR; trend unavailable; participation unavailable,None,0,No active J-Curve setup.
UTTAMSUGAR,EQ,UTTAM SUGAR MILLS LTD.,229.0,243.9,226.5,238.0,274298,64778976.31,20260325,236.13333333333333,235.2,237.06666666666663,237.06666666666663,235.2,1.8666666666666745,0.7843137254901992,Wide,Bullish,Above CPR,Cash Only,FMCG & Food Products,False,False,0.6166666666666667,60,14692344.67,Higher,False,No setup,False,Neutral,0,Not applicable,No directional setup; confirmation score not applicable.,Wide CPR,Wide Upside Watch,Unavailable,Wide CPR + close above CPR; trend unavailable; participation unavailable,None,0,No active J-Curve setup.
INOXWIND,EQ,INOX WIND LIMITED,79.28,83.15,78.76,81.92,22856802,1867135189.44,20260325,81.27666666666669,80.95500000000001,81.59833333333336,81.59833333333336,80.95500000000001,0.6433333333333451,0.785319010416681,Wide,Bullish,Above CPR,Cash Only,Capital Goods,False,False,0.5833333333333334,60,933855933.12,Higher,False,No setup,True,Neutral,0,Not applicable,No directional setup; confirmation score not applicable.,Wide CPR,Wide Upside Watch,Unavailable,Wide CPR + close above CPR; trend unavailable; participation unavailable,None,0,No active J-Curve setup.
GRAPHITE,EQ,GRAPHITE INDIA LTD,579.0,602.0,575.45,595.75,744353,440133989.3,20260325,591.0666666666667,588.725,593.4083333333334,593.4083333333334,588.725,4.683333333333394,0.7861239334172713,Wide,Bullish,Above CPR,Cash Only,Capital Goods,False,False,0.6,60,766232978.0,Higher,False,No setup,True,Neutral,0,Not applicable,No directional setup; confirmation score not applicable.,Wide CPR,Wide Upside Watch,Unavailable,Wide CPR + close above CPR; trend unavailable; participation unavailable,None,0,No active J-Curve setup.
NPBET,EQ,TATAAML - NPBET,261.66,267.99,261.66,267.99,1020,269673.07,20260325,265.88000000000005,264.82500000000005,266.93500000000006,266.93500000000006,264.82500000000005,2.1100000000000136,0.7873428112989342,Wide,Bullish,Above CPR,Cash Only,Diversified,False,False,0.9166666666666666,60,179397.325,Higher,False,No setup,False,Neutral,0,Not applicable,No directional setup; confirmation score not applicable.,Wide CPR,Wide Upside Watch,Unavailable,Wide CPR + close above CPR; trend unavailable; participation unavailable,None,0,No active J-Curve setup.
BCLIND,EQ,BCL INDUSTRIES LIMITED,26.6,28.42,26.6,27.84,1179413,32997833.39,20260325,27.62,27.51,27.73,27.73,27.51,0.2199999999999988,0.7902298850574672,Wide,Bullish,Above CPR,Cash Only,Diversified,False,False,0.75,60,15330443.445,Higher,False,No setup,False,Neutral,0,Not applicable,No directional setup; confirmation score not applicable.,Wide CPR,Wide Upside Watch,Unavailable,Wide CPR + close above CPR; trend unavailable; participation unavailable,None,0,No active J-Curve setup.
DLINKINDIA,EQ,D-LINK INDIA LTD,395.75,410.65,393.8,407.05,158999,64391575.9,20260325,403.8333333333333,402.225,405.4416666666666,405.4416666666666,402.225,3.2166666666665837,0.7902387094132374,Wide,Bullish,Above CPR,Cash Only,Diversified,False,False,0.6666666666666666,60,29043620.675,Higher,False,No setup,False,Neutral,0,Not applicable,No directional setup; confirmation score not applicable.,Wide CPR,Wide Upside Watch,Unavailable,Wide CPR + close above CPR; trend unavailable; participation unavailable,None,0,No active J-Curve setup.
TRUALT,EQ,TRUALT BIOENERGY LIMITED,401.8,415.55,398.35,411.85,313564,127392401.0,20260325,408.5833333333333,406.9500000000001,410.2166666666666,410.2166666666666,406.9500000000001,3.266666666666538,0.793169034033395,Wide,Bullish,Above CPR,Cash Only,Diversified,False,False,0.5833333333333334,60,56418986.425,Higher,False,No setup,False,Neutral,0,Not applicable,No directional setup; confirmation score not applicable.,Wide CPR,Wide Upside Watch,Unavailable,Wide CPR + close above CPR; trend unavailable; participation unavailable,None,0,No active J-Curve setup.
HONASA,EQ,HONASA CONSUMER LIMITED,285.0,295.7,285.0,293.85,642559,187947929.0,20260325,291.5166666666667,290.35,292.6833333333334,292.6833333333334,290.35,2.3333333333333712,0.7940559242243903,Wide,Bullish,Above CPR,Cash Only,Fast Moving Consumer Goods,False,False,0.8666666666666667,60,123893431.6,Higher,False,No setup,True,Neutral,0,Not applicable,No directional setup; confirmation score not applicable.,Wide CPR,Wide Upside Watch,Unavailable,Wide CPR + close above CPR; trend unavailable; participation unavailable,None,0,No active J-Curve setup.
SHARDACROP,EQ,SHARDA CROPCHEM LTD.,915.5,963.0,915.5,950.6,221735,210684765.5,20260325,943.0333333333332,939.25,946.8166666666666,946.8166666666666,939.25,7.566666666666606,0.795988498492174,Wide,Bullish,Above CPR,Cash Only,Diversified,False,False,0.5666666666666667,60,222585445.85,Higher,False,No setup,False,Neutral,0,Not applicable,No directional setup; confirmation score not applicable.,Wide CPR,Wide Upside Watch,Unavailable,Wide CPR + close above CPR; trend unavailable; participation unavailable,None,0,No active J-Curve setup.
REMSONSIND,EQ,REMSONS INDUSTRIES LTD,86.0,89.3,85.81,88.62,145625,12812437.59,20260325,87.91000000000001,87.555,88.26500000000001,88.26500000000001,87.555,0.710000000000008,0.8011735499887249,Wide,Bullish,Above CPR,Cash Only,Diversified,False,False,0.5833333333333334,60,10853285.760000002,Higher,False,No setup,False,Neutral,0,Not applicable,No directional setup; confirmation score not applicable.,Wide CPR,Wide Upside Watch,Unavailable,Wide CPR + close above CPR; trend unavailable; participation unavailable,None,0,No active J-Curve setup.
NBIFIN,EQ,N.B.I. IND. FIN. CO. LTD,1720.0,1805.1,1720.0,1784.0,1527,2733579.9,20260325,1769.7,1762.55,1776.85,1776.85,1762.55,14.300000000000182,0.8015695067264677,Wide,Bullish,Above CPR,Cash Only,Diversified,False,False,0.75,60,408870.2,Higher,False,No setup,False,Neutral,0,Not applicable,No directional setup; confirmation score not applicable.,Wide CPR,Wide Upside Watch,Unavailable,Wide CPR + close above CPR; trend unavailable; participation unavailable,None,0,No active J-Curve setup.
ENRIN,EQ,SIEMENS ENERGY INDIA LTD,2715.0,2781.0,2695.1,2771.4,357865,980290194.6,20260325,2749.1666666666665,2738.05,2760.283333333333,2760.283333333333,2738.05,22.233333333332663,0.8022419475114623,Wide,Bullish,Above CPR,Cash Only,Capital Goods,False,False,0.8,60,982354049.45,Higher,False,No setup,True,Neutral,0,Not applicable,No directional setup; confirmation score not applicable.,Wide CPR,Wide Upside Watch,Unavailable,Wide CPR + close above CPR; trend unavailable; participation unavailable,None,0,No active J-Curve setup.
MITCON,EQ,MITCON CON & ENG SER LTD,54.09,56.3,53.54,55.59,19017,1037446.18,20260325,55.14333333333334,54.92,55.366666666666674,55.366666666666674,54.92,0.4466666666666725,0.8035018288661134,Wide,Bullish,Above CPR,Cash Only,Diversified,False,False,0.4833333333333333,60,282905.555,Higher,False,No setup,False,Neutral,0,Not applicable,No directional setup; confirmation score not applicable.,Wide CPR,Wide Upside Watch,Unavailable,Wide CPR + close above CPR; trend unavailable; participation unavailable,None,0,No active J-Curve setup.
RKDL,EQ,RAVI KUMAR DIST. LTD.,18.01,20.5,18.01,19.49,52592,1019556.15,20260325,19.33333333333333,19.255000000000003,19.41166666666666,19.41166666666666,19.255000000000003,0.1566666666666591,0.8038310244569481,Wide,Bullish,Above CPR,Cash Only,Diversified,False,False,0.5166666666666667,60,369262.56000000006,Higher,False,No setup,False,Neutral,0,Not applicable,No directional setup; confirmation score not applicable.,Wide CPR,Wide Upside Watch,Unavailable,Wide CPR + close above CPR; trend unavailable; participation unavailable,None,0,No active J-Curve setup.
BRIGADE,EQ,BRIGADE ENTER. LTD,653.95,675.3,650.2,670.85,338988,224863045.55,20260325,665.4499999999999,662.75,668.1499999999999,668.1499999999999,662.75,5.399999999999864,0.8049489453677967,Wide,Bullish,Above CPR,Cash Only,Realty,False,False,0.75,60,239772294.85,Higher,False,No setup,True,Neutral,0,Not applicable,No directional setup; confirmation score not applicable.,Wide CPR,Wide Upside Watch,Unavailable,Wide CPR + close above CPR; trend unavailable; participation unavailable,None,0,No active J-Curve setup.
CHOLAFIN,EQ,CHOLAMANDALAM IN & FIN CO,1442.0,1483.3,1428.7,1473.8,2569710,3775766736.9,20260325,1461.9333333333334,1456.0,1467.8666666666668,1467.8666666666668,1456.0,11.866666666666788,0.8051748315013426,Wide,Bullish,Above CPR,Cash Only,Financial Services,False,False,0.7666666666666667,60,2530951600.15,Higher,False,No setup,True,Neutral,0,Not applicable,No directional setup; confirmation score not applicable.,Wide CPR,Wide Upside Watch,Unavailable,Wide CPR + close above CPR; trend unavailable; participation unavailable,None,0,No active J-Curve setup.
SKFINDIA,EQ,SKF INDIA LTD,1490.0,1529.7,1479.7,1523.2,71555,107549452.7,20260325,1510.8666666666668,1504.7,1517.0333333333335,1517.0333333333335,1504.7,12.333333333333483,0.8096988795518307,Wide,Bullish,Above CPR,Cash Only,Diversified,False,False,0.8,60,77309256.85,Higher,False,No setup,False,Neutral,0,Not applicable,No directional setup; confirmation score not applicable.,Wide CPR,Wide Upside Watch,Unavailable,Wide CPR + close above CPR; trend unavailable; participation unavailable,None,0,No active J-Curve setup.
SATIN,EQ,SATIN CREDIT NET LTD,143.21,146.85,142.64,146.53,115435,16764952.78,20260325,145.34,144.745,145.935,145.935,144.745,1.1899999999999975,0.8121203849041136,Wide,Bullish,Above CPR,Cash Only,Diversified,False,False,0.8666666666666667,60,17599058.36,Higher,False,No setup,False,Neutral,0,Not applicable,No directional setup; confirmation score not applicable.,Wide CPR,Wide Upside Watch,Unavailable,Wide CPR + close above CPR; trend unavailable; participation unavailable,None,0,No active J-Curve setup.
APOLLOTYRE,EQ,APOLLO TYRES LTD,409.0,423.75,405.3,419.65,1184719,492024473.25,20260325,416.2333333333333,414.525,417.9416666666666,417.9416666666666,414.525,3.4166666666666288,0.8141705389411722,Wide,Bullish,Above CPR,Cash Only,Automobile and Auto Components,False,False,0.7666666666666667,60,450096066.1,Higher,False,No setup,True,Neutral,0,Not applicable,No directional setup; confirmation score not applicable.,Wide CPR,Wide Upside Watch,Unavailable,Wide CPR + close above CPR; trend unavailable; participation unavailable,None,0,No active J-Curve setup.
AIAENG,EQ,AIA ENGINEERING LIMITED,3395.0,3543.0,3344.1,3486.4,92353,319763980.8,20260325,3457.833333333333,3443.55,3472.116666666667,3472.116666666667,3443.55,28.56666666666661,0.8193743307327502,Wide,Bullish,Above CPR,Cash Only,Capital Goods,False,False,0.8666666666666667,60,187875382.6,Higher,False,No setup,True,Neutral,0,Not applicable,No directional setup; confirmation score not applicable.,Wide CPR,Wide Upside Watch,Unavailable,Wide CPR + close above CPR; trend unavailable; participation unavailable,None,0,No active J-Curve setup.
ONELIFECAP,EQ,ONELIFE CAP ADVISORS LTD,15.4,15.52,14.11,15.0,3451700,51800322.05,20260325,14.876666666666663,14.815,14.93833333333333,14.93833333333333,14.815,0.1233333333333313,0.8222222222222085,Wide,Bullish,Above CPR,Cash Only,Diversified,False,False,0.6666666666666666,33,361806.51,Higher,False,No setup,False,Neutral,0,Not applicable,No directional setup; confirmation score not applicable.,Wide CPR,Wide Upside Watch,Unavailable,Wide CPR + close above CPR; trend unavailable; participation unavailable,None,0,No active J-Curve setup.
GRASIM,EQ,GRASIM INDUSTRIES LTD,2561.8,2668.4,2561.8,2647.8,1656810,4378475774.8,20260325,2626.0000000000005,2615.1000000000004,2636.9000000000005,2636.9000000000005,2615.1000000000004,21.800000000000185,0.8233250245486887,Wide,Bullish,Above CPR,Cash Only,Construction Materials,False,False,0.8833333333333333,60,1988942934.35,Higher,False,No setup,True,Neutral,0,Not applicable,No directional setup; confirmation score not applicable.,Wide CPR,Wide Upside Watch,Unavailable,Wide CPR + close above CPR; trend unavailable; participation unavailable,None,0,No active J-Curve setup.
INDGN,EQ,INDEGENE LIMITED,444.1,465.0,444.1,460.25,390998,179585931.85,20260325,456.45,454.55,458.35,458.35,454.55,3.7999999999999545,0.8256382400868993,Wide,Bullish,Above CPR,Cash Only,Healthcare,False,False,0.8666666666666667,60,134544181.875,Higher,False,No setup,True,Neutral,0,Not applicable,No directional setup; confirmation score not applicable.,Wide CPR,Wide Upside Watch,Unavailable,Wide CPR + close above CPR; trend unavailable; participation unavailable,None,0,No active J-Curve setup.
DRREDDY,EQ,DR. REDDY S LABORATORIES,1268.9,1309.0,1260.1,1300.7,1577150,2042948119.9,20260325,1289.9333333333334,1284.55,1295.3166666666668,1295.3166666666668,1284.55,10.76666666666688,0.827759411598899,Wide,Bullish,Above CPR,Cash Only,Healthcare,False,False,0.9666666666666668,60,1917021032.5,Higher,False,No setup,True,Neutral,0,Not applicable,No directional setup; confirmation score not applicable.,Wide CPR,Wide Upside Watch,Unavailable,Wide CPR + close above CPR; trend unavailable; participation unavailable,None,0,No active J-Curve setup.
HEXATRADEX,EQ,HEXA TRADEX LIMITED,161.35,161.95,151.39,158.64,14939,2391608.63,20260325,157.32666666666665,156.67,157.98333333333332,157.98333333333332,156.67,1.3133333333333326,0.8278702302908049,Wide,Bullish,Above CPR,Cash Only,Diversified,False,False,0.75,60,364163.265,Lower,False,No setup,False,Neutral,0,Not applicable,No directional setup; confirmation score not applicable.,Wide CPR,Wide Upside Watch,Unavailable,Wide CPR + close above CPR; trend unavailable; participation unavailable,None,0,No active J-Curve setup.
LANDMARK,EQ,LANDMARK CARS LIMITED,369.0,383.0,364.0,378.2,109052,40805392.9,20260325,375.06666666666666,373.5,376.6333333333333,376.6333333333333,373.5,3.1333333333333258,0.8284858099770824,Wide,Bullish,Above CPR,Cash Only,Diversified,False,False,0.5166666666666667,60,30651430.225,Higher,False,No setup,False,Neutral,0,Not applicable,No directional setup; confirmation score not applicable.,Wide CPR,Wide Upside Watch,Unavailable,Wide CPR + close above CPR; trend unavailable; participation unavailable,None,0,No active J-Curve setup.
SMLMAH,EQ,SML MAHINDRA LIMITED,4100.0,4178.3,4073.9,4178.3,57842,240786162.0,20260325,4143.5,4126.1,4160.9,4160.9,4126.1,34.79999999999927,0.8328746140774782,Wide,Bullish,Above CPR,Cash Only,Diversified,False,False,0.4,60,398075990.9,Higher,False,No setup,False,Neutral,0,Not applicable,No directional setup; confirmation score not applicable.,Wide CPR,Wide Upside Watch,Unavailable,Wide CPR + close above CPR; trend unavailable; participation unavailable,None,0,No active J-Curve setup.
FIEMIND,EQ,FIEM INDUSTRIES LIMITED,2010.0,2105.0,2010.0,2083.6,45594,94841047.5,20260325,2066.2000000000003,2057.5,2074.9000000000005,2074.9000000000005,2057.5,17.400000000000546,0.8350931080821917,Wide,Bullish,Above CPR,Cash Only,Diversified,False,False,0.6166666666666667,60,130898764.3,Higher,False,No setup,False,Neutral,0,Not applicable,No directional setup; confirmation score not applicable.,Wide CPR,Wide Upside Watch,Unavailable,Wide CPR + close above CPR; trend unavailable; participation unavailable,None,0,No active J-Curve setup.
KIMS,EQ,KRISHNA INST OF MED SCI L,633.65,652.9,629.55,649.4,198999,127926245.05,20260325,643.9499999999999,641.2249999999999,646.675,646.675,641.2249999999999,5.4500000000000455,0.8392362180474354,Wide,Bullish,Above CPR,Cash Only,Healthcare,False,False,0.75,60,200655792.35,Higher,False,No setup,True,Neutral,0,Not applicable,No directional setup; confirmation score not applicable.,Wide CPR,Wide Upside Watch,Unavailable,Wide CPR + close above CPR; trend unavailable; participation unavailable,None,0,No active J-Curve setup.
RUSTOMJEE,EQ,KEYSTONE REALTORS LIMITED,370.85,399.5,370.85,390.1,112870,44159535.95,20260325,386.81666666666666,385.175,388.4583333333333,388.4583333333333,385.175,3.283333333333303,0.8416645304622667,Wide,Bullish,Above CPR,Cash Only,Diversified,False,False,0.6333333333333333,60,17439325.75,Higher,False,No setup,False,Neutral,0,Not applicable,No directional setup; confirmation score not applicable.,Wide CPR,Wide Upside Watch,Unavailable,Wide CPR + close above CPR; trend unavailable; participation unavailable,None,0,No active J-Curve setup.
BIL,EQ,BHARTIYA INTERNATIONAL,715.05,723.0,699.2,720.2,36837,26557462.55,20260325,714.1333333333333,711.1,717.1666666666666,717.1666666666666,711.1,6.066666666666606,0.8423586040914475,Wide,Bullish,Above CPR,Cash Only,Diversified,False,False,0.6,60,2123552.625,Higher,False,No setup,False,Neutral,0,Not applicable,No directional setup; confirmation score not applicable.,Wide CPR,Wide Upside Watch,Unavailable,Wide CPR + close above CPR; trend unavailable; participation unavailable,None,0,No active J-Curve setup.
AVL,EQ,ADITYA VISION LIMITED,469.8,483.0,465.55,480.35,109524,52260134.85,20260325,476.3,474.275,478.3250000000001,478.3250000000001,474.275,4.050000000000068,0.8431352139065407,Wide,Bullish,Above CPR,Cash Only,Diversified,False,False,0.7833333333333333,60,72358762.3,Higher,False,No setup,False,Neutral,0,Not applicable,No directional setup; confirmation score not applicable.,Wide CPR,Wide Upside Watch,Unavailable,Wide CPR + close above CPR; trend unavailable; participation unavailable,None,0,No active J-Curve setup.
GLENMARK,EQ,GLENMARK PHARMACEUTICALS,2120.0,2179.7,2102.4,2168.5,446774,961818498.8,20260325,2150.2000000000003,2141.05,2159.3500000000004,2159.3500000000004,2141.05,18.300000000000185,0.8439013142725471,Wide,Bullish,Above CPR,Cash Only,Healthcare,False,False,0.8166666666666667,60,913796804.2,Higher,False,No setup,True,Neutral,0,Not applicable,No directional setup; confirmation score not applicable.,Wide CPR,Wide Upside Watch,Unavailable,Wide CPR + close above CPR; trend unavailable; participation unavailable,None,0,No active J-Curve setup.
LUMAXTECH,EQ,LUMAX AUTO TECH LTD,1599.0,1636.0,1569.5,1623.3,174304,282375593.0,20260325,1609.6,1602.75,1616.4500000000005,1616.4500000000005,1602.75,13.700000000000273,0.8439598349042242,Wide,Bullish,Above CPR,Cash Only,Information Technology,False,False,0.5333333333333333,60,333066345.35,Higher,False,No setup,False,Neutral,0,Not applicable,No directional setup; confirmation score not applicable.,Wide CPR,Wide Upside Watch,Unavailable,Wide CPR + close above CPR; trend unavailable; participation unavailable,None,0,No active J-Curve setup.
LT,EQ,LARSEN & TOUBRO LTD.,3569.9,3660.0,3546.0,3649.3,5090205,18431952036.2,20260325,3618.433333333333,3603.0,3633.866666666666,3633.866666666666,3603.0,30.86666666666588,0.8458243133386094,Wide,Bullish,Above CPR,Cash Only,Construction,False,False,0.9166666666666666,60,8724624735.0,Higher,False,No setup,True,Neutral,0,Not applicable,No directional setup; confirmation score not applicable.,Wide CPR,Wide Upside Watch,Unavailable,Wide CPR + close above CPR; trend unavailable; participation unavailable,None,0,No active J-Curve setup.
SHADOWFAX,EQ,SHADOWFAX TECHNOLOGIES L,113.0,118.0,113.0,116.99,2284365,265466651.19,20260325,115.99666666666668,115.5,116.49333333333334,116.49333333333334,115.5,0.9933333333333394,0.8490754195515338,Wide,Bullish,Above CPR,Cash Only,Diversified,False,False,0.625,40,175759055.07999998,Higher,False,No setup,False,Neutral,0,Not applicable,No directional setup; confirmation score not applicable.,Wide CPR,Wide Upside Watch,Unavailable,Wide CPR + close above CPR; trend unavailable; participation unavailable,None,0,No active J-Curve setup.
GALAXYSURF,EQ,GALAXY SURFACTANTS LTD,1597.0,1653.9,1561.1,1628.3,24465,39666589.6,20260325,1614.4333333333334,1607.5,1621.3666666666668,1621.3666666666668,1607.5,13.866666666666788,0.8516039222911496,Wide,Bullish,Above CPR,Cash Only,Diversified,False,False,0.85,60,22861487.55,Higher,False,No setup,False,Neutral,0,Not applicable,No directional setup; confirmation score not applicable.,Wide CPR,Wide Upside Watch,Unavailable,Wide CPR + close above CPR; trend unavailable; participation unavailable,None,0,No active J-Curve setup.
ANMOL,EQ,ANMOL INDIA LIMITED,10.1,10.13,9.16,9.77,206656,2022517.17,20260325,9.686666666666666,9.645,9.728333333333332,9.728333333333332,9.645,0.0833333333333321,0.8529512111907078,Wide,Bullish,Above CPR,Cash Only,Diversified,False,False,0.6166666666666667,60,494077.14,Lower,False,No setup,False,Neutral,0,Not applicable,No directional setup; confirmation score not applicable.,Wide CPR,Wide Upside Watch,Unavailable,Wide CPR + close above CPR; trend unavailable; participation unavailable,None,0,No active J-Curve setup.
RATEGAIN,EQ,RATEGAIN TRAVEL TECHN LTD,484.9,499.9,478.8,495.7,320818,158510021.25,20260325,491.4666666666667,489.35,493.58333333333337,493.58333333333337,489.35,4.2333333333333485,0.8540111626655938,Wide,Bullish,Above CPR,Cash Only,Information Technology,False,False,0.6666666666666666,60,153973629.72500002,Higher,False,No setup,False,Neutral,0,Not applicable,No directional setup; confirmation score not applicable.,Wide CPR,Wide Upside Watch,Unavailable,Wide CPR + close above CPR; trend unavailable; participation unavailable,None,0,No active J-Curve setup.
KDDL,EQ,KDDL LIMITED,2115.5,2223.9,2115.5,2197.9,32951,72269162.0,20260325,2179.1,2169.7,2188.5,2188.5,2169.7,18.800000000000185,0.8553619363938386,Wide,Bullish,Above CPR,Cash Only,Diversified,False,False,0.6333333333333333,60,33679410.849999994,Higher,False,No setup,False,Neutral,0,Not applicable,No directional setup; confirmation score not applicable.,Wide CPR,Wide Upside Watch,Unavailable,Wide CPR + close above CPR; trend unavailable; participation unavailable,None,0,No active J-Curve setup.
STLTECH,EQ,STERLITE TECHNOLOGIES LTD,184.01,197.8,182.51,192.63,8319577,1608016845.54,20260325,190.98,190.155,191.80500000000004,191.80500000000004,190.155,1.650000000000034,0.8565643980688544,Wide,Bullish,Above CPR,Cash Only,Telecom Cables,False,False,0.6,60,974484444.01,Higher,False,No setup,False,Neutral,0,Not applicable,No directional setup; confirmation score not applicable.,Wide CPR,Wide Upside Watch,Unavailable,Wide CPR + close above CPR; trend unavailable; participation unavailable,None,0,No active J-Curve setup.
MODTHREAD,EQ,MODERN THREADS INDIA LTD,43.0,45.33,43.0,44.74,8765,381234.77,20260325,44.35666666666666,44.165,44.548333333333325,44.548333333333325,44.165,0.3833333333333257,0.8568022649381443,Wide,Bullish,Above CPR,Cash Only,Diversified,False,False,0.45,60,65385.19,Inside,False,No setup,False,Neutral,0,Not applicable,No directional setup; confirmation score not applicable.,Wide CPR,Wide Upside Watch,Unavailable,Wide CPR + close above CPR; trend unavailable; participation unavailable,None,0,No active J-Curve setup.
FSL,EQ,FIRSTSOURCE SOLU. LTD.,218.0,224.95,218.0,224.36,1393066,310926290.51,20260325,222.43666666666664,221.475,223.39833333333328,223.39833333333328,221.475,1.9233333333332892,0.8572532239852422,Wide,Bullish,Above CPR,Cash Only,Services,False,False,0.6833333333333333,60,267194354.29,Higher,False,No setup,True,Neutral,0,Not applicable,No directional setup; confirmation score not applicable.,Wide CPR,Wide Upside Watch,Unavailable,Wide CPR + close above CPR; trend unavailable; participation unavailable,None,0,No active J-Curve setup.
GEECEE,EQ,GEECEE VENTURES LIMITED,245.55,257.0,245.55,254.55,9626,2422991.65,20260325,252.36666666666667,251.275,253.45833333333331,253.45833333333331,251.275,2.183333333333337,0.8577227787599044,Wide,Bullish,Above CPR,Cash Only,Diversified,False,False,0.8333333333333334,60,742202.225,Outside,False,No setup,False,Neutral,0,Not applicable,No directional setup; confirmation score not applicable.,Wide CPR,Wide Upside Watch,Unavailable,Wide CPR + close above CPR; trend unavailable; participation unavailable,None,0,No active J-Curve setup.
DAMCAPITAL,EQ,DAM CAPITAL ADVISORS LTD,131.54,136.7,130.37,135.28,791116,106848918.13,20260325,134.11666666666667,133.535,134.69833333333335,134.69833333333335,133.535,1.163333333333355,0.859944805834828,Wide,Bullish,Above CPR,Cash Only,Diversified,False,False,0.65,60,66402995.495000005,Higher,False,No setup,False,Neutral,0,Not applicable,No directional setup; confirmation score not applicable.,Wide CPR,Wide Upside Watch,Unavailable,Wide CPR + close above CPR; trend unavailable; participation unavailable,None,0,No active J-Curve setup.
RANEHOLDIN,EQ,RANE HOLDINGS LIMITED,1053.1,1106.6,1048.9,1091.9,19362,21107855.4,20260325,1082.4666666666667,1077.75,1087.1833333333334,1087.1833333333334,1077.75,9.433333333333394,0.8639374790121249,Wide,Bullish,Above CPR,Cash Only,Diversified,False,False,0.6833333333333333,60,11317898.9,Higher,False,No setup,False,Neutral,0,Not applicable,No directional setup; confirmation score not applicable.,Wide CPR,Wide Upside Watch,Unavailable,Wide CPR + close above CPR; trend unavailable; participation unavailable,None,0,No active J-Curve setup.
PATANJALI,EQ,PATANJALI FOODS LIMITED,478.0,490.5,467.1,485.1,2614123,1257535427.3,20260325,480.9,478.8,483.00000000000006,483.00000000000006,478.8,4.2000000000000455,0.8658008658008751,Wide,Bullish,Above CPR,Cash Only,Fast Moving Consumer Goods,False,False,0.9166666666666666,60,933176823.275,Higher,False,No setup,True,Neutral,0,Not applicable,No directional setup; confirmation score not applicable.,Wide CPR,Wide Upside Watch,Unavailable,Wide CPR + close above CPR; trend unavailable; participation unavailable,None,0,No active J-Curve setup.
SPECTRUM,EQ,SPECTRUM ELECTRIC IND LTD,1394.4,1493.0,1394.4,1462.7,19488,28326977.5,20260325,1450.0333333333335,1443.7,1456.366666666667,1456.366666666667,1443.7,12.66666666666697,0.8659784416946037,Wide,Bullish,Above CPR,Cash Only,Diversified,False,False,0.4666666666666667,60,3921469.85,Higher,False,No setup,False,Neutral,0,Not applicable,No directional setup; confirmation score not applicable.,Wide CPR,Wide Upside Watch,Unavailable,Wide CPR + close above CPR; trend unavailable; participation unavailable,None,0,No active J-Curve setup.
ZUARIIND,EQ,ZUARI INDUSTRIES LIMITED,220.95,231.7,219.95,228.8,182551,41728131.0,20260325,226.8166666666667,225.825,227.8083333333334,227.8083333333334,225.825,1.9833333333334051,0.8668414918415233,Wide,Bullish,Above CPR,Cash Only,Diversified,False,False,0.8166666666666667,60,18970163.7,Higher,False,No setup,False,Neutral,0,Not applicable,No directional setup; confirmation score not applicable.,Wide CPR,Wide Upside Watch,Unavailable,Wide CPR + close above CPR; trend unavailable; participation unavailable,None,0,No active J-Curve setup.
HNDFDS,EQ,HINDUSTAN FOODS LIMITED,499.8,516.5,498.15,514.05,49482,25170786.2,20260325,509.5666666666666,507.325,511.8083333333332,511.8083333333332,507.325,4.483333333333235,0.872158998800357,Wide,Bullish,Above CPR,Cash Only,Diversified,False,False,0.85,60,19406771.4,Higher,False,No setup,False,Neutral,0,Not applicable,No directional setup; confirmation score not applicable.,Wide CPR,Wide Upside Watch,Unavailable,Wide CPR + close above CPR; trend unavailable; participation unavailable,None,0,No active J-Curve setup.
3IINFOLTD,EQ,3I INFOTECH LIMITED,13.53,13.86,13.0,13.61,1975303,26930707.16,20260325,13.49,13.43,13.55,13.55,13.43,0.120000000000001,0.8817046289493093,Wide,Bullish,Above CPR,Cash Only,Information Technology,False,False,0.8,60,6130501.035,Lower,False,No setup,False,Neutral,0,Not applicable,No directional setup; confirmation score not applicable.,Wide CPR,Wide Upside Watch,Unavailable,Wide CPR + close above CPR; trend unavailable; participation unavailable,None,0,No active J-Curve setup.
BAJFINANCE,EQ,BAJAJ FINANCE LIMITED,862.05,888.8,853.3,882.75,15995501,14062182961.25,20260325,874.9499999999999,871.05,878.8499999999999,878.8499999999999,871.05,7.799999999999954,0.8836023789294765,Wide,Bullish,Above CPR,Cash Only,Financial Services,False,False,0.8833333333333333,60,7378176338.25,Higher,False,No setup,True,Neutral,0,Not applicable,No directional setup; confirmation score not applicable.,Wide CPR,Wide Upside Watch,Unavailable,Wide CPR + close above CPR; trend unavailable; participation unavailable,None,0,No active J-Curve setup.
WSTCSTPAPR,EQ,WEST COAST PAPER MILLS LT,426.2,444.0,426.2,440.95,101603,44425679.2,20260325,437.05,435.1,439.0,439.0,435.1,3.899999999999977,0.884454019730123,Wide,Bullish,Above CPR,Cash Only,Diversified,False,False,0.7666666666666667,60,21964742.75,Higher,False,No setup,False,Neutral,0,Not applicable,No directional setup; confirmation score not applicable.,Wide CPR,Wide Upside Watch,Unavailable,Wide CPR + close above CPR; trend unavailable; participation unavailable,None,0,No active J-Curve setup.
HTMEDIA,EQ,HT MEDIA LIMITED,19.51,20.55,19.51,20.3,168293,3420912.76,20260325,20.12,20.03,20.21,20.21,20.03,0.1799999999999997,0.886699507389161,Wide,Bullish,Above CPR,Cash Only,Media & Entertainment,False,False,0.7666666666666667,60,1762261.435,Higher,False,No setup,False,Neutral,0,Not applicable,No directional setup; confirmation score not applicable.,Wide CPR,Wide Upside Watch,Unavailable,Wide CPR + close above CPR; trend unavailable; participation unavailable,None,0,No active J-Curve setup.
ANGELONE,EQ,ANGEL ONE LIMITED,233.5,243.8,233.1,241.67,8880739,2130969643.07,20260325,239.5233333333333,238.45,240.59666666666664,240.59666666666664,238.45,2.146666666666647,0.8882636101570931,Wide,Bullish,Above CPR,Cash Only,Financial Services,False,False,0.6833333333333333,60,1967203197.0,Higher,False,No setup,True,Neutral,0,Not applicable,No directional setup; confirmation score not applicable.,Wide CPR,Wide Upside Watch,Unavailable,Wide CPR + close above CPR; trend unavailable; participation unavailable,None,0,No active J-Curve setup.
SAKAR,EQ,SAKAR HEALTHCARE LIMITED,515.0,548.0,510.6,536.45,130559,69747439.45,20260325,531.6833333333333,529.3,534.0666666666666,534.0666666666666,529.3,4.766666666666652,0.8885574921552151,Wide,Bullish,Above CPR,Cash Only,Diversified,False,False,0.6333333333333333,60,25155242.3,Higher,False,No setup,False,Neutral,0,Not applicable,No directional setup; confirmation score not applicable.,Wide CPR,Wide Upside Watch,Unavailable,Wide CPR + close above CPR; trend unavailable; participation unavailable,None,0,No active J-Curve setup.
MOLDTKPAC,EQ,MOLD-TEK PACKAGING LTD,476.0,492.95,470.0,488.05,83882,40781805.45,20260325,483.6666666666667,481.475,485.85833333333335,485.85833333333335,481.475,4.383333333333326,0.8981320219922807,Wide,Bullish,Above CPR,Cash Only,Diversified,False,False,0.8,60,23825196.7,Overlapping,False,No setup,False,Neutral,0,Not applicable,No directional setup; confirmation score not applicable.,Wide CPR,Wide Upside Watch,Unavailable,Wide CPR + close above CPR; trend unavailable; participation unavailable,None,0,No active J-Curve setup.
KOPRAN,EQ,KOPRAN LTD,116.0,124.0,116.0,121.64,362028,44077593.48,20260325,120.54666666666668,120.0,121.09333333333332,121.09333333333332,120.0,1.0933333333333335,0.8988271401951116,Wide,Bullish,Above CPR,Cash Only,Diversified,False,False,0.85,60,25082048.635,Higher,False,No setup,False,Neutral,0,Not applicable,No directional setup; confirmation score not applicable.,Wide CPR,Wide Upside Watch,Unavailable,Wide CPR + close above CPR; trend unavailable; participation unavailable,None,0,No active J-Curve setup.
INDBANK,EQ,INDBANK MERCH BANK,30.05,32.0,30.05,31.45,42634,1343850.14,20260325,31.166666666666668,31.025,31.308333333333337,31.308333333333337,31.025,0.2833333333333385,0.9009009009009176,Wide,Bullish,Above CPR,Cash Only,Financial Services,False,False,0.8166666666666667,60,1475886.495,Higher,False,No setup,False,Neutral,0,Not applicable,No directional setup; confirmation score not applicable.,Wide CPR,Wide Upside Watch,Unavailable,Wide CPR + close above CPR; trend unavailable; participation unavailable,None,0,No active J-Curve setup.
ZENITHSTL,EQ,ZENITH STEEL PIP IND LTD,4.76,4.85,4.62,4.8,203881,975655.92,20260325,4.756666666666667,4.734999999999999,4.778333333333334,4.778333333333334,4.734999999999999,0.0433333333333347,0.902777777777808,Wide,Bullish,Above CPR,Cash Only,Diversified,False,False,0.4833333333333333,60,638166.275,Overlapping,False,No setup,False,Neutral,0,Not applicable,No directional setup; confirmation score not applicable.,Wide CPR,Wide Upside Watch,Unavailable,Wide CPR + close above CPR; trend unavailable; participation unavailable,None,0,No active J-Curve setup.
SRF,EQ,SRF LTD,2502.0,2581.8,2484.8,2568.1,847207,2151799961.9,20260325,2544.9,2533.3,2556.5,2556.5,2533.3,23.199999999999815,0.9033916124761426,Wide,Bullish,Above CPR,Cash Only,Chemicals,False,False,0.85,60,1165039028.7,Higher,False,No setup,True,Neutral,0,Not applicable,No directional setup; confirmation score not applicable.,Wide CPR,Wide Upside Watch,Unavailable,Wide CPR + close above CPR; trend unavailable; participation unavailable,None,0,No active J-Curve setup.
SHREECEM,EQ,SHREE CEMENT LIMITED,23500.0,24355.0,23445.0,24230.0,19081,460040315.0,20260325,24010.0,23900.0,24120.0,24120.0,23900.0,220.0,0.9079653322327692,Wide,Bullish,Above CPR,Cash Only,Construction Materials,False,False,0.95,60,736782907.5,Higher,False,No setup,True,Neutral,0,Not applicable,No directional setup; confirmation score not applicable.,Wide CPR,Wide Upside Watch,Unavailable,Wide CPR + close above CPR; trend unavailable; participation unavailable,None,0,No active J-Curve setup.
CARERATING,EQ,CARE RATINGS LIMITED,1480.0,1566.4,1465.0,1536.8,52232,79760269.3,20260325,1522.7333333333331,1515.7,1529.7666666666669,1529.7666666666669,1515.7,14.066666666666606,0.9153218809647712,Wide,Bullish,Above CPR,Cash Only,Diversified,False,False,0.8166666666666667,60,60136542.3,Higher,False,No setup,False,Neutral,0,Not applicable,No directional setup; confirmation score not applicable.,Wide CPR,Wide Upside Watch,Unavailable,Wide CPR + close above CPR; trend unavailable; participation unavailable,None,0,No active J-Curve setup.
TCPLPACK,EQ,TCPL PACKAGING LIMITED,2290.0,2447.4,2290.0,2401.8,8285,19584087.4,20260325,2379.733333333333,2368.7,2390.7666666666664,2390.7666666666664,2368.7,22.06666666666661,0.9187553779110088,Wide,Bullish,Above CPR,Cash Only,Paper & Packaging,False,False,0.7166666666666667,60,8760285.0,Higher,False,No setup,False,Neutral,0,Not applicable,No directional setup; confirmation score not applicable.,Wide CPR,Wide Upside Watch,Unavailable,Wide CPR + close above CPR; trend unavailable; participation unavailable,None,0,No active J-Curve setup.
OBEROIRLTY,EQ,OBEROI REALTY LIMITED,1452.9,1507.0,1451.0,1499.7,435229,650946324.9,20260325,1485.9,1479.0,1492.7999999999995,1492.7999999999995,1479.0,13.799999999999727,0.9201840368073432,Wide,Bullish,Above CPR,Cash Only,Realty,False,False,0.9833333333333332,60,728865705.05,Higher,False,No setup,True,Neutral,0,Not applicable,No directional setup; confirmation score not applicable.,Wide CPR,Wide Upside Watch,Unavailable,Wide CPR + close above CPR; trend unavailable; participation unavailable,None,0,No active J-Curve setup.
JYOTICNC,EQ,JYOTI CNC AUTOMATION LTD,754.0,785.0,746.75,776.65,775798,596315396.4,20260325,769.4666666666667,765.875,773.0583333333334,773.0583333333334,765.875,7.183333333333394,0.924912551771505,Wide,Bullish,Above CPR,Cash Only,Capital Goods,False,False,0.8166666666666667,60,246538681.825,Higher,False,No setup,True,Neutral,0,Not applicable,No directional setup; confirmation score not applicable.,Wide CPR,Wide Upside Watch,Unavailable,Wide CPR + close above CPR; trend unavailable; participation unavailable,None,0,No active J-Curve setup.
EUROPRATIK,EQ,EURO PRATIK SALES LIMITED,224.0,235.0,222.8,232.15,255179,58556577.3,20260325,229.98333333333332,228.9,231.0666666666667,231.0666666666667,228.9,2.1666666666666856,0.9333046162682256,Wide,Bullish,Above CPR,Cash Only,Diversified,False,False,0.6,60,48082205.07,Higher,False,No setup,False,Neutral,0,Not applicable,No directional setup; confirmation score not applicable.,Wide CPR,Wide Upside Watch,Unavailable,Wide CPR + close above CPR; trend unavailable; participation unavailable,None,0,No active J-Curve setup.
AMBER,EQ,AMBER ENTERPRISES (I) LTD,6551.0,6805.0,6498.5,6746.5,400447,2694919878.0,20260325,6683.333333333333,6651.75,6714.916666666666,6714.916666666666,6651.75,63.16666666666606,0.9362879517774558,Wide,Bullish,Above CPR,Cash Only,Consumer Durables,False,False,0.7166666666666667,60,1956104001.75,Higher,False,No setup,True,Neutral,0,Not applicable,No directional setup; confirmation score not applicable.,Wide CPR,Wide Upside Watch,Unavailable,Wide CPR + close above CPR; trend unavailable; participation unavailable,None,0,No active J-Curve setup.
MAHLOG,EQ,MAHINDRA LOGISTIC LIMITED,359.0,372.85,357.05,370.15,219423,80968423.75,20260325,366.6833333333334,364.9500000000001,368.41666666666674,368.41666666666674,364.9500000000001,3.466666666666697,0.9365572515646892,Wide,Bullish,Above CPR,Cash Only,Diversified,False,False,0.7333333333333333,60,73706837.30000001,Higher,False,No setup,False,Neutral,0,Not applicable,No directional setup; confirmation score not applicable.,Wide CPR,Wide Upside Watch,Unavailable,Wide CPR + close above CPR; trend unavailable; participation unavailable,None,0,No active J-Curve setup.
INNOVISION,EQ,INNOVISION LIMITED,359.0,384.5,358.3,376.7,1827047,683284791.9,20260325,373.1666666666667,371.4,374.9333333333334,374.9333333333334,371.4,3.5333333333334167,0.9379700911423988,Wide,Bullish,Above CPR,Cash Only,Diversified,False,False,0.6666666666666666,3,1004513834.45,Higher,False,No setup,False,Neutral,0,Not applicable,No directional setup; confirmation score not applicable.,Wide CPR,Wide Upside Watch,Unavailable,Wide CPR + close above CPR; trend unavailable; participation unavailable,None,0,No active J-Curve setup.
VOLTAS,EQ,VOLTAS LTD,1317.7,1381.0,1317.7,1368.8,1350940,1838844393.1,20260325,1355.8333333333333,1349.35,1362.3166666666666,1362.3166666666666,1349.35,12.966666666666695,0.9473017728423948,Wide,Bullish,Above CPR,Cash Only,Consumer Durables,False,False,0.8833333333333333,60,1084072495.35,Higher,False,No setup,True,Neutral,0,Not applicable,No directional setup; confirmation score not applicable.,Wide CPR,Wide Upside Watch,Unavailable,Wide CPR + close above CPR; trend unavailable; participation unavailable,None,0,No active J-Curve setup.
TEGA,EQ,TEGA INDUSTRIES LIMITED,1610.9,1674.0,1610.9,1666.2,112530,186278743.1,20260325,1650.3666666666668,1642.45,1658.2833333333335,1658.2833333333335,1642.45,15.833333333333483,0.9502660745008692,Wide,Bullish,Above CPR,Cash Only,Capital Goods,False,False,0.8166666666666667,60,162166938.95,Higher,False,No setup,True,Neutral,0,Not applicable,No directional setup; confirmation score not applicable.,Wide CPR,Wide Upside Watch,Unavailable,Wide CPR + close above CPR; trend unavailable; participation unavailable,None,0,No active J-Curve setup.
ARVINDFASN,EQ,ARVIND FASHIONS LIMITED,385.7,412.45,376.0,399.95,336825,134542098.95,20260325,396.1333333333334,394.225,398.04166666666674,398.04166666666674,394.225,3.81666666666672,0.9542859524107312,Wide,Bullish,Above CPR,Cash Only,Diversified,False,False,0.7833333333333333,60,75346368.075,Higher,False,No setup,False,Neutral,0,Not applicable,No directional setup; confirmation score not applicable.,Wide CPR,Wide Upside Watch,Unavailable,Wide CPR + close above CPR; trend unavailable; participation unavailable,None,0,No active J-Curve setup.
HECPROJECT,EQ,HEC INFRA PROJECTS LTD,104.0,107.81,103.1,106.99,10849,1148565.23,20260325,105.96666666666664,105.455,106.47833333333332,106.47833333333332,105.455,1.023333333333312,0.9564756830856268,Wide,Bullish,Above CPR,Cash Only,Diversified,False,False,0.5166666666666667,60,1171109.91,Higher,False,No setup,False,Neutral,0,Not applicable,No directional setup; confirmation score not applicable.,Wide CPR,Wide Upside Watch,Unavailable,Wide CPR + close above CPR; trend unavailable; participation unavailable,None,0,No active J-Curve setup.
SIGNATURE,EQ,SIGNATUREGLOBAL INDIA LTD,755.6,780.25,746.95,774.75,391571,301704087.45,20260325,767.3166666666666,763.6,771.0333333333332,771.0333333333332,763.6,7.433333333333167,0.9594492847154782,Wide,Bullish,Above CPR,Cash Only,Realty,False,False,0.7833333333333333,60,317755828.55,Higher,False,No setup,True,Neutral,0,Not applicable,No directional setup; confirmation score not applicable.,Wide CPR,Wide Upside Watch,Unavailable,Wide CPR + close above CPR; trend unavailable; participation unavailable,None,0,No active J-Curve setup.
KAYNES,EQ,KAYNES TECHNOLOGY IND LTD,3555.0,3778.3,3550.0,3717.9,2875320,10671031483.5,20260325,3682.066666666667,3664.15,3699.983333333334,3699.983333333334,3664.15,35.83333333333394,0.9638057326268576,Wide,Bullish,Above CPR,Cash Only,Capital Goods,False,False,0.65,60,5128787703.95,Higher,False,No setup,True,Neutral,0,Not applicable,No directional setup; confirmation score not applicable.,Wide CPR,Wide Upside Watch,Unavailable,Wide CPR + close above CPR; trend unavailable; participation unavailable,None,0,No active J-Curve setup.
NUVOCO,EQ,NUVOCO VISTAS CORP LTD,293.5,307.6,290.1,303.25,298058,90312798.3,20260325,300.31666666666666,298.85,301.7833333333333,301.7833333333333,298.85,2.9333333333332803,0.967298708436366,Wide,Bullish,Above CPR,Cash Only,Construction Materials,False,False,0.9166666666666666,60,63200923.3,Higher,False,No setup,True,Neutral,0,Not applicable,No directional setup; confirmation score not applicable.,Wide CPR,Wide Upside Watch,Unavailable,Wide CPR + close above CPR; trend unavailable; participation unavailable,None,0,No active J-Curve setup.
ZENITHEXPO,EQ,ZENITH EXPORTS LTD,189.38,189.38,180.0,187.41,63,11797.38,20260325,185.59666666666664,184.69,186.50333333333333,186.50333333333333,184.69,1.8133333333333328,0.96757554737385,Wide,Bullish,Above CPR,Cash Only,Diversified,False,False,0.5166666666666667,60,52378.845,Higher,False,No setup,False,Neutral,0,Not applicable,No directional setup; confirmation score not applicable.,Wide CPR,Wide Upside Watch,Unavailable,Wide CPR + close above CPR; trend unavailable; participation unavailable,None,0,No active J-Curve setup.
GRWRHITECH,EQ,GARWARE HI-TECH FILMS LTD,3595.0,3695.0,3525.4,3663.4,48275,176291846.8,20260325,3627.933333333333,3610.2,3645.666666666666,3645.666666666666,3610.2,35.46666666666624,0.96813524776618,Wide,Bullish,Above CPR,Cash Only,Information Technology,False,False,0.6666666666666666,60,162568590.95,Higher,False,No setup,False,Neutral,0,Not applicable,No directional setup; confirmation score not applicable.,Wide CPR,Wide Upside Watch,Unavailable,Wide CPR + close above CPR; trend unavailable; participation unavailable,None,0,No active J-Curve setup.
CAPACITE,EQ,CAPACITE INFRAPROJECT LTD,215.0,223.8,213.37,221.81,904028,199686137.79,20260325,219.66,218.585,220.735,220.735,218.585,2.1499999999999773,0.9692980478788048,Wide,Bullish,Above CPR,Cash Only,Diversified,False,False,0.6,60,63938420.67,Higher,False,No setup,False,Neutral,0,Not applicable,No directional setup; confirmation score not applicable.,Wide CPR,Wide Upside Watch,Unavailable,Wide CPR + close above CPR; trend unavailable; participation unavailable,None,0,No active J-Curve setup.
SYNGENE,EQ,SYNGENE INTERNATIONAL LTD,402.0,423.3,402.0,418.75,2747812,1152149710.25,20260325,414.6833333333333,412.65,416.7166666666667,416.7166666666667,412.65,4.06666666666672,0.9711442786069776,Wide,Bullish,Above CPR,Cash Only,Healthcare,False,False,0.9,60,387313795.175,Higher,False,No setup,True,Neutral,0,Not applicable,No directional setup; confirmation score not applicable.,Wide CPR,Wide Upside Watch,Unavailable,Wide CPR + close above CPR; trend unavailable; participation unavailable,None,0,No active J-Curve setup.
MINDACORP,EQ,MINDA CORPORATION LTD,524.95,554.5,517.5,543.95,434307,232305792.15,20260325,538.65,536.0,541.3,541.3,536.0,5.2999999999999545,0.974354260501876,Wide,Bullish,Above CPR,Cash Only,Automobile and Auto Components,False,False,0.9,60,103277932.225,Higher,False,No setup,True,Neutral,0,Not applicable,No directional setup; confirmation score not applicable.,Wide CPR,Wide Upside Watch,Unavailable,Wide CPR + close above CPR; trend unavailable; participation unavailable,None,0,No active J-Curve setup.
DIACABS,EQ,DIAMOND POWER INFRA LTD,125.0,129.59,122.73,128.04,2172335,277061633.21,20260325,126.78666666666668,126.16,127.41333333333336,127.41333333333336,126.16,1.2533333333333587,0.9788607726752256,Wide,Bullish,Above CPR,Cash Only,Diversified,False,False,0.7,60,165809240.785,Higher,False,No setup,False,Neutral,0,Not applicable,No directional setup; confirmation score not applicable.,Wide CPR,Wide Upside Watch,Unavailable,Wide CPR + close above CPR; trend unavailable; participation unavailable,None,0,No active J-Curve setup.
TERASOFT,EQ,TERA SOFTWARE LIMITED,310.7,317.3,302.95,314.75,26012,8163718.45,20260325,311.6666666666667,310.125,313.20833333333337,313.20833333333337,310.125,3.0833333333333712,0.9796134498279178,Wide,Bullish,Above CPR,Cash Only,Information Technology,False,False,0.3658536585365853,41,8699499.25,Inside,False,No setup,False,Neutral,0,Not applicable,No directional setup; confirmation score not applicable.,Wide CPR,Wide Upside Watch,Unavailable,Wide CPR + close above CPR; trend unavailable; participation unavailable,None,0,No active J-Curve setup.
EXCELINDUS,EQ,EXCEL INDUSTRIES LTD,860.4,924.8,859.95,905.75,33941,30457206.9,20260325,896.8333333333334,892.375,901.2916666666669,901.2916666666669,892.375,8.916666666666742,0.9844511914619644,Wide,Bullish,Above CPR,Cash Only,Diversified,False,False,0.95,60,6236677.675000001,Higher,False,No setup,False,Neutral,0,Not applicable,No directional setup; confirmation score not applicable.,Wide CPR,Wide Upside Watch,Unavailable,Wide CPR + close above CPR; trend unavailable; participation unavailable,None,0,No active J-Curve setup.
SADHNANIQ,EQ,SADHANA NITROCHEM LIMITED,1.27,1.39,1.27,1.35,56379598,76240383.84,20260325,1.336666666666667,1.33,1.3433333333333333,1.3433333333333333,1.33,0.0133333333333331,0.9876543209876444,Wide,Bullish,Above CPR,Cash Only,Diversified,False,False,0.6166666666666667,60,3373840.885,Outside,False,No setup,False,Neutral,0,Not applicable,No directional setup; confirmation score not applicable.,Wide CPR,Wide Upside Watch,Unavailable,Wide CPR + close above CPR; trend unavailable; participation unavailable,None,0,No active J-Curve setup.
ERIS,EQ,ERIS LIFESCIENCES LIMITED,1293.5,1350.6,1282.0,1336.1,48574,64424670.2,20260325,1322.9,1316.3,1329.4999999999998,1329.4999999999998,1316.3,13.199999999999818,0.9879500037422212,Wide,Bullish,Above CPR,Cash Only,Healthcare,False,False,0.9333333333333332,60,72743946.0,Higher,False,No setup,True,Neutral,0,Not applicable,No directional setup; confirmation score not applicable.,Wide CPR,Wide Upside Watch,Unavailable,Wide CPR + close above CPR; trend unavailable; participation unavailable,None,0,No active J-Curve setup.
DCI,EQ,DC INFOTECH AND COMUN LTD,291.15,299.95,288.75,298.8,36993,10911047.5,20260325,295.8333333333333,294.35,297.3166666666666,297.3166666666666,294.35,2.9666666666665837,0.9928603302096998,Wide,Bullish,Above CPR,Cash Only,Diversified,False,False,0.6833333333333333,60,2814705.44,Higher,False,No setup,False,Neutral,0,Not applicable,No directional setup; confirmation score not applicable.,Wide CPR,Wide Upside Watch,Unavailable,Wide CPR + close above CPR; trend unavailable; participation unavailable,None,0,No active J-Curve setup.
PHOENIXLTD,EQ,THE PHOENIX MILLS LTD,1530.0,1580.5,1516.5,1572.0,692165,1085134919.2,20260325,1556.3333333333333,1548.5,1564.1666666666663,1564.1666666666663,1548.5,15.666666666666517,0.9966072943172084,Wide,Bullish,Above CPR,Cash Only,Realty,False,False,0.95,60,748645202.6500001,Higher,False,No setup,True,Neutral,0,Not applicable,No directional setup; confirmation score not applicable.,Wide CPR,Wide Upside Watch,Unavailable,Wide CPR + close above CPR; trend unavailable; participation unavailable,None,0,No active J-Curve setup.
CARBORUNIV,EQ,CARBORUNDUM UNIVERSAL LTD,765.0,790.0,762.35,788.0,144350,113074448.05,20260325,780.1166666666667,776.175,784.0583333333334,784.0583333333334,776.175,7.883333333333439,1.0004230118443451,Wide,Bullish,Above CPR,Cash Only,Capital Goods,False,False,0.8833333333333333,60,89641591.475,Higher,False,No setup,True,Neutral,0,Not applicable,No directional setup; confirmation score not applicable.,Wide CPR,Wide Upside Watch,Unavailable,Wide CPR + close above CPR; trend unavailable; participation unavailable,None,0,No active J-Curve setup.
JKPAPER,EQ,JK PAPER LIMITED,322.0,340.7,322.0,336.4,242811,81411497.8,20260325,333.03333333333336,331.35,334.7166666666667,334.7166666666667,331.35,3.3666666666666742,1.000792707094731,Wide,Bullish,Above CPR,Cash Only,Paper & Packaging,False,False,0.8666666666666667,60,65905912.8,Higher,False,No setup,False,Neutral,0,Not applicable,No directional setup; confirmation score not applicable.,Wide CPR,Wide Upside Watch,Unavailable,Wide CPR + close above CPR; trend unavailable; participation unavailable,None,0,No active J-Curve setup.
WELCORP,EQ,WELSPUN CORP LIMITED,815.0,840.0,806.0,835.55,516432,429507304.9,20260325,827.1833333333334,823.0,831.3666666666668,831.3666666666668,823.0,8.366666666666788,1.0013364450561653,Wide,Bullish,Above CPR,Cash Only,Capital Goods,False,False,0.8,60,335370186.07500005,Higher,False,No setup,True,Neutral,0,Not applicable,No directional setup; confirmation score not applicable.,Wide CPR,Wide Upside Watch,Unavailable,Wide CPR + close above CPR; trend unavailable; participation unavailable,None,0,No active J-Curve setup.
TIMETECHNO,EQ,TIME TECHNOPLAST LTD.,163.39,169.99,162.6,168.84,3882707,649489803.49,20260325,167.14333333333337,166.29500000000002,167.99166666666667,167.99166666666667,166.29500000000002,1.6966666666666583,1.0048961541498806,Wide,Bullish,Above CPR,Cash Only,Information Technology,False,False,0.8166666666666667,60,394020899.85,Higher,False,No setup,False,Neutral,0,Not applicable,No directional setup; confirmation score not applicable.,Wide CPR,Wide Upside Watch,Unavailable,Wide CPR + close above CPR; trend unavailable; participation unavailable,None,0,No active J-Curve setup.
GLOSTERLTD,EQ,GLOSTER LIMITED,500.6,538.7,496.05,525.3,20608,10635625.25,20260325,520.0166666666667,517.375,522.6583333333333,522.6583333333333,517.375,5.283333333333303,1.0057744780760145,Wide,Bullish,Above CPR,Cash Only,Diversified,False,False,0.8666666666666667,60,871235.25,Higher,False,No setup,False,Neutral,0,Not applicable,No directional setup; confirmation score not applicable.,Wide CPR,Wide Upside Watch,Unavailable,Wide CPR + close above CPR; trend unavailable; participation unavailable,None,0,No active J-Curve setup.
ASIANHOTNR,EQ,ASIAN HOTELS (NORTH) LTD,287.45,300.0,287.45,298.25,4783,1414637.2,20260325,295.2333333333333,293.725,296.7416666666667,296.7416666666667,293.725,3.0166666666666515,1.0114557138865554,Wide,Bullish,Above CPR,Cash Only,Diversified,False,False,0.6333333333333333,60,5129064.949999999,Overlapping,False,No setup,False,Neutral,0,Not applicable,No directional setup; confirmation score not applicable.,Wide CPR,Wide Upside Watch,Unavailable,Wide CPR + close above CPR; trend unavailable; participation unavailable,None,0,No active J-Curve setup.
KALYANKJIL,EQ,KALYAN JEWELLERS IND LTD,375.4,397.25,374.5,391.85,7261892,2842482285.35,20260325,387.8666666666666,385.875,389.8583333333332,389.8583333333332,385.875,3.983333333333235,1.0165454468121051,Wide,Bullish,Above CPR,Cash Only,Consumer Durables,False,False,0.85,60,1499439262.65,Higher,False,No setup,True,Neutral,0,Not applicable,No directional setup; confirmation score not applicable.,Wide CPR,Wide Upside Watch,Unavailable,Wide CPR + close above CPR; trend unavailable; participation unavailable,None,0,No active J-Curve setup.
GPIL,EQ,GODAWARI POW & ISP LTD,266.0,281.5,264.55,277.3,5692892,1572124907.35,20260325,274.45,273.025,275.875,275.875,273.025,2.8500000000000227,1.027767760548151,Wide,Bullish,Above CPR,Cash Only,Capital Goods,False,False,0.7666666666666667,60,503844425.51,Higher,False,No setup,True,Neutral,0,Not applicable,No directional setup; confirmation score not applicable.,Wide CPR,Wide Upside Watch,Unavailable,Wide CPR + close above CPR; trend unavailable; participation unavailable,None,0,No active J-Curve setup.
MOTILALOFS,EQ,MOTILAL OSWAL FIN LTD,657.0,695.25,652.0,684.2,2005042,1366879444.95,20260325,677.15,673.625,680.675,680.675,673.625,7.0499999999999545,1.0304004676994964,Wide,Bullish,Above CPR,Cash Only,Financial Services,False,False,0.8166666666666667,60,597602513.125,Higher,False,No setup,True,Neutral,0,Not applicable,No directional setup; confirmation score not applicable.,Wide CPR,Wide Upside Watch,Unavailable,Wide CPR + close above CPR; trend unavailable; participation unavailable,None,0,No active J-Curve setup.
INDIGOPNTS,EQ,INDIGO PAINTS LIMITED,741.8,776.0,731.95,765.85,466653,350049249.95,20260325,757.9333333333334,753.975,761.8916666666668,761.8916666666668,753.975,7.9166666666667425,1.033709821331428,Wide,Bullish,Above CPR,Cash Only,Diversified,False,False,0.9333333333333332,60,83407112.8,Higher,False,No setup,False,Neutral,0,Not applicable,No directional setup; confirmation score not applicable.,Wide CPR,Wide Upside Watch,Unavailable,Wide CPR + close above CPR; trend unavailable; participation unavailable,None,0,No active J-Curve setup.
SHRIRAMFIN,EQ,SHRIRAM FINANCE LIMITED,919.0,965.0,917.3,956.0,14265748,13585340847.5,20260325,946.1,941.15,951.05,951.05,941.15,9.900000000000093,1.0355648535564947,Wide,Bullish,Above CPR,Cash Only,Financial Services,False,False,0.8666666666666667,60,5903544910.1,Higher,False,No setup,True,Neutral,0,Not applicable,No directional setup; confirmation score not applicable.,Wide CPR,Wide Upside Watch,Unavailable,Wide CPR + close above CPR; trend unavailable; participation unavailable,None,0,No active J-Curve setup.
DMART,EQ,AVENUE SUPERMARTS LIMITED,3780.0,3939.0,3761.0,3910.8,1335663,5215117042.0,20260325,3870.2666666666655,3850.0,3890.533333333333,3890.533333333333,3850.0,40.53333333333285,1.036446080938244,Wide,Bullish,Above CPR,Cash Only,Consumer Services,False,False,0.95,60,1522185913.75,Higher,False,No setup,True,Neutral,0,Not applicable,No directional setup; confirmation score not applicable.,Wide CPR,Wide Upside Watch,Unavailable,Wide CPR + close above CPR; trend unavailable; participation unavailable,None,0,No active J-Curve setup.
KAUSHALYA,EQ,KAUSHALYA INFRA DEV LTD.,789.95,817.0,776.4,809.3,347,276869.1,20260325,800.9,796.7,805.0999999999999,805.0999999999999,796.7,8.399999999999864,1.0379340170517564,Wide,Bullish,Above CPR,Cash Only,Diversified,False,False,0.8,60,236836.1,Higher,False,No setup,False,Neutral,0,Not applicable,No directional setup; confirmation score not applicable.,Wide CPR,Wide Upside Watch,Unavailable,Wide CPR + close above CPR; trend unavailable; participation unavailable,None,0,No active J-Curve setup.
CHOICEIN,EQ,CHOICE INTERNATIONAL LTD,630.0,658.5,626.95,652.95,1053361,682100550.35,20260325,646.1333333333333,642.725,649.5416666666666,649.5416666666666,642.725,6.816666666666606,1.0439798861576852,Wide,Bullish,Above CPR,Cash Only,Financial Services,False,False,0.8833333333333333,60,347530824.75,Higher,False,No setup,True,Neutral,0,Not applicable,No directional setup; confirmation score not applicable.,Wide CPR,Wide Upside Watch,Unavailable,Wide CPR + close above CPR; trend unavailable; participation unavailable,None,0,No active J-Curve setup.
AMANTA,EQ,AMANTA HEALTHCARE LIMITED,96.07,99.11,95.0,98.61,64669,6339071.6,20260325,97.57333333333334,97.055,98.09166666666668,98.09166666666668,97.055,1.0366666666666615,1.051279451036063,Wide,Bullish,Above CPR,Cash Only,Diversified,False,False,0.85,60,5247620.92,Higher,False,No setup,False,Neutral,0,Not applicable,No directional setup; confirmation score not applicable.,Wide CPR,Wide Upside Watch,Unavailable,Wide CPR + close above CPR; trend unavailable; participation unavailable,None,0,No active J-Curve setup.
SHREYANIND,EQ,SHREYANS INDUSTRIES LTD,137.31,149.4,137.31,145.66,7122,1023631.32,20260325,144.1233333333333,143.35500000000002,144.89166666666665,144.89166666666665,143.35500000000002,1.536666666666633,1.0549681907638564,Wide,Bullish,Above CPR,Cash Only,Diversified,False,False,0.7833333333333333,60,851193.9550000001,Higher,False,No setup,False,Neutral,0,Not applicable,No directional setup; confirmation score not applicable.,Wide CPR,Wide Upside Watch,Unavailable,Wide CPR + close above CPR; trend unavailable; participation unavailable,None,0,No active J-Curve setup.
APLLTD,EQ,ALEMBIC PHARMA LTD,675.0,699.0,667.2,694.15,270997,187492837.75,20260325,686.7833333333333,683.1,690.4666666666666,690.4666666666666,683.1,7.366666666666561,1.0612499699872593,Wide,Bullish,Above CPR,Cash Only,Diversified,False,False,0.9333333333333332,60,32601965.950000003,Higher,False,No setup,False,Neutral,0,Not applicable,No directional setup; confirmation score not applicable.,Wide CPR,Wide Upside Watch,Unavailable,Wide CPR + close above CPR; trend unavailable; participation unavailable,None,0,No active J-Curve setup.
MUTHOOTFIN,EQ,MUTHOOT FINANCE LIMITED,3219.9,3334.0,3200.2,3320.2,1080479,3549339880.2,20260325,3284.8,3267.1,3302.4999999999995,3302.4999999999995,3267.1,35.39999999999964,1.0662008312752136,Wide,Bullish,Above CPR,Cash Only,Financial Services,False,False,0.85,60,2489517943.35,Higher,False,No setup,True,Neutral,0,Not applicable,No directional setup; confirmation score not applicable.,Wide CPR,Wide Upside Watch,Unavailable,Wide CPR + close above CPR; trend unavailable; participation unavailable,None,0,No active J-Curve setup.
TIMKEN,EQ,TIMKEN INDIA LTD.,3200.0,3357.2,3154.3,3308.9,70713,233697035.1,20260325,3273.4666666666667,3255.75,3291.1833333333334,3291.1833333333334,3255.75,35.433333333333394,1.0708493255563298,Wide,Bullish,Above CPR,Cash Only,Capital Goods,False,False,0.8833333333333333,60,108107584.35,Higher,False,No setup,True,Neutral,0,Not applicable,No directional setup; confirmation score not applicable.,Wide CPR,Wide Upside Watch,Unavailable,Wide CPR + close above CPR; trend unavailable; participation unavailable,None,0,No active J-Curve setup.
TARACHAND,EQ,TARA CHAND INFRA SOLN LTD,55.78,58.75,55.78,58.2,109645,6346629.84,20260325,57.57666666666668,57.265,57.88833333333335,57.88833333333335,57.265,0.6233333333333491,1.0710194730813556,Wide,Bullish,Above CPR,Cash Only,Diversified,False,False,0.7666666666666667,60,5290122.61,Higher,False,No setup,False,Neutral,0,Not applicable,No directional setup; confirmation score not applicable.,Wide CPR,Wide Upside Watch,Unavailable,Wide CPR + close above CPR; trend unavailable; participation unavailable,None,0,No active J-Curve setup.
INDOAMIN,EQ,INDO AMINES LIMITED,88.0,93.1,88.0,92.03,135256,12403099.29,20260325,91.04333333333334,90.55,91.53666666666668,91.53666666666668,90.55,0.9866666666666788,1.072114165670628,Wide,Bullish,Above CPR,Cash Only,Diversified,False,False,0.9,60,5517409.085,Higher,False,No setup,False,Neutral,0,Not applicable,No directional setup; confirmation score not applicable.,Wide CPR,Wide Upside Watch,Unavailable,Wide CPR + close above CPR; trend unavailable; participation unavailable,None,0,No active J-Curve setup.
USHAMART,EQ,USHA MARTIN LTD.,399.9,419.1,395.55,414.0,440197,181342533.95,20260325,409.55,407.3250000000001,411.775,411.775,407.3250000000001,4.449999999999932,1.0748792270531236,Wide,Bullish,Above CPR,Cash Only,Capital Goods,False,False,0.9333333333333332,60,153162572.25,Higher,False,No setup,True,Neutral,0,Not applicable,No directional setup; confirmation score not applicable.,Wide CPR,Wide Upside Watch,Unavailable,Wide CPR + close above CPR; trend unavailable; participation unavailable,None,0,No active J-Curve setup.
SJS,EQ,SJS ENTERPRISES LIMITED,1588.0,1666.0,1588.0,1653.8,126724,209370139.2,20260325,1635.9333333333334,1627.0,1644.8666666666668,1644.8666666666668,1627.0,17.866666666666788,1.0803402265489652,Wide,Bullish,Above CPR,Cash Only,Diversified,False,False,0.7666666666666667,60,174345779.05,Higher,False,No setup,False,Neutral,0,Not applicable,No directional setup; confirmation score not applicable.,Wide CPR,Wide Upside Watch,Unavailable,Wide CPR + close above CPR; trend unavailable; participation unavailable,None,0,No active J-Curve setup.
SIKKO,EQ,SIKKO INDUSTRIES LIMITED,4.59,4.65,4.44,4.62,297805,1362637.18,20260325,4.57,4.545,4.595000000000001,4.595000000000001,4.545,0.0500000000000007,1.0822510822510976,Wide,Bullish,Above CPR,Cash Only,Diversified,False,False,0.6842105263157895,38,2171318.425,Higher,False,No setup,False,Neutral,0,Not applicable,No directional setup; confirmation score not applicable.,Wide CPR,Wide Upside Watch,Unavailable,Wide CPR + close above CPR; trend unavailable; participation unavailable,None,0,No active J-Curve setup.
NILKAMAL,EQ,NILKAMAL LIMITED,1135.0,1188.1,1082.0,1153.8,13749,16025430.2,20260325,1141.3,1135.05,1147.55,1147.55,1135.05,12.5,1.0833766684000694,Wide,Bullish,Above CPR,Cash Only,Diversified,False,False,0.9666666666666668,60,5675551.75,Higher,False,No setup,False,Neutral,0,Not applicable,No directional setup; confirmation score not applicable.,Wide CPR,Wide Upside Watch,Unavailable,Wide CPR + close above CPR; trend unavailable; participation unavailable,None,0,No active J-Curve setup.
SHIVALIK,EQ,SHIVALIK RASAYAN LIMITED,228.35,253.7,228.0,244.85,177632,43212834.35,20260325,242.1833333333333,240.85,243.51666666666665,243.51666666666665,240.85,2.6666666666666288,1.0891021713974387,Wide,Bullish,Above CPR,Cash Only,Diversified,False,False,0.7166666666666667,60,10976498.5,Higher,False,No setup,False,Neutral,0,Not applicable,No directional setup; confirmation score not applicable.,Wide CPR,Wide Upside Watch,Unavailable,Wide CPR + close above CPR; trend unavailable; participation unavailable,None,0,No active J-Curve setup.
LAXMIDENTL,EQ,LAXMI DENTAL LIMITED,166.35,175.0,166.35,173.51,227762,39117013.93,20260325,171.62,170.675,172.565,172.565,170.675,1.8899999999999864,1.0892743934067122,Wide,Bullish,Above CPR,Cash Only,Diversified,False,False,0.7,60,25711641.22,Higher,False,No setup,False,Neutral,0,Not applicable,No directional setup; confirmation score not applicable.,Wide CPR,Wide Upside Watch,Unavailable,Wide CPR + close above CPR; trend unavailable; participation unavailable,None,0,No active J-Curve setup.
NILASPACES,EQ,NILA SPACES LIMITED,12.3,12.86,12.3,12.79,1650679,20979604.73,20260325,12.65,12.58,12.72,12.72,12.58,0.1400000000000005,1.0946051602814744,Wide,Bullish,Above CPR,Cash Only,Diversified,False,False,0.7636363636363637,55,7529844.03,Higher,False,No setup,False,Neutral,0,Not applicable,No directional setup; confirmation score not applicable.,Wide CPR,Wide Upside Watch,Unavailable,Wide CPR + close above CPR; trend unavailable; participation unavailable,None,0,No active J-Curve setup.
MAZDA,EQ,MAZDA LIMITED,172.0,188.9,172.0,183.48,112874,20868787.99,20260325,181.46,180.45,182.47000000000003,182.47000000000003,180.45,2.0200000000000387,1.100937431872705,Wide,Bullish,Above CPR,Cash Only,Diversified,False,False,0.8,60,2701314.21,Higher,False,No setup,False,Neutral,0,Not applicable,No directional setup; confirmation score not applicable.,Wide CPR,Wide Upside Watch,Unavailable,Wide CPR + close above CPR; trend unavailable; participation unavailable,None,0,No active J-Curve setup.
COROMANDEL,EQ,COROMANDEL INTERNTL. LTD,1940.1,2027.0,1937.2,2015.4,232207,465834180.9,20260325,1993.2,1982.1,2004.3,2004.3,1982.1,22.200000000000276,1.1015183090205554,Wide,Bullish,Above CPR,Cash Only,Chemicals,False,False,0.9166666666666666,60,514355009.85,Higher,False,No setup,True,Neutral,0,Not applicable,No directional setup; confirmation score not applicable.,Wide CPR,Wide Upside Watch,Unavailable,Wide CPR + close above CPR; trend unavailable; participation unavailable,None,0,No active J-Curve setup.
ULTRACEMCO,EQ,ULTRATECH CEMENT LIMITED,10801.0,11236.0,10801.0,11204.0,456437,5083646157.0,20260325,11080.333333333334,11018.5,11142.166666666668,11142.166666666668,11018.5,123.66666666666788,1.1037724622158862,Wide,Bullish,Above CPR,Cash Only,Construction Materials,False,False,0.9333333333333332,60,3164115335.0,Higher,False,No setup,True,Neutral,0,Not applicable,No directional setup; confirmation score not applicable.,Wide CPR,Wide Upside Watch,Unavailable,Wide CPR + close above CPR; trend unavailable; participation unavailable,None,0,No active J-Curve setup.
SAATVIKGL,EQ,SAATVIK GREEN ENERGY LTD,369.9,381.25,364.55,379.2,146059,54641707.6,20260325,375.0,372.9,377.1,377.1,372.9,4.2000000000000455,1.1075949367088729,Wide,Bullish,Above CPR,Cash Only,Diversified,False,False,0.75,60,51732133.775,Higher,False,No setup,False,Neutral,0,Not applicable,No directional setup; confirmation score not applicable.,Wide CPR,Wide Upside Watch,Unavailable,Wide CPR + close above CPR; trend unavailable; participation unavailable,None,0,No active J-Curve setup.
TIINDIA,EQ,TUBE INVEST OF INDIA LTD,2581.4,2698.6,2576.3,2682.4,210018,558919895.6,20260325,2652.433333333333,2637.45,2667.416666666666,2667.416666666666,2637.45,29.96666666666624,1.1171587632965343,Wide,Bullish,Above CPR,Cash Only,Automobile and Auto Components,False,False,0.8666666666666667,60,1055374675.7,Higher,False,No setup,True,Neutral,0,Not applicable,No directional setup; confirmation score not applicable.,Wide CPR,Wide Upside Watch,Unavailable,Wide CPR + close above CPR; trend unavailable; participation unavailable,None,0,No active J-Curve setup.
MUTHOOTMF,EQ,MUTHOOT MICROFIN LIMITED,155.1,170.37,155.1,165.51,454878,75472840.59,20260325,163.66,162.735,164.58499999999998,164.58499999999998,162.735,1.849999999999966,1.1177572352123533,Wide,Bullish,Above CPR,Cash Only,Diversified,False,False,0.8,60,30144999.315,Higher,False,No setup,False,Neutral,0,Not applicable,No directional setup; confirmation score not applicable.,Wide CPR,Wide Upside Watch,Unavailable,Wide CPR + close above CPR; trend unavailable; participation unavailable,None,0,No active J-Curve setup.
TSFINV,EQ,TSF INVESTMENTS LIMITED,358.0,380.0,358.0,375.3,77047,28760518.8,20260325,371.1,369.0,373.19999999999993,373.19999999999993,369.0,4.199999999999932,1.1191047162270005,Wide,Bullish,Above CPR,Cash Only,Diversified,False,False,0.8666666666666667,60,35724857.974999994,Higher,False,No setup,False,Neutral,0,Not applicable,No directional setup; confirmation score not applicable.,Wide CPR,Wide Upside Watch,Unavailable,Wide CPR + close above CPR; trend unavailable; participation unavailable,None,0,No active J-Curve setup.
WORTHPERI,EQ,WORTH PERIPHERALS LIMITED,126.31,132.5,124.56,130.73,17144,2214969.39,20260325,129.26333333333332,128.53,129.99666666666664,129.99666666666664,128.53,1.46666666666664,1.1219051990106634,Wide,Bullish,Above CPR,Cash Only,Diversified,False,False,0.8,60,896851.6799999999,Higher,False,No setup,False,Neutral,0,Not applicable,No directional setup; confirmation score not applicable.,Wide CPR,Wide Upside Watch,Unavailable,Wide CPR + close above CPR; trend unavailable; participation unavailable,None,0,No active J-Curve setup.
SAIL,EQ,STEEL AUTHORITY OF INDIA,147.99,152.34,145.95,151.71,22905688,3446429064.21,20260325,150.0,149.14499999999998,150.85500000000002,150.85500000000002,149.14499999999998,1.7100000000000364,1.1271504844769864,Wide,Bullish,Above CPR,Cash Only,Metals & Mining,False,False,0.85,60,3291903428.1450005,Higher,False,No setup,True,Neutral,0,Not applicable,No directional setup; confirmation score not applicable.,Wide CPR,Wide Upside Watch,Unavailable,Wide CPR + close above CPR; trend unavailable; participation unavailable,None,0,No active J-Curve setup.
PIIND,EQ,PI INDUSTRIES LTD,2769.5,2943.0,2769.5,2905.4,224146,651030892.4,20260325,2872.633333333333,2856.25,2889.0166666666664,2889.0166666666664,2856.25,32.766666666666424,1.1277850439411583,Wide,Bullish,Above CPR,Cash Only,Chemicals,False,False,0.9333333333333332,60,551351258.8,Higher,False,No setup,True,Neutral,0,Not applicable,No directional setup; confirmation score not applicable.,Wide CPR,Wide Upside Watch,Unavailable,Wide CPR + close above CPR; trend unavailable; participation unavailable,None,0,No active J-Curve setup.
THELEELA,EQ,LEELA PALACES HOTEL LTD,399.8,417.0,398.45,414.75,840887,347162059.0,20260325,410.06666666666666,407.725,412.4083333333333,412.4083333333333,407.725,4.68333333333328,1.129194293751243,Wide,Bullish,Above CPR,Cash Only,Consumer Services,False,False,0.9166666666666666,60,102520730.7,Higher,False,No setup,True,Neutral,0,Not applicable,No directional setup; confirmation score not applicable.,Wide CPR,Wide Upside Watch,Unavailable,Wide CPR + close above CPR; trend unavailable; participation unavailable,None,0,No active J-Curve setup.
SIGIND,EQ,SIGNET INDUSTRIES LIMITED,44.88,47.02,43.1,45.84,25241,1128239.93,20260325,45.32,45.06,45.58,45.58,45.06,0.519999999999996,1.134380453752173,Wide,Bullish,Above CPR,Cash Only,Diversified,False,False,0.5666666666666667,60,547292.6699999999,Higher,False,No setup,False,Neutral,0,Not applicable,No directional setup; confirmation score not applicable.,Wide CPR,Wide Upside Watch,Unavailable,Wide CPR + close above CPR; trend unavailable; participation unavailable,None,0,No active J-Curve setup.
PRUDENT,EQ,PRUDENT CORP ADV SER LTD,2232.0,2352.9,2219.0,2325.6,47022,107251093.7,20260325,2299.1666666666665,2285.95,2312.383333333333,2312.383333333333,2285.95,26.433333333333398,1.1366242403394131,Wide,Bullish,Above CPR,Cash Only,Diversified,False,False,0.9166666666666666,60,74175989.30000001,Higher,False,No setup,False,Neutral,0,Not applicable,No directional setup; confirmation score not applicable.,Wide CPR,Wide Upside Watch,Unavailable,Wide CPR + close above CPR; trend unavailable; participation unavailable,None,0,No active J-Curve setup.
NIPPOBATRY,EQ,INDO-NATIONAL LIMITED,283.5,295.0,276.15,290.55,17994,5138644.55,20260325,287.2333333333333,285.575,288.8916666666667,288.8916666666667,285.575,3.31666666666672,1.141513222050153,Wide,Bullish,Above CPR,Cash Only,Diversified,False,False,0.8333333333333334,60,1371581.975,Overlapping,False,No setup,False,Neutral,0,Not applicable,No directional setup; confirmation score not applicable.,Wide CPR,Wide Upside Watch,Unavailable,Wide CPR + close above CPR; trend unavailable; participation unavailable,None,0,No active J-Curve setup.
GUFICBIO,EQ,GUFIC BIOSCIENCES LTD.,280.9,302.5,276.65,294.65,130237,38517075.4,20260325,291.26666666666665,289.575,292.9583333333333,292.9583333333333,289.575,3.3833333333333258,1.148254991798176,Wide,Bullish,Above CPR,Cash Only,Healthcare & Pharma,False,False,0.9333333333333332,60,11513447.975,Higher,False,No setup,False,Neutral,0,Not applicable,No directional setup; confirmation score not applicable.,Wide CPR,Wide Upside Watch,Unavailable,Wide CPR + close above CPR; trend unavailable; participation unavailable,None,0,No active J-Curve setup.
RELIGARE,EQ,RELIGARE ENTER. LTD.,218.1,227.76,217.47,226.52,5301622,1190510750.04,20260325,223.91666666666663,222.615,225.2183333333333,225.2183333333333,222.615,2.603333333333296,1.1492730590381848,Wide,Bullish,Above CPR,Cash Only,Diversified,False,False,0.7666666666666667,60,317923741.43,Higher,False,No setup,False,Neutral,0,Not applicable,No directional setup; confirmation score not applicable.,Wide CPR,Wide Upside Watch,Unavailable,Wide CPR + close above CPR; trend unavailable; participation unavailable,None,0,No active J-Curve setup.
ASTERDM,EQ,ASTER DM HEALTHCARE LTD.,636.05,654.0,627.5,652.0,700264,451146440.25,20260325,644.5,640.75,648.25,648.25,640.75,7.5,1.1503067484662577,Wide,Bullish,Above CPR,Cash Only,Healthcare,False,False,0.8666666666666667,60,396979922.3250001,Higher,False,No setup,True,Neutral,0,Not applicable,No directional setup; confirmation score not applicable.,Wide CPR,Wide Upside Watch,Unavailable,Wide CPR + close above CPR; trend unavailable; participation unavailable,None,0,No active J-Curve setup.
UNIPARTS,EQ,UNIPARTS INDIA LIMITED,452.05,476.5,452.05,472.45,73236,34495358.35,20260325,467.0,464.275,469.725,469.725,464.275,5.4500000000000455,1.1535612234098942,Wide,Bullish,Above CPR,Cash Only,Diversified,False,False,0.8666666666666667,60,27075358.925,Higher,False,No setup,False,Neutral,0,Not applicable,No directional setup; confirmation score not applicable.,Wide CPR,Wide Upside Watch,Unavailable,Wide CPR + close above CPR; trend unavailable; participation unavailable,None,0,No active J-Curve setup.
SUMICHEM,EQ,SUMITOMO CHEM INDIA LTD,379.15,388.5,372.15,387.05,276206,106568859.95,20260325,382.56666666666666,380.325,384.8083333333333,384.8083333333333,380.325,4.4833333333333485,1.1583344098523054,Wide,Bullish,Above CPR,Cash Only,Chemicals,False,False,0.9333333333333332,60,91694328.225,Higher,False,No setup,True,Neutral,0,Not applicable,No directional setup; confirmation score not applicable.,Wide CPR,Wide Upside Watch,Unavailable,Wide CPR + close above CPR; trend unavailable; participation unavailable,None,0,No active J-Curve setup.
IVC,EQ,IL&FS INVESTMENT MANAGERS,6.75,6.95,6.59,6.89,471986,3217164.7,20260325,6.81,6.77,6.85,6.85,6.77,0.08,1.1611030478955018,Wide,Bullish,Above CPR,Cash Only,Diversified,False,False,0.9833333333333332,60,1559516.5550000002,Higher,False,No setup,False,Neutral,0,Not applicable,No directional setup; confirmation score not applicable.,Wide CPR,Wide Upside Watch,Unavailable,Wide CPR + close above CPR; trend unavailable; participation unavailable,None,0,No active J-Curve setup.
RADICO,EQ,RADICO KHAITAN LTD,2653.7,2761.0,2637.3,2747.0,494679,1343485150.8,20260325,2715.1,2699.15,2731.05,2731.05,2699.15,31.89999999999964,1.1612668365489491,Wide,Bullish,Above CPR,Cash Only,Fast Moving Consumer Goods,False,False,0.8,60,1023878796.65,Higher,False,No setup,True,Neutral,0,Not applicable,No directional setup; confirmation score not applicable.,Wide CPR,Wide Upside Watch,Unavailable,Wide CPR + close above CPR; trend unavailable; participation unavailable,None,0,No active J-Curve setup.
LLOYDSENGG,EQ,LLOYDS ENGG WORK LIMITED,39.3,43.0,39.3,41.88,23357988,978933695.89,20260325,41.39333333333334,41.15,41.63666666666668,41.63666666666668,41.15,0.4866666666666788,1.1620503024514774,Wide,Bullish,Above CPR,Cash Only,Diversified,False,False,0.85,60,150323088.185,Higher,False,No setup,False,Neutral,0,Not applicable,No directional setup; confirmation score not applicable.,Wide CPR,Wide Upside Watch,Unavailable,Wide CPR + close above CPR; trend unavailable; participation unavailable,None,0,No active J-Curve setup.
SOUTHBANK,EQ,THE SOUTH INDIAN BANK LTD,35.35,37.35,35.34,36.99,25574757,939350597.93,20260325,36.56,36.345,36.775000000000006,36.775000000000006,36.345,0.4300000000000068,1.1624763449581152,Wide,Bullish,Above CPR,Cash Only,Banking,False,False,0.9,60,709735158.1800001,Higher,False,No setup,False,Neutral,0,Not applicable,No directional setup; confirmation score not applicable.,Wide CPR,Wide Upside Watch,Unavailable,Wide CPR + close above CPR; trend unavailable; participation unavailable,None,0,No active J-Curve setup.
DEEPAKFERT,EQ,DEEPAK FERTILIZERS & PETR,927.1,1038.6,924.6,999.05,6810763,6871679102.9,20260325,987.4166666666666,981.6,993.2333333333332,993.2333333333332,981.6,11.63333333333344,1.1644395509067054,Wide,Bullish,Above CPR,Cash Only,Chemicals,False,False,0.9,60,242116155.9,Higher,False,No setup,True,Neutral,0,Not applicable,No directional setup; confirmation score not applicable.,Wide CPR,Wide Upside Watch,Unavailable,Wide CPR + close above CPR; trend unavailable; participation unavailable,None,0,No active J-Curve setup.
ATLASCYCLE,EQ,ATLAS CYCLE (HARYANA) LTD,82.6,85.31,80.0,84.13,7036,586417.58,20260325,83.14666666666666,82.655,83.63833333333332,83.63833333333332,82.655,0.98333333333332,1.16882602321802,Wide,Bullish,Above CPR,Cash Only,Diversified,False,False,0.8166666666666667,60,478537.985,Higher,False,No setup,False,Neutral,0,Not applicable,No directional setup; confirmation score not applicable.,Wide CPR,Wide Upside Watch,Unavailable,Wide CPR + close above CPR; trend unavailable; participation unavailable,None,0,No active J-Curve setup.
ENDURANCE,EQ,ENDURANCE TECHNO. LTD.,2254.0,2355.6,2228.5,2333.1,89416,208091371.1,20260325,2305.7333333333336,2292.05,2319.416666666667,2319.416666666667,2292.05,27.366666666666788,1.172974440301178,Wide,Bullish,Above CPR,Cash Only,Automobile and Auto Components,False,False,0.9666666666666668,60,174913084.9,Higher,False,No setup,True,Neutral,0,Not applicable,No directional setup; confirmation score not applicable.,Wide CPR,Wide Upside Watch,Unavailable,Wide CPR + close above CPR; trend unavailable; participation unavailable,None,0,No active J-Curve setup.
ADVANCE,EQ,ADVANCE AGROLIFE LIMITED,91.0,98.99,90.01,96.2,638425,61570090.3,20260325,95.06666666666666,94.5,95.63333333333333,95.63333333333333,94.5,1.1333333333333258,1.1781011781011703,Wide,Bullish,Above CPR,Cash Only,Diversified,False,False,0.7833333333333333,60,42447471.535,Higher,False,No setup,False,Neutral,0,Not applicable,No directional setup; confirmation score not applicable.,Wide CPR,Wide Upside Watch,Unavailable,Wide CPR + close above CPR; trend unavailable; participation unavailable,None,0,No active J-Curve setup.
WEALTH,EQ,WEALTH FRST PORT. MG. LTD,885.1,958.0,875.3,933.2,4624,4250507.95,20260325,922.1666666666666,916.65,927.6833333333332,927.6833333333332,916.65,11.033333333333305,1.1823117588226857,Wide,Bullish,Above CPR,Cash Only,Diversified,False,False,0.8666666666666667,60,2298959.125,Higher,False,No setup,False,Neutral,0,Not applicable,No directional setup; confirmation score not applicable.,Wide CPR,Wide Upside Watch,Unavailable,Wide CPR + close above CPR; trend unavailable; participation unavailable,None,0,No active J-Curve setup.
RELTD,EQ,RAVINDRA ENERGY LIMITED,131.0,140.11,129.06,137.03,227152,30732559.85,20260325,135.4,134.585,136.215,136.215,134.585,1.6299999999999957,1.1895205429467968,Wide,Bullish,Above CPR,Cash Only,Diversified,False,False,0.8333333333333334,60,13132804.435,Higher,False,No setup,False,Neutral,0,Not applicable,No directional setup; confirmation score not applicable.,Wide CPR,Wide Upside Watch,Unavailable,Wide CPR + close above CPR; trend unavailable; participation unavailable,None,0,No active J-Curve setup.
SKIPPER,EQ,SKIPPER LIMITED,342.0,358.0,342.0,356.4,384705,136390137.1,20260325,352.1333333333334,350.0,354.2666666666668,354.2666666666668,350.0,4.266666666666765,1.197156752712336,Wide,Bullish,Above CPR,Cash Only,Diversified,False,False,0.8,60,108826295.3,Higher,False,No setup,False,Neutral,0,Not applicable,No directional setup; confirmation score not applicable.,Wide CPR,Wide Upside Watch,Unavailable,Wide CPR + close above CPR; trend unavailable; participation unavailable,None,0,No active J-Curve setup.
WELINV,EQ,WELSPUN INV & COMM LTD,1300.0,1318.0,1247.4,1306.2,704,906750.4,20260325,1290.5333333333335,1282.7,1298.366666666667,1298.366666666667,1282.7,15.66666666666697,1.1994079518195506,Wide,Bullish,Above CPR,Cash Only,Diversified,False,False,0.8333333333333334,60,760855.8,Higher,False,No setup,False,Neutral,0,Not applicable,No directional setup; confirmation score not applicable.,Wide CPR,Wide Upside Watch,Unavailable,Wide CPR + close above CPR; trend unavailable; participation unavailable,None,0,No active J-Curve setup.
IONEXCHANG,EQ,ION EXCHANGE (INDIA) LTD,331.4,347.65,331.4,345.75,268410,92306602.95,20260325,341.6,339.525,343.67499999999995,343.67499999999995,339.525,4.149999999999977,1.2002892263195886,Wide,Bullish,Above CPR,Cash Only,Diversified,False,False,0.8666666666666667,60,65284136.475,Higher,False,No setup,False,Neutral,0,Not applicable,No directional setup; confirmation score not applicable.,Wide CPR,Wide Upside Watch,Unavailable,Wide CPR + close above CPR; trend unavailable; participation unavailable,None,0,No active J-Curve setup.
KAJARIACER,EQ,KAJARIA CERAMICS LTD,909.65,955.15,904.05,946.65,307507,290538909.15,20260325,935.2833333333332,929.6,940.9666666666668,940.9666666666668,929.6,11.366666666666788,1.2007253648831973,Wide,Bullish,Above CPR,Cash Only,Consumer Durables,False,False,0.8833333333333333,60,200975696.375,Higher,False,No setup,True,Neutral,0,Not applicable,No directional setup; confirmation score not applicable.,Wide CPR,Wide Upside Watch,Unavailable,Wide CPR + close above CPR; trend unavailable; participation unavailable,None,0,No active J-Curve setup.
INOXGREEN,EQ,INOX GREEN ENERGY SER LTD,139.15,147.18,139.15,145.82,3178740,460654259.56,20260325,144.05,143.16500000000002,144.935,144.935,143.16500000000002,1.7699999999999818,1.213825264024127,Wide,Bullish,Above CPR,Cash Only,Diversified,False,False,0.8166666666666667,60,166131269.56,Higher,False,No setup,False,Neutral,0,Not applicable,No directional setup; confirmation score not applicable.,Wide CPR,Wide Upside Watch,Unavailable,Wide CPR + close above CPR; trend unavailable; participation unavailable,None,0,No active J-Curve setup.
INCREDIBLE,EQ,INCREDIBLE INDUSTRIES LTD,32.15,32.89,29.1,31.57,30723,942929.09,20260325,31.186666666666667,30.995,31.37833333333333,31.37833333333333,30.995,0.3833333333333328,1.2142329215499932,Wide,Bullish,Above CPR,Cash Only,Diversified,False,False,0.7,60,193740.325,Lower,False,No setup,False,Neutral,0,Not applicable,No directional setup; confirmation score not applicable.,Wide CPR,Wide Upside Watch,Unavailable,Wide CPR + close above CPR; trend unavailable; participation unavailable,None,0,No active J-Curve setup.
CAMPUS,EQ,CAMPUS ACTIVEWEAR LIMITED,221.3,236.75,221.3,233.3,574820,133506212.65,20260325,230.45,229.025,231.87500000000003,231.87500000000003,229.025,2.8500000000000227,1.2216030861551748,Wide,Bullish,Above CPR,Cash Only,Footwear,False,False,0.9833333333333332,60,51003211.45,Higher,False,No setup,False,Neutral,0,Not applicable,No directional setup; confirmation score not applicable.,Wide CPR,Wide Upside Watch,Unavailable,Wide CPR + close above CPR; trend unavailable; participation unavailable,None,0,No active J-Curve setup.
ANDHRSUGAR,EQ,ANDHRA SUGARS LTD,70.69,75.2,70.69,74.32,595289,43780389.07,20260325,73.40333333333332,72.945,73.86166666666665,73.86166666666665,72.945,0.9166666666666572,1.2334050950843074,Wide,Bullish,Above CPR,Cash Only,FMCG & Food Products,False,False,0.95,60,8515266.17,Higher,False,No setup,False,Neutral,0,Not applicable,No directional setup; confirmation score not applicable.,Wide CPR,Wide Upside Watch,Unavailable,Wide CPR + close above CPR; trend unavailable; participation unavailable,None,0,No active J-Curve setup.
KKCL,EQ,KEWAL KIRAN CLOTHING LTD,430.0,453.0,430.0,449.85,71409,31840865.1,20260325,444.2833333333333,441.5,447.0666666666666,447.0666666666666,441.5,5.566666666666606,1.237449520210427,Wide,Bullish,Above CPR,Cash Only,Diversified,False,False,0.9333333333333332,60,12950397.5,Higher,False,No setup,False,Neutral,0,Not applicable,No directional setup; confirmation score not applicable.,Wide CPR,Wide Upside Watch,Unavailable,Wide CPR + close above CPR; trend unavailable; participation unavailable,None,0,No active J-Curve setup.
RGL,EQ,RENAISSANCE GLOBAL LTD,94.9,101.64,94.01,99.68,2646106,262524158.94,20260325,98.44333333333334,97.825,99.06166666666668,99.06166666666668,97.825,1.2366666666666788,1.2406367041198625,Wide,Bullish,Above CPR,Cash Only,Diversified,False,False,0.7166666666666667,60,101054465.11,Higher,False,No setup,False,Neutral,0,Not applicable,No directional setup; confirmation score not applicable.,Wide CPR,Wide Upside Watch,Unavailable,Wide CPR + close above CPR; trend unavailable; participation unavailable,None,0,No active J-Curve setup.
HINDWAREAP,EQ,HINDWARE HME INOVATON LTD,174.0,194.9,174.0,187.95,879798,164135002.95,20260325,185.61666666666665,184.45,186.7833333333333,186.7833333333333,184.45,2.3333333333333144,1.2414649286157566,Wide,Bullish,Above CPR,Cash Only,Diversified,False,False,0.7833333333333333,60,21448680.85,Higher,False,No setup,False,Neutral,0,Not applicable,No directional setup; confirmation score not applicable.,Wide CPR,Wide Upside Watch,Unavailable,Wide CPR + close above CPR; trend unavailable; participation unavailable,None,0,No active J-Curve setup.
ZYDUSWELL,EQ,ZYDUS WELLNESS LIMITED,440.0,470.0,428.8,457.95,501735,226126202.15,20260325,452.25,449.4,455.1,455.1,449.4,5.7000000000000455,1.2446773665247397,Wide,Bullish,Above CPR,Cash Only,Fast Moving Consumer Goods,False,False,0.9,60,62309343.625,Higher,False,No setup,True,Neutral,0,Not applicable,No directional setup; confirmation score not applicable.,Wide CPR,Wide Upside Watch,Unavailable,Wide CPR + close above CPR; trend unavailable; participation unavailable,None,0,No active J-Curve setup.
GHCL,EQ,GHCL LIMITED,427.5,455.5,427.5,449.9,279538,125651739.05,20260325,444.3,441.5,447.1,447.1,441.5,5.600000000000023,1.2447210491220322,Wide,Bullish,Above CPR,Cash Only,Diversified,False,False,0.9833333333333332,60,49279294.0,Higher,False,No setup,False,Neutral,0,Not applicable,No directional setup; confirmation score not applicable.,Wide CPR,Wide Upside Watch,Unavailable,Wide CPR + close above CPR; trend unavailable; participation unavailable,None,0,No active J-Curve setup.
AGI,EQ,AGI GREENPAC LIMITED,489.0,515.0,485.9,510.05,340884,173486767.55,20260325,503.65,500.45,506.8500000000001,506.8500000000001,500.45,6.400000000000091,1.2547789432408765,Wide,Bullish,Above CPR,Cash Only,Diversified,False,False,0.8666666666666667,60,78699941.9,Higher,False,No setup,False,Neutral,0,Not applicable,No directional setup; confirmation score not applicable.,Wide CPR,Wide Upside Watch,Unavailable,Wide CPR + close above CPR; trend unavailable; participation unavailable,None,0,No active J-Curve setup.
CARRARO,EQ,CARRARO INDIA LIMITED,448.0,471.0,443.35,465.95,104918,48598676.4,20260325,460.1,457.175,463.0249999999999,463.0249999999999,457.175,5.849999999999909,1.255499517115551,Wide,Bullish,Above CPR,Cash Only,Diversified,False,False,0.8833333333333333,60,30792897.125,Higher,False,No setup,False,Neutral,0,Not applicable,No directional setup; confirmation score not applicable.,Wide CPR,Wide Upside Watch,Unavailable,Wide CPR + close above CPR; trend unavailable; participation unavailable,None,0,No active J-Curve setup.
NUVAMA,EQ,NUVAMA WEALTH MANAGE LTD,1156.0,1206.8,1149.9,1201.0,540971,641389273.4,20260325,1185.9,1178.35,1193.4499999999998,1193.4499999999998,1178.35,15.099999999999907,1.2572855953372115,Wide,Bullish,Above CPR,Cash Only,Financial Services,False,False,0.9833333333333332,60,435508226.1,Higher,False,No setup,True,Neutral,0,Not applicable,No directional setup; confirmation score not applicable.,Wide CPR,Wide Upside Watch,Unavailable,Wide CPR + close above CPR; trend unavailable; participation unavailable,None,0,No active J-Curve setup.
DEEDEV,EQ,DEE DEVELOPMENT ENG LTD,274.05,282.75,263.05,278.15,1317958,366628538.3,20260325,274.65,272.9,276.4,276.4,272.9,3.5,1.258313859428366,Wide,Bullish,Above CPR,Cash Only,Diversified,False,False,0.8,60,56585455.825,Higher,False,No setup,False,Neutral,0,Not applicable,No directional setup; confirmation score not applicable.,Wide CPR,Wide Upside Watch,Unavailable,Wide CPR + close above CPR; trend unavailable; participation unavailable,None,0,No active J-Curve setup.
BLUESTARCO,EQ,BLUE STAR LIMITED,1670.1,1754.9,1668.0,1744.6,902460,1569402465.7,20260325,1722.5,1711.45,1733.55,1733.55,1711.45,22.09999999999991,1.2667660208643765,Wide,Bullish,Above CPR,Cash Only,Consumer Durables,False,False,0.9333333333333332,60,771687677.8,Higher,False,No setup,True,Neutral,0,Not applicable,No directional setup; confirmation score not applicable.,Wide CPR,Wide Upside Watch,Unavailable,Wide CPR + close above CPR; trend unavailable; participation unavailable,None,0,No active J-Curve setup.
MAGNUM,EQ,MAGNUM VENTURES LTD.,16.53,19.0,16.53,18.11,197061,3532078.39,20260325,17.88,17.765,17.994999999999997,17.994999999999997,17.765,0.2299999999999968,1.270016565433445,Wide,Bullish,Above CPR,Cash Only,Diversified,False,False,0.8166666666666667,60,1150685.46,Higher,False,No setup,False,Neutral,0,Not applicable,No directional setup; confirmation score not applicable.,Wide CPR,Wide Upside Watch,Unavailable,Wide CPR + close above CPR; trend unavailable; participation unavailable,None,0,No active J-Curve setup.
DIAMONDYD,EQ,PRATAAP SNACKS LIMITED,875.3,914.0,863.0,905.8,26846,24233361.8,20260325,894.2666666666668,888.5,900.0333333333335,900.0333333333335,888.5,11.53333333333353,1.27327592551706,Wide,Bullish,Above CPR,Cash Only,Diversified,False,False,0.9666666666666668,60,29904989.25,Overlapping,False,No setup,False,Neutral,0,Not applicable,No directional setup; confirmation score not applicable.,Wide CPR,Wide Upside Watch,Unavailable,Wide CPR + close above CPR; trend unavailable; participation unavailable,None,0,No active J-Curve setup.
DALBHARAT,EQ,DALMIA BHARAT LIMITED,1820.0,1894.9,1801.1,1884.0,234444,437798601.6,20260325,1860.0,1848.0,1872.0,1872.0,1848.0,24.0,1.2738853503184715,Wide,Bullish,Above CPR,Cash Only,Construction Materials,False,False,0.9833333333333332,60,451855306.8,Higher,False,No setup,True,Neutral,0,Not applicable,No directional setup; confirmation score not applicable.,Wide CPR,Wide Upside Watch,Unavailable,Wide CPR + close above CPR; trend unavailable; participation unavailable,None,0,No active J-Curve setup.
VENUSPIPES,EQ,VENUS PIPES & TUBES LTD,945.3,996.8,942.6,988.6,99385,97327207.4,20260325,976.0,969.7,982.3,982.3,969.7,12.599999999999907,1.2745296378717286,Wide,Bullish,Above CPR,Cash Only,Building Materials,False,False,0.85,60,59685470.6,Higher,False,No setup,False,Neutral,0,Not applicable,No directional setup; confirmation score not applicable.,Wide CPR,Wide Upside Watch,Unavailable,Wide CPR + close above CPR; trend unavailable; participation unavailable,None,0,No active J-Curve setup.
ZEEL,EQ,ZEE ENTERTAINMENT ENT LTD,72.01,77.28,71.72,75.96,27827877,2116054089.08,20260325,74.98666666666666,74.5,75.47333333333333,75.47333333333333,74.5,0.9733333333333292,1.2813761628927451,Wide,Bullish,Above CPR,Cash Only,Media Entertainment & Publication,False,False,0.9,60,634184220.01,Higher,False,No setup,True,Neutral,0,Not applicable,No directional setup; confirmation score not applicable.,Wide CPR,Wide Upside Watch,Unavailable,Wide CPR + close above CPR; trend unavailable; participation unavailable,None,0,No active J-Curve setup.
TVVISION,EQ,TV VISION LIMITED,5.24,5.59,5.1,5.45,24208,131604.46,20260325,5.38,5.345,5.415,5.415,5.345,0.0700000000000002,1.2844036697247758,Wide,Bullish,Above CPR,Cash Only,Diversified,False,False,0.725,40,171534.22,Higher,False,No setup,False,Neutral,0,Not applicable,No directional setup; confirmation score not applicable.,Wide CPR,Wide Upside Watch,Unavailable,Wide CPR + close above CPR; trend unavailable; participation unavailable,None,0,No active J-Curve setup.
KIRLOSENG,EQ,KIRLOSKAR OIL ENG LTD,1330.0,1400.9,1330.0,1392.4,221144,306621058.2,20260325,1374.4333333333334,1365.45,1383.4166666666667,1383.4166666666667,1365.45,17.966666666666697,1.2903380254716097,Wide,Bullish,Above CPR,Cash Only,Capital Goods,False,False,0.85,60,331461744.25,Higher,False,No setup,True,Neutral,0,Not applicable,No directional setup; confirmation score not applicable.,Wide CPR,Wide Upside Watch,Unavailable,Wide CPR + close above CPR; trend unavailable; participation unavailable,None,0,No active J-Curve setup.
IXIGO,EQ,LE TRAVENUES TECHNOLOGY L,174.9,182.74,172.82,181.29,1272766,227096215.11,20260325,178.95000000000002,177.78,180.12000000000003,180.12000000000003,177.78,2.340000000000032,1.2907496276683943,Wide,Bullish,Above CPR,Cash Only,Diversified,False,False,0.8666666666666667,60,316422539.025,Higher,False,No setup,False,Neutral,0,Not applicable,No directional setup; confirmation score not applicable.,Wide CPR,Wide Upside Watch,Unavailable,Wide CPR + close above CPR; trend unavailable; participation unavailable,None,0,No active J-Curve setup.
KPIL,EQ,KALPATARU PROJECT INT LTD,1063.9,1119.0,1057.9,1110.0,209356,230116879.1,20260325,1095.6333333333334,1088.45,1102.8166666666668,1102.8166666666668,1088.45,14.366666666666788,1.2942942942943052,Wide,Bullish,Above CPR,Cash Only,Construction,False,False,0.95,60,141716534.4,Higher,False,No setup,True,Neutral,0,Not applicable,No directional setup; confirmation score not applicable.,Wide CPR,Wide Upside Watch,Unavailable,Wide CPR + close above CPR; trend unavailable; participation unavailable,None,0,No active J-Curve setup.
WEWORK,EQ,WEWORK INDIA MANAGEMENT L,440.4,461.85,440.4,460.15,224716,102252740.3,20260325,454.1333333333334,451.125,457.1416666666668,457.1416666666668,451.125,6.016666666666765,1.3075446412401968,Wide,Bullish,Above CPR,Cash Only,Diversified,False,False,0.9166666666666666,60,50383169.400000006,Higher,False,No setup,False,Neutral,0,Not applicable,No directional setup; confirmation score not applicable.,Wide CPR,Wide Upside Watch,Unavailable,Wide CPR + close above CPR; trend unavailable; participation unavailable,None,0,No active J-Curve setup.
FMGOETZE,EQ,FEDERAL-MOGUL GOETZE (IND,375.0,415.0,373.85,402.35,524748,208990073.75,20260325,397.06666666666666,394.425,399.7083333333333,399.7083333333333,394.425,5.283333333333303,1.313118760614714,Wide,Bullish,Above CPR,Cash Only,Diversified,False,False,0.9,60,19521961.475,Higher,False,No setup,False,Neutral,0,Not applicable,No directional setup; confirmation score not applicable.,Wide CPR,Wide Upside Watch,Unavailable,Wide CPR + close above CPR; trend unavailable; participation unavailable,None,0,No active J-Curve setup.
ANUP,EQ,THE ANUP ENGINEERING LTD,1659.9,1736.7,1625.3,1714.8,95034,161724613.7,20260325,1692.2666666666669,1681.0,1703.5333333333333,1703.5333333333333,1681.0,22.533333333333303,1.31405022937563,Wide,Bullish,Above CPR,Cash Only,Diversified,False,False,0.8166666666666667,60,65769216.45,Higher,False,No setup,False,Neutral,0,Not applicable,No directional setup; confirmation score not applicable.,Wide CPR,Wide Upside Watch,Unavailable,Wide CPR + close above CPR; trend unavailable; participation unavailable,None,0,No active J-Curve setup.
ATAM,EQ,ATAM VALVES LIMITED,53.92,55.01,48.5,52.8,126748,6476896.53,20260325,52.10333333333333,51.755,52.45166666666667,52.45166666666667,51.755,0.6966666666666725,1.3194444444444555,Wide,Bullish,Above CPR,Cash Only,Diversified,False,False,0.8333333333333334,60,803027.5449999999,Lower,False,No setup,False,Neutral,0,Not applicable,No directional setup; confirmation score not applicable.,Wide CPR,Wide Upside Watch,Unavailable,Wide CPR + close above CPR; trend unavailable; participation unavailable,None,0,No active J-Curve setup.
BALRAMCHIN,EQ,BALRAMPUR CHINI MILLS LTD,485.0,514.0,482.7,508.5,1900267,960319668.85,20260325,501.73333333333335,498.35,505.1166666666667,505.1166666666667,498.35,6.766666666666652,1.3307112422156642,Wide,Bullish,Above CPR,Cash Only,Fast Moving Consumer Goods,False,False,0.9166666666666666,60,122219839.375,Higher,False,No setup,True,Neutral,0,Not applicable,No directional setup; confirmation score not applicable.,Wide CPR,Wide Upside Watch,Unavailable,Wide CPR + close above CPR; trend unavailable; participation unavailable,None,0,No active J-Curve setup.
SHYAMTEL,EQ,SHYAM TELECOM LIMITED,8.72,8.72,7.86,8.46,16172,133039.25,20260325,8.346666666666668,8.290000000000001,8.403333333333334,8.403333333333334,8.290000000000001,0.1133333333333332,1.339637509850275,Wide,Bullish,Above CPR,Cash Only,Diversified,False,False,0.6,60,46396.435,Overlapping,False,No setup,False,Neutral,0,Not applicable,No directional setup; confirmation score not applicable.,Wide CPR,Wide Upside Watch,Unavailable,Wide CPR + close above CPR; trend unavailable; participation unavailable,None,0,No active J-Curve setup.
TCC,EQ,TCC CONCEPT LIMITED,354.0,375.0,354.0,372.05,8145,2961340.55,20260325,367.01666666666665,364.5,369.5333333333333,369.5333333333333,364.5,5.033333333333303,1.352864758321006,Wide,Bullish,Above CPR,Cash Only,Diversified,False,False,0.65,20,7709854.05,Higher,False,No setup,False,Neutral,0,Not applicable,No directional setup; confirmation score not applicable.,Wide CPR,Wide Upside Watch,Unavailable,Wide CPR + close above CPR; trend unavailable; participation unavailable,None,0,No active J-Curve setup.
DANGEE,EQ,DANGEE DUMS LIMITED,2.62,3.14,2.6,2.93,428197,1266705.76,20260325,2.89,2.87,2.91,2.91,2.87,0.04,1.3651877133105812,Wide,Bullish,Above CPR,Cash Only,Diversified,False,False,0.7166666666666667,60,271870.585,Higher,False,No setup,False,Neutral,0,Not applicable,No directional setup; confirmation score not applicable.,Wide CPR,Wide Upside Watch,Unavailable,Wide CPR + close above CPR; trend unavailable; participation unavailable,None,0,No active J-Curve setup.
DEEPINDS,EQ,DEEP INDUSTRIES LIMITED,398.0,438.0,398.0,426.75,1071062,454941399.0,20260325,420.9166666666667,418.0,423.83333333333337,423.83333333333337,418.0,5.833333333333371,1.366920523335295,Wide,Bullish,Above CPR,Cash Only,Diversified,False,False,0.8,60,67955128.7,Higher,False,No setup,False,Neutral,0,Not applicable,No directional setup; confirmation score not applicable.,Wide CPR,Wide Upside Watch,Unavailable,Wide CPR + close above CPR; trend unavailable; participation unavailable,None,0,No active J-Curve setup.
CIGNITITEC,EQ,CIGNITI TECHNOLOGIES LTD,1097.2,1138.0,1084.9,1134.9,109761,123026927.4,20260325,1119.2666666666669,1111.45,1127.0833333333333,1127.0833333333333,1111.45,15.633333333333212,1.3775075630745626,Wide,Bullish,Above CPR,Cash Only,Diversified,False,False,0.9666666666666668,60,100065365.35,Higher,False,No setup,False,Neutral,0,Not applicable,No directional setup; confirmation score not applicable.,Wide CPR,Wide Upside Watch,Unavailable,Wide CPR + close above CPR; trend unavailable; participation unavailable,None,0,No active J-Curve setup.
TPHQ,EQ,TEAMO PRODUCTIONS HQ LTD,0.47,0.48,0.46,0.48,655527,311300.29,20260325,0.4733333333333333,0.47,0.4766666666666667,0.4766666666666667,0.47,0.0066666666666667,1.3888888888888975,Wide,Bullish,Above CPR,Cash Only,Diversified,False,False,0.65,60,1077573.79,Overlapping,False,No setup,False,Neutral,0,Not applicable,No directional setup; confirmation score not applicable.,Wide CPR,Wide Upside Watch,Unavailable,Wide CPR + close above CPR; trend unavailable; participation unavailable,None,0,No active J-Curve setup.
RAJOOENG,EQ,RAJOO ENGINEERS LIMITED,51.0,55.85,50.7,54.41,1700380,91841570.9,20260325,53.653333333333336,53.275000000000006,54.031666666666666,54.031666666666666,53.275000000000006,0.7566666666666606,1.3906757336273858,Wide,Bullish,Above CPR,Cash Only,Diversified,False,False,0.9166666666666666,60,40032123.625,Higher,False,No setup,False,Neutral,0,Not applicable,No directional setup; confirmation score not applicable.,Wide CPR,Wide Upside Watch,Unavailable,Wide CPR + close above CPR; trend unavailable; participation unavailable,None,0,No active J-Curve setup.
MAHSEAMLES,EQ,MAHARASHTRA SEAMLESS LTD,560.0,581.8,553.5,579.75,307404,175641488.2,20260325,571.6833333333333,567.65,575.7166666666666,575.7166666666666,567.65,8.066666666666606,1.3914043409515493,Wide,Bullish,Above CPR,Cash Only,Diversified,False,False,1.0,60,67196094.875,Higher,False,No setup,False,Neutral,0,Not applicable,No directional setup; confirmation score not applicable.,Wide CPR,Wide Upside Watch,Unavailable,Wide CPR + close above CPR; trend unavailable; participation unavailable,None,0,No active J-Curve setup.
SGMART,EQ,SG MART LIMITED,464.95,484.25,457.8,481.15,354529,168173365.35,20260325,474.3999999999999,471.025,477.7749999999999,477.7749999999999,471.025,6.749999999999886,1.402888911981687,Wide,Bullish,Above CPR,Cash Only,Consumer & Retail,False,False,0.9166666666666666,60,71217666.225,Higher,False,No setup,False,Neutral,0,Not applicable,No directional setup; confirmation score not applicable.,Wide CPR,Wide Upside Watch,Unavailable,Wide CPR + close above CPR; trend unavailable; participation unavailable,None,0,No active J-Curve setup.
COFORGE,EQ,COFORGE LIMITED,1130.0,1165.7,1110.2,1163.1,4460380,5121994976.5,20260325,1146.3333333333333,1137.95,1154.7166666666665,1154.7166666666665,1137.95,16.766666666666424,1.4415498810649492,Wide,Bullish,Above CPR,Cash Only,Information Technology,False,False,0.95,60,3556097697.15,Higher,False,No setup,True,Neutral,0,Not applicable,No directional setup; confirmation score not applicable.,Wide CPR,Wide Upside Watch,Unavailable,Wide CPR + close above CPR; trend unavailable; participation unavailable,None,0,No active J-Curve setup.
UJJIVANSFB,EQ,UJJIVAN SMALL FINANC BANK,52.63,54.75,51.87,54.49,13872762,748967902.81,20260325,53.70333333333334,53.31,54.09666666666668,54.09666666666668,53.31,0.786666666666676,1.4436899736954965,Wide,Bullish,Above CPR,Cash Only,Diversified,False,False,0.8666666666666667,60,770740543.4549999,Higher,False,No setup,False,Neutral,0,Not applicable,No directional setup; confirmation score not applicable.,Wide CPR,Wide Upside Watch,Unavailable,Wide CPR + close above CPR; trend unavailable; participation unavailable,None,0,No active J-Curve setup.
IKIO,EQ,IKIO TECHNOLOGIES LIMITED,108.42,119.0,108.42,116.23,395940,45421104.92,20260325,114.55,113.71,115.39,115.39,113.71,1.6800000000000068,1.4454099630043935,Wide,Bullish,Above CPR,Cash Only,Diversified,False,False,0.9166666666666666,60,11886846.795,Higher,False,No setup,False,Neutral,0,Not applicable,No directional setup; confirmation score not applicable.,Wide CPR,Wide Upside Watch,Unavailable,Wide CPR + close above CPR; trend unavailable; participation unavailable,None,0,No active J-Curve setup.
WSI,EQ,W.S.INDUSTRIES (I) LTD.,67.54,71.83,67.54,71.23,103870,7303408.24,20260325,70.2,69.685,70.715,70.715,69.685,1.0300000000000011,1.4460199354204704,Wide,Bullish,Above CPR,Cash Only,Diversified,False,False,0.8833333333333333,60,10114482.02,Overlapping,False,No setup,False,Neutral,0,Not applicable,No directional setup; confirmation score not applicable.,Wide CPR,Wide Upside Watch,Unavailable,Wide CPR + close above CPR; trend unavailable; participation unavailable,None,0,No active J-Curve setup.
INDOSTAR,EQ,INDOSTAR CAPITAL FIN LTD,184.79,200.76,184.79,197.05,607706,119450414.63,20260325,194.2,192.775,195.62499999999997,195.62499999999997,192.775,2.849999999999966,1.4463334179142175,Wide,Bullish,Above CPR,Cash Only,Diversified,False,False,0.9,60,25858422.575,Higher,False,No setup,False,Neutral,0,Not applicable,No directional setup; confirmation score not applicable.,Wide CPR,Wide Upside Watch,Unavailable,Wide CPR + close above CPR; trend unavailable; participation unavailable,None,0,No active J-Curve setup.
BLISSGVS,EQ,BLISS GVS PHARMA LTD,208.0,232.0,206.35,224.08,10438681,2351342523.07,20260325,220.81000000000003,219.175,222.44500000000005,222.44500000000005,219.175,3.2700000000000387,1.4593002499107632,Wide,Bullish,Above CPR,Cash Only,Diversified,False,False,0.8166666666666667,60,302184157.83000004,Higher,False,No setup,False,Neutral,0,Not applicable,No directional setup; confirmation score not applicable.,Wide CPR,Wide Upside Watch,Unavailable,Wide CPR + close above CPR; trend unavailable; participation unavailable,None,0,No active J-Curve setup.
KALYANIFRG,EQ,KALYANI FORGE LIMITED,564.0,586.0,554.4,583.0,1098,631711.7,20260325,574.4666666666667,570.2,578.7333333333333,578.7333333333333,570.2,8.533333333333303,1.463693539165232,Wide,Bullish,Above CPR,Cash Only,Diversified,False,False,0.8666666666666667,60,726442.025,Higher,False,No setup,False,Neutral,0,Not applicable,No directional setup; confirmation score not applicable.,Wide CPR,Wide Upside Watch,Unavailable,Wide CPR + close above CPR; trend unavailable; participation unavailable,None,0,No active J-Curve setup.
TAJGVK,EQ,TAJ GVK HOTELS & RESORTS,296.3,315.55,296.3,312.8,357889,110638591.4,20260325,308.2166666666667,305.925,310.5083333333334,310.5083333333334,305.925,4.583333333333371,1.4652600170503105,Wide,Bullish,Above CPR,Cash Only,Diversified,False,False,0.95,60,52767662.2,Higher,False,No setup,False,Neutral,0,Not applicable,No directional setup; confirmation score not applicable.,Wide CPR,Wide Upside Watch,Unavailable,Wide CPR + close above CPR; trend unavailable; participation unavailable,None,0,No active J-Curve setup.
MASKINVEST,EQ,MASK INVESTMENTS LIMITED,125.61,136.9,125.61,134.21,241,31358.47,20260325,132.24,131.255,133.22500000000002,133.22500000000002,131.255,1.9700000000000275,1.4678488935250928,Wide,Bullish,Above CPR,Cash Only,Diversified,False,False,0.5,40,29924.99,Overlapping,False,No setup,False,Neutral,0,Not applicable,No directional setup; confirmation score not applicable.,Wide CPR,Wide Upside Watch,Unavailable,Wide CPR + close above CPR; trend unavailable; participation unavailable,None,0,No active J-Curve setup.
UNIMECH,EQ,UNIMECH AEROSPACE N MFG L,743.5,800.45,739.05,787.2,227986,176912381.25,20260325,775.5666666666666,769.75,781.3833333333332,781.3833333333332,769.75,11.633333333333212,1.4778116531165155,Wide,Bullish,Above CPR,Cash Only,Diversified,False,False,0.9333333333333332,60,46086788.225,Higher,False,No setup,False,Neutral,0,Not applicable,No directional setup; confirmation score not applicable.,Wide CPR,Wide Upside Watch,Unavailable,Wide CPR + close above CPR; trend unavailable; participation unavailable,None,0,No active J-Curve setup.
GATEWAY,EQ,GATEWAY DISTRIPARKS LTD,52.0,55.71,52.0,55.08,4421501,240274184.38,20260325,54.26333333333334,53.855,54.67166666666668,54.67166666666668,53.855,0.8166666666666771,1.4826918421689852,Wide,Bullish,Above CPR,Cash Only,Diversified,False,False,0.9833333333333332,60,43585929.03,Higher,False,No setup,False,Neutral,0,Not applicable,No directional setup; confirmation score not applicable.,Wide CPR,Wide Upside Watch,Unavailable,Wide CPR + close above CPR; trend unavailable; participation unavailable,None,0,No active J-Curve setup.
BLUSPRING,EQ,BLUSPRING ENTERPRISES LTD,49.99,55.9,49.36,53.83,2467717,132217171.6,20260325,53.03,52.63,53.42999999999999,53.42999999999999,52.63,0.7999999999999972,1.4861601337544068,Wide,Bullish,Above CPR,Cash Only,Diversified,False,False,0.85,60,9583801.35,Higher,False,No setup,False,Neutral,0,Not applicable,No directional setup; confirmation score not applicable.,Wide CPR,Wide Upside Watch,Unavailable,Wide CPR + close above CPR; trend unavailable; participation unavailable,None,0,No active J-Curve setup.
WHEELS,EQ,WHEELS INDIA LTD,1039.9,1099.0,1030.55,1089.55,179152,192161221.2,20260325,1073.0333333333335,1064.775,1081.291666666667,1081.291666666667,1064.775,16.51666666666688,1.5159163569057756,Wide,Bullish,Above CPR,Cash Only,Automobile & Ancillary,False,False,0.9333333333333332,60,30920883.075000003,Higher,False,No setup,False,Neutral,0,Not applicable,No directional setup; confirmation score not applicable.,Wide CPR,Wide Upside Watch,Unavailable,Wide CPR + close above CPR; trend unavailable; participation unavailable,None,0,No active J-Curve setup.
VISASTEEL,EQ,VISA STEEL LIMITED,27.8,29.19,27.8,29.16,33275,963139.59,20260325,28.71666666666667,28.495,28.938333333333336,28.938333333333336,28.495,0.4433333333333351,1.5203475080018352,Wide,Bullish,Above CPR,Cash Only,Metals & Mining,False,False,0.6739130434782609,46,560339.4750000001,Overlapping,False,No setup,False,Neutral,0,Not applicable,No directional setup; confirmation score not applicable.,Wide CPR,Wide Upside Watch,Unavailable,Wide CPR + close above CPR; trend unavailable; participation unavailable,None,0,No active J-Curve setup.
FISCHER,EQ,FISCHER MEDICAL VENTURE L,35.16,37.09,35.16,36.97,1391450,51171364.45,20260325,36.406666666666666,36.125,36.68833333333333,36.68833333333333,36.125,0.5633333333333326,1.5237580019835884,Wide,Bullish,Above CPR,Cash Only,Diversified,False,False,0.8166666666666667,60,45501269.465,Higher,False,No setup,False,Neutral,0,Not applicable,No directional setup; confirmation score not applicable.,Wide CPR,Wide Upside Watch,Unavailable,Wide CPR + close above CPR; trend unavailable; participation unavailable,None,0,No active J-Curve setup.
MALUPAPER,EQ,MALU PAPER MILLS LIMITED,29.96,33.35,29.95,32.4,18622,600106.3,20260325,31.899999999999995,31.65,32.14999999999999,32.14999999999999,31.65,0.4999999999999929,1.543209876543188,Wide,Bullish,Above CPR,Cash Only,Paper & Packaging,False,False,0.95,60,218149.035,Higher,False,No setup,False,Neutral,0,Not applicable,No directional setup; confirmation score not applicable.,Wide CPR,Wide Upside Watch,Unavailable,Wide CPR + close above CPR; trend unavailable; participation unavailable,None,0,No active J-Curve setup.
TIL,EQ,TIL LTD,169.5,184.0,169.5,180.94,221293,38730723.79,20260325,178.14666666666668,176.75,179.54333333333335,179.54333333333335,176.75,2.7933333333333508,1.5437898382521007,Wide,Bullish,Above CPR,Cash Only,Diversified,False,False,0.8,60,5647942.74,Higher,False,No setup,False,Neutral,0,Not applicable,No directional setup; confirmation score not applicable.,Wide CPR,Wide Upside Watch,Unavailable,Wide CPR + close above CPR; trend unavailable; participation unavailable,None,0,No active J-Curve setup.
CEMPRO,EQ,CEMINDIA PROJECTS LIMITED,538.1,566.15,534.15,563.25,382512,213200776.3,20260325,554.5166666666667,550.15,558.8833333333333,558.8833333333333,550.15,8.733333333333348,1.5505252256250952,Wide,Bullish,Above CPR,Cash Only,Construction,False,False,0.9666666666666668,60,163466663.7,Higher,False,No setup,True,Neutral,0,Not applicable,No directional setup; confirmation score not applicable.,Wide CPR,Wide Upside Watch,Unavailable,Wide CPR + close above CPR; trend unavailable; participation unavailable,None,0,No active J-Curve setup.
SILLYMONKS,EQ,SILLY MONKS ENTERTAIN LTD,15.5,16.33,15.5,16.3,210873,3434775.9,20260325,16.043333333333333,15.915,16.171666666666667,16.171666666666667,15.915,0.2566666666666677,1.5746421267893724,Wide,Bullish,Above CPR,Cash Only,Diversified,False,False,0.6129032258064516,31,171144.06,Higher,False,No setup,False,Neutral,0,Not applicable,No directional setup; confirmation score not applicable.,Wide CPR,Wide Upside Watch,Unavailable,Wide CPR + close above CPR; trend unavailable; participation unavailable,None,0,No active J-Curve setup.
AFFLE,EQ,AFFLE 3I LIMITED,1320.0,1410.7,1310.0,1393.7,621200,862226889.1,20260325,1371.4666666666665,1360.35,1382.583333333333,1382.583333333333,1360.35,22.23333333333312,1.5952739709645634,Wide,Bullish,Above CPR,Cash Only,Information Technology,False,False,0.9666666666666668,60,329565132.85,Higher,False,No setup,True,Neutral,0,Not applicable,No directional setup; confirmation score not applicable.,Wide CPR,Wide Upside Watch,Unavailable,Wide CPR + close above CPR; trend unavailable; participation unavailable,None,0,No active J-Curve setup.
DIGITIDE,EQ,DIGITIDE SOLUTIONS LTD,74.25,86.0,74.25,82.1,2712030,224242151.65,20260325,80.78333333333333,80.125,81.44166666666666,81.44166666666666,80.125,1.3166666666666629,1.6037352821762034,Wide,Bullish,Above CPR,Cash Only,Diversified,False,False,0.8333333333333334,60,26494792.085,Higher,False,No setup,False,Neutral,0,Not applicable,No directional setup; confirmation score not applicable.,Wide CPR,Wide Upside Watch,Unavailable,Wide CPR + close above CPR; trend unavailable; participation unavailable,None,0,No active J-Curve setup.
MONEYBOXX,EQ,MONEYBOXX FINANCE LIMITED,62.8,69.89,62.65,67.92,125124,8207454.24,20260325,66.82,66.27,67.36999999999999,67.36999999999999,66.27,1.0999999999999943,1.61955241460541,Wide,Bullish,Above CPR,Cash Only,Diversified,False,False,0.7166666666666667,60,2885596.285,Higher,False,No setup,False,Neutral,0,Not applicable,No directional setup; confirmation score not applicable.,Wide CPR,Wide Upside Watch,Unavailable,Wide CPR + close above CPR; trend unavailable; participation unavailable,None,0,No active J-Curve setup.
SANGHVIMOV,EQ,SANGHVI MOVERS LTD,253.3,269.3,250.05,266.15,507730,133968972.2,20260325,261.8333333333333,259.675,263.9916666666666,263.9916666666666,259.675,4.316666666666606,1.6218924165570567,Wide,Bullish,Above CPR,Cash Only,Diversified,False,False,0.9,60,59581339.775,Higher,False,No setup,False,Neutral,0,Not applicable,No directional setup; confirmation score not applicable.,Wide CPR,Wide Upside Watch,Unavailable,Wide CPR + close above CPR; trend unavailable; participation unavailable,None,0,No active J-Curve setup.
DCMSHRIRAM,EQ,DCM SHRIRAM LIMITED,1079.5,1124.9,1060.0,1119.7,57178,63633679.1,20260325,1101.5333333333335,1092.45,1110.616666666667,1110.616666666667,1092.45,18.16666666666697,1.6224583965943526,Wide,Bullish,Above CPR,Cash Only,Diversified,False,False,0.9833333333333332,60,44638311.400000006,Higher,False,No setup,True,Neutral,0,Not applicable,No directional setup; confirmation score not applicable.,Wide CPR,Wide Upside Watch,Unavailable,Wide CPR + close above CPR; trend unavailable; participation unavailable,None,0,No active J-Curve setup.
ORIENTBELL,EQ,ORIENT BELL LIMITED,261.2,283.3,261.2,279.1,19337,5258871.4,20260325,274.53333333333336,272.25,276.8166666666667,276.8166666666667,272.25,4.56666666666672,1.6362116326287062,Wide,Bullish,Above CPR,Cash Only,Diversified,False,False,0.8333333333333334,60,2773596.625,Higher,False,No setup,False,Neutral,0,Not applicable,No directional setup; confirmation score not applicable.,Wide CPR,Wide Upside Watch,Unavailable,Wide CPR + close above CPR; trend unavailable; participation unavailable,None,0,No active J-Curve setup.
MUKTAARTS,EQ,MUKTA ARTS LIMITED,38.73,43.88,38.73,42.36,23053,958098.14,20260325,41.656666666666666,41.305,42.00833333333333,42.00833333333333,41.305,0.7033333333333331,1.660371419578218,Wide,Bullish,Above CPR,Cash Only,Diversified,False,False,0.8,60,356624.21,Higher,False,No setup,False,Neutral,0,Not applicable,No directional setup; confirmation score not applicable.,Wide CPR,Wide Upside Watch,Unavailable,Wide CPR + close above CPR; trend unavailable; participation unavailable,None,0,No active J-Curve setup.
GATECHDVR,EQ,GACM TECHNOLOGIES LIMITED,0.37,0.41,0.37,0.4,463955,186604.71,20260325,0.3933333333333333,0.39,0.3966666666666667,0.3966666666666667,0.39,0.0066666666666667,1.6666666666666774,Wide,Bullish,Above CPR,Cash Only,Information Technology,False,False,0.8333333333333334,60,307788.905,Higher,False,No setup,False,Neutral,0,Not applicable,No directional setup; confirmation score not applicable.,Wide CPR,Wide Upside Watch,Unavailable,Wide CPR + close above CPR; trend unavailable; participation unavailable,None,0,No active J-Curve setup.
PALREDTEC,EQ,PALRED TECHNOLOGIES LTD,30.03,30.36,27.51,29.68,17024,509353.21,20260325,29.183333333333337,28.935,29.431666666666672,29.431666666666672,28.935,0.4966666666666697,1.6734052111410702,Wide,Bullish,Above CPR,Cash Only,Diversified,False,False,0.6666666666666666,60,270353.665,Higher,False,No setup,False,Neutral,0,Not applicable,No directional setup; confirmation score not applicable.,Wide CPR,Wide Upside Watch,Unavailable,Wide CPR + close above CPR; trend unavailable; participation unavailable,None,0,No active J-Curve setup.
NACLIND,EQ,NACL INDUSTRIES LIMITED,127.0,133.73,126.99,133.73,793346,105512855.64,20260325,131.48333333333332,130.36,132.60666666666663,132.60666666666663,130.36,2.2466666666666697,1.6800019940676512,Wide,Bullish,Above CPR,Cash Only,Diversified,False,False,0.8333333333333334,60,32191371.49,Higher,False,No setup,False,Neutral,0,Not applicable,No directional setup; confirmation score not applicable.,Wide CPR,Wide Upside Watch,Unavailable,Wide CPR + close above CPR; trend unavailable; participation unavailable,None,0,No active J-Curve setup.
JSFB,EQ,JANA SMALL FIN BANK LTD,360.05,386.0,360.05,382.7,560716,211460295.9,20260325,376.25,373.025,379.475,379.475,373.025,6.4500000000000455,1.6853932584269784,Wide,Bullish,Above CPR,Cash Only,Diversified,False,False,0.9833333333333332,60,117667751.9,Higher,False,No setup,False,Neutral,0,Not applicable,No directional setup; confirmation score not applicable.,Wide CPR,Wide Upside Watch,Unavailable,Wide CPR + close above CPR; trend unavailable; participation unavailable,None,0,No active J-Curve setup.
UEL,EQ,UJAAS ENERGY LIMITED,136.1,147.0,136.1,145.24,13018,1882230.88,20260325,142.78,141.55,144.01,144.01,141.55,2.4599999999999795,1.6937482787110845,Wide,Bullish,Above CPR,Cash Only,Diversified,False,False,0.8108108108108109,37,1669697.41,Higher,False,No setup,False,Neutral,0,Not applicable,No directional setup; confirmation score not applicable.,Wide CPR,Wide Upside Watch,Unavailable,Wide CPR + close above CPR; trend unavailable; participation unavailable,None,0,No active J-Curve setup.
IITL,EQ,INDUSTRIAL INV TRUST LTD,130.03,134.96,125.06,133.41,31400,4190475.03,20260325,131.14333333333332,130.01,132.27666666666664,132.27666666666664,130.01,2.2666666666666515,1.6990230617394884,Wide,Bullish,Above CPR,Cash Only,Diversified,False,False,0.8166666666666667,60,1984645.16,Overlapping,False,No setup,False,Neutral,0,Not applicable,No directional setup; confirmation score not applicable.,Wide CPR,Wide Upside Watch,Unavailable,Wide CPR + close above CPR; trend unavailable; participation unavailable,None,0,No active J-Curve setup.
GVT&D,EQ,GE VERNOVA T&D INDIA LTD,3569.0,3772.9,3561.0,3763.4,808920,3007509822.4,20260325,3699.1,3666.95,3731.25,3731.25,3666.95,64.30000000000018,1.7085614072381403,Wide,Bullish,Above CPR,Cash Only,Capital Goods,False,False,0.9333333333333332,60,1998267727.6,Higher,False,No setup,True,Neutral,0,Not applicable,No directional setup; confirmation score not applicable.,Wide CPR,Wide Upside Watch,Unavailable,Wide CPR + close above CPR; trend unavailable; participation unavailable,None,0,No active J-Curve setup.
CUB,EQ,CITY UNION BANK LTD,235.5,257.0,235.5,252.95,5782925,1448098296.35,20260325,248.48333333333332,246.25,250.7166666666667,250.7166666666667,246.25,4.466666666666697,1.765829874151689,Wide,Bullish,Above CPR,Cash Only,Financial Services,False,False,0.9833333333333332,60,549832739.575,Higher,False,No setup,True,Neutral,0,Not applicable,No directional setup; confirmation score not applicable.,Wide CPR,Wide Upside Watch,Unavailable,Wide CPR + close above CPR; trend unavailable; participation unavailable,None,0,No active J-Curve setup.
DALMIASUG,EQ,DALMIA BHARAT SUG IN LTD,311.0,335.0,308.55,330.55,281122,91757096.55,20260325,324.7,321.775,327.625,327.625,321.775,5.850000000000023,1.7697776433217434,Wide,Bullish,Above CPR,Cash Only,Diversified,False,False,0.9833333333333332,60,17200100.45,Higher,False,No setup,False,Neutral,0,Not applicable,No directional setup; confirmation score not applicable.,Wide CPR,Wide Upside Watch,Unavailable,Wide CPR + close above CPR; trend unavailable; participation unavailable,None,0,No active J-Curve setup.
BIRLACORPN,EQ,BIRLA CORPORATION LTD,826.9,927.6,826.9,901.2,565046,508692880.8,20260325,885.2333333333332,877.25,893.2166666666665,893.2166666666665,877.25,15.96666666666647,1.7717117916851384,Wide,Bullish,Above CPR,Cash Only,Diversified,False,False,1.0,60,65949400.45,Higher,False,No setup,False,Neutral,0,Not applicable,No directional setup; confirmation score not applicable.,Wide CPR,Wide Upside Watch,Unavailable,Wide CPR + close above CPR; trend unavailable; participation unavailable,None,0,No active J-Curve setup.
SGFIN,EQ,SG FINSERVE LIMITED,416.0,433.0,404.0,430.0,383083,162443608.65,20260325,422.3333333333333,418.5,426.1666666666666,426.1666666666666,418.5,7.666666666666629,1.7829457364341,Wide,Bullish,Above CPR,Cash Only,Diversified,False,False,0.9333333333333332,60,47881264.45,Higher,False,No setup,False,Neutral,0,Not applicable,No directional setup; confirmation score not applicable.,Wide CPR,Wide Upside Watch,Unavailable,Wide CPR + close above CPR; trend unavailable; participation unavailable,None,0,No active J-Curve setup.
CPPLUS,EQ,ADITYA INFOTECH LIMITED,1700.0,1840.7,1681.3,1809.4,824974,1492566436.9,20260325,1777.1333333333332,1761.0,1793.2666666666664,1793.2666666666664,1761.0,32.266666666666424,1.7832799086253135,Wide,Bullish,Above CPR,Cash Only,Capital Goods,False,False,0.9666666666666668,60,200868845.05,Higher,False,No setup,True,Neutral,0,Not applicable,No directional setup; confirmation score not applicable.,Wide CPR,Wide Upside Watch,Unavailable,Wide CPR + close above CPR; trend unavailable; participation unavailable,None,0,No active J-Curve setup.
EMAMIREAL,EQ,EMAMI REALTY LIMITED,56.0,60.0,53.21,58.19,47020,2712402.11,20260325,57.13333333333333,56.605,57.66166666666666,57.66166666666666,56.605,1.0566666666666578,1.815890473735449,Wide,Bullish,Above CPR,Cash Only,Diversified,False,False,0.8833333333333333,60,857031.46,Higher,False,No setup,False,Neutral,0,Not applicable,No directional setup; confirmation score not applicable.,Wide CPR,Wide Upside Watch,Unavailable,Wide CPR + close above CPR; trend unavailable; participation unavailable,None,0,No active J-Curve setup.
ZOTA,EQ,ZOTA HEALTH CARE LIMITED,1060.5,1144.5,1055.1,1130.8,82538,91818404.1,20260325,1110.1333333333332,1099.8,1120.4666666666665,1120.4666666666665,1099.8,20.666666666666515,1.8276146680815808,Wide,Bullish,Above CPR,Cash Only,Diversified,False,False,0.9833333333333332,60,55316628.1,Higher,False,No setup,False,Neutral,0,Not applicable,No directional setup; confirmation score not applicable.,Wide CPR,Wide Upside Watch,Unavailable,Wide CPR + close above CPR; trend unavailable; participation unavailable,None,0,No active J-Curve setup.
BALKRISIND,EQ,BALKRISHNA IND. LTD,2079.0,2229.0,2064.1,2207.8,187325,406050123.9,20260325,2166.9666666666667,2146.55,2187.383333333333,2187.383333333333,2146.55,40.83333333333303,1.8495032762629329,Wide,Bullish,Above CPR,Cash Only,Automobile and Auto Components,False,False,0.9833333333333332,60,337516144.75,Higher,False,No setup,True,Neutral,0,Not applicable,No directional setup; confirmation score not applicable.,Wide CPR,Wide Upside Watch,Unavailable,Wide CPR + close above CPR; trend unavailable; participation unavailable,None,0,No active J-Curve setup.
GNA,EQ,GNA AXLES LIMITED,372.0,398.3,372.0,396.15,91734,35904639.15,20260325,388.8166666666666,385.15,392.4833333333332,392.4833333333332,385.15,7.3333333333332575,1.8511506584206128,Wide,Bullish,Above CPR,Cash Only,Diversified,False,False,0.9166666666666666,60,30287037.55,Higher,False,No setup,False,Neutral,0,Not applicable,No directional setup; confirmation score not applicable.,Wide CPR,Wide Upside Watch,Unavailable,Wide CPR + close above CPR; trend unavailable; participation unavailable,None,0,No active J-Curve setup.
AVANTIFEED,EQ,AVANTI FEEDS LIMITED,1185.0,1272.0,1184.4,1263.4,698485,870522236.8,20260325,1239.9333333333334,1228.2,1251.6666666666667,1251.6666666666667,1228.2,23.466666666666697,1.8574217719381587,Wide,Bullish,Above CPR,Cash Only,Diversified,False,False,0.8666666666666667,60,701027072.95,Higher,False,No setup,False,Neutral,0,Not applicable,No directional setup; confirmation score not applicable.,Wide CPR,Wide Upside Watch,Unavailable,Wide CPR + close above CPR; trend unavailable; participation unavailable,None,0,No active J-Curve setup.
INDIASHLTR,EQ,INDIA SHELTER FIN CORP L,711.3,765.0,700.0,753.8,195164,143315905.85,20260325,739.6,732.5,746.7,746.7,732.5,14.200000000000044,1.8837888033961323,Wide,Bullish,Above CPR,Cash Only,Diversified,False,False,0.95,60,98647937.525,Higher,False,No setup,False,Neutral,0,Not applicable,No directional setup; confirmation score not applicable.,Wide CPR,Wide Upside Watch,Unavailable,Wide CPR + close above CPR; trend unavailable; participation unavailable,None,0,No active J-Curve setup.
TRIVENI,EQ,TRIVENI ENGG. & INDS. LTD,373.1,419.6,372.05,407.4,15847413,6432671574.45,20260325,399.6833333333334,395.8250000000001,403.54166666666674,403.54166666666674,395.8250000000001,7.716666666666697,1.8941253477336024,Wide,Bullish,Above CPR,Cash Only,Diversified,False,False,0.95,60,85741145.69999999,Higher,False,No setup,False,Neutral,0,Not applicable,No directional setup; confirmation score not applicable.,Wide CPR,Wide Upside Watch,Unavailable,Wide CPR + close above CPR; trend unavailable; participation unavailable,None,0,No active J-Curve setup.
AIIL,EQ,AUTHUM INVEST & INFRA LTD,496.1,527.25,496.1,526.7,733675,382261487.3,20260325,516.6833333333334,511.675,521.6916666666668,521.6916666666668,511.675,10.016666666666822,1.9017783684577216,Wide,Bullish,Above CPR,Cash Only,Financial Services,False,False,0.95,60,220640724.7,Higher,False,No setup,True,Neutral,0,Not applicable,No directional setup; confirmation score not applicable.,Wide CPR,Wide Upside Watch,Unavailable,Wide CPR + close above CPR; trend unavailable; participation unavailable,None,0,No active J-Curve setup.
AERONEU,EQ,AEROFLEX NEU LIMITED,79.9,80.99,71.0,78.25,104320,8177015.69,20260325,76.74666666666667,75.995,77.49833333333333,77.49833333333333,75.995,1.5033333333333303,1.9211927582534571,Wide,Bullish,Above CPR,Cash Only,Diversified,False,False,0.95,60,1859336.84,Higher,False,No setup,False,Neutral,0,Not applicable,No directional setup; confirmation score not applicable.,Wide CPR,Wide Upside Watch,Unavailable,Wide CPR + close above CPR; trend unavailable; participation unavailable,None,0,No active J-Curve setup.
KANSAINER,EQ,KANSAI NEROLAC PAINTS LTD,161.77,175.32,161.77,173.61,1117577,190814486.84,20260325,170.23333333333335,168.54500000000002,171.92166666666668,171.92166666666668,168.54500000000002,3.376666666666665,1.944972447823665,Wide,Bullish,Above CPR,Cash Only,Diversified,False,False,1.0,60,66491341.205,Higher,False,No setup,False,Neutral,0,Not applicable,No directional setup; confirmation score not applicable.,Wide CPR,Wide Upside Watch,Unavailable,Wide CPR + close above CPR; trend unavailable; participation unavailable,None,0,No active J-Curve setup.
TEXINFRA,EQ,TEXMACO INFRA & HOLDG LTD,92.02,98.4,91.14,97.63,296629,28599406.57,20260325,95.72333333333334,94.77,96.67666666666668,96.67666666666668,94.77,1.9066666666666665,1.952951620062139,Wide,Bullish,Above CPR,Cash Only,Real Estate & Infra,False,False,0.9833333333333332,60,8260169.814999999,Higher,False,No setup,False,Neutral,0,Not applicable,No directional setup; confirmation score not applicable.,Wide CPR,Wide Upside Watch,Unavailable,Wide CPR + close above CPR; trend unavailable; participation unavailable,None,0,No active J-Curve setup.
DMCC,EQ,DMCC SPECIALITY CHEMICALS,210.23,222.0,205.5,220.23,73557,15733781.34,20260325,215.91,213.75,218.07,218.07,213.75,4.319999999999993,1.96158561503882,Wide,Bullish,Above CPR,Cash Only,Diversified,False,False,0.9166666666666666,60,4354316.785,Higher,False,No setup,False,Neutral,0,Not applicable,No directional setup; confirmation score not applicable.,Wide CPR,Wide Upside Watch,Unavailable,Wide CPR + close above CPR; trend unavailable; participation unavailable,None,0,No active J-Curve setup.
SUNCLAY,EQ,SUNDARAM CLAYTON LIMITED,1306.0,1400.5,1291.0,1386.6,32054,43969972.7,20260325,1359.3666666666666,1345.75,1372.9833333333331,1372.9833333333331,1345.75,27.23333333333312,1.9640367325352028,Wide,Bullish,Above CPR,Cash Only,Diversified,False,False,0.95,60,16435034.65,Higher,False,No setup,False,Neutral,0,Not applicable,No directional setup; confirmation score not applicable.,Wide CPR,Wide Upside Watch,Unavailable,Wide CPR + close above CPR; trend unavailable; participation unavailable,None,0,No active J-Curve setup.
MBLINFRA,EQ,MBL INFRASTRUCTURE LTD,20.99,22.94,19.86,22.06,866713,18575470.97,20260325,21.62,21.4,21.840000000000003,21.840000000000003,21.4,0.4400000000000048,1.9945602901178825,Wide,Bullish,Above CPR,Cash Only,Real Estate & Infra,False,False,0.8833333333333333,60,2018567.23,Higher,False,No setup,False,Neutral,0,Not applicable,No directional setup; confirmation score not applicable.,Wide CPR,Wide Upside Watch,Unavailable,Wide CPR + close above CPR; trend unavailable; participation unavailable,None,0,No active J-Curve setup.
DWARKESH,EQ,DWARIKESH SUGAR IND LTD,38.44,41.21,38.08,40.89,2406694,97137615.88,20260325,40.06,39.645,40.475,40.475,39.645,0.8299999999999983,2.0298361457569047,Wide,Bullish,Above CPR,Cash Only,Diversified,False,False,0.9833333333333332,60,18589858.015,Higher,False,No setup,False,Neutral,0,Not applicable,No directional setup; confirmation score not applicable.,Wide CPR,Wide Upside Watch,Unavailable,Wide CPR + close above CPR; trend unavailable; participation unavailable,None,0,No active J-Curve setup.
ASKAUTOLTD,EQ,ASK AUTOMOTIVE LIMITED,419.8,448.05,413.2,444.15,519056,225676497.05,20260325,435.1333333333334,430.625,439.6416666666668,439.6416666666668,430.625,9.016666666666763,2.0300949378963784,Wide,Bullish,Above CPR,Cash Only,Automobile & Ancillary,False,False,1.0,60,54834851.075,Higher,False,No setup,False,Neutral,0,Not applicable,No directional setup; confirmation score not applicable.,Wide CPR,Wide Upside Watch,Unavailable,Wide CPR + close above CPR; trend unavailable; participation unavailable,None,0,No active J-Curve setup.
RPGLIFE,EQ,RPG LIFE SCIENCES LTD,1790.2,1934.0,1790.2,1921.5,14701,27691351.6,20260325,1881.9,1862.1,1901.7,1901.7,1862.1,39.59999999999991,2.060889929742384,Wide,Bullish,Above CPR,Cash Only,Diversified,False,False,0.9833333333333332,60,14301290.1,Higher,False,No setup,False,Neutral,0,Not applicable,No directional setup; confirmation score not applicable.,Wide CPR,Wide Upside Watch,Unavailable,Wide CPR + close above CPR; trend unavailable; participation unavailable,None,0,No active J-Curve setup.
IRIS,EQ,IRIS REGTECH SOLUTION LTD,226.85,236.95,219.6,235.57,41212,9523004.06,20260325,230.70666666666665,228.275,233.1383333333333,233.1383333333333,228.275,4.863333333333287,2.0644960450538217,Wide,Bullish,Above CPR,Cash Only,Diversified,False,False,0.9166666666666666,60,5789378.65,Higher,False,No setup,False,Neutral,0,Not applicable,No directional setup; confirmation score not applicable.,Wide CPR,Wide Upside Watch,Unavailable,Wide CPR + close above CPR; trend unavailable; participation unavailable,None,0,No active J-Curve setup.
PIGL,EQ,POWER INSTRUMENT (G) LTD,99.0,108.98,99.0,107.4,127084,13573607.02,20260325,105.12666666666668,103.99,106.26333333333332,106.26333333333332,103.99,2.273333333333312,2.116697703289862,Wide,Bullish,Above CPR,Cash Only,Diversified,False,False,0.95,60,5596622.695,Higher,False,No setup,False,Neutral,0,Not applicable,No directional setup; confirmation score not applicable.,Wide CPR,Wide Upside Watch,Unavailable,Wide CPR + close above CPR; trend unavailable; participation unavailable,None,0,No active J-Curve setup.
SAGCEM,EQ,SAGAR CEMENTS LIMITED,152.1,165.9,152.0,164.2,280588,45241896.42,20260325,160.7,158.95,162.45,162.45,158.95,3.5,2.131546894031669,Wide,Bullish,Above CPR,Cash Only,Diversified,False,False,0.9833333333333332,60,11758470.09,Higher,False,No setup,False,Neutral,0,Not applicable,No directional setup; confirmation score not applicable.,Wide CPR,Wide Upside Watch,Unavailable,Wide CPR + close above CPR; trend unavailable; participation unavailable,None,0,No active J-Curve setup.
PVSL,EQ,POPULAR VEHICLES N SER L,85.67,98.7,85.67,95.23,462225,43605599.35,20260325,93.2,92.185,94.215,94.215,92.185,2.030000000000001,2.131681192901398,Wide,Bullish,Above CPR,Cash Only,Diversified,False,False,0.9333333333333332,60,6051956.949999999,Higher,False,No setup,False,Neutral,0,Not applicable,No directional setup; confirmation score not applicable.,Wide CPR,Wide Upside Watch,Unavailable,Wide CPR + close above CPR; trend unavailable; participation unavailable,None,0,No active J-Curve setup.
SEPC,EQ,SEPC LIMITED,5.31,5.62,5.26,5.62,28219301,157033846.14,20260325,5.5,5.44,5.5600000000000005,5.5600000000000005,5.44,0.120000000000001,2.135231316725996,Wide,Bullish,Above CPR,Cash Only,Diversified,False,False,0.9,60,153510007.28,Higher,False,No setup,False,Neutral,0,Not applicable,No directional setup; confirmation score not applicable.,Wide CPR,Wide Upside Watch,Unavailable,Wide CPR + close above CPR; trend unavailable; participation unavailable,None,0,No active J-Curve setup.
BCONCEPTS,EQ,BRAND CONCEPTS LIMITED,214.9,244.0,214.05,236.7,30830,7115227.6,20260325,231.58333333333331,229.025,234.14166666666668,234.14166666666668,229.025,5.116666666666674,2.1616673707928493,Wide,Bullish,Above CPR,Cash Only,Diversified,False,False,0.8833333333333333,60,2358651.1,Higher,False,No setup,False,Neutral,0,Not applicable,No directional setup; confirmation score not applicable.,Wide CPR,Wide Upside Watch,Unavailable,Wide CPR + close above CPR; trend unavailable; participation unavailable,None,0,No active J-Curve setup.
TNTELE,EQ,TAMILNADU TELECOMMUNICATI,8.56,9.4,8.15,9.07,15411,139451.93,20260325,8.873333333333333,8.775,8.971666666666666,8.971666666666666,8.775,0.1966666666666654,2.1683204704152748,Wide,Bullish,Above CPR,Cash Only,Diversified,False,False,0.9333333333333332,60,150238.34,Higher,False,No setup,False,Neutral,0,Not applicable,No directional setup; confirmation score not applicable.,Wide CPR,Wide Upside Watch,Unavailable,Wide CPR + close above CPR; trend unavailable; participation unavailable,None,0,No active J-Curve setup.
LOKESHMACH,EQ,LOKESH MACHINES LTD,190.25,207.0,183.2,201.67,330042,64370641.55,20260325,197.29,195.1,199.48,199.48,195.1,4.379999999999996,2.1718649278524302,Wide,Bullish,Above CPR,Cash Only,Diversified,False,False,0.95,60,10731120.0,Overlapping,False,No setup,False,Neutral,0,Not applicable,No directional setup; confirmation score not applicable.,Wide CPR,Wide Upside Watch,Unavailable,Wide CPR + close above CPR; trend unavailable; participation unavailable,None,0,No active J-Curve setup.
MANOMAY,EQ,MANOMAY TEX INDIA LTD,220.5,234.93,213.01,231.55,146451,32853722.33,20260325,226.49666666666667,223.97,229.0233333333333,229.0233333333333,223.97,5.053333333333342,2.182394011372637,Wide,Bullish,Above CPR,Cash Only,Diversified,False,False,0.8947368421052632,38,14725364.9,Higher,False,No setup,False,Neutral,0,Not applicable,No directional setup; confirmation score not applicable.,Wide CPR,Wide Upside Watch,Unavailable,Wide CPR + close above CPR; trend unavailable; participation unavailable,None,0,No active J-Curve setup.
VCL,EQ,VAXTEX COTFAB LIMITED,1.3,1.36,1.27,1.36,280369,378728.59,20260325,1.33,1.315,1.3450000000000002,1.3450000000000002,1.315,0.0300000000000002,2.205882352941195,Wide,Bullish,Above CPR,Cash Only,Diversified,False,False,0.8,35,689948.01,Overlapping,False,No setup,False,Neutral,0,Not applicable,No directional setup; confirmation score not applicable.,Wide CPR,Wide Upside Watch,Unavailable,Wide CPR + close above CPR; trend unavailable; participation unavailable,None,0,No active J-Curve setup.
KNAGRI,EQ,KN AGRI RESOURCES LIMITED,166.0,178.78,165.61,178.11,18883,3333217.85,20260325,174.16666666666666,172.195,176.13833333333332,176.13833333333332,172.195,3.943333333333328,2.2139876106525898,Wide,Bullish,Above CPR,Cash Only,Diversified,False,False,0.9,60,2229657.96,Higher,False,No setup,False,Neutral,0,Not applicable,No directional setup; confirmation score not applicable.,Wide CPR,Wide Upside Watch,Unavailable,Wide CPR + close above CPR; trend unavailable; participation unavailable,None,0,No active J-Curve setup.
BAFNAPH,EQ,BAFNA PHARMACEUTICALS LTD,107.99,119.35,107.99,117.72,4458,527077.44,20260325,115.01999999999998,113.67,116.36999999999998,116.36999999999998,113.67,2.6999999999999886,2.2935779816513664,Wide,Bullish,Above CPR,Cash Only,Diversified,False,False,0.9047619047619048,21,486147.12,Overlapping,False,No setup,False,Neutral,0,Not applicable,No directional setup; confirmation score not applicable.,Wide CPR,Wide Upside Watch,Unavailable,Wide CPR + close above CPR; trend unavailable; participation unavailable,None,0,No active J-Curve setup.
AYE,EQ,AYE FINANCE LIMITED,103.9,113.0,103.0,111.9,871814,95622821.78,20260325,109.3,108.0,110.6,110.6,108.0,2.5999999999999943,2.3235031277926668,Wide,Bullish,Above CPR,Cash Only,Diversified,False,False,0.9629629629629628,27,94310594.13,Higher,False,No setup,False,Neutral,0,Not applicable,No directional setup; confirmation score not applicable.,Wide CPR,Wide Upside Watch,Unavailable,Wide CPR + close above CPR; trend unavailable; participation unavailable,None,0,No active J-Curve setup.
LIKHITHA,EQ,LIKHITHA INFRASTRUC LTD,138.29,163.32,138.0,156.16,1535649,243071386.32,20260325,152.49333333333334,150.66,154.32666666666668,154.32666666666668,150.66,3.6666666666666856,2.3480191256830723,Wide,Bullish,Above CPR,Cash Only,Diversified,False,False,1.0,60,7520984.83,Higher,False,No setup,False,Neutral,0,Not applicable,No directional setup; confirmation score not applicable.,Wide CPR,Wide Upside Watch,Unavailable,Wide CPR + close above CPR; trend unavailable; participation unavailable,None,0,No active J-Curve setup.
THANGAMAYL,EQ,THANGAMAYIL JEWELLERY LTD,3347.9,3625.0,3316.3,3598.7,173819,612753895.7,20260325,3513.333333333333,3470.65,3556.016666666667,3556.016666666667,3470.65,85.36666666666679,2.3721529070682967,Wide,Bullish,Above CPR,Cash Only,Diversified,False,False,0.95,60,386168069.8,Higher,False,No setup,False,Neutral,0,Not applicable,No directional setup; confirmation score not applicable.,Wide CPR,Wide Upside Watch,Unavailable,Wide CPR + close above CPR; trend unavailable; participation unavailable,None,0,No active J-Curve setup.
NPST,EQ,NETWORK PEOPLE SRV TECH L,1115.5,1160.0,1055.6,1148.8,105701,119163663.9,20260325,1121.4666666666665,1107.8,1135.133333333333,1135.133333333333,1107.8,27.33333333333303,2.3792943361188224,Wide,Bullish,Above CPR,Cash Only,Diversified,False,False,0.9166666666666666,60,32057393.0,Overlapping,False,No setup,False,Neutral,0,Not applicable,No directional setup; confirmation score not applicable.,Wide CPR,Wide Upside Watch,Unavailable,Wide CPR + close above CPR; trend unavailable; participation unavailable,None,0,No active J-Curve setup.
SHAHALLOYS,EQ,SHAH ALLOYS LIMITED,57.15,59.96,55.0,59.71,8023,472760.35,20260325,58.223333333333336,57.48,58.96666666666667,58.96666666666667,57.48,1.4866666666666646,2.4898118684754054,Wide,Bullish,Above CPR,Cash Only,Diversified,False,False,0.9833333333333332,60,482466.565,Outside,False,No setup,False,Neutral,0,Not applicable,No directional setup; confirmation score not applicable.,Wide CPR,Wide Upside Watch,Unavailable,Wide CPR + close above CPR; trend unavailable; participation unavailable,None,0,No active J-Curve setup.
HPIL,EQ,HINDPRAKASH INDUSTRY LTD,110.01,124.9,110.0,122.07,18519,2251650.16,20260325,118.99,117.45,120.53000000000002,120.53000000000002,117.45,3.0800000000000125,2.523142459244706,Wide,Bullish,Above CPR,Cash Only,Diversified,False,False,1.0,60,188025.35,Higher,False,No setup,False,Neutral,0,Not applicable,No directional setup; confirmation score not applicable.,Wide CPR,Wide Upside Watch,Unavailable,Wide CPR + close above CPR; trend unavailable; participation unavailable,None,0,No active J-Curve setup.
DPSCLTD,EQ,DPSC LIMITED,7.29,8.0,7.29,7.95,350447,2747880.64,20260325,7.746666666666666,7.645,7.848333333333333,7.848333333333333,7.645,0.2033333333333331,2.5576519916142533,Wide,Bullish,Above CPR,Cash Only,Diversified,False,False,0.9666666666666668,60,1062377.16,Higher,False,No setup,False,Neutral,0,Not applicable,No directional setup; confirmation score not applicable.,Wide CPR,Wide Upside Watch,Unavailable,Wide CPR + close above CPR; trend unavailable; participation unavailable,None,0,No active J-Curve setup.
ASPINWALL,EQ,ASPINWALL & CO LTD,205.13,234.0,204.0,227.76,31644,7160120.65,20260325,221.92,219.0,224.84,224.84,219.0,5.839999999999975,2.564102564102553,Wide,Bullish,Above CPR,Cash Only,Textiles & Apparel,False,False,0.9666666666666668,60,656083.01,Higher,False,No setup,False,Neutral,0,Not applicable,No directional setup; confirmation score not applicable.,Wide CPR,Wide Upside Watch,Unavailable,Wide CPR + close above CPR; trend unavailable; participation unavailable,None,0,No active J-Curve setup.
PRUDMOULI,EQ,PRUDENTIAL SUGAR CORPORAT,12.47,12.47,11.51,12.47,15423,191307.27,20260325,12.15,11.99,12.31,12.31,11.99,0.3200000000000003,2.566158781074581,Wide,Bullish,Above CPR,Cash Only,Diversified,False,False,0.9,60,357698.87,Higher,False,No setup,False,Neutral,0,Not applicable,No directional setup; confirmation score not applicable.,Wide CPR,Wide Upside Watch,Unavailable,Wide CPR + close above CPR; trend unavailable; participation unavailable,None,0,No active J-Curve setup.
SHANTI,EQ,SHANTI OVERSEAS INDIA LTD,5.64,5.74,4.7,5.44,201640,1074068.42,20260325,5.293333333333334,5.220000000000001,5.366666666666667,5.366666666666667,5.220000000000001,0.1466666666666665,2.6960784313725457,Wide,Bullish,Above CPR,Cash Only,Diversified,False,False,0.9333333333333332,60,248978.81,Lower,False,No setup,False,Neutral,0,Not applicable,No directional setup; confirmation score not applicable.,Wide CPR,Wide Upside Watch,Unavailable,Wide CPR + close above CPR; trend unavailable; participation unavailable,None,0,No active J-Curve setup.
MADHUCON,EQ,MADHUCON PROJECTS LTD.,3.96,4.05,3.72,4.05,84350,337029.14,20260325,3.94,3.885,3.995,3.995,3.885,0.1100000000000003,2.716049382716057,Wide,Bullish,Above CPR,Cash Only,Diversified,False,False,0.9833333333333332,60,154367.54,Outside,False,No setup,False,Neutral,0,Not applicable,No directional setup; confirmation score not applicable.,Wide CPR,Wide Upside Watch,Unavailable,Wide CPR + close above CPR; trend unavailable; participation unavailable,None,0,No active J-Curve setup.
CEINSYS,EQ,CEINSYS TECH LIMITED,910.05,1057.0,910.05,1025.55,619549,626742370.25,20260325,997.5333333333332,983.525,1011.5416666666666,1011.5416666666666,983.525,28.01666666666665,2.731867453236473,Wide,Bullish,Above CPR,Cash Only,Diversified,False,False,1.0,24,46816039.15,Higher,False,No setup,False,Neutral,0,Not applicable,No directional setup; confirmation score not applicable.,Wide CPR,Wide Upside Watch,Unavailable,Wide CPR + close above CPR; trend unavailable; participation unavailable,None,0,No active J-Curve setup.
SUMIT,EQ,SUMIT WOODS LIMITED,44.6,48.3,43.41,47.83,242124,11132628.0,20260325,46.51333333333333,45.855,47.17166666666666,47.17166666666666,45.855,1.3166666666666629,2.7528050735242795,Wide,Bullish,Above CPR,Cash Only,Diversified,False,False,0.8,60,5195988.615,Higher,False,No setup,False,Neutral,0,Not applicable,No directional setup; confirmation score not applicable.,Wide CPR,Wide Upside Watch,Unavailable,Wide CPR + close above CPR; trend unavailable; participation unavailable,None,0,No active J-Curve setup.
RPSGVENT,EQ,RPSG VENTURES LIMITED,660.0,720.9,660.0,720.9,1925514,1358428630.95,20260325,700.6,690.45,710.75,710.75,690.45,20.299999999999955,2.8159245387709744,Wide,Bullish,Above CPR,Cash Only,Diversified,False,False,0.9833333333333332,60,17735283.675,Higher,False,No setup,False,Neutral,0,Not applicable,No directional setup; confirmation score not applicable.,Wide CPR,Wide Upside Watch,Unavailable,Wide CPR + close above CPR; trend unavailable; participation unavailable,None,0,No active J-Curve setup.
NKIND,EQ,NK INDUSTRIES LTD,62.0,65.5,56.1,63.54,1345,83922.93,20260325,61.71333333333333,60.8,62.626666666666665,62.626666666666665,60.8,1.826666666666668,2.87482950372469,Wide,Bullish,Above CPR,Cash Only,Diversified,False,False,0.8833333333333333,60,27243.88,Lower,False,No setup,False,Neutral,0,Not applicable,No directional setup; confirmation score not applicable.,Wide CPR,Wide Upside Watch,Unavailable,Wide CPR + close above CPR; trend unavailable; participation unavailable,None,0,No active J-Curve setup.
BETA,EQ,BETA DRUGS LIMITED,1055.1,1241.9,1055.1,1202.0,39802,47291774.1,20260325,1166.3333333333333,1148.5,1184.1666666666663,1184.1666666666663,1148.5,35.666666666666515,2.9672767609539528,Wide,Bullish,Above CPR,Cash Only,Diversified,False,False,0.9833333333333332,60,9461115.85,Higher,False,No setup,False,Neutral,0,Not applicable,No directional setup; confirmation score not applicable.,Wide CPR,Wide Upside Watch,Unavailable,Wide CPR + close above CPR; trend unavailable; participation unavailable,None,0,No active J-Curve setup.
PCBL,EQ,PCBL CHEMICAL LIMITED,235.35,276.9,235.0,269.75,65851089,17679200262.8,20260325,260.55,255.95,265.15000000000003,265.15000000000003,255.95,9.200000000000044,3.4105653382761987,Wide,Bullish,Above CPR,Cash Only,Chemicals,False,False,1.0,60,282672598.9,Higher,False,No setup,True,Neutral,0,Not applicable,No directional setup; confirmation score not applicable.,Wide CPR,Wide Upside Watch,Unavailable,Wide CPR + close above CPR; trend unavailable; participation unavailable,None,0,No active J-Curve setup.
CENTRUM,EQ,CENTRUM CAPITAL LIMITED,27.25,30.9,26.65,30.4,3021232,88559936.58,20260325,29.316666666666663,28.775,29.858333333333327,29.858333333333327,28.775,1.0833333333333286,3.563596491228055,Wide,Bullish,Above CPR,Cash Only,Diversified,False,False,0.9833333333333332,60,6805638.44,Higher,False,No setup,False,Neutral,0,Not applicable,No directional setup; confirmation score not applicable.,Wide CPR,Wide Upside Watch,Unavailable,Wide CPR + close above CPR; trend unavailable; participation unavailable,None,0,No active J-Curve setup.
FINOPB,EQ,FINO PAYMENTS BANK LTD,111.93,123.7,110.03,123.7,4393058,520336791.86,20260325,119.14333333333332,116.865,121.42166666666664,121.42166666666664,116.865,4.556666666666644,3.683643222850965,Wide,Bullish,Above CPR,Cash Only,Diversified,False,False,0.9666666666666668,60,47738578.3,Overlapping,False,No setup,False,Neutral,0,Not applicable,No directional setup; confirmation score not applicable.,Wide CPR,Wide Upside Watch,Unavailable,Wide CPR + close above CPR; trend unavailable; participation unavailable,None,0,No active J-Curve setup.
SPARC,EQ,SUN PHARMA ADV.RES.CO.LTD,112.89,133.7,112.55,131.45,13840637,1774979909.97,20260325,125.9,123.125,128.67499999999998,128.67499999999998,123.125,5.549999999999983,4.22213769494103,Wide,Bullish,Above CPR,Cash Only,Diversified,False,False,1.0,60,65545976.955,Higher,False,No setup,False,Neutral,0,Not applicable,No directional setup; confirmation score not applicable.,Wide CPR,Wide Upside Watch,Unavailable,Wide CPR + close above CPR; trend unavailable; participation unavailable,None,0,No active J-Curve setup.
GICL,EQ,GLOBE INTL CARRIERS LTD,32.0,37.63,28.51,35.37,2086804,71048842.21,20260325,33.836666666666666,33.07,34.60333333333333,34.60333333333333,33.07,1.5333333333333314,4.335123927999241,Wide,Bullish,Above CPR,Cash Only,Diversified,False,False,0.6666666666666666,3,36421576.49,Inside,False,No setup,False,Neutral,0,Not applicable,No directional setup; confirmation score not applicable.,Wide CPR,Wide Upside Watch,Unavailable,Wide CPR + close above CPR; trend unavailable; participation unavailable,None,0,No active J-Curve setup.
ASTEC,EQ,ASTEC LIFESCIENCES LTD,529.6,628.8,527.95,623.5,3655014,2196205458.7,20260325,593.4166666666666,578.375,608.4583333333333,608.4583333333333,578.375,30.083333333333258,4.8249131248329205,Wide,Bullish,Above CPR,Cash Only,Diversified,False,False,1.0,60,35581587.650000006,Higher,False,No setup,False,Neutral,0,Not applicable,No directional setup; confirmation score not applicable.,Wide CPR,Wide Upside Watch,Unavailable,Wide CPR + close above CPR; trend unavailable; participation unavailable,None,0,No active J-Curve setup.
HILTON,EQ,HILTON METAL FORGING LTD,15.0,17.25,14.66,17.25,536276,8877082.78,20260325,16.386666666666667,15.955,16.818333333333335,16.818333333333335,15.955,0.8633333333333351,5.004830917874406,Wide,Bullish,Above CPR,Cash Only,Diversified,False,False,1.0,60,3987372.78,Higher,False,No setup,False,Neutral,0,Not applicable,No directional setup; confirmation score not applicable.,Wide CPR,Wide Upside Watch,Unavailable,Wide CPR + close above CPR; trend unavailable; participation unavailable,None,0,No active J-Curve setup.
KRITI,EQ,KRITI INDUSTRIES IND LTD,54.68,65.61,53.99,65.61,299863,18736481.08,20260325,61.73666666666666,59.8,63.67333333333332,63.67333333333332,59.8,3.8733333333333206,5.903571610018778,Wide,Bullish,Above CPR,Cash Only,Diversified,False,False,1.0,60,1705201.4,Higher,False,No setup,False,Neutral,0,Not applicable,No directional setup; confirmation score not applicable.,Wide CPR,Wide Upside Watch,Unavailable,Wide CPR + close above CPR; trend unavailable; participation unavailable,None,0,No active J-Curve setup.
