SYMBOL,SERIES,NAME,OPEN,HIGH,LOW,CLOSE,VOLUME,VALUE,session,PREV_HIGH,PREV_LOW,PREV_CLOSE,Pivot,BC,TC,CPR_Top,CPR_Bottom,CPR_Width,CPR_Width_Pct,CPR_Class,Bias,Price_Position,Segment,Industry,Nifty500,Bullish_CPR,Bearish_CPR,Width_Rank_Pct,History_Days,Value_60d,NR4,NR7,Overlay,History_OK,Regime,Own_Narrow,Virgin_CPR,ATR14,SMA50,SMA100,Width_ATR,Value_Ratio,Above_SMA50,Above_SMA100,Setup,Risk_Multiplier,Triple_Confluence,JCurve_Stage,JCurve_Score,JCurve_Explanation,Signal_Direction,Signal_Score,Signal_Grade,Signal_Explanation,Strategy_Type,Strategy_Setup,Strategy_Confirmation,Strategy_Explanation
GILLETTE,EQ,GILLETTE INDIA LTD,8874.5,8925.0,8630.5,8850.5,49372,435194822.0,20260203,8783.0,8580.0,8682.0,8681.666666666666,8681.5,8681.833333333332,8681.833333333332,8681.5,0.3333333333321207,0.003839361130293949,Narrow,Bullish,Above CPR,Cash Only,Fast Moving Consumer Goods,True,True,False,0.016666666666666666,60,185395156.25,True,True,Inside,True,Risk On,True,None,251.96428571428572,8223.86,8767.955,0.001322938814075036,2.347390464792685,True,True,No setup,0.0,None,None,0,No active J-Curve setup.,Neutral,0,Not applicable,No directional setup; confirmation score not applicable.,Narrow CPR,Not applicable,Not applicable,Narrow CPR; Wide CPR rules not applied
PANACHE,EQ,PANACHE DIGILIFE LIMITED,324.45,324.45,310.0,321.1,144752,46758085.1,20260203,309.0,308.95,309.0,308.98333333333335,308.975,308.9916666666667,308.9916666666667,308.975,0.01666666666665151,0.005393743257816022,Narrow,Bullish,Above CPR,Cash Only,Diversified,False,True,False,0.05714285714285714,36,5420722.72,True,True,Higher,True,Risk On,True,Bullish Virgin,17.610714285714273,,,0.0009463935645229012,8.625802778563816,False,False,Long,1.0,None,None,0,No active J-Curve setup.,Long,70,Confirmed,CPR width: Narrow (20/20); Price location: Above CPR (20/20); Trend: opposes SMA direction (0/20); Participation: confirmed (8.63x) (20/20); Higher timeframe: unavailable (10/20),Narrow CPR,Not applicable,Not applicable,Narrow CPR; Wide CPR rules not applied
PUNJABCHEM,EQ,PUNJAB CHEM & CROP PROT L,1157.5,1193.4,1111.3,1183.6,8327,9723727.4,20260203,1165.0,1111.0,1138.2,1138.0666666666666,1138.0,1138.1333333333332,1138.1333333333332,1138.0,0.13333333333321207,0.011714402858303642,Narrow,Bullish,Above CPR,Cash Only,Chemicals & Fertilizers,False,True,False,0.016666666666666666,60,8709446.95,True,True,Lower,True,Risk On,True,None,69.35714285714286,1207.016,1260.8010000000002,0.0019224167524870945,1.1164575036535473,False,False,No setup,0.0,None,None,0,No active J-Curve setup.,Neutral,0,Not applicable,No directional setup; confirmation score not applicable.,Narrow CPR,Not applicable,Not applicable,Narrow CPR; Wide CPR rules not applied
ARVIND,EQ,ARVIND LIMITED,384.0,389.0,354.15,359.45,3922837,1430695313.3,20260203,333.7,318.95,326.4,326.34999999999997,326.325,326.37499999999994,326.37499999999994,326.325,0.049999999999954525,0.01531862745096646,Narrow,Bullish,Above CPR,Cash Only,Diversified,False,True,False,0.03333333333333333,60,95531209.275,True,True,Higher,True,Risk On,True,Bullish Virgin,17.49642857142857,319.821,318.182,0.002857726066541594,14.976208551715727,True,True,Long,1.0,None,Liftoff,95,🚀 J-Curve Liftoff: Decisive kinetic breakout above CPR Top (₹326.37) with massive 15.0x volume surge (NR7 Volatility Squeeze). Ascending Higher CPR overlay and +0 confluence. Momentum continuation target expansion above ₹326.37 with stop below Pivot (₹326.35).,Long,90,Strong confirmation,CPR width: Narrow (20/20); Price location: Above CPR (20/20); Trend: aligned with SMA50/SMA100 (20/20); Participation: confirmed (14.98x) (20/20); Higher timeframe: unavailable (10/20),Narrow CPR,Not applicable,Not applicable,Narrow CPR; Wide CPR rules not applied
CAPILLARY,EQ,CAPILLARY TECHNO INDIA L,617.8,634.0,612.0,617.55,105700,65484638.5,20260203,614.0,592.5,603.4,603.3000000000001,603.25,603.3500000000001,603.3500000000001,603.25,0.10000000000013642,0.016572754391802523,Narrow,Bullish,Above CPR,Cash Only,Diversified,False,True,False,0.04081632653061224,50,507486274.22499996,True,True,Lower,True,Risk On,True,None,26.471428571428582,659.1239999999999,,0.0037776578521368305,0.1290372603672954,False,False,No setup,0.0,None,None,0,No active J-Curve setup.,Neutral,0,Not applicable,No directional setup; confirmation score not applicable.,Narrow CPR,Not applicable,Not applicable,Narrow CPR; Wide CPR rules not applied
BORORENEW,EQ,BOROSIL RENEWABLES LTD,525.0,525.0,488.25,493.65,439592,217689929.95,20260203,490.95,468.3,479.75,479.6666666666667,479.625,479.70833333333337,479.70833333333337,479.625,0.08333333333337123,0.01737015806844632,Narrow,Bullish,Above CPR,Cash Only,Power & Utilities,False,True,False,0.016666666666666666,60,186755776.325,True,True,Lower,True,Risk On,True,None,27.824999999999985,537.149,580.5565,0.0029949086552873774,1.1656396082291298,False,False,No setup,0.0,None,None,0,No active J-Curve setup.,Neutral,0,Not applicable,No directional setup; confirmation score not applicable.,Narrow CPR,Not applicable,Not applicable,Narrow CPR; Wide CPR rules not applied
SNOWMAN,EQ,SNOWMAN LOGISTICS LTD.,38.9,39.71,38.17,38.55,187150,7209732.93,20260203,38.4,36.9,37.66,37.65333333333333,37.65,37.65666666666666,37.65666666666666,37.65,0.006666666666660603,0.017702248185503464,Narrow,Bullish,Above CPR,Cash Only,Diversified,False,True,False,0.08333333333333333,60,8746011.33,True,True,Lower,True,Risk On,True,None,1.5435714285714286,40.1706,45.9721,0.004318988122778734,0.8243452538495625,False,False,No setup,0.0,None,None,0,No active J-Curve setup.,Neutral,0,Not applicable,No directional setup; confirmation score not applicable.,Narrow CPR,Not applicable,Not applicable,Narrow CPR; Wide CPR rules not applied
RPPL,EQ,RAJSHREE POLYPACK LTD,16.51,18.0,16.5,16.59,55378,944495.9,20260203,16.6,15.39,16.0,15.996666666666668,15.995000000000001,15.998333333333335,15.998333333333335,15.995000000000001,0.0033333333333338544,0.02083333333333659,Narrow,Bullish,Above CPR,Cash Only,Diversified,False,True,False,0.05,60,1305714.9649999999,True,True,Inside,True,Risk On,True,Bullish Virgin,1.0221428571428566,17.7042,18.9878,0.0032611227579786156,0.723355345781765,False,False,No setup,0.0,None,None,0,No active J-Curve setup.,Neutral,0,Not applicable,No directional setup; confirmation score not applicable.,Narrow CPR,Not applicable,Not applicable,Narrow CPR; Wide CPR rules not applied
RAYMONDLSL,EQ,RAYMOND LIFESTYLE LIMITED,1078.0,1081.0,1011.4,1018.5,284902,298430150.2,20260203,1005.9,965.6,986.1,985.8666666666667,985.75,985.9833333333333,985.9833333333333,985.75,0.2333333333333485,0.023662238447758693,Narrow,Bullish,Above CPR,Cash Only,Diversified,False,True,False,0.016666666666666666,60,84257547.6,True,True,Lower,True,Risk On,True,None,57.364285714285714,1029.9,1116.373,0.004067571493795143,3.5418803264575436,False,False,No setup,0.0,None,None,0,No active J-Curve setup.,Neutral,0,Not applicable,No directional setup; confirmation score not applicable.,Narrow CPR,Not applicable,Not applicable,Narrow CPR; Wide CPR rules not applied
INDIASHLTR,EQ,INDIA SHELTER FIN CORP L,805.0,824.0,794.25,799.3,272820,218387599.15,20260203,811.1,768.9,790.3,790.1,790.0,790.2,790.2,790.0,0.20000000000004547,0.02530684550171397,Narrow,Bullish,Above CPR,Cash Only,Diversified,False,True,False,0.05,60,98453185.32499999,True,True,Inside,True,Risk On,True,None,27.56428571428572,821.5189999999999,850.8745,0.007255765742421964,2.2181872372040496,False,False,No setup,0.0,None,Ready,67,"🪝 J-Curve Ready (The Hook): Support defense at Monthly/Weekly CPR level with institutional absorption (2.2x volume). Coiling inside band (₹790.00 - ₹790.20), closed above Central Pivot (₹790.10). Probe long setup ahead of crowd with invalidation below CPR Bottom (₹790.00).",Neutral,0,Not applicable,No directional setup; confirmation score not applicable.,Narrow CPR,Not applicable,Not applicable,Narrow CPR; Wide CPR rules not applied
KICL,EQ,KALYANI INVEST CO LTD,4863.7,4863.7,4750.0,4782.0,2519,12090788.6,20260203,4645.9,4500.0,4574.9,4573.599999999999,4572.95,4574.249999999999,4574.249999999999,4572.95,1.2999999999992724,0.028415921659473924,Narrow,Bullish,Above CPR,Cash Only,Diversified,False,True,False,0.05,60,8070264.45,True,True,Lower,True,Risk On,True,Bullish Virgin,159.18571428571437,4901.862,5002.859,0.008166561967149693,1.498189888932326,False,False,No setup,0.0,None,None,0,No active J-Curve setup.,Neutral,0,Not applicable,No directional setup; confirmation score not applicable.,Narrow CPR,Not applicable,Not applicable,Narrow CPR; Wide CPR rules not applied
ORIENTTECH,EQ,ORIENT TECHNOLOGIES LTD,358.05,359.0,340.15,343.85,564236,196556587.85,20260203,353.8,330.0,342.05,341.95,341.9,342.0,342.0,341.9,0.10000000000002274,0.02923549188715765,Narrow,Bullish,Above CPR,Cash Only,Information Technology,False,True,False,0.016666666666666666,60,127726023.875,True,True,Higher,True,Risk On,True,Bullish Virgin,18.52142857142857,357.13,383.421,0.005399151561898644,1.5388922467543618,False,False,Long,1.0,None,Ready,64,"🪝 J-Curve Ready (The Hook): Support defense at Monthly/Weekly CPR level with 1.5x volume. Coiling inside band (₹341.90 - ₹342.00), closed above Central Pivot (₹341.95). Probe long setup ahead of crowd with invalidation below CPR Bottom (₹341.90).",Long,70,Confirmed,CPR width: Narrow (20/20); Price location: Above CPR (20/20); Trend: opposes SMA direction (0/20); Participation: confirmed (1.54x) (20/20); Higher timeframe: unavailable (10/20),Narrow CPR,Not applicable,Not applicable,Narrow CPR; Wide CPR rules not applied
NAHARPOLY,EQ,NAHAR POLY FILMS LIMITED,232.0,244.95,228.0,239.58,16374,3896082.37,20260203,230.03,222.0,226.12,226.04999999999998,226.015,226.08499999999998,226.08499999999998,226.015,0.06999999999999318,0.030957013974877576,Narrow,Bullish,Above CPR,Cash Only,Diversified,False,True,False,0.03333333333333333,60,3137114.17,True,True,Lower,True,Risk On,True,None,11.174285714285714,240.0746,268.2593,0.0062643825108661755,1.241931966409753,False,False,No setup,0.0,None,None,0,No active J-Curve setup.,Neutral,0,Not applicable,No directional setup; confirmation score not applicable.,Narrow CPR,Not applicable,Not applicable,Narrow CPR; Wide CPR rules not applied
JAIBALAJI,EQ,JAI BALAJI INDUSTRIES LTD,71.99,71.99,68.9,69.62,638596,44519350.65,20260203,70.68,65.43,68.09,68.06666666666668,68.055,68.07833333333335,68.07833333333335,68.055,0.023333333333340533,0.03426837029422901,Narrow,Bullish,Above CPR,Cash Only,Diversified,False,True,False,0.016666666666666666,60,85868708.215,True,True,Higher,True,Risk On,True,Bullish Virgin,3.9278571428571434,67.0702,80.8551,0.005940474025582241,0.5184583718032819,True,False,Long,1.0,None,None,0,No active J-Curve setup.,Long,66,Confirmed,CPR width: Narrow (20/20); Price location: Above CPR (20/20); Trend: partially aligned (1/2) (12/20); Participation: light (0.52x) (4/20); Higher timeframe: unavailable (10/20),Narrow CPR,Not applicable,Not applicable,Narrow CPR; Wide CPR rules not applied
SOTL,EQ,SAVITA OIL TECHNOLO. LTD,349.0,354.5,346.15,352.85,18092,6332812.9,20260203,343.45,334.3,339.05,338.93333333333334,338.875,338.9916666666667,338.9916666666667,338.875,0.11666666666667425,0.03440987071720225,Narrow,Bullish,Above CPR,Cash Only,Diversified,False,True,False,0.05,60,6037264.4,False,False,Lower,True,Risk On,True,None,12.542857142857141,365.98900000000003,382.27,0.009301442672741684,1.0489540428277417,False,False,No setup,0.0,None,None,0,No active J-Curve setup.,Neutral,0,Not applicable,No directional setup; confirmation score not applicable.,Narrow CPR,Not applicable,Not applicable,Narrow CPR; Wide CPR rules not applied
HCC,EQ,HINDUSTAN CONSTRUCTION CO,20.11,20.35,19.45,19.59,21006225,415581935.26,20260203,19.64,18.8,19.23,19.223333333333333,19.22,19.226666666666667,19.226666666666667,19.22,0.006666666666667709,0.034668053388807636,Narrow,Bullish,Above CPR,Cash Only,Diversified,False,True,False,0.06666666666666667,60,518240992.65999997,True,True,Lower,True,Risk On,True,None,1.1799999999999995,20.075400000000002,23.8271,0.005649717514125179,0.8019086508902412,False,False,No setup,0.0,None,None,0,No active J-Curve setup.,Neutral,0,Not applicable,No directional setup; confirmation score not applicable.,Narrow CPR,Not applicable,Not applicable,Narrow CPR; Wide CPR rules not applied
ASIANPAINT,EQ,ASIAN PAINTS LIMITED,2525.0,2525.0,2391.0,2426.0,2233860,5423477544.6,20260203,2429.5,2372.0,2402.0,2401.1666666666665,2400.75,2401.583333333333,2401.583333333333,2400.75,0.8333333333330302,0.034693311129601584,Narrow,Bullish,Above CPR,Cash Only,Consumer Durables,True,True,False,0.1,60,2876456690.2,True,True,Lower,True,Risk On,True,None,89.09285714285716,2773.3260000000005,2647.2419999999997,0.009353536973192031,1.8854716509647522,False,False,No setup,0.0,None,None,0,No active J-Curve setup.,Neutral,0,Not applicable,No directional setup; confirmation score not applicable.,Narrow CPR,Not applicable,Not applicable,Narrow CPR; Wide CPR rules not applied
AFFORDABLE,EQ,AFFORD ROBO & AUTO LTD,180.0,201.0,180.0,193.17,139009,26709218.04,20260203,175.85,164.71,170.37,170.31,170.28,170.34,170.34,170.28,0.060000000000002274,0.03521746786406191,Narrow,Bullish,Above CPR,Cash Only,Diversified,False,True,False,0.05,60,5479904.84,True,True,Inside,True,Risk On,True,Bullish Virgin,10.898571428571431,199.40739999999997,224.5786,0.005505308690523212,4.874029535155213,False,False,No setup,0.0,None,None,0,No active J-Curve setup.,Neutral,0,Not applicable,No directional setup; confirmation score not applicable.,Narrow CPR,Not applicable,Not applicable,Narrow CPR; Wide CPR rules not applied
KOTAKBANK,EQ,KOTAK MAHINDRA BANK LTD,415.0,425.0,410.3,415.8,35396945,14802620204.8,20260203,410.85,405.1,408.2,408.05,407.975,408.125,408.125,407.975,0.14999999999997726,0.036746692797642644,Narrow,Bullish,Above CPR,Cash Only,Financial Services,True,True,False,0.13333333333333333,60,5456792517.8,True,True,Lower,True,Risk On,True,Bullish Virgin,133.43214285714288,1698.2959999999998,1894.526,0.0011241669120203857,2.712696177564752,False,False,No setup,0.0,None,None,0,No active J-Curve setup.,Neutral,0,Not applicable,No directional setup; confirmation score not applicable.,Narrow CPR,Not applicable,Not applicable,Narrow CPR; Wide CPR rules not applied
SCILAL,EQ,SHIPPING CORP OF ILA LTD,44.55,45.89,43.9,44.44,308060,13691199.79,20260203,44.9,43.25,44.1,44.083333333333336,44.075,44.09166666666667,44.09166666666667,44.075,0.01666666666666572,0.03779289493574993,Narrow,Bullish,Above CPR,Cash Only,Diversified,False,True,False,0.05,60,13725078.155,True,False,Lower,True,Risk On,True,None,1.2771428571428578,46.4646,48.3601,0.013049962714391496,0.997531645021077,False,False,No setup,0.0,None,None,0,No active J-Curve setup.,Neutral,0,Not applicable,No directional setup; confirmation score not applicable.,Narrow CPR,Not applicable,Not applicable,Narrow CPR; Wide CPR rules not applied
PARSVNATH,EQ,PARSVNATH DEVELOPER LTD,9.22,9.22,8.56,8.73,307525,2691448.03,20260203,8.77,8.2,8.49,8.486666666666666,8.485,8.488333333333333,8.488333333333333,8.485,0.0033333333333338544,0.039261876717713244,Narrow,Bullish,Above CPR,Cash Only,Diversified,False,True,False,0.05,60,5788577.83,True,True,Lower,True,Risk On,True,None,0.5192857142857145,10.898800000000001,,0.006419073819349924,0.46495842485718114,False,False,No setup,0.0,None,None,0,No active J-Curve setup.,Neutral,0,Not applicable,No directional setup; confirmation score not applicable.,Narrow CPR,Not applicable,Not applicable,Narrow CPR; Wide CPR rules not applied
20MICRONS,EQ,20 MICRONS LTD,178.8,178.8,170.4,172.88,108007,18752311.37,20260203,175.0,162.52,168.86,168.79333333333332,168.76,168.82666666666665,168.82666666666665,168.76,0.06666666666666288,0.03948043744324462,Narrow,Bullish,Above CPR,Cash Only,Diversified,False,True,False,0.016666666666666666,60,15233914.945,True,True,Lower,True,Risk On,True,None,8.092142857142855,191.9572,202.6318,0.008238444110983146,1.2309581245334964,False,False,No setup,0.0,None,None,0,No active J-Curve setup.,Neutral,0,Not applicable,No directional setup; confirmation score not applicable.,Narrow CPR,Not applicable,Not applicable,Narrow CPR; Wide CPR rules not applied
ORISSAMINE,EQ,ORISSA MIN DEV CO LTD,4570.0,4585.0,4443.9,4483.4,11586,52141034.7,20260203,4466.0,4280.0,4375.7,4373.900000000001,4373.0,4374.800000000001,4374.800000000001,4373.0,1.8000000000010914,0.041136275338827875,Narrow,Bullish,Above CPR,Cash Only,Diversified,False,True,False,0.05,60,41027303.25,True,True,Lower,True,Risk On,True,None,203.09285714285716,4782.026,4980.152,0.00886294094890278,1.2708862286726097,False,False,No setup,0.0,None,None,0,No active J-Curve setup.,Neutral,0,Not applicable,No directional setup; confirmation score not applicable.,Narrow CPR,Not applicable,Not applicable,Narrow CPR; Wide CPR rules not applied
RUBYMILLS,EQ,THE RUBY MILLS LTD,199.9,210.0,199.9,207.12,14208,2931585.95,20260203,197.7,188.2,193.07,192.99,192.95,193.03000000000003,193.03000000000003,192.95,0.08000000000004093,0.04143574869220538,Narrow,Bullish,Above CPR,Cash Only,Diversified,False,True,False,0.05,60,1357224.7850000001,True,True,Lower,True,Risk On,True,Bullish Virgin,8.127142857142859,214.0314,220.07070000000004,0.009843557743017865,2.1599855693764094,False,False,No setup,0.0,None,None,0,No active J-Curve setup.,Neutral,0,Not applicable,No directional setup; confirmation score not applicable.,Narrow CPR,Not applicable,Not applicable,Narrow CPR; Wide CPR rules not applied
HARIOMPIPE,EQ,HARIOM PIPE INDUSTRIES L,415.0,418.0,404.4,410.7,78082,32059575.05,20260203,405.0,394.0,399.75,399.5833333333333,399.5,399.66666666666663,399.66666666666663,399.5,0.16666666666662877,0.04169272461954441,Narrow,Bullish,Above CPR,Cash Only,Building Materials,False,True,False,0.03333333333333333,60,46659200.875,True,True,Lower,True,Risk On,True,None,17.417857142857144,380.009,422.07199999999995,0.009568723942312087,0.6871008171761793,True,False,No setup,0.0,None,None,0,No active J-Curve setup.,Neutral,0,Not applicable,No directional setup; confirmation score not applicable.,Narrow CPR,Not applicable,Not applicable,Narrow CPR; Wide CPR rules not applied
IGIL,EQ,INTERNATIO GEMM INS (I) L,339.15,339.15,326.35,334.05,2155288,723552172.75,20260203,313.6,302.7,308.35,308.21666666666664,308.15,308.2833333333333,308.2833333333333,308.15,0.13333333333332575,0.04324090589697608,Narrow,Bullish,Above CPR,Cash Only,Services,True,True,False,0.08333333333333333,60,150449061.3,True,True,Lower,True,Risk On,True,Bullish Virgin,12.53571428571429,319.88,334.973,0.010636277302943361,4.809283397968266,True,False,No setup,0.0,None,None,0,No active J-Curve setup.,Neutral,0,Not applicable,No directional setup; confirmation score not applicable.,Narrow CPR,Not applicable,Not applicable,Narrow CPR; Wide CPR rules not applied
APOLLOPIPE,EQ,APOLLO PIPES LIMITED,289.0,289.0,262.0,268.1,65293,17422036.35,20260203,262.0,255.65,259.0,258.8833333333333,258.825,258.94166666666666,258.94166666666666,258.825,0.11666666666667425,0.04504504504504797,Narrow,Bullish,Above CPR,Cash Only,Building Materials,False,True,False,0.06666666666666667,60,19975073.875,True,True,Lower,True,Risk On,True,None,14.332142857142856,290.07899999999995,314.3605,0.008140210980979017,0.8721888318923677,False,False,No setup,0.0,None,None,0,No active J-Curve setup.,Neutral,0,Not applicable,No directional setup; confirmation score not applicable.,Narrow CPR,Not applicable,Not applicable,Narrow CPR; Wide CPR rules not applied
PILANIINVS,EQ,PILANI INV & IND COR LTD,4680.0,4700.0,4604.4,4635.9,1616,7501763.2,20260203,4580.0,4500.0,4543.2,4541.066666666667,4540.0,4542.133333333333,4542.133333333333,4540.0,2.133333333333212,0.04695662381874477,Narrow,Bullish,Above CPR,Cash Only,Diversified,False,True,False,0.08333333333333333,60,10181656.0,True,True,Lower,True,Risk On,True,None,127.30714285714286,5026.962,5174.630999999999,0.01675737343133309,0.736792050330516,False,False,No setup,0.0,None,None,0,No active J-Curve setup.,Neutral,0,Not applicable,No directional setup; confirmation score not applicable.,Narrow CPR,Not applicable,Not applicable,Narrow CPR; Wide CPR rules not applied
ZEEL,EQ,ZEE ENTERTAINMENT ENT LTD,84.0,84.5,82.06,82.54,6995042,580729329.41,20260203,82.7,79.5,81.16,81.11999999999999,81.1,81.13999999999999,81.13999999999999,81.1,0.03999999999999204,0.04928536224740272,Narrow,Bullish,Above CPR,Cash Only,Media Entertainment & Publication,True,True,False,0.05,60,604348880.69,True,True,Lower,True,Risk On,True,None,3.365714285714287,91.1938,99.6548,0.011884550084887275,0.9609173574491723,False,False,No setup,0.0,None,None,0,No active J-Curve setup.,Neutral,0,Not applicable,No directional setup; confirmation score not applicable.,Narrow CPR,Not applicable,Not applicable,Narrow CPR; Wide CPR rules not applied
SKYGOLD,EQ,SKY GOLD AND DIAMONDS LTD,318.0,328.0,310.8,324.65,625845,199752410.65,20260203,308.5,298.65,303.8,303.65000000000003,303.575,303.7250000000001,303.7250000000001,303.575,0.15000000000009095,0.04937458854512539,Narrow,Bullish,Above CPR,Cash Only,Diversified,False,True,False,0.05,60,154416986.2,True,True,Lower,True,Risk On,True,Bullish Virgin,14.735714285714286,327.906,325.0435,0.010179350460500598,1.2935909161656727,False,False,No setup,0.0,None,None,0,No active J-Curve setup.,Neutral,0,Not applicable,No directional setup; confirmation score not applicable.,Narrow CPR,Not applicable,Not applicable,Narrow CPR; Wide CPR rules not applied
HINDCOPPER,EQ,HINDUSTAN COPPER LTD,639.9,658.0,610.0,614.75,45672234,28398310353.45,20260203,638.55,581.55,610.55,610.2166666666666,610.05,610.3833333333332,610.3833333333332,610.05,0.33333333333325754,0.05459558321730531,Narrow,Bullish,Above CPR,Cash Only,Metals & Mining,True,True,False,0.05,60,13799634062.7,True,True,Lower,True,Risk On,True,Bearish Virgin,49.77500000000001,464.615,394.1946,0.00669680227691125,2.0579031461573165,True,True,No setup,0.0,None,None,0,No active J-Curve setup.,Neutral,0,Not applicable,No directional setup; confirmation score not applicable.,Narrow CPR,Not applicable,Not applicable,Narrow CPR; Wide CPR rules not applied
IONEXCHANG,EQ,ION EXCHANGE (INDIA) LTD,360.0,366.0,349.65,352.95,447162,158475294.85,20260203,354.0,344.5,349.55,349.34999999999997,349.25,349.44999999999993,349.44999999999993,349.25,0.1999999999999318,0.05721642111283987,Narrow,Bullish,Above CPR,Cash Only,Diversified,False,True,False,0.13333333333333333,60,53735891.525,False,False,Inside,True,Risk On,True,None,14.828571428571435,360.17800000000005,379.527,0.013487475915216974,2.949151681539911,False,False,No setup,0.0,None,Ready,73,"🪝 J-Curve Ready (The Hook): Support defense at Monthly/Weekly CPR level with institutional absorption (2.9x volume). Coiling inside band (₹349.25 - ₹349.45), closed above Central Pivot (₹349.35). Probe long setup ahead of crowd with invalidation below CPR Bottom (₹349.25).",Neutral,0,Not applicable,No directional setup; confirmation score not applicable.,Narrow CPR,Not applicable,Not applicable,Narrow CPR; Wide CPR rules not applied
VINYLINDIA,EQ,VINYL CHEMICALS (I) LTD.,233.7,233.7,216.5,217.63,7062,1548247.86,20260203,215.72,210.03,213.06,212.93666666666664,212.875,212.99833333333328,212.99833333333328,212.875,0.123333333333278,0.05788666729244251,Narrow,Bullish,Above CPR,Cash Only,Diversified,False,True,False,0.06666666666666667,60,1712338.345,True,True,Lower,True,Risk On,True,Bullish Virgin,9.511428571428569,234.75639999999999,258.10970000000003,0.012966856913982371,0.90417169277372,False,False,No setup,0.0,None,None,0,No active J-Curve setup.,Neutral,0,Not applicable,No directional setup; confirmation score not applicable.,Narrow CPR,Not applicable,Not applicable,Narrow CPR; Wide CPR rules not applied
JAYBARMARU,EQ,JAY BHARAT MARUTI LTD,89.8,89.81,86.6,87.81,87653,7692772.41,20260203,86.01,83.42,84.79,84.74000000000001,84.715,84.76500000000001,84.76500000000001,84.715,0.05000000000001137,0.05896921806818182,Narrow,Bullish,Above CPR,Cash Only,Diversified,False,True,False,0.05172413793103448,59,9168383.38,True,True,Higher,True,Risk On,True,Bullish Virgin,3.9342857142857164,89.42120000000001,,0.012708787218594022,0.8390543993591157,False,False,Long,1.0,None,None,0,No active J-Curve setup.,Long,62,Mixed,CPR width: Narrow (20/20); Price location: Above CPR (20/20); Trend: opposes SMA direction (0/20); Participation: moderate (0.84x) (12/20); Higher timeframe: unavailable (10/20),Narrow CPR,Not applicable,Not applicable,Narrow CPR; Wide CPR rules not applied
OAL,EQ,ORIENTAL AROMATICS LTD,285.0,294.0,284.9,291.3,8365,2439852.15,20260203,284.85,277.15,281.25,281.0833333333333,281.0,281.16666666666663,281.16666666666663,281.0,0.16666666666662877,0.05925925925924578,Narrow,Bullish,Above CPR,Cash Only,Diversified,False,True,False,0.11666666666666667,60,2301923.125,True,True,Lower,True,Risk On,True,None,15.167857142857144,290.204,315.7885,0.010988148496975759,1.0599190405196524,True,False,No setup,0.0,None,None,0,No active J-Curve setup.,Neutral,0,Not applicable,No directional setup; confirmation score not applicable.,Narrow CPR,Not applicable,Not applicable,Narrow CPR; Wide CPR rules not applied
ALPA,EQ,ALPA LABORATORIES LTD,68.61,70.1,67.25,68.78,8785,607189.2,20260203,69.0,65.0,67.06,67.02,67.0,67.03999999999999,67.03999999999999,67.0,0.03999999999999204,0.05964807634952586,Narrow,Bullish,Above CPR,Cash Only,Diversified,False,True,False,0.08333333333333333,60,1077768.1099999999,True,False,Inside,True,Risk On,True,None,3.9807142857142854,75.3462,82.3184,0.010048447873674657,0.5633764762254841,False,False,No setup,0.0,None,None,0,No active J-Curve setup.,Neutral,0,Not applicable,No directional setup; confirmation score not applicable.,Narrow CPR,Not applicable,Not applicable,Narrow CPR; Wide CPR rules not applied
GAIL,EQ,GAIL (INDIA) LTD,165.4,166.49,161.4,162.8,32679436,5327390673.18,20260203,162.69,157.8,160.39,160.29333333333332,160.245,160.34166666666664,160.34166666666664,160.245,0.09666666666663559,0.06026975912877087,Narrow,Bullish,Above CPR,Cash Only,Oil Gas & Consumable Fuels,True,True,False,0.18333333333333332,60,1294405014.275,True,False,Lower,True,Risk On,True,Bearish Virgin,4.604999999999998,169.6544,174.64859999999996,0.020991675714796012,4.115706146397994,False,False,No setup,0.0,None,None,0,No active J-Curve setup.,Neutral,0,Not applicable,No directional setup; confirmation score not applicable.,Narrow CPR,Not applicable,Not applicable,Narrow CPR; Wide CPR rules not applied
TTML,EQ,TATA TELESERV(MAHARASTRA),45.0,46.5,43.87,44.06,2525053,112621330.75,20260203,45.18,42.66,43.96,43.93333333333334,43.92,43.94666666666667,43.94666666666667,43.92,0.026666666666670835,0.06066120715803192,Narrow,Bullish,Above CPR,Cash Only,Telecommunication,True,True,False,0.08333333333333333,60,84317792.7,True,True,Lower,True,Risk On,True,None,2.059285714285714,48.351000000000006,52.04859999999999,0.012949473927623715,1.3356769329897318,False,False,No setup,0.0,None,None,0,No active J-Curve setup.,Neutral,0,Not applicable,No directional setup; confirmation score not applicable.,Narrow CPR,Not applicable,Not applicable,Narrow CPR; Wide CPR rules not applied
NDRAUTO,EQ,NDR AUTO COMPONENTS LTD,700.0,783.0,690.0,733.95,212530,158262658.4,20260203,685.0,650.05,668.15,667.7333333333332,667.525,667.9416666666665,667.9416666666665,667.525,0.4166666666665151,0.06236124622712192,Narrow,Bullish,Above CPR,Cash Only,Automobile & Ancillary,False,True,False,0.08333333333333333,60,13987719.85,True,True,Lower,True,Risk On,True,Bullish Virgin,35.19642857142859,788.844,894.387,0.011838322340601132,11.314400066426838,False,False,No setup,0.0,None,None,0,No active J-Curve setup.,Neutral,0,Not applicable,No directional setup; confirmation score not applicable.,Narrow CPR,Not applicable,Not applicable,Narrow CPR; Wide CPR rules not applied
ZENITHSTL,EQ,ZENITH STEEL PIP IND LTD,5.55,5.55,5.32,5.4,221089,1211028.53,20260203,5.5,5.07,5.29,5.286666666666666,5.285,5.288333333333332,5.288333333333332,5.285,0.003333333333332078,0.06301197227470846,Narrow,Bullish,Above CPR,Cash Only,Diversified,False,True,False,0.05,60,619798.065,True,True,Higher,True,Risk On,True,Bullish Virgin,0.465,7.062199999999999,,0.007168458781359307,1.9539082136372918,False,False,Long,1.0,None,None,0,No active J-Curve setup.,Long,70,Confirmed,CPR width: Narrow (20/20); Price location: Above CPR (20/20); Trend: opposes SMA direction (0/20); Participation: confirmed (1.95x) (20/20); Higher timeframe: unavailable (10/20),Narrow CPR,Not applicable,Not applicable,Narrow CPR; Wide CPR rules not applied
SHRINGARMS,EQ,SHRINGAR HOU OF MANGALS L,225.97,227.83,219.65,223.5,806213,180903217.81,20260203,218.84,210.01,214.63,214.49333333333334,214.425,214.56166666666667,214.56166666666667,214.425,0.13666666666665606,0.06367547251859296,Narrow,Bullish,Above CPR,Cash Only,Diversified,False,True,False,0.06666666666666667,60,265474404.9,True,True,Lower,True,Risk On,True,Bullish Virgin,9.971428571428573,222.87220000000002,,0.013705826170008484,0.6814337445379842,True,False,No setup,0.0,None,None,0,No active J-Curve setup.,Neutral,0,Not applicable,No directional setup; confirmation score not applicable.,Narrow CPR,Not applicable,Not applicable,Narrow CPR; Wide CPR rules not applied
AMANTA,EQ,AMANTA HEALTHCARE LIMITED,106.0,109.59,101.1,106.86,74151,7795504.5,20260203,103.8,101.54,102.77,102.70333333333333,102.67,102.73666666666666,102.73666666666666,102.67,0.06666666666666288,0.06486977392883418,Narrow,Bullish,Above CPR,Cash Only,Diversified,False,True,False,0.016666666666666666,60,8126900.905,True,True,Overlapping,True,Risk On,True,None,4.140714285714288,106.50779999999999,,0.016100281754929786,0.9592222904064067,True,False,No setup,0.0,None,None,0,No active J-Curve setup.,Neutral,0,Not applicable,No directional setup; confirmation score not applicable.,Narrow CPR,Not applicable,Not applicable,Narrow CPR; Wide CPR rules not applied
PREMEXPLN,EQ,PREMIER EXPLOSIVES LTD,499.0,524.95,486.65,493.1,228882,112901488.3,20260203,497.25,477.0,487.6,487.2833333333333,487.125,487.4416666666666,487.4416666666666,487.125,0.31666666666660603,0.0649439431227658,Narrow,Bullish,Above CPR,Cash Only,Diversified,False,True,False,0.08333333333333333,60,112927385.65,True,False,Lower,True,Risk On,True,None,24.617857142857137,512.7239999999999,557.5975,0.012863291261663965,0.9997706725445653,False,False,No setup,0.0,None,None,0,No active J-Curve setup.,Neutral,0,Not applicable,No directional setup; confirmation score not applicable.,Narrow CPR,Not applicable,Not applicable,Narrow CPR; Wide CPR rules not applied
WOCKPHARMA,EQ,WOCKHARDT LIMITED,1390.0,1397.1,1330.0,1350.1,626285,853478128.8,20260203,1354.2,1275.0,1315.9,1315.0333333333333,1314.6,1315.4666666666667,1315.4666666666667,1314.6,0.8666666666667879,0.06586113433139204,Narrow,Bullish,Above CPR,Cash Only,Healthcare,True,True,False,0.08333333333333333,60,630181994.0,True,True,Lower,True,Risk On,True,None,51.4357142857143,1379.026,1393.2190000000003,0.01684951164190394,1.354335948862417,False,False,No setup,0.0,None,None,0,No active J-Curve setup.,Neutral,0,Not applicable,No directional setup; confirmation score not applicable.,Narrow CPR,Not applicable,Not applicable,Narrow CPR; Wide CPR rules not applied
KAYNES,EQ,KAYNES TECHNOLOGY IND LTD,3700.0,3740.0,3540.0,3550.3,1966185,7139162543.2,20260203,3578.7,3356.5,3471.1,3468.7666666666664,3467.6,3469.933333333333,3469.933333333333,3467.6,2.33333333333303,0.06722172606185446,Narrow,Bullish,Above CPR,Cash Only,Capital Goods,True,True,False,0.03333333333333333,60,5068975837.25,True,True,Overlapping,True,Risk On,True,Bullish Virgin,155.87142857142857,4181.032,5529.851,0.014969602541775467,1.4084033486088008,False,False,No setup,0.0,None,None,0,No active J-Curve setup.,Neutral,0,Not applicable,No directional setup; confirmation score not applicable.,Narrow CPR,Not applicable,Not applicable,Narrow CPR; Wide CPR rules not applied
THEMISMED,EQ,THEMIS MEDICARE LTD.,83.0,84.72,80.82,81.85,98483,8127401.04,20260203,80.52,75.15,77.92,77.86333333333334,77.83500000000001,77.89166666666668,77.89166666666668,77.83500000000001,0.05666666666667197,0.07272416153320325,Narrow,Bullish,Above CPR,Cash Only,Diversified,False,True,False,0.08333333333333333,60,6689815.955,True,True,Lower,True,Risk On,True,Bullish Virgin,4.619285714285715,97.5872,111.0527,0.012267408896449785,1.2148915746965419,False,False,No setup,0.0,None,None,0,No active J-Curve setup.,Neutral,0,Not applicable,No directional setup; confirmation score not applicable.,Narrow CPR,Not applicable,Not applicable,Narrow CPR; Wide CPR rules not applied
ENTERO,EQ,ENTERO HEALTHCARE SOLU L,1166.0,1188.5,1134.4,1143.9,48111,55508040.5,20260203,1148.8,1109.1,1130.2,1129.3666666666666,1128.9499999999998,1129.7833333333333,1129.7833333333333,1128.9499999999998,0.8333333333334849,0.0737332625494147,Narrow,Bullish,Above CPR,Cash Only,Diversified,False,True,False,0.06666666666666667,60,97485136.95,False,False,Higher,True,Risk On,True,Bullish Virgin,47.328571428571436,1076.132,1095.5810000000001,0.01760740517154963,0.5694000361149413,True,True,Long,1.0,None,None,0,No active J-Curve setup.,Long,74,Confirmed,CPR width: Narrow (20/20); Price location: Above CPR (20/20); Trend: aligned with SMA50/SMA100 (20/20); Participation: light (0.57x) (4/20); Higher timeframe: unavailable (10/20),Narrow CPR,Not applicable,Not applicable,Narrow CPR; Wide CPR rules not applied
WEBELSOLAR,EQ,WEBSOL ENERGY SYSTEM LTD,79.12,84.3,75.5,76.5,8448730,657744441.9,20260203,76.6,73.01,74.89,74.83333333333333,74.805,74.86166666666665,74.86166666666665,74.805,0.05666666666664355,0.07566653313745968,Narrow,Bullish,Above CPR,Cash Only,Power & Utilities,False,True,False,0.08333333333333333,60,348763278.47,False,False,Lower,True,Risk On,True,None,5.11142857142857,90.33940000000001,611.7437,0.011086267933664197,1.8859337622512284,False,False,No setup,0.0,None,None,0,No active J-Curve setup.,Neutral,0,Not applicable,No directional setup; confirmation score not applicable.,Narrow CPR,Not applicable,Not applicable,Narrow CPR; Wide CPR rules not applied
TCS,EQ,TATA CONSULTANCY SERV LT,3350.0,3350.0,3186.3,3225.3,4366060,14107906461.2,20260203,3198.0,3134.0,3169.6,3167.2000000000003,3166.0,3168.4000000000005,3168.4000000000005,3166.0,2.4000000000005457,0.07571933366988093,Narrow,Bullish,Above CPR,Cash Only,Information Technology,True,True,False,0.2,60,7899282697.95,True,True,Higher,True,Risk On,True,Bullish Virgin,68.40714285714284,3205.04,3123.827,0.035084055549762606,1.7859731067557876,True,True,Long,1.0,None,None,0,No active J-Curve setup.,Long,90,Strong confirmation,CPR width: Narrow (20/20); Price location: Above CPR (20/20); Trend: aligned with SMA50/SMA100 (20/20); Participation: confirmed (1.79x) (20/20); Higher timeframe: unavailable (10/20),Narrow CPR,Not applicable,Not applicable,Narrow CPR; Wide CPR rules not applied
NAVINFLUOR,EQ,NAVIN FLUORINE INT. LTD,6400.0,6443.0,6192.0,6280.5,437271,2758637901.0,20260203,5987.0,5801.5,5901.0,5896.5,5894.25,5898.75,5898.75,5894.25,4.5,0.0762582613116421,Narrow,Bullish,Above CPR,Cash Only,Chemicals,True,True,False,0.06666666666666667,60,764876333.25,True,True,Lower,True,Risk On,True,Bullish Virgin,245.92857142857142,5902.64,5524.641,0.018297995933778684,3.606645651171349,True,True,No setup,0.0,None,None,0,No active J-Curve setup.,Neutral,0,Not applicable,No directional setup; confirmation score not applicable.,Narrow CPR,Not applicable,Not applicable,Narrow CPR; Wide CPR rules not applied
DABUR,EQ,DABUR INDIA LTD,509.0,510.0,495.6,500.5,1860653,930549677.1,20260203,503.0,493.85,499.0,498.6166666666666,498.425,498.8083333333332,498.8083333333332,498.425,0.38333333333321207,0.07682030728120483,Narrow,Bullish,Above CPR,Cash Only,Fast Moving Consumer Goods,True,True,False,0.1,60,779858427.275,True,True,Lower,True,Risk On,True,None,13.396428571428553,508.10900000000004,510.11799999999994,0.028614591664436025,1.193228981767305,False,False,No setup,0.0,None,None,0,No active J-Curve setup.,Neutral,0,Not applicable,No directional setup; confirmation score not applicable.,Narrow CPR,Not applicable,Not applicable,Narrow CPR; Wide CPR rules not applied
ATGL,EQ,ADANI TOTAL GAS LIMITED,550.0,558.0,537.0,542.35,1648965,902471484.2,20260203,525.9,511.0,519.05,518.65,518.45,518.8499999999999,518.8499999999999,518.45,0.3999999999998636,0.07706386667948437,Narrow,Bullish,Above CPR,Cash Only,Oil Gas & Consumable Fuels,True,True,False,0.2,60,254995466.675,True,False,Lower,True,Risk On,True,Bullish Virgin,18.62857142857143,570.184,599.3340000000001,0.021472392638029483,3.539166778012682,False,False,No setup,0.0,None,None,0,No active J-Curve setup.,Neutral,0,Not applicable,No directional setup; confirmation score not applicable.,Narrow CPR,Not applicable,Not applicable,Narrow CPR; Wide CPR rules not applied
MIRZAINT,EQ,MIRZA INTERNATIONAL LIMIT,43.0,43.3,38.99,39.22,987372,39583557.09,20260203,39.89,37.66,38.82,38.79,38.775,38.805,38.805,38.775,0.030000000000001137,0.07727975270479427,Narrow,Bullish,Above CPR,Cash Only,Diversified,False,True,False,0.15,60,7407618.775,True,True,Higher,True,Risk On,True,Bullish Virgin,2.605714285714284,37.7618,37.941,0.011513157894737286,5.343627728736621,True,True,Long,1.0,None,Liftoff,95,🚀 J-Curve Liftoff: Decisive kinetic breakout above CPR Top (₹38.80) with massive 5.3x volume surge (NR7 Volatility Squeeze). Ascending Higher CPR overlay and +0 confluence. Momentum continuation target expansion above ₹38.80 with stop below Pivot (₹38.79).,Long,90,Strong confirmation,CPR width: Narrow (20/20); Price location: Above CPR (20/20); Trend: aligned with SMA50/SMA100 (20/20); Participation: confirmed (5.34x) (20/20); Higher timeframe: unavailable (10/20),Narrow CPR,Not applicable,Not applicable,Narrow CPR; Wide CPR rules not applied
DRREDDY,EQ,DR. REDDY S LABORATORIES,1265.0,1265.9,1218.1,1235.4,1521425,1876850348.6,20260203,1195.0,1167.1,1182.5,1181.5333333333333,1181.05,1182.0166666666667,1182.0166666666667,1181.05,0.966666666666697,0.08174770965468897,Narrow,Bullish,Above CPR,Cash Only,Healthcare,True,True,False,0.21666666666666667,60,1532536696.6,True,True,Lower,True,Risk On,True,Bullish Virgin,35.642857142857125,1242.772,1250.509,0.027120908483634798,1.2246691076069336,False,False,No setup,0.0,None,None,0,No active J-Curve setup.,Neutral,0,Not applicable,No directional setup; confirmation score not applicable.,Narrow CPR,Not applicable,Not applicable,Narrow CPR; Wide CPR rules not applied
MPHASIS,EQ,MPHASIS LIMITED,2975.0,2975.0,2811.1,2819.3,614479,1742663571.0,20260203,2798.0,2718.0,2761.4,2759.133333333333,2758.0,2760.2666666666664,2760.2666666666664,2758.0,2.266666666666424,0.082083967069835,Narrow,Bullish,Above CPR,Cash Only,Information Technology,True,True,False,0.21666666666666667,60,1071252220.0999999,False,False,Overlapping,True,Risk On,True,Bullish Virgin,101.07857142857145,2838.06,2818.4639999999995,0.022424799189689724,1.6267537544401307,False,True,No setup,0.0,None,None,0,No active J-Curve setup.,Neutral,0,Not applicable,No directional setup; confirmation score not applicable.,Narrow CPR,Not applicable,Not applicable,Narrow CPR; Wide CPR rules not applied
FINOPB,EQ,FINO PAYMENTS BANK LTD,220.0,224.16,216.0,220.46,165817,36288463.35,20260203,215.99,207.5,212.01,211.83333333333334,211.745,211.92166666666668,211.92166666666668,211.745,0.17666666666667652,0.0833294027011351,Narrow,Bullish,Above CPR,Cash Only,Diversified,False,True,False,0.08333333333333333,60,48668194.95,True,False,Overlapping,True,Risk On,True,Bullish Virgin,12.36428571428571,256.7124,273.4702,0.014288465241672283,0.745629941428514,False,False,No setup,0.0,None,None,0,No active J-Curve setup.,Neutral,0,Not applicable,No directional setup; confirmation score not applicable.,Narrow CPR,Not applicable,Not applicable,Narrow CPR; Wide CPR rules not applied
MAXHEALTH,EQ,MAX HEALTHCARE INS LTD,1011.0,1011.05,964.7,1003.5,4528070,4515689176.8,20260203,980.0,933.8,958.1,957.3000000000001,956.9,957.7000000000002,957.7000000000002,956.9,0.8000000000001819,0.08349859096129651,Narrow,Bullish,Above CPR,Cash Only,Healthcare,True,True,False,0.18333333333333332,60,2532397805.8,False,False,Higher,True,Risk On,True,Bullish Virgin,28.153571428571436,1057.588,1104.004,0.02841557782570733,1.7831673864420625,False,False,Long,1.0,None,None,0,No active J-Curve setup.,Long,70,Confirmed,CPR width: Narrow (20/20); Price location: Above CPR (20/20); Trend: opposes SMA direction (0/20); Participation: confirmed (1.78x) (20/20); Higher timeframe: unavailable (10/20),Narrow CPR,Not applicable,Not applicable,Narrow CPR; Wide CPR rules not applied
RADHIKAJWE,EQ,RADHIKA JEWELTECH LIMITED,72.0,74.0,68.01,70.17,314257,22024897.46,20260203,68.69,66.0,67.43,67.37333333333333,67.345,67.40166666666667,67.40166666666667,67.345,0.05666666666667197,0.08403776756142958,Narrow,Bullish,Above CPR,Cash Only,Diversified,False,True,False,0.15,60,14105222.91,True,True,Higher,True,Risk On,True,Bullish Virgin,3.2157142857142844,74.6812,81.4806,0.017621797719533715,1.5614710664646987,False,False,Long,1.0,None,None,0,No active J-Curve setup.,Long,70,Confirmed,CPR width: Narrow (20/20); Price location: Above CPR (20/20); Trend: opposes SMA direction (0/20); Participation: confirmed (1.56x) (20/20); Higher timeframe: unavailable (10/20),Narrow CPR,Not applicable,Not applicable,Narrow CPR; Wide CPR rules not applied
GUFICBIO,EQ,GUFIC BIOSCIENCES LTD.,311.0,319.8,299.5,305.5,40898,12520717.9,20260203,301.8,290.25,296.4,296.15,296.025,296.275,296.275,296.025,0.25,0.08434547908232119,Narrow,Bullish,Above CPR,Cash Only,Healthcare & Pharma,False,True,False,0.11666666666666667,60,11783647.899999999,True,True,Lower,True,Risk On,True,None,13.4392857142857,334.569,341.58149999999995,0.01860217911241033,1.0625502396418347,False,False,No setup,0.0,None,None,0,No active J-Curve setup.,Neutral,0,Not applicable,No directional setup; confirmation score not applicable.,Narrow CPR,Not applicable,Not applicable,Narrow CPR; Wide CPR rules not applied
GREENPANEL,EQ,GREENPANEL INDUSTRIES LTD,231.0,231.0,220.0,221.22,121714,27173558.17,20260203,225.0,214.5,220.03,219.84333333333333,219.75,219.93666666666667,219.93666666666667,219.75,0.18666666666666742,0.08483691617809727,Narrow,Bullish,Above CPR,Cash Only,Diversified,False,True,False,0.08333333333333333,60,25879249.325000003,False,False,Lower,True,Risk On,True,None,10.75,230.72119999999998,260.6121,0.01736434108527139,1.0500133844202995,False,False,No setup,0.0,None,None,0,No active J-Curve setup.,Neutral,0,Not applicable,No directional setup; confirmation score not applicable.,Narrow CPR,Not applicable,Not applicable,Narrow CPR; Wide CPR rules not applied
CSLFINANCE,EQ,CSL FINANCE LIMITED,279.0,279.0,262.35,268.35,16706,4485116.0,20260203,267.95,256.55,262.6,262.3666666666667,262.25,262.48333333333335,262.48333333333335,262.25,0.2333333333333485,0.08885503935009462,Narrow,Bullish,Above CPR,Cash Only,Financial Services,False,True,False,0.06666666666666667,60,3208545.25,True,True,Lower,True,Risk On,True,None,16.799999999999994,291.982,288.1875,0.013888888888889797,1.3978659020002913,False,False,No setup,0.0,None,None,0,No active J-Curve setup.,Neutral,0,Not applicable,No directional setup; confirmation score not applicable.,Narrow CPR,Not applicable,Not applicable,Narrow CPR; Wide CPR rules not applied
AUBANK,EQ,AU SMALL FINANCE BANK LTD,985.0,1019.0,979.8,982.3,2099845,2072103192.9,20260203,977.35,950.45,965.2,964.3333333333334,963.9000000000001,964.7666666666667,964.7666666666667,963.9000000000001,0.8666666666665606,0.08979140765297974,Narrow,Bullish,Above CPR,Cash Only,Financial Services,True,True,False,0.25,60,1662507931.25,False,False,Lower,True,Risk On,True,None,36.62857142857144,978.063,891.677,0.02366094643785461,1.2463719143535366,True,True,No setup,0.0,None,None,0,No active J-Curve setup.,Neutral,0,Not applicable,No directional setup; confirmation score not applicable.,Narrow CPR,Not applicable,Not applicable,Narrow CPR; Wide CPR rules not applied
SHANKARA,EQ,SHANKARA BLDG PRODUCT LTD,105.0,111.01,103.0,103.97,107859,11560581.53,20260203,104.99,102.51,103.89,103.79666666666667,103.75,103.84333333333333,103.84333333333333,103.75,0.09333333333333371,0.08983861135175061,Narrow,Bullish,Above CPR,Cash Only,Diversified,False,True,False,0.11666666666666667,60,11442895.425,True,False,Higher,True,Risk On,True,None,4.617142857142857,111.2574,301.76109999999994,0.020214521452145296,1.0102846439322413,False,False,No setup,0.0,None,None,0,No active J-Curve setup.,Neutral,0,Not applicable,No directional setup; confirmation score not applicable.,Narrow CPR,Not applicable,Not applicable,Narrow CPR; Wide CPR rules not applied
BLUSPRING,EQ,BLUSPRING ENTERPRISES LTD,60.98,60.98,59.52,60.65,101979,6171066.42,20260203,60.2,58.0,59.18,59.126666666666665,59.1,59.15333333333333,59.15333333333333,59.1,0.05333333333332746,0.09012053621718057,Narrow,Bullish,Above CPR,Cash Only,Diversified,False,True,False,0.11666666666666667,60,7658834.109999999,False,False,Lower,True,Risk On,True,None,3.2364285714285708,66.0712,72.7433,0.01647907010961343,0.805744886410655,False,False,No setup,0.0,None,None,0,No active J-Curve setup.,Neutral,0,Not applicable,No directional setup; confirmation score not applicable.,Narrow CPR,Not applicable,Not applicable,Narrow CPR; Wide CPR rules not applied
SRHHYPOLTD,EQ,SREE RAYALSEEMA HHP LTD.,452.6,475.0,452.6,456.6,17734,8140505.9,20260203,444.85,436.25,441.15,440.75,440.55,440.95,440.95,440.55,0.39999999999997726,0.0906721069930811,Narrow,Bullish,Above CPR,Cash Only,Diversified,False,True,False,0.11666666666666667,60,3609554.375,True,True,Lower,True,Risk On,True,Bullish Virgin,17.13214285714285,497.244,533.1585,0.023347925786948862,2.2552661781137457,False,False,No setup,0.0,None,None,0,No active J-Curve setup.,Neutral,0,Not applicable,No directional setup; confirmation score not applicable.,Narrow CPR,Not applicable,Not applicable,Narrow CPR; Wide CPR rules not applied
INDIAGLYCO,EQ,INDIA GLYCOLS LTD,890.95,900.05,860.0,875.45,101616,88879324.95,20260203,885.0,841.5,864.5,863.6666666666666,863.25,864.0833333333333,864.0833333333333,863.25,0.8333333333332575,0.09639483323692973,Narrow,Bullish,Above CPR,Cash Only,Diversified,False,True,False,0.13333333333333333,60,127082557.5,False,False,Lower,True,Risk On,True,None,40.510714285714286,1001.409,972.6375,0.020570689705837267,0.6993825643617536,False,False,No setup,0.0,None,None,0,No active J-Curve setup.,Neutral,0,Not applicable,No directional setup; confirmation score not applicable.,Narrow CPR,Not applicable,Not applicable,Narrow CPR; Wide CPR rules not applied
EXCELINDUS,EQ,EXCEL INDUSTRIES LTD,922.1,949.0,911.1,924.2,16085,14950634.5,20260203,929.9,879.0,905.8,904.9,904.45,905.3499999999999,905.3499999999999,904.45,0.8999999999998636,0.09935968204900238,Narrow,Bullish,Above CPR,Cash Only,Diversified,False,True,False,0.16666666666666666,60,5900960.6,True,False,Lower,True,Risk On,True,None,38.94642857142857,927.664,1020.678,0.023108665749652618,2.5335933441073983,False,False,No setup,0.0,None,None,0,No active J-Curve setup.,Neutral,0,Not applicable,No directional setup; confirmation score not applicable.,Narrow CPR,Not applicable,Not applicable,Narrow CPR; Wide CPR rules not applied
SBCL,EQ,SHIVALIK BIMETAL CON. LTD,438.0,493.9,432.0,489.0,564471,271346903.9,20260203,424.2,412.05,418.75,418.3333333333333,418.125,418.54166666666663,418.54166666666663,418.125,0.41666666666662877,0.09950248756218001,Narrow,Bullish,Above CPR,Cash Only,Diversified,False,True,False,0.16666666666666666,60,28613822.3,True,True,Lower,True,Risk On,True,Bullish Virgin,18.228571428571428,434.485,468.06350000000003,0.022857889237197504,9.483070840906144,True,True,No setup,0.0,None,None,0,No active J-Curve setup.,Neutral,0,Not applicable,No directional setup; confirmation score not applicable.,Narrow CPR,Not applicable,Not applicable,Narrow CPR; Wide CPR rules not applied
HCG,EQ,HEALTHCARE GLOB. ENT. LTD,600.0,604.55,589.85,599.1,153031,91291922.2,20260203,597.7,577.4,588.45,587.85,587.55,588.1500000000001,588.1500000000001,587.55,0.6000000000001364,0.10196278358401503,Narrow,Bullish,Above CPR,Cash Only,Diversified,False,True,False,0.11666666666666667,60,114434342.975,True,False,Inside,True,Risk On,True,Bullish Virgin,21.335714285714282,673.302,688.685,0.02812186139940379,0.797766822674415,False,False,No setup,0.0,None,None,0,No active J-Curve setup.,Neutral,0,Not applicable,No directional setup; confirmation score not applicable.,Narrow CPR,Not applicable,Not applicable,Narrow CPR; Wide CPR rules not applied
STARTECK,EQ,STARTECK FINANCE LIMITED,276.8,285.4,273.45,280.45,13142,3676938.45,20260203,277.4,267.85,273.05,272.76666666666665,272.625,272.9083333333333,272.9083333333333,272.625,0.283333333333303,0.10376609900505512,Narrow,Bullish,Above CPR,Cash Only,Diversified,False,True,False,0.08333333333333333,60,2878200.375,True,True,Overlapping,True,Risk On,True,None,9.232142857142845,279.947,294.0895,0.030689877498384893,1.2775130188772907,True,False,No setup,0.0,None,None,0,No active J-Curve setup.,Neutral,0,Not applicable,No directional setup; confirmation score not applicable.,Narrow CPR,Not applicable,Not applicable,Narrow CPR; Wide CPR rules not applied
FOSECOIND,EQ,FOSECO INDIA LTD,4538.0,4580.0,4405.1,4568.7,1749,7878177.5,20260203,4380.3,4300.0,4347.0,4342.433333333333,4340.15,4344.716666666667,4344.716666666667,4340.15,4.5666666666675155,0.1050532934591101,Narrow,Bullish,Above CPR,Cash Only,Diversified,False,True,False,0.15,60,4916450.3,True,False,Lower,True,Risk On,True,None,122.39285714285708,4891.534000000001,5297.382,0.037311545569504084,1.6024117034194367,False,False,No setup,0.0,None,None,0,No active J-Curve setup.,Neutral,0,Not applicable,No directional setup; confirmation score not applicable.,Narrow CPR,Not applicable,Not applicable,Narrow CPR; Wide CPR rules not applied
RAYMONDREL,EQ,RAYMOND REALTY LIMITED,500.0,509.0,476.1,478.85,637657,315345902.2,20260203,487.4,460.0,474.45,473.95,473.7,474.2,474.2,473.7,0.5,0.10538518284329222,Narrow,Bullish,Above CPR,Cash Only,Diversified,False,True,False,0.16666666666666666,60,93343382.925,False,False,Inside,True,Risk On,True,None,27.08928571428571,482.00899999999996,544.668,0.01845748187211602,3.37834233470385,False,False,No setup,0.0,None,Ready,77,"🪝 J-Curve Ready (The Hook): Support defense at Monthly/Weekly CPR level with institutional absorption (3.4x volume). Coiling inside band (₹473.70 - ₹474.20), closed above Central Pivot (₹473.95). Probe long setup ahead of crowd with invalidation below CPR Bottom (₹473.70).",Neutral,0,Not applicable,No directional setup; confirmation score not applicable.,Narrow CPR,Not applicable,Not applicable,Narrow CPR; Wide CPR rules not applied
INDOTHAI,EQ,INDO THAI SEC LTD,248.0,252.0,236.65,245.97,491453,118934277.64,20260203,244.0,239.25,242.01,241.75333333333333,241.625,241.88166666666666,241.88166666666666,241.625,0.2566666666666606,0.10605622357202621,Narrow,Bullish,Above CPR,Cash Only,Diversified,False,True,False,0.046511627906976744,44,227445582.755,False,False,Higher,True,Risk On,True,None,12.342857142857136,,,0.020794753086419274,0.5229131126635848,False,False,Long,1.0,None,None,0,No active J-Curve setup.,Long,54,Mixed,CPR width: Narrow (20/20); Price location: Above CPR (20/20); Trend: opposes SMA direction (0/20); Participation: light (0.52x) (4/20); Higher timeframe: unavailable (10/20),Narrow CPR,Not applicable,Not applicable,Narrow CPR; Wide CPR rules not applied
CREST,EQ,CREST VENTURES LIMITED,368.6,368.6,356.0,360.85,2396,860608.55,20260203,357.2,351.35,354.85,354.4666666666667,354.275,354.6583333333334,354.6583333333334,354.275,0.38333333333343944,0.10802686581187528,Narrow,Bullish,Above CPR,Cash Only,Diversified,False,True,False,0.18333333333333332,60,2389366.8499999996,False,False,Lower,True,Risk On,True,None,14.796428571428565,375.276,372.351,0.025907152626928092,0.36018267768300216,False,False,No setup,0.0,None,None,0,No active J-Curve setup.,Neutral,0,Not applicable,No directional setup; confirmation score not applicable.,Narrow CPR,Not applicable,Not applicable,Narrow CPR; Wide CPR rules not applied
ORCHPHARMA,EQ,ORCHID PHARMA LIMITED,700.0,707.0,673.5,700.05,52366,36009978.05,20260203,693.7,652.6,674.25,673.5166666666668,673.1500000000001,673.8833333333334,673.8833333333334,673.1500000000001,0.7333333333333485,0.1087628228896327,Narrow,Bullish,Above CPR,Cash Only,Healthcare & Pharma,False,True,False,0.18333333333333332,60,37325698.975,False,False,Lower,True,Risk On,True,None,27.389285714285734,780.783,766.2645,0.026774459946973195,0.9647502669439292,False,False,No setup,0.0,None,None,0,No active J-Curve setup.,Neutral,0,Not applicable,No directional setup; confirmation score not applicable.,Narrow CPR,Not applicable,Not applicable,Narrow CPR; Wide CPR rules not applied
TITAN,EQ,TITAN COMPANY LIMITED,4143.0,4143.0,4044.1,4068.6,1043274,4257009744.8,20260203,4000.0,3893.3,3953.2,3948.8333333333335,3946.65,3951.016666666667,3951.016666666667,3946.65,4.366666666666788,0.1104590374043,Narrow,Bullish,Above CPR,Cash Only,Consumer Durables,True,True,False,0.3,60,2706565529.05,True,False,Lower,True,Risk On,False,Bullish Virgin,92.89285714285701,3984.408,3807.528,0.04700756119441378,1.5728456226567709,True,True,No setup,0.0,None,None,0,No active J-Curve setup.,Neutral,0,Not applicable,No directional setup; confirmation score not applicable.,Narrow CPR,Not applicable,Not applicable,Narrow CPR; Wide CPR rules not applied
STUDDS,EQ,STUDDS ACCESSORIES LTD,490.9,508.9,482.6,503.65,69526,34602882.5,20260203,488.0,475.0,482.3,481.76666666666665,481.5,482.0333333333333,482.0333333333333,481.5,0.533333333333303,0.11058124265670806,Narrow,Bullish,Above CPR,Cash Only,Diversified,False,True,False,0.2033898305084746,60,45581777.575,True,True,Lower,True,Risk On,True,None,19.003571428571426,530.2510000000001,,0.028064900081436733,0.7591385053613718,False,False,No setup,0.0,None,None,0,No active J-Curve setup.,Neutral,0,Not applicable,No directional setup; confirmation score not applicable.,Narrow CPR,Not applicable,Not applicable,Narrow CPR; Wide CPR rules not applied
SUMICHEM,EQ,SUMITOMO CHEM INDIA LTD,440.0,440.0,419.75,422.4,138662,58753132.6,20260203,419.25,406.55,413.6,413.1333333333334,412.9,413.3666666666668,413.3666666666668,412.9,0.46666666666681067,0.11283043197940297,Narrow,Bullish,Above CPR,Cash Only,Chemicals,True,True,False,0.1,60,83874037.65,True,True,Higher,True,Risk On,True,Bullish Virgin,16.621428571428567,447.48699999999997,484.8285000000001,0.02807620684716524,0.700492479510434,False,False,Long,1.0,None,None,0,No active J-Curve setup.,Long,54,Mixed,CPR width: Narrow (20/20); Price location: Above CPR (20/20); Trend: opposes SMA direction (0/20); Participation: light (0.70x) (4/20); Higher timeframe: unavailable (10/20),Narrow CPR,Not applicable,Not applicable,Narrow CPR; Wide CPR rules not applied
SPIC,EQ,SPIC LTD,73.4,73.4,70.32,71.54,380413,27134965.1,20260203,70.6,68.5,69.67,69.58999999999999,69.55,69.62999999999998,69.62999999999998,69.55,0.07999999999998408,0.1148270417683136,Narrow,Bullish,Above CPR,Cash Only,Diversified,False,True,False,0.18333333333333332,60,36012246.64,True,False,Lower,True,Risk On,True,None,2.8064285714285737,79.7042,86.9199,0.02850598116568532,0.7534927040586324,False,False,No setup,0.0,None,None,0,No active J-Curve setup.,Neutral,0,Not applicable,No directional setup; confirmation score not applicable.,Narrow CPR,Not applicable,Not applicable,Narrow CPR; Wide CPR rules not applied
AKUMS,EQ,AKUMS DRUGS AND PHARMA L,449.85,455.0,440.95,449.2,130200,58611808.4,20260203,451.85,424.2,438.8,438.2833333333333,438.025,438.54166666666663,438.54166666666663,438.025,0.5166666666666515,0.11774536615010288,Narrow,Bullish,Above CPR,Cash Only,Diversified,False,True,False,0.2,60,47851457.525,True,True,Overlapping,True,Risk On,True,Bullish Virgin,12.710714285714293,433.475,444.5775,0.040648122131683714,1.224869866699008,True,True,No setup,0.0,None,None,0,No active J-Curve setup.,Neutral,0,Not applicable,No directional setup; confirmation score not applicable.,Narrow CPR,Not applicable,Not applicable,Narrow CPR; Wide CPR rules not applied
PLAZACABLE,EQ,PLAZA WIRES LIMITED,40.0,41.88,39.27,39.98,83430,3336034.26,20260203,40.5,38.1,39.37,39.32333333333333,39.3,39.346666666666664,39.346666666666664,39.3,0.046666666666666856,0.11853357040047463,Narrow,Bullish,Above CPR,Cash Only,Media & Entertainment,False,True,False,0.13333333333333333,60,1988040.45,True,True,Lower,True,Risk On,True,None,2.919999999999999,40.1252,45.2747,0.01598173515981742,1.6780515004108694,False,False,No setup,0.0,None,None,0,No active J-Curve setup.,Neutral,0,Not applicable,No directional setup; confirmation score not applicable.,Narrow CPR,Not applicable,Not applicable,Narrow CPR; Wide CPR rules not applied
RUSHIL,EQ,RUSHIL DECOR LIMITED,19.51,20.49,19.29,19.81,389526,7658913.32,20260203,19.46,18.75,19.14,19.116666666666667,19.105,19.128333333333334,19.128333333333334,19.105,0.023333333333333428,0.12190874259839826,Narrow,Bullish,Above CPR,Cash Only,Diversified,False,True,False,0.13333333333333333,60,6510920.715,True,True,Lower,True,Risk On,True,None,0.8650000000000004,22.2146,24.889200000000002,0.026974951830443256,1.1763180132658089,False,False,No setup,0.0,None,None,0,No active J-Curve setup.,Neutral,0,Not applicable,No directional setup; confirmation score not applicable.,Narrow CPR,Not applicable,Not applicable,Narrow CPR; Wide CPR rules not applied
KPEL,EQ,K.P. ENERGY LIMITED,294.95,296.5,282.15,285.65,322919,93004091.75,20260203,286.75,274.5,281.15,280.8,280.625,280.975,280.975,280.625,0.35000000000002274,0.1244887070958644,Narrow,Bullish,Above CPR,Cash Only,Diversified,False,True,False,0.08333333333333333,60,70995437.275,True,True,Lower,True,Risk On,True,None,13.514285714285709,338.816,376.42150000000004,0.025898520084568288,1.310000970763089,False,False,No setup,0.0,None,None,0,No active J-Curve setup.,Neutral,0,Not applicable,No directional setup; confirmation score not applicable.,Narrow CPR,Not applicable,Not applicable,Narrow CPR; Wide CPR rules not applied
EFCIL,EQ,EFC (I) LIMITED,262.5,272.0,256.55,266.1,164780,43298760.35,20260203,257.4,243.25,250.8,250.48333333333335,250.325,250.6416666666667,250.6416666666667,250.325,0.3166666666667197,0.12626262626264742,Narrow,Bullish,Above CPR,Cash Only,Diversified,False,True,False,0.11666666666666667,60,61826492.325,True,True,Inside,True,Risk On,True,Bullish Virgin,14.414285714285707,277.18300000000005,289.8725,0.021968946151308615,0.7003269750836539,False,False,No setup,0.0,None,None,0,No active J-Curve setup.,Neutral,0,Not applicable,No directional setup; confirmation score not applicable.,Narrow CPR,Not applicable,Not applicable,Narrow CPR; Wide CPR rules not applied
HAL,EQ,HINDUSTAN AERONAUTICS LTD,4500.0,4608.1,4410.1,4470.4,1450873,6493275023.7,20260203,4453.8,4207.1,4338.7,4333.200000000001,4330.450000000001,4335.950000000001,4335.950000000001,4330.450000000001,5.5,0.12676608200613088,Narrow,Bullish,Above CPR,Cash Only,Capital Goods,True,True,False,0.15,60,3910542613.8500004,True,True,Lower,True,Risk On,True,None,161.16428571428574,4420.0419999999995,4592.665,0.034126667553073614,1.660453718290325,True,False,No setup,0.0,None,None,0,No active J-Curve setup.,Neutral,0,Not applicable,No directional setup; confirmation score not applicable.,Narrow CPR,Not applicable,Not applicable,Narrow CPR; Wide CPR rules not applied
ALKEM,EQ,ALKEM LABORATORIES LTD.,5714.0,5747.0,5628.0,5702.5,175751,1001452781.0,20260203,5616.0,5406.0,5521.5,5514.5,5511.0,5518.0,5518.0,5511.0,7.0,0.12677714389205832,Narrow,Bullish,Above CPR,Cash Only,Healthcare,True,True,False,0.2833333333333333,60,523370055.75,False,False,Lower,True,Risk On,False,None,140.03571428571428,5662.06,5601.755,0.0499872481509819,1.9134697715269509,True,True,No setup,0.0,None,None,0,No active J-Curve setup.,Neutral,0,Not applicable,No directional setup; confirmation score not applicable.,Narrow CPR,Not applicable,Not applicable,Narrow CPR; Wide CPR rules not applied
URBANCO,EQ,URBAN COMPANY LIMITED,125.1,126.68,123.0,123.91,2220225,276854068.98,20260203,122.99,120.44,121.95,121.79333333333334,121.715,121.87166666666667,121.87166666666667,121.715,0.1566666666666663,0.12846795134617983,Narrow,Bullish,Above CPR,Cash Only,Consumer Services,True,True,False,0.15,60,486957565.78,False,False,Lower,True,Risk On,True,None,4.859285714285713,129.9792,,0.03224067813219651,0.5685383869876631,False,False,No setup,0.0,None,None,0,No active J-Curve setup.,Neutral,0,Not applicable,No directional setup; confirmation score not applicable.,Narrow CPR,Not applicable,Not applicable,Narrow CPR; Wide CPR rules not applied
TATACOMM,EQ,TATA COMMUNICATIONS LTD,1620.0,1620.2,1565.0,1583.3,371475,592573853.9,20260203,1617.7,1516.6,1570.2,1568.1666666666667,1567.15,1569.1833333333334,1569.1833333333334,1567.15,2.033333333333303,0.1294951810809644,Narrow,Bullish,Above CPR,Cash Only,Telecommunication,True,True,False,0.23333333333333334,60,406823541.5,True,False,Higher,True,Risk On,True,None,63.65714285714288,1760.9579999999999,1771.471,0.03194195092758778,1.4565869313145439,False,False,Long,1.0,None,None,0,No active J-Curve setup.,Long,70,Confirmed,CPR width: Narrow (20/20); Price location: Above CPR (20/20); Trend: opposes SMA direction (0/20); Participation: confirmed (1.46x) (20/20); Higher timeframe: unavailable (10/20),Narrow CPR,Not applicable,Not applicable,Narrow CPR; Wide CPR rules not applied
HGINFRA,EQ,H.G.INFRA ENGINEERING LTD,656.0,659.7,642.3,653.35,144258,93734451.55,20260203,639.25,615.7,628.7,627.8833333333333,627.475,628.2916666666666,628.2916666666666,627.475,0.816666666666606,0.12989767244577793,Narrow,Bullish,Above CPR,Cash Only,Real Estate & Infra,False,True,False,0.05,60,73856393.475,True,True,Lower,True,Risk On,True,Bullish Virgin,34.62857142857143,749.849,843.0295,0.02358360836083433,1.2691447163843523,False,False,No setup,0.0,None,None,0,No active J-Curve setup.,Neutral,0,Not applicable,No directional setup; confirmation score not applicable.,Narrow CPR,Not applicable,Not applicable,Narrow CPR; Wide CPR rules not applied
INTLCONV,EQ,INTL CONVEYORS LIMITED,75.2,79.0,75.0,76.85,68269,5232809.74,20260203,76.0,71.21,73.75,73.65333333333332,73.60499999999999,73.70166666666665,73.70166666666665,73.60499999999999,0.09666666666666401,0.13107344632768003,Narrow,Bullish,Above CPR,Cash Only,Diversified,False,True,False,0.15,60,5700413.125,False,False,Lower,True,Risk On,True,None,4.115714285714286,85.97039999999998,91.71770000000001,0.023487215087353283,0.917970263778031,False,False,No setup,0.0,None,None,0,No active J-Curve setup.,Neutral,0,Not applicable,No directional setup; confirmation score not applicable.,Narrow CPR,Not applicable,Not applicable,Narrow CPR; Wide CPR rules not applied
DODLA,EQ,DODLA DAIRY LIMITED,1197.9,1220.8,1180.0,1195.2,39442,47348409.2,20260203,1197.3,1170.0,1186.0,1184.4333333333334,1183.65,1185.2166666666667,1185.2166666666667,1183.65,1.566666666666606,0.13209668353006795,Narrow,Bullish,Above CPR,Cash Only,Diversified,False,True,False,0.26666666666666666,60,39856225.5,True,True,Higher,True,Risk On,False,None,40.76428571428575,1217.238,1265.127,0.038432334559895684,1.187980261703407,False,False,No setup,0.0,None,None,0,No active J-Curve setup.,Neutral,0,Not applicable,No directional setup; confirmation score not applicable.,Narrow CPR,Not applicable,Not applicable,Narrow CPR; Wide CPR rules not applied
PAGEIND,EQ,PAGE INDUSTRIES LTD,34195.0,34525.0,33345.0,33740.0,41461,1395876925.0,20260203,33000.0,32400.0,32765.0,32721.666666666668,32700.0,32743.333333333336,32743.333333333336,32700.0,43.33333333333576,0.1322549468436922,Narrow,Bullish,Above CPR,Cash Only,Textiles,True,True,False,0.4,60,841790735.0,False,False,Lower,True,Risk On,False,Bullish Virgin,875.0,35761.9,38685.25,0.049523809523812294,1.6582231984294766,False,False,No setup,0.0,None,None,0,No active J-Curve setup.,Neutral,0,Not applicable,No directional setup; confirmation score not applicable.,Narrow CPR,Not applicable,Not applicable,Narrow CPR; Wide CPR rules not applied
AUROPHARMA,EQ,AUROBINDO PHARMA LTD,1230.0,1247.3,1211.2,1226.1,2827489,3480572700.8,20260203,1185.0,1152.3,1171.0,1169.4333333333334,1168.65,1170.2166666666667,1170.2166666666667,1168.65,1.566666666666606,0.13378878451465465,Narrow,Bullish,Above CPR,Cash Only,Healthcare,True,True,False,0.25,60,871659058.3499999,True,False,Lower,True,Risk On,True,Bullish Virgin,36.49285714285713,1191.91,1157.345,0.042930775755201586,3.993043687733278,True,True,No setup,0.0,None,None,0,No active J-Curve setup.,Neutral,0,Not applicable,No directional setup; confirmation score not applicable.,Narrow CPR,Not applicable,Not applicable,Narrow CPR; Wide CPR rules not applied
SHYAMTEL,EQ,SHYAM TELECOM LIMITED,9.91,10.94,9.91,10.26,5184,53098.23,20260203,10.32,9.5,9.93,9.916666666666666,9.91,9.923333333333332,9.923333333333332,9.91,0.013333333333331865,0.13427324605570862,Narrow,Bullish,Above CPR,Cash Only,Diversified,False,True,False,0.06666666666666667,60,53289.94500000001,True,True,Lower,True,Risk On,True,None,0.9700000000000001,11.987,12.6072,0.013745704467352437,0.996402417003808,False,False,No setup,0.0,None,None,0,No active J-Curve setup.,Neutral,0,Not applicable,No directional setup; confirmation score not applicable.,Narrow CPR,Not applicable,Not applicable,Narrow CPR; Wide CPR rules not applied
AHCL,EQ,ANLON HEALTHCARE LIMITED,127.1,132.0,120.0,121.87,114489,14261356.04,20260203,122.85,119.0,121.17,121.00666666666666,120.925,121.08833333333332,121.08833333333332,120.925,0.1633333333333269,0.1347968419025558,Narrow,Bullish,Above CPR,Cash Only,Diversified,False,True,False,0.06666666666666667,31,16326536.6,True,False,Lower,True,Risk On,True,None,6.577142857142856,,,0.024833478134954137,0.8735077370910374,False,False,No setup,0.0,None,None,0,No active J-Curve setup.,Neutral,0,Not applicable,No directional setup; confirmation score not applicable.,Narrow CPR,Not applicable,Not applicable,Narrow CPR; Wide CPR rules not applied
VIPIND,EQ,VIP INDUSTRIES LTD,390.7,390.7,374.85,376.2,132181,49888737.1,20260203,380.0,358.5,370.0,369.5,369.25,369.75,369.75,369.25,0.5,0.13513513513513514,Narrow,Bullish,Above CPR,Cash Only,Diversified,False,True,False,0.2,60,81370194.575,True,False,Inside,True,Risk On,True,Bullish Virgin,14.753571428571425,366.716,393.7145,0.03389009924957638,0.613108243879359,True,False,No setup,0.0,None,None,0,No active J-Curve setup.,Neutral,0,Not applicable,No directional setup; confirmation score not applicable.,Narrow CPR,Not applicable,Not applicable,Narrow CPR; Wide CPR rules not applied
DCXINDIA,EQ,DCX SYSTEMS LIMITED,178.0,178.78,167.8,172.06,925628,160014879.61,20260203,172.52,162.1,167.65,167.42333333333332,167.31,167.53666666666663,167.53666666666663,167.31,0.22666666666663104,0.13520230639226427,Narrow,Bullish,Above CPR,Cash Only,Diversified,False,True,False,0.06666666666666667,60,116250396.435,True,True,Lower,True,Risk On,True,None,9.348571428571429,178.1304,208.0755,0.02424612876935234,1.3764673886464585,False,False,No setup,0.0,None,None,0,No active J-Curve setup.,Neutral,0,Not applicable,No directional setup; confirmation score not applicable.,Narrow CPR,Not applicable,Not applicable,Narrow CPR; Wide CPR rules not applied
NRAIL,EQ,N R AGARWAL INDS LTD,449.7,455.0,440.0,447.15,6306,2816274.0,20260203,456.2,432.65,445.35,444.7333333333333,444.42499999999995,445.04166666666663,445.04166666666663,444.42499999999995,0.6166666666666742,0.13846787171138975,Narrow,Bullish,Above CPR,Cash Only,Diversified,False,True,False,0.08333333333333333,60,4850974.375,True,True,Overlapping,True,Risk On,True,None,24.228571428571424,463.939,,0.02545204402515755,0.5805584161635569,False,False,No setup,0.0,None,None,0,No active J-Curve setup.,Neutral,0,Not applicable,No directional setup; confirmation score not applicable.,Narrow CPR,Not applicable,Not applicable,Narrow CPR; Wide CPR rules not applied
ICICIGI,EQ,ICICI LOMBARD GIC LIMITED,1862.1,1890.0,1844.9,1861.5,1095886,2040764174.2,20260203,1844.0,1801.8,1826.7,1824.1666666666667,1822.9,1825.4333333333334,1825.4333333333334,1822.9,2.533333333333303,0.13868360066421978,Narrow,Bullish,Above CPR,Cash Only,Financial Services,True,True,False,0.31666666666666665,60,928946377.5999999,False,False,Inside,True,Risk On,False,Bullish Virgin,46.12142857142856,1927.9119999999998,1938.4540000000002,0.05492746889680386,2.19685896130244,False,False,No setup,0.0,None,None,0,No active J-Curve setup.,Neutral,0,Not applicable,No directional setup; confirmation score not applicable.,Narrow CPR,Not applicable,Not applicable,Narrow CPR; Wide CPR rules not applied
GUJALKALI,EQ,GUJARAT ALKALIES & CHEM,450.9,480.0,450.9,472.75,64857,30113634.3,20260203,449.95,437.3,444.55,443.93333333333334,443.625,444.2416666666667,444.2416666666667,443.625,0.6166666666666742,0.13871705469951057,Narrow,Bullish,Above CPR,Cash Only,Chemicals,False,True,False,0.21666666666666667,60,9952314.975,True,True,Lower,True,Risk On,True,None,13.810714285714283,496.05,531.9875,0.04465132316179695,3.025791926365353,False,False,No setup,0.0,None,None,0,No active J-Curve setup.,Neutral,0,Not applicable,No directional setup; confirmation score not applicable.,Narrow CPR,Not applicable,Not applicable,Narrow CPR; Wide CPR rules not applied
DDEVPLSTIK,EQ,DDEV PLASTIKS IND LTD,293.5,298.75,282.6,291.55,83142,24118845.9,20260203,293.5,278.1,286.4,286.0,285.8,286.2,286.2,285.8,0.39999999999997726,0.13966480446926582,Narrow,Bullish,Above CPR,Cash Only,Diversified,False,True,False,0.16666666666666666,60,23738100.25,True,True,Lower,True,Risk On,True,None,11.914285714285699,288.825,303.2405,0.033573141486808684,1.0160394322203605,True,False,No setup,0.0,None,None,0,No active J-Curve setup.,Neutral,0,Not applicable,No directional setup; confirmation score not applicable.,Narrow CPR,Not applicable,Not applicable,Narrow CPR; Wide CPR rules not applied
LOTUSDEV,EQ,SRI LOTUS DEVLPRS N RTY L,155.99,155.99,149.7,150.86,405018,61356387.16,20260203,149.57,145.01,147.6,147.39333333333332,147.29,147.49666666666664,147.49666666666664,147.29,0.20666666666664923,0.14001806684732335,Narrow,Bullish,Above CPR,Cash Only,Diversified,False,True,False,0.06666666666666667,60,100646977.315,True,True,Lower,True,Risk On,True,None,7.550714285714291,157.2216,169.9416,0.02737047898337988,0.6096197699804712,False,False,No setup,0.0,None,None,0,No active J-Curve setup.,Neutral,0,Not applicable,No directional setup; confirmation score not applicable.,Narrow CPR,Not applicable,Not applicable,Narrow CPR; Wide CPR rules not applied
INDOBORAX,EQ,INDO BORAX & CHEMICAL LTD,250.0,254.9,247.02,249.91,64488,16209736.17,20260203,245.9,241.05,243.99,243.64666666666668,243.47500000000002,243.81833333333333,243.81833333333333,243.47500000000002,0.3433333333333053,0.1407161495689599,Narrow,Bullish,Above CPR,Cash Only,Diversified,False,True,False,0.1,60,12570856.385,False,False,Lower,True,Risk On,True,None,9.315,255.3014,,0.03685811415279713,1.2894695216900292,False,False,No setup,0.0,None,None,0,No active J-Curve setup.,Neutral,0,Not applicable,No directional setup; confirmation score not applicable.,Narrow CPR,Not applicable,Not applicable,Narrow CPR; Wide CPR rules not applied
ATUL,EQ,ATUL LTD,6278.0,6903.5,6100.0,6271.5,101661,643166558.5,20260203,6032.0,5868.0,5963.0,5954.333333333333,5950.0,5958.666666666666,5958.666666666666,5950.0,8.66666666666606,0.14534071216947944,Narrow,Bullish,Above CPR,Cash Only,Chemicals,True,True,False,0.23333333333333334,60,113685217.75,False,False,Lower,True,Risk On,True,None,268.9642857142857,5971.87,6012.78,0.032222369760543046,5.657433492491156,True,True,No setup,0.0,None,None,0,No active J-Curve setup.,Neutral,0,Not applicable,No directional setup; confirmation score not applicable.,Narrow CPR,Not applicable,Not applicable,Narrow CPR; Wide CPR rules not applied
DIXON,EQ,DIXON TECHNO (INDIA) LTD,11100.0,11200.0,10852.0,11031.0,1584528,17442414293.0,20260203,10530.0,10102.0,10339.0,10323.666666666666,10316.0,10331.333333333332,10331.333333333332,10316.0,15.33333333333212,0.1483057678047405,Narrow,Bullish,Above CPR,Cash Only,Consumer Durables,True,True,False,0.15,60,5758904005.0,True,False,Lower,True,Risk On,True,Bullish Virgin,522.2142857142857,12446.4,14507.24,0.02936214836091502,3.0287732314787905,False,False,No setup,0.0,None,None,0,No active J-Curve setup.,Neutral,0,Not applicable,No directional setup; confirmation score not applicable.,Narrow CPR,Not applicable,Not applicable,Narrow CPR; Wide CPR rules not applied
TALBROAUTO,EQ,TALBROS AUTO. COMP. LTD,270.0,270.0,255.35,262.85,50355,13186124.3,20260203,261.45,252.0,257.3,256.9166666666667,256.725,257.10833333333335,257.10833333333335,256.725,0.38333333333332575,0.14898302888974962,Narrow,Bullish,Above CPR,Cash Only,Auto Ancillary,False,True,False,0.25,60,17338308.475,True,False,Higher,True,Risk On,True,None,14.278571428571428,271.48900000000003,282.305,0.02684675671168865,0.760519650403786,False,False,Long,1.0,None,None,0,No active J-Curve setup.,Long,62,Mixed,CPR width: Narrow (20/20); Price location: Above CPR (20/20); Trend: opposes SMA direction (0/20); Participation: moderate (0.76x) (12/20); Higher timeframe: unavailable (10/20),Narrow CPR,Not applicable,Not applicable,Narrow CPR; Wide CPR rules not applied
BETA,EQ,BETA DRUGS LIMITED,1501.0,1501.1,1420.0,1439.4,13385,19529558.0,20260203,1435.0,1400.0,1420.7,1418.5666666666666,1417.5,1419.6333333333332,1419.6333333333332,1417.5,2.133333333333212,0.15016071889443317,Narrow,Bullish,Above CPR,Cash Only,Diversified,False,True,False,0.16666666666666666,49,6713418.5,True,True,Lower,True,Risk On,True,None,84.79999999999997,,,0.025157232704401095,2.9090333039717398,False,False,No setup,0.0,None,None,0,No active J-Curve setup.,Neutral,0,Not applicable,No directional setup; confirmation score not applicable.,Narrow CPR,Not applicable,Not applicable,Narrow CPR; Wide CPR rules not applied
HOMEFIRST,EQ,HOME FIRST FIN CO IND LTD,1196.0,1210.0,1150.1,1162.6,417533,488882217.0,20260203,1144.7,1111.0,1130.4,1128.7,1127.85,1129.5500000000002,1129.5500000000002,1127.85,1.7000000000002728,0.15038924274595478,Narrow,Bullish,Above CPR,Cash Only,Financial Services,True,True,False,0.21666666666666667,60,274344639.54999995,True,True,Lower,True,Risk On,True,None,61.421428571428635,1119.37,1172.0590000000002,0.027677636934531683,1.78200025268181,True,False,No setup,0.0,None,None,0,No active J-Curve setup.,Neutral,0,Not applicable,No directional setup; confirmation score not applicable.,Narrow CPR,Not applicable,Not applicable,Narrow CPR; Wide CPR rules not applied
NAVNETEDUL,EQ,NAVNEET EDUCATION LTD,151.0,164.7,149.29,162.3,3776876,601077176.24,20260203,140.74,136.25,138.81,138.6,138.495,138.70499999999998,138.70499999999998,138.495,0.20999999999997954,0.15128593040845728,Narrow,Bullish,Above CPR,Cash Only,Diversified,False,True,False,0.11666666666666667,60,17911973.89,True,True,Lower,True,Risk On,True,Bullish Virgin,6.8814285714285734,144.962,151.0466,0.03051691924433997,33.55728296229668,True,True,No setup,0.0,None,None,0,No active J-Curve setup.,Neutral,0,Not applicable,No directional setup; confirmation score not applicable.,Narrow CPR,Not applicable,Not applicable,Narrow CPR; Wide CPR rules not applied
BLUEDART,EQ,BLUE DART EXPRESS LTD,5615.0,5718.5,5531.0,5681.0,33387,188645822.5,20260203,5532.0,5440.0,5498.5,5490.166666666667,5486.0,5494.333333333334,5494.333333333334,5486.0,8.33333333333394,0.15155648510200853,Narrow,Bullish,Above CPR,Cash Only,Services,True,True,False,0.2833333333333333,60,107715457.75,True,False,Higher,True,Risk On,False,Bullish Virgin,135.78571428571428,5493.81,5661.88,0.061371208136073205,1.7513347335703078,True,True,No setup,0.0,None,None,0,No active J-Curve setup.,Neutral,0,Not applicable,No directional setup; confirmation score not applicable.,Narrow CPR,Not applicable,Not applicable,Narrow CPR; Wide CPR rules not applied
GICRE,EQ,GENERAL INS CORP OF INDIA,375.5,377.4,368.8,370.55,295028,109559759.85,20260203,374.05,365.85,370.8,370.23333333333335,369.95000000000005,370.51666666666665,370.51666666666665,369.95000000000005,0.566666666666606,0.15282272563824328,Narrow,Bullish,Above CPR,Cash Only,Financial Services,True,True,False,0.2833333333333333,60,159107966.25,True,True,Lower,True,Risk On,False,None,10.253571428571421,375.333,376.33099999999996,0.055265296644601114,0.6885875197339466,False,False,No setup,0.0,None,None,0,No active J-Curve setup.,Neutral,0,Not applicable,No directional setup; confirmation score not applicable.,Narrow CPR,Not applicable,Not applicable,Narrow CPR; Wide CPR rules not applied
APOLLO,EQ,APOLLO MICRO SYSTEMS LTD,258.0,258.95,247.65,249.75,2461332,618937792.1,20260203,255.5,236.65,246.65,246.26666666666665,246.075,246.45833333333331,246.45833333333331,246.075,0.38333333333332575,0.1554159064801645,Narrow,Bullish,Above CPR,Cash Only,Diversified,False,True,False,0.08333333333333333,60,683684656.575,True,True,Lower,True,Risk On,True,None,12.007142857142856,251.732,277.8025,0.03192544120563094,0.9052971807216543,False,False,No setup,0.0,None,None,0,No active J-Curve setup.,Neutral,0,Not applicable,No directional setup; confirmation score not applicable.,Narrow CPR,Not applicable,Not applicable,Narrow CPR; Wide CPR rules not applied
JBMA,EQ,JBM AUTO LIMITED,601.45,603.0,567.35,570.1,369505,212357645.45,20260203,567.9,542.1,556.3,555.4333333333333,555.0,555.8666666666666,555.8666666666666,555.0,0.8666666666665606,0.15579123973873102,Narrow,Bullish,Above CPR,Cash Only,Automobile and Auto Components,True,True,False,0.11666666666666667,60,151320527.325,True,True,Lower,True,Risk On,True,Bullish Virgin,25.000000000000007,593.174,630.128,0.03466666666666241,1.4033631074646402,False,False,No setup,0.0,None,None,0,No active J-Curve setup.,Neutral,0,Not applicable,No directional setup; confirmation score not applicable.,Narrow CPR,Not applicable,Not applicable,Narrow CPR; Wide CPR rules not applied
NAUKRI,EQ,INFO EDGE (I) LTD,1265.0,1305.6,1246.7,1250.7,2093182,2647983821.8,20260203,1257.8,1211.0,1237.3,1235.3666666666668,1234.4,1236.3333333333335,1236.3333333333335,1234.4,1.933333333333394,0.1562542094345263,Narrow,Bullish,Above CPR,Cash Only,Consumer Services,True,True,False,0.31666666666666665,60,1006368843.3,False,False,Lower,True,Risk On,False,None,43.714285714285715,1335.878,1345.3390000000002,0.044226579520698556,2.631225955999348,False,False,No setup,0.0,None,None,0,No active J-Curve setup.,Neutral,0,Not applicable,No directional setup; confirmation score not applicable.,Narrow CPR,Not applicable,Not applicable,Narrow CPR; Wide CPR rules not applied
TARMAT,EQ,TARMAT LIMITED,51.3,55.77,51.3,55.03,30716,1662122.68,20260203,53.98,52.07,53.15,53.06666666666666,53.025,53.10833333333333,53.10833333333333,53.025,0.0833333333333286,0.15678896205706228,Narrow,Bullish,Above CPR,Cash Only,Diversified,False,True,False,0.2,60,827918.75,True,True,Higher,True,Risk On,True,None,3.3985714285714286,51.656600000000005,52.032399999999996,0.02452010648731821,2.0075915420444335,True,True,Long,1.0,None,None,0,No active J-Curve setup.,Long,90,Strong confirmation,CPR width: Narrow (20/20); Price location: Above CPR (20/20); Trend: aligned with SMA50/SMA100 (20/20); Participation: confirmed (2.01x) (20/20); Higher timeframe: unavailable (10/20),Narrow CPR,Not applicable,Not applicable,Narrow CPR; Wide CPR rules not applied
TEAMLEASE,EQ,TEAMLEASE SERVICES LTD.,1398.7,1461.4,1396.1,1426.9,11565,16439379.3,20260203,1397.3,1357.0,1380.4,1378.2333333333336,1377.15,1379.316666666667,1379.316666666667,1377.15,2.16666666666697,0.1569593354583432,Narrow,Bullish,Above CPR,Cash Only,FMCG & Food Products,False,True,False,0.16666666666666666,60,24431358.0,False,False,Lower,True,Risk On,True,Bullish Virgin,51.25,1559.878,1666.401,0.04227642276423356,0.6728802917954868,False,False,No setup,0.0,None,None,0,No active J-Curve setup.,Neutral,0,Not applicable,No directional setup; confirmation score not applicable.,Narrow CPR,Not applicable,Not applicable,Narrow CPR; Wide CPR rules not applied
AEROFLEX,EQ,AEROFLEX INDUSTRIES LTD,193.79,193.79,182.0,185.71,3093704,579700334.34,20260203,178.0,167.3,173.06,172.78666666666666,172.65,172.92333333333332,172.92333333333332,172.65,0.2733333333333121,0.15794136908200168,Narrow,Bullish,Above CPR,Cash Only,Diversified,False,True,False,0.15,60,80276862.14500001,True,False,Lower,True,Risk On,True,Bullish Virgin,10.142142857142854,182.24460000000002,181.0286,0.026950254712771116,7.221262999703661,True,True,No setup,0.0,None,None,0,No active J-Curve setup.,Neutral,0,Not applicable,No directional setup; confirmation score not applicable.,Narrow CPR,Not applicable,Not applicable,Narrow CPR; Wide CPR rules not applied
DHAMPURSUG,EQ,DHAMPUR SUGAR MILLS LTD.,124.9,124.9,116.0,116.33,285139,33609490.53,20260203,116.9,113.6,115.53,115.34333333333332,115.25,115.43666666666664,115.43666666666664,115.25,0.186666666666639,0.1615741942929447,Narrow,Bullish,Above CPR,Cash Only,Diversified,False,True,False,0.2,60,16470116.504999999,True,False,Inside,True,Risk On,True,None,4.282142857142858,121.84460000000001,129.0873,0.043591882123985744,2.0406346560934665,False,False,No setup,0.0,None,Ready,66,"🪝 J-Curve Ready (The Hook): Support defense at Monthly/Weekly CPR level with institutional absorption (2.0x volume). Coiling inside band (₹115.25 - ₹115.44), closed above Central Pivot (₹115.34). Probe long setup ahead of crowd with invalidation below CPR Bottom (₹115.25).",Neutral,0,Not applicable,No directional setup; confirmation score not applicable.,Narrow CPR,Not applicable,Not applicable,Narrow CPR; Wide CPR rules not applied
GUJTHEM,EQ,GUJARAT THEMIS BIOSYN LTD,333.0,335.65,320.0,330.75,41103,13509231.3,20260203,325.75,310.1,318.7,318.18333333333334,317.925,318.44166666666666,318.44166666666666,317.925,0.5166666666666515,0.16211693337516522,Narrow,Bullish,Above CPR,Cash Only,Diversified,False,True,False,0.18333333333333332,60,32897834.375,True,True,Inside,True,Risk On,True,None,23.357142857142843,386.838,406.0385,0.02212028542303708,0.41064196341951464,False,False,No setup,0.0,None,None,0,No active J-Curve setup.,Neutral,0,Not applicable,No directional setup; confirmation score not applicable.,Narrow CPR,Not applicable,Not applicable,Narrow CPR; Wide CPR rules not applied
NYKAA,EQ,FSN E COMMERCE VENTURES,242.0,248.72,242.0,245.41,7389809,1819533639.11,20260203,239.99,234.09,237.62,237.23333333333335,237.04000000000002,237.42666666666668,237.42666666666668,237.04000000000002,0.38666666666665606,0.16272479869819714,Narrow,Bullish,Above CPR,Cash Only,Consumer Services,True,True,False,0.21666666666666667,60,1224629627.625,True,True,Higher,True,Risk On,True,Bullish Virgin,7.33928571428571,254.2014,252.79730000000004,0.05268450932684368,1.485782801644881,False,False,Long,1.0,None,None,0,No active J-Curve setup.,Long,70,Confirmed,CPR width: Narrow (20/20); Price location: Above CPR (20/20); Trend: opposes SMA direction (0/20); Participation: confirmed (1.49x) (20/20); Higher timeframe: unavailable (10/20),Narrow CPR,Not applicable,Not applicable,Narrow CPR; Wide CPR rules not applied
NAVKARCORP,EQ,NAVKAR CORPORATION LTD.,104.3,104.3,96.66,97.71,388627,38284782.49,20260203,97.0,94.01,95.74,95.58333333333333,95.505,95.66166666666666,95.66166666666666,95.505,0.1566666666666663,0.16363762969152526,Narrow,Bullish,Above CPR,Cash Only,Diversified,False,True,False,0.15,60,26557899.535,True,True,Lower,True,Risk On,True,None,5.098571428571428,98.61840000000001,109.25080000000001,0.030727561408424326,1.4415591278047208,False,False,No setup,0.0,None,None,0,No active J-Curve setup.,Neutral,0,Not applicable,No directional setup; confirmation score not applicable.,Narrow CPR,Not applicable,Not applicable,Narrow CPR; Wide CPR rules not applied
SUMMITSEC,EQ,SUMMIT SECURITIES LTD,1768.9,1805.0,1727.0,1787.9,10160,17925622.5,20260203,1739.8,1672.4,1710.4,1707.5333333333335,1706.1,1708.9666666666672,1708.9666666666672,1706.1,2.8666666666672427,0.16760212036174243,Narrow,Bullish,Above CPR,Cash Only,Diversified,False,True,False,0.26666666666666666,60,7444345.9,False,False,Lower,True,Risk On,False,None,75.43571428571427,1914.7459999999999,2066.8089999999997,0.03800145188272077,2.407951315104796,False,False,No setup,0.0,None,None,0,No active J-Curve setup.,Neutral,0,Not applicable,No directional setup; confirmation score not applicable.,Narrow CPR,Not applicable,Not applicable,Narrow CPR; Wide CPR rules not applied
MODISONLTD,EQ,MODISON LIMITED,161.0,161.99,151.55,152.75,131177,20462325.84,20260203,151.35,141.35,146.72,146.47333333333333,146.35,146.59666666666666,146.59666666666666,146.35,0.2466666666666697,0.16812068338786101,Narrow,Bullish,Above CPR,Cash Only,Diversified,False,True,False,0.2,60,6223113.18,False,False,Lower,True,Risk On,True,None,7.610000000000006,147.8042,151.8013,0.03241349102058732,3.288117257092856,True,True,No setup,0.0,None,None,0,No active J-Curve setup.,Neutral,0,Not applicable,No directional setup; confirmation score not applicable.,Narrow CPR,Not applicable,Not applicable,Narrow CPR; Wide CPR rules not applied
WIPRO,EQ,WIPRO LTD,259.21,259.89,242.28,242.69,25915412,6374201212.56,20260203,244.08,239.29,242.3,241.89000000000001,241.685,242.09500000000003,242.09500000000003,241.685,0.410000000000025,0.16921172100702642,Narrow,Bullish,Above CPR,Cash Only,Information Technology,True,True,False,0.4,60,2050961400.4299998,False,False,Higher,True,Risk On,False,Bullish Virgin,7.8100000000000005,255.7744,250.48309999999998,0.05249679897567541,3.107908911022704,False,False,No setup,0.0,None,Ready,76,"🪝 J-Curve Ready (The Hook): Support defense at Monthly/Weekly CPR level with institutional absorption (3.1x volume). Coiling inside band (₹241.69 - ₹242.10), closed above Central Pivot (₹241.89). Probe long setup ahead of crowd with invalidation below CPR Bottom (₹241.69).",Neutral,0,Not applicable,No directional setup; confirmation score not applicable.,Narrow CPR,Not applicable,Not applicable,Narrow CPR; Wide CPR rules not applied
RPEL,EQ,RAGHAV PRODUCTIVITY ENH L,752.3,789.0,744.0,759.85,120581,92284048.05,20260203,745.0,726.2,737.5,736.2333333333332,735.6,736.8666666666664,736.8666666666664,735.6,1.2666666666664241,0.17175141242934563,Narrow,Bullish,Above CPR,Cash Only,Diversified,False,True,False,0.15,60,41262339.875,True,True,Lower,True,Risk On,True,None,42.996428571428574,912.0690000000001,839.1795,0.029459811169249832,2.2365199920694026,False,False,No setup,0.0,None,None,0,No active J-Curve setup.,Neutral,0,Not applicable,No directional setup; confirmation score not applicable.,Narrow CPR,Not applicable,Not applicable,Narrow CPR; Wide CPR rules not applied
GLOSTERLTD,EQ,GLOSTER LIMITED,619.1,630.0,590.8,616.25,1420,878057.35,20260203,620.0,600.0,611.6,610.5333333333333,610.0,611.0666666666666,611.0666666666666,610.0,1.066666666666606,0.17440592980160333,Narrow,Bullish,Above CPR,Cash Only,Diversified,False,True,False,0.35,60,1479188.25,False,False,Higher,True,Risk On,False,None,20.267857142857135,629.3439999999999,634.0105,0.05262848751835239,0.5936075749655259,False,False,No setup,0.0,None,None,0,No active J-Curve setup.,Neutral,0,Not applicable,No directional setup; confirmation score not applicable.,Narrow CPR,Not applicable,Not applicable,Narrow CPR; Wide CPR rules not applied
UNITEDTEA,EQ,UNITED NILGIRI TEA LTD,492.95,492.95,472.25,475.75,1070,509893.1,20260203,476.9,470.0,474.7,473.8666666666666,473.45,474.28333333333325,474.28333333333325,473.45,0.8333333333332575,0.17554946984058512,Narrow,Bullish,Above CPR,Cash Only,FMCG & Food Products,False,True,False,0.31666666666666665,60,671252.2,False,False,Higher,True,Risk On,False,None,8.303571428571416,458.04900000000004,458.8875,0.10035842293905912,0.7596147915790816,True,True,No setup,0.0,None,None,0,No active J-Curve setup.,Neutral,0,Not applicable,No directional setup; confirmation score not applicable.,Narrow CPR,Not applicable,Not applicable,Narrow CPR; Wide CPR rules not applied
KSCL,EQ,KAVERI SEED CO. LTD.,950.0,950.0,905.1,911.8,61640,56610560.05,20260203,927.0,880.1,905.95,904.35,903.55,905.1500000000001,905.1500000000001,903.55,1.6000000000001364,0.17661018820024685,Narrow,Bullish,Above CPR,Cash Only,Diversified,False,True,False,0.2,60,56911946.8,True,True,Inside,True,Risk On,True,None,37.885714285714286,937.5089999999999,1006.8375,0.04223227752639878,0.9947043324478227,False,False,No setup,0.0,None,None,0,No active J-Curve setup.,Neutral,0,Not applicable,No directional setup; confirmation score not applicable.,Narrow CPR,Not applicable,Not applicable,Narrow CPR; Wide CPR rules not applied
IEX,EQ,INDIAN ENERGY EXC LTD,126.51,128.17,124.26,126.26,7786225,979323051.05,20260203,125.59,119.0,122.62,122.40333333333335,122.295,122.5116666666667,122.5116666666667,122.295,0.21666666666669698,0.1766976567172541,Narrow,Bullish,Above CPR,Cash Only,Financial Services,True,True,False,0.26666666666666666,60,807377964.585,False,False,Lower,True,Risk On,False,None,4.624285714285712,138.4124,139.884,0.04685408299866789,1.2129672767987685,False,False,No setup,0.0,None,None,0,No active J-Curve setup.,Neutral,0,Not applicable,No directional setup; confirmation score not applicable.,Narrow CPR,Not applicable,Not applicable,Narrow CPR; Wide CPR rules not applied
ALKALI,EQ,ALKALI METALS LTD,71.75,71.75,69.65,69.86,3567,250440.6,20260203,71.0,68.11,69.74,69.61666666666667,69.555,69.67833333333334,69.67833333333334,69.555,0.12333333333333485,0.17684733773062067,Narrow,Bullish,Above CPR,Cash Only,Diversified,False,True,False,0.16666666666666666,60,367891.815,True,True,Higher,True,Risk On,True,Bullish Virgin,3.5028571428571413,77.7362,84.3003,0.03520935290919022,0.6807452348457386,False,False,Long,1.0,None,None,0,No active J-Curve setup.,Long,54,Mixed,CPR width: Narrow (20/20); Price location: Above CPR (20/20); Trend: opposes SMA direction (0/20); Participation: light (0.68x) (4/20); Higher timeframe: unavailable (10/20),Narrow CPR,Not applicable,Not applicable,Narrow CPR; Wide CPR rules not applied
PFS,EQ,PTC INDIA FIN SERV LTD,33.9,34.92,32.06,34.51,1937565,65691316.42,20260203,32.91,31.0,32.04,31.98333333333333,31.955,32.01166666666666,32.01166666666666,31.955,0.05666666666666487,0.1768622555139353,Narrow,Bullish,Above CPR,Cash Only,Diversified,False,True,False,0.25,60,14551127.785,False,False,Lower,True,Risk On,True,None,1.594285714285714,33.1604,34.649300000000004,0.03554360812425216,4.514517183177909,True,False,No setup,0.0,None,None,0,No active J-Curve setup.,Neutral,0,Not applicable,No directional setup; confirmation score not applicable.,Narrow CPR,Not applicable,Not applicable,Narrow CPR; Wide CPR rules not applied
SANGAMIND,EQ,SANGAM (INDIA) LTD,485.0,524.0,465.0,486.35,419731,211503775.55,20260203,451.0,440.1,446.75,445.95,445.55,446.34999999999997,446.34999999999997,445.55,0.7999999999999545,0.1790710688304319,Narrow,Bullish,Above CPR,Cash Only,Diversified,False,True,False,0.23333333333333334,60,8618127.425,False,False,Lower,True,Risk On,True,Bullish Virgin,25.396428571428565,448.99,439.664,0.031500492195188766,24.541732225547825,True,True,No setup,0.0,None,None,0,No active J-Curve setup.,Neutral,0,Not applicable,No directional setup; confirmation score not applicable.,Narrow CPR,Not applicable,Not applicable,Narrow CPR; Wide CPR rules not applied
CINELINE,EQ,CINELINE INDIA LIMITED,90.0,90.0,82.0,85.37,17281,1464898.38,20260203,86.99,83.13,85.29,85.13666666666667,85.06,85.21333333333334,85.21333333333334,85.06,0.15333333333333599,0.17977879391878998,Narrow,Bullish,Above CPR,Cash Only,Diversified,False,True,False,0.16666666666666666,60,1083146.255,False,False,Overlapping,True,Risk On,True,None,5.007142857142858,86.10859999999998,86.3707,0.030622919638612033,1.352447440258195,False,False,No setup,0.0,None,None,0,No active J-Curve setup.,Neutral,0,Not applicable,No directional setup; confirmation score not applicable.,Narrow CPR,Not applicable,Not applicable,Narrow CPR; Wide CPR rules not applied
AADHARHFC,EQ,AADHAR HOUSING FINANCE L,485.0,495.0,472.2,477.25,1030542,490683124.85,20260203,479.9,471.1,476.8,475.93333333333334,475.5,476.3666666666667,476.3666666666667,475.5,0.8666666666666742,0.18176733780760787,Narrow,Bullish,Above CPR,Cash Only,Financial Services,True,True,False,0.3,60,124534431.7,False,False,Lower,True,Risk On,False,None,10.09285714285714,482.994,497.545,0.08586930879924588,3.940140233923756,False,False,No setup,0.0,None,None,0,No active J-Curve setup.,Neutral,0,Not applicable,No directional setup; confirmation score not applicable.,Narrow CPR,Not applicable,Not applicable,Narrow CPR; Wide CPR rules not applied
OSWALGREEN,EQ,OSWAL GREENTECH LIMITED,28.2,28.5,27.32,28.07,253024,7070882.48,20260203,27.95,26.4,27.25,27.2,27.174999999999997,27.225,27.225,27.174999999999997,0.05000000000000426,0.18348623853212573,Narrow,Bullish,Above CPR,Cash Only,Diversified,False,True,False,0.16666666666666666,60,6194400.26,True,True,Lower,True,Risk On,True,None,1.4892857142857143,31.8976,35.290299999999995,0.03357314148681342,1.1414958968118087,False,False,No setup,0.0,None,None,0,No active J-Curve setup.,Neutral,0,Not applicable,No directional setup; confirmation score not applicable.,Narrow CPR,Not applicable,Not applicable,Narrow CPR; Wide CPR rules not applied
ABB,EQ,ABB INDIA LIMITED,5641.5,5769.0,5608.0,5668.5,646658,3685110919.0,20260203,5537.0,5368.5,5468.0,5457.833333333333,5452.75,5462.916666666666,5462.916666666666,5452.75,10.16666666666606,0.1859302609119616,Narrow,Bullish,Above CPR,Cash Only,Capital Goods,True,True,False,0.31666666666666665,60,826064412.25,True,False,Lower,True,Risk On,False,Bullish Virgin,194.60714285714286,5127.96,5157.965,0.05224200159050279,4.46104548792103,True,True,No setup,0.0,None,None,0,No active J-Curve setup.,Neutral,0,Not applicable,No directional setup; confirmation score not applicable.,Narrow CPR,Not applicable,Not applicable,Narrow CPR; Wide CPR rules not applied
BEPL,EQ,BHANSALI ENG. POLYMERS LT,84.0,84.38,82.21,82.86,192342,15957652.63,20260203,82.46,80.0,81.46,81.30666666666666,81.22999999999999,81.38333333333333,81.38333333333333,81.22999999999999,0.15333333333333599,0.18823144283493248,Narrow,Bullish,Above CPR,Cash Only,Diversified,False,True,False,0.35,60,19713360.18,True,True,Lower,True,Risk On,False,None,2.4650000000000003,87.6858,93.94709999999999,0.06220419202163731,0.8094841510677456,False,False,No setup,0.0,None,None,0,No active J-Curve setup.,Neutral,0,Not applicable,No directional setup; confirmation score not applicable.,Narrow CPR,Not applicable,Not applicable,Narrow CPR; Wide CPR rules not applied
ACEINTEG,EQ,ACE INTEGRATED SOLU. LTD.,19.92,19.92,19.02,19.52,2427,47560.79,20260203,19.75,19.0,19.43,19.393333333333334,19.375,19.41166666666667,19.41166666666667,19.375,0.036666666666668846,0.1887116143420939,Narrow,Bullish,Above CPR,Cash Only,Diversified,False,True,False,0.15,60,49318.67999999999,True,True,Higher,True,Risk On,True,None,1.3214285714285712,21.378999999999998,22.868499999999997,0.027747747747749404,0.9643565075139887,False,False,Long,1.0,None,None,0,No active J-Curve setup.,Long,62,Mixed,CPR width: Narrow (20/20); Price location: Above CPR (20/20); Trend: opposes SMA direction (0/20); Participation: moderate (0.96x) (12/20); Higher timeframe: unavailable (10/20),Narrow CPR,Not applicable,Not applicable,Narrow CPR; Wide CPR rules not applied
CHOICEIN,EQ,CHOICE INTERNATIONAL LTD,778.0,788.0,767.0,782.85,508946,396135102.4,20260203,755.0,737.85,748.55,747.1333333333332,746.425,747.8416666666665,747.8416666666665,746.425,1.416666666666515,0.18925478146637034,Narrow,Bullish,Above CPR,Cash Only,Financial Services,True,True,False,0.26666666666666666,60,302395463.375,True,True,Lower,True,Risk On,False,None,26.982142857142865,791.043,798.4440000000001,0.05250386057797804,1.3099902292805023,False,False,No setup,0.0,None,None,0,No active J-Curve setup.,Neutral,0,Not applicable,No directional setup; confirmation score not applicable.,Narrow CPR,Not applicable,Not applicable,Narrow CPR; Wide CPR rules not applied
SBFC,EQ,SBFC FINANCE LIMITED,89.04,92.6,87.61,89.98,2722616,242611750.52,20260203,87.89,83.76,86.07,85.90666666666668,85.825,85.98833333333336,85.98833333333336,85.825,0.1633333333333553,0.18976801827972037,Narrow,Bullish,Above CPR,Cash Only,Financial Services,True,True,False,0.31666666666666665,60,129430112.225,False,False,Higher,True,Risk On,False,Bullish Virgin,5.366428571428572,102.53280000000001,106.3536,0.03043613292515605,1.8744614089358604,False,False,No setup,0.0,None,None,0,No active J-Curve setup.,Neutral,0,Not applicable,No directional setup; confirmation score not applicable.,Narrow CPR,Not applicable,Not applicable,Narrow CPR; Wide CPR rules not applied
ZOTA,EQ,ZOTA HEALTH CARE LIMITED,1350.0,1350.0,1283.0,1291.1,40244,52435297.4,20260203,1299.6,1243.9,1275.4,1272.9666666666667,1271.75,1274.1833333333334,1274.1833333333334,1271.75,2.433333333333394,0.19078981757357644,Narrow,Bullish,Above CPR,Cash Only,Diversified,False,True,False,0.11666666666666667,60,77681156.3,True,True,Lower,True,Risk On,True,None,67.33571428571427,1491.9160000000002,1504.065,0.03613733602065081,0.6750066540912187,False,False,No setup,0.0,None,None,0,No active J-Curve setup.,Neutral,0,Not applicable,No directional setup; confirmation score not applicable.,Narrow CPR,Not applicable,Not applicable,Narrow CPR; Wide CPR rules not applied
NAM-INDIA,EQ,NIPPON L I A M LTD,1009.0,1009.0,914.0,929.0,3555559,3355077966.95,20260203,878.0,841.95,862.45,860.8000000000001,859.975,861.6250000000001,861.6250000000001,859.975,1.650000000000091,0.19131543857615987,Narrow,Bullish,Above CPR,Cash Only,Financial Services,True,True,False,0.25,60,507013523.025,True,True,Lower,True,Risk On,True,Bullish Virgin,42.35714285714285,864.4989999999999,867.8275,0.0389544688027003,6.617334281209234,True,True,No setup,0.0,None,None,0,No active J-Curve setup.,Neutral,0,Not applicable,No directional setup; confirmation score not applicable.,Narrow CPR,Not applicable,Not applicable,Narrow CPR; Wide CPR rules not applied
CANFINHOME,EQ,CAN FIN HOMES LTD,956.0,956.0,921.25,929.1,178718,166920323.1,20260203,946.0,868.35,909.8,908.0499999999998,907.175,908.9249999999997,908.9249999999997,907.175,1.7499999999997726,0.19234996702569496,Narrow,Bullish,Above CPR,Cash Only,Financial Services,True,True,False,0.31666666666666665,60,171328908.725,True,False,Lower,True,Risk On,False,None,36.46071428571429,912.1419999999999,865.1545,0.04799686551081754,0.9742682909859876,True,True,No setup,0.0,None,None,0,No active J-Curve setup.,Neutral,0,Not applicable,No directional setup; confirmation score not applicable.,Narrow CPR,Not applicable,Not applicable,Narrow CPR; Wide CPR rules not applied
ABFRL,EQ,ADITYA BIRLA FASHION & RT,69.9,69.9,65.4,65.74,8657641,581543056.52,20260203,64.8,62.89,64.03,63.906666666666666,63.845,63.968333333333334,63.968333333333334,63.845,0.12333333333333485,0.1926180436253863,Narrow,Bullish,Above CPR,Cash Only,Consumer Services,True,True,False,0.15,60,204253434.39,False,False,Lower,True,Risk On,True,None,3.8321428571428586,73.734,79.0362,0.03218390804597739,2.847164152988517,False,False,No setup,0.0,None,None,0,No active J-Curve setup.,Neutral,0,Not applicable,No directional setup; confirmation score not applicable.,Narrow CPR,Not applicable,Not applicable,Narrow CPR; Wide CPR rules not applied
PVRINOX,EQ,PVR INOX LIMITED,994.0,994.0,972.7,985.7,175425,172427955.25,20260203,978.25,950.0,966.95,965.0666666666666,964.125,966.0083333333332,966.0083333333332,964.125,1.883333333333212,0.19477049830220922,Narrow,Bullish,Above CPR,Cash Only,Media Entertainment & Publication,True,True,False,0.15,60,328529405.25,True,True,Inside,True,Risk On,True,Bullish Virgin,38.192857142857136,1031.427,1079.5495,0.04931114020322606,0.5248478598705283,False,False,No setup,0.0,None,None,0,No active J-Curve setup.,Neutral,0,Not applicable,No directional setup; confirmation score not applicable.,Narrow CPR,Not applicable,Not applicable,Narrow CPR; Wide CPR rules not applied
DRCSYSTEMS,EQ,DRC SYSTEMS INDIA LIMITED,15.65,16.1,15.0,15.47,66878,1037533.08,20260203,15.59,15.0,15.34,15.31,15.295,15.325000000000001,15.325000000000001,15.295,0.030000000000001137,0.19556714471969452,Narrow,Bullish,Above CPR,Cash Only,Information Technology,False,True,False,0.1,60,769852.5700000001,True,True,Higher,True,Risk On,True,None,0.9050000000000001,16.9244,18.4382,0.03314917127071949,1.3477035999243334,False,False,Long,1.0,None,None,0,No active J-Curve setup.,Long,70,Confirmed,CPR width: Narrow (20/20); Price location: Above CPR (20/20); Trend: opposes SMA direction (0/20); Participation: confirmed (1.35x) (20/20); Higher timeframe: unavailable (10/20),Narrow CPR,Not applicable,Not applicable,Narrow CPR; Wide CPR rules not applied
EKC,EQ,EVEREST KANTO CYLINDERLTD,110.99,114.0,107.09,112.77,773905,85825502.16,20260203,108.35,102.33,105.65,105.44333333333334,105.34,105.54666666666668,105.54666666666668,105.34,0.20666666666667766,0.1956144502287531,Narrow,Bullish,Above CPR,Cash Only,Diversified,False,True,False,0.26666666666666666,60,23335429.11,True,True,Lower,True,Risk On,False,None,6.085,114.6614,128.2748,0.03396329772665204,3.677905461066535,False,False,No setup,0.0,None,None,0,No active J-Curve setup.,Neutral,0,Not applicable,No directional setup; confirmation score not applicable.,Narrow CPR,Not applicable,Not applicable,Narrow CPR; Wide CPR rules not applied
ARIES,EQ,ARIES AGRO LTD.,335.0,335.0,316.35,319.55,17963,5750860.95,20260203,320.75,306.0,314.3,313.68333333333334,313.375,313.9916666666667,313.9916666666667,313.375,0.6166666666666742,0.19620320288471974,Narrow,Bullish,Above CPR,Cash Only,Diversified,False,True,False,0.26666666666666666,60,8416425.6,True,False,Lower,True,Risk On,False,None,16.439285714285713,323.414,355.54350000000005,0.037511767687740345,0.6832901784339424,False,False,No setup,0.0,None,None,0,No active J-Curve setup.,Neutral,0,Not applicable,No directional setup; confirmation score not applicable.,Narrow CPR,Not applicable,Not applicable,Narrow CPR; Wide CPR rules not applied
BANARISUG,EQ,BANNARI AMMAN SUGARS LTD,3719.0,3719.0,3590.2,3616.5,363,1319329.8,20260203,3606.0,3565.6,3596.4,3589.3333333333335,3585.8,3592.866666666667,3592.866666666667,3585.8,7.066666666666606,0.19649278908538,Narrow,Bullish,Above CPR,Cash Only,Diversified,False,True,False,0.5,60,1323111.0,False,False,Higher,True,Risk On,False,Bullish Virgin,65.99285714285718,3605.6839999999997,3588.459,0.1070822960637866,0.9971421898842955,True,True,No setup,0.0,None,None,0,No active J-Curve setup.,Neutral,0,Not applicable,No directional setup; confirmation score not applicable.,Narrow CPR,Not applicable,Not applicable,Narrow CPR; Wide CPR rules not applied
UBL,EQ,UNITED BREWERIES LTD,1476.0,1515.9,1473.2,1509.4,52325,78541548.7,20260203,1478.1,1441.8,1464.3,1461.3999999999999,1459.9499999999998,1462.85,1462.85,1459.9499999999998,2.900000000000091,0.19804684832343722,Narrow,Bullish,Above CPR,Cash Only,Fast Moving Consumer Goods,True,True,False,0.4166666666666667,60,115994188.75,True,False,Overlapping,True,Risk On,False,Bullish Virgin,38.65000000000001,1590.7779999999998,1691.4520000000002,0.07503234152652238,0.677116237859804,False,False,No setup,0.0,None,None,0,No active J-Curve setup.,Neutral,0,Not applicable,No directional setup; confirmation score not applicable.,Narrow CPR,Not applicable,Not applicable,Narrow CPR; Wide CPR rules not applied
PRECAM,EQ,PRECISION CAMSHAFTS LTD.,150.0,154.0,145.0,146.69,306616,45628206.33,20260203,144.48,137.1,141.21,140.92999999999998,140.79,141.06999999999996,141.06999999999996,140.79,0.2799999999999727,0.19828624035123057,Narrow,Bullish,Above CPR,Cash Only,Diversified,False,True,False,0.26666666666666666,60,30080737.95,False,False,Lower,True,Risk On,False,None,9.27,158.5542,177.9214,0.030204962243794254,1.5168579443045214,False,False,No setup,0.0,None,None,0,No active J-Curve setup.,Neutral,0,Not applicable,No directional setup; confirmation score not applicable.,Narrow CPR,Not applicable,Not applicable,Narrow CPR; Wide CPR rules not applied
HNDFDS,EQ,HINDUSTAN FOODS LIMITED,465.1,493.2,465.1,486.3,73555,35589554.8,20260203,466.0,446.55,457.65,456.7333333333333,456.275,457.1916666666666,457.1916666666666,456.275,0.9166666666666288,0.20029862704394816,Narrow,Bullish,Above CPR,Cash Only,Diversified,False,True,False,0.3,60,21478986.65,False,False,Overlapping,True,Risk On,False,Bullish Virgin,18.010714285714293,508.875,521.7355,0.05089563090752646,1.6569475729899017,False,False,No setup,0.0,None,None,0,No active J-Curve setup.,Neutral,0,Not applicable,No directional setup; confirmation score not applicable.,Narrow CPR,Not applicable,Not applicable,Narrow CPR; Wide CPR rules not applied
GANESHHOU,EQ,GANESH HOUSING LIMITED,755.0,755.0,731.2,736.35,37768,27870441.9,20260203,740.0,718.0,731.2,729.7333333333332,729.0,730.4666666666665,730.4666666666665,729.0,1.4666666666664696,0.200583515681957,Narrow,Bullish,Above CPR,Cash Only,Diversified,False,True,False,0.31666666666666665,60,26790437.375,False,False,Higher,True,Risk On,False,Bullish Virgin,30.33571428571429,785.8580000000001,,0.04834785338669784,1.040313060585111,False,False,No setup,0.0,None,None,0,No active J-Curve setup.,Neutral,0,Not applicable,No directional setup; confirmation score not applicable.,Narrow CPR,Not applicable,Not applicable,Narrow CPR; Wide CPR rules not applied
HMVL,EQ,HINDUSTAN MEDIA VENT LTD,71.94,72.9,71.0,71.99,20925,1505795.47,20260203,71.89,70.0,71.16,71.01666666666667,70.945,71.08833333333334,71.08833333333334,70.945,0.14333333333334508,0.20142402098558893,Narrow,Bullish,Above CPR,Cash Only,Diversified,False,True,False,0.05,60,1773032.47,True,False,Overlapping,True,Risk On,True,None,2.845714285714288,68.5856,74.4594,0.050368139223565,0.8492768719571165,True,False,No setup,0.0,None,None,0,No active J-Curve setup.,Neutral,0,Not applicable,No directional setup; confirmation score not applicable.,Narrow CPR,Not applicable,Not applicable,Narrow CPR; Wide CPR rules not applied
SBICARD,EQ,SBI CARDS & PAY SER LTD,760.0,788.6,746.55,758.1,1300048,982416124.85,20260203,742.0,725.15,735.8,734.3166666666666,733.575,735.0583333333332,735.0583333333332,733.575,1.4833333333331211,0.20159463622358267,Narrow,Bullish,Above CPR,Cash Only,Financial Services,True,True,False,0.4,60,732742238.625,False,False,Lower,True,Risk On,False,None,23.828571428571422,847.3760000000001,868.788,0.06225019984011901,1.3407390390016498,False,False,No setup,0.0,None,None,0,No active J-Curve setup.,Neutral,0,Not applicable,No directional setup; confirmation score not applicable.,Narrow CPR,Not applicable,Not applicable,Narrow CPR; Wide CPR rules not applied
INDOAMIN,EQ,INDO AMINES LIMITED,121.0,121.01,115.31,116.7,70366,8250148.46,20260203,113.44,110.64,112.38,112.15333333333332,112.03999999999999,112.26666666666665,112.26666666666665,112.03999999999999,0.22666666666665947,0.20169662454765924,Narrow,Bullish,Above CPR,Cash Only,Diversified,False,True,False,0.3333333333333333,60,5872398.12,False,False,Lower,True,Risk On,False,Bullish Virgin,5.430714285714288,121.881,129.0191,0.04173791047393439,1.4049027827152836,False,False,No setup,0.0,None,None,0,No active J-Curve setup.,Neutral,0,Not applicable,No directional setup; confirmation score not applicable.,Narrow CPR,Not applicable,Not applicable,Narrow CPR; Wide CPR rules not applied
YASHO,EQ,YASHO INDUSTRIES LIMITED,1451.0,1451.0,1363.1,1389.1,139453,201094826.9,20260203,1241.0,1170.0,1209.2,1206.7333333333333,1205.5,1207.9666666666667,1207.9666666666667,1205.5,2.466666666666697,0.2039916198037295,Narrow,Bullish,Above CPR,Cash Only,Diversified,False,True,False,0.21666666666666667,60,11184066.8,True,False,Lower,True,Risk On,True,Bullish Virgin,68.0214285714286,1430.524,1542.599,0.0362630823620012,17.980474410256562,False,False,No setup,0.0,None,None,0,No active J-Curve setup.,Neutral,0,Not applicable,No directional setup; confirmation score not applicable.,Narrow CPR,Not applicable,Not applicable,Narrow CPR; Wide CPR rules not applied
SOUTHBANK,EQ,THE SOUTH INDIAN BANK LTD,38.3,39.65,37.75,39.3,40975092,1586293701.53,20260203,38.04,36.81,37.54,37.46333333333333,37.425,37.501666666666665,37.501666666666665,37.425,0.07666666666666799,0.20422660273486412,Narrow,Bullish,Above CPR,Cash Only,Banking,False,True,False,0.3,60,1100352121.335,False,False,Lower,True,Risk On,False,Bullish Virgin,2.4228571428571426,40.4232,37.1139,0.03164308176100684,1.4416237046059694,False,True,No setup,0.0,None,None,0,No active J-Curve setup.,Neutral,0,Not applicable,No directional setup; confirmation score not applicable.,Narrow CPR,Not applicable,Not applicable,Narrow CPR; Wide CPR rules not applied
CONFIPET,EQ,CONFIDENCE PETRO IND LTD.,32.99,33.44,31.25,31.7,1069248,34151516.62,20260203,32.46,29.11,30.88,30.816666666666666,30.785,30.848333333333333,30.848333333333333,30.785,0.06333333333333258,0.20509499136441897,Narrow,Bullish,Above CPR,Cash Only,Diversified,False,True,False,0.16666666666666666,60,15570207.325,True,False,Lower,True,Risk On,True,None,1.455714285714286,35.083400000000005,39.3904,0.04350670592083689,2.1933886882267317,False,False,No setup,0.0,None,None,0,No active J-Curve setup.,Neutral,0,Not applicable,No directional setup; confirmation score not applicable.,Narrow CPR,Not applicable,Not applicable,Narrow CPR; Wide CPR rules not applied
NDTV,EQ,NDTV LTD,83.0,86.01,83.0,83.3,284339,23830608.11,20260203,83.0,78.5,81.0,80.83333333333333,80.75,80.91666666666666,80.91666666666666,80.75,0.1666666666666572,0.20576131687241628,Narrow,Bullish,Above CPR,Cash Only,Diversified,False,True,False,0.25,60,21938012.23,False,False,Lower,True,Risk On,True,Bullish Virgin,4.227142857142859,87.97699999999999,97.24870000000001,0.03942773459501858,1.0862701624995856,False,False,No setup,0.0,None,None,0,No active J-Curve setup.,Neutral,0,Not applicable,No directional setup; confirmation score not applicable.,Narrow CPR,Not applicable,Not applicable,Narrow CPR; Wide CPR rules not applied
COROMANDEL,EQ,COROMANDEL INTERNTL. LTD,2245.1,2300.0,2207.0,2292.2,197533,448028837.1,20260203,2239.5,2178.0,2215.6,2211.0333333333333,2208.75,2213.3166666666666,2213.3166666666666,2208.75,4.566666666666606,0.2061142203767199,Narrow,Bullish,Above CPR,Cash Only,Chemicals,True,True,False,0.26666666666666666,60,616413799.15,True,False,Lower,True,Risk On,False,None,71.88571428571429,2305.3,2262.3109999999997,0.06352676205617298,0.7268312904704707,False,True,No setup,0.0,None,None,0,No active J-Curve setup.,Neutral,0,Not applicable,No directional setup; confirmation score not applicable.,Narrow CPR,Not applicable,Not applicable,Narrow CPR; Wide CPR rules not applied
BAJAJHCARE,EQ,BAJAJ HEALTHCARE LIMITED,356.3,361.0,345.0,354.05,124584,44009326.35,20260203,344.9,329.4,338.2,337.5,337.15,337.85,337.85,337.15,0.7000000000000455,0.2069781194559567,Narrow,Bullish,Above CPR,Cash Only,Diversified,False,True,False,0.13333333333333333,60,48636342.400000006,True,True,Lower,True,Risk On,True,None,19.98928571428571,401.27799999999996,428.535,0.03501876005002908,0.9048650490214494,False,False,No setup,0.0,None,None,0,No active J-Curve setup.,Neutral,0,Not applicable,No directional setup; confirmation score not applicable.,Narrow CPR,Not applicable,Not applicable,Narrow CPR; Wide CPR rules not applied
STAR,EQ,STRIDES PHARMA SCI LTD,870.0,887.4,850.0,875.5,549021,476584985.15,20260203,855.9,812.0,836.55,834.8166666666666,833.95,835.6833333333332,835.6833333333332,833.95,1.7333333333331211,0.20720020720018184,Narrow,Bullish,Above CPR,Cash Only,Diversified,False,True,False,0.15,60,263399365.1,True,True,Lower,True,Risk On,True,None,51.699999999999996,893.535,882.2654999999999,0.03352675693100815,1.8093626951950461,False,False,No setup,0.0,None,None,0,No active J-Curve setup.,Neutral,0,Not applicable,No directional setup; confirmation score not applicable.,Narrow CPR,Not applicable,Not applicable,Narrow CPR; Wide CPR rules not applied
TEJASNET,EQ,TEJAS NETWORKS LIMITED,349.0,349.0,333.65,338.05,1592967,540564628.85,20260203,335.4,319.05,328.25,327.56666666666666,327.225,327.9083333333333,327.9083333333333,327.225,0.6833333333332803,0.208174663620192,Narrow,Bullish,Above CPR,Cash Only,Telecommunication,True,True,False,0.18333333333333332,60,439556494.5,True,True,Lower,True,Risk On,True,None,22.332142857142856,429.63,497.91200000000003,0.030598645983258996,1.229795568064346,False,False,No setup,0.0,None,None,0,No active J-Curve setup.,Neutral,0,Not applicable,No directional setup; confirmation score not applicable.,Narrow CPR,Not applicable,Not applicable,Narrow CPR; Wide CPR rules not applied
TCI,EQ,TRANSPORT CORPN OF INDIA,1095.5,1111.0,1076.3,1102.1,19792,21663512.0,20260203,1099.0,1046.6,1076.2,1073.9333333333334,1072.8,1075.0666666666668,1075.0666666666668,1072.8,2.266666666666879,0.2106176051539564,Narrow,Bullish,Above CPR,Cash Only,Diversified,False,True,False,0.45,60,17956519.15,False,False,Higher,True,Risk On,False,Bullish Virgin,44.42857142857142,1055.138,1116.282,0.05101822079314519,1.2064427308563308,True,False,No setup,0.0,None,None,0,No active J-Curve setup.,Neutral,0,Not applicable,No directional setup; confirmation score not applicable.,Narrow CPR,Not applicable,Not applicable,Narrow CPR; Wide CPR rules not applied
MEIL,EQ,MANGAL ELECTRICAL IND L,263.95,272.0,257.45,266.75,105332,27889404.3,20260203,259.85,244.15,252.8,252.26666666666665,252.0,252.5333333333333,252.5333333333333,252.0,0.533333333333303,0.2109704641350091,Narrow,Bullish,Above CPR,Cash Only,Diversified,False,True,False,0.15,60,19074720.65,False,False,Lower,True,Risk On,True,None,17.689285714285703,354.714,414.42650000000003,0.030150077394170187,1.462113380936984,False,False,No setup,0.0,None,None,0,No active J-Curve setup.,Neutral,0,Not applicable,No directional setup; confirmation score not applicable.,Narrow CPR,Not applicable,Not applicable,Narrow CPR; Wide CPR rules not applied
ARENTERP,EQ,RAJDARSHAN INDUSTRIES LTD,39.0,44.4,39.0,41.06,2102,84735.74,20260203,40.5,38.15,39.45,39.36666666666667,39.325,39.40833333333333,39.40833333333333,39.325,0.0833333333333286,0.2112378538233931,Narrow,Bullish,Above CPR,Cash Only,Diversified,False,True,False,0.2,60,88903.06,False,False,Lower,True,Risk On,True,None,3.3007142857142866,47.29959999999999,46.6874,0.02524706052080935,0.9531251230272615,False,False,No setup,0.0,None,None,0,No active J-Curve setup.,Neutral,0,Not applicable,No directional setup; confirmation score not applicable.,Narrow CPR,Not applicable,Not applicable,Narrow CPR; Wide CPR rules not applied
HDFCLIFE,EQ,HDFC LIFE INS CO LTD,721.5,735.0,718.15,720.15,3911536,2838301136.7,20260203,721.65,708.8,717.5,715.9833333333332,715.2249999999999,716.7416666666666,716.7416666666666,715.2249999999999,1.5166666666666515,0.2113821138211361,Narrow,Bullish,Above CPR,Cash Only,Financial Services,True,True,False,0.36666666666666664,60,1632902312.925,False,False,Lower,True,Risk On,False,None,15.65000000000001,752.7690000000001,755.8515000000001,0.0969116080937157,1.7381940819324226,False,False,No setup,0.0,None,None,0,No active J-Curve setup.,Neutral,0,Not applicable,No directional setup; confirmation score not applicable.,Narrow CPR,Not applicable,Not applicable,Narrow CPR; Wide CPR rules not applied
INDNIPPON,EQ,INDIA NIPPON ELECT  LTD,744.0,745.05,718.6,734.8,27120,19866735.35,20260203,719.8,703.05,713.7,712.1833333333334,711.425,712.9416666666668,712.9416666666668,711.425,1.5166666666668789,0.21250758955679963,Narrow,Bullish,Above CPR,Cash Only,Diversified,False,True,False,0.13333333333333333,60,14719589.05,True,True,Higher,True,Risk On,True,Bullish Virgin,27.371428571428574,794.89,882.4025,0.05541057759221373,1.3496800272423366,False,False,Long,1.0,None,None,0,No active J-Curve setup.,Long,70,Confirmed,CPR width: Narrow (20/20); Price location: Above CPR (20/20); Trend: opposes SMA direction (0/20); Participation: confirmed (1.35x) (20/20); Higher timeframe: unavailable (10/20),Narrow CPR,Not applicable,Not applicable,Narrow CPR; Wide CPR rules not applied
FEDERALBNK,EQ,FEDERAL BANK LTD,294.0,298.25,283.35,285.5,8832776,2527922320.75,20260203,284.8,276.0,281.3,280.7,280.4,281.0,281.0,280.4,0.6000000000000227,0.2132954141486039,Narrow,Bullish,Above CPR,Cash Only,Financial Services,True,True,False,0.5,60,1896413097.625,False,False,Lower,True,Risk On,False,None,10.339285714285714,264.6766,240.15919999999997,0.058031088082903755,1.3330019308113192,True,True,No setup,0.0,None,None,0,No active J-Curve setup.,Neutral,0,Not applicable,No directional setup; confirmation score not applicable.,Narrow CPR,Not applicable,Not applicable,Narrow CPR; Wide CPR rules not applied
RML,EQ,RANE (MADRAS) LIMITED,745.0,756.0,741.95,750.75,5919,4431030.9,20260203,739.95,715.05,729.85,728.2833333333333,727.5,729.0666666666666,729.0666666666666,727.5,1.566666666666606,0.2146559795391664,Narrow,Bullish,Above CPR,Cash Only,Diversified,False,True,False,0.3333333333333333,60,5068680.425,False,False,Lower,True,Risk On,False,Bullish Virgin,25.842857142857138,765.967,798.553,0.060622811866590624,0.8741981203125467,False,False,No setup,0.0,None,None,0,No active J-Curve setup.,Neutral,0,Not applicable,No directional setup; confirmation score not applicable.,Narrow CPR,Not applicable,Not applicable,Narrow CPR; Wide CPR rules not applied
ARVSMART,EQ,ARVIND SMARTSPACES LTD,540.0,570.0,530.0,560.45,39618,21865630.85,20260203,529.6,520.0,526.5,525.3666666666667,524.8,525.9333333333334,525.9333333333334,524.8,1.1333333333334394,0.21525799303579096,Narrow,Bullish,Above CPR,Cash Only,Consumer & Retail,False,True,False,0.23333333333333334,60,15973301.475,False,False,Lower,True,Risk On,True,None,22.407142857142865,580.137,602.4525,0.05057910955265587,1.3688861306613511,False,False,No setup,0.0,None,None,0,No active J-Curve setup.,Neutral,0,Not applicable,No directional setup; confirmation score not applicable.,Narrow CPR,Not applicable,Not applicable,Narrow CPR; Wide CPR rules not applied
ROUTE,EQ,ROUTE MOBILE LIMITED,604.0,607.0,588.9,591.9,157690,93729359.75,20260203,594.8,575.1,586.85,585.5833333333334,584.95,586.2166666666667,586.2166666666667,584.95,1.2666666666666515,0.21584164039646442,Narrow,Bullish,Above CPR,Cash Only,Diversified,False,True,False,0.2,60,85194061.475,True,True,Overlapping,True,Risk On,True,None,20.44999999999999,666.038,715.528,0.061939690301547785,1.1001865403201216,False,False,No setup,0.0,None,None,0,No active J-Curve setup.,Neutral,0,Not applicable,No directional setup; confirmation score not applicable.,Narrow CPR,Not applicable,Not applicable,Narrow CPR; Wide CPR rules not applied
TRF,EQ,TRF LIMITED,280.0,285.0,276.0,276.85,13035,3640600.75,20260203,280.0,263.0,272.4,271.8,271.5,272.1,272.1,271.5,0.6000000000000227,0.22026431718062509,Narrow,Bullish,Above CPR,Cash Only,Diversified,False,True,False,0.25,60,3353785.45,True,True,Lower,True,Risk On,True,Bearish Virgin,15.753571428571425,293.705,315.6675,0.03808660167762557,1.0855198712845509,False,False,No setup,0.0,None,None,0,No active J-Curve setup.,Neutral,0,Not applicable,No directional setup; confirmation score not applicable.,Narrow CPR,Not applicable,Not applicable,Narrow CPR; Wide CPR rules not applied
CPEDU,EQ,CAREER POINT EDUTECH LTD,214.9,219.74,208.2,214.79,14690,3150433.09,20260203,216.48,205.03,211.46,210.99,210.755,211.22500000000002,211.22500000000002,210.755,0.4700000000000273,0.22226425801571328,Narrow,Bullish,Above CPR,Cash Only,Diversified,False,True,False,0.26666666666666666,60,2802812.325,True,False,Lower,True,Risk On,False,None,16.147142857142857,253.28900000000002,,0.029107316641601266,1.124025701578146,False,False,No setup,0.0,None,None,0,No active J-Curve setup.,Neutral,0,Not applicable,No directional setup; confirmation score not applicable.,Narrow CPR,Not applicable,Not applicable,Narrow CPR; Wide CPR rules not applied
ASIANENE,EQ,ASIAN ENERGY SERVICES LTD,262.5,264.15,251.0,251.95,94842,24312817.2,20260203,258.0,244.2,251.95,251.38333333333333,251.1,251.66666666666666,251.66666666666666,251.1,0.5666666666666629,0.22491235033405949,Narrow,Bullish,Above CPR,Cash Only,Diversified,False,True,False,0.18333333333333332,60,16643756.075,False,False,Lower,True,Risk On,True,None,16.38571428571428,275.885,307.61650000000003,0.034582970066840815,1.4607770680152798,False,False,No setup,0.0,None,None,0,No active J-Curve setup.,Neutral,0,Not applicable,No directional setup; confirmation score not applicable.,Narrow CPR,Not applicable,Not applicable,Narrow CPR; Wide CPR rules not applied
EXCELSOFT,EQ,EXCELSOFT TECHNOLOGIES L,72.64,73.74,70.2,72.24,1033784,74117883.94,20260203,70.0,68.01,69.24,69.08333333333333,69.005,69.16166666666666,69.16166666666666,69.005,0.1566666666666663,0.22626612747929853,Narrow,Bullish,Above CPR,Cash Only,Information Technology,False,True,False,0.21739130434782608,47,175089231.79,False,False,Lower,True,Risk On,True,Bullish Virgin,3.2535714285714303,,,0.04815221368459554,0.4233149188117756,False,False,No setup,0.0,None,None,0,No active J-Curve setup.,Neutral,0,Not applicable,No directional setup; confirmation score not applicable.,Narrow CPR,Not applicable,Not applicable,Narrow CPR; Wide CPR rules not applied
APEX,EQ,APEX FROZEN FOODS LIMITED,352.3,352.3,328.05,352.3,5531249,1900450059.6,20260203,302.35,282.85,293.6,292.93333333333334,292.6,293.26666666666665,293.26666666666665,292.6,0.6666666666666288,0.22706630336056838,Narrow,Bullish,Above CPR,Cash Only,Diversified,False,True,False,0.16666666666666666,60,128610138.11,True,False,Lower,True,Risk On,True,Bullish Virgin,20.28214285714285,284.8578,263.6362,0.032869636673121344,14.776829319431636,True,True,No setup,0.0,None,None,0,No active J-Curve setup.,Neutral,0,Not applicable,No directional setup; confirmation score not applicable.,Narrow CPR,Not applicable,Not applicable,Narrow CPR; Wide CPR rules not applied
APOLLOTYRE,EQ,APOLLO TYRES LTD,491.0,506.0,487.0,504.9,1179645,589509404.85,20260203,487.95,474.85,483.05,481.95,481.4,482.5,482.5,481.4,1.1000000000000227,0.22771969775386042,Narrow,Bullish,Above CPR,Cash Only,Automobile and Auto Components,True,True,False,0.26666666666666666,60,357664093.4,True,True,Lower,True,Risk On,False,None,16.59999999999999,510.006,503.13699999999994,0.06626506024096526,1.6482208187186174,False,True,No setup,0.0,None,None,0,No active J-Curve setup.,Neutral,0,Not applicable,No directional setup; confirmation score not applicable.,Narrow CPR,Not applicable,Not applicable,Narrow CPR; Wide CPR rules not applied
EBGNG,EQ,GNG ELECTRONICS LIMITED,279.0,281.45,261.05,281.45,138534,38308068.25,20260203,265.0,245.05,255.9,255.3166666666667,255.025,255.60833333333338,255.60833333333338,255.025,0.5833333333333712,0.22795362771917596,Narrow,Bullish,Above CPR,Cash Only,Diversified,False,True,False,0.16666666666666666,60,33781535.475,False,False,Higher,True,Risk On,True,Bullish Virgin,15.578571428571424,295.57399999999996,318.66450000000003,0.037444597279537827,1.1339942874517903,False,False,Long,1.0,None,None,0,No active J-Curve setup.,Long,70,Confirmed,CPR width: Narrow (20/20); Price location: Above CPR (20/20); Trend: opposes SMA direction (0/20); Participation: confirmed (1.13x) (20/20); Higher timeframe: unavailable (10/20),Narrow CPR,Not applicable,Not applicable,Narrow CPR; Wide CPR rules not applied
HCLTECH,EQ,HCL TECHNOLOGIES LTD,1780.0,1780.1,1689.1,1695.3,3200948,5482320734.5,20260203,1688.5,1653.6,1676.8,1672.9666666666665,1671.05,1674.883333333333,1674.883333333333,1671.05,3.83333333333303,0.22861005089056716,Narrow,Bullish,Above CPR,Cash Only,Information Technology,True,True,False,0.4666666666666667,60,3481126820.5,False,False,Lower,True,Risk On,False,None,40.71428571428573,1660.876,1579.7380000000003,0.09415204678361824,1.5748695802218906,True,True,No setup,0.0,None,None,0,No active J-Curve setup.,Neutral,0,Not applicable,No directional setup; confirmation score not applicable.,Narrow CPR,Not applicable,Not applicable,Narrow CPR; Wide CPR rules not applied
UNIVCABLES,EQ,UNIVERSAL CABLES LTD,734.0,763.8,721.7,733.55,128125,94236920.05,20260203,710.0,680.4,697.6,696.0,695.2,696.8,696.8,695.2,1.599999999999909,0.22935779816512458,Narrow,Bullish,Above CPR,Cash Only,Media & Entertainment,False,True,False,0.23333333333333334,60,83488674.45,False,False,Lower,True,Risk On,True,None,44.92142857142858,852.587,796.4115,0.03561774526951618,1.1287389657436344,False,False,No setup,0.0,None,None,0,No active J-Curve setup.,Neutral,0,Not applicable,No directional setup; confirmation score not applicable.,Narrow CPR,Not applicable,Not applicable,Narrow CPR; Wide CPR rules not applied
HIMATSEIDE,EQ,HIMATSINGKA SEIDE LTD,122.84,122.84,114.93,119.29,4842519,578844171.63,20260203,104.0,100.03,102.37,102.13333333333333,102.015,102.25166666666665,102.25166666666665,102.015,0.23666666666665037,0.2311875223860998,Narrow,Bullish,Above CPR,Cash Only,Diversified,False,True,False,0.3,60,31427021.825,False,False,Inside,True,Risk On,False,Bullish Virgin,6.082142857142856,112.26039999999999,117.3245,0.03891172440790494,18.418677240664692,True,True,No setup,0.0,None,None,0,No active J-Curve setup.,Neutral,0,Not applicable,No directional setup; confirmation score not applicable.,Narrow CPR,Not applicable,Not applicable,Narrow CPR; Wide CPR rules not applied
POLYPLEX,EQ,POLYPLEX CORPORATION LTD,855.2,867.85,851.2,857.7,52412,45064951.35,20260203,841.5,815.0,831.2,829.2333333333332,828.25,830.2166666666665,830.2166666666665,828.25,1.9666666666664696,0.2366057106191614,Narrow,Bullish,Above CPR,Cash Only,Diversified,False,True,False,0.2833333333333333,60,36450283.75,True,True,Lower,True,Risk On,False,None,30.178571428571438,829.216,909.0915000000001,0.065167652859954,1.2363402068166343,True,False,No setup,0.0,None,None,0,No active J-Curve setup.,Neutral,0,Not applicable,No directional setup; confirmation score not applicable.,Narrow CPR,Not applicable,Not applicable,Narrow CPR; Wide CPR rules not applied
PROSTARM,EQ,PROSTARM INFO SYSTEMS LTD,155.0,156.8,150.28,153.24,239847,36580754.82,20260203,152.0,142.43,147.74,147.39000000000001,147.215,147.56500000000003,147.56500000000003,147.215,0.35000000000002274,0.23690266684717934,Narrow,Bullish,Above CPR,Cash Only,Diversified,False,True,False,0.2833333333333333,60,55393673.015,False,False,Lower,True,Risk On,False,None,7.453571428571432,169.19359999999998,178.1604,0.04695735505510605,0.660377852360401,False,False,No setup,0.0,None,None,0,No active J-Curve setup.,Neutral,0,Not applicable,No directional setup; confirmation score not applicable.,Narrow CPR,Not applicable,Not applicable,Narrow CPR; Wide CPR rules not applied
ASAHIINDIA,EQ,ASAHI INDIA GLASS LIMITED,1004.0,1015.7,985.6,992.8,97908,97766638.2,20260203,1015.0,962.3,992.2,989.8333333333334,988.65,991.0166666666668,991.0166666666668,988.65,2.366666666666788,0.23852717866022854,Narrow,Bullish,Above CPR,Cash Only,Automobile and Auto Components,True,True,False,0.2,60,89775527.92500001,False,False,Inside,True,Risk On,True,None,43.392857142857146,992.057,954.8055,0.05454046639232103,1.089012122342248,True,True,No setup,0.0,None,None,0,No active J-Curve setup.,Neutral,0,Not applicable,No directional setup; confirmation score not applicable.,Narrow CPR,Not applicable,Not applicable,Narrow CPR; Wide CPR rules not applied
TVTODAY,EQ,TV TODAY NETWORK LTD,122.2,123.5,119.32,121.03,129168,15673440.22,20260203,121.82,117.69,120.19,119.89999999999999,119.755,120.04499999999999,120.04499999999999,119.755,0.28999999999999204,0.24128463266494057,Narrow,Bullish,Above CPR,Cash Only,Diversified,False,True,False,0.4,60,6714803.4350000005,True,False,Lower,True,Risk On,False,None,4.870000000000002,134.41039999999998,140.7221,0.059548254620121546,2.334162179387757,False,False,No setup,0.0,None,None,0,No active J-Curve setup.,Neutral,0,Not applicable,No directional setup; confirmation score not applicable.,Narrow CPR,Not applicable,Not applicable,Narrow CPR; Wide CPR rules not applied
WORTHPERI,EQ,WORTH PERIPHERALS LIMITED,137.21,144.9,137.21,141.15,10766,1531115.91,20260203,139.5,135.2,137.85,137.51666666666665,137.35,137.6833333333333,137.6833333333333,137.35,0.3333333333333144,0.24180872929511382,Narrow,Bullish,Above CPR,Cash Only,Diversified,False,True,False,0.16666666666666666,60,1377626.12,False,False,Higher,True,Risk On,True,Bullish Virgin,7.088571428571432,139.84380000000002,,0.047024049442426434,1.1114161438808954,True,False,Long,1.0,None,None,0,No active J-Curve setup.,Long,82,Strong confirmation,CPR width: Narrow (20/20); Price location: Above CPR (20/20); Trend: partially aligned (1/2) (12/20); Participation: confirmed (1.11x) (20/20); Higher timeframe: unavailable (10/20),Narrow CPR,Not applicable,Not applicable,Narrow CPR; Wide CPR rules not applied
BALMLAWRIE,EQ,BALMER LAWRIE & CO LTD,178.0,179.01,174.1,176.74,132078,23310365.28,20260203,176.3,171.71,174.64,174.21666666666667,174.005,174.42833333333334,174.42833333333334,174.005,0.4233333333333462,0.24240342036952944,Narrow,Bullish,Above CPR,Cash Only,Diversified,False,True,False,0.4166666666666667,60,20450316.045,False,False,Higher,True,Risk On,False,Bullish Virgin,4.753571428571424,178.3322,192.23649999999998,0.08905584773353649,1.1398535469430688,False,False,No setup,0.0,None,None,0,No active J-Curve setup.,Neutral,0,Not applicable,No directional setup; confirmation score not applicable.,Narrow CPR,Not applicable,Not applicable,Narrow CPR; Wide CPR rules not applied
MARKOLINES,EQ,MARKOLINES PAVEMENT TEC L,138.0,144.0,137.75,142.87,330341,46548143.08,20260203,136.5,133.49,135.49,135.16,134.995,135.325,135.325,134.995,0.3299999999999841,0.24356041036237658,Narrow,Bullish,Above CPR,Cash Only,Diversified,False,True,False,0.31666666666666665,60,23812462.115000002,False,False,Outside,True,Risk On,False,Bullish Virgin,5.440714285714283,151.6876,,0.06065380070893763,1.954780772152002,False,False,No setup,0.0,None,None,0,No active J-Curve setup.,Neutral,0,Not applicable,No directional setup; confirmation score not applicable.,Narrow CPR,Not applicable,Not applicable,Narrow CPR; Wide CPR rules not applied
AERONEU,EQ,AEROFLEX NEU LIMITED,73.0,74.8,71.19,72.65,39137,2835394.81,20260203,70.0,68.49,69.5,69.33,69.245,69.41499999999999,69.41499999999999,69.245,0.1699999999999875,0.24460431654674458,Narrow,Bullish,Above CPR,Cash Only,Diversified,False,True,False,0.13333333333333333,60,1831824.9,True,True,Higher,True,Risk On,True,Bullish Virgin,3.7457142857142833,74.5548,81.036,0.04538520213577091,1.5478525321934429,False,False,Long,1.0,None,None,0,No active J-Curve setup.,Long,70,Confirmed,CPR width: Narrow (20/20); Price location: Above CPR (20/20); Trend: opposes SMA direction (0/20); Participation: confirmed (1.55x) (20/20); Higher timeframe: unavailable (10/20),Narrow CPR,Not applicable,Not applicable,Narrow CPR; Wide CPR rules not applied
KOTHARIPET,EQ,KOTHARI PETROCHEM LTD,119.0,119.99,115.8,117.24,54638,6396641.86,20260203,118.22,114.06,116.57,116.28333333333335,116.14,116.42666666666669,116.42666666666669,116.14,0.28666666666669016,0.24591804638130751,Narrow,Bullish,Above CPR,Cash Only,Diversified,False,True,False,0.3333333333333333,60,4576842.02,False,False,Lower,True,Risk On,False,None,4.067142857142856,125.28859999999999,135.35739999999998,0.07048354993561053,1.39761036803276,False,False,No setup,0.0,None,None,0,No active J-Curve setup.,Neutral,0,Not applicable,No directional setup; confirmation score not applicable.,Narrow CPR,Not applicable,Not applicable,Narrow CPR; Wide CPR rules not applied
BALRAMCHIN,EQ,BALRAMPUR CHINI MILLS LTD,431.0,442.9,427.1,437.45,281193,122263938.15,20260203,425.6,411.5,420.1,419.06666666666666,418.55,419.5833333333333,419.5833333333333,418.55,1.033333333333303,0.24597318098864626,Narrow,Bullish,Above CPR,Cash Only,Fast Moving Consumer Goods,True,True,False,0.4166666666666667,60,90107664.275,False,False,Higher,True,Risk On,False,Bullish Virgin,13.592857142857136,433.64399999999995,454.21549999999996,0.07602031879488308,1.3568650251199734,True,False,No setup,0.0,None,None,0,No active J-Curve setup.,Neutral,0,Not applicable,No directional setup; confirmation score not applicable.,Narrow CPR,Not applicable,Not applicable,Narrow CPR; Wide CPR rules not applied
AVALON,EQ,AVALON TECHNOLOGIES LTD,1004.85,1022.7,950.0,1022.7,467309,475058007.9,20260203,872.0,826.2,852.25,850.15,849.1,851.1999999999999,851.1999999999999,849.1,2.099999999999909,0.24640657084187848,Narrow,Bullish,Above CPR,Cash Only,Diversified,False,True,False,0.3,60,140141888.2,True,False,Overlapping,True,Risk On,False,Bullish Virgin,48.03928571428571,892.145,984.977,0.04371422199092815,3.389835929868683,True,True,No setup,0.0,None,None,0,No active J-Curve setup.,Neutral,0,Not applicable,No directional setup; confirmation score not applicable.,Narrow CPR,Not applicable,Not applicable,Narrow CPR; Wide CPR rules not applied
KIMS,EQ,KRISHNA INST OF MED SCI L,599.9,625.0,598.1,616.95,320264,196695484.7,20260203,603.0,578.6,593.0,591.5333333333333,590.8,592.2666666666667,592.2666666666667,590.8,1.466666666666697,0.2473299606520568,Narrow,Bullish,Above CPR,Cash Only,Healthcare,True,True,False,0.31666666666666665,60,212036341.35,False,False,Lower,True,Risk On,False,None,18.13214285714286,641.0830000000001,678.819,0.08088766331823422,0.9276498709969841,False,False,No setup,0.0,None,None,0,No active J-Curve setup.,Neutral,0,Not applicable,No directional setup; confirmation score not applicable.,Narrow CPR,Not applicable,Not applicable,Narrow CPR; Wide CPR rules not applied
OMFREIGHT,EQ,OM FREIGHT FORWARDERS LTD,92.0,96.0,89.91,93.75,83811,7788412.72,20260203,91.9,89.58,91.08,90.85333333333334,90.74000000000001,90.96666666666667,90.96666666666667,90.74000000000001,0.22666666666665947,0.2488654662567627,Narrow,Bullish,Above CPR,Cash Only,Logistics & Ports,False,True,False,0.18333333333333332,60,4682595.779999999,False,False,Lower,True,Risk On,True,None,4.8864285714285725,92.42179999999999,,0.04638698046094477,1.6632682140246582,True,False,No setup,0.0,None,None,0,No active J-Curve setup.,Neutral,0,Not applicable,No directional setup; confirmation score not applicable.,Narrow CPR,Not applicable,Not applicable,Narrow CPR; Wide CPR rules not applied
GAEL,EQ,GUJARAT AMBUJA EXPORTS LT,137.0,141.03,130.1,132.55,1179524,159062285.39,20260203,137.53,126.36,132.44,132.10999999999999,131.945,132.27499999999998,132.27499999999998,131.945,0.3299999999999841,0.24916943521593482,Narrow,Bullish,Above CPR,Cash Only,Diversified,False,True,False,0.23333333333333334,60,119800402.0,False,False,Lower,True,Risk On,True,None,6.447857142857143,126.42560000000002,116.794,0.05117979395147643,1.327727476156549,True,True,No setup,0.0,None,None,0,No active J-Curve setup.,Neutral,0,Not applicable,No directional setup; confirmation score not applicable.,Narrow CPR,Not applicable,Not applicable,Narrow CPR; Wide CPR rules not applied
