SYMBOL,Industry,CLOSE,Pivot,BC,TC,CPR_Top,CPR_Bottom,CPR_Width_Pct,Width_Rank_Pct,Overlay,Setup,Bias,Price_Position,Segment,Signal_Direction,Signal_Score,Signal_Grade,Signal_Explanation,Strategy_Type,Strategy_Setup,Strategy_Confirmation,Strategy_Explanation
INOXINDIA,Diversified,1118.8,1118.8333333333333,1118.85,1118.8166666666666,1118.85,1118.8166666666666,0.0029793826719076,0.0166666666666666,Lower,Short,Bearish,Below CPR,Cash Only,Short,70,Confirmed,CPR width: Narrow (20/20); Price location: Below CPR (20/20); Trend: unavailable (10/20); Participation: unavailable (10/20); Higher timeframe: unavailable (10/20),Narrow CPR,Not applicable,Not applicable,Narrow CPR; Wide CPR rules not applied
BHARATFORG,Automobile and Auto Components,1557.5,1557.5333333333335,1557.5500000000002,1557.5166666666669,1557.5500000000002,1557.5166666666669,0.0021401819154608,0.0166666666666666,Lower,Short,Bearish,Below CPR,Cash Only,Short,70,Confirmed,CPR width: Narrow (20/20); Price location: Below CPR (20/20); Trend: unavailable (10/20); Participation: unavailable (10/20); Higher timeframe: unavailable (10/20),Narrow CPR,Not applicable,Not applicable,Narrow CPR; Wide CPR rules not applied
BLSE,Diversified,165.99,166.0,166.005,165.995,166.005,165.995,0.0060244593047719,0.0166666666666666,Lower,Short,Bearish,Below CPR,Cash Only,Short,70,Confirmed,CPR width: Narrow (20/20); Price location: Below CPR (20/20); Trend: unavailable (10/20); Participation: unavailable (10/20); Higher timeframe: unavailable (10/20),Narrow CPR,Not applicable,Not applicable,Narrow CPR; Wide CPR rules not applied
ADVANCE,Diversified,133.14,133.13,133.125,133.135,133.135,133.125,0.007510890791641,0.0166666666666666,Higher,Long,Bullish,Above CPR,Cash Only,Long,70,Confirmed,CPR width: Narrow (20/20); Price location: Above CPR (20/20); Trend: unavailable (10/20); Participation: unavailable (10/20); Higher timeframe: unavailable (10/20),Narrow CPR,Not applicable,Not applicable,Narrow CPR; Wide CPR rules not applied
PURVA,Diversified,238.38,238.37,238.365,238.375,238.375,238.365,0.0041949828005667,0.0166666666666666,Higher,Long,Bullish,Above CPR,Cash Only,Long,70,Confirmed,CPR width: Narrow (20/20); Price location: Above CPR (20/20); Trend: unavailable (10/20); Participation: unavailable (10/20); Higher timeframe: unavailable (10/20),Narrow CPR,Not applicable,Not applicable,Narrow CPR; Wide CPR rules not applied
SHREERAMA,Diversified,60.43,60.43333333333334,60.435,60.43166666666667,60.435,60.43166666666667,0.0055160240498598,0.027027027027027,Lower,Short,Bearish,Below CPR,Cash Only,Short,70,Confirmed,CPR width: Narrow (20/20); Price location: Below CPR (20/20); Trend: unavailable (10/20); Participation: unavailable (10/20); Higher timeframe: unavailable (10/20),Narrow CPR,Not applicable,Not applicable,Narrow CPR; Wide CPR rules not applied
GRAVITA,Metals & Mining,1643.0,1643.1333333333332,1643.2,1643.0666666666664,1643.2,1643.0666666666664,0.0081152363562791,0.0333333333333333,Lower,Short,Bearish,Below CPR,Cash Only,Short,70,Confirmed,CPR width: Narrow (20/20); Price location: Below CPR (20/20); Trend: unavailable (10/20); Participation: unavailable (10/20); Higher timeframe: unavailable (10/20),Narrow CPR,Not applicable,Not applicable,Narrow CPR; Wide CPR rules not applied
PDSL,Diversified,343.2,343.2333333333333,343.25,343.2166666666667,343.25,343.2166666666667,0.0097125097125008,0.0333333333333333,Lower,Short,Bearish,Below CPR,Cash Only,Short,70,Confirmed,CPR width: Narrow (20/20); Price location: Below CPR (20/20); Trend: unavailable (10/20); Participation: unavailable (10/20); Higher timeframe: unavailable (10/20),Narrow CPR,Not applicable,Not applicable,Narrow CPR; Wide CPR rules not applied
ACL,Diversified,58.56,58.553333333333335,58.55,58.55666666666667,58.55666666666667,58.55,0.0113843351548408,0.0434782608695652,Higher,Long,Bullish,Above CPR,Cash Only,Long,70,Confirmed,CPR width: Narrow (20/20); Price location: Above CPR (20/20); Trend: unavailable (10/20); Participation: unavailable (10/20); Higher timeframe: unavailable (10/20),Narrow CPR,Not applicable,Not applicable,Narrow CPR; Wide CPR rules not applied
OIL,Oil Gas & Consumable Fuels,497.25,497.3,497.325,497.275,497.325,497.275,0.010055304172942,0.1166666666666666,Lower,Short,Bearish,Below CPR,Cash Only,Short,70,Confirmed,CPR width: Narrow (20/20); Price location: Below CPR (20/20); Trend: unavailable (10/20); Participation: unavailable (10/20); Higher timeframe: unavailable (10/20),Narrow CPR,Not applicable,Not applicable,Narrow CPR; Wide CPR rules not applied
KICL,Diversified,4777.5,4778.233333333334,4778.6,4777.866666666667,4778.6,4777.866666666667,0.0153497296354489,0.0333333333333333,Lower,Short,Bearish,Below CPR,Cash Only,Short,70,Confirmed,CPR width: Narrow (20/20); Price location: Below CPR (20/20); Trend: unavailable (10/20); Participation: unavailable (10/20); Higher timeframe: unavailable (10/20),Narrow CPR,Not applicable,Not applicable,Narrow CPR; Wide CPR rules not applied
GARUDA,Diversified,167.19,167.21666666666667,167.23000000000002,167.20333333333332,167.23000000000002,167.20333333333332,0.0159499172598237,0.0166666666666666,Lower,Short,Bearish,Below CPR,Cash Only,Short,70,Confirmed,CPR width: Narrow (20/20); Price location: Below CPR (20/20); Trend: unavailable (10/20); Participation: unavailable (10/20); Higher timeframe: unavailable (10/20),Narrow CPR,Not applicable,Not applicable,Narrow CPR; Wide CPR rules not applied
PTCIL,Capital Goods,17442.0,17444.0,17445.0,17443.0,17445.0,17443.0,0.0114665749340671,0.0333333333333333,Lower,Short,Bearish,Below CPR,Cash Only,Short,70,Confirmed,CPR width: Narrow (20/20); Price location: Below CPR (20/20); Trend: unavailable (10/20); Participation: unavailable (10/20); Higher timeframe: unavailable (10/20),Narrow CPR,Not applicable,Not applicable,Narrow CPR; Wide CPR rules not applied
WIPRO,Information Technology,230.72,230.75,230.765,230.735,230.765,230.735,0.0130027739250921,0.05,Lower,Short,Bearish,Below CPR,Cash Only,Short,70,Confirmed,CPR width: Narrow (20/20); Price location: Below CPR (20/20); Trend: unavailable (10/20); Participation: unavailable (10/20); Higher timeframe: unavailable (10/20),Narrow CPR,Not applicable,Not applicable,Narrow CPR; Wide CPR rules not applied
PIRAMALFIN,Financial Services,1689.9,1690.1333333333332,1690.25,1690.0166666666664,1690.25,1690.0166666666664,0.0138075231276155,0.0377358490566037,Lower,Short,Bearish,Below CPR,Cash Only,Short,70,Confirmed,CPR width: Narrow (20/20); Price location: Below CPR (20/20); Trend: unavailable (10/20); Participation: unavailable (10/20); Higher timeframe: unavailable (10/20),Narrow CPR,Not applicable,Not applicable,Narrow CPR; Wide CPR rules not applied
TEMBO,Diversified,572.3,572.3833333333333,572.425,572.3416666666667,572.425,572.3416666666667,0.0145611276137091,0.0833333333333333,Lower,Short,Bearish,Below CPR,Cash Only,Short,70,Confirmed,CPR width: Narrow (20/20); Price location: Below CPR (20/20); Trend: unavailable (10/20); Participation: unavailable (10/20); Higher timeframe: unavailable (10/20),Narrow CPR,Not applicable,Not applicable,Narrow CPR; Wide CPR rules not applied
SHANTIGEAR,Automobile & Ancillary,453.85,453.7833333333333,453.75,453.8166666666666,453.8166666666666,453.75,0.0146891410524635,0.0333333333333333,Higher,Long,Bullish,Above CPR,Cash Only,Long,70,Confirmed,CPR width: Narrow (20/20); Price location: Above CPR (20/20); Trend: unavailable (10/20); Participation: unavailable (10/20); Higher timeframe: unavailable (10/20),Narrow CPR,Not applicable,Not applicable,Narrow CPR; Wide CPR rules not applied
NITINSPIN,Textiles & Apparel,340.25,340.3,340.325,340.27500000000003,340.325,340.27500000000003,0.0146950771491416,0.0333333333333333,Lower,Short,Bearish,Below CPR,Cash Only,Short,70,Confirmed,CPR width: Narrow (20/20); Price location: Below CPR (20/20); Trend: unavailable (10/20); Participation: unavailable (10/20); Higher timeframe: unavailable (10/20),Narrow CPR,Not applicable,Not applicable,Narrow CPR; Wide CPR rules not applied
CUB,Financial Services,292.45,292.5,292.525,292.475,292.525,292.475,0.0170969396477874,0.05,Lower,Short,Bearish,Below CPR,Cash Only,Short,70,Confirmed,CPR width: Narrow (20/20); Price location: Below CPR (20/20); Trend: unavailable (10/20); Participation: unavailable (10/20); Higher timeframe: unavailable (10/20),Narrow CPR,Not applicable,Not applicable,Narrow CPR; Wide CPR rules not applied
LIBERTSHOE,Diversified,271.65,271.6033333333333,271.58000000000004,271.62666666666667,271.62666666666667,271.58000000000004,0.0171789680348331,0.0166666666666666,Higher,Long,Bullish,Above CPR,Cash Only,Long,70,Confirmed,CPR width: Narrow (20/20); Price location: Above CPR (20/20); Trend: unavailable (10/20); Participation: unavailable (10/20); Higher timeframe: unavailable (10/20),Narrow CPR,Not applicable,Not applicable,Narrow CPR; Wide CPR rules not applied
SUNFLAG,Diversified,245.57,245.61,245.63,245.59,245.63,245.59,0.0162886346052125,0.0333333333333333,Lower,Short,Bearish,Below CPR,Cash Only,Short,70,Confirmed,CPR width: Narrow (20/20); Price location: Below CPR (20/20); Trend: unavailable (10/20); Participation: unavailable (10/20); Higher timeframe: unavailable (10/20),Narrow CPR,Not applicable,Not applicable,Narrow CPR; Wide CPR rules not applied
RBLBANK,Financial Services,302.1,302.15,302.17499999999995,302.125,302.17499999999995,302.125,0.0165508109897234,0.05,Lower,Short,Bearish,Below CPR,Cash Only,Short,70,Confirmed,CPR width: Narrow (20/20); Price location: Below CPR (20/20); Trend: unavailable (10/20); Participation: unavailable (10/20); Higher timeframe: unavailable (10/20),Narrow CPR,Not applicable,Not applicable,Narrow CPR; Wide CPR rules not applied
MAXESTATES,Real Estate & Infra,380.45,380.51666666666665,380.55,380.4833333333333,380.55,380.4833333333333,0.0175231085994794,0.0333333333333333,Lower,Short,Bearish,Below CPR,Cash Only,Short,70,Confirmed,CPR width: Narrow (20/20); Price location: Below CPR (20/20); Trend: unavailable (10/20); Participation: unavailable (10/20); Higher timeframe: unavailable (10/20),Narrow CPR,Not applicable,Not applicable,Narrow CPR; Wide CPR rules not applied
CASTROLIND,Oil Gas & Consumable Fuels,185.23,185.26666666666665,185.285,185.2483333333333,185.285,185.2483333333333,0.0197952095592993,0.0833333333333333,Lower,Short,Bearish,Below CPR,Cash Only,Short,70,Confirmed,CPR width: Narrow (20/20); Price location: Below CPR (20/20); Trend: unavailable (10/20); Participation: unavailable (10/20); Higher timeframe: unavailable (10/20),Narrow CPR,Not applicable,Not applicable,Narrow CPR; Wide CPR rules not applied
CYIENT,Information Technology,1066.6,1066.8333333333333,1066.9499999999998,1066.7166666666667,1066.9499999999998,1066.7166666666667,0.0218763672729346,0.0666666666666666,Lower,Short,Bearish,Below CPR,Cash Only,Short,70,Confirmed,CPR width: Narrow (20/20); Price location: Below CPR (20/20); Trend: unavailable (10/20); Participation: unavailable (10/20); Higher timeframe: unavailable (10/20),Narrow CPR,Not applicable,Not applicable,Narrow CPR; Wide CPR rules not applied
INDIANHUME,Diversified,390.15,390.2333333333333,390.275,390.1916666666666,390.275,390.1916666666666,0.0213593062497427,0.0666666666666666,Lower,Short,Bearish,Below CPR,Cash Only,Short,70,Confirmed,CPR width: Narrow (20/20); Price location: Below CPR (20/20); Trend: unavailable (10/20); Participation: unavailable (10/20); Higher timeframe: unavailable (10/20),Narrow CPR,Not applicable,Not applicable,Narrow CPR; Wide CPR rules not applied
ARTNIRMAN,Diversified,44.45,44.46666666666667,44.475,44.458333333333336,44.475,44.458333333333336,0.0374953130858621,0.1,Lower,Short,Bearish,Below CPR,Cash Only,Short,70,Confirmed,CPR width: Narrow (20/20); Price location: Below CPR (20/20); Trend: unavailable (10/20); Participation: unavailable (10/20); Higher timeframe: unavailable (10/20),Narrow CPR,Not applicable,Not applicable,Narrow CPR; Wide CPR rules not applied
NUVOCO,Construction Materials,345.1,345.2333333333333,345.3,345.1666666666667,345.3,345.1666666666667,0.0386361441128153,0.05,Lower,Short,Bearish,Below CPR,Cash Only,Short,70,Confirmed,CPR width: Narrow (20/20); Price location: Below CPR (20/20); Trend: unavailable (10/20); Participation: unavailable (10/20); Higher timeframe: unavailable (10/20),Narrow CPR,Not applicable,Not applicable,Narrow CPR; Wide CPR rules not applied
DYCL,Diversified,296.75,296.81666666666666,296.85,296.7833333333333,296.85,296.7833333333333,0.0224655995507058,0.0333333333333333,Lower,Short,Bearish,Below CPR,Cash Only,Short,70,Confirmed,CPR width: Narrow (20/20); Price location: Below CPR (20/20); Trend: unavailable (10/20); Participation: unavailable (10/20); Higher timeframe: unavailable (10/20),Narrow CPR,Not applicable,Not applicable,Narrow CPR; Wide CPR rules not applied
ADANIPORTS,Services,1550.7,1551.0666666666666,1551.25,1550.8833333333332,1551.25,1550.8833333333332,0.0236452354850575,0.0666666666666666,Lower,Short,Bearish,Below CPR,Cash Only,Short,70,Confirmed,CPR width: Narrow (20/20); Price location: Below CPR (20/20); Trend: unavailable (10/20); Participation: unavailable (10/20); Higher timeframe: unavailable (10/20),Narrow CPR,Not applicable,Not applicable,Narrow CPR; Wide CPR rules not applied
MBLINFRA,Real Estate & Infra,26.84,26.846666666666668,26.85,26.843333333333334,26.85,26.843333333333334,0.0248385494287172,0.0166666666666666,Lower,Short,Bearish,Below CPR,Cash Only,Short,70,Confirmed,CPR width: Narrow (20/20); Price location: Below CPR (20/20); Trend: unavailable (10/20); Participation: unavailable (10/20); Higher timeframe: unavailable (10/20),Narrow CPR,Not applicable,Not applicable,Narrow CPR; Wide CPR rules not applied
AARTIDRUGS,Healthcare & Pharma,374.65,374.55,374.5,374.6,374.6,374.5,0.0266915788068925,0.0333333333333333,Higher,Long,Bullish,Above CPR,Cash Only,Long,70,Confirmed,CPR width: Narrow (20/20); Price location: Above CPR (20/20); Trend: unavailable (10/20); Participation: unavailable (10/20); Higher timeframe: unavailable (10/20),Narrow CPR,Not applicable,Not applicable,Narrow CPR; Wide CPR rules not applied
APTECHT,Information Technology,81.66,81.68333333333332,81.695,81.67166666666665,81.695,81.67166666666665,0.0285737611233658,0.0166666666666666,Lower,Short,Bearish,Below CPR,Cash Only,Short,70,Confirmed,CPR width: Narrow (20/20); Price location: Below CPR (20/20); Trend: unavailable (10/20); Participation: unavailable (10/20); Higher timeframe: unavailable (10/20),Narrow CPR,Not applicable,Not applicable,Narrow CPR; Wide CPR rules not applied
CHEMFAB,Chemicals & Fertilizers,399.95,400.06666666666666,400.125,400.0083333333333,400.125,400.0083333333333,0.029170312955788,0.0333333333333333,Lower,Short,Bearish,Below CPR,Cash Only,Short,70,Confirmed,CPR width: Narrow (20/20); Price location: Below CPR (20/20); Trend: unavailable (10/20); Participation: unavailable (10/20); Higher timeframe: unavailable (10/20),Narrow CPR,Not applicable,Not applicable,Narrow CPR; Wide CPR rules not applied
JAICORPLTD,Diversified,112.3,112.33333333333331,112.35,112.31666666666666,112.35,112.31666666666666,0.029682398337784,0.0166666666666666,Lower,Short,Bearish,Below CPR,Cash Only,Short,70,Confirmed,CPR width: Narrow (20/20); Price location: Below CPR (20/20); Trend: unavailable (10/20); Participation: unavailable (10/20); Higher timeframe: unavailable (10/20),Narrow CPR,Not applicable,Not applicable,Narrow CPR; Wide CPR rules not applied
CINELINE,Diversified,84.93,84.90333333333334,84.89,84.91666666666667,84.91666666666667,84.89,0.0313984065308734,0.05,Higher,Long,Bullish,Above CPR,Cash Only,Long,70,Confirmed,CPR width: Narrow (20/20); Price location: Above CPR (20/20); Trend: unavailable (10/20); Participation: unavailable (10/20); Higher timeframe: unavailable (10/20),Narrow CPR,Not applicable,Not applicable,Narrow CPR; Wide CPR rules not applied
JBMA,Automobile and Auto Components,580.65,580.8333333333334,580.925,580.7416666666668,580.925,580.7416666666668,0.031573810958954,0.0333333333333333,Lower,Short,Bearish,Below CPR,Cash Only,Short,70,Confirmed,CPR width: Narrow (20/20); Price location: Below CPR (20/20); Trend: unavailable (10/20); Participation: unavailable (10/20); Higher timeframe: unavailable (10/20),Narrow CPR,Not applicable,Not applicable,Narrow CPR; Wide CPR rules not applied
PETRONET,Oil Gas & Consumable Fuels,295.85,295.95,296.0,295.9,296.0,295.9,0.0338009126246485,0.1,Lower,Short,Bearish,Below CPR,Cash Only,Short,70,Confirmed,CPR width: Narrow (20/20); Price location: Below CPR (20/20); Trend: unavailable (10/20); Participation: unavailable (10/20); Higher timeframe: unavailable (10/20),Narrow CPR,Not applicable,Not applicable,Narrow CPR; Wide CPR rules not applied
HAPPSTMNDS,Information Technology,387.1,387.23333333333335,387.3,387.1666666666667,387.3,387.1666666666667,0.0344441574097974,0.0666666666666666,Lower,Short,Bearish,Below CPR,Cash Only,Short,70,Confirmed,CPR width: Narrow (20/20); Price location: Below CPR (20/20); Trend: unavailable (10/20); Participation: unavailable (10/20); Higher timeframe: unavailable (10/20),Narrow CPR,Not applicable,Not applicable,Narrow CPR; Wide CPR rules not applied
GRAPHITE,Capital Goods,618.7,618.9166666666667,619.0250000000001,618.8083333333334,619.0250000000001,618.8083333333334,0.0350196648887501,0.05,Lower,Short,Bearish,Below CPR,Cash Only,Short,70,Confirmed,CPR width: Narrow (20/20); Price location: Below CPR (20/20); Trend: unavailable (10/20); Participation: unavailable (10/20); Higher timeframe: unavailable (10/20),Narrow CPR,Not applicable,Not applicable,Narrow CPR; Wide CPR rules not applied
GEEKAYWIRE,Diversified,28.0,28.01,28.015,28.005000000000003,28.015,28.005000000000003,0.0357142857142786,0.05,Lower,Short,Bearish,Below CPR,Cash Only,Short,70,Confirmed,CPR width: Narrow (20/20); Price location: Below CPR (20/20); Trend: unavailable (10/20); Participation: unavailable (10/20); Higher timeframe: unavailable (10/20),Narrow CPR,Not applicable,Not applicable,Narrow CPR; Wide CPR rules not applied
AZAD,Diversified,1492.2,1492.7333333333331,1493.0,1492.4666666666667,1493.0,1492.4666666666667,0.0357414108921929,0.0666666666666666,Lower,Short,Bearish,Below CPR,Cash Only,Short,70,Confirmed,CPR width: Narrow (20/20); Price location: Below CPR (20/20); Trend: unavailable (10/20); Participation: unavailable (10/20); Higher timeframe: unavailable (10/20),Narrow CPR,Not applicable,Not applicable,Narrow CPR; Wide CPR rules not applied
BALAXI,Diversified,22.87,22.88,22.885,22.875,22.885,22.875,0.0437254044599825,0.0333333333333333,Lower,Short,Bearish,Below CPR,Cash Only,Short,70,Confirmed,CPR width: Narrow (20/20); Price location: Below CPR (20/20); Trend: unavailable (10/20); Participation: unavailable (10/20); Higher timeframe: unavailable (10/20),Narrow CPR,Not applicable,Not applicable,Narrow CPR; Wide CPR rules not applied
SENORES,Diversified,825.3,824.9333333333334,824.75,825.1166666666668,825.1166666666668,824.75,0.0444282887031125,0.0666666666666666,Higher,Long,Bullish,Above CPR,Cash Only,Long,70,Confirmed,CPR width: Narrow (20/20); Price location: Above CPR (20/20); Trend: unavailable (10/20); Participation: unavailable (10/20); Higher timeframe: unavailable (10/20),Narrow CPR,Not applicable,Not applicable,Narrow CPR; Wide CPR rules not applied
VALIANTLAB,Healthcare & Pharma,58.86,58.883333333333326,58.895,58.871666666666655,58.895,58.871666666666655,0.0396420885717644,0.0166666666666666,Lower,Short,Bearish,Below CPR,Cash Only,Short,70,Confirmed,CPR width: Narrow (20/20); Price location: Below CPR (20/20); Trend: unavailable (10/20); Participation: unavailable (10/20); Higher timeframe: unavailable (10/20),Narrow CPR,Not applicable,Not applicable,Narrow CPR; Wide CPR rules not applied
SAGARDEEP,Diversified,25.13,25.12,25.115,25.125,25.125,25.115,0.0397930760047672,0.0333333333333333,Higher,Long,Bullish,Above CPR,Cash Only,Long,70,Confirmed,CPR width: Narrow (20/20); Price location: Above CPR (20/20); Trend: unavailable (10/20); Participation: unavailable (10/20); Higher timeframe: unavailable (10/20),Narrow CPR,Not applicable,Not applicable,Narrow CPR; Wide CPR rules not applied
ARCHIES,Diversified,16.25,16.256666666666664,16.259999999999998,16.25333333333333,16.259999999999998,16.25333333333333,0.0410256410256474,0.05,Lower,Short,Bearish,Below CPR,Cash Only,Short,70,Confirmed,CPR width: Narrow (20/20); Price location: Below CPR (20/20); Trend: unavailable (10/20); Participation: unavailable (10/20); Higher timeframe: unavailable (10/20),Narrow CPR,Not applicable,Not applicable,Narrow CPR; Wide CPR rules not applied
REDTAPE,Diversified,124.44,124.49333333333334,124.52,124.46666666666668,124.52,124.46666666666668,0.0428586735240611,0.1,Lower,Short,Bearish,Below CPR,Cash Only,Short,70,Confirmed,CPR width: Narrow (20/20); Price location: Below CPR (20/20); Trend: unavailable (10/20); Participation: unavailable (10/20); Higher timeframe: unavailable (10/20),Narrow CPR,Not applicable,Not applicable,Narrow CPR; Wide CPR rules not applied
GNFC,Diversified,464.1,464.3,464.4,464.2000000000001,464.4,464.2000000000001,0.0430941607412048,0.05,Lower,Short,Bearish,Below CPR,Cash Only,Short,70,Confirmed,CPR width: Narrow (20/20); Price location: Below CPR (20/20); Trend: unavailable (10/20); Participation: unavailable (10/20); Higher timeframe: unavailable (10/20),Narrow CPR,Not applicable,Not applicable,Narrow CPR; Wide CPR rules not applied
PARADEEP,Chemicals,122.66,122.71333333333332,122.74,122.68666666666664,122.74,122.68666666666664,0.0434806239469836,0.0333333333333333,Lower,Short,Bearish,Below CPR,Cash Only,Short,70,Confirmed,CPR width: Narrow (20/20); Price location: Below CPR (20/20); Trend: unavailable (10/20); Participation: unavailable (10/20); Higher timeframe: unavailable (10/20),Narrow CPR,Not applicable,Not applicable,Narrow CPR; Wide CPR rules not applied
LAURUSLABS,Healthcare,950.55,951.0,951.225,950.775,951.225,950.775,0.047341013097685,0.0333333333333333,Lower,Short,Bearish,Below CPR,Cash Only,Short,70,Confirmed,CPR width: Narrow (20/20); Price location: Below CPR (20/20); Trend: unavailable (10/20); Participation: unavailable (10/20); Higher timeframe: unavailable (10/20),Narrow CPR,Not applicable,Not applicable,Narrow CPR; Wide CPR rules not applied
PVSL,Diversified,118.21,118.15333333333332,118.125,118.18166666666664,118.18166666666664,118.125,0.0479372867495504,0.0166666666666666,Higher,Long,Bullish,Above CPR,Cash Only,Long,70,Confirmed,CPR width: Narrow (20/20); Price location: Above CPR (20/20); Trend: unavailable (10/20); Participation: unavailable (10/20); Higher timeframe: unavailable (10/20),Narrow CPR,Not applicable,Not applicable,Narrow CPR; Wide CPR rules not applied
MFSL,Financial Services,1704.6,1703.8333333333333,1703.45,1704.2166666666665,1704.2166666666665,1703.45,0.0449763385349304,0.0833333333333333,Higher,Long,Bullish,Above CPR,Cash Only,Long,70,Confirmed,CPR width: Narrow (20/20); Price location: Above CPR (20/20); Trend: unavailable (10/20); Participation: unavailable (10/20); Higher timeframe: unavailable (10/20),Narrow CPR,Not applicable,Not applicable,Narrow CPR; Wide CPR rules not applied
MIDHANI,Diversified,354.3,354.4666666666667,354.55,354.3833333333334,354.55,354.3833333333334,0.0470411139335672,0.05,Lower,Short,Bearish,Below CPR,Cash Only,Short,70,Confirmed,CPR width: Narrow (20/20); Price location: Below CPR (20/20); Trend: unavailable (10/20); Participation: unavailable (10/20); Higher timeframe: unavailable (10/20),Narrow CPR,Not applicable,Not applicable,Narrow CPR; Wide CPR rules not applied
TRIDENT,Textiles,27.69,27.703333333333333,27.71,27.696666666666665,27.71,27.696666666666665,0.0481521608282246,0.0833333333333333,Lower,Short,Bearish,Below CPR,Cash Only,Short,70,Confirmed,CPR width: Narrow (20/20); Price location: Below CPR (20/20); Trend: unavailable (10/20); Participation: unavailable (10/20); Higher timeframe: unavailable (10/20),Narrow CPR,Not applicable,Not applicable,Narrow CPR; Wide CPR rules not applied
TIRUMALCHM,Diversified,194.45,194.54666666666665,194.595,194.4983333333333,194.595,194.4983333333333,0.0497128653467176,0.0666666666666666,Lower,Short,Bearish,Below CPR,Cash Only,Short,70,Confirmed,CPR width: Narrow (20/20); Price location: Below CPR (20/20); Trend: unavailable (10/20); Participation: unavailable (10/20); Higher timeframe: unavailable (10/20),Narrow CPR,Not applicable,Not applicable,Narrow CPR; Wide CPR rules not applied
MSTCLTD,Diversified,458.15,458.3833333333334,458.5,458.2666666666668,458.5,458.2666666666668,0.050929462694147,0.0333333333333333,Lower,Short,Bearish,Below CPR,Cash Only,Short,70,Confirmed,CPR width: Narrow (20/20); Price location: Below CPR (20/20); Trend: unavailable (10/20); Participation: unavailable (10/20); Higher timeframe: unavailable (10/20),Narrow CPR,Not applicable,Not applicable,Narrow CPR; Wide CPR rules not applied
SOMANYCERA,Diversified,399.7,399.9,400.0,399.80000000000007,400.0,399.80000000000007,0.0500375281460925,0.0666666666666666,Lower,Short,Bearish,Below CPR,Cash Only,Short,70,Confirmed,CPR width: Narrow (20/20); Price location: Below CPR (20/20); Trend: unavailable (10/20); Participation: unavailable (10/20); Higher timeframe: unavailable (10/20),Narrow CPR,Not applicable,Not applicable,Narrow CPR; Wide CPR rules not applied
VARDHACRLC,Diversified,37.5,37.53,37.545,37.515,37.545,37.515,0.080000000000003,0.1166666666666666,Lower,Short,Bearish,Below CPR,Cash Only,Short,70,Confirmed,CPR width: Narrow (20/20); Price location: Below CPR (20/20); Trend: unavailable (10/20); Participation: unavailable (10/20); Higher timeframe: unavailable (10/20),Narrow CPR,Not applicable,Not applicable,Narrow CPR; Wide CPR rules not applied
WCIL,Diversified,119.26,119.35666666666668,119.405,119.30833333333334,119.405,119.30833333333334,0.0810553971714439,0.1833333333333333,Lower,Short,Bearish,Below CPR,Cash Only,Short,70,Confirmed,CPR width: Narrow (20/20); Price location: Below CPR (20/20); Trend: unavailable (10/20); Participation: unavailable (10/20); Higher timeframe: unavailable (10/20),Narrow CPR,Not applicable,Not applicable,Narrow CPR; Wide CPR rules not applied
COSMOFIRST,Diversified,617.25,617.5666666666667,617.725,617.4083333333334,617.725,617.4083333333334,0.0513028216551812,0.05,Lower,Short,Bearish,Below CPR,Cash Only,Short,70,Confirmed,CPR width: Narrow (20/20); Price location: Below CPR (20/20); Trend: unavailable (10/20); Participation: unavailable (10/20); Higher timeframe: unavailable (10/20),Narrow CPR,Not applicable,Not applicable,Narrow CPR; Wide CPR rules not applied
VISHNU,Diversified,510.9,511.1833333333333,511.325,511.0416666666667,511.325,511.0416666666667,0.0554576890454693,0.0833333333333333,Lower,Short,Bearish,Below CPR,Cash Only,Short,70,Confirmed,CPR width: Narrow (20/20); Price location: Below CPR (20/20); Trend: unavailable (10/20); Participation: unavailable (10/20); Higher timeframe: unavailable (10/20),Narrow CPR,Not applicable,Not applicable,Narrow CPR; Wide CPR rules not applied
SASKEN,Diversified,1254.0,1254.7,1255.05,1254.35,1255.05,1254.35,0.0558213716108307,0.05,Lower,Short,Bearish,Below CPR,Cash Only,Short,70,Confirmed,CPR width: Narrow (20/20); Price location: Below CPR (20/20); Trend: unavailable (10/20); Participation: unavailable (10/20); Higher timeframe: unavailable (10/20),Narrow CPR,Not applicable,Not applicable,Narrow CPR; Wide CPR rules not applied
PAR,Diversified,91.72,91.66666666666669,91.64,91.69333333333334,91.69333333333334,91.64,0.0581479866259721,0.0333333333333333,Higher,Long,Bullish,Above CPR,Cash Only,Long,70,Confirmed,CPR width: Narrow (20/20); Price location: Above CPR (20/20); Trend: unavailable (10/20); Participation: unavailable (10/20); Higher timeframe: unavailable (10/20),Narrow CPR,Not applicable,Not applicable,Narrow CPR; Wide CPR rules not applied
RECLTD,Financial Services,372.5,372.7166666666667,372.825,372.6083333333334,372.825,372.6083333333334,0.0581655480984116,0.0833333333333333,Lower,Short,Bearish,Below CPR,Cash Only,Short,70,Confirmed,CPR width: Narrow (20/20); Price location: Below CPR (20/20); Trend: unavailable (10/20); Participation: unavailable (10/20); Higher timeframe: unavailable (10/20),Narrow CPR,Not applicable,Not applicable,Narrow CPR; Wide CPR rules not applied
TCI,Diversified,1063.4,1064.0333333333333,1064.35,1063.7166666666667,1064.35,1063.7166666666667,0.0595573945207082,0.1666666666666666,Lower,Short,Bearish,Below CPR,Cash Only,Short,70,Confirmed,CPR width: Narrow (20/20); Price location: Below CPR (20/20); Trend: unavailable (10/20); Participation: unavailable (10/20); Higher timeframe: unavailable (10/20),Narrow CPR,Not applicable,Not applicable,Narrow CPR; Wide CPR rules not applied
RITCO,Diversified,237.08,237.22333333333336,237.295,237.1516666666667,237.295,237.1516666666667,0.0604577920251883,0.1,Lower,Short,Bearish,Below CPR,Cash Only,Short,70,Confirmed,CPR width: Narrow (20/20); Price location: Below CPR (20/20); Trend: unavailable (10/20); Participation: unavailable (10/20); Higher timeframe: unavailable (10/20),Narrow CPR,Not applicable,Not applicable,Narrow CPR; Wide CPR rules not applied
ROUTE,Diversified,574.45,574.8000000000001,574.975,574.6250000000001,574.975,574.6250000000001,0.0609278440247034,0.0833333333333333,Lower,Short,Bearish,Below CPR,Cash Only,Short,70,Confirmed,CPR width: Narrow (20/20); Price location: Below CPR (20/20); Trend: unavailable (10/20); Participation: unavailable (10/20); Higher timeframe: unavailable (10/20),Narrow CPR,Not applicable,Not applicable,Narrow CPR; Wide CPR rules not applied
RATNAMANI,Metals & Mining,2003.6,2004.8333333333333,2005.45,2004.2166666666665,2005.45,2004.2166666666665,0.0615558661076849,0.0666666666666666,Lower,Short,Bearish,Below CPR,Cash Only,Short,70,Confirmed,CPR width: Narrow (20/20); Price location: Below CPR (20/20); Trend: unavailable (10/20); Participation: unavailable (10/20); Higher timeframe: unavailable (10/20),Narrow CPR,Not applicable,Not applicable,Narrow CPR; Wide CPR rules not applied
HSCL,Chemicals,455.2,455.48333333333335,455.625,455.3416666666667,455.625,455.3416666666667,0.0622437024018679,0.0833333333333333,Lower,Short,Bearish,Below CPR,Cash Only,Short,70,Confirmed,CPR width: Narrow (20/20); Price location: Below CPR (20/20); Trend: unavailable (10/20); Participation: unavailable (10/20); Higher timeframe: unavailable (10/20),Narrow CPR,Not applicable,Not applicable,Narrow CPR; Wide CPR rules not applied
PGIL,Diversified,1834.8,1835.9666666666665,1836.55,1835.383333333333,1836.55,1835.383333333333,0.063585495240188,0.0833333333333333,Lower,Short,Bearish,Below CPR,Cash Only,Short,70,Confirmed,CPR width: Narrow (20/20); Price location: Below CPR (20/20); Trend: unavailable (10/20); Participation: unavailable (10/20); Higher timeframe: unavailable (10/20),Narrow CPR,Not applicable,Not applicable,Narrow CPR; Wide CPR rules not applied
ALLTIME,Diversified,237.37,237.5233333333333,237.6,237.44666666666663,237.6,237.44666666666663,0.0645967617362616,0.1166666666666666,Lower,Short,Bearish,Below CPR,Cash Only,Short,70,Confirmed,CPR width: Narrow (20/20); Price location: Below CPR (20/20); Trend: unavailable (10/20); Participation: unavailable (10/20); Higher timeframe: unavailable (10/20),Narrow CPR,Not applicable,Not applicable,Narrow CPR; Wide CPR rules not applied
BEPL,Diversified,85.61,85.66666666666667,85.695,85.63833333333335,85.695,85.63833333333335,0.0661916442782893,0.1333333333333333,Lower,Short,Bearish,Below CPR,Cash Only,Short,70,Confirmed,CPR width: Narrow (20/20); Price location: Below CPR (20/20); Trend: unavailable (10/20); Participation: unavailable (10/20); Higher timeframe: unavailable (10/20),Narrow CPR,Not applicable,Not applicable,Narrow CPR; Wide CPR rules not applied
CUBEXTUB,Diversified,114.78,114.86,114.9,114.82000000000002,114.9,114.82000000000002,0.0696985537549957,0.05,Lower,Short,Bearish,Below CPR,Cash Only,Short,70,Confirmed,CPR width: Narrow (20/20); Price location: Below CPR (20/20); Trend: unavailable (10/20); Participation: unavailable (10/20); Higher timeframe: unavailable (10/20),Narrow CPR,Not applicable,Not applicable,Narrow CPR; Wide CPR rules not applied
MALUPAPER,Paper & Packaging,33.27,33.29333333333333,33.305,33.28166666666666,33.305,33.28166666666666,0.0701332531810656,0.0833333333333333,Lower,Short,Bearish,Below CPR,Cash Only,Short,70,Confirmed,CPR width: Narrow (20/20); Price location: Below CPR (20/20); Trend: unavailable (10/20); Participation: unavailable (10/20); Higher timeframe: unavailable (10/20),Narrow CPR,Not applicable,Not applicable,Narrow CPR; Wide CPR rules not applied
EXIDEIND,Automobile and Auto Components,332.65,332.8833333333333,333.0,332.76666666666665,333.0,332.76666666666665,0.0701437947793021,0.15,Lower,Short,Bearish,Below CPR,Cash Only,Short,70,Confirmed,CPR width: Narrow (20/20); Price location: Below CPR (20/20); Trend: unavailable (10/20); Participation: unavailable (10/20); Higher timeframe: unavailable (10/20),Narrow CPR,Not applicable,Not applicable,Narrow CPR; Wide CPR rules not applied
APARINDS,Capital Goods,9490.0,9496.666666666666,9500.0,9493.333333333332,9500.0,9493.333333333332,0.0702493853178912,0.0666666666666666,Lower,Short,Bearish,Below CPR,Cash Only,Short,70,Confirmed,CPR width: Narrow (20/20); Price location: Below CPR (20/20); Trend: unavailable (10/20); Participation: unavailable (10/20); Higher timeframe: unavailable (10/20),Narrow CPR,Not applicable,Not applicable,Narrow CPR; Wide CPR rules not applied
DVL,Diversified,256.55,256.7333333333333,256.825,256.6416666666667,256.825,256.6416666666667,0.0714610537256988,0.0833333333333333,Lower,Short,Bearish,Below CPR,Cash Only,Short,70,Confirmed,CPR width: Narrow (20/20); Price location: Below CPR (20/20); Trend: unavailable (10/20); Participation: unavailable (10/20); Higher timeframe: unavailable (10/20),Narrow CPR,Not applicable,Not applicable,Narrow CPR; Wide CPR rules not applied
ICEMAKE,Diversified,737.0,736.4666666666667,736.2,736.7333333333333,736.7333333333333,736.2,0.0723654454997697,0.0833333333333333,Higher,Long,Bullish,Above CPR,Cash Only,Long,70,Confirmed,CPR width: Narrow (20/20); Price location: Above CPR (20/20); Trend: unavailable (10/20); Participation: unavailable (10/20); Higher timeframe: unavailable (10/20),Narrow CPR,Not applicable,Not applicable,Narrow CPR; Wide CPR rules not applied
SOUTHBANK,Banking,41.27,41.24,41.225,41.25500000000001,41.25500000000001,41.225,0.0726920281076213,0.1333333333333333,Higher,Long,Bullish,Above CPR,Cash Only,Long,70,Confirmed,CPR width: Narrow (20/20); Price location: Above CPR (20/20); Trend: unavailable (10/20); Participation: unavailable (10/20); Higher timeframe: unavailable (10/20),Narrow CPR,Not applicable,Not applicable,Narrow CPR; Wide CPR rules not applied
ROLEXRINGS,Diversified,125.71,125.80333333333331,125.85,125.75666666666666,125.85,125.75666666666666,0.0742449553204468,0.05,Lower,Short,Bearish,Below CPR,Cash Only,Short,70,Confirmed,CPR width: Narrow (20/20); Price location: Below CPR (20/20); Trend: unavailable (10/20); Participation: unavailable (10/20); Higher timeframe: unavailable (10/20),Narrow CPR,Not applicable,Not applicable,Narrow CPR; Wide CPR rules not applied
SYMPHONY,Diversified,931.2,931.9,932.25,931.55,932.25,931.55,0.0751718213058468,0.1333333333333333,Lower,Short,Bearish,Below CPR,Cash Only,Short,70,Confirmed,CPR width: Narrow (20/20); Price location: Below CPR (20/20); Trend: unavailable (10/20); Participation: unavailable (10/20); Higher timeframe: unavailable (10/20),Narrow CPR,Not applicable,Not applicable,Narrow CPR; Wide CPR rules not applied
RCF,Diversified,132.98,133.08,133.13,133.03000000000003,133.13,133.03000000000003,0.0751992780869047,0.0833333333333333,Lower,Short,Bearish,Below CPR,Cash Only,Short,70,Confirmed,CPR width: Narrow (20/20); Price location: Below CPR (20/20); Trend: unavailable (10/20); Participation: unavailable (10/20); Higher timeframe: unavailable (10/20),Narrow CPR,Not applicable,Not applicable,Narrow CPR; Wide CPR rules not applied
TIL,Diversified,247.03,246.84333333333333,246.75,246.93666666666667,246.93666666666667,246.75,0.0755643713988857,0.0666666666666666,Higher,Long,Bullish,Above CPR,Cash Only,Long,70,Confirmed,CPR width: Narrow (20/20); Price location: Above CPR (20/20); Trend: unavailable (10/20); Participation: unavailable (10/20); Higher timeframe: unavailable (10/20),Narrow CPR,Not applicable,Not applicable,Narrow CPR; Wide CPR rules not applied
ADOR,Diversified,1055.3,1056.1,1056.5,1055.7000000000005,1056.5,1055.7000000000005,0.0758078271581282,0.2,Lower,Short,Bearish,Below CPR,Cash Only,Short,70,Confirmed,CPR width: Narrow (20/20); Price location: Below CPR (20/20); Trend: unavailable (10/20); Participation: unavailable (10/20); Higher timeframe: unavailable (10/20),Narrow CPR,Not applicable,Not applicable,Narrow CPR; Wide CPR rules not applied
TRIVENI,Diversified,372.5,372.7833333333333,372.925,372.6416666666666,372.925,372.6416666666666,0.0760626398210514,0.1333333333333333,Lower,Short,Bearish,Below CPR,Cash Only,Short,70,Confirmed,CPR width: Narrow (20/20); Price location: Below CPR (20/20); Trend: unavailable (10/20); Participation: unavailable (10/20); Higher timeframe: unavailable (10/20),Narrow CPR,Not applicable,Not applicable,Narrow CPR; Wide CPR rules not applied
SIYSIL,Diversified,560.45,560.8833333333333,561.0999999999999,560.6666666666667,561.0999999999999,560.6666666666667,0.0773188211853272,0.1,Lower,Short,Bearish,Below CPR,Cash Only,Short,70,Confirmed,CPR width: Narrow (20/20); Price location: Below CPR (20/20); Trend: unavailable (10/20); Participation: unavailable (10/20); Higher timeframe: unavailable (10/20),Narrow CPR,Not applicable,Not applicable,Narrow CPR; Wide CPR rules not applied
OFSS,Information Technology,7264.0,7269.666666666667,7272.5,7266.833333333334,7272.5,7266.833333333334,0.07801027900146,0.1833333333333333,Lower,Short,Bearish,Below CPR,Cash Only,Short,70,Confirmed,CPR width: Narrow (20/20); Price location: Below CPR (20/20); Trend: unavailable (10/20); Participation: unavailable (10/20); Higher timeframe: unavailable (10/20),Narrow CPR,Not applicable,Not applicable,Narrow CPR; Wide CPR rules not applied
RUBICON,Diversified,784.65,785.2666666666668,785.575,784.9583333333335,785.575,784.9583333333335,0.0785913039784057,0.0833333333333333,Lower,Short,Bearish,Below CPR,Cash Only,Short,70,Confirmed,CPR width: Narrow (20/20); Price location: Below CPR (20/20); Trend: unavailable (10/20); Participation: unavailable (10/20); Higher timeframe: unavailable (10/20),Narrow CPR,Not applicable,Not applicable,Narrow CPR; Wide CPR rules not applied
NOVAAGRI,Diversified,33.78,33.806666666666665,33.82,33.79333333333333,33.82,33.79333333333333,0.0789421748569296,0.1166666666666666,Lower,Short,Bearish,Below CPR,Cash Only,Short,70,Confirmed,CPR width: Narrow (20/20); Price location: Below CPR (20/20); Trend: unavailable (10/20); Participation: unavailable (10/20); Higher timeframe: unavailable (10/20),Narrow CPR,Not applicable,Not applicable,Narrow CPR; Wide CPR rules not applied
SPLPETRO,Chemicals,596.35,596.9,597.175,596.625,597.175,596.625,0.0922277186216072,0.0833333333333333,Lower,Short,Bearish,Below CPR,Cash Only,Short,70,Confirmed,CPR width: Narrow (20/20); Price location: Below CPR (20/20); Trend: unavailable (10/20); Participation: unavailable (10/20); Higher timeframe: unavailable (10/20),Narrow CPR,Not applicable,Not applicable,Narrow CPR; Wide CPR rules not applied
SILINV,Diversified,449.05,449.4666666666667,449.675,449.2583333333334,449.675,449.2583333333334,0.0927884793823914,0.135593220338983,Lower,Short,Bearish,Below CPR,Cash Only,Short,70,Confirmed,CPR width: Narrow (20/20); Price location: Below CPR (20/20); Trend: unavailable (10/20); Participation: unavailable (10/20); Higher timeframe: unavailable (10/20),Narrow CPR,Not applicable,Not applicable,Narrow CPR; Wide CPR rules not applied
INDIANB,Financial Services,871.2,871.9166666666666,872.275,871.5583333333333,872.275,871.5583333333333,0.0822620140801993,0.1333333333333333,Lower,Short,Bearish,Below CPR,Cash Only,Short,70,Confirmed,CPR width: Narrow (20/20); Price location: Below CPR (20/20); Trend: unavailable (10/20); Participation: unavailable (10/20); Higher timeframe: unavailable (10/20),Narrow CPR,Not applicable,Not applicable,Narrow CPR; Wide CPR rules not applied
RAJMET,Diversified,3.99,3.9933333333333336,3.995,3.991666666666667,3.995,3.991666666666667,0.0835421888053375,0.075,Lower,Short,Bearish,Below CPR,Cash Only,Short,70,Confirmed,CPR width: Narrow (20/20); Price location: Below CPR (20/20); Trend: unavailable (10/20); Participation: unavailable (10/20); Higher timeframe: unavailable (10/20),Narrow CPR,Not applicable,Not applicable,Narrow CPR; Wide CPR rules not applied
EMUDHRA,Diversified,508.4,508.8333333333333,509.05,508.6166666666667,509.05,508.6166666666667,0.0852347233149646,0.1166666666666666,Lower,Short,Bearish,Below CPR,Cash Only,Short,70,Confirmed,CPR width: Narrow (20/20); Price location: Below CPR (20/20); Trend: unavailable (10/20); Participation: unavailable (10/20); Higher timeframe: unavailable (10/20),Narrow CPR,Not applicable,Not applicable,Narrow CPR; Wide CPR rules not applied
ORCHPHARMA,Healthcare & Pharma,680.55,681.1333333333333,681.425,680.8416666666667,681.425,680.8416666666667,0.0857149854284413,0.15,Lower,Short,Bearish,Below CPR,Cash Only,Short,70,Confirmed,CPR width: Narrow (20/20); Price location: Below CPR (20/20); Trend: unavailable (10/20); Participation: unavailable (10/20); Higher timeframe: unavailable (10/20),Narrow CPR,Not applicable,Not applicable,Narrow CPR; Wide CPR rules not applied
RAMAPHO,Diversified,159.28,159.41666666666666,159.485,159.3483333333333,159.485,159.3483333333333,0.0858027791729739,0.1,Lower,Short,Bearish,Below CPR,Cash Only,Short,70,Confirmed,CPR width: Narrow (20/20); Price location: Below CPR (20/20); Trend: unavailable (10/20); Participation: unavailable (10/20); Higher timeframe: unavailable (10/20),Narrow CPR,Not applicable,Not applicable,Narrow CPR; Wide CPR rules not applied
JIOFIN,Financial Services,268.1,268.3333333333333,268.45,268.21666666666664,268.45,268.21666666666664,0.087032201914714,0.1666666666666666,Lower,Short,Bearish,Below CPR,Cash Only,Short,70,Confirmed,CPR width: Narrow (20/20); Price location: Below CPR (20/20); Trend: unavailable (10/20); Participation: unavailable (10/20); Higher timeframe: unavailable (10/20),Narrow CPR,Not applicable,Not applicable,Narrow CPR; Wide CPR rules not applied
SHAREINDIA,Diversified,148.27,148.39999999999998,148.46499999999995,148.33499999999998,148.46499999999995,148.33499999999998,0.087677884939634,0.0666666666666666,Lower,Short,Bearish,Below CPR,Cash Only,Short,70,Confirmed,CPR width: Narrow (20/20); Price location: Below CPR (20/20); Trend: unavailable (10/20); Participation: unavailable (10/20); Higher timeframe: unavailable (10/20),Narrow CPR,Not applicable,Not applicable,Narrow CPR; Wide CPR rules not applied
MOLDTECH,Information Technology,132.76,132.8766666666667,132.935,132.81833333333333,132.935,132.81833333333333,0.0878778748619119,0.1166666666666666,Lower,Short,Bearish,Below CPR,Cash Only,Short,70,Confirmed,CPR width: Narrow (20/20); Price location: Below CPR (20/20); Trend: unavailable (10/20); Participation: unavailable (10/20); Higher timeframe: unavailable (10/20),Narrow CPR,Not applicable,Not applicable,Narrow CPR; Wide CPR rules not applied
POWERMECH,Power & Utilities,2105.0,2106.866666666667,2107.8,2105.9333333333334,2107.8,2105.9333333333334,0.0886777513855956,0.1166666666666666,Lower,Short,Bearish,Below CPR,Cash Only,Short,70,Confirmed,CPR width: Narrow (20/20); Price location: Below CPR (20/20); Trend: unavailable (10/20); Participation: unavailable (10/20); Higher timeframe: unavailable (10/20),Narrow CPR,Not applicable,Not applicable,Narrow CPR; Wide CPR rules not applied
SWARAJENG,Diversified,3547.9,3551.066666666667,3552.65,3549.483333333334,3552.65,3549.483333333334,0.0892546764752687,0.1,Lower,Short,Bearish,Below CPR,Cash Only,Short,70,Confirmed,CPR width: Narrow (20/20); Price location: Below CPR (20/20); Trend: unavailable (10/20); Participation: unavailable (10/20); Higher timeframe: unavailable (10/20),Narrow CPR,Not applicable,Not applicable,Narrow CPR; Wide CPR rules not applied
SALZERELEC,Diversified,611.1,611.65,611.925,611.375,611.925,611.375,0.0900016363933815,0.0833333333333333,Lower,Short,Bearish,Below CPR,Cash Only,Short,70,Confirmed,CPR width: Narrow (20/20); Price location: Below CPR (20/20); Trend: unavailable (10/20); Participation: unavailable (10/20); Higher timeframe: unavailable (10/20),Narrow CPR,Not applicable,Not applicable,Narrow CPR; Wide CPR rules not applied
NDGL,Diversified,2580.0,2582.333333333333,2583.5,2581.166666666667,2583.5,2581.166666666667,0.0904392764857763,0.0666666666666666,Lower,Short,Bearish,Below CPR,Cash Only,Short,70,Confirmed,CPR width: Narrow (20/20); Price location: Below CPR (20/20); Trend: unavailable (10/20); Participation: unavailable (10/20); Higher timeframe: unavailable (10/20),Narrow CPR,Not applicable,Not applicable,Narrow CPR; Wide CPR rules not applied
INGERRAND,Diversified,3458.0,3461.1666666666665,3462.75,3459.583333333333,3462.75,3459.583333333333,0.0915750915751003,0.2166666666666666,Lower,Short,Bearish,Below CPR,Cash Only,Short,70,Confirmed,CPR width: Narrow (20/20); Price location: Below CPR (20/20); Trend: unavailable (10/20); Participation: unavailable (10/20); Higher timeframe: unavailable (10/20),Narrow CPR,Not applicable,Not applicable,Narrow CPR; Wide CPR rules not applied
EVERESTIND,Diversified,434.65,435.05,435.25,434.85,435.25,434.85,0.0920280685609058,0.0833333333333333,Lower,Short,Bearish,Below CPR,Cash Only,Short,70,Confirmed,CPR width: Narrow (20/20); Price location: Below CPR (20/20); Trend: unavailable (10/20); Participation: unavailable (10/20); Higher timeframe: unavailable (10/20),Narrow CPR,Not applicable,Not applicable,Narrow CPR; Wide CPR rules not applied
SURAJEST,Diversified,225.56,225.79666666666665,225.915,225.6783333333333,225.915,225.6783333333333,0.1049240409056032,0.1,Lower,Short,Bearish,Below CPR,Cash Only,Short,70,Confirmed,CPR width: Narrow (20/20); Price location: Below CPR (20/20); Trend: unavailable (10/20); Participation: unavailable (10/20); Higher timeframe: unavailable (10/20),Narrow CPR,Not applicable,Not applicable,Narrow CPR; Wide CPR rules not applied
BANSALWIRE,Diversified,267.9,268.18333333333334,268.325,268.0416666666667,268.325,268.0416666666667,0.1057608560407999,0.1666666666666666,Lower,Short,Bearish,Below CPR,Cash Only,Short,70,Confirmed,CPR width: Narrow (20/20); Price location: Below CPR (20/20); Trend: unavailable (10/20); Participation: unavailable (10/20); Higher timeframe: unavailable (10/20),Narrow CPR,Not applicable,Not applicable,Narrow CPR; Wide CPR rules not applied
VENTIVE,Diversified,776.85,777.6166666666667,778.0,777.2333333333333,778.0,777.2333333333333,0.0986891506296777,0.1,Lower,Short,Bearish,Below CPR,Cash Only,Short,70,Confirmed,CPR width: Narrow (20/20); Price location: Below CPR (20/20); Trend: unavailable (10/20); Participation: unavailable (10/20); Higher timeframe: unavailable (10/20),Narrow CPR,Not applicable,Not applicable,Narrow CPR; Wide CPR rules not applied
KIRLPNU,Diversified,1147.6,1148.7333333333331,1149.3,1148.1666666666667,1149.3,1148.1666666666667,0.0987568258394224,0.1333333333333333,Lower,Short,Bearish,Below CPR,Cash Only,Short,70,Confirmed,CPR width: Narrow (20/20); Price location: Below CPR (20/20); Trend: unavailable (10/20); Participation: unavailable (10/20); Higher timeframe: unavailable (10/20),Narrow CPR,Not applicable,Not applicable,Narrow CPR; Wide CPR rules not applied
SUDARCOLOR,Diversified,364.0,364.3666666666666,364.55,364.1833333333332,364.55,364.1833333333332,0.100732600732634,0.0769230769230769,Lower,Short,Bearish,Below CPR,Cash Only,Short,70,Confirmed,CPR width: Narrow (20/20); Price location: Below CPR (20/20); Trend: unavailable (10/20); Participation: unavailable (10/20); Higher timeframe: unavailable (10/20),Narrow CPR,Not applicable,Not applicable,Narrow CPR; Wide CPR rules not applied
TIGERLOGS,Diversified,32.15,32.18333333333334,32.2,32.16666666666667,32.2,32.16666666666667,0.1036806635562408,0.1,Lower,Short,Bearish,Below CPR,Cash Only,Short,70,Confirmed,CPR width: Narrow (20/20); Price location: Below CPR (20/20); Trend: unavailable (10/20); Participation: unavailable (10/20); Higher timeframe: unavailable (10/20),Narrow CPR,Not applicable,Not applicable,Narrow CPR; Wide CPR rules not applied
MAHSEAMLES,Diversified,526.7,527.2500000000001,527.5250000000001,526.9750000000001,527.5250000000001,526.9750000000001,0.1044237706474187,0.15,Lower,Short,Bearish,Below CPR,Cash Only,Short,70,Confirmed,CPR width: Narrow (20/20); Price location: Below CPR (20/20); Trend: unavailable (10/20); Participation: unavailable (10/20); Higher timeframe: unavailable (10/20),Narrow CPR,Not applicable,Not applicable,Narrow CPR; Wide CPR rules not applied
RALLIS,Diversified,270.65,270.93333333333334,271.075,270.7916666666667,271.075,270.7916666666667,0.1046862491532618,0.1,Lower,Short,Bearish,Below CPR,Cash Only,Short,70,Confirmed,CPR width: Narrow (20/20); Price location: Below CPR (20/20); Trend: unavailable (10/20); Participation: unavailable (10/20); Higher timeframe: unavailable (10/20),Narrow CPR,Not applicable,Not applicable,Narrow CPR; Wide CPR rules not applied
REMSONSIND,Diversified,110.6,110.71999999999998,110.78,110.65999999999995,110.78,110.65999999999995,0.1084990958408978,0.1,Lower,Short,Bearish,Below CPR,Cash Only,Short,70,Confirmed,CPR width: Narrow (20/20); Price location: Below CPR (20/20); Trend: unavailable (10/20); Participation: unavailable (10/20); Higher timeframe: unavailable (10/20),Narrow CPR,Not applicable,Not applicable,Narrow CPR; Wide CPR rules not applied
SNOWMAN,Diversified,42.82,42.77333333333333,42.75,42.79666666666667,42.79666666666667,42.75,0.1089833411178581,0.2,Higher,Long,Bullish,Above CPR,Cash Only,Long,70,Confirmed,CPR width: Narrow (20/20); Price location: Above CPR (20/20); Trend: unavailable (10/20); Participation: unavailable (10/20); Higher timeframe: unavailable (10/20),Narrow CPR,Not applicable,Not applicable,Narrow CPR; Wide CPR rules not applied
INDTERRAIN,Diversified,37.41,37.37,37.35,37.38999999999999,37.38999999999999,37.35,0.1069232825447528,0.1,Higher,Long,Bullish,Above CPR,Cash Only,Long,70,Confirmed,CPR width: Narrow (20/20); Price location: Above CPR (20/20); Trend: unavailable (10/20); Participation: unavailable (10/20); Higher timeframe: unavailable (10/20),Narrow CPR,Not applicable,Not applicable,Narrow CPR; Wide CPR rules not applied
NAVKARCORP,Diversified,98.7,98.80666666666669,98.86,98.75333333333334,98.86,98.75333333333334,0.1080715974332876,0.0833333333333333,Lower,Short,Bearish,Below CPR,Cash Only,Short,70,Confirmed,CPR width: Narrow (20/20); Price location: Below CPR (20/20); Trend: unavailable (10/20); Participation: unavailable (10/20); Higher timeframe: unavailable (10/20),Narrow CPR,Not applicable,Not applicable,Narrow CPR; Wide CPR rules not applied
CAMPUS,Footwear,273.3,273.0,272.85,273.15,273.15,272.85,0.1097694840834081,0.1666666666666666,Higher,Long,Bullish,Above CPR,Cash Only,Long,70,Confirmed,CPR width: Narrow (20/20); Price location: Above CPR (20/20); Trend: unavailable (10/20); Participation: unavailable (10/20); Higher timeframe: unavailable (10/20),Narrow CPR,Not applicable,Not applicable,Narrow CPR; Wide CPR rules not applied
DANGEE,Diversified,3.02,3.023333333333333,3.0250000000000004,3.0216666666666665,3.0250000000000004,3.0216666666666665,0.1103752759382071,0.1166666666666666,Lower,Short,Bearish,Below CPR,Cash Only,Short,70,Confirmed,CPR width: Narrow (20/20); Price location: Below CPR (20/20); Trend: unavailable (10/20); Participation: unavailable (10/20); Higher timeframe: unavailable (10/20),Narrow CPR,Not applicable,Not applicable,Narrow CPR; Wide CPR rules not applied
RADICO,Fast Moving Consumer Goods,2727.2,2730.3,2731.85,2728.7499999999995,2731.85,2728.7499999999995,0.1136696978586229,0.1833333333333333,Lower,Short,Bearish,Below CPR,Cash Only,Short,70,Confirmed,CPR width: Narrow (20/20); Price location: Below CPR (20/20); Trend: unavailable (10/20); Participation: unavailable (10/20); Higher timeframe: unavailable (10/20),Narrow CPR,Not applicable,Not applicable,Narrow CPR; Wide CPR rules not applied
RSWM,Diversified,160.89,160.71,160.62,160.8,160.8,160.62,0.1118776804027638,0.1166666666666666,Higher,Long,Bullish,Above CPR,Cash Only,Long,70,Confirmed,CPR width: Narrow (20/20); Price location: Above CPR (20/20); Trend: unavailable (10/20); Participation: unavailable (10/20); Higher timeframe: unavailable (10/20),Narrow CPR,Not applicable,Not applicable,Narrow CPR; Wide CPR rules not applied
VINCOFE,Diversified,146.4,146.67333333333332,146.81,146.53666666666663,146.81,146.53666666666663,0.1867030965391864,0.1666666666666666,Lower,Short,Bearish,Below CPR,Cash Only,Short,70,Confirmed,CPR width: Narrow (20/20); Price location: Below CPR (20/20); Trend: unavailable (10/20); Participation: unavailable (10/20); Higher timeframe: unavailable (10/20),Narrow CPR,Not applicable,Not applicable,Narrow CPR; Wide CPR rules not applied
KIRLOSENG,Capital Goods,1170.6,1172.8,1173.9,1171.6999999999998,1173.9,1171.6999999999998,0.1879378096702779,0.1166666666666666,Lower,Short,Bearish,Below CPR,Cash Only,Short,70,Confirmed,CPR width: Narrow (20/20); Price location: Below CPR (20/20); Trend: unavailable (10/20); Participation: unavailable (10/20); Higher timeframe: unavailable (10/20),Narrow CPR,Not applicable,Not applicable,Narrow CPR; Wide CPR rules not applied
MOLDTKPAC,Diversified,540.6,541.2166666666667,541.5250000000001,540.9083333333333,541.5250000000001,540.9083333333333,0.1140707855469456,0.1666666666666666,Lower,Short,Bearish,Below CPR,Cash Only,Short,70,Confirmed,CPR width: Narrow (20/20); Price location: Below CPR (20/20); Trend: unavailable (10/20); Participation: unavailable (10/20); Higher timeframe: unavailable (10/20),Narrow CPR,Not applicable,Not applicable,Narrow CPR; Wide CPR rules not applied
NFL,Diversified,78.49,78.58,78.625,78.535,78.625,78.535,0.1146642884443921,0.1166666666666666,Lower,Short,Bearish,Below CPR,Cash Only,Short,70,Confirmed,CPR width: Narrow (20/20); Price location: Below CPR (20/20); Trend: unavailable (10/20); Participation: unavailable (10/20); Higher timeframe: unavailable (10/20),Narrow CPR,Not applicable,Not applicable,Narrow CPR; Wide CPR rules not applied
ATAM,Diversified,74.67,74.75666666666666,74.8,74.71333333333332,74.8,74.71333333333332,0.1160662470425513,0.1,Lower,Short,Bearish,Below CPR,Cash Only,Short,70,Confirmed,CPR width: Narrow (20/20); Price location: Below CPR (20/20); Trend: unavailable (10/20); Participation: unavailable (10/20); Higher timeframe: unavailable (10/20),Narrow CPR,Not applicable,Not applicable,Narrow CPR; Wide CPR rules not applied
CARYSIL,Diversified,932.4,933.5,934.05,932.95,934.05,932.95,0.1179751179751082,0.0666666666666666,Lower,Short,Bearish,Below CPR,Cash Only,Short,70,Confirmed,CPR width: Narrow (20/20); Price location: Below CPR (20/20); Trend: unavailable (10/20); Participation: unavailable (10/20); Higher timeframe: unavailable (10/20),Narrow CPR,Not applicable,Not applicable,Narrow CPR; Wide CPR rules not applied
AGARWALEYE,Diversified,450.15,450.6833333333333,450.95,450.4166666666667,450.95,450.4166666666667,0.1184790255100084,0.25,Lower,Short,Bearish,Below CPR,Cash Only,Short,70,Confirmed,CPR width: Narrow (20/20); Price location: Below CPR (20/20); Trend: unavailable (10/20); Participation: unavailable (10/20); Higher timeframe: unavailable (10/20),Narrow CPR,Not applicable,Not applicable,Narrow CPR; Wide CPR rules not applied
DEEPINDS,Diversified,402.9,403.3833333333334,403.625,403.1416666666668,403.625,403.1416666666668,0.1199635972532228,0.1333333333333333,Lower,Short,Bearish,Below CPR,Cash Only,Short,70,Confirmed,CPR width: Narrow (20/20); Price location: Below CPR (20/20); Trend: unavailable (10/20); Participation: unavailable (10/20); Higher timeframe: unavailable (10/20),Narrow CPR,Not applicable,Not applicable,Narrow CPR; Wide CPR rules not applied
ASAL,Diversified,445.65,446.2,446.475,445.925,446.475,445.925,0.123415236171899,0.1166666666666666,Lower,Short,Bearish,Below CPR,Cash Only,Short,70,Confirmed,CPR width: Narrow (20/20); Price location: Below CPR (20/20); Trend: unavailable (10/20); Participation: unavailable (10/20); Higher timeframe: unavailable (10/20),Narrow CPR,Not applicable,Not applicable,Narrow CPR; Wide CPR rules not applied
KCP,Diversified,172.21,172.42333333333332,172.53,172.31666666666663,172.53,172.31666666666663,0.1238797592087374,0.1166666666666666,Lower,Short,Bearish,Below CPR,Cash Only,Short,70,Confirmed,CPR width: Narrow (20/20); Price location: Below CPR (20/20); Trend: unavailable (10/20); Participation: unavailable (10/20); Higher timeframe: unavailable (10/20),Narrow CPR,Not applicable,Not applicable,Narrow CPR; Wide CPR rules not applied
TECHM,Information Technology,1619.9,1621.9333333333334,1622.95,1620.9166666666667,1622.95,1620.9166666666667,0.1255221515731405,0.25,Lower,Short,Bearish,Below CPR,Cash Only,Short,70,Confirmed,CPR width: Narrow (20/20); Price location: Below CPR (20/20); Trend: unavailable (10/20); Participation: unavailable (10/20); Higher timeframe: unavailable (10/20),Narrow CPR,Not applicable,Not applicable,Narrow CPR; Wide CPR rules not applied
SHREEPUSHK,Diversified,330.7,331.1166666666666,331.325,330.90833333333325,331.325,330.90833333333325,0.1259953633706508,0.1166666666666666,Lower,Short,Bearish,Below CPR,Cash Only,Short,70,Confirmed,CPR width: Narrow (20/20); Price location: Below CPR (20/20); Trend: unavailable (10/20); Participation: unavailable (10/20); Higher timeframe: unavailable (10/20),Narrow CPR,Not applicable,Not applicable,Narrow CPR; Wide CPR rules not applied
SONACOMS,Automobile and Auto Components,513.5,514.1666666666666,514.5,513.8333333333333,514.5,513.8333333333333,0.1298279779292585,0.1833333333333333,Lower,Short,Bearish,Below CPR,Cash Only,Short,70,Confirmed,CPR width: Narrow (20/20); Price location: Below CPR (20/20); Trend: unavailable (10/20); Participation: unavailable (10/20); Higher timeframe: unavailable (10/20),Narrow CPR,Not applicable,Not applicable,Narrow CPR; Wide CPR rules not applied
PIONEEREMB,Diversified,27.94,27.97666666666667,27.995,27.95833333333334,27.995,27.95833333333334,0.1312335958005073,0.0833333333333333,Lower,Short,Bearish,Below CPR,Cash Only,Short,70,Confirmed,CPR width: Narrow (20/20); Price location: Below CPR (20/20); Trend: unavailable (10/20); Participation: unavailable (10/20); Higher timeframe: unavailable (10/20),Narrow CPR,Not applicable,Not applicable,Narrow CPR; Wide CPR rules not applied
BROOKS,Diversified,60.93,61.01,61.05,60.97,61.05,60.97,0.1312982110618714,0.0666666666666666,Lower,Short,Bearish,Below CPR,Cash Only,Short,70,Confirmed,CPR width: Narrow (20/20); Price location: Below CPR (20/20); Trend: unavailable (10/20); Participation: unavailable (10/20); Higher timeframe: unavailable (10/20),Narrow CPR,Not applicable,Not applicable,Narrow CPR; Wide CPR rules not applied
DECCANCE,Diversified,666.45,667.3333333333334,667.775,666.8916666666668,667.775,666.8916666666668,0.1325430764998442,0.15,Lower,Short,Bearish,Below CPR,Cash Only,Short,70,Confirmed,CPR width: Narrow (20/20); Price location: Below CPR (20/20); Trend: unavailable (10/20); Participation: unavailable (10/20); Higher timeframe: unavailable (10/20),Narrow CPR,Not applicable,Not applicable,Narrow CPR; Wide CPR rules not applied
IPCALAB,Healthcare,1416.7,1418.6,1419.55,1417.6500000000003,1419.55,1417.6500000000003,0.1341144914237055,0.1333333333333333,Lower,Short,Bearish,Below CPR,Cash Only,Short,70,Confirmed,CPR width: Narrow (20/20); Price location: Below CPR (20/20); Trend: unavailable (10/20); Participation: unavailable (10/20); Higher timeframe: unavailable (10/20),Narrow CPR,Not applicable,Not applicable,Narrow CPR; Wide CPR rules not applied
TARIL,Capital Goods,247.97,248.3033333333333,248.47,248.13666666666663,248.47,248.13666666666663,0.1344248632227169,0.05,Lower,Short,Bearish,Below CPR,Cash Only,Short,70,Confirmed,CPR width: Narrow (20/20); Price location: Below CPR (20/20); Trend: unavailable (10/20); Participation: unavailable (10/20); Higher timeframe: unavailable (10/20),Narrow CPR,Not applicable,Not applicable,Narrow CPR; Wide CPR rules not applied
NMDC,Metals & Mining,84.08,84.19333333333333,84.25,84.13666666666666,84.25,84.13666666666666,0.1347922613384204,0.1333333333333333,Lower,Short,Bearish,Below CPR,Cash Only,Short,70,Confirmed,CPR width: Narrow (20/20); Price location: Below CPR (20/20); Trend: unavailable (10/20); Participation: unavailable (10/20); Higher timeframe: unavailable (10/20),Narrow CPR,Not applicable,Not applicable,Narrow CPR; Wide CPR rules not applied
MAHLIFE,Diversified,369.4,369.8999999999999,370.15,369.6499999999999,370.15,369.6499999999999,0.1353546291283469,0.2,Lower,Short,Bearish,Below CPR,Cash Only,Short,70,Confirmed,CPR width: Narrow (20/20); Price location: Below CPR (20/20); Trend: unavailable (10/20); Participation: unavailable (10/20); Higher timeframe: unavailable (10/20),Narrow CPR,Not applicable,Not applicable,Narrow CPR; Wide CPR rules not applied
TVSHLTD,Diversified,15055.0,15075.666666666666,15086.0,15065.333333333332,15086.0,15065.333333333332,0.1372744381711582,0.1666666666666666,Lower,Short,Bearish,Below CPR,Cash Only,Short,70,Confirmed,CPR width: Narrow (20/20); Price location: Below CPR (20/20); Trend: unavailable (10/20); Participation: unavailable (10/20); Higher timeframe: unavailable (10/20),Narrow CPR,Not applicable,Not applicable,Narrow CPR; Wide CPR rules not applied
AVL,Diversified,485.45,486.1166666666666,486.45,485.7833333333333,486.45,485.7833333333333,0.1373296254334622,0.1166666666666666,Lower,Short,Bearish,Below CPR,Cash Only,Short,70,Confirmed,CPR width: Narrow (20/20); Price location: Below CPR (20/20); Trend: unavailable (10/20); Participation: unavailable (10/20); Higher timeframe: unavailable (10/20),Narrow CPR,Not applicable,Not applicable,Narrow CPR; Wide CPR rules not applied
SHANTI,Diversified,7.23,7.22,7.215,7.225,7.225,7.215,0.1383125864453635,0.15,Higher,Long,Bullish,Above CPR,Cash Only,Long,70,Confirmed,CPR width: Narrow (20/20); Price location: Above CPR (20/20); Trend: unavailable (10/20); Participation: unavailable (10/20); Higher timeframe: unavailable (10/20),Narrow CPR,Not applicable,Not applicable,Narrow CPR; Wide CPR rules not applied
CORONA,Diversified,1537.3,1535.1666666666667,1534.1,1536.2333333333336,1536.2333333333336,1534.1,0.1387714391032112,0.1351351351351351,Higher,Long,Bullish,Above CPR,Cash Only,Long,70,Confirmed,CPR width: Narrow (20/20); Price location: Above CPR (20/20); Trend: unavailable (10/20); Participation: unavailable (10/20); Higher timeframe: unavailable (10/20),Narrow CPR,Not applicable,Not applicable,Narrow CPR; Wide CPR rules not applied
MAZDOCK,Capital Goods,2402.4,2399.0333333333333,2397.35,2400.7166666666667,2400.7166666666667,2397.35,0.1401376401376451,0.25,Higher,Long,Bullish,Above CPR,Cash Only,Long,70,Confirmed,CPR width: Narrow (20/20); Price location: Above CPR (20/20); Trend: unavailable (10/20); Participation: unavailable (10/20); Higher timeframe: unavailable (10/20),Narrow CPR,Not applicable,Not applicable,Narrow CPR; Wide CPR rules not applied
INDIQUBE,Diversified,170.99,171.23000000000002,171.35,171.11000000000004,171.35,171.11000000000004,0.1403590853265993,0.2166666666666666,Lower,Short,Bearish,Below CPR,Cash Only,Short,70,Confirmed,CPR width: Narrow (20/20); Price location: Below CPR (20/20); Trend: unavailable (10/20); Participation: unavailable (10/20); Higher timeframe: unavailable (10/20),Narrow CPR,Not applicable,Not applicable,Narrow CPR; Wide CPR rules not applied
GLOBUSSPR,Diversified,930.55,931.8833333333332,932.55,931.2166666666664,932.55,931.2166666666664,0.1432844375190462,0.1666666666666666,Lower,Short,Bearish,Below CPR,Cash Only,Short,70,Confirmed,CPR width: Narrow (20/20); Price location: Below CPR (20/20); Trend: unavailable (10/20); Participation: unavailable (10/20); Higher timeframe: unavailable (10/20),Narrow CPR,Not applicable,Not applicable,Narrow CPR; Wide CPR rules not applied
MEDICO,Healthcare & Pharma,47.81,47.88,47.915,47.84499999999999,47.915,47.84499999999999,0.1464128843338368,0.1304347826086956,Lower,Short,Bearish,Below CPR,Cash Only,Short,70,Confirmed,CPR width: Narrow (20/20); Price location: Below CPR (20/20); Trend: unavailable (10/20); Participation: unavailable (10/20); Higher timeframe: unavailable (10/20),Narrow CPR,Not applicable,Not applicable,Narrow CPR; Wide CPR rules not applied
PSB,Banking,27.1,27.14,27.16,27.12,27.16,27.12,0.147601476014757,0.1166666666666666,Lower,Short,Bearish,Below CPR,Cash Only,Short,70,Confirmed,CPR width: Narrow (20/20); Price location: Below CPR (20/20); Trend: unavailable (10/20); Participation: unavailable (10/20); Higher timeframe: unavailable (10/20),Narrow CPR,Not applicable,Not applicable,Narrow CPR; Wide CPR rules not applied
EQUITASBNK,Diversified,65.0,65.09666666666668,65.14500000000001,65.04833333333335,65.14500000000001,65.04833333333335,0.1487179487179446,0.1333333333333333,Lower,Short,Bearish,Below CPR,Cash Only,Short,70,Confirmed,CPR width: Narrow (20/20); Price location: Below CPR (20/20); Trend: unavailable (10/20); Participation: unavailable (10/20); Higher timeframe: unavailable (10/20),Narrow CPR,Not applicable,Not applicable,Narrow CPR; Wide CPR rules not applied
TNPETRO,Energy & Oil/Gas,93.79,93.93,94.0,93.86,94.0,93.86,0.1492696449514728,0.1833333333333333,Lower,Short,Bearish,Below CPR,Cash Only,Short,70,Confirmed,CPR width: Narrow (20/20); Price location: Below CPR (20/20); Trend: unavailable (10/20); Participation: unavailable (10/20); Higher timeframe: unavailable (10/20),Narrow CPR,Not applicable,Not applicable,Narrow CPR; Wide CPR rules not applied
METROBRAND,Footwear,1035.7,1037.2666666666669,1038.05,1036.4833333333331,1038.05,1036.4833333333331,0.1512664542499378,0.1333333333333333,Lower,Short,Bearish,Below CPR,Cash Only,Short,70,Confirmed,CPR width: Narrow (20/20); Price location: Below CPR (20/20); Trend: unavailable (10/20); Participation: unavailable (10/20); Higher timeframe: unavailable (10/20),Narrow CPR,Not applicable,Not applicable,Narrow CPR; Wide CPR rules not applied
TARACHAND,Diversified,63.79,63.88666666666666,63.935,63.83833333333333,63.935,63.83833333333333,0.1515389036944321,0.1333333333333333,Lower,Short,Bearish,Below CPR,Cash Only,Short,70,Confirmed,CPR width: Narrow (20/20); Price location: Below CPR (20/20); Trend: unavailable (10/20); Participation: unavailable (10/20); Higher timeframe: unavailable (10/20),Narrow CPR,Not applicable,Not applicable,Narrow CPR; Wide CPR rules not applied
JUBLINGREA,Chemicals,613.55,614.4833333333333,614.95,614.0166666666667,614.95,614.0166666666667,0.152120174938211,0.15,Lower,Short,Bearish,Below CPR,Cash Only,Short,70,Confirmed,CPR width: Narrow (20/20); Price location: Below CPR (20/20); Trend: unavailable (10/20); Participation: unavailable (10/20); Higher timeframe: unavailable (10/20),Narrow CPR,Not applicable,Not applicable,Narrow CPR; Wide CPR rules not applied
DIACABS,Diversified,124.39,124.58,124.675,124.485,124.675,124.485,0.1527453975399933,0.15,Lower,Short,Bearish,Below CPR,Cash Only,Short,70,Confirmed,CPR width: Narrow (20/20); Price location: Below CPR (20/20); Trend: unavailable (10/20); Participation: unavailable (10/20); Higher timeframe: unavailable (10/20),Narrow CPR,Not applicable,Not applicable,Narrow CPR; Wide CPR rules not applied
ARIES,Diversified,314.55,315.0333333333333,315.275,314.79166666666663,315.275,314.79166666666663,0.1536586658188995,0.2166666666666666,Lower,Short,Bearish,Below CPR,Cash Only,Short,70,Confirmed,CPR width: Narrow (20/20); Price location: Below CPR (20/20); Trend: unavailable (10/20); Participation: unavailable (10/20); Higher timeframe: unavailable (10/20),Narrow CPR,Not applicable,Not applicable,Narrow CPR; Wide CPR rules not applied
CORDSCABLE,Media & Entertainment,168.72,168.98000000000002,169.11,168.85000000000002,169.11,168.85000000000002,0.1541014698909381,0.1666666666666666,Lower,Short,Bearish,Below CPR,Cash Only,Short,70,Confirmed,CPR width: Narrow (20/20); Price location: Below CPR (20/20); Trend: unavailable (10/20); Participation: unavailable (10/20); Higher timeframe: unavailable (10/20),Narrow CPR,Not applicable,Not applicable,Narrow CPR; Wide CPR rules not applied
BHARATWIRE,Diversified,171.06,170.79333333333332,170.66,170.92666666666665,170.92666666666665,170.66,0.1558907206048471,0.2166666666666666,Higher,Long,Bullish,Above CPR,Cash Only,Long,70,Confirmed,CPR width: Narrow (20/20); Price location: Above CPR (20/20); Trend: unavailable (10/20); Participation: unavailable (10/20); Higher timeframe: unavailable (10/20),Narrow CPR,Not applicable,Not applicable,Narrow CPR; Wide CPR rules not applied
VSTL,Diversified,117.18,117.36333333333334,117.455,117.27166666666668,117.455,117.27166666666668,0.1564544575297053,0.25,Lower,Short,Bearish,Below CPR,Cash Only,Short,70,Confirmed,CPR width: Narrow (20/20); Price location: Below CPR (20/20); Trend: unavailable (10/20); Participation: unavailable (10/20); Higher timeframe: unavailable (10/20),Narrow CPR,Not applicable,Not applicable,Narrow CPR; Wide CPR rules not applied
RNBDENIMS,Diversified,168.12,167.85666666666668,167.72500000000002,167.98833333333334,167.98833333333334,167.72500000000002,0.1566341502101601,0.0833333333333333,Higher,Long,Bullish,Above CPR,Cash Only,Long,70,Confirmed,CPR width: Narrow (20/20); Price location: Above CPR (20/20); Trend: unavailable (10/20); Participation: unavailable (10/20); Higher timeframe: unavailable (10/20),Narrow CPR,Not applicable,Not applicable,Narrow CPR; Wide CPR rules not applied
IBULLSLTD,Diversified,10.62,10.636666666666663,10.645,10.62833333333333,10.645,10.62833333333333,0.1569365976145882,0.024390243902439,Lower,Short,Bearish,Below CPR,Cash Only,Short,70,Confirmed,CPR width: Narrow (20/20); Price location: Below CPR (20/20); Trend: unavailable (10/20); Participation: unavailable (10/20); Higher timeframe: unavailable (10/20),Narrow CPR,Not applicable,Not applicable,Narrow CPR; Wide CPR rules not applied
PSPPROJECT,Diversified,778.1,776.8499999999999,776.2249999999999,777.4749999999999,777.4749999999999,776.2249999999999,0.160647731654029,0.1166666666666666,Higher,Long,Bullish,Above CPR,Cash Only,Long,70,Confirmed,CPR width: Narrow (20/20); Price location: Above CPR (20/20); Trend: unavailable (10/20); Participation: unavailable (10/20); Higher timeframe: unavailable (10/20),Narrow CPR,Not applicable,Not applicable,Narrow CPR; Wide CPR rules not applied
DREAMFOLKS,Diversified,91.23,91.37666666666668,91.45,91.30333333333331,91.45,91.30333333333331,0.1607658299536067,0.0666666666666666,Lower,Short,Bearish,Below CPR,Cash Only,Short,70,Confirmed,CPR width: Narrow (20/20); Price location: Below CPR (20/20); Trend: unavailable (10/20); Participation: unavailable (10/20); Higher timeframe: unavailable (10/20),Narrow CPR,Not applicable,Not applicable,Narrow CPR; Wide CPR rules not applied
NURECA,Diversified,277.0,277.45,277.675,277.225,277.675,277.225,0.1624548736462258,0.1020408163265306,Lower,Short,Bearish,Below CPR,Cash Only,Short,70,Confirmed,CPR width: Narrow (20/20); Price location: Below CPR (20/20); Trend: unavailable (10/20); Participation: unavailable (10/20); Higher timeframe: unavailable (10/20),Narrow CPR,Not applicable,Not applicable,Narrow CPR; Wide CPR rules not applied
CEATLTD,Automobile and Auto Components,3924.4,3917.9666666666662,3914.75,3921.183333333333,3921.183333333333,3914.75,0.1639316413549432,0.15,Higher,Long,Bullish,Above CPR,Cash Only,Long,70,Confirmed,CPR width: Narrow (20/20); Price location: Above CPR (20/20); Trend: unavailable (10/20); Participation: unavailable (10/20); Higher timeframe: unavailable (10/20),Narrow CPR,Not applicable,Not applicable,Narrow CPR; Wide CPR rules not applied
KERNEX,Diversified,1194.2,1192.1666666666667,1191.15,1193.1833333333334,1193.1833333333334,1191.15,0.1702674035616566,0.1333333333333333,Higher,Long,Bullish,Above CPR,Cash Only,Long,70,Confirmed,CPR width: Narrow (20/20); Price location: Above CPR (20/20); Trend: unavailable (10/20); Participation: unavailable (10/20); Higher timeframe: unavailable (10/20),Narrow CPR,Not applicable,Not applicable,Narrow CPR; Wide CPR rules not applied
RPEL,Diversified,742.6,743.8666666666667,744.5,743.2333333333333,744.5,743.2333333333333,0.1705718646198022,0.1666666666666666,Lower,Short,Bearish,Below CPR,Cash Only,Short,70,Confirmed,CPR width: Narrow (20/20); Price location: Below CPR (20/20); Trend: unavailable (10/20); Participation: unavailable (10/20); Higher timeframe: unavailable (10/20),Narrow CPR,Not applicable,Not applicable,Narrow CPR; Wide CPR rules not applied
RUBFILA,Diversified,72.16,72.28333333333333,72.345,72.22166666666666,72.345,72.22166666666666,0.1709164818920937,0.2166666666666666,Lower,Short,Bearish,Below CPR,Cash Only,Short,70,Confirmed,CPR width: Narrow (20/20); Price location: Below CPR (20/20); Trend: unavailable (10/20); Participation: unavailable (10/20); Higher timeframe: unavailable (10/20),Narrow CPR,Not applicable,Not applicable,Narrow CPR; Wide CPR rules not applied
CYBERTECH,Information Technology,132.36,132.58666666666667,132.7,132.47333333333336,132.7,132.47333333333336,0.1712501259191833,0.1111111111111111,Lower,Short,Bearish,Below CPR,Cash Only,Short,70,Confirmed,CPR width: Narrow (20/20); Price location: Below CPR (20/20); Trend: unavailable (10/20); Participation: unavailable (10/20); Higher timeframe: unavailable (10/20),Narrow CPR,Not applicable,Not applicable,Narrow CPR; Wide CPR rules not applied
LFIC,Diversified,146.72,146.97333333333333,147.1,146.84666666666666,147.1,146.84666666666666,0.1726644856415828,0.1333333333333333,Lower,Short,Bearish,Below CPR,Cash Only,Short,70,Confirmed,CPR width: Narrow (20/20); Price location: Below CPR (20/20); Trend: unavailable (10/20); Participation: unavailable (10/20); Higher timeframe: unavailable (10/20),Narrow CPR,Not applicable,Not applicable,Narrow CPR; Wide CPR rules not applied
EIFFL,Diversified,249.9,250.33333333333331,250.55,250.11666666666667,250.55,250.11666666666667,0.1734026944110993,0.15,Lower,Short,Bearish,Below CPR,Cash Only,Short,70,Confirmed,CPR width: Narrow (20/20); Price location: Below CPR (20/20); Trend: unavailable (10/20); Participation: unavailable (10/20); Higher timeframe: unavailable (10/20),Narrow CPR,Not applicable,Not applicable,Narrow CPR; Wide CPR rules not applied
MINDTECK,Diversified,218.03,218.41,218.6,218.22,218.6,218.22,0.1742879420263245,0.1166666666666666,Lower,Short,Bearish,Below CPR,Cash Only,Short,70,Confirmed,CPR width: Narrow (20/20); Price location: Below CPR (20/20); Trend: unavailable (10/20); Participation: unavailable (10/20); Higher timeframe: unavailable (10/20),Narrow CPR,Not applicable,Not applicable,Narrow CPR; Wide CPR rules not applied
BHARATGEAR,Automobile & Ancillary,120.02,119.81,119.705,119.915,119.915,119.705,0.1749708381936173,0.0434782608695652,Higher,Long,Bullish,Above CPR,Cash Only,Long,70,Confirmed,CPR width: Narrow (20/20); Price location: Above CPR (20/20); Trend: unavailable (10/20); Participation: unavailable (10/20); Higher timeframe: unavailable (10/20),Narrow CPR,Not applicable,Not applicable,Narrow CPR; Wide CPR rules not applied
TIINDIA,Automobile and Auto Components,2313.6,2317.6666666666665,2319.7,2315.633333333333,2319.7,2315.633333333333,0.1757722452743173,0.1166666666666666,Lower,Short,Bearish,Below CPR,Cash Only,Short,70,Confirmed,CPR width: Narrow (20/20); Price location: Below CPR (20/20); Trend: unavailable (10/20); Participation: unavailable (10/20); Higher timeframe: unavailable (10/20),Narrow CPR,Not applicable,Not applicable,Narrow CPR; Wide CPR rules not applied
SANSTAR,Diversified,89.01,89.16666666666667,89.245,89.08833333333334,89.245,89.08833333333334,0.1760101861214091,0.2166666666666666,Lower,Short,Bearish,Below CPR,Cash Only,Short,70,Confirmed,CPR width: Narrow (20/20); Price location: Below CPR (20/20); Trend: unavailable (10/20); Participation: unavailable (10/20); Higher timeframe: unavailable (10/20),Narrow CPR,Not applicable,Not applicable,Narrow CPR; Wide CPR rules not applied
TRF,Diversified,274.25,274.7333333333333,274.975,274.4916666666667,274.975,274.4916666666667,0.1762382254633905,0.1666666666666666,Lower,Short,Bearish,Below CPR,Cash Only,Short,70,Confirmed,CPR width: Narrow (20/20); Price location: Below CPR (20/20); Trend: unavailable (10/20); Participation: unavailable (10/20); Higher timeframe: unavailable (10/20),Narrow CPR,Not applicable,Not applicable,Narrow CPR; Wide CPR rules not applied
ADL,Diversified,71.54,71.66666666666667,71.73,71.60333333333334,71.73,71.60333333333334,0.1770571242195487,0.1333333333333333,Lower,Short,Bearish,Below CPR,Cash Only,Short,70,Confirmed,CPR width: Narrow (20/20); Price location: Below CPR (20/20); Trend: unavailable (10/20); Participation: unavailable (10/20); Higher timeframe: unavailable (10/20),Narrow CPR,Not applicable,Not applicable,Narrow CPR; Wide CPR rules not applied
JARO,Diversified,478.8,479.65,480.075,479.2250000000001,480.075,479.2250000000001,0.1775271512113427,0.0833333333333333,Lower,Short,Bearish,Below CPR,Cash Only,Short,70,Confirmed,CPR width: Narrow (20/20); Price location: Below CPR (20/20); Trend: unavailable (10/20); Participation: unavailable (10/20); Higher timeframe: unavailable (10/20),Narrow CPR,Not applicable,Not applicable,Narrow CPR; Wide CPR rules not applied
KIOCL,Diversified,352.5,353.1333333333334,353.45,352.8166666666668,353.45,352.8166666666668,0.1796690307328261,0.1333333333333333,Lower,Short,Bearish,Below CPR,Cash Only,Short,70,Confirmed,CPR width: Narrow (20/20); Price location: Below CPR (20/20); Trend: unavailable (10/20); Participation: unavailable (10/20); Higher timeframe: unavailable (10/20),Narrow CPR,Not applicable,Not applicable,Narrow CPR; Wide CPR rules not applied
VIMTALABS,Healthcare & Pharma,424.6,425.3666666666666,425.75,424.9833333333332,425.75,424.9833333333332,0.1805620976605664,0.15,Lower,Short,Bearish,Below CPR,Cash Only,Short,70,Confirmed,CPR width: Narrow (20/20); Price location: Below CPR (20/20); Trend: unavailable (10/20); Participation: unavailable (10/20); Higher timeframe: unavailable (10/20),Narrow CPR,Not applicable,Not applicable,Narrow CPR; Wide CPR rules not applied
TRU,Diversified,7.32,7.333333333333333,7.34,7.326666666666666,7.34,7.326666666666666,0.1821493624772355,0.1333333333333333,Lower,Short,Bearish,Below CPR,Cash Only,Short,70,Confirmed,CPR width: Narrow (20/20); Price location: Below CPR (20/20); Trend: unavailable (10/20); Participation: unavailable (10/20); Higher timeframe: unavailable (10/20),Narrow CPR,Not applicable,Not applicable,Narrow CPR; Wide CPR rules not applied
GVT&D,Capital Goods,3552.2,3545.7,3542.45,3548.949999999999,3548.949999999999,3542.45,0.1829851922751841,0.2,Higher,Long,Bullish,Above CPR,Cash Only,Long,70,Confirmed,CPR width: Narrow (20/20); Price location: Above CPR (20/20); Trend: unavailable (10/20); Participation: unavailable (10/20); Higher timeframe: unavailable (10/20),Narrow CPR,Not applicable,Not applicable,Narrow CPR; Wide CPR rules not applied
STYL,Diversified,260.08,259.6033333333333,259.365,259.8416666666666,259.8416666666666,259.365,0.1832769404285505,0.1833333333333333,Higher,Long,Bullish,Above CPR,Cash Only,Long,70,Confirmed,CPR width: Narrow (20/20); Price location: Above CPR (20/20); Trend: unavailable (10/20); Participation: unavailable (10/20); Higher timeframe: unavailable (10/20),Narrow CPR,Not applicable,Not applicable,Narrow CPR; Wide CPR rules not applied
RKFORGE,Automobile and Auto Components,555.85,556.8833333333333,557.4000000000001,556.3666666666666,557.4000000000001,556.3666666666666,0.185901472219759,0.2,Lower,Short,Bearish,Below CPR,Cash Only,Short,70,Confirmed,CPR width: Narrow (20/20); Price location: Below CPR (20/20); Trend: unavailable (10/20); Participation: unavailable (10/20); Higher timeframe: unavailable (10/20),Narrow CPR,Not applicable,Not applicable,Narrow CPR; Wide CPR rules not applied
AERONEU,Diversified,71.3,71.47000000000001,71.555,71.38500000000002,71.555,71.38500000000002,0.2384291725105013,0.1333333333333333,Lower,Short,Bearish,Below CPR,Cash Only,Short,70,Confirmed,CPR width: Narrow (20/20); Price location: Below CPR (20/20); Trend: unavailable (10/20); Participation: unavailable (10/20); Higher timeframe: unavailable (10/20),Narrow CPR,Not applicable,Not applicable,Narrow CPR; Wide CPR rules not applied
AARON,Diversified,163.22,163.61,163.805,163.41500000000002,163.805,163.41500000000002,0.2389413062124656,0.15,Lower,Short,Bearish,Below CPR,Cash Only,Short,70,Confirmed,CPR width: Narrow (20/20); Price location: Below CPR (20/20); Trend: unavailable (10/20); Participation: unavailable (10/20); Higher timeframe: unavailable (10/20),Narrow CPR,Not applicable,Not applicable,Narrow CPR; Wide CPR rules not applied
BBTC,Fast Moving Consumer Goods,1778.0,1774.6333333333332,1772.95,1776.3166666666664,1776.3166666666664,1772.95,0.1893513310835958,0.2166666666666666,Higher,Long,Bullish,Above CPR,Cash Only,Long,70,Confirmed,CPR width: Narrow (20/20); Price location: Above CPR (20/20); Trend: unavailable (10/20); Participation: unavailable (10/20); Higher timeframe: unavailable (10/20),Narrow CPR,Not applicable,Not applicable,Narrow CPR; Wide CPR rules not applied
JAGSNPHARM,Diversified,168.16,168.48,168.64,168.32,168.64,168.32,0.1902949571836306,0.2166666666666666,Lower,Short,Bearish,Below CPR,Cash Only,Short,70,Confirmed,CPR width: Narrow (20/20); Price location: Below CPR (20/20); Trend: unavailable (10/20); Participation: unavailable (10/20); Higher timeframe: unavailable (10/20),Narrow CPR,Not applicable,Not applicable,Narrow CPR; Wide CPR rules not applied
APOLLOTYRE,Automobile and Auto Components,504.2,505.1666666666667,505.65,504.6833333333334,505.65,504.6833333333334,0.19172286129841,0.25,Lower,Short,Bearish,Below CPR,Cash Only,Short,70,Confirmed,CPR width: Narrow (20/20); Price location: Below CPR (20/20); Trend: unavailable (10/20); Participation: unavailable (10/20); Higher timeframe: unavailable (10/20),Narrow CPR,Not applicable,Not applicable,Narrow CPR; Wide CPR rules not applied
PDMJEPAPER,Paper & Packaging,81.19,81.34666666666666,81.425,81.26833333333333,81.425,81.26833333333333,0.192963008580695,0.2166666666666666,Lower,Short,Bearish,Below CPR,Cash Only,Short,70,Confirmed,CPR width: Narrow (20/20); Price location: Below CPR (20/20); Trend: unavailable (10/20); Participation: unavailable (10/20); Higher timeframe: unavailable (10/20),Narrow CPR,Not applicable,Not applicable,Narrow CPR; Wide CPR rules not applied
KRN,Diversified,673.05,674.35,675.0,673.7,675.0,673.7,0.193150583166177,0.1,Lower,Short,Bearish,Below CPR,Cash Only,Short,70,Confirmed,CPR width: Narrow (20/20); Price location: Below CPR (20/20); Trend: unavailable (10/20); Participation: unavailable (10/20); Higher timeframe: unavailable (10/20),Narrow CPR,Not applicable,Not applicable,Narrow CPR; Wide CPR rules not applied
KANANIIND,Diversified,1.72,1.7166666666666666,1.715,1.7183333333333333,1.7183333333333333,1.715,0.1937984496124075,0.1,Higher,Long,Bullish,Above CPR,Cash Only,Long,70,Confirmed,CPR width: Narrow (20/20); Price location: Above CPR (20/20); Trend: unavailable (10/20); Participation: unavailable (10/20); Higher timeframe: unavailable (10/20),Narrow CPR,Not applicable,Not applicable,Narrow CPR; Wide CPR rules not applied
IGCL,Diversified,71.99,72.13,72.2,72.05999999999999,72.2,72.05999999999999,0.1944714543686828,0.1166666666666666,Lower,Short,Bearish,Below CPR,Cash Only,Short,70,Confirmed,CPR width: Narrow (20/20); Price location: Below CPR (20/20); Trend: unavailable (10/20); Participation: unavailable (10/20); Higher timeframe: unavailable (10/20),Narrow CPR,Not applicable,Not applicable,Narrow CPR; Wide CPR rules not applied
JINDALSAW,Capital Goods,187.78,187.41,187.225,187.595,187.595,187.225,0.1970390882948155,0.2166666666666666,Higher,Long,Bullish,Above CPR,Cash Only,Long,70,Confirmed,CPR width: Narrow (20/20); Price location: Above CPR (20/20); Trend: unavailable (10/20); Participation: unavailable (10/20); Higher timeframe: unavailable (10/20),Narrow CPR,Not applicable,Not applicable,Narrow CPR; Wide CPR rules not applied
SUPRAJIT,Diversified,462.75,463.6666666666667,464.125,463.20833333333337,464.125,463.20833333333337,0.1980911219160732,0.25,Lower,Short,Bearish,Below CPR,Cash Only,Short,70,Confirmed,CPR width: Narrow (20/20); Price location: Below CPR (20/20); Trend: unavailable (10/20); Participation: unavailable (10/20); Higher timeframe: unavailable (10/20),Narrow CPR,Not applicable,Not applicable,Narrow CPR; Wide CPR rules not applied
RHL,Diversified,183.13,183.4933333333333,183.675,183.31166666666667,183.675,183.31166666666667,0.1984018638854059,0.1666666666666666,Lower,Short,Bearish,Below CPR,Cash Only,Short,70,Confirmed,CPR width: Narrow (20/20); Price location: Below CPR (20/20); Trend: unavailable (10/20); Participation: unavailable (10/20); Higher timeframe: unavailable (10/20),Narrow CPR,Not applicable,Not applicable,Narrow CPR; Wide CPR rules not applied
JYOTISTRUC,Diversified,10.02,10.04,10.05,10.03,10.05,10.03,0.1996007984031893,0.1333333333333333,Lower,Short,Bearish,Below CPR,Cash Only,Short,70,Confirmed,CPR width: Narrow (20/20); Price location: Below CPR (20/20); Trend: unavailable (10/20); Participation: unavailable (10/20); Higher timeframe: unavailable (10/20),Narrow CPR,Not applicable,Not applicable,Narrow CPR; Wide CPR rules not applied
IXIGO,Diversified,213.14,212.7133333333333,212.5,212.92666666666668,212.92666666666668,212.5,0.2001814144068107,0.1166666666666666,Higher,Long,Bullish,Above CPR,Cash Only,Long,70,Confirmed,CPR width: Narrow (20/20); Price location: Above CPR (20/20); Trend: unavailable (10/20); Participation: unavailable (10/20); Higher timeframe: unavailable (10/20),Narrow CPR,Not applicable,Not applicable,Narrow CPR; Wide CPR rules not applied
PARKHOSPS,Diversified,153.19,153.49666666666667,153.65,153.34333333333333,153.65,153.34333333333333,0.2001871314489666,0.1714285714285714,Lower,Short,Bearish,Below CPR,Cash Only,Short,70,Confirmed,CPR width: Narrow (20/20); Price location: Below CPR (20/20); Trend: unavailable (10/20); Participation: unavailable (10/20); Higher timeframe: unavailable (10/20),Narrow CPR,Not applicable,Not applicable,Narrow CPR; Wide CPR rules not applied
BPL,Diversified,59.27,59.150000000000006,59.09,59.21000000000001,59.21000000000001,59.09,0.2024633035262435,0.15,Higher,Long,Bullish,Above CPR,Cash Only,Long,70,Confirmed,CPR width: Narrow (20/20); Price location: Above CPR (20/20); Trend: unavailable (10/20); Participation: unavailable (10/20); Higher timeframe: unavailable (10/20),Narrow CPR,Not applicable,Not applicable,Narrow CPR; Wide CPR rules not applied
KHAICHEM,Chemicals & Fertilizers,64.8,64.93333333333334,65.0,64.86666666666667,65.0,64.86666666666667,0.2057613168724162,0.2,Lower,Short,Bearish,Below CPR,Cash Only,Short,70,Confirmed,CPR width: Narrow (20/20); Price location: Below CPR (20/20); Trend: unavailable (10/20); Participation: unavailable (10/20); Higher timeframe: unavailable (10/20),Narrow CPR,Not applicable,Not applicable,Narrow CPR; Wide CPR rules not applied
PAYTM,Financial Services,1187.4,1189.9,1191.15,1188.65,1191.15,1188.65,0.2105440458143843,0.1666666666666666,Lower,Short,Bearish,Below CPR,Cash Only,Short,70,Confirmed,CPR width: Narrow (20/20); Price location: Below CPR (20/20); Trend: unavailable (10/20); Participation: unavailable (10/20); Higher timeframe: unavailable (10/20),Narrow CPR,Not applicable,Not applicable,Narrow CPR; Wide CPR rules not applied
VISAKAIND,Diversified,64.56,64.69666666666667,64.765,64.62833333333334,64.765,64.62833333333334,0.2116893845518216,0.15,Lower,Short,Bearish,Below CPR,Cash Only,Short,70,Confirmed,CPR width: Narrow (20/20); Price location: Below CPR (20/20); Trend: unavailable (10/20); Participation: unavailable (10/20); Higher timeframe: unavailable (10/20),Narrow CPR,Not applicable,Not applicable,Narrow CPR; Wide CPR rules not applied
TVSSCS,Diversified,100.64,100.85333333333334,100.96,100.74666666666668,100.96,100.74666666666668,0.2119766825649227,0.2166666666666666,Lower,Short,Bearish,Below CPR,Cash Only,Short,70,Confirmed,CPR width: Narrow (20/20); Price location: Below CPR (20/20); Trend: unavailable (10/20); Participation: unavailable (10/20); Higher timeframe: unavailable (10/20),Narrow CPR,Not applicable,Not applicable,Narrow CPR; Wide CPR rules not applied
SDBL,Diversified,86.22,86.40333333333335,86.495,86.3116666666667,86.495,86.3116666666667,0.2126343462460087,0.2166666666666666,Lower,Short,Bearish,Below CPR,Cash Only,Short,70,Confirmed,CPR width: Narrow (20/20); Price location: Below CPR (20/20); Trend: unavailable (10/20); Participation: unavailable (10/20); Higher timeframe: unavailable (10/20),Narrow CPR,Not applicable,Not applicable,Narrow CPR; Wide CPR rules not applied
PRIVISCL,Diversified,2757.8,2763.6666666666665,2766.6,2760.733333333333,2766.6,2760.733333333333,0.2127299538279348,0.1666666666666666,Lower,Short,Bearish,Below CPR,Cash Only,Short,70,Confirmed,CPR width: Narrow (20/20); Price location: Below CPR (20/20); Trend: unavailable (10/20); Participation: unavailable (10/20); Higher timeframe: unavailable (10/20),Narrow CPR,Not applicable,Not applicable,Narrow CPR; Wide CPR rules not applied
VLEGOV,Diversified,13.98,13.949999999999998,13.935,13.964999999999996,13.964999999999996,13.935,0.2145922746780942,0.1666666666666666,Higher,Long,Bullish,Above CPR,Cash Only,Long,70,Confirmed,CPR width: Narrow (20/20); Price location: Above CPR (20/20); Trend: unavailable (10/20); Participation: unavailable (10/20); Higher timeframe: unavailable (10/20),Narrow CPR,Not applicable,Not applicable,Narrow CPR; Wide CPR rules not applied
RELCHEMQ,Chemicals & Fertilizers,130.27,129.99,129.85,130.13000000000002,130.13000000000002,129.85,0.2149382052660086,0.1833333333333333,Higher,Long,Bullish,Above CPR,Cash Only,Long,70,Confirmed,CPR width: Narrow (20/20); Price location: Above CPR (20/20); Trend: unavailable (10/20); Participation: unavailable (10/20); Higher timeframe: unavailable (10/20),Narrow CPR,Not applicable,Not applicable,Narrow CPR; Wide CPR rules not applied
INDOWIND,Power & Utilities,10.84,10.863333333333337,10.875,10.85166666666667,10.875,10.85166666666667,0.2152521525214933,0.1,Lower,Short,Bearish,Below CPR,Cash Only,Short,70,Confirmed,CPR width: Narrow (20/20); Price location: Below CPR (20/20); Trend: unavailable (10/20); Participation: unavailable (10/20); Higher timeframe: unavailable (10/20),Narrow CPR,Not applicable,Not applicable,Narrow CPR; Wide CPR rules not applied
HPL,Diversified,315.5,316.18333333333334,316.525,315.8416666666667,316.525,315.8416666666667,0.2165874273639557,0.2166666666666666,Lower,Short,Bearish,Below CPR,Cash Only,Short,70,Confirmed,CPR width: Narrow (20/20); Price location: Below CPR (20/20); Trend: unavailable (10/20); Participation: unavailable (10/20); Higher timeframe: unavailable (10/20),Narrow CPR,Not applicable,Not applicable,Narrow CPR; Wide CPR rules not applied
EMMBI,Diversified,93.24,93.44333333333331,93.545,93.34166666666664,93.545,93.34166666666664,0.2180752180752331,0.2333333333333333,Lower,Short,Bearish,Below CPR,Cash Only,Short,70,Confirmed,CPR width: Narrow (20/20); Price location: Below CPR (20/20); Trend: unavailable (10/20); Participation: unavailable (10/20); Higher timeframe: unavailable (10/20),Narrow CPR,Not applicable,Not applicable,Narrow CPR; Wide CPR rules not applied
CROWN,Diversified,132.98,133.27666666666667,133.425,133.12833333333333,133.425,133.12833333333333,0.2230911916579042,0.1333333333333333,Lower,Short,Bearish,Below CPR,Cash Only,Short,70,Confirmed,CPR width: Narrow (20/20); Price location: Below CPR (20/20); Trend: unavailable (10/20); Participation: unavailable (10/20); Higher timeframe: unavailable (10/20),Narrow CPR,Not applicable,Not applicable,Narrow CPR; Wide CPR rules not applied
ACUTAAS,Healthcare,1986.9,1982.3333333333333,1980.05,1984.6166666666663,1984.6166666666663,1980.05,0.2298387773248077,0.1833333333333333,Higher,Long,Bullish,Above CPR,Cash Only,Long,70,Confirmed,CPR width: Narrow (20/20); Price location: Above CPR (20/20); Trend: unavailable (10/20); Participation: unavailable (10/20); Higher timeframe: unavailable (10/20),Narrow CPR,Not applicable,Not applicable,Narrow CPR; Wide CPR rules not applied
SAKHTISUG,Diversified,17.34,17.38,17.4,17.36,17.4,17.36,0.2306805074971115,0.15,Lower,Short,Bearish,Below CPR,Cash Only,Short,70,Confirmed,CPR width: Narrow (20/20); Price location: Below CPR (20/20); Trend: unavailable (10/20); Participation: unavailable (10/20); Higher timeframe: unavailable (10/20),Narrow CPR,Not applicable,Not applicable,Narrow CPR; Wide CPR rules not applied
EMIL,Diversified,92.64,92.85666666666668,92.965,92.74833333333332,92.965,92.74833333333332,0.2338802533103071,0.25,Lower,Short,Bearish,Below CPR,Cash Only,Short,70,Confirmed,CPR width: Narrow (20/20); Price location: Below CPR (20/20); Trend: unavailable (10/20); Participation: unavailable (10/20); Higher timeframe: unavailable (10/20),Narrow CPR,Not applicable,Not applicable,Narrow CPR; Wide CPR rules not applied
VETO,Diversified,101.29,101.53000000000002,101.65,101.41000000000004,101.65,101.41000000000004,0.2369434297561266,0.15,Lower,Short,Bearish,Below CPR,Cash Only,Short,70,Confirmed,CPR width: Narrow (20/20); Price location: Below CPR (20/20); Trend: unavailable (10/20); Participation: unavailable (10/20); Higher timeframe: unavailable (10/20),Narrow CPR,Not applicable,Not applicable,Narrow CPR; Wide CPR rules not applied
RUDRA,Diversified,18.77,18.816666666666663,18.84,18.793333333333333,18.84,18.793333333333333,0.2486236902859182,0.1212121212121212,Lower,Short,Bearish,Below CPR,Cash Only,Short,70,Confirmed,CPR width: Narrow (20/20); Price location: Below CPR (20/20); Trend: unavailable (10/20); Participation: unavailable (10/20); Higher timeframe: unavailable (10/20),Narrow CPR,Not applicable,Not applicable,Narrow CPR; Wide CPR rules not applied
SAMHI,Diversified,165.74,166.15,166.35500000000002,165.945,166.35500000000002,165.945,0.247375407264405,0.15,Lower,Short,Bearish,Below CPR,Cash Only,Short,70,Confirmed,CPR width: Narrow (20/20); Price location: Below CPR (20/20); Trend: unavailable (10/20); Participation: unavailable (10/20); Higher timeframe: unavailable (10/20),Narrow CPR,Not applicable,Not applicable,Narrow CPR; Wide CPR rules not applied
DAMCAPITAL,Diversified,167.17,167.56999999999996,167.76999999999998,167.36999999999995,167.76999999999998,167.36999999999995,0.239277382305458,0.2,Lower,Short,Bearish,Below CPR,Cash Only,Short,70,Confirmed,CPR width: Narrow (20/20); Price location: Below CPR (20/20); Trend: unavailable (10/20); Participation: unavailable (10/20); Higher timeframe: unavailable (10/20),Narrow CPR,Not applicable,Not applicable,Narrow CPR; Wide CPR rules not applied
COFFEEDAY,FMCG & Food Products,30.14,30.21333333333333,30.25,30.17666666666667,30.25,30.17666666666667,0.2433090024330809,0.1351351351351351,Lower,Short,Bearish,Below CPR,Cash Only,Short,70,Confirmed,CPR width: Narrow (20/20); Price location: Below CPR (20/20); Trend: unavailable (10/20); Participation: unavailable (10/20); Higher timeframe: unavailable (10/20),Narrow CPR,Not applicable,Not applicable,Narrow CPR; Wide CPR rules not applied
GHCLTEXTIL,Diversified,78.32,78.51333333333334,78.61,78.41666666666667,78.61,78.41666666666667,0.2468505277493974,0.2166666666666666,Lower,Short,Bearish,Below CPR,Cash Only,Short,70,Confirmed,CPR width: Narrow (20/20); Price location: Below CPR (20/20); Trend: unavailable (10/20); Participation: unavailable (10/20); Higher timeframe: unavailable (10/20),Narrow CPR,Not applicable,Not applicable,Narrow CPR; Wide CPR rules not applied
HILTON,Diversified,25.53,25.593333333333334,25.625,25.561666666666667,25.625,25.561666666666667,0.2480741611176364,0.1666666666666666,Lower,Short,Bearish,Below CPR,Cash Only,Short,70,Confirmed,CPR width: Narrow (20/20); Price location: Below CPR (20/20); Trend: unavailable (10/20); Participation: unavailable (10/20); Higher timeframe: unavailable (10/20),Narrow CPR,Not applicable,Not applicable,Narrow CPR; Wide CPR rules not applied
GLOBE,Diversified,2.69,2.6966666666666668,2.7,2.6933333333333334,2.7,2.6933333333333334,0.2478314745972795,0.2166666666666666,Lower,Short,Bearish,Below CPR,Cash Only,Short,70,Confirmed,CPR width: Narrow (20/20); Price location: Below CPR (20/20); Trend: unavailable (10/20); Participation: unavailable (10/20); Higher timeframe: unavailable (10/20),Narrow CPR,Not applicable,Not applicable,Narrow CPR; Wide CPR rules not applied
NIITMTS,Diversified,379.5,380.65,381.225,380.0750000000001,381.225,380.0750000000001,0.303030303030297,0.2333333333333333,Lower,Short,Bearish,Below CPR,Cash Only,Short,62,Mixed,CPR width: 0.3030% (12/20); Price location: Below CPR (20/20); Trend: unavailable (10/20); Participation: unavailable (10/20); Higher timeframe: unavailable (10/20),Standard CPR,Not applicable,Not applicable,Standard CPR; Wide CPR rules not applied
KHADIM,Diversified,163.89,164.38,164.625,164.135,164.625,164.135,0.2989810238574709,0.2,Lower,Short,Bearish,Below CPR,Cash Only,Short,62,Mixed,CPR width: 0.2990% (12/20); Price location: Below CPR (20/20); Trend: unavailable (10/20); Participation: unavailable (10/20); Higher timeframe: unavailable (10/20),Standard CPR,Not applicable,Not applicable,Standard CPR; Wide CPR rules not applied
NBCC,Construction,98.3,98.55,98.675,98.425,98.675,98.425,0.254323499491353,0.2333333333333333,Lower,Short,Bearish,Below CPR,Cash Only,Short,62,Mixed,CPR width: 0.2543% (12/20); Price location: Below CPR (20/20); Trend: unavailable (10/20); Participation: unavailable (10/20); Higher timeframe: unavailable (10/20),Standard CPR,Not applicable,Not applicable,Standard CPR; Wide CPR rules not applied
IMAGICAA,Diversified,48.37,48.49333333333333,48.555,48.431666666666665,48.555,48.431666666666665,0.254978981462342,0.25,Lower,Short,Bearish,Below CPR,Cash Only,Short,62,Mixed,CPR width: 0.2550% (12/20); Price location: Below CPR (20/20); Trend: unavailable (10/20); Participation: unavailable (10/20); Higher timeframe: unavailable (10/20),Standard CPR,Not applicable,Not applicable,Standard CPR; Wide CPR rules not applied
UTKARSHBNK,Banking,14.06,14.023333333333332,14.005,14.041666666666668,14.041666666666668,14.005,0.2607871028923815,0.2333333333333333,Higher,Long,Bullish,Above CPR,Cash Only,Long,62,Mixed,CPR width: 0.2608% (12/20); Price location: Above CPR (20/20); Trend: unavailable (10/20); Participation: unavailable (10/20); Higher timeframe: unavailable (10/20),Standard CPR,Not applicable,Not applicable,Standard CPR; Wide CPR rules not applied
LAXMIDENTL,Diversified,203.28,203.82,204.09,203.55000000000004,204.09,203.55000000000004,0.2656434474616114,0.2,Lower,Short,Bearish,Below CPR,Cash Only,Short,62,Mixed,CPR width: 0.2656% (12/20); Price location: Below CPR (20/20); Trend: unavailable (10/20); Participation: unavailable (10/20); Higher timeframe: unavailable (10/20),Standard CPR,Not applicable,Not applicable,Standard CPR; Wide CPR rules not applied
INOXGREEN,Diversified,173.09,173.56333333333336,173.8,173.3266666666667,173.8,173.3266666666667,0.273460819997285,0.1833333333333333,Lower,Short,Bearish,Below CPR,Cash Only,Short,62,Mixed,CPR width: 0.2735% (12/20); Price location: Below CPR (20/20); Trend: unavailable (10/20); Participation: unavailable (10/20); Higher timeframe: unavailable (10/20),Standard CPR,Not applicable,Not applicable,Standard CPR; Wide CPR rules not applied
ASTEC,Diversified,635.95,637.7166666666666,638.5999999999999,636.8333333333333,638.5999999999999,636.8333333333333,0.2777996173703359,0.1833333333333333,Lower,Short,Bearish,Below CPR,Cash Only,Short,62,Mixed,CPR width: 0.2778% (12/20); Price location: Below CPR (20/20); Trend: unavailable (10/20); Participation: unavailable (10/20); Higher timeframe: unavailable (10/20),Standard CPR,Not applicable,Not applicable,Standard CPR; Wide CPR rules not applied
CINEVISTA,Diversified,15.83,15.876666666666669,15.9,15.853333333333332,15.9,15.853333333333332,0.2947989050326396,0.1666666666666666,Lower,Short,Bearish,Below CPR,Cash Only,Short,62,Mixed,CPR width: 0.2948% (12/20); Price location: Below CPR (20/20); Trend: unavailable (10/20); Participation: unavailable (10/20); Higher timeframe: unavailable (10/20),Standard CPR,Not applicable,Not applicable,Standard CPR; Wide CPR rules not applied
CHEMPLASTS,Chemicals & Fertilizers,256.15,257.05,257.5,256.6,257.5,256.6,0.3513566269763722,0.25,Lower,Short,Bearish,Below CPR,Cash Only,Short,62,Mixed,CPR width: 0.3514% (12/20); Price location: Below CPR (20/20); Trend: unavailable (10/20); Participation: unavailable (10/20); Higher timeframe: unavailable (10/20),Standard CPR,Not applicable,Not applicable,Standard CPR; Wide CPR rules not applied
STCINDIA,Diversified,121.8,121.37,121.155,121.585,121.585,121.155,0.3530377668308759,0.2333333333333333,Higher,Long,Bullish,Above CPR,Cash Only,Long,62,Mixed,CPR width: 0.3530% (12/20); Price location: Above CPR (20/20); Trend: unavailable (10/20); Participation: unavailable (10/20); Higher timeframe: unavailable (10/20),Standard CPR,Not applicable,Not applicable,Standard CPR; Wide CPR rules not applied
SPLIL,Diversified,29.6,29.51,29.465,29.555000000000003,29.555000000000003,29.465,0.3040540540540655,0.1666666666666666,Higher,Long,Bullish,Above CPR,Cash Only,Long,62,Mixed,CPR width: 0.3041% (12/20); Price location: Above CPR (20/20); Trend: unavailable (10/20); Participation: unavailable (10/20); Higher timeframe: unavailable (10/20),Standard CPR,Not applicable,Not applicable,Standard CPR; Wide CPR rules not applied
MCLEODRUSS,Diversified,42.15,42.28,42.345,42.215,42.345,42.215,0.3084223013048528,0.1666666666666666,Lower,Short,Bearish,Below CPR,Cash Only,Short,62,Mixed,CPR width: 0.3084% (12/20); Price location: Below CPR (20/20); Trend: unavailable (10/20); Participation: unavailable (10/20); Higher timeframe: unavailable (10/20),Standard CPR,Not applicable,Not applicable,Standard CPR; Wide CPR rules not applied
ADVENTHTL,Diversified,214.53,215.23666666666668,215.59,214.88333333333333,215.59,214.88333333333333,0.329402259202279,0.2040816326530612,Lower,Short,Bearish,Below CPR,Cash Only,Short,62,Mixed,CPR width: 0.3294% (12/20); Price location: Below CPR (20/20); Trend: unavailable (10/20); Participation: unavailable (10/20); Higher timeframe: unavailable (10/20),Standard CPR,Not applicable,Not applicable,Standard CPR; Wide CPR rules not applied
CAPTRUST,Diversified,15.15,15.2,15.225,15.175000000000002,15.225,15.175000000000002,0.3300330033003112,0.25,Lower,Short,Bearish,Below CPR,Cash Only,Short,62,Mixed,CPR width: 0.3300% (12/20); Price location: Below CPR (20/20); Trend: unavailable (10/20); Participation: unavailable (10/20); Higher timeframe: unavailable (10/20),Standard CPR,Not applicable,Not applicable,Standard CPR; Wide CPR rules not applied
BALAJEE,Diversified,33.14,33.25,33.305,33.195,33.305,33.195,0.3319251659625812,0.2333333333333333,Lower,Short,Bearish,Below CPR,Cash Only,Short,62,Mixed,CPR width: 0.3319% (12/20); Price location: Below CPR (20/20); Trend: unavailable (10/20); Participation: unavailable (10/20); Higher timeframe: unavailable (10/20),Standard CPR,Not applicable,Not applicable,Standard CPR; Wide CPR rules not applied
UNIINFO,Information Technology,14.5,14.55,14.575,14.525,14.575,14.525,0.3448275862069014,0.2333333333333333,Lower,Short,Bearish,Below CPR,Cash Only,Short,62,Mixed,CPR width: 0.3448% (12/20); Price location: Below CPR (20/20); Trend: unavailable (10/20); Participation: unavailable (10/20); Higher timeframe: unavailable (10/20),Standard CPR,Not applicable,Not applicable,Standard CPR; Wide CPR rules not applied
RACE,Diversified,103.79,104.18333333333334,104.38,103.98666666666668,104.38,103.98666666666668,0.3789703568102097,0.2333333333333333,Lower,Short,Bearish,Below CPR,Cash Only,Short,62,Mixed,CPR width: 0.3790% (12/20); Price location: Below CPR (20/20); Trend: unavailable (10/20); Participation: unavailable (10/20); Higher timeframe: unavailable (10/20),Standard CPR,Not applicable,Not applicable,Standard CPR; Wide CPR rules not applied
INTENTECH,Information Technology,113.21,113.68,113.915,113.445,113.915,113.445,0.4151576715837814,0.25,Lower,Short,Bearish,Below CPR,Cash Only,Short,62,Mixed,CPR width: 0.4152% (12/20); Price location: Below CPR (20/20); Trend: unavailable (10/20); Participation: unavailable (10/20); Higher timeframe: unavailable (10/20),Standard CPR,Not applicable,Not applicable,Standard CPR; Wide CPR rules not applied
MOSCHIP,Diversified,198.14,198.85,199.205,198.495,199.205,198.495,0.3583324921772381,0.2333333333333333,Lower,Short,Bearish,Below CPR,Cash Only,Short,62,Mixed,CPR width: 0.3583% (12/20); Price location: Below CPR (20/20); Trend: unavailable (10/20); Participation: unavailable (10/20); Higher timeframe: unavailable (10/20),Standard CPR,Not applicable,Not applicable,Standard CPR; Wide CPR rules not applied
ZOTA,Diversified,1284.5,1289.3666666666668,1291.8000000000002,1286.9333333333334,1291.8000000000002,1286.9333333333334,0.3788763461788079,0.2333333333333333,Lower,Short,Bearish,Below CPR,Cash Only,Short,62,Mixed,CPR width: 0.3789% (12/20); Price location: Below CPR (20/20); Trend: unavailable (10/20); Participation: unavailable (10/20); Higher timeframe: unavailable (10/20),Standard CPR,Not applicable,Not applicable,Standard CPR; Wide CPR rules not applied
BGRENERGY,Diversified,328.85,330.71666666666664,331.65,329.7833333333333,331.65,329.7833333333333,0.5676346865338829,0.2222222222222222,Lower,Short,Bearish,Below CPR,Cash Only,Short,62,Mixed,CPR width: 0.5676% (12/20); Price location: Below CPR (20/20); Trend: unavailable (10/20); Participation: unavailable (10/20); Higher timeframe: unavailable (10/20),Standard CPR,Not applicable,Not applicable,Standard CPR; Wide CPR rules not applied
VISASTEEL,Metals & Mining,37.1,37.333333333333336,37.45,37.21666666666667,37.45,37.21666666666667,0.6289308176100654,0.2142857142857142,Lower,Short,Bearish,Below CPR,Cash Only,Short,62,Mixed,CPR width: 0.6289% (12/20); Price location: Below CPR (20/20); Trend: unavailable (10/20); Participation: unavailable (10/20); Higher timeframe: unavailable (10/20),Standard CPR,Not applicable,Not applicable,Standard CPR; Wide CPR rules not applied
LASA,Diversified,8.87,8.87,8.870000000000001,8.869999999999997,8.870000000000001,8.869999999999997,4.0053141812857965e-14,0.0652173913043478,Inside,Watch,Bearish,Inside CPR,Cash Only,Neutral,0,Not applicable,No directional setup; confirmation score not applicable.,Narrow CPR,Not applicable,Not applicable,Narrow CPR; Wide CPR rules not applied
VPRPL,Diversified,46.95,46.95000000000001,46.95,46.95000000000002,46.95000000000002,46.95,3.0268061161239624e-14,0.0166666666666666,Lower,Watch,Bullish,Inside CPR,Cash Only,Neutral,0,Not applicable,No directional setup; confirmation score not applicable.,Narrow CPR,Not applicable,Not applicable,Narrow CPR; Wide CPR rules not applied
