SYMBOL,SERIES,NAME,OPEN,HIGH,LOW,CLOSE,VOLUME,VALUE,session,PREV_HIGH,PREV_LOW,PREV_CLOSE,Pivot,BC,TC,CPR_Top,CPR_Bottom,CPR_Width,CPR_Width_Pct,CPR_Class,Bias,Price_Position,Segment,Industry,Nifty500,Bullish_CPR,Bearish_CPR,Width_Rank_Pct,History_Days,Value_60d,NR4,NR7,Overlay,History_OK,Regime,Own_Narrow,Virgin_CPR,ATR14,SMA50,SMA100,Width_ATR,Value_Ratio,Above_SMA50,Above_SMA100,Setup,Risk_Multiplier,Triple_Confluence,JCurve_Stage,JCurve_Score,JCurve_Explanation,Signal_Direction,Signal_Score,Signal_Grade,Signal_Explanation,Strategy_Type,Strategy_Setup,Strategy_Confirmation,Strategy_Explanation
GLOBALE,EQ,GLOBALE TESSILE LIMITED,11.55,11.78,11.11,11.37,9243,106194.22,20260227,13.49,11.51,11.55,12.183333333333332,12.5,11.866666666666664,12.5,11.866666666666664,0.6333333333333364,5.48340548340551,Wide,Bearish,Below CPR,Cash Only,Diversified,False,False,False,1.0,60,100401.545,False,False,Outside,True,Risk Off,False,Bearish Virgin,1.07,11.8578,12.1798,0.5919003115264826,1.057695078297849,False,False,No setup,0.0,None,None,0,No active J-Curve setup.,Neutral,0,Not applicable,No directional setup; confirmation score not applicable.,Wide CPR,Wide Downside Breakout,Confirmed,Wide CPR + close below CPR + trend aligned + participation confirmed
TARMAT,EQ,TARMAT LIMITED,72.75,73.9,66.15,71.14,1079691,76043743.54,20260227,64.89,55.39,64.89,61.723333333333336,60.14,63.30666666666667,63.30666666666667,60.14,3.1666666666666714,4.880053423742751,Wide,Bullish,Above CPR,Cash Only,Diversified,False,False,False,1.0,60,855150.4650000001,False,False,Higher,True,Risk Off,False,Bullish Virgin,3.735714285714286,52.549800000000005,52.7096,0.8476736775015945,88.9244017893389,True,True,No setup,0.0,None,None,0,No active J-Curve setup.,Neutral,0,Not applicable,No directional setup; confirmation score not applicable.,Wide CPR,Wide Upside Breakout,Confirmed,Wide CPR + close above CPR + trend aligned + participation confirmed
XTGLOBAL,EQ,XTGLOBAL INFOTECH LIMITED,37.9,39.99,36.3,38.64,1459287,56571585.97,20260227,33.63,30.0,33.63,32.42,31.815,33.025000000000006,33.025000000000006,31.815,1.2100000000000044,3.597977995837063,Wide,Bullish,Above CPR,Cash Only,Diversified,False,False,False,1.0,60,798241.7050000001,False,False,Higher,True,Risk Off,False,Bullish Virgin,2.2085714285714277,31.4038,34.8119,0.5478654592496788,70.87024596140337,True,True,No setup,0.0,None,None,0,No active J-Curve setup.,Neutral,0,Not applicable,No directional setup; confirmation score not applicable.,Wide CPR,Wide Upside Breakout,Confirmed,Wide CPR + close above CPR + trend aligned + participation confirmed
UMESLTD,EQ,USHA MARTIN EDU & SOL LTD,4.44,4.44,4.0,4.1,100254,417370.65,20260227,4.7,4.0,4.14,4.28,4.35,4.210000000000001,4.35,4.210000000000001,0.1399999999999988,3.381642512077266,Wide,Bearish,Below CPR,Cash Only,Diversified,False,False,False,1.0,60,81082.375,False,False,Lower,True,Risk Off,False,None,0.417857142857143,4.7658,4.999,0.3350427350427321,5.147489204651443,False,False,No setup,0.0,None,None,0,No active J-Curve setup.,Neutral,0,Not applicable,No directional setup; confirmation score not applicable.,Wide CPR,Wide Downside Breakout,Confirmed,Wide CPR + close below CPR + trend aligned + participation confirmed
RGL,EQ,RENAISSANCE GLOBAL LTD,146.47,146.47,117.21,118.5,42444228,5521448613.7,20260227,147.9,129.12,145.8,140.94,138.51,143.37,143.37,138.51,4.860000000000014,3.3333333333333424,Wide,Bullish,Below CPR,Cash Only,Diversified,False,False,False,0.9833333333333333,60,62830345.91500001,False,False,Higher,True,Risk Off,False,None,9.567142857142859,119.12259999999998,125.2174,0.5079886516350618,87.87869194878678,False,False,No setup,0.0,None,None,0,No active J-Curve setup.,Neutral,0,Not applicable,No directional setup; confirmation score not applicable.,Wide CPR,Wide Downside Breakout,Confirmed,Wide CPR + close below CPR + trend aligned + participation confirmed
VIPCLOTHNG,EQ,VIP CLOTHING LIMITED,20.5,20.68,19.82,19.99,290010,5853978.14,20260227,22.87,20.01,20.42,21.1,21.44,20.76,21.44,20.76,0.6799999999999997,3.3300685602350617,Wide,Bearish,Below CPR,Cash Only,Diversified,False,False,False,1.0,60,4682664.0,False,False,Overlapping,True,Risk Off,False,None,1.5528571428571427,27.2384,30.5156,0.43790248390064385,1.250138412664244,False,False,No setup,0.0,None,None,0,No active J-Curve setup.,Neutral,0,Not applicable,No directional setup; confirmation score not applicable.,Wide CPR,Wide Downside Breakout,Confirmed,Wide CPR + close below CPR + trend aligned + participation confirmed
CALSOFT,EQ,CALIFORNIA SOFTWARE CO LT,12.81,12.81,12.41,12.56,71944,905470.8,20260227,13.84,12.61,12.75,13.066666666666668,13.225,12.908333333333337,13.225,12.908333333333337,0.3166666666666629,2.4836601307189246,Wide,Bearish,Below CPR,Cash Only,Information Technology,False,False,False,0.9666666666666667,60,411620.56,False,False,Lower,True,Risk Off,False,Bearish Virgin,0.7985714285714286,14.591599999999998,15.883,0.3965414430530662,2.199770584831817,False,False,No setup,0.0,None,None,0,No active J-Curve setup.,Neutral,0,Not applicable,No directional setup; confirmation score not applicable.,Wide CPR,Wide Downside Breakout,Confirmed,Wide CPR + close below CPR + trend aligned + participation confirmed
NINSYS,EQ,NINTEC SYSTEMS LIMITED,325.4,332.4,312.15,325.85,10607,3435265.1,20260227,353.0,316.4,322.9,330.76666666666665,334.7,326.8333333333333,334.7,326.8333333333333,7.866666666666674,2.4362547744399734,Wide,Bearish,Below CPR,Cash Only,Diversified,False,False,False,0.9666666666666667,60,1732248.15,False,False,Higher,True,Risk Off,False,None,20.87857142857143,361.279,392.0925,0.37678184513627583,1.983125281444232,False,False,No setup,0.0,None,None,0,No active J-Curve setup.,Neutral,0,Not applicable,No directional setup; confirmation score not applicable.,Wide CPR,Wide Downside Breakout,Confirmed,Wide CPR + close below CPR + trend aligned + participation confirmed
ROSSTECH,EQ,ROSSELL TECHSYS LIMITED,708.6,743.0,708.6,724.25,86609,63242099.75,20260227,731.0,666.0,724.55,707.1833333333334,698.5,715.8666666666668,715.8666666666668,698.5,17.366666666666788,2.3968900236928836,Wide,Bullish,Above CPR,Cash Only,Information Technology,False,False,False,0.9333333333333333,60,41983449.45,False,False,Higher,True,Risk Off,False,Bullish Virgin,34.37142857142857,659.543,674.318,0.5052646162371884,1.5063578762225789,True,True,No setup,0.0,None,None,0,No active J-Curve setup.,Neutral,0,Not applicable,No directional setup; confirmation score not applicable.,Wide CPR,Wide Upside Breakout,Confirmed,Wide CPR + close above CPR + trend aligned + participation confirmed
SETCO,EQ,SETCO AUTOMOTIVE LTD,16.7,16.92,15.56,16.92,335113,5616691.03,20260227,16.13,15.0,16.12,15.75,15.565,15.935,15.935,15.565,0.370000000000001,2.295285359801495,Wide,Bullish,Above CPR,Cash Only,Diversified,False,False,False,0.8833333333333333,60,690172.605,False,False,Higher,True,Risk Off,False,Bullish Virgin,0.9135714285714283,14.6274,15.9309,0.4050039093041451,8.138096165089022,True,True,No setup,0.0,None,None,0,No active J-Curve setup.,Neutral,0,Not applicable,No directional setup; confirmation score not applicable.,Wide CPR,Wide Upside Breakout,Confirmed,Wide CPR + close above CPR + trend aligned + participation confirmed
SAGILITY,EQ,SAGILITY LIMITED,40.4,40.56,38.68,39.55,54483849,2150351743.23,20260227,43.2,40.13,40.38,41.23666666666667,41.665000000000006,40.80833333333334,41.665000000000006,40.80833333333334,0.8566666666666691,2.1215122998183977,Wide,Bearish,Below CPR,Cash Only,Information Technology,True,False,False,0.9833333333333333,60,1052222024.37,False,False,Lower,True,Risk Off,False,Bearish Virgin,1.697142857142857,49.5058,49.27349999999999,0.5047699214365896,2.043629284910175,False,False,No setup,0.0,None,None,0,No active J-Curve setup.,Neutral,0,Not applicable,No directional setup; confirmation score not applicable.,Wide CPR,Wide Downside Breakout,Confirmed,Wide CPR + close below CPR + trend aligned + participation confirmed
AMNPLST,EQ,AMINES & PLASTICIZERS LTD,161.4,161.4,151.01,154.74,11660,1789555.69,20260227,163.84,152.26,153.36,156.48666666666668,158.05,154.92333333333335,158.05,154.92333333333335,3.126666666666665,2.0387758650669436,Wide,Bearish,Below CPR,Cash Only,Diversified,False,False,False,0.9833333333333333,60,1032780.17,False,False,Lower,True,Risk Off,False,None,7.109285714285717,179.55460000000002,190.93130000000002,0.4398003951907294,1.7327556647413165,False,False,No setup,0.0,None,None,0,No active J-Curve setup.,Neutral,0,Not applicable,No directional setup; confirmation score not applicable.,Wide CPR,Wide Downside Breakout,Confirmed,Wide CPR + close below CPR + trend aligned + participation confirmed
PDMJEPAPER,EQ,PUDUMJEE PAPER PRO. LTD,83.4,85.2,82.52,83.07,127351,10650162.55,20260227,91.0,81.76,83.83,85.52999999999999,86.38,84.67999999999998,86.38,84.67999999999998,1.700000000000017,2.0279136347369877,Wide,Bearish,Below CPR,Cash Only,Paper & Packaging,False,False,False,0.9833333333333333,60,6536931.16,False,False,Higher,True,Risk Off,False,Bullish Virgin,3.472142857142857,87.67480000000002,98.5943,0.48961119111294465,1.6292297240590798,False,False,No setup,0.0,None,None,0,No active J-Curve setup.,Neutral,0,Not applicable,No directional setup; confirmation score not applicable.,Wide CPR,Wide Downside Breakout,Confirmed,Wide CPR + close below CPR + trend aligned + participation confirmed
APCL,EQ,ANJANI PORTLAND CEM LTD,130.0,133.3,126.0,127.14,11453,1481497.7,20260227,135.28,126.82,127.19,129.76333333333335,131.05,128.4766666666667,131.05,128.4766666666667,2.5733333333333235,2.023219854810381,Wide,Bearish,Below CPR,Cash Only,Diversified,False,False,False,0.9333333333333333,60,1271732.53,False,False,Overlapping,True,Risk Off,False,None,7.6842857142857195,132.67680000000001,128.0875,0.33488256801140087,1.1649444085542107,False,False,No setup,0.0,None,None,0,No active J-Curve setup.,Neutral,0,Not applicable,No directional setup; confirmation score not applicable.,Wide CPR,Wide Downside Breakout,Confirmed,Wide CPR + close below CPR + trend aligned + participation confirmed
SHAHALLOYS,EQ,SHAH ALLOYS LIMITED,65.51,68.98,65.0,65.85,11450,760637.0,20260227,70.97,64.26,65.64,66.95666666666666,67.61500000000001,66.29833333333332,67.61500000000001,66.29833333333332,1.3166666666666913,2.0058907170424916,Wide,Bearish,Below CPR,Cash Only,Diversified,False,False,False,0.9833333333333333,60,569223.1799999999,False,False,Higher,True,Risk Off,False,None,4.536428571428569,67.1888,69.8226,0.2902430063507115,1.3362720049454067,False,False,No setup,0.0,None,None,0,No active J-Curve setup.,Neutral,0,Not applicable,No directional setup; confirmation score not applicable.,Wide CPR,Wide Downside Breakout,Confirmed,Wide CPR + close below CPR + trend aligned + participation confirmed
NEOGEN,EQ,NEOGEN CHEMICALS LIMITED,1456.0,1488.9,1441.0,1464.3,123497,180968518.4,20260227,1465.0,1350.3,1451.2,1422.1666666666667,1407.65,1436.6833333333334,1436.6833333333334,1407.65,29.033333333333303,2.00064314590224,Wide,Bullish,Above CPR,Cash Only,Diversified,False,False,False,0.95,60,73261576.05000001,False,False,Higher,True,Risk Off,False,Bullish Virgin,62.10000000000004,1236.43,1270.79,0.467525496511003,2.470169605367096,True,True,No setup,0.0,None,None,0,No active J-Curve setup.,Neutral,0,Not applicable,No directional setup; confirmation score not applicable.,Wide CPR,Wide Upside Breakout,Confirmed,Wide CPR + close above CPR + trend aligned + participation confirmed
SEPC,EQ,SEPC LIMITED,7.67,7.75,7.38,7.47,28089856,212545669.46,20260227,8.19,7.63,7.68,7.833333333333333,7.91,7.756666666666666,7.91,7.756666666666666,0.1533333333333342,1.9965277777777894,Wide,Bearish,Below CPR,Cash Only,Diversified,False,False,False,0.9333333333333333,60,122127059.08500001,False,False,Overlapping,True,Risk Off,False,Bearish Virgin,0.5907142857142859,9.056999999999999,9.8291,0.2595727529222102,1.7403650841380611,False,False,No setup,0.0,None,None,0,No active J-Curve setup.,Neutral,0,Not applicable,No directional setup; confirmation score not applicable.,Wide CPR,Wide Downside Breakout,Confirmed,Wide CPR + close below CPR + trend aligned + participation confirmed
RPTECH,EQ,RASHI PERIPHERALS LIMITED,369.95,377.95,360.8,369.05,206131,76395203.15,20260227,370.2,345.15,368.5,361.2833333333333,357.67499999999995,364.89166666666665,364.89166666666665,357.67499999999995,7.216666666666697,1.9583898688376382,Wide,Bullish,Above CPR,Cash Only,Information Technology,False,False,False,0.9833333333333333,60,36038487.475,False,False,Higher,True,Risk Off,False,Bullish Virgin,12.871428571428567,362.57099999999997,347.0995,0.5606733259341498,2.1198226813207843,True,True,No setup,0.0,None,None,0,No active J-Curve setup.,Neutral,0,Not applicable,No directional setup; confirmation score not applicable.,Wide CPR,Wide Upside Breakout,Confirmed,Wide CPR + close above CPR + trend aligned + participation confirmed
J&KBANK,EQ,J & K BANK LTD.,120.63,123.6,119.26,121.39,24570081,2994471778.37,20260227,122.25,113.2,121.23,118.89333333333333,117.725,120.06166666666667,120.06166666666667,117.725,2.336666666666673,1.927465698809431,Wide,Bullish,Above CPR,Cash Only,Financial Services,True,False,False,1.0,60,212666840.66000003,False,False,Higher,True,Risk Off,False,Bullish Virgin,3.750000000000001,103.637,104.49390000000001,0.6231111111111127,14.080576779514939,True,True,No setup,0.0,None,None,0,No active J-Curve setup.,Neutral,0,Not applicable,No directional setup; confirmation score not applicable.,Wide CPR,Wide Upside Breakout,Confirmed,Wide CPR + close above CPR + trend aligned + participation confirmed
VALIANTORG,EQ,VALIANT ORGANICS LIMITED,232.97,235.96,227.45,229.58,50286,11618814.71,20260227,249.1,230.0,232.97,237.35666666666668,239.55,235.16333333333336,239.55,235.16333333333336,4.386666666666656,1.882931994105102,Wide,Bearish,Below CPR,Cash Only,Diversified,False,False,False,0.9333333333333333,60,4850414.4,False,False,Outside,True,Risk Off,False,Bearish Virgin,10.725714285714284,255.474,,0.4089859705203329,2.3954272257644624,False,False,No setup,0.0,None,None,0,No active J-Curve setup.,Neutral,0,Not applicable,No directional setup; confirmation score not applicable.,Wide CPR,Wide Downside Breakout,Confirmed,Wide CPR + close below CPR + trend aligned + participation confirmed
MFML,EQ,MAHALAXMI FABRIC MILLS LT,25.98,25.98,20.99,21.44,20783,469532.15,20260227,24.81,22.71,23.11,23.543333333333333,23.759999999999998,23.326666666666668,23.759999999999998,23.326666666666668,0.43333333333333,1.8750901485648206,Wide,Bearish,Below CPR,Cash Only,Diversified,False,False,False,0.8833333333333333,60,114728.805,False,False,Lower,True,Risk Off,False,None,2.2321428571428568,24.456,26.1146,0.19413333333333188,4.092539358359046,False,False,No setup,0.0,None,None,0,No active J-Curve setup.,Neutral,0,Not applicable,No directional setup; confirmation score not applicable.,Wide CPR,Wide Downside Breakout,Confirmed,Wide CPR + close below CPR + trend aligned + participation confirmed
OSIAHYPER,EQ,OSIA HYPER RETAIL LIMITED,8.75,8.89,8.63,8.63,2428750,20996317.52,20260227,9.59,9.08,9.08,9.25,9.335,9.165,9.335,9.165,0.1700000000000017,1.872246696035261,Wide,Bearish,Below CPR,Cash Only,Diversified,False,False,False,0.75,57,4642442.19,False,False,Lower,True,Risk Off,False,Bearish Virgin,0.8535714285714288,13.9134,,0.19916317991631993,4.522687986341947,False,False,No setup,0.0,None,None,0,No active J-Curve setup.,Neutral,0,Not applicable,No directional setup; confirmation score not applicable.,Wide CPR,Wide Downside Breakout,Confirmed,Wide CPR + close below CPR + trend aligned + participation confirmed
PIGL,EQ,POWER INSTRUMENT (G) LTD,108.27,108.89,103.0,103.98,62666,6627684.47,20260227,114.8,106.66,107.74,109.73333333333333,110.72999999999999,108.73666666666668,110.72999999999999,108.73666666666668,1.993333333333311,1.8501330363219892,Wide,Bearish,Below CPR,Cash Only,Diversified,False,False,False,0.875,57,4660504.66,False,False,Lower,True,Risk Off,False,Bearish Virgin,9.28857142857143,116.55860000000001,,0.21460063570183288,1.4220958787754971,False,False,No setup,0.0,None,None,0,No active J-Curve setup.,Neutral,0,Not applicable,No directional setup; confirmation score not applicable.,Wide CPR,Wide Downside Breakout,Confirmed,Wide CPR + close below CPR + trend aligned + participation confirmed
DISHTV,EQ,DISH TV INDIA LTD.,2.9,2.94,2.87,2.89,3846047,11153869.77,20260227,3.11,2.85,2.9,2.953333333333333,2.98,2.9266666666666663,2.98,2.9266666666666663,0.05333333333333368,1.8390804597701267,Wide,Bearish,Below CPR,Cash Only,Diversified,False,False,False,0.9666666666666667,60,10579558.325,False,False,Overlapping,True,Risk Off,False,Bearish Virgin,0.12571428571428564,3.56,3.9623000000000004,0.42424242424242725,1.0542850114680946,False,False,No setup,0.0,None,None,0,No active J-Curve setup.,Neutral,0,Not applicable,No directional setup; confirmation score not applicable.,Wide CPR,Wide Downside Breakout,Confirmed,Wide CPR + close below CPR + trend aligned + participation confirmed
PAVNAIND,EQ,PAVNA INDUSTRIES LIMITED,22.3,22.49,20.5,20.62,153776,3242378.12,20260227,23.69,21.71,22.1,22.5,22.700000000000003,22.299999999999997,22.700000000000003,22.299999999999997,0.4000000000000057,1.8099547511312473,Wide,Bearish,Below CPR,Cash Only,Diversified,False,False,False,0.7833333333333333,60,2215311.05,False,False,Lower,True,Risk Off,False,Bearish Virgin,2.742142857142857,21.7208,27.6145,0.14587132065642303,1.4636220588526385,False,False,No setup,0.0,None,None,0,No active J-Curve setup.,Neutral,0,Not applicable,No directional setup; confirmation score not applicable.,Wide CPR,Wide Downside Breakout,Confirmed,Wide CPR + close below CPR + trend aligned + participation confirmed
ASHIMASYN,EQ,ASHIMA LTD,15.14,15.14,13.8,14.1,319513,4542037.7,20260227,15.9,14.5,14.81,15.07,15.2,14.940000000000001,15.2,14.940000000000001,0.259999999999998,1.7555705604321268,Wide,Bearish,Below CPR,Cash Only,Diversified,False,False,False,0.8666666666666667,60,1502124.7149999999,False,False,Overlapping,True,Risk Off,False,Bearish Virgin,1.14,17.1222,18.7592,0.22807017543859476,3.02374207324057,False,False,No setup,0.0,None,None,0,No active J-Curve setup.,Neutral,0,Not applicable,No directional setup; confirmation score not applicable.,Wide CPR,Wide Downside Breakout,Confirmed,Wide CPR + close below CPR + trend aligned + participation confirmed
MICEL,EQ,MIC ELECTRONICS LTD,36.1,37.9,36.1,37.0,2568839,94854279.43,20260227,39.99,38.0,38.0,38.663333333333334,38.995000000000005,38.33166666666666,38.995000000000005,38.33166666666666,0.6633333333333411,1.7456140350877398,Wide,Bearish,Below CPR,Cash Only,Diversified,False,False,False,0.9166666666666666,60,41114921.845,False,False,Lower,True,Risk Off,False,Bearish Virgin,1.6792857142857136,41.1478,45.6702,0.3950092159364857,2.3070524075807106,False,False,No setup,0.0,None,None,0,No active J-Curve setup.,Neutral,0,Not applicable,No directional setup; confirmation score not applicable.,Wide CPR,Wide Downside Breakout,Confirmed,Wide CPR + close below CPR + trend aligned + participation confirmed
SIGMAADV,EQ,SIGMA ADVANCED SYSTEM LTD,160.1,162.12,153.0,159.86,131254,20750175.87,20260227,167.6,157.94,158.69,161.41,162.76999999999998,160.05,162.76999999999998,160.05,2.7199999999999704,1.7140336505135614,Wide,Bearish,Below CPR,Cash Only,Diversified,False,False,False,0.7857142857142857,15,18656250.33,False,False,Lower,False,Risk Off,False,Bearish Virgin,8.969999999999999,,,0.3032329988851695,1.1122372128890705,False,False,No setup,0.0,None,None,0,No active J-Curve setup.,Neutral,0,Not applicable,No directional setup; confirmation score not applicable.,Wide CPR,Wide Downside Breakout,Confirmed,Wide CPR + close below CPR + trend aligned + participation confirmed
ALKALI,EQ,ALKALI METALS LTD,66.11,66.11,63.21,64.52,8165,525321.9,20260227,69.56,65.8,66.02,67.12666666666667,67.68,66.57333333333332,67.68,66.57333333333332,1.1066666666666833,1.676259719277012,Wide,Bearish,Below CPR,Cash Only,Diversified,False,False,False,0.9833333333333333,60,288756.42000000004,False,False,Lower,True,Risk Off,False,Bearish Virgin,2.360714285714286,73.5468,79.9349,0.46878466969239224,1.819256174460121,False,False,No setup,0.0,None,None,0,No active J-Curve setup.,Neutral,0,Not applicable,No directional setup; confirmation score not applicable.,Wide CPR,Wide Downside Breakout,Confirmed,Wide CPR + close below CPR + trend aligned + participation confirmed
EIFFL,EQ,EURO (I) FRESH FOODS LTD,245.95,246.0,229.0,233.1,110783,25654807.0,20260227,247.95,226.95,243.5,239.46666666666667,237.45,241.48333333333335,241.48333333333335,237.45,4.03333333333336,1.6563997262149324,Wide,Bullish,Below CPR,Cash Only,Diversified,False,False,False,0.85,60,7624468.91,False,False,Outside,True,Risk Off,False,None,12.096428571428573,252.88080000000002,,0.33343174884361987,3.3647992145855574,False,False,No setup,0.0,None,None,0,No active J-Curve setup.,Neutral,0,Not applicable,No directional setup; confirmation score not applicable.,Wide CPR,Wide Downside Breakout,Confirmed,Wide CPR + close below CPR + trend aligned + participation confirmed
FLEXITUFF,EQ,FLEXITUFF VENTURES INT L,9.9,9.9,8.73,8.73,75887,676254.04,20260227,10.57,9.29,9.69,9.85,9.93,9.77,9.93,9.77,0.16000000000000014,1.6511867905056776,Wide,Bearish,Below CPR,Cash Only,Diversified,False,False,False,0.7,60,216700.4,False,False,Lower,True,Risk Off,False,Bearish Virgin,0.8528571428571429,11.5068,14.682,0.1876046901172531,3.1206866254053987,False,False,No setup,0.0,None,None,0,No active J-Curve setup.,Neutral,0,Not applicable,No directional setup; confirmation score not applicable.,Wide CPR,Wide Downside Breakout,Confirmed,Wide CPR + close below CPR + trend aligned + participation confirmed
BALAJITELE,EQ,BALAJI TELEFILMS LIMITED.,109.52,116.84,106.25,108.14,1568646,175359783.05,20260227,109.92,102.06,108.65,106.87666666666667,105.99000000000001,107.76333333333332,107.76333333333332,105.99000000000001,1.7733333333333121,1.63215217057829,Wide,Bullish,Above CPR,Cash Only,Diversified,False,False,False,0.9166666666666666,60,26693779.0,False,False,Higher,True,Risk Off,False,Bullish Virgin,6.2357142857142875,98.8318,107.6071,0.28438335242458607,6.569312761973492,True,True,No setup,0.0,None,None,0,No active J-Curve setup.,Neutral,0,Not applicable,No directional setup; confirmation score not applicable.,Wide CPR,Wide Upside Breakout,Confirmed,Wide CPR + close above CPR + trend aligned + participation confirmed
TAINWALCHM,EQ,TAINWALA CHEMICAL AND PLA,203.0,218.23,202.01,209.18,23232,4941306.52,20260227,207.0,194.05,205.54,202.1966666666667,200.525,203.86833333333337,203.86833333333337,200.525,3.343333333333362,1.6266095812656236,Wide,Bullish,Above CPR,Cash Only,Diversified,False,False,False,0.8666666666666667,60,903129.685,False,False,Higher,True,Risk Off,False,Bullish Virgin,10.871428571428572,185.6096,190.07100000000003,0.3075339465615445,5.471314476835073,True,True,No setup,0.0,None,None,0,No active J-Curve setup.,Neutral,0,Not applicable,No directional setup; confirmation score not applicable.,Wide CPR,Wide Upside Breakout,Confirmed,Wide CPR + close above CPR + trend aligned + participation confirmed
FOSECOIND,EQ,FOSECO INDIA LTD,4989.9,5443.7,4850.4,5325.1,98310,521942050.0,20260227,4997.5,4690.0,4731.0,4806.166666666667,4843.75,4768.583333333334,4843.75,4768.583333333334,75.16666666666606,1.5888113858944422,Wide,Bearish,Above CPR,Cash Only,Diversified,False,False,False,0.9666666666666667,60,4840276.55,False,False,Outside,True,Risk Off,False,Bullish Virgin,215.1571428571428,4753.44,5090.72,0.34935705907088677,107.83310511462409,True,True,No setup,0.0,None,None,0,No active J-Curve setup.,Neutral,0,Not applicable,No directional setup; confirmation score not applicable.,Wide CPR,Wide Upside Breakout,Confirmed,Wide CPR + close above CPR + trend aligned + participation confirmed
BHANDARI,EQ,BHANDARI HOSIERY EXP LTD,2.95,3.01,2.75,2.81,952514,2760273.04,20260227,3.13,2.95,2.97,3.016666666666667,3.04,2.993333333333334,3.04,2.993333333333334,0.04666666666666597,1.5712682379348812,Wide,Bearish,Below CPR,Cash Only,Diversified,False,False,False,0.8833333333333333,60,928676.24,True,False,Lower,True,Risk Off,False,Bearish Virgin,0.2514285714285713,3.9495999999999998,4.193,0.18560606060605794,2.9722662442618324,False,False,No setup,0.0,None,None,0,No active J-Curve setup.,Neutral,0,Not applicable,No directional setup; confirmation score not applicable.,Wide CPR,Wide Downside Breakout,Confirmed,Wide CPR + close below CPR + trend aligned + participation confirmed
AFFORDABLE,EQ,AFFORD ROBO & AUTO LTD,182.8,185.38,177.0,178.7,33198,6022468.63,20260227,193.48,177.37,181.17,184.00666666666666,185.425,182.5883333333333,185.425,182.5883333333333,2.8366666666667015,1.5657485602840988,Wide,Bearish,Below CPR,Cash Only,Diversified,False,False,False,0.9333333333333333,60,5303651.279999999,False,False,Lower,True,Risk Off,False,Bearish Virgin,13.212142857142856,193.37539999999998,215.7197,0.21470148312339202,1.1355325439118993,False,False,No setup,0.0,None,None,0,No active J-Curve setup.,Neutral,0,Not applicable,No directional setup; confirmation score not applicable.,Wide CPR,Wide Downside Breakout,Confirmed,Wide CPR + close below CPR + trend aligned + participation confirmed
AKSHAR,EQ,AKSHAR SPINTEX LIMITED,0.44,0.44,0.42,0.42,1415581,604694.81,20260227,0.45,0.43,0.43,0.4366666666666667,0.44,0.4333333333333334,0.44,0.4333333333333334,0.006666666666666599,1.550387596899209,Wide,Bearish,Below CPR,Cash Only,Diversified,False,False,False,0.95,60,511992.675,False,False,Lower,True,Risk Off,False,Bearish Virgin,0.021428571428571436,0.49199999999999994,0.5317000000000001,0.31111111111110784,1.18106144780294,False,False,No setup,0.0,None,None,0,No active J-Curve setup.,Neutral,0,Not applicable,No directional setup; confirmation score not applicable.,Wide CPR,Wide Downside Breakout,Confirmed,Wide CPR + close below CPR + trend aligned + participation confirmed
GSS,EQ,GSS INFOTECH LIMITED,13.86,14.37,13.41,13.49,66494,908325.04,20260227,14.65,13.7,13.86,14.07,14.175,13.965,14.175,13.965,0.21000000000000085,1.5151515151515214,Wide,Bearish,Below CPR,Cash Only,Diversified,False,False,False,0.8,60,905722.42,False,False,Overlapping,True,Risk Off,False,None,0.7957142857142855,15.429199999999998,18.7418,0.2639138240574518,1.0028735293976714,False,False,No setup,0.0,None,None,0,No active J-Curve setup.,Neutral,0,Not applicable,No directional setup; confirmation score not applicable.,Wide CPR,Wide Downside Breakout,Confirmed,Wide CPR + close below CPR + trend aligned + participation confirmed
THEINVEST,EQ,THE INVEST TRUST OF IND L,100.4,100.4,93.85,95.92,16547,1603637.32,20260227,102.0,95.27,100.91,99.39333333333332,98.63499999999999,100.15166666666664,100.15166666666664,98.63499999999999,1.5166666666666515,1.5029894625573794,Wide,Bullish,Below CPR,Cash Only,Diversified,False,False,False,0.9166666666666666,60,897067.715,False,False,Higher,True,Risk Off,False,None,4.807857142857145,108.8242,119.7096,0.31545585103748497,1.7876435559828392,False,False,No setup,0.0,None,None,0,No active J-Curve setup.,Neutral,0,Not applicable,No directional setup; confirmation score not applicable.,Wide CPR,Wide Downside Breakout,Confirmed,Wide CPR + close below CPR + trend aligned + participation confirmed
AVROIND,EQ,AVRO INDIA LIMITED,135.99,139.35,134.12,138.8,28390,3930989.84,20260227,132.91,126.56,132.72,130.73000000000002,129.735,131.72500000000002,131.72500000000002,129.735,1.990000000000009,1.4993972272453355,Wide,Bullish,Above CPR,Cash Only,Diversified,False,False,False,0.8,60,2520186.9299999997,False,False,Higher,True,Risk Off,False,Bullish Virgin,11.239285714285716,125.19239999999999,131.4869,0.17705751509374085,1.5598008993721748,True,True,No setup,0.0,None,None,0,No active J-Curve setup.,Neutral,0,Not applicable,No directional setup; confirmation score not applicable.,Wide CPR,Wide Upside Breakout,Confirmed,Wide CPR + close above CPR + trend aligned + participation confirmed
SAILIFE,EQ,SAI LIFE SCIENCES LIMITED,962.05,1004.7,956.0,998.25,2428681,2418564132.1,20260227,966.1,920.15,964.5,950.25,943.125,957.375,957.375,943.125,14.25,1.4774494556765163,Wide,Bullish,Above CPR,Cash Only,Healthcare,True,False,False,0.9666666666666667,60,333978061.54999995,False,False,Higher,True,Risk Off,False,Bullish Virgin,33.153571428571446,897.32,890.0545000000001,0.42981794678444446,7.241685639096734,True,True,No setup,0.0,None,None,0,No active J-Curve setup.,Neutral,0,Not applicable,No directional setup; confirmation score not applicable.,Wide CPR,Wide Upside Breakout,Confirmed,Wide CPR + close above CPR + trend aligned + participation confirmed
FINCABLES,EQ,FINOLEX CABLES LTD,876.0,942.0,866.4,913.7,4594730,4229651963.55,20260227,882.0,826.2,873.35,860.5166666666668,854.1,866.9333333333335,866.9333333333335,854.1,12.833333333333485,1.4694376061525718,Wide,Bullish,Above CPR,Cash Only,Capital Goods,True,False,False,0.9833333333333333,60,127591965.325,False,False,Higher,True,Risk Off,False,Bullish Virgin,30.703571428571447,775.673,775.258,0.41797526268853946,33.14983002868798,True,True,No setup,0.0,None,None,0,No active J-Curve setup.,Neutral,0,Not applicable,No directional setup; confirmation score not applicable.,Wide CPR,Wide Upside Breakout,Confirmed,Wide CPR + close above CPR + trend aligned + participation confirmed
BLUSPRING,EQ,BLUSPRING ENTERPRISES LTD,53.7,53.9,50.1,50.85,189075,9779356.99,20260227,55.49,52.62,52.9,53.669999999999995,54.055,53.28499999999999,54.055,53.28499999999999,0.7700000000000102,1.4555765595463332,Wide,Bearish,Below CPR,Cash Only,Diversified,False,False,False,0.95,60,7509822.05,False,False,Lower,True,Risk Off,False,Bearish Virgin,3.053571428571427,61.99980000000001,68.5505,0.252163742690062,1.3022088838975885,False,False,No setup,0.0,None,None,0,No active J-Curve setup.,Neutral,0,Not applicable,No directional setup; confirmation score not applicable.,Wide CPR,Wide Downside Breakout,Confirmed,Wide CPR + close below CPR + trend aligned + participation confirmed
MASKINVEST,EQ,MASK INVESTMENTS LIMITED,145.0,149.0,144.7,145.42,550,79785.8,20260227,154.99,140.4,150.97,148.78666666666666,147.695,149.87833333333333,149.87833333333333,147.695,2.183333333333337,1.44620343997704,Wide,Bullish,Below CPR,Cash Only,Diversified,False,False,False,0.55,60,43177.740000000005,False,False,Overlapping,True,Risk Off,False,Bearish Virgin,8.063571428571427,156.111,,0.27076505152508396,1.847845672330233,False,False,No setup,0.0,None,None,0,No active J-Curve setup.,Neutral,0,Not applicable,No directional setup; confirmation score not applicable.,Wide CPR,Wide Downside Breakout,Confirmed,Wide CPR + close below CPR + trend aligned + participation confirmed
PATINTLOG,EQ,PATEL INT. LOG. LTD,10.25,10.5,10.1,10.25,78599,805109.37,20260227,10.81,10.11,10.24,10.386666666666668,10.46,10.313333333333336,10.46,10.313333333333336,0.14666666666666472,1.4322916666666476,Wide,Bearish,Below CPR,Cash Only,Diversified,False,False,False,0.8833333333333333,60,739401.28,False,False,Higher,True,Risk Off,False,None,0.6157142857142862,12.618999999999998,13.309000000000001,0.23820572312451327,1.0888666165143777,False,False,No setup,0.0,None,None,0,No active J-Curve setup.,Neutral,0,Not applicable,No directional setup; confirmation score not applicable.,Wide CPR,Wide Downside Breakout,Confirmed,Wide CPR + close below CPR + trend aligned + participation confirmed
FACT,EQ,FACT LTD,743.0,754.65,726.9,743.45,122873,91005717.5,20260227,773.5,734.75,738.3,748.85,754.125,743.575,754.125,743.575,10.549999999999955,1.4289584179872619,Wide,Bearish,Below CPR,Cash Only,Chemicals,True,False,False,0.9833333333333333,60,88150636.125,False,False,Lower,True,Risk Off,False,Bearish Virgin,23.56071428571428,828.034,853.543,0.44777929361830954,1.0323886644555964,False,False,No setup,0.0,None,None,0,No active J-Curve setup.,Neutral,0,Not applicable,No directional setup; confirmation score not applicable.,Wide CPR,Wide Downside Breakout,Confirmed,Wide CPR + close below CPR + trend aligned + participation confirmed
DHAMPURSUG,EQ,DHAMPUR SUGAR MILLS LTD.,120.6,131.7,119.05,126.64,2153193,270195191.87,20260227,121.09,113.5,119.86,118.14999999999999,117.295,119.00499999999998,119.00499999999998,117.295,1.7099999999999795,1.4266644418488066,Wide,Bullish,Above CPR,Cash Only,Diversified,False,False,False,0.95,60,18150691.09,False,False,Higher,True,Risk Off,False,Bullish Virgin,4.125714285714288,119.3318,125.7967,0.4144736842105211,14.886220614424,True,True,No setup,0.0,None,None,0,No active J-Curve setup.,Neutral,0,Not applicable,No directional setup; confirmation score not applicable.,Wide CPR,Wide Upside Breakout,Confirmed,Wide CPR + close above CPR + trend aligned + participation confirmed
TOUCHWOOD,EQ,TOUCHWOOD ENTERTAIN LTD.,84.0,84.0,72.0,73.89,44555,3456632.71,20260227,84.72,81.0,81.13,82.28333333333333,82.86,81.70666666666666,82.86,81.70666666666666,1.153333333333336,1.4215867537696734,Wide,Bearish,Below CPR,Cash Only,Diversified,False,False,False,0.8833333333333333,60,215388.505,False,False,Overlapping,True,Risk Off,False,None,4.697857142857143,95.8018,99.46870000000001,0.24550200192590396,16.048362051633163,False,False,No setup,0.0,None,None,0,No active J-Curve setup.,Neutral,0,Not applicable,No directional setup; confirmation score not applicable.,Wide CPR,Wide Downside Breakout,Confirmed,Wide CPR + close below CPR + trend aligned + participation confirmed
LYKALABS,EQ,LYKA LABS LTD,64.5,64.52,62.0,62.35,25054,1584407.26,20260227,65.0,61.25,64.5,63.583333333333336,63.125,64.04166666666667,64.04166666666667,63.125,0.9166666666666714,1.4211886304909633,Wide,Bullish,Below CPR,Cash Only,Healthcare & Pharma,False,False,False,0.9,60,1425104.645,False,False,Higher,True,Risk Off,False,Bullish Virgin,2.9514285714285697,72.8326,80.4676,0.3105840593739934,1.1117830999701779,False,False,No setup,0.0,None,None,0,No active J-Curve setup.,Neutral,0,Not applicable,No directional setup; confirmation score not applicable.,Wide CPR,Wide Downside Breakout,Confirmed,Wide CPR + close below CPR + trend aligned + participation confirmed
BAGFILMS,EQ,B.A.G FILMS AND MEDIA LTD,5.34,5.34,4.5,5.1,191770,942948.64,20260227,5.45,5.17,5.2,5.273333333333333,5.3100000000000005,5.236666666666666,5.3100000000000005,5.236666666666666,0.07333333333333414,1.4102564102564257,Wide,Bearish,Below CPR,Cash Only,Media & Entertainment,False,False,False,0.8666666666666667,60,462439.48,False,False,Outside,True,Risk Off,False,None,0.36214285714285716,5.875400000000001,6.299699999999999,0.2024983563445124,2.039074691460167,False,False,No setup,0.0,None,None,0,No active J-Curve setup.,Neutral,0,Not applicable,No directional setup; confirmation score not applicable.,Wide CPR,Wide Downside Breakout,Confirmed,Wide CPR + close below CPR + trend aligned + participation confirmed
ALANKIT,EQ,ALANKIT LIMITED,8.69,8.84,8.42,8.48,636035,5439292.56,20260227,9.1,8.6,8.67,8.79,8.85,8.729999999999999,8.85,8.729999999999999,0.120000000000001,1.3840830449827104,Wide,Bearish,Below CPR,Cash Only,Diversified,False,False,False,0.9,60,2112530.325,False,False,Lower,True,Risk Off,False,Bearish Virgin,0.44071428571428584,9.8788,10.703800000000001,0.27228525121556135,2.5747760851669663,False,False,No setup,0.0,None,None,0,No active J-Curve setup.,Neutral,0,Not applicable,No directional setup; confirmation score not applicable.,Wide CPR,Wide Downside Breakout,Confirmed,Wide CPR + close below CPR + trend aligned + participation confirmed
AIRAN,EQ,AIRAN LIMITED,16.73,17.3,16.25,16.4,117555,1949462.0,20260227,17.65,16.5,16.73,16.959999999999997,17.075,16.844999999999995,17.075,16.844999999999995,0.23000000000000398,1.3747758517633233,Wide,Bearish,Below CPR,Cash Only,Diversified,False,False,False,0.85,60,1268547.4249999998,False,False,Overlapping,True,Risk Off,False,None,1.5457142857142847,16.798199999999998,19.15,0.14879852125693427,1.5367671413624922,False,False,No setup,0.0,None,None,0,No active J-Curve setup.,Neutral,0,Not applicable,No directional setup; confirmation score not applicable.,Wide CPR,Wide Downside Breakout,Confirmed,Wide CPR + close below CPR + trend aligned + participation confirmed
AEGISLOG,EQ,AEGIS LOGISTICS LIMITED,695.0,701.0,685.0,688.45,257350,178012341.4,20260227,729.95,696.2,698.75,708.3000000000001,713.075,703.5250000000001,713.075,703.5250000000001,9.549999999999955,1.3667262969588485,Wide,Bearish,Below CPR,Cash Only,Oil Gas & Consumable Fuels,True,False,False,0.95,60,164809086.64999998,False,False,Lower,True,Risk Off,False,Bearish Virgin,22.135714285714283,709.421,744.3755,0.4314294933849609,1.0801124198815528,False,False,No setup,0.0,None,None,0,No active J-Curve setup.,Neutral,0,Not applicable,No directional setup; confirmation score not applicable.,Wide CPR,Wide Downside Breakout,Confirmed,Wide CPR + close below CPR + trend aligned + participation confirmed
NELCAST,EQ,NELCAST LIMITED,113.25,117.5,109.36,114.51,128617,14494144.52,20260227,116.77,110.91,111.56,113.08,113.84,112.32,113.84,112.32,1.5200000000000102,1.3624955181068574,Wide,Bearish,Above CPR,Cash Only,Diversified,False,False,False,0.8833333333333333,60,6373951.625,False,False,Lower,True,Risk Off,False,None,7.590714285714289,106.35539999999999,109.9152,0.20024465982873937,2.273965253070147,True,True,No setup,0.0,None,None,0,No active J-Curve setup.,Neutral,0,Not applicable,No directional setup; confirmation score not applicable.,Wide CPR,Wide Upside Breakout,Confirmed,Wide CPR + close above CPR + trend aligned + participation confirmed
BLS,EQ,BLS INTL SERVS LTD,279.5,283.05,276.3,278.7,1412992,395246374.15,20260227,291.9,278.0,279.25,283.05,284.95,281.15000000000003,284.95,281.15000000000003,3.7999999999999545,1.3607878245299747,Wide,Bearish,Below CPR,Cash Only,Consumer Services,True,False,False,0.9166666666666666,60,307862230.75,False,False,Lower,True,Risk Off,False,Bearish Virgin,11.739285714285716,293.772,307.3295,0.323699421965314,1.283841714480918,False,False,No setup,0.0,None,None,0,No active J-Curve setup.,Neutral,0,Not applicable,No directional setup; confirmation score not applicable.,Wide CPR,Wide Downside Breakout,Confirmed,Wide CPR + close below CPR + trend aligned + participation confirmed
NITIRAJ,EQ,NITIRAJ ENGINEERS LTD,207.99,216.93,206.0,214.98,10386,2213957.7,20260227,215.0,206.07,206.36,209.14333333333335,210.535,207.7516666666667,210.535,207.7516666666667,2.783333333333303,1.3487756025069308,Wide,Bearish,Above CPR,Cash Only,Diversified,False,False,False,0.7166666666666667,60,578267.325,False,False,Inside,True,Risk Off,False,None,11.071428571428575,187.831,190.20770000000002,0.25139784946236277,3.828605913363686,True,True,No setup,0.0,None,None,0,No active J-Curve setup.,Neutral,0,Not applicable,No directional setup; confirmation score not applicable.,Wide CPR,Wide Upside Breakout,Confirmed,Wide CPR + close above CPR + trend aligned + participation confirmed
EMAMIPAP,EQ,EMAMI PAPER MILLS LIMITED,85.6,86.06,84.0,84.6,28434,2429370.13,20260227,89.9,85.55,86.01,87.15333333333332,87.725,86.58166666666665,87.725,86.58166666666665,1.143333333333345,1.3293027942487443,Wide,Bearish,Below CPR,Cash Only,Diversified,False,False,False,0.9166666666666666,60,907085.4299999999,False,False,Higher,True,Risk Off,False,Bearish Virgin,3.2078571428571436,85.4134,90.2725,0.3564165367772618,2.6782153583924284,False,False,No setup,0.0,None,None,0,No active J-Curve setup.,Neutral,0,Not applicable,No directional setup; confirmation score not applicable.,Wide CPR,Wide Downside Breakout,Confirmed,Wide CPR + close below CPR + trend aligned + participation confirmed
DENORA,EQ,DE NORA INDIA LIMITED,687.5,729.0,675.3,703.55,22843,16123924.1,20260227,680.0,637.4,672.1,663.1666666666666,658.7,667.6333333333332,667.6333333333332,658.7,8.933333333333167,1.3291672866140702,Wide,Bullish,Above CPR,Cash Only,Diversified,False,False,False,0.8833333333333333,60,2275862.625,False,False,Higher,True,Risk Off,False,Bullish Virgin,31.889285714285727,643.1469999999999,698.0360000000001,0.28013588681076107,7.084752797853956,True,True,No setup,0.0,None,None,0,No active J-Curve setup.,Neutral,0,Not applicable,No directional setup; confirmation score not applicable.,Wide CPR,Wide Upside Breakout,Confirmed,Wide CPR + close above CPR + trend aligned + participation confirmed
BRNL,EQ,BHARAT ROAD NETWORK LTD,19.35,19.77,19.05,19.46,134665,2585353.68,20260227,20.37,19.1,19.35,19.606666666666666,19.735,19.47833333333333,19.735,19.47833333333333,0.2566666666666677,1.3264427217915642,Wide,Bearish,Below CPR,Cash Only,Diversified,False,False,False,0.8833333333333333,60,1020294.425,False,False,Higher,True,Risk Off,False,None,0.9064285714285713,20.9832,22.4206,0.283162595219334,2.5339290470003304,False,False,No setup,0.0,None,None,0,No active J-Curve setup.,Neutral,0,Not applicable,No directional setup; confirmation score not applicable.,Wide CPR,Wide Downside Breakout,Confirmed,Wide CPR + close below CPR + trend aligned + participation confirmed
TIINDIA,EQ,TUBE INVEST OF INDIA LTD,2720.3,2768.0,2692.7,2753.4,996503,2729518801.9,20260227,2726.0,2606.5,2720.3,2684.266666666667,2666.25,2702.2833333333338,2702.2833333333338,2666.25,36.03333333333376,1.3246088054013805,Wide,Bullish,Above CPR,Cash Only,Automobile and Auto Components,True,False,False,0.9,60,924127856.0999999,False,False,Higher,True,Risk Off,False,Bullish Virgin,79.76428571428576,2480.8019999999997,2722.7180000000003,0.4517477090236163,2.9536159784416656,True,True,No setup,0.0,None,None,0,No active J-Curve setup.,Neutral,0,Not applicable,No directional setup; confirmation score not applicable.,Wide CPR,Wide Upside Breakout,Confirmed,Wide CPR + close above CPR + trend aligned + participation confirmed
ALPHAGEO,EQ,ALPHAGEO (INDIA) LIMITED,206.94,206.94,199.1,200.21,6729,1346327.04,20260227,208.99,197.5,199.33,201.94000000000003,203.245,200.63500000000005,203.245,200.63500000000005,2.609999999999957,1.3093864445893528,Wide,Bearish,Below CPR,Cash Only,Diversified,False,False,False,0.85,60,967682.935,False,False,Overlapping,True,Risk Off,False,None,9.623571428571433,216.18060000000003,229.10449999999997,0.27120908483633477,1.3912894309746198,False,False,No setup,0.0,None,None,0,No active J-Curve setup.,Neutral,0,Not applicable,No directional setup; confirmation score not applicable.,Wide CPR,Wide Downside Breakout,Confirmed,Wide CPR + close below CPR + trend aligned + participation confirmed
AVALON,EQ,AVALON TECHNOLOGIES LTD,1024.5,1043.0,1010.85,1019.2,172266,176719432.9,20260227,1029.95,979.0,1024.5,1011.15,1004.475,1017.8249999999999,1017.8249999999999,1004.475,13.349999999999909,1.3030746705710015,Wide,Bullish,Above CPR,Cash Only,Diversified,False,False,False,0.9333333333333333,60,140913171.05,False,False,Higher,True,Risk Off,False,Bullish Virgin,38.61785714285717,933.3040000000001,993.59,0.34569499676315285,1.2541015973396477,True,True,No setup,0.0,None,None,0,No active J-Curve setup.,Neutral,0,Not applicable,No directional setup; confirmation score not applicable.,Wide CPR,Wide Upside Breakout,Confirmed,Wide CPR + close above CPR + trend aligned + participation confirmed
CREATIVEYE,EQ,CREATIVE EYE LIMITED,6.95,6.95,6.31,6.6,14575,94959.76,20260227,7.0,6.6,6.67,6.756666666666667,6.8,6.713333333333334,6.8,6.713333333333334,0.086666666666666,1.2993503248375713,Wide,Bearish,Below CPR,Cash Only,Diversified,False,False,False,0.7166666666666667,60,87287.29999999999,False,False,Overlapping,True,Risk Off,False,None,0.51,6.9198,7.151599999999999,0.16993464052287452,1.087898926877106,False,False,No setup,0.0,None,None,0,No active J-Curve setup.,Neutral,0,Not applicable,No directional setup; confirmation score not applicable.,Wide CPR,Wide Downside Breakout,Confirmed,Wide CPR + close below CPR + trend aligned + participation confirmed
MANAKSTEEL,EQ,MANAKSIA STEELS LTD,59.55,59.78,57.5,57.92,35612,2079700.54,20260227,60.85,58.0,58.29,59.04666666666666,59.425,58.66833333333332,59.425,58.66833333333332,0.7566666666666748,1.2981071653228253,Wide,Bearish,Below CPR,Cash Only,Metals & Mining,False,False,False,0.6833333333333333,60,1819170.79,False,False,Lower,True,Risk Off,False,Bearish Virgin,2.957142857142858,63.6198,,0.2558776167471846,1.1432134637561986,False,False,No setup,0.0,None,None,0,No active J-Curve setup.,Neutral,0,Not applicable,No directional setup; confirmation score not applicable.,Wide CPR,Wide Downside Breakout,Confirmed,Wide CPR + close below CPR + trend aligned + participation confirmed
AADHARHFC,EQ,AADHAR HOUSING FINANCE L,475.05,475.05,455.0,458.95,697682,322170622.0,20260227,477.9,454.1,475.2,469.06666666666666,466.0,472.1333333333333,472.1333333333333,466.0,6.133333333333326,1.290684624017956,Wide,Bullish,Below CPR,Cash Only,Financial Services,True,False,False,0.9666666666666667,60,127331555.92500001,False,False,Higher,True,Risk Off,False,Bullish Virgin,14.932142857142853,476.9889999999999,488.00949999999995,0.41074703021605635,2.5301710927789403,False,False,No setup,0.0,None,None,0,No active J-Curve setup.,Neutral,0,Not applicable,No directional setup; confirmation score not applicable.,Wide CPR,Wide Downside Breakout,Confirmed,Wide CPR + close below CPR + trend aligned + participation confirmed
CARTRADE,EQ,CARTRADE TECH LIMITED,1850.0,1850.0,1785.0,1801.0,425254,775031532.4,20260227,1878.4,1782.4,1866.1,1842.3,1830.4,1854.1999999999998,1854.1999999999998,1830.4,23.799999999999727,1.2753871711054996,Wide,Bullish,Below CPR,Cash Only,Consumer Services,True,False,False,0.7166666666666667,60,733083082.05,False,False,Higher,True,Risk Off,False,None,107.52142857142857,2460.1119999999996,2651.9880000000003,0.22135122566929927,1.0572219593892347,False,False,No setup,0.0,None,None,0,No active J-Curve setup.,Neutral,0,Not applicable,No directional setup; confirmation score not applicable.,Wide CPR,Wide Downside Breakout,Confirmed,Wide CPR + close below CPR + trend aligned + participation confirmed
BLACKBUCK,EQ,BLACKBUCK LIMITED,580.45,594.0,570.1,582.7,780890,456005244.3,20260227,606.9,576.85,580.8,588.1833333333333,591.875,584.4916666666666,591.875,584.4916666666666,7.383333333333439,1.2712350780532784,Wide,Bearish,Below CPR,Cash Only,Diversified,False,False,False,0.8833333333333333,60,379121463.975,False,False,Lower,True,Risk Off,False,Bearish Virgin,23.05714285714287,622.679,644.618,0.32021891780256534,1.2027945859854294,False,False,No setup,0.0,None,None,0,No active J-Curve setup.,Neutral,0,Not applicable,No directional setup; confirmation score not applicable.,Wide CPR,Wide Downside Breakout,Confirmed,Wide CPR + close below CPR + trend aligned + participation confirmed
BALAJEE,EQ,SHREE TIRUPATI BALAJEE L,28.87,29.3,27.05,27.43,401374,11174701.31,20260227,30.71,28.11,28.87,29.23,29.41,29.05,29.41,29.05,0.35999999999999943,1.2469691721510199,Wide,Bearish,Below CPR,Cash Only,Diversified,False,False,False,0.8666666666666667,60,1897931.8399999999,False,False,Lower,True,Risk Off,False,Bearish Virgin,1.9278571428571425,35.9746,39.7512,0.18673582808447547,5.887830676785527,False,False,No setup,0.0,None,None,0,No active J-Curve setup.,Neutral,0,Not applicable,No directional setup; confirmation score not applicable.,Wide CPR,Wide Downside Breakout,Confirmed,Wide CPR + close below CPR + trend aligned + participation confirmed
SUKHJITS,EQ,SUKHJIT STARCH & CHEM LTD,185.85,231.1,185.85,216.65,462322,99842577.28,20260227,195.9,183.2,193.15,190.75,189.55,191.95,191.95,189.55,2.3999999999999773,1.2425575977219658,Wide,Bullish,Above CPR,Cash Only,Diversified,False,False,False,0.8166666666666667,60,2481466.665,False,False,Higher,True,Risk Off,False,Bullish Virgin,12.971428571428572,175.11460000000002,166.0596,0.1850220264317163,40.23530869394129,True,True,No setup,0.0,None,None,0,No active J-Curve setup.,Neutral,0,Not applicable,No directional setup; confirmation score not applicable.,Wide CPR,Wide Upside Breakout,Confirmed,Wide CPR + close above CPR + trend aligned + participation confirmed
MEGASTAR,EQ,MEGASTAR FOODS LIMITED,233.97,233.97,225.0,226.79,9918,2265759.88,20260227,235.58,226.65,235.5,232.57666666666668,231.115,234.03833333333336,234.03833333333336,231.115,2.923333333333346,1.241330502477005,Wide,Bullish,Below CPR,Cash Only,Energy & Oil/Gas,False,False,False,0.85,60,1509511.72,False,False,Higher,True,Risk Off,False,Bullish Virgin,22.822142857142858,235.0438,,0.12809197416877985,1.5009885978228774,False,False,No setup,0.0,None,None,0,No active J-Curve setup.,Neutral,0,Not applicable,No directional setup; confirmation score not applicable.,Wide CPR,Wide Downside Breakout,Confirmed,Wide CPR + close below CPR + trend aligned + participation confirmed
TANLA,EQ,TANLA PLATFORMS LIMITED,465.0,465.0,450.35,455.0,373011,171153838.15,20260227,477.55,443.0,469.0,463.18333333333334,460.275,466.0916666666667,466.0916666666667,460.275,5.81666666666672,1.2402274342572963,Wide,Bullish,Below CPR,Cash Only,Diversified,False,False,False,0.9,60,162369785.0,False,False,Higher,True,Risk Off,False,Bullish Virgin,16.43928571428571,495.04,553.9375,0.35382721413571194,1.0540990625195445,False,False,No setup,0.0,None,None,0,No active J-Curve setup.,Neutral,0,Not applicable,No directional setup; confirmation score not applicable.,Wide CPR,Wide Downside Breakout,Confirmed,Wide CPR + close below CPR + trend aligned + participation confirmed
TEAMLEASE,EQ,TEAMLEASE SERVICES LTD.,1219.0,1245.0,1202.0,1219.4,98041,119198906.6,20260227,1269.9,1213.2,1218.9,1234.0000000000002,1241.5500000000002,1226.4500000000003,1241.5500000000002,1226.4500000000003,15.099999999999909,1.2388218885880637,Wide,Bearish,Below CPR,Cash Only,FMCG & Food Products,False,False,False,0.9666666666666667,60,25532457.55,False,False,Lower,True,Risk Off,False,Bearish Virgin,40.93571428571425,1454.51,1575.9560000000001,0.36887105217239385,4.6685246168166055,False,False,No setup,0.0,None,None,0,No active J-Curve setup.,Neutral,0,Not applicable,No directional setup; confirmation score not applicable.,Wide CPR,Wide Downside Breakout,Confirmed,Wide CPR + close below CPR + trend aligned + participation confirmed
3PLAND,EQ,3P LAND HOLDINGS LIMITED,34.45,34.45,32.25,32.68,6580,215421.62,20260227,35.0,33.61,33.68,34.096666666666664,34.305,33.88833333333333,34.305,33.88833333333333,0.4166666666666714,1.23713380839273,Wide,Bearish,Below CPR,Cash Only,Diversified,False,False,False,0.8666666666666667,60,99793.37,False,False,Outside,True,Risk Off,False,None,1.8178571428571433,35.813599999999994,38.2632,0.22920759659463255,2.1586766736106817,False,False,No setup,0.0,None,None,0,No active J-Curve setup.,Neutral,0,Not applicable,No directional setup; confirmation score not applicable.,Wide CPR,Wide Downside Breakout,Confirmed,Wide CPR + close below CPR + trend aligned + participation confirmed
URAVIDEF,EQ,URAVI DEFENCE &TECH LTD,147.5,152.55,143.2,145.91,80298,11925435.81,20260227,154.7,145.6,147.46,149.25333333333333,150.14999999999998,148.35666666666668,150.14999999999998,148.35666666666668,1.793333333333294,1.2161490121614633,Wide,Bearish,Below CPR,Cash Only,Diversified,False,False,False,0.6,60,1579358.6099999999,True,False,Inside,True,Risk Off,False,None,11.870000000000003,183.47879999999998,197.5267,0.15108115697837352,7.55080938204402,False,False,No setup,0.0,None,None,0,No active J-Curve setup.,Neutral,0,Not applicable,No directional setup; confirmation score not applicable.,Wide CPR,Wide Downside Breakout,Confirmed,Wide CPR + close below CPR + trend aligned + participation confirmed
SAATVIKGL,EQ,SAATVIK GREEN ENERGY LTD,370.4,375.65,360.55,366.95,214340,78646785.9,20260227,389.85,367.0,371.65,376.1666666666667,378.425,373.90833333333336,378.425,373.90833333333336,4.5166666666666515,1.215301134580022,Wide,Bearish,Below CPR,Cash Only,Diversified,False,False,False,0.7833333333333333,60,61814548.925,False,False,Lower,True,Risk Off,False,Bearish Virgin,17.614285714285707,395.03200000000004,428.13149999999996,0.25642065423087246,1.2723021888491441,False,False,No setup,0.0,None,None,0,No active J-Curve setup.,Neutral,0,Not applicable,No directional setup; confirmation score not applicable.,Wide CPR,Wide Downside Breakout,Confirmed,Wide CPR + close below CPR + trend aligned + participation confirmed
DCMNVL,EQ,DCM NOUVELLE LIMITED,134.02,137.01,126.2,127.91,18997,2454058.95,20260227,139.89,133.01,134.01,135.63666666666666,136.45,134.82333333333332,136.45,134.82333333333332,1.6266666666666652,1.2138397632017501,Wide,Bearish,Below CPR,Cash Only,Diversified,False,False,False,0.85,60,1072864.65,False,False,Lower,True,Risk Off,False,None,6.999285714285712,132.71699999999998,138.7819,0.2324046671429056,2.287389140838968,False,False,No setup,0.0,None,None,0,No active J-Curve setup.,Neutral,0,Not applicable,No directional setup; confirmation score not applicable.,Wide CPR,Wide Downside Breakout,Confirmed,Wide CPR + close below CPR + trend aligned + participation confirmed
KRITI,EQ,KRITI INDUSTRIES IND LTD,85.71,85.71,76.81,79.62,53351,4340555.21,20260227,86.99,82.01,83.0,84.0,84.5,83.5,84.5,83.5,1.0,1.2048192771084338,Wide,Bearish,Below CPR,Cash Only,Diversified,False,False,False,0.65,60,1610809.34,False,False,Overlapping,True,Risk Off,False,None,4.387142857142856,82.1798,93.3299,0.22793878215564967,2.6946424398060667,False,False,No setup,0.0,None,None,0,No active J-Curve setup.,Neutral,0,Not applicable,No directional setup; confirmation score not applicable.,Wide CPR,Wide Downside Breakout,Confirmed,Wide CPR + close below CPR + trend aligned + participation confirmed
WEBELSOLAR,EQ,WEBSOL ENERGY SYSTEM LTD,56.19,56.7,54.8,55.32,10372448,575393900.22,20260227,59.5,56.1,56.79,57.46333333333333,57.8,57.126666666666665,57.8,57.126666666666665,0.673333333333332,1.1856547514233702,Wide,Bearish,Below CPR,Cash Only,Power & Utilities,False,False,False,0.7166666666666667,60,348763278.47,False,False,Overlapping,True,Risk Off,False,Bearish Virgin,3.1842857142857164,77.4292,395.55320000000006,0.21145506206071427,1.6498121669925017,False,False,No setup,0.0,None,None,0,No active J-Curve setup.,Neutral,0,Not applicable,No directional setup; confirmation score not applicable.,Wide CPR,Wide Downside Breakout,Confirmed,Wide CPR + close below CPR + trend aligned + participation confirmed
RITCO,EQ,RITCO LOGISTICS LIMITED,223.0,226.25,216.5,219.64,157237,35217926.41,20260227,232.05,220.81,222.48,225.11333333333334,226.43,223.79666666666668,226.43,223.79666666666668,2.6333333333333258,1.1836269926884782,Wide,Bearish,Below CPR,Cash Only,Diversified,False,False,False,0.95,60,10991078.65,False,False,Outside,True,Risk Off,False,None,9.907142857142855,248.90439999999998,257.5892,0.26580149002643527,3.2042284048253986,False,False,No setup,0.0,None,None,0,No active J-Curve setup.,Neutral,0,Not applicable,No directional setup; confirmation score not applicable.,Wide CPR,Wide Downside Breakout,Confirmed,Wide CPR + close below CPR + trend aligned + participation confirmed
INDOTHAI,EQ,INDO THAI SEC LTD,270.0,270.0,259.33,261.6,3032020,797004336.43,20260227,275.79,260.58,272.97,269.78000000000003,268.185,271.37500000000006,271.37500000000006,268.185,3.1900000000000546,1.1686265890024745,Wide,Bullish,Below CPR,Cash Only,Diversified,False,False,False,0.7,60,203959693.64,False,False,Higher,True,Risk Off,False,None,11.323571428571436,270.8962,,0.2817132403961442,3.907656077561855,False,False,No setup,0.0,None,None,0,No active J-Curve setup.,Neutral,0,Not applicable,No directional setup; confirmation score not applicable.,Wide CPR,Wide Downside Breakout,Confirmed,Wide CPR + close below CPR + trend aligned + participation confirmed
SAKSOFT,EQ,SAKSOFT LIMITED,143.33,145.77,140.0,141.67,329871,46898269.75,20260227,152.0,142.81,144.89,146.56666666666666,147.405,145.72833333333332,147.405,145.72833333333332,1.6766666666666765,1.1571997147261208,Wide,Bearish,Below CPR,Cash Only,Information Technology,False,False,False,0.8833333333333333,60,26978196.655,False,False,Lower,True,Risk Off,False,Bearish Virgin,7.359285714285717,177.265,187.20759999999999,0.22783008185318318,1.7383767473319278,False,False,No setup,0.0,None,None,0,No active J-Curve setup.,Neutral,0,Not applicable,No directional setup; confirmation score not applicable.,Wide CPR,Wide Downside Breakout,Confirmed,Wide CPR + close below CPR + trend aligned + participation confirmed
CLEDUCATE,EQ,CL EDUCATE LIMITED,40.5,41.26,38.3,39.42,114505,4553924.57,20260227,41.89,40.0,40.26,40.71666666666667,40.945,40.48833333333334,40.945,40.48833333333334,0.45666666666666345,1.1342937572445688,Wide,Bearish,Below CPR,Cash Only,Diversified,False,False,False,0.6833333333333333,60,2816183.035,True,True,Lower,True,Risk Off,False,Bearish Virgin,4.024285714285715,69.68879999999999,,0.1134776949473427,1.6170556080350793,False,False,No setup,0.0,None,None,0,No active J-Curve setup.,Neutral,0,Not applicable,No directional setup; confirmation score not applicable.,Wide CPR,Wide Downside Breakout,Confirmed,Wide CPR + close below CPR + trend aligned + participation confirmed
YASHO,EQ,YASHO INDUSTRIES LIMITED,1491.8,1630.0,1487.0,1561.4,118951,185956545.1,20260227,1510.0,1434.1,1497.5,1480.5333333333335,1472.05,1489.016666666667,1489.016666666667,1472.05,16.96666666666715,1.132999443517005,Wide,Bullish,Above CPR,Cash Only,Diversified,False,False,False,0.8333333333333334,60,17539885.950000003,False,False,Higher,True,Risk Off,False,Bullish Virgin,72.81428571428576,1377.5,1495.7179999999998,0.2330128833954679,10.601924415591766,True,True,No setup,0.0,None,None,0,No active J-Curve setup.,Neutral,0,Not applicable,No directional setup; confirmation score not applicable.,Wide CPR,Wide Upside Breakout,Confirmed,Wide CPR + close above CPR + trend aligned + participation confirmed
ABINFRA,EQ,A B INFRABUILD LIMITED,18.9,18.91,17.9,18.03,1182239,21464975.3,20260227,19.76,17.52,18.96,18.746666666666666,18.64,18.85333333333333,18.85333333333333,18.64,0.21333333333333115,1.125175808720101,Wide,Bullish,Below CPR,Cash Only,Real Estate & Infra,False,False,False,0.6666666666666666,60,7015516.775,False,False,Overlapping,True,Risk Off,False,None,1.763571428571429,19.136,35.2047,0.12096665316592287,3.0596427873269536,False,False,No setup,0.0,None,None,0,No active J-Curve setup.,Neutral,0,Not applicable,No directional setup; confirmation score not applicable.,Wide CPR,Wide Downside Breakout,Confirmed,Wide CPR + close below CPR + trend aligned + participation confirmed
TATAELXSI,EQ,TATA ELXSI LIMITED,4522.0,4596.0,4490.5,4513.0,345149,1563801912.0,20260227,4696.0,4470.5,4507.5,4558.0,4583.25,4532.75,4583.25,4532.75,50.5,1.1203549639489738,Wide,Bearish,Below CPR,Cash Only,Information Technology,True,False,False,0.9166666666666666,60,1123876374.5,False,False,Lower,True,Risk Off,False,None,182.75,5247.5,5269.7,0.2763337893296854,1.3914358798544173,False,False,No setup,0.0,None,None,0,No active J-Curve setup.,Neutral,0,Not applicable,No directional setup; confirmation score not applicable.,Wide CPR,Wide Downside Breakout,Confirmed,Wide CPR + close below CPR + trend aligned + participation confirmed
AFCONS,EQ,AFCONS INFRASTRUCTURE LTD,295.9,296.85,288.1,292.15,1392385,406994443.4,20260227,309.0,295.15,297.1,300.4166666666667,302.075,298.7583333333334,302.075,298.7583333333334,3.316666666666606,1.116346909009292,Wide,Bearish,Below CPR,Cash Only,Construction,True,False,False,0.9833333333333333,60,121126596.725,False,False,Lower,True,Risk Off,False,Bearish Virgin,9.132142857142854,350.58700000000005,388.0915,0.3631860252900469,3.360074949715797,False,False,No setup,0.0,None,None,0,No active J-Curve setup.,Neutral,0,Not applicable,No directional setup; confirmation score not applicable.,Wide CPR,Wide Downside Breakout,Confirmed,Wide CPR + close below CPR + trend aligned + participation confirmed
CEWATER,EQ,CONCORD ENVIRO SYSTEMS L,313.8,313.8,297.0,299.55,112379,34051771.25,20260227,321.4,309.05,310.05,313.5,315.225,311.775,315.225,311.775,3.4500000000000455,1.112723754233203,Wide,Bearish,Below CPR,Cash Only,Diversified,False,False,False,0.7166666666666667,60,12950074.4,False,False,Lower,True,Risk Off,False,Bearish Virgin,18.76785714285714,407.726,427.22850000000005,0.1838249286393935,2.6294652986704077,False,False,No setup,0.0,None,None,0,No active J-Curve setup.,Neutral,0,Not applicable,No directional setup; confirmation score not applicable.,Wide CPR,Wide Downside Breakout,Confirmed,Wide CPR + close below CPR + trend aligned + participation confirmed
DCXINDIA,EQ,DCX SYSTEMS LIMITED,184.98,186.0,176.42,177.25,751109,134828368.97,20260227,188.0,175.51,184.83,182.78,181.755,183.805,183.805,181.755,2.0500000000000114,1.1091273061732463,Wide,Bullish,Below CPR,Cash Only,Diversified,False,False,False,0.7666666666666667,60,114401667.06,False,False,Higher,True,Risk Off,False,None,9.680714285714284,178.748,192.0237,0.21176123367520228,1.1785524847228568,False,False,No setup,0.0,None,None,0,No active J-Curve setup.,Neutral,0,Not applicable,No directional setup; confirmation score not applicable.,Wide CPR,Wide Downside Breakout,Confirmed,Wide CPR + close below CPR + trend aligned + participation confirmed
IGARASHI,EQ,IGARASHI MOTORS INDIA LTD,364.4,370.95,355.0,359.4,49411,17788699.95,20260227,384.5,356.4,364.4,368.43333333333334,370.45,366.4166666666667,370.45,366.4166666666667,4.033333333333303,1.1068422978411918,Wide,Bearish,Below CPR,Cash Only,Diversified,False,False,False,0.7666666666666667,60,17599620.7,False,False,Higher,True,Risk Off,False,None,16.32499999999999,403.76,441.94949999999994,0.2470648289943832,1.0107433707363933,False,False,No setup,0.0,None,None,0,No active J-Curve setup.,Neutral,0,Not applicable,No directional setup; confirmation score not applicable.,Wide CPR,Wide Downside Breakout,Confirmed,Wide CPR + close below CPR + trend aligned + participation confirmed
RADIANTCMS,EQ,RADIANT CASH MGMT SER LTD,36.61,37.68,36.5,36.72,192962,7146940.54,20260227,38.35,36.95,37.04,37.446666666666665,37.650000000000006,37.243333333333325,37.650000000000006,37.243333333333325,0.4066666666666805,1.0979121670266754,Wide,Bearish,Below CPR,Cash Only,Diversified,False,False,False,0.85,60,4470941.555,False,False,Outside,True,Risk Off,False,None,2.694285714285713,46.669200000000004,50.1716,0.15093672675857714,1.5985314171703595,False,False,No setup,0.0,None,None,0,No active J-Curve setup.,Neutral,0,Not applicable,No directional setup; confirmation score not applicable.,Wide CPR,Wide Downside Breakout,Confirmed,Wide CPR + close below CPR + trend aligned + participation confirmed
MEDICO,EQ,MEDICO REMEDIES LIMITED,45.44,45.5,43.91,44.53,193647,8689717.85,20260227,46.77,44.73,45.01,45.50333333333333,45.75,45.25666666666666,45.75,45.25666666666666,0.4933333333333394,1.0960527290231936,Wide,Bearish,Below CPR,Cash Only,Healthcare & Pharma,False,False,False,0.7333333333333333,60,6670618.03,False,False,Lower,True,Risk Off,False,Bearish Virgin,1.9078571428571434,48.7462,46.1579,0.2585798078123081,1.3026855699006348,False,False,No setup,0.0,None,None,0,No active J-Curve setup.,Neutral,0,Not applicable,No directional setup; confirmation score not applicable.,Wide CPR,Wide Downside Breakout,Confirmed,Wide CPR + close below CPR + trend aligned + participation confirmed
ABCOTS,EQ,A B COTSPIN INDIA LIMITED,413.95,415.9,402.1,409.05,47095,19293196.05,20260227,428.5,405.3,410.25,414.68333333333334,416.9,412.4666666666667,416.9,412.4666666666667,4.43333333333328,1.0806418850294406,Wide,Bearish,Below CPR,Cash Only,Diversified,False,False,False,0.9166666666666666,60,3761619.55,False,False,Lower,True,Risk Off,False,Bearish Virgin,17.18928571428571,415.884,416.50200000000007,0.25791259782533116,5.128959958217997,False,False,No setup,0.0,None,None,0,No active J-Curve setup.,Neutral,0,Not applicable,No directional setup; confirmation score not applicable.,Wide CPR,Wide Downside Breakout,Confirmed,Wide CPR + close below CPR + trend aligned + participation confirmed
GODAVARIB,EQ,GODAVARI BIOREFINERIES L,289.5,317.0,286.95,294.65,5557517,1696775119.2,20260227,286.35,271.85,283.55,280.5833333333333,279.1,282.0666666666666,282.0666666666666,279.1,2.9666666666665833,1.046258743313907,Wide,Bullish,Above CPR,Cash Only,Diversified,False,False,False,0.7666666666666667,60,37005027.425,False,False,Higher,True,Risk Off,False,Bullish Virgin,15.167857142857141,274.7172,264.97090000000003,0.19558904324620754,45.85255672729718,True,True,No setup,0.0,None,None,0,No active J-Curve setup.,Neutral,0,Not applicable,No directional setup; confirmation score not applicable.,Wide CPR,Wide Upside Breakout,Confirmed,Wide CPR + close above CPR + trend aligned + participation confirmed
POLYMED,EQ,POLY MEDICURE LIMITED,1260.5,1279.9,1229.0,1256.1,237267,295857576.3,20260227,1301.9,1255.0,1258.7,1271.8666666666668,1278.45,1265.2833333333335,1278.45,1265.2833333333335,13.166666666666515,1.046052805804919,Wide,Bearish,Below CPR,Cash Only,Healthcare,True,False,False,0.8833333333333333,60,189580040.10000002,False,False,Lower,True,Risk Off,False,Bearish Virgin,54.32142857142859,1565.78,1739.2619999999997,0.2423843962305472,1.5605945443620568,False,False,No setup,0.0,None,None,0,No active J-Curve setup.,Neutral,0,Not applicable,No directional setup; confirmation score not applicable.,Wide CPR,Wide Downside Breakout,Confirmed,Wide CPR + close below CPR + trend aligned + participation confirmed
PURVA,EQ,PURAVANKARA LIMITED,206.76,206.77,195.77,198.48,1492345,297159783.72,20260227,215.9,204.1,206.76,208.92,210.0,207.83999999999997,210.0,207.83999999999997,2.160000000000025,1.0446894950667562,Wide,Bearish,Below CPR,Cash Only,Diversified,False,False,False,0.8833333333333333,60,28411039.08,False,False,Lower,True,Risk Off,False,Bearish Virgin,11.286428571428573,236.217,245.70399999999998,0.19138029238656,10.459307133514388,False,False,No setup,0.0,None,None,0,No active J-Curve setup.,Neutral,0,Not applicable,No directional setup; confirmation score not applicable.,Wide CPR,Wide Downside Breakout,Confirmed,Wide CPR + close below CPR + trend aligned + participation confirmed
ETERNAL,EQ,ETERNAL LIMITED,246.05,252.0,243.75,246.3,57272916,14220744748.5,20260227,254.7,246.0,246.5,249.0666666666667,250.35,247.7833333333334,250.35,247.7833333333334,2.566666666666606,1.041244083840408,Wide,Bearish,Below CPR,Cash Only,Consumer Services,True,False,False,0.7666666666666667,60,9510951718.125,False,False,Lower,True,Risk Off,False,None,10.057142857142853,279.173,297.1465,0.2552083333333274,1.4951968183583098,False,False,No setup,0.0,None,None,0,No active J-Curve setup.,Neutral,0,Not applicable,No directional setup; confirmation score not applicable.,Wide CPR,Wide Downside Breakout,Confirmed,Wide CPR + close below CPR + trend aligned + participation confirmed
BYKE,EQ,THE BYKE HOSPITALITY LTD,44.99,44.99,41.71,41.93,75052,3212027.98,20260227,45.34,43.01,43.5,43.949999999999996,44.175,43.724999999999994,44.175,43.724999999999994,0.45000000000000284,1.0344827586206962,Wide,Bearish,Below CPR,Cash Only,Diversified,False,False,False,0.6166666666666667,60,3030075.165,False,False,Overlapping,True,Risk Off,False,None,2.1328571428571435,51.0346,55.28139999999999,0.21098459477562084,1.0600489443633982,False,False,No setup,0.0,None,None,0,No active J-Curve setup.,Neutral,0,Not applicable,No directional setup; confirmation score not applicable.,Wide CPR,Wide Downside Breakout,Confirmed,Wide CPR + close below CPR + trend aligned + participation confirmed
CCAVENUE,EQ,AVENUESAI LIMITED,16.82,17.05,16.47,16.58,13484470,225243843.82,20260227,17.44,16.7,16.81,16.983333333333334,17.07,16.89666666666667,17.07,16.89666666666667,0.173333333333332,1.0311322625421298,Wide,Bearish,Below CPR,Cash Only,Diversified,False,False,False,0.6111111111111112,19,180231925.23,False,False,Lower,False,Risk Off,False,Bearish Virgin,0.8028571428571427,,,0.2158956109134029,1.2497444253150978,False,False,No setup,0.0,None,None,0,No active J-Curve setup.,Neutral,0,Not applicable,No directional setup; confirmation score not applicable.,Wide CPR,Wide Downside Breakout,Confirmed,Wide CPR + close below CPR + trend aligned + participation confirmed
GOCOLORS,EQ,GO FASHION INDIA LTD,300.25,314.8,300.0,309.55,575646,176576450.75,20260227,336.05,322.0,324.05,327.3666666666666,329.025,325.70833333333326,329.025,325.70833333333326,3.3166666666667197,1.023504603199111,Wide,Bearish,Below CPR,Cash Only,Diversified,False,False,False,0.8666666666666667,60,46197844.400000006,False,False,Overlapping,True,Risk Off,False,Bearish Virgin,15.189285714285708,399.17,492.43549999999993,0.21835567050709662,3.822179433765961,False,False,No setup,0.0,None,None,0,No active J-Curve setup.,Neutral,0,Not applicable,No directional setup; confirmation score not applicable.,Wide CPR,Wide Downside Breakout,Confirmed,Wide CPR + close below CPR + trend aligned + participation confirmed
CHOLAHLDNG,EQ,CHOLAMANDALAM FIN HOL LTD,1685.3,1685.3,1624.2,1634.1,259807,426027735.9,20260227,1700.4,1618.5,1685.3,1668.0666666666666,1659.45,1676.6833333333332,1676.6833333333332,1659.45,17.23333333333312,1.0225676931901218,Wide,Bullish,Below CPR,Cash Only,Financial Services,True,False,False,0.9333333333333333,60,261115162.7,False,False,Lower,True,Risk Off,False,None,53.90714285714291,1754.872,1827.632,0.3196855262576699,1.6315702676733141,False,False,No setup,0.0,None,None,0,No active J-Curve setup.,Neutral,0,Not applicable,No directional setup; confirmation score not applicable.,Wide CPR,Wide Downside Breakout,Confirmed,Wide CPR + close below CPR + trend aligned + participation confirmed
SARDAEN,EQ,SARDA ENERGY & MIN LTD,518.9,561.0,515.95,551.6,6321104,3477277002.65,20260227,536.8,516.8,518.9,524.1666666666666,526.8,521.5333333333333,526.8,521.5333333333333,5.2666666666666515,1.0149675595811625,Wide,Bearish,Above CPR,Cash Only,Metals & Mining,True,False,False,0.85,60,177890455.175,False,False,Overlapping,True,Risk Off,False,None,17.117857142857126,504.74899999999997,512.993,0.3076709089644615,19.547293862558412,True,True,No setup,0.0,None,None,0,No active J-Curve setup.,Neutral,0,Not applicable,No directional setup; confirmation score not applicable.,Wide CPR,Wide Upside Breakout,Confirmed,Wide CPR + close above CPR + trend aligned + participation confirmed
JHS,EQ,JHS SVEND. LAB. LTD,9.6,9.85,9.42,9.5,128003,1217631.31,20260227,9.99,9.52,9.61,9.706666666666665,9.754999999999999,9.658333333333331,9.754999999999999,9.658333333333331,0.09666666666666757,1.0058966354491943,Wide,Bearish,Below CPR,Cash Only,Diversified,False,False,False,0.5,60,866080.45,True,False,Lower,True,Risk Off,False,None,0.6685714285714288,10.214,10.918999999999999,0.1445868945868959,1.4059101668903855,False,False,No setup,0.0,None,None,0,No active J-Curve setup.,Neutral,0,Not applicable,No directional setup; confirmation score not applicable.,Wide CPR,Wide Downside Breakout,Confirmed,Wide CPR + close below CPR + trend aligned + participation confirmed
MEIL,EQ,MANGAL ELECTRICAL IND L,242.0,242.0,233.65,235.1,80750,19015945.7,20260227,248.0,237.6,239.2,241.6,242.8,240.39999999999998,242.8,240.39999999999998,2.400000000000034,1.0033444816053654,Wide,Bearish,Below CPR,Cash Only,Diversified,False,False,False,0.8,60,18675806.2,False,False,Outside,True,Risk Off,False,None,10.114285714285712,310.05899999999997,371.3135,0.23728813559322376,1.0182128415960967,False,False,No setup,0.0,None,None,0,No active J-Curve setup.,Neutral,0,Not applicable,No directional setup; confirmation score not applicable.,Wide CPR,Wide Downside Breakout,Confirmed,Wide CPR + close below CPR + trend aligned + participation confirmed
NEULANDLAB,EQ,NEULAND LAB LTD.,13303.0,13303.0,12714.0,12825.0,53386,686142224.0,20260227,13672.0,13125.0,13204.0,13333.666666666666,13398.5,13268.833333333332,13398.5,13268.833333333332,129.66666666666788,0.9820256487933041,Wide,Bearish,Below CPR,Cash Only,Healthcare,True,False,False,0.7833333333333333,60,592948548.0,False,False,Outside,True,Risk Off,False,Bearish Virgin,671.7857142857143,14002.38,15284.96,0.19301789828105798,1.157169920247448,False,False,No setup,0.0,None,None,0,No active J-Curve setup.,Neutral,0,Not applicable,No directional setup; confirmation score not applicable.,Wide CPR,Wide Downside Breakout,Confirmed,Wide CPR + close below CPR + trend aligned + participation confirmed
UMAEXPORTS,EQ,UMA EXPORTS LIMITED,27.87,28.13,26.82,27.36,51788,1425858.99,20260227,29.0,27.05,27.62,27.89,28.025,27.755000000000003,28.025,27.755000000000003,0.269999999999996,0.9775524981897031,Wide,Bearish,Below CPR,Cash Only,Logistics & Ports,False,False,False,0.7333333333333333,60,1328607.955,False,False,Lower,True,Risk Off,False,Bearish Virgin,1.552857142857143,34.3016,,0.1738730450781943,1.0731976913385257,False,False,No setup,0.0,None,None,0,No active J-Curve setup.,Neutral,0,Not applicable,No directional setup; confirmation score not applicable.,Wide CPR,Wide Downside Breakout,Confirmed,Wide CPR + close below CPR + trend aligned + participation confirmed
HGINFRA,EQ,H.G.INFRA ENGINEERING LTD,562.0,562.35,536.0,540.45,938981,510902512.4,20260227,578.3,554.1,558.05,563.4833333333333,566.2,560.7666666666667,566.2,560.7666666666667,5.433333333333394,0.973628408446088,Wide,Bearish,Below CPR,Cash Only,Real Estate & Infra,False,False,False,0.7333333333333333,60,82257022.65,False,False,Lower,True,Risk Off,False,Bearish Virgin,29.014285714285727,679.133,779.5485000000001,0.1872640735270002,6.211050387440688,False,False,No setup,0.0,None,None,0,No active J-Curve setup.,Neutral,0,Not applicable,No directional setup; confirmation score not applicable.,Wide CPR,Wide Downside Breakout,Confirmed,Wide CPR + close below CPR + trend aligned + participation confirmed
QUICKHEAL,EQ,QUICK HEAL TECH LTD,165.0,170.79,164.9,166.37,207496,34762560.73,20260227,171.46,164.6,165.62,167.22666666666666,168.03,166.42333333333332,168.03,166.42333333333332,1.6066666666666833,0.9700921788833977,Wide,Bearish,Below CPR,Cash Only,Diversified,False,False,False,0.7333333333333333,60,23793749.345,False,False,Lower,True,Risk Off,False,None,9.51357142857143,216.107,262.723,0.16888154766374025,1.460995500370982,False,False,No setup,0.0,None,None,0,No active J-Curve setup.,Neutral,0,Not applicable,No directional setup; confirmation score not applicable.,Wide CPR,Wide Downside Breakout,Confirmed,Wide CPR + close below CPR + trend aligned + participation confirmed
COFORGE,EQ,COFORGE LIMITED,1217.1,1235.0,1182.1,1185.8,3210664,3861809583.4,20260227,1239.5,1196.0,1200.4,1211.9666666666667,1217.75,1206.1833333333334,1217.75,1206.1833333333334,11.566666666666606,0.9635676996556652,Wide,Bearish,Below CPR,Cash Only,Information Technology,True,False,False,0.8,60,3436789415.1000004,True,False,Lower,True,Risk Off,False,None,62.82142857142859,1593.1240000000003,1700.892,0.18411976501800162,1.1236677948414924,False,False,No setup,0.0,None,None,0,No active J-Curve setup.,Neutral,0,Not applicable,No directional setup; confirmation score not applicable.,Wide CPR,Wide Downside Breakout,Confirmed,Wide CPR + close below CPR + trend aligned + participation confirmed
NETWORK18,EQ,NETWORK18 MEDIA & INV LTD,33.9,33.93,32.95,33.33,4588402,153220874.99,20260227,34.54,33.2,33.39,33.71,33.870000000000005,33.55,33.870000000000005,33.55,0.3200000000000074,0.9583707696915464,Wide,Bearish,Below CPR,Cash Only,Media & Entertainment,False,False,False,0.85,60,102901419.38,False,False,Lower,True,Risk Off,False,Bearish Virgin,1.2900000000000003,39.348,43.208400000000005,0.24806201550388166,1.4890064288052003,False,False,No setup,0.0,None,None,0,No active J-Curve setup.,Neutral,0,Not applicable,No directional setup; confirmation score not applicable.,Wide CPR,Wide Downside Breakout,Confirmed,Wide CPR + close below CPR + trend aligned + participation confirmed
ASMS,EQ,BARTRONICS INDIA LIMITED,10.36,10.53,10.05,10.23,740634,7634031.34,20260227,10.84,10.34,10.44,10.54,10.59,10.489999999999998,10.59,10.489999999999998,0.10000000000000142,0.9578544061302818,Wide,Bearish,Below CPR,Cash Only,Diversified,False,False,False,0.6,60,5296503.345,False,False,Lower,True,Risk Off,False,Bearish Virgin,0.84,11.626,,0.11904761904762075,1.4413341864886522,False,False,No setup,0.0,None,None,0,No active J-Curve setup.,Neutral,0,Not applicable,No directional setup; confirmation score not applicable.,Wide CPR,Wide Downside Breakout,Confirmed,Wide CPR + close below CPR + trend aligned + participation confirmed
GOKEX,EQ,GOKALDAS EXPORTS LTD.,682.0,689.0,631.45,639.7,2401117,1553446617.65,20260227,702.1,677.1,679.9,686.3666666666667,689.6,683.1333333333333,689.6,683.1333333333333,6.466666666666697,0.9511202627837473,Wide,Bearish,Below CPR,Cash Only,Diversified,False,False,False,0.5833333333333334,60,371007034.675,True,False,Lower,True,Risk Off,False,Bearish Virgin,49.73571428571427,703.663,777.512,0.13002058499688895,4.1871082552674785,False,False,No setup,0.0,None,None,0,No active J-Curve setup.,Neutral,0,Not applicable,No directional setup; confirmation score not applicable.,Wide CPR,Wide Downside Breakout,Confirmed,Wide CPR + close below CPR + trend aligned + participation confirmed
ARCHIDPLY,EQ,ARCHIDPLY IND. LTD,84.87,84.87,80.0,80.92,17951,1447100.11,20260227,84.46,82.0,82.06,82.83999999999999,83.22999999999999,82.44999999999999,83.22999999999999,82.44999999999999,0.7800000000000011,0.9505240068242762,Wide,Bearish,Below CPR,Cash Only,Diversified,False,False,False,0.6666666666666666,60,705535.04,False,False,Overlapping,True,Risk Off,False,None,3.644285714285716,87.5516,92.09110000000001,0.21403371226969836,2.051067669155029,False,False,No setup,0.0,None,None,0,No active J-Curve setup.,Neutral,0,Not applicable,No directional setup; confirmation score not applicable.,Wide CPR,Wide Downside Breakout,Confirmed,Wide CPR + close below CPR + trend aligned + participation confirmed
IRISDOREME,EQ,IRIS CLOTHINGS LIMITED,31.76,33.0,31.76,32.26,467031,15191023.27,20260227,33.2,31.99,32.14,32.443333333333335,32.595,32.29166666666667,32.595,32.29166666666667,0.30333333333332746,0.9437875959344351,Wide,Bearish,Below CPR,Cash Only,Diversified,False,False,False,0.7166666666666667,60,15133046.225,False,False,Lower,True,Risk Off,False,Bearish Virgin,1.530714285714285,34.352,33.811,0.1981645668066536,1.0038311549530736,False,False,No setup,0.0,None,None,0,No active J-Curve setup.,Neutral,0,Not applicable,No directional setup; confirmation score not applicable.,Wide CPR,Wide Downside Breakout,Confirmed,Wide CPR + close below CPR + trend aligned + participation confirmed
SUNDRMBRAK,EQ,SUNDARAM BRAK LININGS LTD,631.05,649.95,602.0,605.15,2788,1708426.8,20260227,657.95,628.0,634.05,640.0,642.975,637.025,642.975,637.025,5.9500000000000455,0.938411797176886,Wide,Bearish,Below CPR,Cash Only,Diversified,False,False,False,0.7333333333333333,60,783454.7,False,False,Lower,True,Risk Off,False,Bearish Virgin,40.178571428571445,637.686,692.398,0.14808888888888996,2.180632524126794,False,False,No setup,0.0,None,None,0,No active J-Curve setup.,Neutral,0,Not applicable,No directional setup; confirmation score not applicable.,Wide CPR,Wide Downside Breakout,Confirmed,Wide CPR + close below CPR + trend aligned + participation confirmed
VOLTAMP,EQ,VOLTAMP TRANSFORMERS LTD,9050.0,9294.0,9019.5,9105.0,98680,904077960.0,20260227,9025.0,8730.0,9004.0,8919.666666666666,8877.5,8961.833333333332,8961.833333333332,8877.5,84.33333333333212,0.9366207611431822,Wide,Bullish,Above CPR,Cash Only,Diversified,False,False,False,0.9,60,213004574.5,False,False,Higher,True,Risk Off,False,Bullish Virgin,284.07142857142856,7766.43,7726.745,0.29687369038638417,4.244406309687025,True,True,No setup,0.0,None,None,0,No active J-Curve setup.,Neutral,0,Not applicable,No directional setup; confirmation score not applicable.,Wide CPR,Wide Upside Breakout,Confirmed,Wide CPR + close above CPR + trend aligned + participation confirmed
GREAVESCOT,EQ,GREAVES COTTON LTD.,158.0,161.38,151.46,152.94,2965523,458109313.6,20260227,158.0,152.62,157.52,156.04666666666665,155.31,156.7833333333333,156.7833333333333,155.31,1.4733333333333007,0.9353309632639034,Wide,Bullish,Below CPR,Cash Only,Diversified,False,False,False,0.8666666666666667,60,137813886.325,False,False,Higher,True,Risk Off,False,None,5.419285714285716,172.66279999999998,188.26579999999998,0.2718685470761329,3.324115775384655,False,False,No setup,0.0,None,None,0,No active J-Curve setup.,Neutral,0,Not applicable,No directional setup; confirmation score not applicable.,Wide CPR,Wide Downside Breakout,Confirmed,Wide CPR + close below CPR + trend aligned + participation confirmed
CAPACITE,EQ,CAPACITE INFRAPROJECT LTD,253.0,254.0,241.25,242.84,286747,70778904.7,20260227,258.0,245.03,248.05,250.35999999999999,251.515,249.20499999999998,251.515,249.20499999999998,2.3100000000000023,0.9312638580931274,Wide,Bearish,Below CPR,Cash Only,Diversified,False,False,False,0.75,60,47075015.685,False,False,Overlapping,True,Risk Off,False,None,11.97642857142857,244.36079999999998,260.7479,0.19287886920737182,1.5035343837931638,False,False,No setup,0.0,None,None,0,No active J-Curve setup.,Neutral,0,Not applicable,No directional setup; confirmation score not applicable.,Wide CPR,Wide Downside Breakout,Confirmed,Wide CPR + close below CPR + trend aligned + participation confirmed
TCC,EQ,TCC CONCEPT LIMITED,458.45,468.7,441.55,447.1,39883,18259588.7,20260227,476.0,453.7,458.45,462.7166666666667,464.85,460.58333333333337,464.85,460.58333333333337,4.2666666666666515,0.9306721925328064,Wide,Bearish,Below CPR,Cash Only,Diversified,False,False,False,0.5,3,18259588.7,False,False,Lower,False,Risk Off,False,Bearish Virgin,,,,,1.0,False,False,No setup,0.0,None,None,0,No active J-Curve setup.,Neutral,0,Not applicable,No directional setup; confirmation score not applicable.,Wide CPR,Wide Downside Breakout,Confirmed,Wide CPR + close below CPR + trend aligned + participation confirmed
CPPLUS,EQ,ADITYA INFOTECH LIMITED,1614.9,1709.9,1595.9,1689.0,632461,1052541773.7,20260227,1664.9,1600.0,1610.0,1624.9666666666665,1632.45,1617.483333333333,1632.45,1617.483333333333,14.966666666667152,0.9296066252588293,Wide,Bearish,Above CPR,Cash Only,Capital Goods,True,False,False,0.8166666666666667,60,140090295.05,False,False,Higher,True,Risk Off,False,Bullish Virgin,82.98571428571431,1489.1180000000002,1487.6570000000002,0.18035232684914793,7.513309707316517,True,True,No setup,0.0,None,None,0,No active J-Curve setup.,Neutral,0,Not applicable,No directional setup; confirmation score not applicable.,Wide CPR,Wide Upside Breakout,Confirmed,Wide CPR + close above CPR + trend aligned + participation confirmed
UEL,EQ,UJAAS ENERGY LIMITED,183.01,186.83,174.0,179.3,16144,2888162.34,20260227,188.4,182.73,183.02,184.71666666666667,185.565,183.86833333333334,185.565,183.86833333333334,1.6966666666666583,0.9270389392780342,Wide,Bearish,Below CPR,Cash Only,Diversified,False,False,False,0.6842105263157895,20,1342130.04,False,False,Lower,True,Risk Off,False,Bearish Virgin,12.265,,,0.13833401277347396,2.151924369415053,False,False,No setup,0.0,None,None,0,No active J-Curve setup.,Neutral,0,Not applicable,No directional setup; confirmation score not applicable.,Wide CPR,Wide Downside Breakout,Confirmed,Wide CPR + close below CPR + trend aligned + participation confirmed
STARPAPER,EQ,STAR PAPER MILLS LTD,140.0,143.42,139.47,140.1,19272,2708833.18,20260227,147.25,142.48,142.9,144.21,144.865,143.555,144.865,143.555,1.3100000000000023,0.9167249825052499,Wide,Bearish,Below CPR,Cash Only,Paper & Packaging,False,False,False,0.9166666666666666,60,943068.515,False,False,Overlapping,True,Risk Off,False,Bearish Virgin,4.679285714285712,152.92340000000002,159.04160000000002,0.2799572584338275,2.87236095460148,False,False,No setup,0.0,None,None,0,No active J-Curve setup.,Neutral,0,Not applicable,No directional setup; confirmation score not applicable.,Wide CPR,Wide Downside Breakout,Confirmed,Wide CPR + close below CPR + trend aligned + participation confirmed
PRIMO,EQ,PRIMO CHEMICALS LIMITED,19.7,20.04,18.42,18.72,119838,2313127.37,20260227,20.09,19.3,19.43,19.606666666666666,19.695,19.51833333333333,19.695,19.51833333333333,0.17666666666666941,0.9092468691027762,Wide,Bearish,Below CPR,Cash Only,Diversified,False,False,False,0.65,60,1557331.32,False,False,Lower,True,Risk Off,False,None,1.1185714285714283,21.8878,22.6069,0.15793954874414892,1.4853148718539868,False,False,No setup,0.0,None,None,0,No active J-Curve setup.,Neutral,0,Not applicable,No directional setup; confirmation score not applicable.,Wide CPR,Wide Downside Breakout,Confirmed,Wide CPR + close below CPR + trend aligned + participation confirmed
CYIENTDLM,EQ,CYIENT DLM LIMITED,312.4,317.0,307.8,312.6,278138,87057374.3,20260227,322.55,311.0,312.55,315.3666666666666,316.775,313.95833333333326,316.775,313.95833333333326,2.8166666666667197,0.9011891430704589,Wide,Bearish,Below CPR,Cash Only,Diversified,False,False,False,0.8166666666666667,60,49001336.55,False,False,Inside,True,Risk Off,False,None,13.235714285714279,378.959,410.81449999999995,0.212808059003422,1.7766326477884613,False,False,No setup,0.0,None,None,0,No active J-Curve setup.,Neutral,0,Not applicable,No directional setup; confirmation score not applicable.,Wide CPR,Wide Downside Breakout,Confirmed,Wide CPR + close below CPR + trend aligned + participation confirmed
MRF,EQ,MRF LTD,144000.0,144700.0,140400.0,140985.0,14866,2105162045.0,20260227,147815.0,143100.0,143520.0,144811.66666666666,145457.5,144165.8333333333,145457.5,144165.8333333333,1291.666666666686,0.899990709773332,Wide,Bearish,Below CPR,Cash Only,Automobile and Auto Components,True,False,False,0.95,60,705740302.5,False,False,Lower,True,Risk Off,False,Bearish Virgin,3380.3571428571427,145718.2,150769.6,0.382109526325063,2.982913172937293,False,False,No setup,0.0,None,None,0,No active J-Curve setup.,Neutral,0,Not applicable,No directional setup; confirmation score not applicable.,Wide CPR,Wide Downside Breakout,Confirmed,Wide CPR + close below CPR + trend aligned + participation confirmed
MASTEK,EQ,MASTEK LTD,1593.5,1621.9,1561.2,1584.6,122935,195908550.4,20260227,1635.0,1582.4,1587.3,1601.5666666666666,1608.7,1594.4333333333332,1608.7,1594.4333333333332,14.266666666666879,0.8988008988009121,Wide,Bearish,Below CPR,Cash Only,Information Technology,False,False,False,0.7666666666666667,60,165823901.25,False,False,Overlapping,True,Risk Off,False,None,71.79285714285717,1985.67,2082.8430000000003,0.19871986203694778,1.1814252886539178,False,False,No setup,0.0,None,None,0,No active J-Curve setup.,Neutral,0,Not applicable,No directional setup; confirmation score not applicable.,Wide CPR,Wide Downside Breakout,Confirmed,Wide CPR + close below CPR + trend aligned + participation confirmed
RPPL,EQ,RAJSHREE POLYPACK LTD,17.0,17.69,16.49,16.6,289513,4891747.04,20260227,17.79,16.95,17.14,17.293333333333333,17.369999999999997,17.21666666666667,17.369999999999997,17.21666666666667,0.15333333333332888,0.8945935433683131,Wide,Bearish,Below CPR,Cash Only,Diversified,False,False,False,0.6166666666666667,60,1363837.635,False,False,Lower,True,Risk Off,False,None,0.8764285714285714,17.491799999999998,18.2145,0.1749524585710354,3.5867517616933924,False,False,No setup,0.0,None,None,0,No active J-Curve setup.,Neutral,0,Not applicable,No directional setup; confirmation score not applicable.,Wide CPR,Wide Downside Breakout,Confirmed,Wide CPR + close below CPR + trend aligned + participation confirmed
DIGIDRIVE,EQ,DIGIDRIVE DISTRIBUTORS L,21.5,22.39,21.05,21.19,39236,844389.25,20260227,22.39,21.1,22.04,21.843333333333334,21.745,21.941666666666666,21.941666666666666,21.745,0.19666666666666544,0.8923169993950337,Wide,Bullish,Below CPR,Cash Only,Diversified,False,False,False,0.65,60,424496.605,True,False,Inside,True,Risk Off,False,None,1.3014285714285714,24.15,26.246,0.15111598975484722,1.9891543066640074,False,False,No setup,0.0,None,None,0,No active J-Curve setup.,Neutral,0,Not applicable,No directional setup; confirmation score not applicable.,Wide CPR,Wide Downside Breakout,Confirmed,Wide CPR + close below CPR + trend aligned + participation confirmed
JMA,EQ,JULLUNDUR MOT AGENCY LTD,88.65,90.17,88.55,89.91,13615,1222156.6,20260227,90.5,87.16,90.03,89.23,88.83,89.63000000000001,89.63000000000001,88.83,0.8000000000000114,0.8885926913251265,Wide,Bullish,Above CPR,Cash Only,Diversified,False,False,False,0.6666666666666666,60,610908.395,False,False,Overlapping,True,Risk Off,False,None,4.589285714285715,79.72959999999999,83.54619999999998,0.17431906614786236,2.0005562372407732,True,True,No setup,0.0,None,None,0,No active J-Curve setup.,Neutral,0,Not applicable,No directional setup; confirmation score not applicable.,Wide CPR,Wide Upside Breakout,Confirmed,Wide CPR + close above CPR + trend aligned + participation confirmed
AHLEAST,EQ,ASIAN HOTELS (EAST) LTD,161.34,161.34,155.55,160.77,2376,377841.27,20260227,161.42,156.15,160.89,159.48666666666665,158.785,160.1883333333333,160.1883333333333,158.785,1.4033333333333076,0.8722315453622398,Wide,Bullish,Above CPR,Cash Only,Diversified,False,False,False,0.7666666666666667,60,374318.99,False,False,Overlapping,True,Risk Off,False,None,7.842142857142854,142.2672,142.83370000000002,0.17894768801044095,1.0094098351782794,True,True,No setup,0.0,None,None,0,No active J-Curve setup.,Neutral,0,Not applicable,No directional setup; confirmation score not applicable.,Wide CPR,Wide Upside Breakout,Confirmed,Wide CPR + close above CPR + trend aligned + participation confirmed
BCONCEPTS,EQ,BRAND CONCEPTS LIMITED,255.05,263.5,250.0,252.15,16570,4220533.15,20260227,263.3,255.2,256.05,258.18333333333334,259.25,257.1166666666667,259.25,257.1166666666667,2.1333333333333258,0.8331706046995999,Wide,Bearish,Below CPR,Cash Only,Diversified,False,False,False,0.36666666666666664,60,2531310.575,False,False,Overlapping,True,Risk Off,False,None,17.52857142857142,305.411,,0.1217060581363756,1.6673312203106487,False,False,No setup,0.0,None,None,0,No active J-Curve setup.,Neutral,0,Not applicable,No directional setup; confirmation score not applicable.,Wide CPR,Wide Downside Breakout,Confirmed,Wide CPR + close below CPR + trend aligned + participation confirmed
KFINTECH,EQ,KFIN TECHNOLOGIES LIMITED,979.0,980.6,955.0,956.7,957570,920836432.1,20260227,1004.0,974.4,977.0,985.1333333333333,989.2,981.0666666666666,989.2,981.0666666666666,8.13333333333344,0.8324803821221534,Wide,Bearish,Below CPR,Cash Only,Financial Services,True,False,False,0.8,60,836619646.5999999,False,False,Lower,True,Risk Off,False,Bearish Virgin,35.2857142857143,1035.74,1060.992,0.23049932523617025,1.100663169747752,False,False,No setup,0.0,None,None,0,No active J-Curve setup.,Neutral,0,Not applicable,No directional setup; confirmation score not applicable.,Wide CPR,Wide Downside Breakout,Confirmed,Wide CPR + close below CPR + trend aligned + participation confirmed
PHOENIXLTD,EQ,THE PHOENIX MILLS LTD,1707.0,1710.7,1652.8,1658.6,451895,756075165.1,20260227,1720.8,1668.3,1715.9,1701.6666666666667,1694.55,1708.7833333333335,1708.7833333333335,1694.55,14.233333333333576,0.8294966684150343,Wide,Bullish,Below CPR,Cash Only,Realty,True,False,False,0.9333333333333333,60,715969961.8,False,False,Outside,True,Risk Off,False,None,46.285714285714334,1789.8519999999999,1748.531,0.3075102880658485,1.0560152037652148,False,False,No setup,0.0,None,None,0,No active J-Curve setup.,Neutral,0,Not applicable,No directional setup; confirmation score not applicable.,Wide CPR,Wide Downside Breakout,Confirmed,Wide CPR + close below CPR + trend aligned + participation confirmed
GLOBECIVIL,EQ,GLOBE CIVIL PROJECTS LTD,51.24,54.0,49.01,50.58,239351,12319303.11,20260227,52.0,49.21,51.24,50.81666666666667,50.605000000000004,51.028333333333336,51.028333333333336,50.605000000000004,0.423333333333332,0.8261774655217251,Wide,Bullish,Below CPR,Cash Only,Diversified,False,False,False,0.75,60,4187544.38,False,False,Higher,True,Risk Off,False,None,2.5249999999999995,54.4618,61.4482,0.16765676567656718,2.941891951960638,False,False,No setup,0.0,None,None,0,No active J-Curve setup.,Neutral,0,Not applicable,No directional setup; confirmation score not applicable.,Wide CPR,Wide Downside Breakout,Confirmed,Wide CPR + close below CPR + trend aligned + participation confirmed
MASTERTR,EQ,MASTER TRUST LIMITED,89.7,91.31,87.41,88.28,469323,41622460.63,20260227,89.9,86.99,89.55,88.81333333333333,88.445,89.18166666666667,89.18166666666667,88.445,0.7366666666666788,0.8226316769030472,Wide,Bullish,Below CPR,Cash Only,Diversified,False,False,False,0.7333333333333333,60,14604757.57,False,False,Higher,True,Risk Off,False,Bullish Virgin,4.325000000000001,102.2776,113.5558,0.17032755298651528,2.849924788583807,False,False,No setup,0.0,None,None,0,No active J-Curve setup.,Neutral,0,Not applicable,No directional setup; confirmation score not applicable.,Wide CPR,Wide Downside Breakout,Confirmed,Wide CPR + close below CPR + trend aligned + participation confirmed
TECHM,EQ,TECH MAHINDRA LIMITED,1391.0,1410.4,1354.0,1357.8,2601590,3553496466.6,20260227,1396.6,1360.4,1361.8,1372.9333333333334,1378.5,1367.3666666666668,1378.5,1367.3666666666668,11.133333333333212,0.8175454055906309,Wide,Bearish,Below CPR,Cash Only,Information Technology,True,False,False,0.8833333333333333,60,2757336710.95,False,False,Overlapping,True,Risk Off,False,None,55.94285714285714,1599.056,1538.234,0.19901259788900022,1.2887423042997512,False,False,No setup,0.0,None,None,0,No active J-Curve setup.,Neutral,0,Not applicable,No directional setup; confirmation score not applicable.,Wide CPR,Wide Downside Breakout,Confirmed,Wide CPR + close below CPR + trend aligned + participation confirmed
PERSISTENT,EQ,PERSISTENT SYSTEMS LTD,4823.0,4925.0,4712.0,4733.0,1144899,5452701814.5,20260227,4933.0,4746.5,4781.5,4820.333333333333,4839.75,4800.916666666666,4839.75,4800.916666666666,38.83333333333394,0.8121579699536535,Wide,Bearish,Below CPR,Cash Only,Information Technology,True,False,False,0.75,60,2611260134.5,False,False,Overlapping,True,Risk Off,False,None,242.28571428571428,5973.92,5985.646000000001,0.160279088050317,2.088149603503243,False,False,No setup,0.0,None,None,0,No active J-Curve setup.,Neutral,0,Not applicable,No directional setup; confirmation score not applicable.,Wide CPR,Wide Downside Breakout,Confirmed,Wide CPR + close below CPR + trend aligned + participation confirmed
CSBBANK,EQ,CSB BANK LIMITED,397.5,408.15,384.5,397.4,859726,338445153.4,20260227,406.85,389.45,403.05,399.7833333333333,398.15,401.41666666666663,401.41666666666663,398.15,3.2666666666666515,0.8104867055369437,Wide,Bullish,Below CPR,Cash Only,Financial Services,False,False,False,0.6333333333333333,60,260685208.4,False,False,Higher,True,Risk Off,False,None,15.549999999999999,441.272,424.66450000000003,0.21007502679528306,1.2982905914657181,False,False,No setup,0.0,None,None,0,No active J-Curve setup.,Neutral,0,Not applicable,No directional setup; confirmation score not applicable.,Wide CPR,Wide Downside Breakout,Confirmed,Wide CPR + close below CPR + trend aligned + participation confirmed
ECLERX,EQ,ECLERX SERVICES LTD,3326.7,3335.1,3160.0,3172.4,149212,478245729.4,20260227,3392.0,3292.4,3302.1,3328.8333333333335,3342.2,3315.466666666667,3342.2,3315.466666666667,26.733333333332666,0.8095858191251829,Wide,Bearish,Below CPR,Cash Only,Services,True,False,False,0.5166666666666667,60,332412532.20000005,True,False,Inside,True,Risk Off,False,None,166.61428571428578,4293.74,4375.338,0.16045042727714018,1.438711489710796,False,False,No setup,0.0,None,None,0,No active J-Curve setup.,Neutral,0,Not applicable,No directional setup; confirmation score not applicable.,Wide CPR,Wide Downside Breakout,Confirmed,Wide CPR + close below CPR + trend aligned + participation confirmed
SKFINDIA,EQ,SKF INDIA LTD,1801.5,1801.5,1722.0,1737.5,82559,144532887.2,20260227,1850.0,1775.2,1791.0,1805.3999999999999,1812.6,1798.1999999999998,1812.6,1798.1999999999998,14.400000000000091,0.8040201005025177,Wide,Bearish,Below CPR,Cash Only,Diversified,False,False,False,0.85,60,92209963.35,False,False,Lower,True,Risk Off,False,Bearish Virgin,66.47857142857143,1775.494,2380.949,0.2166111528956713,1.5674324329942377,False,False,No setup,0.0,None,None,0,No active J-Curve setup.,Neutral,0,Not applicable,No directional setup; confirmation score not applicable.,Wide CPR,Wide Downside Breakout,Confirmed,Wide CPR + close below CPR + trend aligned + participation confirmed
RATNAMANI,EQ,RATNAMANI MET & TUB LTD.,2370.0,2495.7,2345.1,2456.0,66603,162323796.4,20260227,2433.3,2352.0,2364.5,2383.266666666667,2392.65,2373.8833333333337,2392.65,2373.8833333333337,18.766666666666424,0.7936843589201279,Wide,Bearish,Above CPR,Cash Only,Metals & Mining,False,False,False,0.7833333333333333,60,34688188.599999994,False,False,Lower,True,Risk Off,False,None,153.85,2228.2819999999997,2311.91,0.1219802838262361,4.679512045780333,True,True,No setup,0.0,None,None,0,No active J-Curve setup.,Neutral,0,Not applicable,No directional setup; confirmation score not applicable.,Wide CPR,Wide Upside Breakout,Confirmed,Wide CPR + close above CPR + trend aligned + participation confirmed
APARINDS,EQ,APAR INDUSTRIES LTD.,10810.0,11648.0,10753.0,11180.5,447170,5055271782.5,20260227,10882.0,10475.0,10807.0,10721.333333333334,10678.5,10764.166666666668,10764.166666666668,10678.5,85.66666666666788,0.7926960920391216,Wide,Bullish,Above CPR,Cash Only,Capital Goods,True,False,False,0.7,60,473952269.5,False,False,Overlapping,True,Risk Off,False,Bullish Virgin,447.5,8766.17,8790.54,0.19143389199255392,10.666204400356817,True,True,No setup,0.0,None,None,0,No active J-Curve setup.,Neutral,0,Not applicable,No directional setup; confirmation score not applicable.,Wide CPR,Wide Upside Breakout,Confirmed,Wide CPR + close above CPR + trend aligned + participation confirmed
ZYDUSWELL,EQ,ZYDUS WELLNESS LIMITED,386.7,389.1,378.1,384.9,257971,98796980.1,20260227,396.5,382.35,384.85,387.90000000000003,389.425,386.37500000000006,389.425,386.37500000000006,3.0499999999999545,0.7925165648954019,Wide,Bearish,Below CPR,Cash Only,Fast Moving Consumer Goods,True,False,False,0.8333333333333334,60,47129027.225,False,False,Lower,True,Risk Off,False,Bearish Virgin,10.449999999999973,424.663,438.274,0.2918660287081304,2.096308494302897,False,False,No setup,0.0,None,None,0,No active J-Curve setup.,Neutral,0,Not applicable,No directional setup; confirmation score not applicable.,Wide CPR,Wide Downside Breakout,Confirmed,Wide CPR + close below CPR + trend aligned + participation confirmed
UNOMINDA,EQ,UNO MINDA LIMITED,1223.2,1228.5,1181.3,1188.5,770804,925675619.2,20260227,1238.0,1194.0,1230.6,1220.8666666666666,1216.0,1225.7333333333331,1225.7333333333331,1216.0,9.733333333333121,0.7909420878703983,Wide,Bullish,Below CPR,Cash Only,Automobile and Auto Components,True,False,False,0.7333333333333333,60,763225096.45,False,False,Higher,True,Risk Off,False,None,32.29999999999999,1222.9180000000001,1242.7959999999998,0.3013415892672794,1.2128474594265943,False,False,No setup,0.0,None,None,0,No active J-Curve setup.,Neutral,0,Not applicable,No directional setup; confirmation score not applicable.,Wide CPR,Wide Downside Breakout,Confirmed,Wide CPR + close below CPR + trend aligned + participation confirmed
WCIL,EQ,WESTERN CARRIERS (IND) L,116.57,116.57,113.05,114.46,168965,19382475.5,20260227,116.88,113.7,116.67,115.75,115.28999999999999,116.21000000000001,116.21000000000001,115.28999999999999,0.9200000000000159,0.7885488986029107,Wide,Bullish,Below CPR,Cash Only,Diversified,False,False,False,0.7166666666666667,60,14760770.085,False,False,Higher,True,Risk Off,False,None,3.9764285714285736,116.8542,120.6027,0.23136339141369167,1.3131073371095054,False,False,No setup,0.0,None,None,0,No active J-Curve setup.,Neutral,0,Not applicable,No directional setup; confirmation score not applicable.,Wide CPR,Wide Downside Breakout,Confirmed,Wide CPR + close below CPR + trend aligned + participation confirmed
SURAJLTD,EQ,SURAJ LIMITED,234.5,251.87,221.0,225.62,42867,10220904.85,20260227,238.0,225.25,234.37,232.54,231.625,233.45499999999998,233.45499999999998,231.625,1.829999999999984,0.7808166574220182,Wide,Bullish,Below CPR,Cash Only,Diversified,False,False,False,0.55,60,249686.02500000002,False,False,Higher,True,Risk Off,False,None,15.051428571428573,236.328,260.93699999999995,0.12158314350797159,40.935029703805,False,False,No setup,0.0,None,None,0,No active J-Curve setup.,Neutral,0,Not applicable,No directional setup; confirmation score not applicable.,Wide CPR,Wide Downside Breakout,Confirmed,Wide CPR + close below CPR + trend aligned + participation confirmed
BANG,EQ,BANG OVERSEAS LTD.,42.6,42.6,41.0,41.52,11812,492677.23,20260227,44.0,41.71,42.36,42.69,42.855000000000004,42.52499999999999,42.855000000000004,42.52499999999999,0.3300000000000125,0.7790368271954969,Wide,Bearish,Below CPR,Cash Only,Diversified,False,False,False,0.6,60,444633.545,False,False,Higher,True,Risk Off,False,None,1.8099999999999992,45.5452,49.4484,0.18232044198895728,1.108052317555123,False,False,No setup,0.0,None,None,0,No active J-Curve setup.,Neutral,0,Not applicable,No directional setup; confirmation score not applicable.,Wide CPR,Wide Downside Breakout,Confirmed,Wide CPR + close below CPR + trend aligned + participation confirmed
ASTERDM,EQ,ASTER DM HEALTHCARE LTD.,649.0,659.9,639.05,654.6,630633,410252966.55,20260227,651.0,632.75,649.45,644.4,641.875,646.925,646.925,641.875,5.0499999999999545,0.7775810301023872,Wide,Bullish,Above CPR,Cash Only,Healthcare,True,False,False,0.8,60,316746273.675,False,False,Overlapping,True,Risk Off,False,None,18.70000000000002,597.322,635.2315,0.2700534759358261,1.2952100802642537,True,True,No setup,0.0,None,None,0,No active J-Curve setup.,Neutral,0,Not applicable,No directional setup; confirmation score not applicable.,Wide CPR,Wide Upside Breakout,Confirmed,Wide CPR + close above CPR + trend aligned + participation confirmed
VIYASH,EQ,VIYASH SCIENTIFIC LIMITED,225.0,225.5,205.5,213.08,1130863,246250798.8,20260227,240.0,216.21,225.49,227.23333333333335,228.10500000000002,226.36166666666668,228.10500000000002,226.36166666666668,1.7433333333333394,0.7731311070705306,Wide,Bearish,Below CPR,Cash Only,Diversified,False,False,False,0.75,25,120856977.94,False,False,Higher,True,Risk Off,False,None,10.964285714285712,,,0.15900108577633065,2.03753894063322,False,False,No setup,0.0,None,None,0,No active J-Curve setup.,Neutral,0,Not applicable,No directional setup; confirmation score not applicable.,Wide CPR,Wide Downside Breakout,Confirmed,Wide CPR + close below CPR + trend aligned + participation confirmed
CIFL,EQ,CAPITAL INDIA FINANCE LTD,31.75,31.75,29.5,30.6,327791,9959687.81,20260227,32.0,30.98,31.13,31.37,31.490000000000002,31.25,31.490000000000002,31.25,0.240000000000002,0.7709604882749823,Wide,Bearish,Below CPR,Cash Only,Diversified,False,False,False,0.7,60,6896342.59,False,False,Overlapping,True,Risk Off,False,None,1.1992857142857132,33.4654,34.052800000000005,0.20011911852293215,1.4441985269760214,False,False,No setup,0.0,None,None,0,No active J-Curve setup.,Neutral,0,Not applicable,No directional setup; confirmation score not applicable.,Wide CPR,Wide Downside Breakout,Confirmed,Wide CPR + close below CPR + trend aligned + participation confirmed
BEARDSELL,EQ,BEARDSELL LIMITED,26.51,26.51,24.6,25.4,60323,1540571.65,20260227,28.09,26.21,26.84,27.046666666666667,27.15,26.943333333333335,27.15,26.943333333333335,0.20666666666666345,0.7699950322901022,Wide,Bearish,Below CPR,Cash Only,Diversified,False,False,False,0.38333333333333336,60,507038.77,True,False,Overlapping,True,Risk Off,False,Bearish Virgin,1.6464285714285711,28.5242,30.473,0.12552422270426417,3.0383705175050024,False,False,No setup,0.0,None,None,0,No active J-Curve setup.,Neutral,0,Not applicable,No directional setup; confirmation score not applicable.,Wide CPR,Wide Downside Breakout,Confirmed,Wide CPR + close below CPR + trend aligned + participation confirmed
ICEMAKE,EQ,ICE MAKE REFRIGERAT LTD,811.8,831.55,792.0,825.45,41409,33677613.15,20260227,828.9,805.25,807.75,813.9666666666667,817.075,810.8583333333333,817.075,810.8583333333333,6.216666666666697,0.7696275662849517,Wide,Bearish,Above CPR,Cash Only,Diversified,False,False,False,0.7166666666666667,60,17728673.975,False,False,Overlapping,True,Risk Off,False,None,37.30714285714283,771.578,742.1515,0.1666347565256248,1.8996126386829784,True,True,No setup,0.0,None,None,0,No active J-Curve setup.,Neutral,0,Not applicable,No directional setup; confirmation score not applicable.,Wide CPR,Wide Upside Breakout,Confirmed,Wide CPR + close above CPR + trend aligned + participation confirmed
OBEROIRLTY,EQ,OBEROI REALTY LIMITED,1540.0,1553.7,1501.1,1522.8,788586,1201795871.9,20260227,1548.0,1505.4,1544.4,1532.6000000000001,1526.7,1538.5000000000002,1538.5000000000002,1526.7,11.800000000000182,0.7640507640507758,Wide,Bullish,Below CPR,Cash Only,Realty,True,False,False,0.9,60,653785081.45,False,False,Higher,True,Risk Off,False,None,35.664285714285725,1591.1960000000001,1635.302,0.33086320849189366,1.8382124432001292,False,False,No setup,0.0,None,None,0,No active J-Curve setup.,Neutral,0,Not applicable,No directional setup; confirmation score not applicable.,Wide CPR,Wide Downside Breakout,Confirmed,Wide CPR + close below CPR + trend aligned + participation confirmed
MUTHOOTMF,EQ,MUTHOOT MICROFIN LIMITED,175.01,175.01,168.0,168.91,359950,61382598.08,20260227,181.0,174.0,175.49,176.83,177.5,176.16000000000003,177.5,176.16000000000003,1.339999999999975,0.7635762721522451,Wide,Bearish,Below CPR,Cash Only,Diversified,False,False,False,0.6166666666666667,60,29549297.405,False,False,Lower,True,Risk Off,False,Bearish Virgin,9.654285714285711,180.965,177.0048,0.13879846108315816,2.077294672651456,False,False,No setup,0.0,None,None,0,No active J-Curve setup.,Neutral,0,Not applicable,No directional setup; confirmation score not applicable.,Wide CPR,Wide Downside Breakout,Confirmed,Wide CPR + close below CPR + trend aligned + participation confirmed
IRCTC,EQ,INDIAN RAIL TOUR CORP LTD,594.1,594.4,558.1,569.55,32213440,18415643620.55,20260227,609.45,594.0,594.95,599.4666666666667,601.725,597.2083333333334,601.725,597.2083333333334,4.5166666666666515,0.7591674370395245,Wide,Bearish,Below CPR,Cash Only,Consumer Services,True,False,False,0.85,60,900994401.975,False,False,Lower,True,Risk Off,False,Bearish Virgin,18.39285714285716,639.586,670.1010000000001,0.24556634304207015,20.43924310759589,False,False,No setup,0.0,None,None,0,No active J-Curve setup.,Neutral,0,Not applicable,No directional setup; confirmation score not applicable.,Wide CPR,Wide Downside Breakout,Confirmed,Wide CPR + close below CPR + trend aligned + participation confirmed
ONELIFECAP,EQ,ONELIFE CAP ADVISORS LTD,15.52,16.0,15.11,15.67,12127,190488.63,20260227,16.2,15.22,15.89,15.770000000000001,15.71,15.830000000000002,15.830000000000002,15.71,0.120000000000001,0.7551919446192636,Wide,Bullish,Below CPR,Cash Only,Diversified,False,False,False,0.3829787234042553,48,140148.3,False,False,Outside,True,Risk Off,False,None,1.205,,,0.09958506224066473,1.359193297385698,False,False,No setup,0.0,None,None,0,No active J-Curve setup.,Neutral,0,Not applicable,No directional setup; confirmation score not applicable.,Wide CPR,Wide Downside Breakout,Confirmed,Wide CPR + close below CPR + trend aligned + participation confirmed
PASHUPATI,EQ,PASHUPATI COTSPIN LIMITED,1005.0,1015.0,974.2,999.55,7606,7592135.85,20260227,1005.9,958.0,993.2,985.7000000000002,981.95,989.4500000000003,989.4500000000003,981.95,7.500000000000227,0.7551349174386052,Wide,Bullish,Above CPR,Cash Only,Diversified,False,False,False,0.7666666666666667,60,1060798.075,False,False,Outside,True,Risk Off,False,None,45.86428571428571,841.9759999999999,817.1975,0.16352593054041925,7.157003796410547,True,True,No setup,0.0,None,None,0,No active J-Curve setup.,Neutral,0,Not applicable,No directional setup; confirmation score not applicable.,Wide CPR,Wide Upside Breakout,Confirmed,Wide CPR + close above CPR + trend aligned + participation confirmed
TBOTEK,EQ,TBO TEK LIMITED,1251.0,1259.0,1207.0,1225.8,307924,380884319.2,20260227,1290.1,1251.1,1256.4,1265.8666666666666,1270.6,1261.1333333333332,1270.6,1261.1333333333332,9.466666666666697,0.7534755385758275,Wide,Bearish,Below CPR,Cash Only,Consumer Services,True,False,False,0.6666666666666666,60,116448510.5,False,False,Lower,True,Risk Off,False,Bearish Virgin,65.80000000000003,1507.0220000000002,1558.3830000000003,0.14387031408308046,3.2708389103869213,False,False,No setup,0.0,None,None,0,No active J-Curve setup.,Neutral,0,Not applicable,No directional setup; confirmation score not applicable.,Wide CPR,Wide Downside Breakout,Confirmed,Wide CPR + close below CPR + trend aligned + participation confirmed
RUDRA,EQ,RUDRA GLOBAL INFRA PROD L,21.2,23.79,19.25,19.74,1008797,22107671.97,20260227,21.4,17.67,21.4,20.156666666666666,19.535,20.778333333333332,20.778333333333332,19.535,1.2433333333333323,5.809968847352021,Wide,Bullish,Inside CPR,Cash Only,Diversified,False,False,False,1.0,48,1581093.845,False,False,Higher,True,Risk Off,False,Bullish Virgin,1.2371428571428562,,,1.0050038491147035,13.982517255324588,False,False,No setup,0.0,None,None,0,No active J-Curve setup.,Neutral,0,Not applicable,No directional setup; confirmation score not applicable.,Wide CPR,Wide Consolidation,Watch,Wide CPR + close inside CPR; consolidation/range watch
TFL,EQ,TRANSWARRANTY FIN. LTD.,14.49,14.49,13.02,13.52,14664,198399.62,20260227,15.47,13.11,13.59,14.056666666666667,14.29,13.823333333333334,14.29,13.823333333333334,0.466666666666665,3.4338974736325607,Wide,Bearish,Below CPR,Cash Only,Diversified,False,False,False,0.9,60,299719.445,False,False,Inside,True,Risk Off,False,None,1.180714285714286,14.578800000000001,14.078999999999999,0.39524097600322494,0.6619511123143845,False,False,No setup,0.0,None,None,0,No active J-Curve setup.,Neutral,0,Not applicable,No directional setup; confirmation score not applicable.,Wide CPR,Wide Downside Watch,Watch,Wide CPR + close below CPR; trend aligned; participation light
TEJASNET,EQ,TEJAS NETWORKS LIMITED,387.8,442.7,387.8,435.85,126512541,52861694701.05,20260227,381.35,323.55,371.05,358.65000000000003,352.45000000000005,364.85,364.85,352.45000000000005,12.399999999999977,3.3418676728203685,Wide,Bullish,Above CPR,Cash Only,Telecommunication,True,False,False,0.9833333333333333,60,454590245.4,False,False,Higher,True,Risk Off,False,Bullish Virgin,19.639285714285712,377.39,452.24150000000003,0.6313875250045452,116.28426970432746,True,False,No setup,0.0,None,None,0,No active J-Curve setup.,Neutral,0,Not applicable,No directional setup; confirmation score not applicable.,Wide CPR,Wide Upside Watch,Watch,Wide CPR + close above CPR; trend mixed; participation confirmed
VLEGOV,EQ,VL E GOV AND IT SOL LTD,12.95,15.6,12.76,15.6,2053968,30882899.65,20260227,14.45,12.81,13.0,13.42,13.629999999999999,13.21,13.629999999999999,13.21,0.41999999999999815,3.230769230769216,Wide,Bearish,Above CPR,Cash Only,Diversified,False,False,False,0.9166666666666666,60,4466898.255,False,False,Lower,True,Risk Off,False,None,1.6664285714285716,16.562800000000003,20.135,0.2520360051435908,6.913723547526828,False,False,No setup,0.0,None,None,0,No active J-Curve setup.,Neutral,0,Not applicable,No directional setup; confirmation score not applicable.,Wide CPR,Wide Upside Watch,Watch,Wide CPR + close above CPR; trend opposes; participation confirmed
A2ZINFRA,EQ,A2Z INFRA ENGINEERING LTD,19.0,19.18,17.87,17.87,793744,14667420.24,20260227,19.18,16.62,18.81,18.203333333333333,17.9,18.506666666666668,18.506666666666668,17.9,0.6066666666666691,3.2252348041821857,Wide,Bullish,Below CPR,Cash Only,Real Estate & Infra,False,False,False,0.9666666666666667,60,2626442.51,False,False,Higher,True,Risk Off,False,Bullish Virgin,1.0057142857142856,15.053799999999999,,0.6032196969696995,5.584519814979694,True,False,No setup,0.0,None,None,0,No active J-Curve setup.,Neutral,0,Not applicable,No directional setup; confirmation score not applicable.,Wide CPR,Wide Downside Watch,Watch,Wide CPR + close below CPR; trend mixed; participation confirmed
FILATFASH,EQ,FILATEX FASHIONS LIMITED,0.22,0.23,0.21,0.22,66361669,14677629.91,20260227,0.23,0.21,0.21,0.21666666666666667,0.22,0.21333333333333335,0.22,0.21333333333333335,0.006666666666666654,3.1746031746031687,Wide,Bearish,Inside CPR,Cash Only,Diversified,False,False,False,0.9,60,20096946.215,False,False,Outside,True,Risk Off,False,None,0.028571428571428574,0.299,0.3749,0.23333333333333287,0.7303413042447653,False,False,No setup,0.0,None,None,0,No active J-Curve setup.,Neutral,0,Not applicable,No directional setup; confirmation score not applicable.,Wide CPR,Wide Consolidation,Watch,Wide CPR + close inside CPR; consolidation/range watch
WILLAMAGOR,EQ,WILLIAMSON MAGOR,28.25,29.46,27.53,28.03,2714,77222.21,20260227,30.0,27.39,27.44,28.276666666666667,28.695,27.858333333333334,28.695,27.858333333333334,0.836666666666666,3.0490767735665667,Wide,Bearish,Inside CPR,Cash Only,Diversified,False,False,False,0.9833333333333333,60,64780.45,False,False,Outside,True,Risk Off,False,None,1.7621428571428575,28.9598,30.805,0.47480070260775525,1.1920604132882684,False,False,No setup,0.0,None,None,0,No active J-Curve setup.,Neutral,0,Not applicable,No directional setup; confirmation score not applicable.,Wide CPR,Wide Consolidation,Watch,Wide CPR + close inside CPR; consolidation/range watch
JINDALPOLY,EQ,JINDAL POLY FILMS LIMITED,590.0,621.25,582.5,616.35,831659,505065166.6,20260227,654.4,590.8,595.65,613.6166666666667,622.5999999999999,604.6333333333334,622.5999999999999,604.6333333333334,17.96666666666647,3.0163127116035375,Wide,Bearish,Inside CPR,Cash Only,Diversified,False,False,False,0.9666666666666667,60,20526548.700000003,False,False,Inside,True,Risk Off,False,None,38.489285714285714,456.92,499.347,0.4667965729485582,24.605459689382656,True,True,No setup,0.0,None,None,0,No active J-Curve setup.,Neutral,0,Not applicable,No directional setup; confirmation score not applicable.,Wide CPR,Wide Consolidation,Watch,Wide CPR + close inside CPR; consolidation/range watch
ORIENTELEC,EQ,ORIENT ELECTRIC LIMITED,194.5,201.3,183.0,185.11,1326116,255773497.27,20260227,198.8,173.6,194.5,188.96666666666667,186.2,191.73333333333335,191.73333333333335,186.2,5.53333333333336,2.8449014567266633,Wide,Bullish,Below CPR,Cash Only,Diversified,False,False,False,1.0,60,19558007.42,False,False,Higher,True,Risk Off,False,Bullish Virgin,8.261428571428578,175.12400000000002,186.4853,0.669779237996429,13.077686891991167,True,False,No setup,0.0,None,None,0,No active J-Curve setup.,Neutral,0,Not applicable,No directional setup; confirmation score not applicable.,Wide CPR,Wide Downside Watch,Watch,Wide CPR + close below CPR; trend mixed; participation confirmed
TEAMGTY,EQ,TEAM INDIA GUARANTY LTD,261.05,269.6,252.0,263.9,406,106177.75,20260227,283.0,260.0,261.0,268.0,271.5,264.5,271.5,264.5,7.0,2.681992337164751,Wide,Bearish,Below CPR,Cash Only,FMCG & Food Products,False,False,False,0.9833333333333333,60,405014.1,False,False,Outside,True,Risk Off,False,None,16.082142857142856,273.06499999999994,,0.43526537863646464,0.26215815696293043,False,False,No setup,0.0,None,None,0,No active J-Curve setup.,Neutral,0,Not applicable,No directional setup; confirmation score not applicable.,Wide CPR,Wide Downside Watch,Watch,Wide CPR + close below CPR; trend aligned; participation light
TREEHOUSE,EQ,TREE HOUSE EDU LTD,10.36,10.7,9.61,9.84,67643,677103.41,20260227,11.0,8.41,10.11,9.84,9.705,9.975,9.975,9.705,0.2699999999999996,2.6706231454005893,Wide,Bullish,Inside CPR,Cash Only,Diversified,False,False,False,0.9166666666666666,60,317955.37,False,False,Higher,True,Risk Off,False,Bullish Virgin,0.8914285714285715,8.0512,7.9487,0.3028846153846149,2.1295548806110745,True,True,No setup,0.0,None,None,0,No active J-Curve setup.,Neutral,0,Not applicable,No directional setup; confirmation score not applicable.,Wide CPR,Wide Consolidation,Watch,Wide CPR + close inside CPR; consolidation/range watch
NAVKARURB,EQ,NAVKAR URBANSTRUCTURE LTD,1.32,1.32,1.25,1.25,461100,588511.82,20260227,1.39,1.29,1.29,1.3233333333333333,1.3399999999999999,1.3066666666666666,1.3399999999999999,1.3066666666666666,0.033333333333333215,2.5839793281653654,Wide,Bearish,Below CPR,Cash Only,Diversified,False,False,False,0.8444444444444444,46,2778655.795,False,False,Lower,True,Risk Off,False,Bearish Virgin,0.12214285714285711,,,0.2729044834307983,0.21179730899343002,False,False,No setup,0.0,None,None,0,No active J-Curve setup.,Neutral,0,Not applicable,No directional setup; confirmation score not applicable.,Wide CPR,Wide Downside Watch,Watch,Wide CPR + close below CPR; trend aligned; participation light
BALUFORGE,EQ,BALU FORGE INDUSTRIES LTD,504.7,511.35,477.05,485.65,2904238,1438304191.05,20260227,489.4,452.0,489.4,476.93333333333334,470.7,483.1666666666667,483.1666666666667,470.7,12.466666666666697,2.547336875085145,Wide,Bullish,Above CPR,Cash Only,Automobile & Ancillary,False,False,False,0.95,60,431953587.375,False,False,Higher,True,Risk Off,False,Bullish Virgin,26.482142857142843,497.52600000000007,562.7280000000001,0.4707574735895721,3.3297655884527657,False,False,No setup,0.0,None,None,0,No active J-Curve setup.,Neutral,0,Not applicable,No directional setup; confirmation score not applicable.,Wide CPR,Wide Upside Watch,Watch,Wide CPR + close above CPR; trend opposes; participation confirmed
ZENITHSTL,EQ,ZENITH STEEL PIP IND LTD,5.5,5.68,5.5,5.68,85918,487635.65,20260227,5.41,5.0,5.41,5.273333333333333,5.205,5.341666666666667,5.341666666666667,5.205,0.13666666666666671,2.52618607516944,Wide,Bullish,Above CPR,Cash Only,Diversified,False,False,False,0.9166666666666666,60,584427.28,False,False,Higher,True,Risk Off,False,Bullish Virgin,0.22571428571428584,6.0802,,0.6054852320675104,0.8343820808638501,False,False,No setup,0.0,None,None,0,No active J-Curve setup.,Neutral,0,Not applicable,No directional setup; confirmation score not applicable.,Wide CPR,Wide Upside Watch,Watch,Wide CPR + close above CPR; trend opposes; participation light
HALDER,EQ,HALDER VENTURE LIMITED,255.0,255.0,245.0,250.25,1047,261099.75,20260227,255.0,235.7,255.0,248.5666666666667,245.35,251.7833333333334,251.7833333333334,245.35,6.433333333333394,2.522875816993488,Wide,Bullish,Inside CPR,Cash Only,Diversified,False,False,False,1.0,4,409422.925,False,False,Outside,False,Risk Off,False,None,,,,,0.6377262582450653,False,False,No setup,0.0,None,None,0,No active J-Curve setup.,Neutral,0,Not applicable,No directional setup; confirmation score not applicable.,Wide CPR,Wide Consolidation,Watch,Wide CPR + close inside CPR; consolidation/range watch
NEXTMEDIA,EQ,NEXT MEDIAWORKS LIMITED,5.72,6.09,5.54,5.69,7918,45528.04,20260227,6.5,5.66,5.86,6.006666666666667,6.08,5.933333333333334,6.08,5.933333333333334,0.1466666666666665,2.502844141069394,Wide,Bearish,Below CPR,Cash Only,Media & Entertainment,False,False,False,0.9833333333333333,60,46726.82000000001,False,False,Higher,True,Risk Off,False,None,0.49857142857142867,5.7825999999999995,6.1226,0.2941738299904485,0.9743449265325566,False,False,No setup,0.0,None,None,0,No active J-Curve setup.,Neutral,0,Not applicable,No directional setup; confirmation score not applicable.,Wide CPR,Wide Downside Watch,Watch,Wide CPR + close below CPR; trend aligned; participation light
TERASOFT,EQ,TERA SOFTWARE LIMITED,369.9,373.6,355.0,357.8,22436,8166790.4,20260227,395.25,366.7,367.45,376.4666666666667,380.975,371.95833333333337,380.975,371.95833333333337,9.016666666666652,2.4538485961808822,Wide,Bearish,Below CPR,Cash Only,Information Technology,False,False,False,0.9130434782608695,24,10587230.275,False,False,Lower,True,Risk Off,False,Bearish Virgin,21.999999999999996,,,0.40984848484848424,0.7713812005472791,False,False,No setup,0.0,None,None,0,No active J-Curve setup.,Neutral,0,Not applicable,No directional setup; confirmation score not applicable.,Wide CPR,Wide Downside Watch,Watch,Wide CPR + close below CPR; trend aligned; participation light
FLAIR,EQ,FLAIR WRITING INDUST LTD,309.1,313.5,306.3,308.15,55828,17212840.45,20260227,315.1,285.0,311.45,303.84999999999997,300.05,307.6499999999999,307.6499999999999,300.05,7.599999999999909,2.440199068871379,Wide,Bullish,Above CPR,Cash Only,Diversified,False,False,False,1.0,60,25329299.975,False,False,Lower,True,Risk Off,False,None,11.34642857142858,309.404,307.452,0.6698142902108822,0.6795624224510373,False,True,No setup,0.0,None,None,0,No active J-Curve setup.,Neutral,0,Not applicable,No directional setup; confirmation score not applicable.,Wide CPR,Wide Upside Watch,Watch,Wide CPR + close above CPR; trend mixed; participation light
AAREYDRUGS,EQ,AAREY DRUGS & PHARM LTD,77.02,78.28,76.0,76.73,207466,15975139.22,20260227,78.92,72.7,78.65,76.75666666666667,75.81,77.70333333333335,77.70333333333335,75.81,1.893333333333345,2.407289680016967,Wide,Bullish,Inside CPR,Cash Only,Healthcare & Pharma,False,False,False,0.9803921568627451,52,16804061.21,False,False,Higher,True,Risk Off,False,Bullish Virgin,5.377142857142859,68.67399999999999,,0.35210768685795457,0.9506713300052303,True,False,No setup,0.0,None,None,0,No active J-Curve setup.,Neutral,0,Not applicable,No directional setup; confirmation score not applicable.,Wide CPR,Wide Consolidation,Watch,Wide CPR + close inside CPR; consolidation/range watch
VARDMNPOLY,EQ,VARDHMAN POLYTEX LTD.,8.74,8.8,8.35,8.44,573988,4915155.34,20260227,9.09,7.76,8.74,8.530000000000001,8.425,8.635000000000002,8.635000000000002,8.425,0.21000000000000085,2.4027459954233508,Wide,Bullish,Inside CPR,Cash Only,Diversified,False,False,False,0.8166666666666667,60,2970249.495,False,False,Higher,True,Risk Off,False,Bullish Virgin,0.7150000000000002,6.5164,6.9277,0.2937062937062948,1.654795446737379,True,True,No setup,0.0,None,None,0,No active J-Curve setup.,Neutral,0,Not applicable,No directional setup; confirmation score not applicable.,Wide CPR,Wide Consolidation,Watch,Wide CPR + close inside CPR; consolidation/range watch
SINTERCOM,EQ,SINTERCOM INDIA LIMITED,77.27,93.34,77.27,87.64,11714,1026959.39,20260227,85.05,72.0,81.46,79.50333333333333,78.525,80.48166666666665,80.48166666666665,78.525,1.9566666666666492,2.401996890089184,Wide,Bullish,Above CPR,Cash Only,Diversified,False,False,False,0.9,60,931777.175,False,False,Outside,True,Risk Off,False,None,7.027857142857142,94.80060000000002,105.7315,0.27841582816681665,1.1021512627200811,False,False,No setup,0.0,None,None,0,No active J-Curve setup.,Neutral,0,Not applicable,No directional setup; confirmation score not applicable.,Wide CPR,Wide Upside Watch,Watch,Wide CPR + close above CPR; trend opposes; participation confirmed
GTPL,EQ,GTPL HATHWAY LIMITED,56.6,61.0,55.5,58.46,285600,16651685.65,20260227,62.24,55.01,56.59,57.946666666666665,58.625,57.26833333333333,58.625,57.26833333333333,1.3566666666666691,2.3973611356541245,Wide,Bearish,Inside CPR,Cash Only,Diversified,False,False,False,0.95,60,1900158.9,False,False,Lower,True,Risk Off,False,None,5.42,84.15,93.7693,0.2503075030750312,8.763312189312169,False,False,No setup,0.0,None,None,0,No active J-Curve setup.,Neutral,0,Not applicable,No directional setup; confirmation score not applicable.,Wide CPR,Wide Consolidation,Watch,Wide CPR + close inside CPR; consolidation/range watch
RAMANEWS,EQ,SHREE RAMA NEWSPRINT LTD,38.5,40.35,34.05,35.54,270807,10011458.0,20260227,39.0,35.2,38.48,37.56,37.1,38.02,38.02,37.1,0.9200000000000017,2.3908523908523955,Wide,Bullish,Below CPR,Cash Only,Diversified,False,False,False,0.9166666666666666,60,1012916.075,False,False,Outside,True,Risk Off,False,None,2.2021428571428574,31.441999999999997,30.6987,0.4177748945831989,9.883798122169203,True,True,No setup,0.0,None,None,0,No active J-Curve setup.,Neutral,0,Not applicable,No directional setup; confirmation score not applicable.,Wide CPR,Wide Downside Watch,Watch,Wide CPR + close below CPR; trend opposes; participation confirmed
AQYLON,EQ,AQYLON NEXUS LIMITED,1231.0,1241.0,1201.1,1201.1,8317,10057921.2,20260227,1354.9,1264.3,1264.3,1294.5,1309.6,1279.4,1309.6,1279.4,30.199999999999818,2.3886735743098804,Wide,Bearish,Below CPR,Cash Only,Diversified,False,False,False,0.75,5,69408397.5,False,False,Lower,False,Risk Off,False,Bearish Virgin,,,,,0.14490928421161142,False,False,No setup,0.0,None,None,0,No active J-Curve setup.,Neutral,0,Not applicable,No directional setup; confirmation score not applicable.,Wide CPR,Wide Downside Watch,Watch,Wide CPR + close below CPR; trend aligned; participation light
LORDSCHLO,EQ,LORDS CHLORO ALKALI LTD,130.0,130.89,124.02,125.14,24442,3075844.56,20260227,129.88,116.91,127.86,124.88333333333333,123.395,126.37166666666666,126.37166666666666,123.395,2.9766666666666595,2.3280671567860627,Wide,Bullish,Inside CPR,Cash Only,Diversified,False,False,False,0.9833333333333333,60,2017288.455,False,False,Higher,True,Risk Off,False,Bullish Virgin,7.539999999999999,149.9026,,0.3947833775419973,1.5247420627309345,False,False,No setup,0.0,None,None,0,No active J-Curve setup.,Neutral,0,Not applicable,No directional setup; confirmation score not applicable.,Wide CPR,Wide Consolidation,Watch,Wide CPR + close inside CPR; consolidation/range watch
VARDHACRLC,EQ,VARDHAMAN ACRYLICS LTD,34.85,34.85,33.75,34.67,25123,863580.06,20260227,36.49,33.75,33.97,34.73666666666667,35.120000000000005,34.35333333333334,35.120000000000005,34.35333333333334,0.7666666666666657,2.256893337258363,Wide,Bearish,Inside CPR,Cash Only,Diversified,False,False,False,0.9833333333333333,60,852266.9750000001,False,False,Lower,True,Risk Off,False,Bearish Virgin,1.414285714285715,37.4392,38.6668,0.5420875420875412,1.0132741093247217,False,False,No setup,0.0,None,None,0,No active J-Curve setup.,Neutral,0,Not applicable,No directional setup; confirmation score not applicable.,Wide CPR,Wide Consolidation,Watch,Wide CPR + close inside CPR; consolidation/range watch
DCMFINSERV,EQ,DCM FINANCIAL SERVICES LT,4.71,4.71,4.38,4.38,7382,33132.46,20260227,4.95,4.25,4.45,4.55,4.6,4.5,4.6,4.5,0.09999999999999964,2.2471910112359472,Wide,Bearish,Below CPR,Cash Only,Financial Services,False,False,False,0.8333333333333334,60,73178.17,False,False,Overlapping,True,Risk Off,False,None,0.407857142857143,4.7824,5.1225,0.245183887915936,0.45276426016119287,False,False,No setup,0.0,None,None,0,No active J-Curve setup.,Neutral,0,Not applicable,No directional setup; confirmation score not applicable.,Wide CPR,Wide Downside Watch,Watch,Wide CPR + close below CPR; trend aligned; participation light
SELMC,EQ,SEL MANUFACTURING CO LTD,27.7,30.1,27.7,29.93,9185,268617.7,20260227,30.9,28.38,28.69,29.323333333333334,29.64,29.006666666666668,29.64,29.006666666666668,0.6333333333333329,2.207505518763795,Wide,Bearish,Above CPR,Cash Only,Diversified,False,False,False,0.9166666666666666,60,273104.20999999996,False,False,Lower,True,Risk Off,False,Bearish Virgin,2.684285714285714,32.4798,,0.23594110342380684,0.9835721682942934,False,False,No setup,0.0,None,None,0,No active J-Curve setup.,Neutral,0,Not applicable,No directional setup; confirmation score not applicable.,Wide CPR,Wide Upside Watch,Watch,Wide CPR + close above CPR; trend opposes; participation light
EXXARO,EQ,EXXARO TILES LIMITED,7.99,8.22,7.86,8.22,1793629,14690820.64,20260227,7.84,7.31,7.83,7.659999999999999,7.574999999999999,7.744999999999999,7.744999999999999,7.574999999999999,0.16999999999999993,2.1711366538952737,Wide,Bullish,Above CPR,Cash Only,Diversified,False,False,False,0.9302325581395349,44,2363873.15,False,False,Higher,True,Risk Off,False,Bullish Virgin,0.8935714285714287,,,0.19024780175859302,6.21472460990557,False,False,No setup,0.0,None,None,0,No active J-Curve setup.,Neutral,0,Not applicable,No directional setup; confirmation score not applicable.,Wide CPR,Wide Upside Watch,Watch,Wide CPR + close above CPR; trend opposes; participation confirmed
SILLYMONKS,EQ,SILLY MONKS ENTERTAIN LTD,17.51,17.9,17.51,17.59,5282,92738.03,20260227,18.7,17.29,17.43,17.806666666666665,17.994999999999997,17.618333333333332,17.994999999999997,17.618333333333332,0.37666666666666515,2.1610250525913086,Wide,Bearish,Below CPR,Cash Only,Diversified,False,False,False,0.8833333333333333,60,268196.45499999996,False,False,Lower,True,Risk Off,False,Bearish Virgin,2.797857142857143,17.7638,,0.13462684026891272,0.34578395154402775,False,False,No setup,0.0,None,None,0,No active J-Curve setup.,Neutral,0,Not applicable,No directional setup; confirmation score not applicable.,Wide CPR,Wide Downside Watch,Watch,Wide CPR + close below CPR; trend aligned; participation light
VIRINCHI,EQ,VIRINCHI LIMITED,19.4,19.83,19.11,19.71,108438,2112906.31,20260227,19.8,18.25,19.66,19.236666666666665,19.025,19.44833333333333,19.44833333333333,19.025,0.423333333333332,2.1532722956934487,Wide,Bullish,Above CPR,Cash Only,Diversified,False,False,False,0.9433962264150944,54,2099010.68,False,False,Outside,True,Risk Off,False,None,0.8428571428571422,22.566999999999997,,0.5022598870056485,1.0066200854204324,False,False,No setup,0.0,None,None,0,No active J-Curve setup.,Neutral,0,Not applicable,No directional setup; confirmation score not applicable.,Wide CPR,Wide Upside Watch,Watch,Wide CPR + close above CPR; trend opposes; participation confirmed
EMMVEE,EQ,EMMVEE PHOTOVOLTAIC PWR L,192.56,196.8,189.55,195.19,999490,194354700.08,20260227,208.99,188.37,192.56,196.64000000000001,198.68,194.60000000000002,198.68,194.60000000000002,4.079999999999984,2.118820108018272,Wide,Bearish,Inside CPR,Cash Only,Capital Goods,True,False,False,0.9333333333333333,60,421028621.225,False,False,Lower,True,Risk Off,False,Bearish Virgin,10.940714285714284,200.03420000000003,,0.37291897891231823,0.4616187363094629,False,False,No setup,0.0,None,None,0,No active J-Curve setup.,Neutral,0,Not applicable,No directional setup; confirmation score not applicable.,Wide CPR,Wide Consolidation,Watch,Wide CPR + close inside CPR; consolidation/range watch
AYE,EQ,AYE FINANCE LIMITED,125.0,125.0,118.0,119.05,781840,94310594.13,20260227,128.5,117.2,126.84,124.17999999999999,122.85,125.50999999999999,125.50999999999999,122.85,2.6599999999999966,2.0971302428256045,Wide,Bullish,Below CPR,Cash Only,Diversified,False,False,False,0.7777777777777778,10,150087376.46,False,False,Higher,False,Risk Off,False,None,,,,,0.6283712618238406,False,False,No setup,0.0,None,None,0,No active J-Curve setup.,Neutral,0,Not applicable,No directional setup; confirmation score not applicable.,Wide CPR,Wide Downside Watch,Watch,Wide CPR + close below CPR; trend aligned; participation light
STALLION,EQ,STALLION IND FLUOROCHEM L,118.01,128.06,117.2,127.81,1622722,198523536.08,20260227,129.58,121.97,121.97,124.50666666666666,125.775,123.23833333333332,125.775,123.23833333333332,2.53666666666669,2.0797463857232845,Wide,Bearish,Above CPR,Cash Only,Diversified,False,False,False,0.75,60,222345679.74,False,False,Overlapping,True,Risk Off,False,None,10.19714285714286,220.1436,,0.24876249182777846,0.89285987617184,False,False,No setup,0.0,None,None,0,No active J-Curve setup.,Neutral,0,Not applicable,No directional setup; confirmation score not applicable.,Wide CPR,Wide Upside Watch,Watch,Wide CPR + close above CPR; trend opposes; participation light
SAMBHAAV,EQ,SAMBHAAV MEDIA LTD,7.3,7.74,7.3,7.51,11311,83687.65,20260227,7.71,7.02,7.6,7.4433333333333325,7.365,7.521666666666665,7.521666666666665,7.365,0.1566666666666645,2.0614035087719014,Wide,Bullish,Inside CPR,Cash Only,Diversified,False,False,False,0.85,60,727317.315,False,False,Outside,True,Risk Off,False,None,0.8828571428571432,7.860799999999999,,0.177454153182306,0.11506346442474012,False,False,No setup,0.0,None,None,0,No active J-Curve setup.,Neutral,0,Not applicable,No directional setup; confirmation score not applicable.,Wide CPR,Wide Consolidation,Watch,Wide CPR + close inside CPR; consolidation/range watch
STEELXIND,EQ,STEEL EXCHANGE INDIA LTD,8.49,8.87,8.06,8.29,3312605,28479234.28,20260227,8.4,7.75,8.33,8.159999999999998,8.075,8.244999999999997,8.244999999999997,8.075,0.16999999999999815,2.04081632653059,Wide,Bullish,Above CPR,Cash Only,Metals & Mining,False,False,False,0.9833333333333333,60,7312619.6899999995,False,False,Higher,True,Risk Off,False,Bullish Virgin,0.28285714285714286,8.379199999999999,8.827900000000001,0.6010101010100944,3.8945323956810345,False,False,No setup,0.0,None,None,0,No active J-Curve setup.,Neutral,0,Not applicable,No directional setup; confirmation score not applicable.,Wide CPR,Wide Upside Watch,Watch,Wide CPR + close above CPR; trend opposes; participation confirmed
SUVIDHAA,EQ,SUVIDHAA INFOSERVE LTD,3.1,3.1,2.95,3.0,41026,123978.05,20260227,3.16,2.96,2.97,3.03,3.06,2.9999999999999996,3.06,2.9999999999999996,0.0600000000000005,2.0202020202020368,Wide,Bearish,Inside CPR,Cash Only,Diversified,False,False,False,0.9333333333333333,60,252388.90000000002,False,False,Lower,True,Risk Off,False,None,0.20142857142857132,3.2886,,0.29787234042553457,0.49121831427610324,False,False,No setup,0.0,None,None,0,No active J-Curve setup.,Neutral,0,Not applicable,No directional setup; confirmation score not applicable.,Wide CPR,Wide Consolidation,Watch,Wide CPR + close inside CPR; consolidation/range watch
IFBAGRO,EQ,IFB AGRO INDUSTRIES LTD,859.9,884.9,855.7,864.6,19535,16948707.6,20260227,910.0,850.1,854.2,871.4333333333334,880.05,862.8166666666668,880.05,862.8166666666668,17.23333333333312,2.017482244595308,Wide,Bearish,Inside CPR,Cash Only,Chemicals & Fertilizers,False,False,False,0.8166666666666667,60,30705056.25,False,False,Lower,True,Risk Off,False,Bearish Virgin,51.557142857142836,1240.1860000000001,1249.373,0.334256950217046,0.5519842550361718,False,False,No setup,0.0,None,None,0,No active J-Curve setup.,Neutral,0,Not applicable,No directional setup; confirmation score not applicable.,Wide CPR,Wide Consolidation,Watch,Wide CPR + close inside CPR; consolidation/range watch
FUSION,EQ,FUSION FINANCE LIMITED,195.0,195.0,179.5,188.26,2475527,466377997.83,20260227,205.9,189.98,204.09,199.99,197.94,202.04000000000002,202.04000000000002,197.94,4.100000000000023,2.0089176343770014,Wide,Bullish,Below CPR,Cash Only,Diversified,False,False,False,1.0,60,54254879.145,False,False,Higher,True,Risk Off,False,None,8.100000000000007,175.5842,175.36120000000003,0.5061728395061752,8.596056339625637,True,True,No setup,0.0,None,None,0,No active J-Curve setup.,Neutral,0,Not applicable,No directional setup; confirmation score not applicable.,Wide CPR,Wide Downside Watch,Watch,Wide CPR + close below CPR; trend opposes; participation confirmed
CENTRUM,EQ,CENTRUM CAPITAL LIMITED,24.0,25.0,23.7,24.8,249561,6113872.75,20260227,26.09,23.5,24.07,24.55333333333333,24.795,24.31166666666666,24.795,24.31166666666666,0.4833333333333414,2.0080321285140896,Wide,Bearish,Above CPR,Cash Only,Diversified,False,False,False,0.9833333333333333,60,4991192.279999999,False,False,Higher,True,Risk Off,False,None,1.4092857142857143,26.465999999999998,29.2639,0.3429633384017628,1.224932322182547,False,False,No setup,0.0,None,None,0,No active J-Curve setup.,Neutral,0,Not applicable,No directional setup; confirmation score not applicable.,Wide CPR,Wide Upside Watch,Watch,Wide CPR + close above CPR; trend opposes; participation confirmed
SMARTWORKS,EQ,SMARTWORKS COWORKING SP L,402.25,425.0,388.0,410.05,61512,24619298.7,20260227,426.0,399.0,400.45,408.48333333333335,412.5,404.4666666666667,412.5,404.4666666666667,8.033333333333303,2.0060764972738925,Wide,Bearish,Inside CPR,Cash Only,Consumer & Retail,False,False,False,1.0,60,23055427.775,False,False,Lower,True,Risk Off,False,None,17.528571428571418,458.793,498.246,0.45829937516978936,1.0678309220831623,False,False,No setup,0.0,None,None,0,No active J-Curve setup.,Neutral,0,Not applicable,No directional setup; confirmation score not applicable.,Wide CPR,Wide Consolidation,Watch,Wide CPR + close inside CPR; consolidation/range watch
USK,EQ,UDAYSHIVAKUMAR INFRA LTD,29.57,30.2,28.2,28.67,157291,4612353.52,20260227,30.84,28.01,28.57,29.14,29.425,28.855,29.425,28.855,0.5700000000000003,1.9950997549877503,Wide,Bearish,Below CPR,Cash Only,Diversified,False,False,False,0.95,60,1027518.77,False,False,Lower,True,Risk Off,False,None,1.9849999999999994,23.0214,24.631,0.2871536523929473,4.488826535013078,True,True,No setup,0.0,None,None,0,No active J-Curve setup.,Neutral,0,Not applicable,No directional setup; confirmation score not applicable.,Wide CPR,Wide Downside Watch,Watch,Wide CPR + close below CPR; trend opposes; participation confirmed
ZAGGLE,EQ,ZAGGLE PREPA OCEAN SER L,232.5,239.0,226.05,227.55,2988981,689143402.7,20260227,234.45,217.1,232.7,228.08333333333334,225.77499999999998,230.3916666666667,230.3916666666667,225.77499999999998,4.616666666666731,1.983956453230224,Wide,Bullish,Inside CPR,Cash Only,Diversified,False,False,False,0.9666666666666667,60,228953673.45,False,False,Higher,True,Risk Off,False,Bullish Virgin,15.128571428571423,300.039,332.58099999999996,0.3051621026125319,3.009968751824803,False,False,No setup,0.0,None,None,0,No active J-Curve setup.,Neutral,0,Not applicable,No directional setup; confirmation score not applicable.,Wide CPR,Wide Consolidation,Watch,Wide CPR + close inside CPR; consolidation/range watch
PARAGMILK,EQ,PARAG MILK FOODS LTD.,207.75,209.8,201.5,202.45,995894,203620722.35,20260227,209.5,193.7,207.75,203.65,201.6,205.70000000000002,205.70000000000002,201.6,4.100000000000023,1.9735258724428508,Wide,Bullish,Inside CPR,Cash Only,Diversified,False,False,False,1.0,60,175623201.89999998,False,False,Higher,True,Risk Off,False,Bullish Virgin,9.689285714285718,257.68699999999995,285.973,0.42314780685588127,1.1594181187172627,False,False,No setup,0.0,None,None,0,No active J-Curve setup.,Neutral,0,Not applicable,No directional setup; confirmation score not applicable.,Wide CPR,Wide Consolidation,Watch,Wide CPR + close inside CPR; consolidation/range watch
CUBEXTUB,EQ,CUBEX TUBINGS LTD,107.5,108.4,106.0,106.15,57724,6173799.22,20260227,113.0,105.5,106.11,108.20333333333333,109.25,107.15666666666667,109.25,107.15666666666667,2.0933333333333337,1.9727955266547297,Wide,Bearish,Below CPR,Cash Only,Diversified,False,False,False,0.85,60,20825420.15,False,False,Outside,True,Risk Off,False,None,5.6371428571428615,110.18519999999998,,0.37134651123500567,0.296454965879764,False,False,No setup,0.0,None,None,0,No active J-Curve setup.,Neutral,0,Not applicable,No directional setup; confirmation score not applicable.,Wide CPR,Wide Downside Watch,Watch,Wide CPR + close below CPR; trend aligned; participation light
PRUDMOULI,EQ,PRUDENTIAL SUGAR CORPORAT,17.99,17.99,17.03,17.5,8580,150001.08,20260227,17.65,15.99,17.33,16.99,16.82,17.159999999999997,17.159999999999997,16.82,0.3399999999999963,1.9619157530294078,Wide,Bullish,Above CPR,Cash Only,Diversified,False,False,False,0.7666666666666667,60,393849.705,False,False,Higher,True,Risk Off,False,Bullish Virgin,1.2907142857142855,19.3242,22.375500000000002,0.26342003320420304,0.3808586831365025,False,False,No setup,0.0,None,None,0,No active J-Curve setup.,Neutral,0,Not applicable,No directional setup; confirmation score not applicable.,Wide CPR,Wide Upside Watch,Watch,Wide CPR + close above CPR; trend opposes; participation light
VIKRAMSOLR,EQ,VIKRAM SOLAR LIMITED,166.6,175.54,162.1,173.89,8495096,1435733945.84,20260227,178.0,163.08,165.74,168.94000000000003,170.54000000000002,167.34000000000003,170.54000000000002,167.34000000000003,3.1999999999999886,1.9307348859659637,Wide,Bearish,Above CPR,Cash Only,Diversified,False,False,False,0.9666666666666667,60,212202443.335,False,False,Lower,True,Risk Off,False,None,11.704285714285712,219.60920000000002,259.4211,0.27340412547296383,6.765869060109896,False,False,No setup,0.0,None,None,0,No active J-Curve setup.,Neutral,0,Not applicable,No directional setup; confirmation score not applicable.,Wide CPR,Wide Upside Watch,Watch,Wide CPR + close above CPR; trend opposes; participation confirmed
CTE,EQ,CAMBRIDGE TECH ENTER LTD,28.0,29.97,26.21,28.33,47853,1314850.3,20260227,29.78,27.45,27.81,28.346666666666668,28.615000000000002,28.078333333333333,28.615000000000002,28.078333333333333,0.5366666666666688,1.929761476687051,Wide,Bearish,Inside CPR,Cash Only,Diversified,False,False,False,0.7,60,794585.1799999999,False,False,Lower,True,Risk Off,False,None,2.582142857142857,36.157999999999994,41.454499999999996,0.20783771323190497,1.6547631809594034,False,False,No setup,0.0,None,None,0,No active J-Curve setup.,Neutral,0,Not applicable,No directional setup; confirmation score not applicable.,Wide CPR,Wide Consolidation,Watch,Wide CPR + close inside CPR; consolidation/range watch
BIOFILCHEM,EQ,BIOFIL CHEM & PHARMA LTD,31.41,32.18,31.25,32.04,9109,290483.71,20260227,33.35,31.35,31.44,32.04666666666667,32.35,31.743333333333332,32.35,31.743333333333332,0.6066666666666691,1.929601357082281,Wide,Bearish,Inside CPR,Cash Only,Healthcare & Pharma,False,False,False,0.9,60,406617.635,False,False,Lower,True,Risk Off,False,Bearish Virgin,1.7342857142857144,33.8472,35.9838,0.34980779791323585,0.7143903387269468,False,False,No setup,0.0,None,None,0,No active J-Curve setup.,Neutral,0,Not applicable,No directional setup; confirmation score not applicable.,Wide CPR,Wide Consolidation,Watch,Wide CPR + close inside CPR; consolidation/range watch
PENIND,EQ,PENNAR INDUSTRIES LTD,149.77,150.6,143.5,149.68,1209133,178140928.33,20260227,151.25,140.0,149.92,147.05666666666664,145.625,148.4883333333333,148.4883333333333,145.625,2.863333333333287,1.9099075062255118,Wide,Bullish,Above CPR,Cash Only,Diversified,False,False,False,0.9833333333333333,60,101236131.425,False,False,Higher,True,Risk Off,False,Bullish Virgin,9.463571428571429,177.8226,204.43899999999996,0.302563715500536,1.759657602700616,False,False,No setup,0.0,None,None,0,No active J-Curve setup.,Neutral,0,Not applicable,No directional setup; confirmation score not applicable.,Wide CPR,Wide Upside Watch,Watch,Wide CPR + close above CPR; trend opposes; participation confirmed
AURIONPRO,EQ,AURIONPRO SOLN LTD,864.65,897.7,843.0,888.7,338461,294719206.45,20260227,917.15,861.3,864.65,881.0333333333333,889.2249999999999,872.8416666666667,889.2249999999999,872.8416666666667,16.383333333333212,1.894793654465184,Wide,Bearish,Inside CPR,Cash Only,Diversified,False,False,False,0.95,60,141482462.35000002,False,False,Lower,True,Risk Off,False,None,46.667857142857144,997.9010000000001,1063.3464999999999,0.351062472896097,2.083079425921512,False,False,No setup,0.0,None,None,0,No active J-Curve setup.,Neutral,0,Not applicable,No directional setup; confirmation score not applicable.,Wide CPR,Wide Consolidation,Watch,Wide CPR + close inside CPR; consolidation/range watch
MANKIND,EQ,MANKIND PHARMA LIMITED,2261.1,2275.0,2235.0,2247.6,794739,1788081360.9,20260227,2284.9,2145.9,2279.7,2236.8333333333335,2215.4,2258.266666666667,2258.266666666667,2215.4,42.86666666666679,1.8803643754295212,Wide,Bullish,Inside CPR,Cash Only,Healthcare,True,False,False,1.0,60,660568166.55,False,False,Higher,True,Risk Off,False,Bullish Virgin,47.67857142857148,2142.644,2227.679,0.8990761548064935,2.70688393938017,True,True,No setup,0.0,None,None,0,No active J-Curve setup.,Neutral,0,Not applicable,No directional setup; confirmation score not applicable.,Wide CPR,Wide Consolidation,Watch,Wide CPR + close inside CPR; consolidation/range watch
PALREDTEC,EQ,PALRED TECHNOLOGIES LTD,34.04,34.95,32.34,32.55,5468,179917.38,20260227,36.27,33.73,34.04,34.68,35.0,34.36,35.0,34.36,0.6400000000000006,1.880141010575795,Wide,Bearish,Below CPR,Cash Only,Diversified,False,False,False,0.7,60,283984.58499999996,False,False,Lower,True,Risk Off,False,Bearish Virgin,2.5242857142857145,40.239200000000004,,0.25353706847764595,0.6335462891410111,False,False,No setup,0.0,None,None,0,No active J-Curve setup.,Neutral,0,Not applicable,No directional setup; confirmation score not applicable.,Wide CPR,Wide Downside Watch,Watch,Wide CPR + close below CPR; trend aligned; participation light
KNAGRI,EQ,KN AGRI RESOURCES LIMITED,174.0,179.77,174.0,179.77,23496,4158100.28,20260227,186.0,166.0,171.21,174.40333333333334,176.0,172.80666666666667,176.0,172.80666666666667,3.193333333333328,1.8651558514884223,Wide,Bearish,Above CPR,Cash Only,Diversified,False,False,False,0.9090909090909091,56,2482881.81,False,False,Lower,True,Risk Off,False,Bearish Virgin,16.887857142857147,181.1096,,0.18909049894965352,1.6747072950685478,False,False,No setup,0.0,None,None,0,No active J-Curve setup.,Neutral,0,Not applicable,No directional setup; confirmation score not applicable.,Wide CPR,Wide Upside Watch,Watch,Wide CPR + close above CPR; trend opposes; participation confirmed
PUNJABCHEM,EQ,PUNJAB CHEM & CROP PROT L,1141.7,1195.0,1101.0,1183.6,13611,15715406.6,20260227,1155.9,1064.7,1141.7,1120.7666666666667,1110.3000000000002,1131.2333333333331,1131.2333333333331,1110.3000000000002,20.93333333333294,1.8335231088143067,Wide,Bullish,Above CPR,Cash Only,Chemicals & Fertilizers,False,False,False,0.95,60,8176251.6,False,False,Higher,True,Risk Off,False,Bullish Virgin,52.94285714285717,1127.886,1232.95,0.3953948551897747,1.9220796238706745,True,False,No setup,0.0,None,None,0,No active J-Curve setup.,Neutral,0,Not applicable,No directional setup; confirmation score not applicable.,Wide CPR,Wide Upside Watch,Watch,Wide CPR + close above CPR; trend mixed; participation confirmed
NPST,EQ,NETWORK PEOPLE SRV TECH L,1146.8,1190.3,1132.4,1168.5,44282,51867695.5,20260227,1180.0,1033.0,1137.7,1116.8999999999999,1106.5,1127.2999999999997,1127.2999999999997,1106.5,20.799999999999727,1.8282499780258175,Wide,Bullish,Above CPR,Cash Only,Diversified,False,False,False,0.9166666666666666,60,20600673.3,False,False,Lower,True,Risk Off,False,None,87.82142857142858,1310.308,1519.634,0.23684424562830106,2.5177670042464095,False,False,No setup,0.0,None,None,0,No active J-Curve setup.,Neutral,0,Not applicable,No directional setup; confirmation score not applicable.,Wide CPR,Wide Upside Watch,Watch,Wide CPR + close above CPR; trend opposes; participation confirmed
KANORICHEM,EQ,KANORIA CHEMICALS & INDUS,67.32,69.22,66.63,68.53,14928,1014133.17,20260227,71.4,66.91,67.31,68.54,69.155,67.92500000000001,69.155,67.92500000000001,1.2299999999999898,1.827365918882766,Wide,Bearish,Inside CPR,Cash Only,Chemicals & Fertilizers,False,False,False,1.0,60,951757.085,False,False,Lower,True,Risk Off,False,Bearish Virgin,3.32857142857143,73.595,75.3078,0.36952789699570493,1.0655378205038526,False,False,No setup,0.0,None,None,0,No active J-Curve setup.,Neutral,0,Not applicable,No directional setup; confirmation score not applicable.,Wide CPR,Wide Consolidation,Watch,Wide CPR + close inside CPR; consolidation/range watch
KAMDHENU,EQ,KAMDHENU LIMITED,23.0,23.5,22.61,22.98,2277204,52590151.98,20260227,23.3,21.25,22.9,22.48333333333333,22.275,22.691666666666663,22.691666666666663,22.275,0.4166666666666643,1.8195050946142548,Wide,Bullish,Above CPR,Cash Only,Diversified,False,False,False,0.85,60,24770107.42,False,False,Higher,True,Risk Off,False,Bullish Virgin,1.2528571428571436,22.6374,24.7876,0.33257316609653914,2.123129750238281,True,False,No setup,0.0,None,None,0,No active J-Curve setup.,Neutral,0,Not applicable,No directional setup; confirmation score not applicable.,Wide CPR,Wide Upside Watch,Watch,Wide CPR + close above CPR; trend mixed; participation confirmed
DAVANGERE,EQ,DAVANGERE SUGAR COMPANY L,4.1,4.13,4.05,4.07,5358296,21947931.0,20260227,4.33,4.05,4.08,4.153333333333333,4.1899999999999995,4.116666666666667,4.1899999999999995,4.116666666666667,0.07333333333333236,1.797385620915009,Wide,Bearish,Below CPR,Cash Only,Diversified,False,False,False,0.7666666666666667,60,41452626.175,False,False,Overlapping,True,Risk Off,False,Bearish Virgin,0.2828571428571429,4.28,4.016,0.25925925925925575,0.529470217576631,False,True,No setup,0.0,None,None,0,No active J-Curve setup.,Neutral,0,Not applicable,No directional setup; confirmation score not applicable.,Wide CPR,Wide Downside Watch,Watch,Wide CPR + close below CPR; trend mixed; participation light
MAZDA,EQ,MAZDA LIMITED,200.1,206.8,196.11,197.39,13179,2630483.59,20260227,215.5,203.1,203.82,207.47333333333336,209.3,205.6466666666667,209.3,205.6466666666667,3.6533333333333076,1.7924312301703993,Wide,Bearish,Below CPR,Cash Only,Diversified,False,False,False,0.9666666666666667,60,2912738.795,False,False,Higher,True,Risk Off,False,None,11.201428571428567,209.3272,233.1369,0.3261488755685903,0.903096286737239,False,False,No setup,0.0,None,None,0,No active J-Curve setup.,Neutral,0,Not applicable,No directional setup; confirmation score not applicable.,Wide CPR,Wide Downside Watch,Watch,Wide CPR + close below CPR; trend aligned; participation light
ANIKINDS,EQ,ANIK INDUSTRIES LTD,46.99,47.15,46.01,46.22,8687,405119.71,20260227,48.9,45.4,45.92,46.74,47.15,46.330000000000005,47.15,46.330000000000005,0.8199999999999932,1.7857142857142707,Wide,Bearish,Below CPR,Cash Only,Diversified,False,False,False,0.8333333333333334,60,903790.35,False,False,Outside,True,Risk Off,False,None,2.7514285714285713,49.035999999999994,58.4594,0.2980269989615759,0.44824522634037867,False,False,No setup,0.0,None,None,0,No active J-Curve setup.,Neutral,0,Not applicable,No directional setup; confirmation score not applicable.,Wide CPR,Wide Downside Watch,Watch,Wide CPR + close below CPR; trend aligned; participation light
CHOLAFIN,EQ,CHOLAMANDALAM IN & FIN CO,1740.0,1752.5,1722.4,1730.8,1844360,3203912793.3,20260227,1774.6,1628.0,1748.1,1716.8999999999999,1701.3,1732.4999999999998,1732.4999999999998,1701.3,31.199999999999818,1.7847949201990632,Wide,Bullish,Inside CPR,Cash Only,Financial Services,True,False,False,1.0,60,2288018441.4,False,False,Lower,True,Risk Off,False,None,46.52142857142859,1701.348,1698.7990000000002,0.6706586826347264,1.4003002490397671,True,True,No setup,0.0,None,None,0,No active J-Curve setup.,Neutral,0,Not applicable,No directional setup; confirmation score not applicable.,Wide CPR,Wide Consolidation,Watch,Wide CPR + close inside CPR; consolidation/range watch
KAUSHALYA,EQ,KAUSHALYA INFRA DEV LTD.,883.05,914.5,864.0,897.0,416,372151.95,20260227,904.0,834.55,893.05,877.1999999999999,869.275,885.1249999999999,885.1249999999999,869.275,15.849999999999909,1.7748166396058351,Wide,Bullish,Above CPR,Cash Only,Diversified,False,False,False,0.95,60,384312.75,False,False,Higher,True,Risk Off,False,Bullish Virgin,49.132142857142874,858.143,,0.3225994039398105,0.9683570217225425,True,False,No setup,0.0,None,None,0,No active J-Curve setup.,Neutral,0,Not applicable,No directional setup; confirmation score not applicable.,Wide CPR,Wide Upside Watch,Watch,Wide CPR + close above CPR; trend mixed; participation light
TRU,EQ,TRUCAP FINANCE LIMITED,6.99,6.99,6.5,6.67,115625,768520.47,20260227,6.9,6.28,6.77,6.6499999999999995,6.59,6.709999999999999,6.709999999999999,6.59,0.11999999999999922,1.7725258493352916,Wide,Bullish,Inside CPR,Cash Only,Diversified,False,False,False,0.7666666666666667,60,972113.345,False,False,Higher,True,Risk Off,False,None,0.5292857142857145,7.4079999999999995,8.3778,0.2267206477732778,0.7905667317014355,False,False,No setup,0.0,None,None,0,No active J-Curve setup.,Neutral,0,Not applicable,No directional setup; confirmation score not applicable.,Wide CPR,Wide Consolidation,Watch,Wide CPR + close inside CPR; consolidation/range watch
NRL,EQ,NUPUR RECYCLERS LIMITED,52.44,53.98,51.11,53.1,56515,2959322.22,20260227,54.2,51.21,51.34,52.25,52.705,51.795,52.705,51.795,0.9099999999999966,1.7724970783015124,Wide,Bearish,Above CPR,Cash Only,Diversified,False,False,False,0.95,60,1955609.25,False,False,Outside,True,Risk Off,False,None,2.3057142857142865,54.44259999999999,59.479,0.394671623296157,1.5132482217498204,False,False,No setup,0.0,None,None,0,No active J-Curve setup.,Neutral,0,Not applicable,No directional setup; confirmation score not applicable.,Wide CPR,Wide Upside Watch,Watch,Wide CPR + close above CPR; trend opposes; participation confirmed
HGM,EQ,HANDSON GBL MNGMNT LTD,53.83,56.99,53.5,55.58,5619,309142.04,20260227,57.19,54.0,54.17,55.120000000000005,55.595,54.64500000000001,55.595,54.64500000000001,0.9499999999999886,1.7537382314934256,Wide,Bearish,Inside CPR,Cash Only,Diversified,False,False,False,0.8333333333333334,60,300675.45499999996,False,False,Lower,True,Risk Off,False,None,3.5935714285714284,62.264,,0.2643609620353775,1.0281585505541182,False,False,No setup,0.0,None,None,0,No active J-Curve setup.,Neutral,0,Not applicable,No directional setup; confirmation score not applicable.,Wide CPR,Wide Consolidation,Watch,Wide CPR + close inside CPR; consolidation/range watch
TECILCHEM,EQ,TECIL CHEMICALS,13.99,13.99,12.24,13.51,5303,70466.98,20260227,13.84,12.53,13.54,13.303333333333333,13.184999999999999,13.421666666666667,13.421666666666667,13.184999999999999,0.23666666666666814,1.7479074347612125,Wide,Bullish,Above CPR,Cash Only,Chemicals & Fertilizers,False,False,False,0.5833333333333334,60,35867.985,False,False,Higher,True,Risk Off,False,None,1.8492857142857138,16.412,,0.1279773400283258,1.964620538343595,False,False,No setup,0.0,None,None,0,No active J-Curve setup.,Neutral,0,Not applicable,No directional setup; confirmation score not applicable.,Wide CPR,Wide Upside Watch,Watch,Wide CPR + close above CPR; trend opposes; participation confirmed
SAMPANN,EQ,SAMPANN UTPADAN INDIA LTD,29.4,30.45,28.51,29.91,27998,832096.64,20260227,31.2,29.2,29.43,29.94333333333333,30.2,29.686666666666664,30.2,29.686666666666664,0.5133333333333354,1.7442518971571028,Wide,Bearish,Inside CPR,Cash Only,Diversified,False,False,False,0.9166666666666666,60,1178650.405,False,False,Lower,True,Risk Off,False,None,1.772142857142857,32.3586,33.6036,0.2896681445653646,0.7059740839778527,False,False,No setup,0.0,None,None,0,No active J-Curve setup.,Neutral,0,Not applicable,No directional setup; confirmation score not applicable.,Wide CPR,Wide Consolidation,Watch,Wide CPR + close inside CPR; consolidation/range watch
PNC,EQ,PRITISH NANDY COMMUNICATI,23.42,24.5,23.39,23.48,2347,55772.77,20260227,25.01,22.99,23.39,23.796666666666667,24.0,23.593333333333334,24.0,23.593333333333334,0.4066666666666663,1.738634744192673,Wide,Bearish,Below CPR,Cash Only,Diversified,False,False,False,0.8333333333333334,60,133983.02000000002,False,False,Lower,True,Risk Off,False,None,1.305714285714286,25.5812,,0.31145149525893473,0.4162674494126195,False,False,No setup,0.0,None,None,0,No active J-Curve setup.,Neutral,0,Not applicable,No directional setup; confirmation score not applicable.,Wide CPR,Wide Downside Watch,Watch,Wide CPR + close below CPR; trend aligned; participation light
DALMIASUG,EQ,DALMIA BHARAT SUG IN LTD,299.0,307.9,296.05,302.05,153084,46402476.35,20260227,301.0,280.0,298.25,293.0833333333333,290.5,295.66666666666663,295.66666666666663,290.5,5.166666666666629,1.7323274657725496,Wide,Bullish,Above CPR,Cash Only,Diversified,False,False,False,1.0,60,14621251.0,False,False,Higher,True,Risk Off,False,Bullish Virgin,9.449999999999989,288.922,312.811,0.5467372134038767,3.1736324306312778,True,False,No setup,0.0,None,None,0,No active J-Curve setup.,Neutral,0,Not applicable,No directional setup; confirmation score not applicable.,Wide CPR,Wide Upside Watch,Watch,Wide CPR + close above CPR; trend mixed; participation confirmed
SHIVALIK,EQ,SHIVALIK RASAYAN LIMITED,291.05,292.4,283.25,288.35,46260,13227402.4,20260227,294.9,275.0,292.5,287.46666666666664,284.95,289.9833333333333,289.9833333333333,284.95,5.033333333333303,1.7207977207977103,Wide,Bullish,Inside CPR,Cash Only,Diversified,False,False,False,0.9833333333333333,60,8764466.9,False,False,Higher,True,Risk Off,False,Bullish Virgin,17.564285714285717,323.059,368.144,0.2865663548868086,1.5092078675087472,False,False,No setup,0.0,None,None,0,No active J-Curve setup.,Neutral,0,Not applicable,No directional setup; confirmation score not applicable.,Wide CPR,Wide Consolidation,Watch,Wide CPR + close inside CPR; consolidation/range watch
GPTINFRA,EQ,GPT INFRAPROJECTS LTD,124.0,126.26,122.25,124.02,159401,19807570.04,20260227,131.0,123.35,124.04,126.13,127.175,125.085,127.175,125.085,2.0900000000000034,1.6849403418252202,Wide,Bearish,Below CPR,Cash Only,Real Estate & Infra,False,False,False,0.9166666666666666,60,21411456.53,False,False,Higher,True,Risk Off,False,None,6.655,110.69619999999999,109.086,0.31404958677686,0.9250921352429824,True,True,No setup,0.0,None,None,0,No active J-Curve setup.,Neutral,0,Not applicable,No directional setup; confirmation score not applicable.,Wide CPR,Wide Downside Watch,Watch,Wide CPR + close below CPR; trend opposes; participation light
VIKASECO,EQ,VIKAS ECOTECH LIMITED,1.41,1.42,1.38,1.39,1515695,2108335.32,20260227,1.49,1.36,1.39,1.4133333333333333,1.425,1.4016666666666666,1.425,1.4016666666666666,0.023333333333333428,1.6786570743405345,Wide,Bearish,Below CPR,Cash Only,Diversified,False,False,False,0.9666666666666667,60,3287753.74,False,False,Lower,True,Risk Off,False,Bearish Virgin,0.05000000000000003,1.5756000000000001,1.6731,0.4666666666666683,0.6412692332607611,False,False,No setup,0.0,None,None,0,No active J-Curve setup.,Neutral,0,Not applicable,No directional setup; confirmation score not applicable.,Wide CPR,Wide Downside Watch,Watch,Wide CPR + close below CPR; trend aligned; participation light
UTTAMSUGAR,EQ,UTTAM SUGAR MILLS LTD.,196.66,209.32,196.23,198.29,351042,71419955.29,20260227,198.8,185.31,196.99,193.70000000000002,192.055,195.34500000000003,195.34500000000003,192.055,3.2900000000000205,1.6701355398751307,Wide,Bullish,Above CPR,Cash Only,FMCG & Food Products,False,False,False,0.95,60,10537205.260000002,False,False,Higher,True,Risk Off,False,Bullish Virgin,8.280714285714284,227.2446,235.3594,0.39730872077978346,6.777884033550657,False,False,No setup,0.0,None,None,0,No active J-Curve setup.,Neutral,0,Not applicable,No directional setup; confirmation score not applicable.,Wide CPR,Wide Upside Watch,Watch,Wide CPR + close above CPR; trend opposes; participation confirmed
PRAKASHSTL,EQ,PRAKASH STEELAGE LTD,4.59,4.59,4.37,4.37,88097,388915.87,20260227,4.63,4.41,4.41,4.483333333333333,4.52,4.446666666666667,4.52,4.446666666666667,0.07333333333333236,1.6628873771730697,Wide,Bearish,Below CPR,Cash Only,Diversified,False,False,False,0.9166666666666666,60,993745.755,False,False,Higher,True,Risk Off,False,None,0.5485714285714286,4.6782,5.0579,0.13368055555555378,0.39136355354795954,False,False,No setup,0.0,None,None,0,No active J-Curve setup.,Neutral,0,Not applicable,No directional setup; confirmation score not applicable.,Wide CPR,Wide Downside Watch,Watch,Wide CPR + close below CPR; trend aligned; participation light
DATAPATTNS,EQ,DATA PATTERNS INDIA LTD,3230.0,3309.9,3161.1,3210.2,967561,3108936155.8,20260227,3280.0,3046.0,3243.6,3189.866666666667,3163.0,3216.7333333333336,3216.7333333333336,3163.0,53.733333333333576,1.656595552267036,Wide,Bullish,Inside CPR,Cash Only,Capital Goods,True,False,False,0.9166666666666666,60,1104615964.95,False,False,Higher,True,Risk Off,False,Bullish Virgin,131.22857142857137,2675.342,2742.0760000000005,0.4094636766093351,2.8144950412161793,True,True,No setup,0.0,None,None,0,No active J-Curve setup.,Neutral,0,Not applicable,No directional setup; confirmation score not applicable.,Wide CPR,Wide Consolidation,Watch,Wide CPR + close inside CPR; consolidation/range watch
ROSSELLIND,EQ,ROSSELL INDIA LIMITED,48.0,49.5,46.01,48.2,46431,2216251.8,20260227,47.7,45.0,47.52,46.74,46.35,47.13,47.13,46.35,0.7800000000000011,1.6414141414141437,Wide,Bullish,Above CPR,Cash Only,Diversified,False,False,False,0.9666666666666667,60,1311856.1,False,False,Higher,True,Risk Off,False,Bullish Virgin,2.294285714285715,46.498599999999996,53.09450000000001,0.33997509339975135,1.6894016043375486,True,False,No setup,0.0,None,None,0,No active J-Curve setup.,Neutral,0,Not applicable,No directional setup; confirmation score not applicable.,Wide CPR,Wide Upside Watch,Watch,Wide CPR + close above CPR; trend mixed; participation confirmed
VIDYAWIRES,EQ,VIDYA WIRES LIMITED,53.75,54.8,52.66,53.43,3096501,166695949.19,20260227,54.0,50.86,53.75,52.870000000000005,52.43,53.31000000000001,53.31000000000001,52.43,0.8800000000000097,1.6372093023255996,Wide,Bullish,Above CPR,Cash Only,Diversified,False,False,False,0.9814814814814815,55,82382169.95,False,False,Higher,True,Risk Off,False,Bullish Virgin,1.950714285714287,48.917199999999994,,0.45111680703039647,2.0234469338592604,True,False,No setup,0.0,None,None,0,No active J-Curve setup.,Neutral,0,Not applicable,No directional setup; confirmation score not applicable.,Wide CPR,Wide Upside Watch,Watch,Wide CPR + close above CPR; trend mixed; participation confirmed
PREMEXPLN,EQ,PREMIER EXPLOSIVES LTD,537.0,546.5,527.75,537.65,255174,137241974.3,20260227,544.0,513.2,541.9,533.0333333333333,528.6,537.4666666666666,537.4666666666666,528.6,8.86666666666656,1.6362182444485258,Wide,Bullish,Above CPR,Cash Only,Diversified,False,False,False,0.9333333333333333,60,92843655.1,False,False,Higher,True,Risk Off,False,Bullish Virgin,22.97499999999999,499.662,540.851,0.3859267319550191,1.4782052058611814,True,False,No setup,0.0,None,None,0,No active J-Curve setup.,Neutral,0,Not applicable,No directional setup; confirmation score not applicable.,Wide CPR,Wide Upside Watch,Watch,Wide CPR + close above CPR; trend mixed; participation confirmed
YATRA,EQ,YATRA ONLINE LIMITED,120.0,123.68,117.51,118.6,3631479,437096487.43,20260227,121.95,111.38,119.6,117.64333333333332,116.66499999999999,118.62166666666664,118.62166666666664,116.66499999999999,1.9566666666666492,1.6360089186175997,Wide,Bullish,Inside CPR,Cash Only,Diversified,False,False,False,0.8666666666666667,60,200591019.785,False,False,Higher,True,Risk Off,False,Bullish Virgin,13.059285714285712,157.077,161.7206,0.1498295319878198,2.1790431490826174,False,False,No setup,0.0,None,None,0,No active J-Curve setup.,Neutral,0,Not applicable,No directional setup; confirmation score not applicable.,Wide CPR,Wide Consolidation,Watch,Wide CPR + close inside CPR; consolidation/range watch
NDGL,EQ,NAGA DHUNSERI GROUP LTD,2679.9,2679.9,2558.5,2590.0,101,263419.9,20260227,2587.3,2462.1,2587.3,2545.5666666666666,2524.7,2566.4333333333334,2566.4333333333334,2524.7,41.733333333333576,1.6130071245442574,Wide,Bullish,Above CPR,Cash Only,Diversified,False,False,False,0.9,60,592074.6,False,False,Outside,True,Risk Off,False,Bullish Virgin,115.57142857142864,2690.552,3131.5039999999995,0.36110424392254,0.4449099826271893,False,False,No setup,0.0,None,None,0,No active J-Curve setup.,Neutral,0,Not applicable,No directional setup; confirmation score not applicable.,Wide CPR,Wide Upside Watch,Watch,Wide CPR + close above CPR; trend opposes; participation light
AROGRANITE,EQ,ARO GRANITE IND. LTD.,27.16,27.78,26.21,26.64,14875,400578.36,20260227,28.4,26.25,26.68,27.11,27.325,26.895,27.325,26.895,0.4299999999999997,1.6116941529235373,Wide,Bearish,Below CPR,Cash Only,Diversified,False,False,False,0.85,60,412104.525,False,False,Overlapping,True,Risk Off,False,None,1.8114285714285714,29.287200000000002,31.6146,0.2373817034700314,0.9720309671435905,False,False,No setup,0.0,None,None,0,No active J-Curve setup.,Neutral,0,Not applicable,No directional setup; confirmation score not applicable.,Wide CPR,Wide Downside Watch,Watch,Wide CPR + close below CPR; trend aligned; participation light
STYLEBAAZA,EQ,BAAZAR STYLE RETAIL LTD,306.0,310.55,301.2,305.15,196054,60112001.6,20260227,320.4,304.2,304.95,309.84999999999997,312.29999999999995,307.4,312.29999999999995,307.4,4.899999999999977,1.6068207902934832,Wide,Bearish,Below CPR,Cash Only,Diversified,False,False,False,0.9166666666666666,60,77731629.4,False,False,Lower,True,Risk Off,False,Bearish Virgin,15.257142857142858,303.416,306.0825,0.3211610486891371,0.7733274352280591,True,False,No setup,0.0,None,None,0,No active J-Curve setup.,Neutral,0,Not applicable,No directional setup; confirmation score not applicable.,Wide CPR,Wide Downside Watch,Watch,Wide CPR + close below CPR; trend mixed; participation light
NEPHROPLUS,EQ,NEPHROCARE HEALTH SERV L,614.3,616.0,586.75,593.8,124914,75049433.85,20260227,614.0,569.75,606.45,596.7333333333333,591.875,601.5916666666667,601.5916666666667,591.875,9.716666666666697,1.6022205732816714,Wide,Bullish,Inside CPR,Cash Only,Diversified,False,False,False,0.9591836734693877,50,105139668.25,False,False,Higher,True,Risk Off,False,Bullish Virgin,28.999999999999982,515.258,,0.3350574712643691,0.7138070254468393,True,False,No setup,0.0,None,None,0,No active J-Curve setup.,Neutral,0,Not applicable,No directional setup; confirmation score not applicable.,Wide CPR,Wide Consolidation,Watch,Wide CPR + close inside CPR; consolidation/range watch
RACE,EQ,RACE ECO CHAIN LIMITED,113.01,121.99,110.71,114.46,6353,729253.07,20260227,120.0,111.28,112.93,114.73666666666668,115.64,113.83333333333336,115.64,113.83333333333336,1.8066666666666436,1.5998110924171112,Wide,Bearish,Inside CPR,Cash Only,Diversified,False,False,False,0.6333333333333333,60,829342.56,False,False,Overlapping,True,Risk Off,False,None,10.99,122.2624,155.1158,0.16439187139823871,0.8793146585893288,False,False,No setup,0.0,None,None,0,No active J-Curve setup.,Neutral,0,Not applicable,No directional setup; confirmation score not applicable.,Wide CPR,Wide Consolidation,Watch,Wide CPR + close inside CPR; consolidation/range watch
MOTOGENFIN,EQ,MOTOR & GENERAL FINANCE L,20.1,21.38,20.1,20.57,3954,82641.8,20260227,22.09,20.59,20.84,21.173333333333332,21.34,21.006666666666664,21.34,21.006666666666664,0.3333333333333357,1.5994881637875995,Wide,Bearish,Below CPR,Cash Only,Diversified,False,False,False,0.8833333333333333,60,293358.03500000003,False,False,Overlapping,True,Risk Off,False,None,1.4685714285714282,22.338800000000003,24.0016,0.22697795071336094,0.28170968625420467,False,False,No setup,0.0,None,None,0,No active J-Curve setup.,Neutral,0,Not applicable,No directional setup; confirmation score not applicable.,Wide CPR,Wide Downside Watch,Watch,Wide CPR + close below CPR; trend aligned; participation light
DPSCLTD,EQ,DPSC LIMITED,9.21,9.45,9.21,9.36,61459,575343.6,20260227,9.77,9.21,9.27,9.416666666666666,9.49,9.343333333333332,9.49,9.343333333333332,0.14666666666666828,1.582164688960823,Wide,Bearish,Inside CPR,Cash Only,Diversified,False,False,False,0.9666666666666667,60,1010578.79,False,False,Lower,True,Risk Off,False,Bearish Virgin,0.5114285714285713,9.487400000000001,10.3517,0.2867783985102453,0.5693208740310095,False,False,No setup,0.0,None,None,0,No active J-Curve setup.,Neutral,0,Not applicable,No directional setup; confirmation score not applicable.,Wide CPR,Wide Consolidation,Watch,Wide CPR + close inside CPR; consolidation/range watch
PVSL,EQ,POPULAR VEHICLES N SER L,90.52,96.0,88.25,93.95,161758,14912374.69,20260227,92.5,84.27,90.51,89.09333333333332,88.38499999999999,89.80166666666665,89.80166666666665,88.38499999999999,1.4166666666666572,1.5652045814458702,Wide,Bullish,Above CPR,Cash Only,Diversified,False,False,False,0.8166666666666667,60,6051956.949999999,False,False,Higher,True,Risk Off,False,Bullish Virgin,6.840000000000001,110.89,125.7233,0.20711500974658728,2.464058289443054,False,False,No setup,0.0,None,None,0,No active J-Curve setup.,Neutral,0,Not applicable,No directional setup; confirmation score not applicable.,Wide CPR,Wide Upside Watch,Watch,Wide CPR + close above CPR; trend opposes; participation confirmed
SUPERSPIN,EQ,SUPER SPINNING MILLS LTD,6.53,6.61,6.25,6.4,14355,92169.91,20260227,6.88,6.2,6.39,6.489999999999999,6.54,6.439999999999999,6.54,6.439999999999999,0.10000000000000142,1.56494522691708,Wide,Bearish,Below CPR,Cash Only,Textiles & Apparel,False,False,False,0.8166666666666667,60,231996.29499999998,False,False,Overlapping,True,Risk Off,False,None,0.5385714285714286,7.7484,8.419,0.18567639257294694,0.3972904394874065,False,False,No setup,0.0,None,None,0,No active J-Curve setup.,Neutral,0,Not applicable,No directional setup; confirmation score not applicable.,Wide CPR,Wide Downside Watch,Watch,Wide CPR + close below CPR; trend aligned; participation light
SUNCLAY,EQ,SUNDARAM CLAYTON LIMITED,1410.0,1478.7,1402.0,1421.7,17200,24746988.7,20260227,1450.0,1350.1,1433.6,1411.2333333333333,1400.05,1422.4166666666667,1422.4166666666667,1400.05,22.366666666666788,1.5601748511904847,Wide,Bullish,Inside CPR,Cash Only,Diversified,False,False,False,0.9,60,10717758.7,False,False,Higher,True,Risk Off,False,Bullish Virgin,53.15714285714288,1271.95,1333.3569999999997,0.42076502732240645,2.308970503319878,True,True,No setup,0.0,None,None,0,No active J-Curve setup.,Neutral,0,Not applicable,No directional setup; confirmation score not applicable.,Wide CPR,Wide Consolidation,Watch,Wide CPR + close inside CPR; consolidation/range watch
VIVIMEDLAB,EQ,VIVIMED LABS LIMITED,7.67,7.89,7.51,7.57,204988,1573625.5,20260227,7.94,7.45,7.52,7.636666666666667,7.695,7.578333333333333,7.695,7.578333333333333,0.11666666666666714,1.5514184397163184,Wide,Bearish,Below CPR,Cash Only,Healthcare & Pharma,False,False,False,0.6046511627906976,44,2362472.6399999997,False,False,Lower,True,Risk Off,False,None,0.5157142857142857,,,0.2262234533702687,0.6660925817113379,False,False,No setup,0.0,None,None,0,No active J-Curve setup.,Neutral,0,Not applicable,No directional setup; confirmation score not applicable.,Wide CPR,Wide Downside Watch,Watch,Wide CPR + close below CPR; trend aligned; participation light
DEVX,EQ,DEV ACCELERATOR LIMITED,45.25,45.25,42.25,43.08,116500,5126286.48,20260227,45.6,42.8,45.25,44.550000000000004,44.2,44.900000000000006,44.900000000000006,44.2,0.7000000000000028,1.546961325966857,Wide,Bullish,Below CPR,Cash Only,Diversified,False,False,False,0.9333333333333333,60,6203287.26,False,False,Higher,True,Risk Off,False,None,1.6628571428571435,40.1752,42.3851,0.42096219931271633,0.8263822494655843,True,True,No setup,0.0,None,None,0,No active J-Curve setup.,Neutral,0,Not applicable,No directional setup; confirmation score not applicable.,Wide CPR,Wide Downside Watch,Watch,Wide CPR + close below CPR; trend opposes; participation light
MOKSH,EQ,MOKSH ORNAMENTS LIMITED,12.83,12.83,12.07,12.48,58781,727951.9,20260227,13.15,12.49,12.53,12.723333333333334,12.82,12.626666666666669,12.82,12.626666666666669,0.19333333333333158,1.5429635541367246,Wide,Bearish,Below CPR,Cash Only,Diversified,False,False,False,0.9,60,1180238.6600000001,False,False,Lower,True,Risk Off,False,Bearish Virgin,0.5171428571428572,14.105200000000002,14.275,0.37384898710865216,0.6167836427252772,False,False,No setup,0.0,None,None,0,No active J-Curve setup.,Neutral,0,Not applicable,No directional setup; confirmation score not applicable.,Wide CPR,Wide Downside Watch,Watch,Wide CPR + close below CPR; trend aligned; participation light
PINELABS,EQ,PINE LABS LIMITED,190.0,194.19,184.33,190.21,835874,159046999.88,20260227,200.0,189.0,190.11,193.03666666666666,194.5,191.57333333333332,194.5,191.57333333333332,2.9266666666666765,1.5394596111023493,Wide,Bearish,Below CPR,Cash Only,Financial Services,True,False,False,0.9333333333333333,60,261536812.12,False,False,Lower,True,Risk Off,False,Bearish Virgin,8.766428571428568,222.7336,,0.3338493712485414,0.6081247170934584,False,False,No setup,0.0,None,None,0,No active J-Curve setup.,Neutral,0,Not applicable,No directional setup; confirmation score not applicable.,Wide CPR,Wide Downside Watch,Watch,Wide CPR + close below CPR; trend aligned; participation light
NATCAPSUQ,EQ,NATURAL CAPSULES LIMITED,155.0,159.29,149.0,153.87,3427,521513.21,20260227,161.35,152.2,153.26,155.60333333333332,156.77499999999998,154.43166666666667,156.77499999999998,154.43166666666667,2.3433333333333053,1.5289921266692585,Wide,Bearish,Below CPR,Cash Only,Diversified,False,False,False,0.75,60,544944.4850000001,False,False,Overlapping,True,Risk Off,False,None,9.43214285714286,170.4584,189.2928,0.24844124700239503,0.9570024550298916,False,False,No setup,0.0,None,None,0,No active J-Curve setup.,Neutral,0,Not applicable,No directional setup; confirmation score not applicable.,Wide CPR,Wide Downside Watch,Watch,Wide CPR + close below CPR; trend aligned; participation light
SUBEXLTD,EQ,SUBEX LTD,9.2,9.27,9.03,9.16,1424618,13023626.1,20260227,9.59,8.98,9.08,9.216666666666667,9.285,9.148333333333333,9.285,9.148333333333333,0.13666666666666671,1.505139500734215,Wide,Bearish,Inside CPR,Cash Only,Diversified,False,False,False,0.9166666666666666,60,15097642.254999999,False,False,Lower,True,Risk Off,False,Bearish Virgin,0.4814285714285716,10.4474,11.539200000000001,0.2838773491592483,0.8626264869726177,False,False,No setup,0.0,None,None,0,No active J-Curve setup.,Neutral,0,Not applicable,No directional setup; confirmation score not applicable.,Wide CPR,Wide Consolidation,Watch,Wide CPR + close inside CPR; consolidation/range watch
LOKESHMACH,EQ,LOKESH MACHINES LTD,184.26,186.29,181.26,185.11,41322,7615520.53,20260227,185.0,175.2,184.26,181.48666666666668,180.1,182.87333333333336,182.87333333333336,180.1,2.773333333333369,1.5051195774087536,Wide,Bullish,Above CPR,Cash Only,Diversified,False,False,False,0.8166666666666667,60,8368720.57,False,False,Outside,True,Risk Off,False,None,6.817142857142855,174.3854,175.23129999999998,0.4068175468007877,0.9099981850630723,True,True,No setup,0.0,None,None,0,No active J-Curve setup.,Neutral,0,Not applicable,No directional setup; confirmation score not applicable.,Wide CPR,Wide Upside Watch,Watch,Wide CPR + close above CPR; trend aligned; participation light
RKDL,EQ,RAVI KUMAR DIST. LTD.,19.16,19.49,18.9,19.09,7636,146230.48,20260227,20.14,19.04,19.16,19.44666666666667,19.59,19.303333333333338,19.59,19.303333333333338,0.28666666666666174,1.4961725817675455,Wide,Bearish,Below CPR,Cash Only,Diversified,False,False,False,0.8,60,285859.025,False,False,Outside,True,Risk Off,False,None,1.051428571428571,21.2192,23.489,0.2726449275362273,0.5115475364123977,False,False,No setup,0.0,None,None,0,No active J-Curve setup.,Neutral,0,Not applicable,No directional setup; confirmation score not applicable.,Wide CPR,Wide Downside Watch,Watch,Wide CPR + close below CPR; trend aligned; participation light
SAKUMA,EQ,SAKUMA EXPORTS LIMITED,1.79,1.86,1.78,1.83,966879,1760863.44,20260227,1.88,1.78,1.79,1.8166666666666667,1.83,1.8033333333333332,1.83,1.8033333333333332,0.02666666666666684,1.4897579143389295,Wide,Bearish,Inside CPR,Cash Only,Diversified,False,False,False,0.9333333333333333,60,2320837.1100000003,False,False,Lower,True,Risk Off,False,None,0.06428571428571428,2.0168,2.241,0.4148148148148175,0.7587190985583644,False,False,No setup,0.0,None,None,0,No active J-Curve setup.,Neutral,0,Not applicable,No directional setup; confirmation score not applicable.,Wide CPR,Wide Consolidation,Watch,Wide CPR + close inside CPR; consolidation/range watch
SUVEN,EQ,SUVEN LIFE SCIENCES LTD,148.12,150.0,145.0,146.07,146280,21502863.02,20260227,155.0,146.0,147.24,149.41333333333333,150.5,148.32666666666665,150.5,148.32666666666665,2.173333333333346,1.4760481753146877,Wide,Bearish,Below CPR,Cash Only,Diversified,False,False,False,0.9166666666666666,60,30833337.045,False,False,Overlapping,True,Risk Off,False,Bearish Virgin,6.734285714285714,154.7748,170.2969,0.3227266298967634,0.6973900680493145,False,False,No setup,0.0,None,None,0,No active J-Curve setup.,Neutral,0,Not applicable,No directional setup; confirmation score not applicable.,Wide CPR,Wide Downside Watch,Watch,Wide CPR + close below CPR; trend aligned; participation light
ARIS,EQ,ARISINFRA SOLUTIONS LTD,115.09,115.09,110.5,111.74,660211,74463684.0,20260227,122.3,112.4,114.81,116.50333333333333,117.35,115.65666666666667,117.35,115.65666666666667,1.693333333333328,1.4749005603460743,Wide,Bearish,Below CPR,Cash Only,Diversified,False,False,False,0.7857142857142857,15,180242012.11,False,False,Higher,False,Risk Off,False,None,7.2007142857142865,,,0.2351618556360142,0.4131316729562224,False,False,No setup,0.0,None,None,0,No active J-Curve setup.,Neutral,0,Not applicable,No directional setup; confirmation score not applicable.,Wide CPR,Wide Downside Watch,Watch,Wide CPR + close below CPR; trend aligned; participation light
SURYODAY,EQ,SURYODAY SMALL FIN BK LTD,125.0,134.0,123.9,132.08,760887,99213456.72,20260227,129.0,117.11,125.83,123.98,123.055,124.905,124.905,123.055,1.8499999999999943,1.4702376221886626,Wide,Bullish,Above CPR,Cash Only,Diversified,False,False,False,0.95,60,19973946.455,False,False,Higher,True,Risk Off,False,Bullish Virgin,4.982857142857143,134.95159999999998,139.0693,0.37127293577981535,4.9671434207316745,False,False,No setup,0.0,None,None,0,No active J-Curve setup.,Neutral,0,Not applicable,No directional setup; confirmation score not applicable.,Wide CPR,Wide Upside Watch,Watch,Wide CPR + close above CPR; trend opposes; participation confirmed
GOKULAGRO,EQ,GOKUL AGRO RESOURCES LTD,169.5,171.45,168.61,169.58,131383,22334415.85,20260227,180.0,169.0,170.78,173.26,174.5,172.01999999999998,174.5,172.01999999999998,2.480000000000018,1.4521606745520659,Wide,Bearish,Below CPR,Cash Only,Chemicals & Fertilizers,False,False,False,0.9666666666666667,60,55188240.535,False,False,Higher,True,Risk Off,False,None,6.4592857142857145,169.93960000000004,190.6184,0.3839433816211462,0.40469519653984387,False,False,No setup,0.0,None,None,0,No active J-Curve setup.,Neutral,0,Not applicable,No directional setup; confirmation score not applicable.,Wide CPR,Wide Downside Watch,Watch,Wide CPR + close below CPR; trend aligned; participation light
FINEORG,EQ,FINE ORGANIC IND. LTD.,4709.3,4748.3,4601.1,4710.3,12974,60583969.8,20260227,4939.9,4683.0,4709.3,4777.400000000001,4811.45,4743.350000000001,4811.45,4743.350000000001,68.09999999999854,1.4460747881850498,Wide,Bearish,Below CPR,Cash Only,Specialty Chemicals,False,False,False,1.0,60,40360240.05,False,False,Lower,True,Risk Off,False,Bearish Virgin,160.49999999999994,4323.0,4393.663,0.42429906542055185,1.5010805120322865,True,True,No setup,0.0,None,None,0,No active J-Curve setup.,Neutral,0,Not applicable,No directional setup; confirmation score not applicable.,Wide CPR,Wide Downside Watch,Watch,Wide CPR + close below CPR; trend opposes; participation confirmed
CINELINE,EQ,CINELINE INDIA LIMITED,88.9,88.9,86.25,88.02,5384,471881.94,20260227,92.0,87.0,87.61,88.87,89.5,88.24000000000001,89.5,88.24000000000001,1.259999999999991,1.438191987216061,Wide,Bearish,Below CPR,Cash Only,Diversified,False,False,False,0.9333333333333333,60,1096795.19,False,False,Overlapping,True,Risk Off,False,None,4.114999999999999,86.07260000000001,86.19359999999999,0.30619684082624327,0.4302370618529062,True,True,No setup,0.0,None,None,0,No active J-Curve setup.,Neutral,0,Not applicable,No directional setup; confirmation score not applicable.,Wide CPR,Wide Downside Watch,Watch,Wide CPR + close below CPR; trend opposes; participation light
KABRAEXTRU,EQ,KABRA EXTRUSION TECHNIK L,273.0,273.0,252.5,256.1,114299,29705497.2,20260227,262.93,250.0,251.07,254.66666666666666,256.46500000000003,252.86833333333328,256.46500000000003,252.86833333333328,3.5966666666667493,1.4325354150901142,Wide,Bearish,Inside CPR,Cash Only,Diversified,False,False,False,0.7333333333333333,60,5211838.775,False,False,Lower,True,Risk Off,False,None,18.218571428571426,228.3718,232.86109999999996,0.19741760108733042,5.699619363225601,True,True,No setup,0.0,None,None,0,No active J-Curve setup.,Neutral,0,Not applicable,No directional setup; confirmation score not applicable.,Wide CPR,Wide Consolidation,Watch,Wide CPR + close inside CPR; consolidation/range watch
INNOVANA,EQ,INNOVANA THINKLABS LTD,423.15,423.7,375.0,403.0,16104,6305533.65,20260227,440.0,411.0,416.55,422.51666666666665,425.5,419.5333333333333,425.5,419.5333333333333,5.966666666666697,1.4324010723002514,Wide,Bearish,Below CPR,Cash Only,Diversified,False,False,False,0.7833333333333333,60,2372415.225,False,False,Lower,True,Risk Off,False,Bearish Virgin,28.414285714285718,397.175,,0.20998826881179927,2.657854149456489,True,False,No setup,0.0,None,None,0,No active J-Curve setup.,Neutral,0,Not applicable,No directional setup; confirmation score not applicable.,Wide CPR,Wide Downside Watch,Watch,Wide CPR + close below CPR; trend mixed; participation confirmed
DEEDEV,EQ,DEE DEVELOPMENT ENG LTD,294.03,308.0,286.0,294.34,21401703,6379970817.28,20260227,309.49,285.55,303.95,299.66333333333336,297.52,301.80666666666673,301.80666666666673,297.52,4.286666666666747,1.4103196797719189,Wide,Bullish,Below CPR,Cash Only,Diversified,False,False,False,0.9166666666666666,60,23590360.71,False,False,Higher,True,Risk Off,False,None,20.502142857142864,216.2716,227.6662,0.2090838356037154,270.4482095763596,True,True,No setup,0.0,None,None,0,No active J-Curve setup.,Neutral,0,Not applicable,No directional setup; confirmation score not applicable.,Wide CPR,Wide Downside Watch,Watch,Wide CPR + close below CPR; trend opposes; participation confirmed
DIVGIITTS,EQ,DIVGI TORQTRANSFER SYST L,749.05,752.0,716.5,722.25,31507,23141156.6,20260227,765.8,715.5,756.6,745.9666666666667,740.65,751.2833333333334,751.2833333333334,740.65,10.63333333333344,1.4054101682967801,Wide,Bullish,Below CPR,Cash Only,Diversified,False,False,False,0.9666666666666667,60,2777588.8499999996,False,False,Higher,True,Risk Off,False,None,48.58214285714285,637.3989999999999,628.6535,0.21887328775515427,8.33138302668518,True,True,No setup,0.0,None,None,0,No active J-Curve setup.,Neutral,0,Not applicable,No directional setup; confirmation score not applicable.,Wide CPR,Wide Downside Watch,Watch,Wide CPR + close below CPR; trend opposes; participation confirmed
PALASHSECU,EQ,PALASH SECURITIES LTD,95.19,95.2,92.2,94.78,234,22158.22,20260227,98.39,92.0,93.23,94.54,95.195,93.88500000000002,95.195,93.88500000000002,1.3099999999999739,1.4051271050090892,Wide,Bearish,Inside CPR,Cash Only,Diversified,False,False,False,0.9166666666666666,60,151090.99,False,False,Outside,True,Risk Off,False,None,4.512857142857144,100.46779999999998,107.97140000000002,0.2902817347261733,0.14665480714634277,False,False,No setup,0.0,None,None,0,No active J-Curve setup.,Neutral,0,Not applicable,No directional setup; confirmation score not applicable.,Wide CPR,Wide Consolidation,Watch,Wide CPR + close inside CPR; consolidation/range watch
AARNAV,EQ,AARNAV FASHIONS LIMITED,28.05,28.29,27.02,27.29,24816,681885.52,20260227,28.98,27.11,27.47,27.853333333333335,28.045,27.66166666666667,28.045,27.66166666666667,0.38333333333333286,1.3954617158111864,Wide,Bearish,Below CPR,Cash Only,Diversified,False,False,False,0.5,3,826631.13,False,False,Overlapping,False,Risk Off,False,None,,,,,0.8248969767204388,False,False,No setup,0.0,None,None,0,No active J-Curve setup.,Neutral,0,Not applicable,No directional setup; confirmation score not applicable.,Wide CPR,Wide Downside Watch,Watch,Wide CPR + close below CPR; trend aligned; participation light
INFOBEAN,EQ,INFOBEANS TECHNO. LTD.,201.65,217.85,201.6,206.25,1311775,277246398.05,20260227,835.9,797.15,799.8,810.9499999999999,816.525,805.3749999999999,816.525,805.3749999999999,11.150000000000091,1.3940985246311692,Wide,Bearish,Below CPR,Cash Only,Information Technology,False,False,False,0.5833333333333334,60,322714009.25,False,False,Overlapping,True,Risk Off,False,Bearish Virgin,101.36428571428571,833.567,709.4835,0.1099992953280257,0.8591086538025774,False,False,No setup,0.0,None,None,0,No active J-Curve setup.,Neutral,0,Not applicable,No directional setup; confirmation score not applicable.,Wide CPR,Wide Downside Watch,Watch,Wide CPR + close below CPR; trend aligned; participation light
ANTELOPUS,EQ,ANTELOPUS SELAN ENRGY LTD,514.8,525.0,506.0,514.65,260316,134703750.9,20260227,542.35,502.8,511.9,519.0166666666668,522.575,515.4583333333335,522.575,515.4583333333335,7.116666666666561,1.3902454906557065,Wide,Bearish,Below CPR,Cash Only,Diversified,False,False,False,0.7,60,100384293.65,False,False,Lower,True,Risk Off,False,Bearish Virgin,37.65357142857143,489.952,489.332,0.18900376236997407,1.3418807465006255,True,True,No setup,0.0,None,None,0,No active J-Curve setup.,Neutral,0,Not applicable,No directional setup; confirmation score not applicable.,Wide CPR,Wide Downside Watch,Watch,Wide CPR + close below CPR; trend opposes; participation confirmed
RUSTOMJEE,EQ,KEYSTONE REALTORS LIMITED,417.35,430.25,401.0,416.75,802688,333882085.85,20260227,429.45,410.0,411.2,416.8833333333334,419.725,414.04166666666674,419.725,414.04166666666674,5.68333333333328,1.3821335927366927,Wide,Bearish,Inside CPR,Cash Only,Diversified,False,False,False,0.9166666666666666,60,13609871.0,False,False,Lower,True,Risk Off,False,None,22.31785714285714,492.934,525.9,0.25465407798580875,24.53234757699026,False,False,No setup,0.0,None,None,0,No active J-Curve setup.,Neutral,0,Not applicable,No directional setup; confirmation score not applicable.,Wide CPR,Wide Consolidation,Watch,Wide CPR + close inside CPR; consolidation/range watch
SHIVAMAUTO,EQ,SHIVAM AUTO.LTD,20.5,20.5,19.55,19.59,33474,660332.52,20260227,21.18,19.73,20.04,20.316666666666666,20.455,20.178333333333335,20.455,20.178333333333335,0.27666666666666373,1.380572188955408,Wide,Bearish,Below CPR,Cash Only,Automobile & Ancillary,False,False,False,0.85,60,1089033.7999999998,False,False,Inside,True,Risk Off,False,None,1.2678571428571423,22.2076,25.3547,0.21821596244131233,0.6063471308236715,False,False,No setup,0.0,None,None,0,No active J-Curve setup.,Neutral,0,Not applicable,No directional setup; confirmation score not applicable.,Wide CPR,Wide Downside Watch,Watch,Wide CPR + close below CPR; trend aligned; participation light
INCREDIBLE,EQ,INCREDIBLE INDUSTRIES LTD,35.06,36.07,34.5,34.98,939,32883.65,20260227,36.97,34.6,35.06,35.54333333333333,35.785,35.30166666666666,35.785,35.30166666666666,0.4833333333333343,1.3785890853774507,Wide,Bearish,Below CPR,Cash Only,Diversified,False,False,False,0.7666666666666667,60,193740.325,False,False,Overlapping,True,Risk Off,False,None,1.616428571428571,37.4744,40.2083,0.29901310944174464,0.16973054009277624,False,False,No setup,0.0,None,None,0,No active J-Curve setup.,Neutral,0,Not applicable,No directional setup; confirmation score not applicable.,Wide CPR,Wide Downside Watch,Watch,Wide CPR + close below CPR; trend aligned; participation light
GLOBE,EQ,GLOBE ENTERPRISE (I) LTD,2.7,2.71,2.65,2.66,206795,553086.97,20260227,2.79,2.66,2.67,2.706666666666667,2.725,2.688333333333334,2.725,2.688333333333334,0.03666666666666618,1.3732833957552877,Wide,Bearish,Below CPR,Cash Only,Diversified,False,False,False,0.7166666666666667,60,2802714.2800000003,False,False,Lower,True,Risk Off,False,Bearish Virgin,0.14499999999999996,2.7694,2.6487,0.2528735632183875,0.1973397623677858,False,True,No setup,0.0,None,None,0,No active J-Curve setup.,Neutral,0,Not applicable,No directional setup; confirmation score not applicable.,Wide CPR,Wide Downside Watch,Watch,Wide CPR + close below CPR; trend mixed; participation light
NDL,EQ,NANDAN DENIM LIMITED,2.67,2.7,2.65,2.67,1101364,2943039.63,20260227,2.79,2.66,2.67,2.706666666666667,2.725,2.688333333333334,2.725,2.688333333333334,0.03666666666666618,1.3732833957552877,Wide,Bearish,Below CPR,Cash Only,Diversified,False,False,False,0.9833333333333333,60,4380190.984999999,False,False,Lower,True,Risk Off,False,Bearish Virgin,0.08642857142857142,2.9168000000000003,3.0425,0.42424242424241865,0.6718975588229974,False,False,No setup,0.0,None,None,0,No active J-Curve setup.,Neutral,0,Not applicable,No directional setup; confirmation score not applicable.,Wide CPR,Wide Downside Watch,Watch,Wide CPR + close below CPR; trend aligned; participation light
BANARBEADS,EQ,BANARAS BEADS LTD,124.0,127.9,118.0,121.59,2586,315071.92,20260227,126.98,120.6,121.3,122.96,123.78999999999999,122.13,123.78999999999999,122.13,1.6599999999999966,1.3685078318219264,Wide,Bearish,Below CPR,Cash Only,Diversified,False,False,False,0.7833333333333333,60,389920.92500000005,False,False,Higher,True,Risk Off,False,None,7.706428571428573,120.95540000000001,129.1412,0.21540457873760263,0.8080405533506568,True,False,No setup,0.0,None,None,0,No active J-Curve setup.,Neutral,0,Not applicable,No directional setup; confirmation score not applicable.,Wide CPR,Wide Downside Watch,Watch,Wide CPR + close below CPR; trend mixed; participation light
DOLPHIN,EQ,DOLPHIN OFF ENT (IND) L,410.45,422.0,397.3,415.35,187039,76530507.05,20260227,429.9,401.2,407.2,412.76666666666665,415.54999999999995,409.98333333333335,415.54999999999995,409.98333333333335,5.566666666666606,1.3670595939750998,Wide,Bearish,Inside CPR,Cash Only,Diversified,False,False,False,0.7,60,9010299.425,False,False,Inside,True,Risk Off,False,None,29.003571428571412,433.098,404.5275,0.1919303862414297,8.493669681793065,False,True,No setup,0.0,None,None,0,No active J-Curve setup.,Neutral,0,Not applicable,No directional setup; confirmation score not applicable.,Wide CPR,Wide Consolidation,Watch,Wide CPR + close inside CPR; consolidation/range watch
GATECH,EQ,GACM TECHNOLOGIES LIMITED,0.49,0.5,0.48,0.49,2447986,1204847.14,20260227,0.51,0.49,0.49,0.49666666666666665,0.5,0.4933333333333333,0.5,0.4933333333333333,0.00666666666666671,1.3605442176870837,Wide,Bearish,Below CPR,Cash Only,Information Technology,False,False,False,0.7166666666666667,60,3551946.955,True,False,Lower,True,Risk Off,False,Bearish Virgin,0.027142857142857166,0.514,0.5697,0.24561403508772067,0.33920752625654,False,False,No setup,0.0,None,None,0,No active J-Curve setup.,Neutral,0,Not applicable,No directional setup; confirmation score not applicable.,Wide CPR,Wide Downside Watch,Watch,Wide CPR + close below CPR; trend aligned; participation light
NIRAJ,EQ,NIRAJ CEMENT STRUC LTD,29.35,30.25,29.31,29.61,25684,766589.01,20260227,30.0,28.64,29.93,29.52333333333333,29.32,29.72666666666666,29.72666666666666,29.32,0.4066666666666592,1.3587259160262586,Wide,Bullish,Inside CPR,Cash Only,Diversified,False,False,False,0.75,60,2734432.1799999997,False,False,Inside,True,Risk Off,False,None,1.8128571428571425,34.6048,34.5646,0.2243236143945323,0.280346689746754,False,False,No setup,0.0,None,None,0,No active J-Curve setup.,Neutral,0,Not applicable,No directional setup; confirmation score not applicable.,Wide CPR,Wide Consolidation,Watch,Wide CPR + close inside CPR; consolidation/range watch
DBREALTY,EQ,VALOR ESTATE LIMITED,112.4,116.23,110.0,113.78,1922045,218350233.61,20260227,116.93,111.06,111.72,113.23666666666668,113.995,112.47833333333335,113.995,112.47833333333335,1.5166666666666515,1.3575605680868703,Wide,Bearish,Inside CPR,Cash Only,Real Estate & Infra,False,False,False,0.95,60,143904834.84,False,False,Higher,True,Risk Off,False,None,5.630714285714286,115.05820000000001,128.22019999999998,0.2693559981394535,1.5173238192641116,False,False,No setup,0.0,None,None,0,No active J-Curve setup.,Neutral,0,Not applicable,No directional setup; confirmation score not applicable.,Wide CPR,Wide Consolidation,Watch,Wide CPR + close inside CPR; consolidation/range watch
NAGREEKEXP,EQ,NAGREEKA EXPORTS LTD.,25.24,25.24,24.52,25.2,1585,39695.08,20260227,26.24,25.06,25.14,25.48,25.65,25.310000000000002,25.65,25.310000000000002,0.3399999999999963,1.3524264120922684,Wide,Bearish,Below CPR,Cash Only,Diversified,False,False,False,0.8666666666666667,60,158982.13,False,False,Overlapping,True,Risk Off,False,None,1.3742857142857143,25.6948,27.0875,0.2474012474012447,0.24968265301263734,False,False,No setup,0.0,None,None,0,No active J-Curve setup.,Neutral,0,Not applicable,No directional setup; confirmation score not applicable.,Wide CPR,Wide Downside Watch,Watch,Wide CPR + close below CPR; trend aligned; participation light
MITTAL,EQ,MITTAL LIFE STYLE LIMITED,1.02,1.02,0.99,1.0,436527,437887.29,20260227,1.03,0.99,0.99,1.0033333333333332,1.01,0.9966666666666664,1.01,0.9966666666666664,0.013333333333333641,1.346801346801378,Wide,Bearish,Inside CPR,Cash Only,Diversified,False,False,False,0.8833333333333333,60,650419.645,False,False,Overlapping,True,Risk Off,False,None,0.03785714285714288,1.0612000000000001,1.2363,0.35220125786164314,0.6732381061460713,False,False,No setup,0.0,None,None,0,No active J-Curve setup.,Neutral,0,Not applicable,No directional setup; confirmation score not applicable.,Wide CPR,Wide Consolidation,Watch,Wide CPR + close inside CPR; consolidation/range watch
DUCON,EQ,DUCON INFRATECHNOLOGIES L,3.16,3.38,3.16,3.31,413863,1349661.98,20260227,3.39,3.18,3.22,3.2633333333333336,3.285,3.241666666666667,3.285,3.241666666666667,0.043333333333333,1.3457556935817703,Wide,Bearish,Above CPR,Cash Only,Diversified,False,False,False,0.8166666666666667,60,1557752.3199999998,False,False,Lower,True,Risk Off,False,None,0.21285714285714288,3.5101999999999998,3.9997999999999996,0.20357941834451743,0.8664162862553144,False,False,No setup,0.0,None,None,0,No active J-Curve setup.,Neutral,0,Not applicable,No directional setup; confirmation score not applicable.,Wide CPR,Wide Upside Watch,Watch,Wide CPR + close above CPR; trend opposes; participation light
SANDUMA,EQ,SANDUR MANG & IRON ORES L,222.0,223.95,214.5,216.08,2918663,641699826.96,20260227,222.0,208.89,219.87,216.92,215.445,218.39499999999998,218.39499999999998,215.445,2.9499999999999886,1.3417019147678122,Wide,Bullish,Inside CPR,Cash Only,Diversified,False,False,False,0.85,60,549510710.1899999,False,False,Higher,True,Risk Off,False,Bullish Virgin,7.7542857142857144,222.54240000000001,216.24760000000003,0.3804347826086942,1.1677658234142962,False,False,No setup,0.0,None,None,0,No active J-Curve setup.,Neutral,0,Not applicable,No directional setup; confirmation score not applicable.,Wide CPR,Wide Consolidation,Watch,Wide CPR + close inside CPR; consolidation/range watch
JYOTISTRUC,EQ,JYOTI STRUCTURES LTD,13.05,13.1,12.41,12.55,7857319,100021644.23,20260227,13.46,11.96,12.97,12.796666666666667,12.71,12.883333333333333,12.883333333333333,12.71,0.173333333333332,1.3364173734258442,Wide,Bullish,Below CPR,Cash Only,Diversified,False,False,False,0.7833333333333333,60,97398075.99000001,False,False,Higher,True,Risk Off,False,Bullish Virgin,0.8157142857142856,10.1418,11.2575,0.21249270286047708,1.0269365509876125,True,True,No setup,0.0,None,None,0,No active J-Curve setup.,Neutral,0,Not applicable,No directional setup; confirmation score not applicable.,Wide CPR,Wide Downside Watch,Watch,Wide CPR + close below CPR; trend opposes; participation confirmed
DWARKESH,EQ,DWARIKESH SUGAR IND LTD,36.4,38.04,36.11,37.3,1317617,49229015.28,20260227,36.8,34.7,36.48,35.99333333333333,35.75,36.236666666666665,36.236666666666665,35.75,0.4866666666666646,1.3340643274853745,Wide,Bullish,Above CPR,Cash Only,Diversified,False,False,False,0.9,60,13802387.465,False,False,Higher,True,Risk Off,False,Bullish Virgin,1.5942857142857148,35.878,38.9167,0.30525686977299743,3.566702891426183,True,False,No setup,0.0,None,None,0,No active J-Curve setup.,Neutral,0,Not applicable,No directional setup; confirmation score not applicable.,Wide CPR,Wide Upside Watch,Watch,Wide CPR + close above CPR; trend mixed; participation confirmed
SHIVAUM,EQ,SHIV AUM STEELS LIMITED,275.0,277.0,275.0,277.0,30,8270.0,20260227,286.0,275.0,275.0,278.6666666666667,280.5,276.83333333333337,280.5,276.83333333333337,3.6666666666666288,1.3333333333333195,Wide,Bearish,Inside CPR,Cash Only,Diversified,False,False,False,0.75,60,13070.8,False,False,Higher,True,Risk Off,False,None,21.04642857142857,299.29,,0.1742179987555839,0.6327080209321542,False,False,No setup,0.0,None,None,0,No active J-Curve setup.,Neutral,0,Not applicable,No directional setup; confirmation score not applicable.,Wide CPR,Wide Consolidation,Watch,Wide CPR + close inside CPR; consolidation/range watch
SIGIND,EQ,SIGNET INDUSTRIES LIMITED,47.0,47.69,45.5,46.8,9673,452078.57,20260227,48.48,45.65,46.15,46.76,47.065,46.455,47.065,46.455,0.6099999999999994,1.32177681473456,Wide,Bearish,Inside CPR,Cash Only,Diversified,False,False,False,0.7833333333333333,60,555880.605,False,False,Overlapping,True,Risk Off,False,None,2.772857142857142,50.3722,52.5621,0.21998969603297258,0.8132655932473125,False,False,No setup,0.0,None,None,0,No active J-Curve setup.,Neutral,0,Not applicable,No directional setup; confirmation score not applicable.,Wide CPR,Wide Consolidation,Watch,Wide CPR + close inside CPR; consolidation/range watch
WALCHANNAG,EQ,WALCHANDNAGAR INDUSTRIES,177.94,180.01,172.0,172.97,570712,100823899.03,20260227,178.34,168.1,176.72,174.38666666666666,173.22,175.5533333333333,175.5533333333333,173.22,2.3333333333333144,1.3203561189074888,Wide,Bullish,Below CPR,Cash Only,Diversified,False,False,False,0.75,60,120793706.37,False,False,Higher,True,Risk Off,False,Bullish Virgin,7.619999999999998,176.6624,172.9559,0.3062117235345558,0.8346784121448264,False,True,No setup,0.0,None,None,0,No active J-Curve setup.,Neutral,0,Not applicable,No directional setup; confirmation score not applicable.,Wide CPR,Wide Downside Watch,Watch,Wide CPR + close below CPR; trend mixed; participation light
PANSARI,EQ,PANSARI DEVELOPERS LTD,303.4,303.4,285.05,303.0,542,163413.1,20260227,302.95,289.65,290.55,294.38333333333327,296.29999999999995,292.4666666666666,296.29999999999995,292.4666666666666,3.8333333333333712,1.3193368898067015,Wide,Bearish,Above CPR,Cash Only,Diversified,False,False,False,0.6666666666666666,60,357334.75,False,False,Overlapping,True,Risk Off,False,None,22.539285714285715,274.37300000000005,,0.17007341678550847,0.457310966817529,True,False,No setup,0.0,None,None,0,No active J-Curve setup.,Neutral,0,Not applicable,No directional setup; confirmation score not applicable.,Wide CPR,Wide Upside Watch,Watch,Wide CPR + close above CPR; trend mixed; participation light
ACCURACY,EQ,ACCURACY SHIPPING LIMITED,4.9,4.94,4.83,4.88,47852,233344.57,20260227,5.08,4.85,4.87,4.933333333333334,4.965,4.901666666666667,4.965,4.901666666666667,0.06333333333333258,1.3004791238877327,Wide,Bearish,Below CPR,Cash Only,Diversified,False,False,False,0.9,60,427370.96499999997,False,False,Outside,True,Risk Off,False,None,0.1842857142857143,5.279,5.791,0.3436692506459907,0.5460000540748013,False,False,No setup,0.0,None,None,0,No active J-Curve setup.,Neutral,0,Not applicable,No directional setup; confirmation score not applicable.,Wide CPR,Wide Downside Watch,Watch,Wide CPR + close below CPR; trend aligned; participation light
SEMAC,EQ,SEMAC CONSTRUCTION LTD,248.0,250.0,236.0,241.65,1743,425810.91,20260227,254.39,235.04,240.06,243.16333333333333,244.71499999999997,241.61166666666668,244.71499999999997,241.61166666666668,3.103333333333296,1.2927323724624245,Wide,Bearish,Inside CPR,Cash Only,Diversified,False,False,False,0.5,60,436979.245,False,False,Lower,True,Risk Off,False,None,17.615,271.9832,,0.17617560790992315,0.9744419554754825,False,False,No setup,0.0,None,None,0,No active J-Curve setup.,Neutral,0,Not applicable,No directional setup; confirmation score not applicable.,Wide CPR,Wide Consolidation,Watch,Wide CPR + close inside CPR; consolidation/range watch
BASML,EQ,BANNARI AM SPIN MILL LTD.,23.39,23.39,22.9,23.0,67357,1554510.8,20260227,23.98,22.99,23.04,23.336666666666662,23.485,23.188333333333325,23.485,23.188333333333325,0.29666666666667396,1.2876157407407725,Wide,Bearish,Below CPR,Cash Only,Diversified,False,False,False,0.8333333333333334,60,2168513.2,False,False,Higher,True,Risk Off,False,None,1.0242857142857145,24.6856,26.1501,0.28963272896327996,0.7168555856611801,False,False,No setup,0.0,None,None,0,No active J-Curve setup.,Neutral,0,Not applicable,No directional setup; confirmation score not applicable.,Wide CPR,Wide Downside Watch,Watch,Wide CPR + close below CPR; trend aligned; participation light
TICL,EQ,TWAMEV CONS AND INFRA LTD,26.14,27.14,25.2,26.97,819180,21589665.41,20260227,26.1,24.7,25.9,25.566666666666663,25.4,25.733333333333327,25.733333333333327,25.4,0.3333333333333286,1.2870012870012686,Wide,Bullish,Above CPR,Cash Only,Diversified,False,False,False,0.58,51,24866595.73,False,False,Higher,True,Risk Off,False,Bullish Virgin,2.3007142857142866,27.547000000000004,,0.1448825416537286,0.8682195843942326,False,False,No setup,0.0,None,None,0,No active J-Curve setup.,Neutral,0,Not applicable,No directional setup; confirmation score not applicable.,Wide CPR,Wide Upside Watch,Watch,Wide CPR + close above CPR; trend opposes; participation light
GALLANTT,EQ,GALLANTT ISPAT LIMITED,589.8,589.8,572.6,576.4,51662,29851238.1,20260227,585.3,560.1,583.9,576.4333333333334,572.7,580.1666666666667,580.1666666666667,572.7,7.466666666666697,1.2787577781583657,Wide,Bullish,Inside CPR,Cash Only,Capital Goods,True,False,False,0.8833333333333333,60,48332940.95,False,False,Higher,True,Risk Off,False,Bullish Virgin,20.439285714285713,551.91,574.9085,0.36530956957306926,0.6176168367424785,True,True,No setup,0.0,None,None,0,No active J-Curve setup.,Neutral,0,Not applicable,No directional setup; confirmation score not applicable.,Wide CPR,Wide Consolidation,Watch,Wide CPR + close inside CPR; consolidation/range watch
SCHAND,EQ,S CHAND AND COMPANY LTD,152.5,155.29,152.0,152.42,19397,2957560.95,20260227,158.57,151.68,152.22,154.15666666666667,155.125,153.18833333333333,155.125,153.18833333333333,1.9366666666666674,1.272281347172952,Wide,Bearish,Below CPR,Cash Only,Diversified,False,False,False,0.9666666666666667,60,5226450.3149999995,False,False,Lower,True,Risk Off,False,Bearish Virgin,6.382857142857138,159.57139999999998,165.9782,0.30341689048045395,0.5658832997056819,False,False,No setup,0.0,None,None,0,No active J-Curve setup.,Neutral,0,Not applicable,No directional setup; confirmation score not applicable.,Wide CPR,Wide Downside Watch,Watch,Wide CPR + close below CPR; trend aligned; participation light
SPCENET,EQ,SPACENET ENTERS IND LTD,4.95,5.08,4.95,5.03,2053620,10376182.76,20260227,5.2,4.95,4.98,5.043333333333334,5.075,5.011666666666668,5.075,5.011666666666668,0.06333333333333258,1.2717536813922201,Wide,Bearish,Inside CPR,Cash Only,Diversified,False,False,False,0.6271186440677966,60,6046582.915,False,False,Lower,True,Risk Off,False,Bearish Virgin,0.2957142857142858,6.3976,,0.21417069243155937,1.7160407631654877,False,False,No setup,0.0,None,None,0,No active J-Curve setup.,Neutral,0,Not applicable,No directional setup; confirmation score not applicable.,Wide CPR,Wide Consolidation,Watch,Wide CPR + close inside CPR; consolidation/range watch
HALEOSLABS,EQ,HALEOS LABS LIMITED,1319.0,1319.0,1260.0,1260.3,693,876750.5,20260227,1320.0,1255.0,1312.5,1295.8333333333333,1287.5,1304.1666666666665,1304.1666666666665,1287.5,16.666666666666515,1.2698412698412582,Wide,Bullish,Below CPR,Cash Only,Healthcare & Pharma,False,False,False,0.7142857142857143,8,1925998.25,False,False,Higher,False,Risk Off,False,None,,,,,0.4552187417615774,False,False,No setup,0.0,None,None,0,No active J-Curve setup.,Neutral,0,Not applicable,No directional setup; confirmation score not applicable.,Wide CPR,Wide Downside Watch,Watch,Wide CPR + close below CPR; trend aligned; participation light
CSLFINANCE,EQ,CSL FINANCE LIMITED,264.0,271.05,261.1,263.25,3713,983496.7,20260227,274.0,259.55,271.95,268.5,266.775,270.225,270.225,266.775,3.4500000000000455,1.268615554329857,Wide,Bullish,Below CPR,Cash Only,Financial Services,False,False,False,0.8333333333333334,60,3236748.825,False,False,Higher,True,Risk Off,False,None,12.421428571428567,281.521,282.591,0.2777458309373241,0.3038532654754265,False,False,No setup,0.0,None,None,0,No active J-Curve setup.,Neutral,0,Not applicable,No directional setup; confirmation score not applicable.,Wide CPR,Wide Downside Watch,Watch,Wide CPR + close below CPR; trend aligned; participation light
NACLIND,EQ,NACL INDUSTRIES LIMITED,132.25,136.0,132.05,133.6,139474,18690529.78,20260227,138.0,131.51,132.25,133.92,134.755,133.08499999999998,134.755,133.08499999999998,1.670000000000016,1.2627599243856453,Wide,Bearish,Inside CPR,Cash Only,Diversified,False,False,False,0.6458333333333334,49,28836303.73,False,False,Overlapping,True,Risk Off,False,None,6.663571428571426,,,0.2506163575946,0.6481596932465103,False,False,No setup,0.0,None,None,0,No active J-Curve setup.,Neutral,0,Not applicable,No directional setup; confirmation score not applicable.,Wide CPR,Wide Consolidation,Watch,Wide CPR + close inside CPR; consolidation/range watch
WEIZMANIND,EQ,WEIZMANN LTD,91.94,99.5,81.0,89.05,143097,13582055.1,20260227,87.49,82.01,83.18,84.22666666666667,84.75,83.70333333333335,84.75,83.70333333333335,1.0466666666666526,1.2583153001522633,Wide,Bearish,Above CPR,Cash Only,Diversified,False,False,False,0.85,60,113702.185,False,False,Overlapping,True,Risk Off,False,None,4.847142857142857,90.4078,98.3959,0.2159347676589027,119.45289441887155,False,False,No setup,0.0,None,None,0,No active J-Curve setup.,Neutral,0,Not applicable,No directional setup; confirmation score not applicable.,Wide CPR,Wide Upside Watch,Watch,Wide CPR + close above CPR; trend opposes; participation confirmed
SEJALLTD,EQ,SEJAL GLASS LIMITED,565.0,570.15,557.05,560.55,5336,3004008.3,20260227,608.75,570.45,578.7,585.9666666666667,589.6,582.3333333333334,589.6,582.3333333333334,7.2666666666666515,1.2556880364034302,Wide,Bearish,Below CPR,Cash Only,Diversified,False,False,False,0.6545454545454545,56,5712179.775,False,False,Lower,True,Risk Off,False,Bearish Virgin,30.54285714285717,728.1669999999999,,0.2379170564390389,0.5258952656125042,False,False,No setup,0.0,None,None,0,No active J-Curve setup.,Neutral,0,Not applicable,No directional setup; confirmation score not applicable.,Wide CPR,Wide Downside Watch,Watch,Wide CPR + close below CPR; trend aligned; participation light
RETAIL,EQ,JHS SVENDGAARD RETAIL V L,24.8,24.94,23.38,24.78,5828,142405.77,20260227,24.53,23.15,23.4,23.69333333333333,23.84,23.546666666666663,23.84,23.546666666666663,0.29333333333333655,1.2535612535612675,Wide,Bearish,Above CPR,Cash Only,Consumer & Retail,False,False,False,0.6333333333333333,60,116764.64,False,False,Lower,True,Risk Off,False,None,1.5000000000000002,24.9424,27.675900000000002,0.19555555555555768,1.2195967032485175,False,False,No setup,0.0,None,None,0,No active J-Curve setup.,Neutral,0,Not applicable,No directional setup; confirmation score not applicable.,Wide CPR,Wide Upside Watch,Watch,Wide CPR + close above CPR; trend opposes; participation confirmed
TFCILTD,EQ,TOURISM FINANCE CORP. OF,72.0,74.35,70.0,70.83,7688425,551164447.42,20260227,75.67,70.52,71.75,72.64666666666666,73.095,72.19833333333332,73.095,72.19833333333332,0.8966666666666754,1.2497096399535546,Wide,Bearish,Below CPR,Cash Only,Diversified,False,False,False,0.7666666666666667,60,540594854.4649999,False,False,Lower,True,Risk Off,False,Bearish Virgin,3.5614285714285736,67.4348,68.3514,0.25177162722289304,1.0195517823887914,True,True,No setup,0.0,None,None,0,No active J-Curve setup.,Neutral,0,Not applicable,No directional setup; confirmation score not applicable.,Wide CPR,Wide Downside Watch,Watch,Wide CPR + close below CPR; trend opposes; participation confirmed
CYBERMEDIA,EQ,CYBER MEDIA (INDIA) LTD.,14.84,14.84,14.52,14.52,113,1648.65,20260227,15.3,14.61,14.68,14.863333333333335,14.955,14.77166666666667,14.955,14.77166666666667,0.18333333333333002,1.2488646684831746,Wide,Bearish,Below CPR,Cash Only,Information Technology,False,False,False,0.7333333333333333,60,156068.86,False,False,Lower,True,Risk Off,False,Bearish Virgin,0.7978571428571427,16.31,,0.22978215458071805,0.01056360634658317,False,False,No setup,0.0,None,None,0,No active J-Curve setup.,Neutral,0,Not applicable,No directional setup; confirmation score not applicable.,Wide CPR,Wide Downside Watch,Watch,Wide CPR + close below CPR; trend aligned; participation light
AERONEU,EQ,AEROFLEX NEU LIMITED,69.15,71.39,69.15,70.04,20902,1471144.98,20260227,71.85,68.16,71.34,70.45,70.005,70.89500000000001,70.89500000000001,70.005,0.8900000000000148,1.2475469582282235,Wide,Bullish,Inside CPR,Cash Only,Diversified,False,False,False,0.7333333333333333,60,1875972.4700000002,False,False,Higher,True,Risk Off,False,Bullish Virgin,3.839285714285712,72.2776,76.1071,0.23181395348837608,0.784203928109883,False,False,No setup,0.0,None,None,0,No active J-Curve setup.,Neutral,0,Not applicable,No directional setup; confirmation score not applicable.,Wide CPR,Wide Consolidation,Watch,Wide CPR + close inside CPR; consolidation/range watch
MURUDCERA,EQ,MURUDESHWAR CERAMICS LTD,32.99,33.14,32.32,32.68,33998,1116134.95,20260227,32.99,31.54,32.88,32.47,32.265,32.675,32.675,32.265,0.4099999999999966,1.2469586374695758,Wide,Bullish,Above CPR,Cash Only,Diversified,False,False,False,0.9333333333333333,60,850549.095,False,False,Higher,True,Risk Off,False,Bullish Virgin,1.1978571428571425,33.8912,36.7406,0.34227787716159536,1.312252233952468,False,False,No setup,0.0,None,None,0,No active J-Curve setup.,Neutral,0,Not applicable,No directional setup; confirmation score not applicable.,Wide CPR,Wide Upside Watch,Watch,Wide CPR + close above CPR; trend opposes; participation confirmed
ICDSLTD,EQ,ICDS LTD,42.49,42.49,41.0,41.1,551,22887.36,20260227,43.48,41.0,41.47,41.98333333333333,42.239999999999995,41.72666666666666,42.239999999999995,41.72666666666666,0.5133333333333354,1.237842617152967,Wide,Bearish,Below CPR,Cash Only,Diversified,False,False,False,0.45,60,35332.645000000004,False,False,Lower,True,Risk Off,False,None,4.377857142857144,42.9982,,0.11725675749170655,0.6477680909538472,False,False,No setup,0.0,None,None,0,No active J-Curve setup.,Neutral,0,Not applicable,No directional setup; confirmation score not applicable.,Wide CPR,Wide Downside Watch,Watch,Wide CPR + close below CPR; trend aligned; participation light
LAMBODHARA,EQ,LAMBODHARA TEXTILES LTD.,106.67,109.49,103.85,106.09,7366,787749.63,20260227,110.79,106.5,106.67,107.98666666666668,108.64500000000001,107.32833333333335,108.64500000000001,107.32833333333335,1.3166666666666629,1.234336426986653,Wide,Bearish,Below CPR,Cash Only,Diversified,False,False,False,0.8166666666666667,60,916663.655,False,False,Overlapping,True,Risk Off,False,None,4.196428571428574,113.81139999999999,122.6177,0.3137588652482259,0.8593660561353881,False,False,No setup,0.0,None,None,0,No active J-Curve setup.,Neutral,0,Not applicable,No directional setup; confirmation score not applicable.,Wide CPR,Wide Downside Watch,Watch,Wide CPR + close below CPR; trend aligned; participation light
JKPAPER,EQ,JK PAPER LIMITED,359.85,367.0,352.55,361.95,471869,170194612.15,20260227,361.75,339.05,357.0,352.59999999999997,350.4,354.79999999999995,354.79999999999995,350.4,4.399999999999977,1.2324929971988732,Wide,Bullish,Above CPR,Cash Only,Paper & Packaging,False,False,False,0.9666666666666667,60,57613655.2,False,False,Higher,True,Risk Off,False,Bullish Virgin,13.264285714285718,343.62800000000004,364.1645,0.33171782444803266,2.954067252966099,True,False,No setup,0.0,None,None,0,No active J-Curve setup.,Neutral,0,Not applicable,No directional setup; confirmation score not applicable.,Wide CPR,Wide Upside Watch,Watch,Wide CPR + close above CPR; trend mixed; participation confirmed
LASA,EQ,LASA SUPERGENERICS LTD,8.18,8.18,7.7,7.98,31611,252781.21,20260227,8.24,7.75,7.85,7.946666666666666,7.995,7.8983333333333325,7.995,7.8983333333333325,0.09666666666666757,1.2314225053078671,Wide,Bearish,Inside CPR,Cash Only,Diversified,False,False,False,0.6166666666666667,60,414180.11,False,False,Inside,True,Risk Off,False,None,0.4814285714285713,9.269,,0.20079129574678728,0.6103171154211148,False,False,No setup,0.0,None,None,0,No active J-Curve setup.,Neutral,0,Not applicable,No directional setup; confirmation score not applicable.,Wide CPR,Wide Consolidation,Watch,Wide CPR + close inside CPR; consolidation/range watch
CHEMBONDCH,EQ,CHEMBOND CHEMICAL LIMITED,150.67,150.9,145.71,146.85,4424,654933.62,20260227,153.7,146.65,147.46,149.27,150.175,148.365,150.175,148.365,1.8100000000000023,1.2274515122745167,Wide,Bearish,Below CPR,Cash Only,Chemicals & Fertilizers,False,False,False,0.7666666666666667,60,1734253.125,False,False,Overlapping,True,Risk Off,False,None,8.375714285714285,151.4242,152.7357,0.21610097219853347,0.37764592178549483,False,False,No setup,0.0,None,None,0,No active J-Curve setup.,Neutral,0,Not applicable,No directional setup; confirmation score not applicable.,Wide CPR,Wide Downside Watch,Watch,Wide CPR + close below CPR; trend aligned; participation light
STEL,EQ,STEL HOLDINGS LIMITED,519.9,519.9,493.0,493.95,1882,944255.0,20260227,509.9,481.65,505.0,498.84999999999997,495.775,501.92499999999995,501.92499999999995,495.775,6.149999999999977,1.2178217821782134,Wide,Bullish,Below CPR,Cash Only,Diversified,False,False,False,0.65,60,3512468.75,False,False,Higher,True,Risk Off,False,Bullish Virgin,20.95714285714285,475.88800000000003,468.191,0.29345603271983545,0.2688294379843237,True,True,No setup,0.0,None,None,0,No active J-Curve setup.,Neutral,0,Not applicable,No directional setup; confirmation score not applicable.,Wide CPR,Wide Downside Watch,Watch,Wide CPR + close below CPR; trend opposes; participation light
BIGBLOC,EQ,BIGBLOC CONSTRUCTION LTD,50.6,54.75,49.26,53.63,609031,32269088.03,20260227,53.0,50.21,50.68,51.296666666666674,51.605000000000004,50.988333333333344,51.605000000000004,50.988333333333344,0.61666666666666,1.216785056564049,Wide,Bearish,Above CPR,Cash Only,Diversified,False,False,False,0.7333333333333333,60,11480958.615,False,False,Outside,True,Risk Off,False,None,2.601428571428572,62.488,59.3434,0.23704924034413066,2.810661471058704,False,False,No setup,0.0,None,None,0,No active J-Curve setup.,Neutral,0,Not applicable,No directional setup; confirmation score not applicable.,Wide CPR,Wide Upside Watch,Watch,Wide CPR + close above CPR; trend opposes; participation confirmed
GLOBUSSPR,EQ,GLOBUS SPIRITS LTD,892.85,902.55,886.2,894.75,32103,28679305.65,20260227,933.45,895.0,897.85,908.7666666666668,914.225,903.3083333333335,914.225,903.3083333333335,10.916666666666515,1.2158675354086446,Wide,Bearish,Below CPR,Cash Only,Diversified,False,False,False,0.8833333333333333,60,59310152.275,False,False,Lower,True,Risk Off,False,Bearish Virgin,27.889285714285727,979.212,1032.472,0.39142869338796554,0.4835480023221707,False,False,No setup,0.0,None,None,0,No active J-Curve setup.,Neutral,0,Not applicable,No directional setup; confirmation score not applicable.,Wide CPR,Wide Downside Watch,Watch,Wide CPR + close below CPR; trend aligned; participation light
EXCEL,EQ,EXCEL REALTY N INFRA LTD,1.11,1.11,1.06,1.06,3195612,3431903.47,20260227,1.14,1.1,1.1,1.1133333333333335,1.12,1.106666666666667,1.12,1.106666666666667,0.013333333333333197,1.2121212121211997,Wide,Bearish,Below CPR,Cash Only,Diversified,False,False,False,0.6071428571428571,57,5531754.71,False,False,Lower,True,Risk Off,False,Bearish Virgin,0.04499999999999998,1.2714,,0.2962962962962934,0.6204005148304922,False,False,No setup,0.0,None,None,0,No active J-Curve setup.,Neutral,0,Not applicable,No directional setup; confirmation score not applicable.,Wide CPR,Wide Downside Watch,Watch,Wide CPR + close below CPR; trend aligned; participation light
MONEYBOXX,EQ,MONEYBOXX FINANCE LIMITED,64.07,64.67,62.5,63.4,31840,2018486.68,20260227,69.0,64.32,65.47,66.26333333333334,66.66,65.86666666666667,66.66,65.86666666666667,0.7933333333333223,1.2117509291787418,Wide,Bearish,Below CPR,Cash Only,Diversified,False,False,False,0.65,60,3018588.52,False,False,Overlapping,True,Risk Off,False,Bearish Virgin,3.827857142857144,60.0038,,0.20725259687752395,0.6686856014412987,True,False,No setup,0.0,None,None,0,No active J-Curve setup.,Neutral,0,Not applicable,No directional setup; confirmation score not applicable.,Wide CPR,Wide Downside Watch,Watch,Wide CPR + close below CPR; trend mixed; participation light
IIFLCAPS,EQ,IIFL CAPITAL SERVICES LTD,289.45,292.4,283.2,288.5,340560,98295520.4,20260227,301.0,283.95,287.3,290.75,292.475,289.025,292.475,289.025,3.4500000000000455,1.2008353637313072,Wide,Bearish,Below CPR,Cash Only,Diversified,False,False,False,0.8333333333333334,60,186385185.325,False,False,Lower,True,Risk Off,False,Bearish Virgin,15.18571428571428,338.83200000000005,331.03149999999994,0.22718720602069922,0.5273783977444454,False,False,No setup,0.0,None,None,0,No active J-Curve setup.,Neutral,0,Not applicable,No directional setup; confirmation score not applicable.,Wide CPR,Wide Downside Watch,Watch,Wide CPR + close below CPR; trend aligned; participation light
IDFCFIRSTB,EQ,IDFC FIRST BANK LIMITED,72.91,73.8,71.91,73.48,73495422,5378515996.45,20260227,73.16,69.85,72.81,71.94,71.505,72.375,72.375,71.505,0.8700000000000045,1.1948908117016954,Wide,Bullish,Above CPR,Cash Only,Financial Services,True,False,False,1.0,60,1971294294.8249998,False,False,Higher,True,Risk Off,False,Bullish Virgin,3.363571428571428,82.764,80.7222,0.2586536419622014,2.728418588015786,False,False,No setup,0.0,None,None,0,No active J-Curve setup.,Neutral,0,Not applicable,No directional setup; confirmation score not applicable.,Wide CPR,Wide Upside Watch,Watch,Wide CPR + close above CPR; trend opposes; participation confirmed
KECL,EQ,KIRLOSKAR ELECTRIC CO LTD,89.76,91.7,89.02,89.45,82671,7431586.0,20260227,94.16,89.02,89.98,91.05333333333334,91.59,90.51666666666668,91.59,90.51666666666668,1.0733333333333235,1.192857672075265,Wide,Bearish,Below CPR,Cash Only,Diversified,False,False,False,0.8666666666666667,60,13025330.735,False,False,Higher,True,Risk Off,False,None,5.234999999999999,92.889,102.7783,0.20503024514485646,0.5705487370106307,False,False,No setup,0.0,None,None,0,No active J-Curve setup.,Neutral,0,Not applicable,No directional setup; confirmation score not applicable.,Wide CPR,Wide Downside Watch,Watch,Wide CPR + close below CPR; trend aligned; participation light
AHLADA,EQ,AHLADA ENGINEERS LIMITED,46.0,46.9,44.66,45.15,10915,495270.6,20260227,47.3,44.45,45.07,45.60666666666666,45.875,45.338333333333324,45.875,45.338333333333324,0.536666666666676,1.1907403298572796,Wide,Bearish,Below CPR,Cash Only,Diversified,False,False,False,0.8166666666666667,60,682601.065,False,False,Lower,True,Risk Off,False,None,2.3000000000000003,50.063,52.9796,0.23333333333333733,0.7255637668833699,False,False,No setup,0.0,None,None,0,No active J-Curve setup.,Neutral,0,Not applicable,No directional setup; confirmation score not applicable.,Wide CPR,Wide Downside Watch,Watch,Wide CPR + close below CPR; trend aligned; participation light
CRIZAC,EQ,CRIZAC LIMITED,233.0,233.0,225.45,231.55,126543,29155763.15,20260227,231.0,221.3,230.25,227.51666666666665,226.15,228.8833333333333,228.8833333333333,226.15,2.7333333333332916,1.1871154542164133,Wide,Bullish,Above CPR,Cash Only,Diversified,False,False,False,0.9,60,44863891.825,False,False,Higher,True,Risk Off,False,Bullish Virgin,8.407142857142855,253.425,271.802,0.3251203625035352,0.6498714659826549,False,False,No setup,0.0,None,None,0,No active J-Curve setup.,Neutral,0,Not applicable,No directional setup; confirmation score not applicable.,Wide CPR,Wide Upside Watch,Watch,Wide CPR + close above CPR; trend opposes; participation light
GSLSU,EQ,GLOBAL SURFACES LIMITED,85.67,85.77,82.1,82.8,29272,2445692.72,20260227,90.21,84.18,85.67,86.68666666666667,87.195,86.17833333333334,87.195,86.17833333333334,1.0166666666666515,1.1867242519746137,Wide,Bearish,Below CPR,Cash Only,Diversified,False,False,False,0.6833333333333333,60,13223211.785,False,False,Lower,True,Risk Off,False,Bearish Virgin,9.857142857142861,108.1146,,0.10314009661835591,0.18495451481570596,False,False,No setup,0.0,None,None,0,No active J-Curve setup.,Neutral,0,Not applicable,No directional setup; confirmation score not applicable.,Wide CPR,Wide Downside Watch,Watch,Wide CPR + close below CPR; trend aligned; participation light
VIDHIING,EQ,VIDHI SPCLTY F INGRDNTS L,307.0,311.6,302.9,310.25,5368,1646708.7,20260227,313.1,297.15,310.65,306.96666666666664,305.125,308.8083333333333,308.8083333333333,305.125,3.6833333333332803,1.185685927356601,Wide,Bullish,Above CPR,Cash Only,Diversified,False,False,False,0.9166666666666666,60,2545431.825,False,False,Higher,True,Risk Off,False,None,9.05357142857142,323.958,336.6335000000001,0.40683760683760134,0.6469270494015292,False,False,No setup,0.0,None,None,0,No active J-Curve setup.,Neutral,0,Not applicable,No directional setup; confirmation score not applicable.,Wide CPR,Wide Upside Watch,Watch,Wide CPR + close above CPR; trend opposes; participation light
BORORENEW,EQ,BOROSIL RENEWABLES LTD,457.1,466.05,453.25,455.9,259012,119093124.65,20260227,483.0,463.95,465.25,470.73333333333335,473.475,467.9916666666667,473.475,467.9916666666667,5.4833333333333485,1.1785778255418267,Wide,Bearish,Below CPR,Cash Only,Power & Utilities,False,False,False,0.9,60,147730522.9,False,False,Overlapping,True,Risk Off,False,Bearish Virgin,14.732142857142858,509.839,563.8325,0.3722020202020212,0.8061511075176733,False,False,No setup,0.0,None,None,0,No active J-Curve setup.,Neutral,0,Not applicable,No directional setup; confirmation score not applicable.,Wide CPR,Wide Downside Watch,Watch,Wide CPR + close below CPR; trend aligned; participation light
SAPPHIRE,EQ,SAPPHIRE FOODS INDIA LTD,208.82,209.36,201.7,204.29,421944,86578583.18,20260227,215.79,207.1,207.78,210.22333333333333,211.445,209.00166666666667,211.445,209.00166666666667,2.443333333333328,1.1759232521577285,Wide,Bearish,Below CPR,Cash Only,Consumer Services,True,False,False,0.8,60,91122884.24000001,False,False,Lower,True,Risk Off,False,Bearish Virgin,7.766428571428572,219.7232,242.954,0.3146019191268885,0.9501299690203924,False,False,No setup,0.0,None,None,0,No active J-Curve setup.,Neutral,0,Not applicable,No directional setup; confirmation score not applicable.,Wide CPR,Wide Downside Watch,Watch,Wide CPR + close below CPR; trend aligned; participation light
UYFINCORP,EQ,U. Y. FINCORP LIMITED,14.0,14.5,14.0,14.11,62148,878891.24,20260227,15.19,14.26,14.47,14.64,14.725,14.555000000000001,14.725,14.555000000000001,0.16999999999999815,1.1748445058742099,Wide,Bearish,Below CPR,Cash Only,Diversified,False,False,False,0.7333333333333333,60,3898716.825,False,False,Higher,True,Risk Off,False,None,0.965,14.763800000000002,,0.1761658031088064,0.22543089930620955,False,False,No setup,0.0,None,None,0,No active J-Curve setup.,Neutral,0,Not applicable,No directional setup; confirmation score not applicable.,Wide CPR,Wide Downside Watch,Watch,Wide CPR + close below CPR; trend aligned; participation light
REGAAL,EQ,REGAAL RESOURCES LIMITED,69.53,73.5,68.65,72.84,2752521,196956590.46,20260227,71.0,66.11,69.78,68.96333333333334,68.555,69.37166666666667,69.37166666666667,68.555,0.8166666666666629,1.1703448934747247,Wide,Bullish,Above CPR,Cash Only,Diversified,False,False,False,0.8666666666666667,60,25833426.68,False,False,Outside,True,Risk Off,False,None,3.267142857142857,66.0128,75.24990000000001,0.24996356216294888,7.624098533257378,True,False,No setup,0.0,None,None,0,No active J-Curve setup.,Neutral,0,Not applicable,No directional setup; confirmation score not applicable.,Wide CPR,Wide Upside Watch,Watch,Wide CPR + close above CPR; trend mixed; participation confirmed
AXISCADES,EQ,AXISCADES TECH LTD,1455.0,1478.0,1398.0,1413.4,96594,137827769.3,20260227,1529.9,1463.5,1470.9,1488.1000000000001,1496.7,1479.5000000000002,1496.7,1479.5000000000002,17.199999999999818,1.1693520973553482,Wide,Bearish,Below CPR,Cash Only,Diversified,False,False,False,0.5283018867924528,54,192946465.7,False,False,Lower,True,Risk Off,False,Bearish Virgin,78.1714285714286,1421.47,,0.22002923976607944,0.7143316608571598,False,False,No setup,0.0,None,None,0,No active J-Curve setup.,Neutral,0,Not applicable,No directional setup; confirmation score not applicable.,Wide CPR,Wide Downside Watch,Watch,Wide CPR + close below CPR; trend aligned; participation light
ZEELEARN,EQ,ZEE LEARN LIMITED,5.36,6.09,5.36,6.0,847932,5003225.6,20260227,5.69,5.36,5.43,5.493333333333333,5.525,5.461666666666666,5.525,5.461666666666666,0.06333333333333435,1.1663597298956603,Wide,Bearish,Above CPR,Cash Only,Diversified,False,False,False,0.7333333333333333,60,2296703.205,False,False,Lower,True,Risk Off,False,None,0.31285714285714306,6.612399999999999,7.2998,0.20243531202435625,2.1784380276510302,False,False,No setup,0.0,None,None,0,No active J-Curve setup.,Neutral,0,Not applicable,No directional setup; confirmation score not applicable.,Wide CPR,Wide Upside Watch,Watch,Wide CPR + close above CPR; trend opposes; participation confirmed
YUKEN,EQ,YUKEN INDIA LIMITED,773.0,787.9,746.0,782.5,10762,8232516.1,20260227,767.9,735.6,765.05,756.1833333333334,751.75,760.6166666666668,760.6166666666668,751.75,8.866666666666788,1.1589656449469692,Wide,Bullish,Above CPR,Cash Only,Diversified,False,False,False,0.8333333333333334,60,2618315.925,False,False,Higher,True,Risk Off,False,Bullish Virgin,38.69642857142858,804.4609999999999,856.132,0.2291339793877896,3.144202737872436,False,False,No setup,0.0,None,None,0,No active J-Curve setup.,Neutral,0,Not applicable,No directional setup; confirmation score not applicable.,Wide CPR,Wide Upside Watch,Watch,Wide CPR + close above CPR; trend opposes; participation confirmed
PRABHA,EQ,PRABHA ENERGY LIMITED,177.51,182.3,173.9,174.36,28585,5040287.03,20260227,183.95,176.01,176.91,178.95666666666668,179.98,177.93333333333337,179.98,177.93333333333337,2.0466666666666242,1.1568971039888214,Wide,Bearish,Below CPR,Cash Only,Diversified,False,False,False,0.7,60,4330354.5600000005,False,False,Lower,True,Risk Off,False,None,14.55642857142857,170.94879999999998,187.47979999999998,0.14060225395423104,1.1639432661144495,True,False,No setup,0.0,None,None,0,No active J-Curve setup.,Neutral,0,Not applicable,No directional setup; confirmation score not applicable.,Wide CPR,Wide Downside Watch,Watch,Wide CPR + close below CPR; trend mixed; participation confirmed
AFFLE,EQ,AFFLE 3I LIMITED,1330.0,1393.5,1321.1,1377.2,788986,1080537190.2,20260227,1380.3,1325.0,1329.6,1344.9666666666667,1352.65,1337.2833333333333,1352.65,1337.2833333333333,15.366666666666788,1.1557360609707272,Wide,Bearish,Above CPR,Cash Only,Information Technology,True,False,False,0.9833333333333333,60,315924478.6,False,False,Lower,True,Risk Off,False,None,56.92857142857143,1645.312,1715.6989999999998,0.2699289000418256,3.4202388969298436,False,False,No setup,0.0,None,None,0,No active J-Curve setup.,Neutral,0,Not applicable,No directional setup; confirmation score not applicable.,Wide CPR,Wide Upside Watch,Watch,Wide CPR + close above CPR; trend opposes; participation confirmed
ANMOL,EQ,ANMOL INDIA LIMITED,11.51,12.3,11.5,11.87,30915,366816.29,20260227,12.0,11.5,11.55,11.683333333333332,11.75,11.616666666666664,11.75,11.616666666666664,0.1333333333333364,1.154401154401181,Wide,Bearish,Above CPR,Cash Only,Diversified,False,False,False,0.8833333333333333,60,430556.51,False,False,Outside,True,Risk Off,False,None,0.8178571428571428,12.8708,13.886,0.1630276564774419,0.8519585268841945,False,False,No setup,0.0,None,None,0,No active J-Curve setup.,Neutral,0,Not applicable,No directional setup; confirmation score not applicable.,Wide CPR,Wide Upside Watch,Watch,Wide CPR + close above CPR; trend opposes; participation light
LYPSAGEMS,EQ,LYPSA GEMS & JEWEL LTD,5.31,5.39,5.01,5.22,11529,59335.9,20260227,5.4,5.2,5.21,5.2700000000000005,5.300000000000001,5.24,5.300000000000001,5.24,0.0600000000000005,1.1516314779270729,Wide,Bearish,Below CPR,Cash Only,Diversified,False,False,False,0.6833333333333333,60,189519.115,False,False,Outside,True,Risk Off,False,None,0.5014285714285714,5.162000000000001,5.322100000000001,0.11965811965812065,0.3130866245338894,True,False,No setup,0.0,None,None,0,No active J-Curve setup.,Neutral,0,Not applicable,No directional setup; confirmation score not applicable.,Wide CPR,Wide Downside Watch,Watch,Wide CPR + close below CPR; trend mixed; participation light
ESTER,EQ,ESTER INDUSTRIES LTD,103.12,107.76,102.2,105.62,142744,15078783.04,20260227,108.25,103.2,103.93,105.12666666666667,105.725,104.52833333333334,105.725,104.52833333333334,1.1966666666666583,1.1514160171910501,Wide,Bearish,Inside CPR,Cash Only,Diversified,False,False,False,0.9333333333333333,60,5852360.04,False,False,Inside,True,Risk Off,False,None,4.7935714285714255,99.23380000000002,104.7658,0.2496398947002418,2.576530312034596,True,True,No setup,0.0,None,None,0,No active J-Curve setup.,Neutral,0,Not applicable,No directional setup; confirmation score not applicable.,Wide CPR,Wide Consolidation,Watch,Wide CPR + close inside CPR; consolidation/range watch
TPHQ,EQ,TEAMO PRODUCTIONS HQ LTD,0.59,0.6,0.58,0.58,1317642,771232.02,20260227,0.6,0.58,0.58,0.5866666666666666,0.59,0.5833333333333331,0.59,0.5833333333333331,0.006666666666666821,1.1494252873563486,Wide,Bearish,Below CPR,Cash Only,Diversified,False,False,False,0.5416666666666666,60,1137978.125,False,False,Higher,True,Risk Off,False,None,0.019285714285714295,0.6275999999999999,0.6174000000000001,0.3456790123456868,0.6777213050558419,False,False,No setup,0.0,None,None,0,No active J-Curve setup.,Neutral,0,Not applicable,No directional setup; confirmation score not applicable.,Wide CPR,Wide Downside Watch,Watch,Wide CPR + close below CPR; trend aligned; participation light
BALKRISHNA,EQ,BALKRISHNA PAPER MILLS L,16.99,16.99,15.97,16.82,10761,177164.4,20260227,17.49,15.63,16.28,16.466666666666665,16.56,16.37333333333333,16.56,16.37333333333333,0.18666666666666742,1.1466011466011512,Wide,Bearish,Above CPR,Cash Only,Diversified,False,False,False,0.6333333333333333,60,249136.35499999998,True,False,Higher,True,Risk Off,False,None,1.018571428571428,17.4438,19.7989,0.1832632071061252,0.7111142008961318,False,False,No setup,0.0,None,None,0,No active J-Curve setup.,Neutral,0,Not applicable,No directional setup; confirmation score not applicable.,Wide CPR,Wide Upside Watch,Watch,Wide CPR + close above CPR; trend opposes; participation light
JISLDVREQS,EQ,JAIN DVR EQUITY SHARES,23.29,23.4,22.4,23.13,1716,39612.37,20260227,23.79,22.01,23.3,23.03333333333333,22.9,23.166666666666664,23.166666666666664,22.9,0.2666666666666657,1.144492131616591,Wide,Bullish,Inside CPR,Cash Only,Diversified,False,False,False,0.7166666666666667,60,458207.335,False,False,Higher,True,Risk Off,False,None,1.7249999999999996,25.3906,27.695099999999996,0.15458937198067582,0.08645075487497379,False,False,No setup,0.0,None,None,0,No active J-Curve setup.,Neutral,0,Not applicable,No directional setup; confirmation score not applicable.,Wide CPR,Wide Consolidation,Watch,Wide CPR + close inside CPR; consolidation/range watch
SHREERAMA,EQ,SHREE RAMA MULTI TECH LTD,55.39,55.5,53.61,54.09,80523,4398926.1,20260227,57.63,55.05,55.39,56.02333333333333,56.34,55.70666666666666,56.34,55.70666666666666,0.63333333333334,1.1434073539146776,Wide,Bearish,Below CPR,Cash Only,Diversified,False,False,False,0.6666666666666666,60,10239511.795,False,False,Overlapping,True,Risk Off,False,Bearish Virgin,2.6935714285714285,60.0638,,0.23512772916114452,0.42960310882673286,False,False,No setup,0.0,None,None,0,No active J-Curve setup.,Neutral,0,Not applicable,No directional setup; confirmation score not applicable.,Wide CPR,Wide Downside Watch,Watch,Wide CPR + close below CPR; trend aligned; participation light
UDS,EQ,UPDATER SERVICES LIMITED,158.33,162.04,156.5,157.37,94619,14982101.86,20260227,166.17,157.12,158.92,160.73666666666665,161.64499999999998,159.82833333333332,161.64499999999998,159.82833333333332,1.8166666666666629,1.143132813155464,Wide,Bearish,Below CPR,Cash Only,Diversified,False,False,False,0.7166666666666667,60,25284300.755000003,True,False,Inside,True,Risk Off,False,None,8.150000000000006,168.44219999999999,188.0625,0.22290388548057197,0.5925456276277393,False,False,No setup,0.0,None,None,0,No active J-Curve setup.,Neutral,0,Not applicable,No directional setup; confirmation score not applicable.,Wide CPR,Wide Downside Watch,Watch,Wide CPR + close below CPR; trend aligned; participation light
BHAGYANGR,EQ,BHAGYANAGAR INDIA LIMITED,151.0,152.75,148.8,149.9,59405,8933048.88,20260227,157.4,150.0,151.11,152.83666666666667,153.7,151.97333333333336,153.7,151.97333333333336,1.726666666666631,1.1426554607018933,Wide,Bearish,Below CPR,Cash Only,Diversified,False,False,False,0.65,21,57050633.05,False,False,Higher,True,Risk Off,False,None,9.597857142857148,,,0.17990126764406358,0.1565810649668155,False,False,No setup,0.0,None,None,0,No active J-Curve setup.,Neutral,0,Not applicable,No directional setup; confirmation score not applicable.,Wide CPR,Wide Downside Watch,Watch,Wide CPR + close below CPR; trend aligned; participation light
OLAELEC,EQ,OLA ELECTRIC MOBILITY LTD,25.12,25.49,24.78,25.22,53882205,1356946194.01,20260227,26.12,25.0,25.13,25.416666666666668,25.560000000000002,25.273333333333333,25.560000000000002,25.273333333333333,0.28666666666666885,1.1407348454702304,Wide,Bearish,Below CPR,Cash Only,Automobile and Auto Components,True,False,False,0.6666666666666666,60,2055888875.455,False,False,Outside,True,Risk Off,False,None,1.203571428571428,33.2834,,0.23818001978239559,0.6600289588656327,False,False,No setup,0.0,None,None,0,No active J-Curve setup.,Neutral,0,Not applicable,No directional setup; confirmation score not applicable.,Wide CPR,Wide Downside Watch,Watch,Wide CPR + close below CPR; trend aligned; participation light
VENUSPIPES,EQ,VENUS PIPES & TUBES LTD,1068.0,1124.9,1064.1,1111.0,81704,90246250.9,20260227,1085.0,1040.1,1081.0,1068.7,1062.55,1074.8500000000001,1074.8500000000001,1062.55,12.300000000000182,1.1378353376503405,Wide,Bullish,Above CPR,Cash Only,Building Materials,False,False,False,0.85,60,39770289.25,False,False,Higher,True,Risk Off,False,Bullish Virgin,50.34285714285716,1124.2979999999998,1202.116,0.2443246311010251,2.2691876926693464,False,False,No setup,0.0,None,None,0,No active J-Curve setup.,Neutral,0,Not applicable,No directional setup; confirmation score not applicable.,Wide CPR,Wide Upside Watch,Watch,Wide CPR + close above CPR; trend opposes; participation confirmed
SALONA,EQ,SALONA COTSPIN LTD.,260.0,269.0,255.25,265.0,1520,401696.46,20260227,268.9,256.01,267.01,263.9733333333333,262.455,265.4916666666666,265.4916666666666,262.455,3.0366666666666333,1.13728574460381,Wide,Bullish,Inside CPR,Cash Only,Diversified,False,False,False,0.75,60,266665.475,False,False,Higher,True,Risk Off,False,None,11.966428571428574,252.8582,261.0866,0.2537654947372581,1.5063684565840405,True,True,No setup,0.0,None,None,0,No active J-Curve setup.,Neutral,0,Not applicable,No directional setup; confirmation score not applicable.,Wide CPR,Wide Consolidation,Watch,Wide CPR + close inside CPR; consolidation/range watch
CROWN,EQ,CROWN LIFTERS LIMITED,126.0,126.0,120.0,120.44,12068,1468577.92,20260227,125.99,119.1,120.49,121.86,122.54499999999999,121.17500000000001,122.54499999999999,121.17500000000001,1.3699999999999761,1.1370238194040803,Wide,Bearish,Below CPR,Cash Only,Diversified,False,False,False,0.7666666666666667,60,1514902.005,False,False,Lower,True,Risk Off,False,None,9.075000000000001,127.2734,134.5333,0.15096418732782105,0.9694210682624319,False,False,No setup,0.0,None,None,0,No active J-Curve setup.,Neutral,0,Not applicable,No directional setup; confirmation score not applicable.,Wide CPR,Wide Downside Watch,Watch,Wide CPR + close below CPR; trend aligned; participation light
TIPSMUSIC,EQ,TIPS MUSIC LIMITED,541.95,546.9,535.05,539.7,58083,31472822.85,20260227,564.9,532.35,539.5,545.5833333333334,548.625,542.5416666666667,548.625,542.5416666666667,6.0833333333332575,1.1275872721655713,Wide,Bearish,Below CPR,Cash Only,Diversified,False,False,False,0.95,60,77999501.75,False,False,Lower,True,Risk Off,False,Bearish Virgin,20.221428571428582,543.064,534.4169999999999,0.30083598257388044,0.4035003063336876,False,True,No setup,0.0,None,None,0,No active J-Curve setup.,Neutral,0,Not applicable,No directional setup; confirmation score not applicable.,Wide CPR,Wide Downside Watch,Watch,Wide CPR + close below CPR; trend mixed; participation light
THEMISMED,EQ,THEMIS MEDICARE LTD.,88.0,88.7,85.0,85.8,35947,3115588.83,20260227,87.75,83.0,86.84,85.86333333333334,85.375,86.35166666666669,86.35166666666669,85.375,0.9766666666666879,1.124673729464173,Wide,Bullish,Inside CPR,Cash Only,Diversified,False,False,False,0.8333333333333334,60,5455493.24,False,False,Higher,True,Risk Off,False,Bullish Virgin,3.780714285714286,91.6892,104.2136,0.2583286101139926,0.5710920521642879,False,False,No setup,0.0,None,None,0,No active J-Curve setup.,Neutral,0,Not applicable,No directional setup; confirmation score not applicable.,Wide CPR,Wide Consolidation,Watch,Wide CPR + close inside CPR; consolidation/range watch
HILTON,EQ,HILTON METAL FORGING LTD,17.69,18.27,17.13,17.82,180038,3205178.92,20260227,18.39,17.26,17.53,17.72666666666667,17.825000000000003,17.628333333333337,17.825000000000003,17.628333333333337,0.19666666666666544,1.1218862901692266,Wide,Bearish,Inside CPR,Cash Only,Diversified,False,False,False,0.75,60,3664246.3499999996,False,False,Lower,True,Risk Off,False,None,1.6742857142857137,29.9398,36.664,0.11746302616609715,0.8747170942805197,False,False,No setup,0.0,None,None,0,No active J-Curve setup.,Neutral,0,Not applicable,No directional setup; confirmation score not applicable.,Wide CPR,Wide Consolidation,Watch,Wide CPR + close inside CPR; consolidation/range watch
SRGHFL,EQ,SRG HOUSING FINANCE L,268.45,268.45,265.0,266.95,85,22551.2,20260227,272.5,260.1,261.9,264.8333333333333,266.3,263.3666666666666,266.3,263.3666666666666,2.933333333333394,1.1200203640066415,Wide,Bearish,Above CPR,Cash Only,Diversified,False,False,False,0.85,60,339349.15,False,False,Lower,True,Risk Off,False,Bearish Virgin,12.514285714285714,275.605,279.904,0.23439878234399267,0.06645426988692914,False,False,No setup,0.0,None,None,0,No active J-Curve setup.,Neutral,0,Not applicable,No directional setup; confirmation score not applicable.,Wide CPR,Wide Upside Watch,Watch,Wide CPR + close above CPR; trend opposes; participation light
IVP,EQ,IVP LTD,137.8,139.67,135.05,136.86,2899,397978.38,20260227,141.49,136.52,136.71,138.24,139.005,137.47500000000002,139.005,137.47500000000002,1.5299999999999727,1.119157340355477,Wide,Bearish,Below CPR,Cash Only,Diversified,False,False,False,0.85,60,515207.675,False,False,Outside,True,Risk Off,False,None,4.534285714285709,143.088,152.6771,0.33742911153118527,0.7724620561989881,False,False,No setup,0.0,None,None,0,No active J-Curve setup.,Neutral,0,Not applicable,No directional setup; confirmation score not applicable.,Wide CPR,Wide Downside Watch,Watch,Wide CPR + close below CPR; trend aligned; participation light
AVADHSUGAR,EQ,AVADH SUG & ENERGY LTD,336.0,382.3,330.5,372.75,783512,289714407.0,20260227,334.7,320.55,333.2,329.48333333333335,327.625,331.3416666666667,331.3416666666667,327.625,3.716666666666697,1.1154461784713976,Wide,Bullish,Above CPR,Cash Only,FMCG & Food Products,False,False,False,0.9333333333333333,60,10188873.475000001,False,False,Higher,True,Risk Off,False,Bullish Virgin,14.067857142857134,347.28299999999996,373.50350000000003,0.2641956503342665,28.43439048594133,True,False,No setup,0.0,None,None,0,No active J-Curve setup.,Neutral,0,Not applicable,No directional setup; confirmation score not applicable.,Wide CPR,Wide Upside Watch,Watch,Wide CPR + close above CPR; trend mixed; participation confirmed
HISARMETAL,EQ,HISAR METAL IND. LIMITED,168.63,169.87,166.0,168.87,966,163212.7,20260227,176.4,169.02,169.87,171.76333333333332,172.71,170.81666666666663,172.71,170.81666666666663,1.8933333333333735,1.1145778144071192,Wide,Bearish,Below CPR,Cash Only,Metals & Mining,False,False,False,0.8,60,344654.99,False,False,Higher,True,Risk Off,False,None,6.418571428571427,163.1182,170.18489999999997,0.29497737220862713,0.47355385743871,True,False,No setup,0.0,None,None,0,No active J-Curve setup.,Neutral,0,Not applicable,No directional setup; confirmation score not applicable.,Wide CPR,Wide Downside Watch,Watch,Wide CPR + close below CPR; trend mixed; participation light
PARSVNATH,EQ,PARSVNATH DEVELOPER LTD,7.0,8.26,6.86,7.94,2796767,21780016.59,20260227,7.21,6.8,6.89,6.966666666666666,7.005,6.928333333333332,7.005,6.928333333333332,0.07666666666666799,1.1127237542332076,Wide,Bearish,Above CPR,Cash Only,Diversified,False,False,False,0.55,60,5386934.949999999,True,False,Higher,True,Risk Off,False,Bullish Virgin,0.5885714285714287,9.138200000000001,,0.13025889967637763,4.043118543690602,False,False,No setup,0.0,None,None,0,No active J-Curve setup.,Neutral,0,Not applicable,No directional setup; confirmation score not applicable.,Wide CPR,Wide Upside Watch,Watch,Wide CPR + close above CPR; trend opposes; participation confirmed
DREDGECORP,EQ,DREDGING CORP OF INDIA,945.8,982.4,945.8,951.2,136560,131838901.8,20260227,972.8,931.0,968.0,957.2666666666668,951.9,962.6333333333336,962.6333333333336,951.9,10.733333333333576,1.10881542699727,Wide,Bullish,Below CPR,Cash Only,Diversified,False,False,False,0.6333333333333333,60,353794006.25,False,False,Higher,True,Risk Off,False,Bullish Virgin,41.221428571428575,1002.125,896.7534999999999,0.2603823716282621,0.3726431185124126,False,True,No setup,0.0,None,None,0,No active J-Curve setup.,Neutral,0,Not applicable,No directional setup; confirmation score not applicable.,Wide CPR,Wide Downside Watch,Watch,Wide CPR + close below CPR; trend mixed; participation light
TARAPUR,EQ,TARAPUR TRANSFORMERS LTD,26.59,26.93,25.16,25.34,12712,330287.99,20260227,26.92,25.12,26.46,26.166666666666668,26.020000000000003,26.313333333333333,26.313333333333333,26.020000000000003,0.29333333333332945,1.1085915847820462,Wide,Bullish,Below CPR,Cash Only,Diversified,False,False,False,0.45,60,982248.9299999999,False,False,Overlapping,True,Risk Off,False,None,1.4899999999999989,28.587600000000002,,0.1968680089485434,0.33625690994644303,False,False,No setup,0.0,None,None,0,No active J-Curve setup.,Neutral,0,Not applicable,No directional setup; confirmation score not applicable.,Wide CPR,Wide Downside Watch,Watch,Wide CPR + close below CPR; trend aligned; participation light
SESHAPAPER,EQ,SESHASAYEE PAPER & BOARDS,275.94,277.7,270.0,271.86,19605,5364108.48,20260227,281.69,271.1,271.88,274.89,276.395,273.385,276.395,273.385,3.009999999999991,1.1071060762100893,Wide,Bearish,Below CPR,Cash Only,Paper & Packaging,False,False,False,0.8166666666666667,60,2799044.22,False,False,Outside,True,Risk Off,False,None,9.922142857142854,244.2112,246.7334,0.30336188899287225,1.9164071941671577,True,True,No setup,0.0,None,None,0,No active J-Curve setup.,Neutral,0,Not applicable,No directional setup; confirmation score not applicable.,Wide CPR,Wide Downside Watch,Watch,Wide CPR + close below CPR; trend opposes; participation confirmed
SOLARA,EQ,SOLARA ACTIVE PHA SCI LTD,463.1,468.0,457.6,462.2,36104,16688853.4,20260227,481.3,460.1,463.05,468.15000000000003,470.70000000000005,465.6,470.70000000000005,465.6,5.100000000000023,1.1013929381276368,Wide,Bearish,Below CPR,Cash Only,Power & Utilities,False,False,False,0.85,60,31770262.025,False,False,Lower,True,Risk Off,False,Bearish Virgin,17.185714285714287,525.48,550.1235,0.2967581047381559,0.5252979464528039,False,False,No setup,0.0,None,None,0,No active J-Curve setup.,Neutral,0,Not applicable,No directional setup; confirmation score not applicable.,Wide CPR,Wide Downside Watch,Watch,Wide CPR + close below CPR; trend aligned; participation light
JASH,EQ,JASH ENGINEERING LIMITED,405.6,405.6,391.5,399.9,123267,49051643.85,20260227,401.0,385.0,399.6,395.2,393.0,397.4,397.4,393.0,4.399999999999977,1.1011011011010954,Wide,Bullish,Above CPR,Cash Only,Diversified,False,False,False,0.9,60,28317683.675,False,False,Higher,True,Risk Off,False,None,17.63571428571429,403.9189999999999,437.04449999999997,0.24949372215471716,1.7321912488663322,False,False,No setup,0.0,None,None,0,No active J-Curve setup.,Neutral,0,Not applicable,No directional setup; confirmation score not applicable.,Wide CPR,Wide Upside Watch,Watch,Wide CPR + close above CPR; trend opposes; participation confirmed
DAMODARIND,EQ,DAMODAR INDUSTRIES LTD,25.99,25.99,25.0,25.54,1059,27045.51,20260227,25.4,24.15,25.19,24.91333333333333,24.775,25.051666666666662,25.051666666666662,24.775,0.27666666666666373,1.098319438930781,Wide,Bullish,Above CPR,Cash Only,Diversified,False,False,False,0.6833333333333333,60,138892.345,False,False,Outside,True,Risk Off,False,None,1.1249999999999996,27.657999999999998,30.2786,0.2459259259259234,0.19472282651718492,False,False,No setup,0.0,None,None,0,No active J-Curve setup.,Neutral,0,Not applicable,No directional setup; confirmation score not applicable.,Wide CPR,Wide Upside Watch,Watch,Wide CPR + close above CPR; trend opposes; participation light
VAISHALI,EQ,VAISHALI PHARMA LIMITED,7.45,7.45,6.81,6.97,132948,937489.57,20260227,7.59,7.25,7.3,7.38,7.42,7.34,7.42,7.34,0.08000000000000007,1.0958904109589052,Wide,Bearish,Below CPR,Cash Only,Diversified,False,False,False,0.7833333333333333,60,1138038.2149999999,False,False,Lower,True,Risk Off,False,Bearish Virgin,0.35214285714285715,8.343,8.9744,0.22718052738336733,0.8237768799354424,False,False,No setup,0.0,None,None,0,No active J-Curve setup.,Neutral,0,Not applicable,No directional setup; confirmation score not applicable.,Wide CPR,Wide Downside Watch,Watch,Wide CPR + close below CPR; trend aligned; participation light
ALMONDZ,EQ,ALMONDZ GLOBAL SEC LTD,16.1,16.62,16.1,16.12,71881,1177584.12,20260227,16.9,15.89,16.13,16.30666666666667,16.395,16.218333333333337,16.395,16.218333333333337,0.1766666666666623,1.0952676172762699,Wide,Bearish,Below CPR,Cash Only,Diversified,False,False,False,0.55,60,1727840.425,False,False,Higher,True,Risk Off,False,Bullish Virgin,0.8792857142857141,16.042399999999997,16.671599999999998,0.2009206607094454,0.6815352291575191,True,False,No setup,0.0,None,None,0,No active J-Curve setup.,Neutral,0,Not applicable,No directional setup; confirmation score not applicable.,Wide CPR,Wide Downside Watch,Watch,Wide CPR + close below CPR; trend mixed; participation light
PAISALO,EQ,PAISALO DIGITAL LIMITED,36.19,36.49,35.26,35.56,4278665,152795504.62,20260227,36.4,34.93,36.26,35.86333333333334,35.665,36.061666666666675,36.061666666666675,35.665,0.3966666666666754,1.0939510939511181,Wide,Bullish,Below CPR,Cash Only,Diversified,False,False,False,0.9166666666666666,60,119335114.35,False,False,Higher,True,Risk Off,False,Bullish Virgin,1.0178571428571435,34.767799999999994,35.94370000000001,0.3897076023391896,1.280390147126884,True,False,No setup,0.0,None,None,0,No active J-Curve setup.,Neutral,0,Not applicable,No directional setup; confirmation score not applicable.,Wide CPR,Wide Downside Watch,Watch,Wide CPR + close below CPR; trend mixed; participation confirmed
DSSL,EQ,DYNACONS SYS & SOLN LTD,943.25,945.0,911.65,930.55,21970,20460438.6,20260227,955.0,909.85,947.9,937.5833333333334,932.425,942.7416666666668,942.7416666666668,932.425,10.316666666666833,1.0883707845412842,Wide,Bullish,Below CPR,Cash Only,Diversified,False,False,False,0.9166666666666666,60,28078799.125,False,False,Higher,True,Risk Off,False,None,34.78571428571429,964.127,946.3435,0.2965776865160896,0.7286792611363148,False,False,No setup,0.0,None,None,0,No active J-Curve setup.,Neutral,0,Not applicable,No directional setup; confirmation score not applicable.,Wide CPR,Wide Downside Watch,Watch,Wide CPR + close below CPR; trend aligned; participation light
REPL,EQ,RUDRABHISHEK ENTERP LTD,91.86,91.86,86.56,87.37,5509,481154.73,20260227,89.9,85.61,86.35,87.28666666666668,87.755,86.81833333333336,87.755,86.81833333333336,0.936666666666639,1.084732677089333,Wide,Bearish,Inside CPR,Cash Only,Diversified,False,False,False,0.5833333333333334,60,1198673.605,False,False,Overlapping,True,Risk Off,False,None,5.780714285714285,104.331,119.5833,0.1620330326619665,0.4014059607160533,False,False,No setup,0.0,None,None,0,No active J-Curve setup.,Neutral,0,Not applicable,No directional setup; confirmation score not applicable.,Wide CPR,Wide Consolidation,Watch,Wide CPR + close inside CPR; consolidation/range watch
UNIINFO,EQ,UNIINFO TELECOM SERVI LTD,13.9,14.24,13.55,14.04,2161,29761.94,20260227,14.43,13.8,13.89,14.040000000000001,14.115,13.965000000000002,14.115,13.965000000000002,0.14999999999999858,1.0799136069114368,Wide,Bearish,Inside CPR,Cash Only,Information Technology,False,False,False,0.7333333333333333,60,32839.630000000005,False,False,Lower,True,Risk Off,False,None,0.5949999999999998,14.9894,15.911200000000001,0.25210084033613217,0.906281221804265,False,False,No setup,0.0,None,None,0,No active J-Curve setup.,Neutral,0,Not applicable,No directional setup; confirmation score not applicable.,Wide CPR,Wide Consolidation,Watch,Wide CPR + close inside CPR; consolidation/range watch
OSWALPUMPS,EQ,OSWAL PUMPS LIMITED,321.0,321.45,313.55,315.65,424757,134315168.95,20260227,332.85,320.15,321.3,324.76666666666665,326.5,323.0333333333333,326.5,323.0333333333333,3.466666666666697,1.078950098557951,Wide,Bearish,Below CPR,Cash Only,Diversified,False,False,False,0.6666666666666666,60,212622343.27499998,False,False,Outside,True,Risk Off,False,Bearish Virgin,16.760714285714283,428.23400000000004,539.8455,0.2068328716528181,0.6317076882944536,False,False,No setup,0.0,None,None,0,No active J-Curve setup.,Neutral,0,Not applicable,No directional setup; confirmation score not applicable.,Wide CPR,Wide Downside Watch,Watch,Wide CPR + close below CPR; trend aligned; participation light
DYNPRO,EQ,DYNEMIC PRODUCTS LIMITED,230.36,241.53,229.54,232.09,36000,8477229.43,20260227,235.27,220.5,231.63,229.13333333333333,227.885,230.38166666666666,230.38166666666666,227.885,2.4966666666666697,1.077868439609148,Wide,Bullish,Above CPR,Cash Only,Diversified,False,False,False,0.8333333333333334,60,3514922.625,False,False,Overlapping,True,Risk Off,False,None,14.387142857142857,237.7584,265.14169999999996,0.1735345712110683,2.4117826576623433,False,False,No setup,0.0,None,None,0,No active J-Curve setup.,Neutral,0,Not applicable,No directional setup; confirmation score not applicable.,Wide CPR,Wide Upside Watch,Watch,Wide CPR + close above CPR; trend opposes; participation confirmed
SIKKO,EQ,SIKKO INDUSTRIES LIMITED,4.65,4.75,4.52,4.6,344510,1595157.36,20260227,4.85,4.58,4.64,4.69,4.715,4.665000000000001,4.715,4.665000000000001,0.049999999999998934,1.077586206896529,Wide,Bearish,Below CPR,Cash Only,Diversified,False,False,False,0.7166666666666667,60,3714602.31,False,False,Overlapping,True,Risk Off,False,None,0.32142857142857145,52.985,,0.15555555555555223,0.42942883971878004,False,False,No setup,0.0,None,None,0,No active J-Curve setup.,Neutral,0,Not applicable,No directional setup; confirmation score not applicable.,Wide CPR,Wide Downside Watch,Watch,Wide CPR + close below CPR; trend aligned; participation light
BAFNAPH,EQ,BAFNA PHARMACEUTICALS LTD,105.0,108.99,104.02,106.15,4536,486147.12,20260227,111.99,102.01,105.3,106.43333333333334,107.0,105.86666666666667,107.0,105.86666666666667,1.1333333333333258,1.076289965178847,Wide,Bearish,Inside CPR,Cash Only,Diversified,False,False,False,0.41935483870967744,32,1470935.185,True,False,Lower,True,Risk Off,False,None,6.985714285714281,,,0.16223585548738825,0.3305020676352915,False,False,No setup,0.0,None,None,0,No active J-Curve setup.,Neutral,0,Not applicable,No directional setup; confirmation score not applicable.,Wide CPR,Wide Consolidation,Watch,Wide CPR + close inside CPR; consolidation/range watch
TVSHLTD,EQ,TVS HOLDINGS LIMITED,15547.0,15547.0,15000.0,15109.0,6576,99764611.0,20260227,15655.0,14938.0,15547.0,15380.0,15296.5,15463.5,15463.5,15296.5,167.0,1.0741622177912138,Wide,Bullish,Below CPR,Cash Only,Diversified,False,False,False,0.8666666666666667,60,69608842.0,False,False,Higher,True,Risk Off,False,None,586.6428571428571,14528.46,14350.44,0.2846706441008158,1.433217507051762,True,True,No setup,0.0,None,None,0,No active J-Curve setup.,Neutral,0,Not applicable,No directional setup; confirmation score not applicable.,Wide CPR,Wide Downside Watch,Watch,Wide CPR + close below CPR; trend opposes; participation confirmed
LATENTVIEW,EQ,LATENT VIEW ANALYTICS LTD,335.15,344.3,333.0,337.2,669909,227051122.5,20260227,345.8,332.25,333.65,337.2333333333333,339.025,335.4416666666666,339.025,335.4416666666666,3.5833333333333712,1.073979719266708,Wide,Bearish,Inside CPR,Cash Only,Information Technology,True,False,False,0.85,60,147958480.22500002,False,False,Lower,True,Risk Off,False,None,14.389285714285714,422.565,441.53200000000004,0.2490278811946746,1.5345597099586588,False,False,No setup,0.0,None,None,0,No active J-Curve setup.,Neutral,0,Not applicable,No directional setup; confirmation score not applicable.,Wide CPR,Wide Consolidation,Watch,Wide CPR + close inside CPR; consolidation/range watch
THEJO,EQ,THEJO ENGINEERING LIMITED,1692.9,1705.4,1658.3,1686.6,5383,9018538.5,20260227,1760.0,1700.0,1702.6,1720.8666666666668,1730.0,1711.7333333333336,1730.0,1711.7333333333336,18.266666666666424,1.0728689455342668,Wide,Bearish,Below CPR,Cash Only,Diversified,False,False,False,0.9166666666666666,60,11383727.0,False,False,Outside,True,Risk Off,False,Bearish Virgin,63.078571428571436,1734.958,1730.8339999999998,0.28958592835843044,0.7922307430598081,False,False,No setup,0.0,None,None,0,No active J-Curve setup.,Neutral,0,Not applicable,No directional setup; confirmation score not applicable.,Wide CPR,Wide Downside Watch,Watch,Wide CPR + close below CPR; trend aligned; participation light
BLUEJET,EQ,BLUE JET HEALTHCARE LTD,400.05,410.4,392.7,405.3,584028,234413816.0,20260227,414.0,395.0,398.1,402.3666666666666,404.5,400.23333333333323,404.5,400.23333333333323,4.266666666666765,1.071757514862287,Wide,Bearish,Above CPR,Cash Only,Healthcare,True,False,False,0.75,60,134560019.225,False,False,Outside,True,Risk Off,False,None,24.90357142857142,458.591,531.136,0.1713275013145984,1.7420762671565382,False,False,No setup,0.0,None,None,0,No active J-Curve setup.,Neutral,0,Not applicable,No directional setup; confirmation score not applicable.,Wide CPR,Wide Upside Watch,Watch,Wide CPR + close above CPR; trend opposes; participation confirmed
SPENCERS,EQ,SPENCER S RETAIL LIMITED,33.0,33.63,32.55,32.97,58487,1938727.34,20260227,34.48,32.6,33.01,33.36333333333334,33.54,33.186666666666675,33.54,33.186666666666675,0.3533333333333246,1.0703827123093748,Wide,Bearish,Below CPR,Cash Only,Diversified,False,False,False,0.7166666666666667,60,2413673.55,False,False,Outside,True,Risk Off,False,None,1.6892857142857143,37.357800000000005,42.808,0.20916138125439934,0.8032268241080076,False,False,No setup,0.0,None,None,0,No active J-Curve setup.,Neutral,0,Not applicable,No directional setup; confirmation score not applicable.,Wide CPR,Wide Downside Watch,Watch,Wide CPR + close below CPR; trend aligned; participation light
NKIND,EQ,NK INDUSTRIES LTD,73.99,73.99,65.0,66.32,1399,93285.1,20260227,66.5,64.2,64.32,65.00666666666666,65.35,64.66333333333333,65.35,64.66333333333333,0.6866666666666674,1.0675787728026547,Wide,Bearish,Above CPR,Cash Only,Diversified,False,False,False,0.4666666666666667,60,25994.715,True,False,Inside,True,Risk Off,False,None,6.01,65.01939999999999,66.8432,0.1142540210759846,3.588617917142004,True,False,No setup,0.0,None,None,0,No active J-Curve setup.,Neutral,0,Not applicable,No directional setup; confirmation score not applicable.,Wide CPR,Wide Upside Watch,Watch,Wide CPR + close above CPR; trend mixed; participation confirmed
BOROLTD,EQ,BOROSIL LIMITED,236.0,243.5,233.65,237.3,59687,14225292.55,20260227,244.45,235.5,236.2,238.71666666666667,239.975,237.45833333333334,239.975,237.45833333333334,2.5166666666666515,1.0654812305955341,Wide,Bearish,Below CPR,Cash Only,Diversified,False,False,False,0.9166666666666666,60,16074181.825,False,False,Lower,True,Risk Off,False,None,9.257142857142856,264.785,297.421,0.27186213991769387,0.884977705544898,False,False,No setup,0.0,None,None,0,No active J-Curve setup.,Neutral,0,Not applicable,No directional setup; confirmation score not applicable.,Wide CPR,Wide Downside Watch,Watch,Wide CPR + close below CPR; trend aligned; participation light
MAHSEAMLES,EQ,MAHARASHTRA SEAMLESS LTD,573.0,573.0,556.0,562.0,207833,116704528.95,20260227,572.35,547.45,568.95,562.9166666666667,559.9000000000001,565.9333333333334,565.9333333333334,559.9000000000001,6.033333333333303,1.0604329613029797,Wide,Bullish,Inside CPR,Cash Only,Diversified,False,False,False,0.9833333333333333,60,61133713.475,False,False,Higher,True,Risk Off,False,Bullish Virgin,13.328571428571431,537.369,554.2289999999999,0.45266166488031206,1.9090044153415466,True,True,No setup,0.0,None,None,0,No active J-Curve setup.,Neutral,0,Not applicable,No directional setup; confirmation score not applicable.,Wide CPR,Wide Consolidation,Watch,Wide CPR + close inside CPR; consolidation/range watch
TREL,EQ,TRANSINDIA REAL ESTATE L,24.4,24.55,24.03,24.36,65412,1584578.03,20260227,24.4,23.27,24.22,23.963333333333335,23.835,24.09166666666667,24.09166666666667,23.835,0.2566666666666677,1.0597302504816999,Wide,Bullish,Above CPR,Cash Only,Diversified,False,False,False,0.8,60,2968415.71,False,False,Higher,True,Risk Off,False,Bullish Virgin,0.8721428571428567,25.7188,26.8875,0.29429429429429566,0.5338127084632631,False,False,No setup,0.0,None,None,0,No active J-Curve setup.,Neutral,0,Not applicable,No directional setup; confirmation score not applicable.,Wide CPR,Wide Upside Watch,Watch,Wide CPR + close above CPR; trend opposes; participation light
KPEL,EQ,K.P. ENERGY LIMITED,288.0,289.95,283.1,284.25,130749,37350278.35,20260227,300.7,289.0,290.25,293.31666666666666,294.85,291.7833333333333,294.85,291.7833333333333,3.0666666666667197,1.056560436405416,Wide,Bearish,Below CPR,Cash Only,Diversified,False,False,False,0.8666666666666667,60,62824873.625,False,False,Higher,True,Risk Off,False,None,9.339285714285698,316.82599999999996,356.225,0.32836201402167614,0.5945141819614763,False,False,No setup,0.0,None,None,0,No active J-Curve setup.,Neutral,0,Not applicable,No directional setup; confirmation score not applicable.,Wide CPR,Wide Downside Watch,Watch,Wide CPR + close below CPR; trend aligned; participation light
M&MFIN,EQ,M&M FIN. SERVICES LTD,383.0,384.7,371.2,374.3,963530,363739052.45,20260227,387.6,373.45,386.65,382.5666666666666,380.525,384.60833333333323,384.60833333333323,380.525,4.0833333333332575,1.056080003448405,Wide,Bullish,Below CPR,Cash Only,Financial Services,True,False,False,0.8,60,890678786.675,False,False,Higher,True,Risk Off,False,None,13.875000000000009,374.02,348.204,0.29429429429428866,0.4083840974902716,True,True,No setup,0.0,None,None,0,No active J-Curve setup.,Neutral,0,Not applicable,No directional setup; confirmation score not applicable.,Wide CPR,Wide Downside Watch,Watch,Wide CPR + close below CPR; trend opposes; participation light
VTL,EQ,VARDHMAN TEXTILES LIMITED,548.0,548.0,536.65,542.55,435322,236158902.25,20260227,549.9,531.3,549.3,543.4999999999999,540.5999999999999,546.3999999999999,546.3999999999999,540.5999999999999,5.7999999999999545,1.0558893136719378,Wide,Bullish,Inside CPR,Cash Only,Textiles,True,False,False,0.85,60,54245455.325,False,False,Overlapping,True,Risk Off,False,None,22.63214285714286,460.148,446.0115,0.2562726842354406,4.353524195439132,True,True,No setup,0.0,None,None,0,No active J-Curve setup.,Neutral,0,Not applicable,No directional setup; confirmation score not applicable.,Wide CPR,Wide Consolidation,Watch,Wide CPR + close inside CPR; consolidation/range watch
LAL,EQ,LORENZINI APPARELS LTD,7.78,7.78,7.5,7.52,7826,59387.06,20260227,7.9,7.5,7.58,7.66,7.7,7.62,7.7,7.62,0.08000000000000007,1.0554089709762544,Wide,Bearish,Below CPR,Cash Only,Diversified,False,False,False,0.55,60,246149.82,True,False,Inside,True,Risk Off,False,None,0.48714285714285743,8.316400000000002,9.0836,0.1642228739002933,0.24126387742229508,False,False,No setup,0.0,None,None,0,No active J-Curve setup.,Neutral,0,Not applicable,No directional setup; confirmation score not applicable.,Wide CPR,Wide Downside Watch,Watch,Wide CPR + close below CPR; trend aligned; participation light
SIS,EQ,SIS LIMITED,301.9,308.85,295.8,305.3,939268,285599454.55,20260227,305.35,288.9,301.9,298.71666666666664,297.125,300.3083333333333,300.3083333333333,297.125,3.1833333333332803,1.0544330352213582,Wide,Bullish,Above CPR,Cash Only,Diversified,False,False,False,0.9333333333333333,60,20571216.65,False,False,Higher,True,Risk Off,False,Bullish Virgin,10.65000000000001,327.91200000000003,330.0885,0.2989045383411528,13.883449842039363,False,False,No setup,0.0,None,None,0,No active J-Curve setup.,Neutral,0,Not applicable,No directional setup; confirmation score not applicable.,Wide CPR,Wide Upside Watch,Watch,Wide CPR + close above CPR; trend opposes; participation confirmed
FIEMIND,EQ,FIEM INDUSTRIES LIMITED,2211.0,2231.2,2146.0,2176.5,49708,108115544.8,20260227,2289.1,2202.0,2210.6,2233.9,2245.55,2222.25,2245.55,2222.25,23.300000000000182,1.0540124852981174,Wide,Bearish,Below CPR,Cash Only,Diversified,False,False,False,0.75,60,145794923.3,False,False,Overlapping,True,Risk Off,False,Bearish Virgin,103.49285714285709,2268.344,2206.788,0.2251363103043707,0.7415590498822259,False,False,No setup,0.0,None,None,0,No active J-Curve setup.,Neutral,0,Not applicable,No directional setup; confirmation score not applicable.,Wide CPR,Wide Downside Watch,Watch,Wide CPR + close below CPR; trend aligned; participation light
BALAXI,EQ,BALAXI PHARMA LTD,19.93,20.33,19.6,19.73,58868,1163450.14,20260227,20.79,19.7,19.93,20.139999999999997,20.244999999999997,20.034999999999997,20.244999999999997,20.034999999999997,0.21000000000000085,1.0536879076768733,Wide,Bearish,Below CPR,Cash Only,Diversified,False,False,False,0.6166666666666667,60,2077528.625,False,False,Lower,True,Risk Off,False,Bearish Virgin,1.113571428571428,24.5174,31.615099999999998,0.1885824246311747,0.5600164185463389,False,False,No setup,0.0,None,None,0,No active J-Curve setup.,Neutral,0,Not applicable,No directional setup; confirmation score not applicable.,Wide CPR,Wide Downside Watch,Watch,Wide CPR + close below CPR; trend aligned; participation light
EMKAY,EQ,EMKAY GLOBAL FIN SERV LTD,243.8,247.0,233.0,234.65,11275,2684091.7,20260227,247.0,232.8,243.75,241.1833333333333,239.9,242.4666666666666,242.4666666666666,239.9,2.566666666666606,1.052991452991428,Wide,Bullish,Below CPR,Cash Only,Diversified,False,False,False,0.6166666666666667,60,4822566.55,False,False,Higher,True,Risk Off,False,None,12.746428571428568,266.95759999999996,,0.2013635939105211,0.5565691364072519,False,False,No setup,0.0,None,None,0,No active J-Curve setup.,Neutral,0,Not applicable,No directional setup; confirmation score not applicable.,Wide CPR,Wide Downside Watch,Watch,Wide CPR + close below CPR; trend aligned; participation light
PIRAMALFIN,EQ,PIRAMAL FINANCE LIMITED,1755.2,1759.8,1726.0,1738.6,83193,144812761.1,20260227,1828.5,1755.2,1764.0,1782.5666666666666,1791.85,1773.2833333333333,1791.85,1773.2833333333333,18.566666666666606,1.052532123960692,Wide,Bearish,Below CPR,Cash Only,Financial Services,True,False,False,0.9166666666666666,60,379815001.54999995,False,False,Higher,True,Risk Off,False,Bearish Virgin,45.04285714285714,1741.4279999999999,,0.4122000211438828,0.38127183104676926,False,False,No setup,0.0,None,None,0,No active J-Curve setup.,Neutral,0,Not applicable,No directional setup; confirmation score not applicable.,Wide CPR,Wide Downside Watch,Watch,Wide CPR + close below CPR; trend aligned; participation light
ORIENTALTL,EQ,ORIENTAL TRIMEX LTD,6.74,6.78,6.56,6.62,75398,500716.25,20260227,6.88,6.65,6.66,6.73,6.765000000000001,6.695,6.765000000000001,6.695,0.07000000000000028,1.0510510510510553,Wide,Bearish,Below CPR,Cash Only,Diversified,False,False,False,0.9,60,1141646.9100000001,False,False,Overlapping,True,Risk Off,False,None,0.3142857142857142,7.6538,8.4826,0.22272727272727366,0.4385911665104931,False,False,No setup,0.0,None,None,0,No active J-Curve setup.,Neutral,0,Not applicable,No directional setup; confirmation score not applicable.,Wide CPR,Wide Downside Watch,Watch,Wide CPR + close below CPR; trend aligned; participation light
WEWIN,EQ,WE WIN LIMITED,40.0,44.48,39.2,43.55,3534,146900.92,20260227,41.99,38.01,40.64,40.21333333333333,40.0,40.42666666666666,40.42666666666666,40.0,0.4266666666666623,1.0498687664041888,Wide,Bullish,Above CPR,Cash Only,Diversified,False,False,False,0.75,60,203865.475,False,False,Higher,True,Risk Off,False,None,2.591428571428571,47.905,,0.16464535097390498,0.7205777241094894,False,False,No setup,0.0,None,None,0,No active J-Curve setup.,Neutral,0,Not applicable,No directional setup; confirmation score not applicable.,Wide CPR,Wide Upside Watch,Watch,Wide CPR + close above CPR; trend opposes; participation light
ADVANCE,EQ,ADVANCE AGROLIFE LIMITED,126.85,126.85,120.42,121.83,283403,34882150.22,20260227,130.44,125.2,125.84,127.16000000000001,127.82,126.50000000000003,127.82,126.50000000000003,1.3199999999999648,1.048951048951021,Wide,Bearish,Below CPR,Cash Only,Diversified,False,False,False,0.75,60,39639907.230000004,False,False,Overlapping,True,Risk Off,False,Bearish Virgin,5.7164285714285725,127.8416,,0.23091340747219172,0.8799755765725085,False,False,No setup,0.0,None,None,0,No active J-Curve setup.,Neutral,0,Not applicable,No directional setup; confirmation score not applicable.,Wide CPR,Wide Downside Watch,Watch,Wide CPR + close below CPR; trend aligned; participation light
COMPUSOFT,EQ,COMPUCOM SOFTWARE LTD,14.35,14.67,14.0,14.23,20562,291982.24,20260227,14.71,13.68,14.42,14.270000000000001,14.195,14.345000000000002,14.345000000000002,14.195,0.15000000000000213,1.0402219140083366,Wide,Bullish,Inside CPR,Cash Only,Information Technology,False,False,False,0.8333333333333334,60,328536.375,False,False,Outside,True,Risk Off,False,None,0.6642857142857145,15.0278,16.4608,0.22580645161290636,0.8887364146511935,False,False,No setup,0.0,None,None,0,No active J-Curve setup.,Neutral,0,Not applicable,No directional setup; confirmation score not applicable.,Wide CPR,Wide Consolidation,Watch,Wide CPR + close inside CPR; consolidation/range watch
HYBRIDFIN,EQ,HYBRID FINANCIAL SERVICE,18.82,19.49,18.82,19.03,2316,44098.22,20260227,19.89,18.52,18.91,19.106666666666666,19.205,19.008333333333333,19.205,19.008333333333333,0.19666666666666544,1.0400141018861209,Wide,Bearish,Inside CPR,Cash Only,Diversified,False,False,False,0.4489795918367347,50,302788.20499999996,False,False,Lower,True,Risk Off,False,None,1.8035714285714282,19.1004,,0.10904290429042839,0.14564048160330423,False,False,No setup,0.0,None,None,0,No active J-Curve setup.,Neutral,0,Not applicable,No directional setup; confirmation score not applicable.,Wide CPR,Wide Consolidation,Watch,Wide CPR + close inside CPR; consolidation/range watch
BROOKS,EQ,BROOKS LAB LIMITED,68.7,69.94,66.2,67.11,23967,1638913.04,20260227,70.97,67.15,68.0,68.70666666666666,69.06,68.35333333333332,69.06,68.35333333333332,0.7066666666666777,1.039215686274526,Wide,Bearish,Below CPR,Cash Only,Diversified,False,False,False,0.6833333333333333,60,2665514.1950000003,True,False,Overlapping,True,Risk Off,False,None,4.914285714285716,73.4532,91.21350000000001,0.1437984496124053,0.6148581174597721,False,False,No setup,0.0,None,None,0,No active J-Curve setup.,Neutral,0,Not applicable,No directional setup; confirmation score not applicable.,Wide CPR,Wide Downside Watch,Watch,Wide CPR + close below CPR; trend aligned; participation light
EPACKPEB,EQ,EPACK PREFAB TECHN LTD,180.15,182.28,178.6,179.21,171382,30798909.37,20260227,186.89,179.0,180.15,182.01333333333332,182.945,181.08166666666665,182.945,181.08166666666665,1.863333333333344,1.0343232491442376,Wide,Bearish,Below CPR,Cash Only,Paper & Packaging,False,False,False,0.6666666666666666,60,202916977.05,False,False,Overlapping,True,Risk Off,False,None,9.352142857142857,229.4382,252.8703,0.19924132488098079,0.15178084070516662,False,False,No setup,0.0,None,None,0,No active J-Curve setup.,Neutral,0,Not applicable,No directional setup; confirmation score not applicable.,Wide CPR,Wide Downside Watch,Watch,Wide CPR + close below CPR; trend aligned; participation light
ESSENTIA,EQ,INTEGRA ESSENTIA LIMITED,1.29,1.33,1.28,1.31,1003091,1310505.08,20260227,1.34,1.28,1.29,1.3033333333333335,1.31,1.2966666666666669,1.31,1.2966666666666669,0.013333333333333197,1.0335917312661393,Wide,Bearish,Inside CPR,Cash Only,Diversified,False,False,False,0.7333333333333333,60,1850845.835,False,False,Higher,True,Risk Off,False,Bullish Virgin,0.055000000000000014,1.4682000000000002,1.5798999999999999,0.24242424242423988,0.7080573947424422,False,False,No setup,0.0,None,None,0,No active J-Curve setup.,Neutral,0,Not applicable,No directional setup; confirmation score not applicable.,Wide CPR,Wide Consolidation,Watch,Wide CPR + close inside CPR; consolidation/range watch
SONATSOFTW,EQ,SONATA SOFTWARE LTD,271.95,275.7,267.0,268.2,632253,170926272.45,20260227,280.3,270.0,270.95,273.75,275.15,272.35,275.15,272.35,2.7999999999999545,1.0334009964938013,Wide,Bearish,Below CPR,Cash Only,Information Technology,True,False,False,0.8833333333333333,60,172110015.575,False,False,Outside,True,Risk Off,False,None,13.021428571428563,322.858,343.791,0.2150301700493658,0.9931221717629549,False,False,No setup,0.0,None,None,0,No active J-Curve setup.,Neutral,0,Not applicable,No directional setup; confirmation score not applicable.,Wide CPR,Wide Downside Watch,Watch,Wide CPR + close below CPR; trend aligned; participation light
KITEX,EQ,KITEX GARMENTS LTD,184.5,185.0,180.91,181.72,452310,82386821.44,20260227,192.0,182.61,184.46,186.35666666666668,187.305,185.40833333333336,187.305,185.40833333333336,1.896666666666647,1.0282265351114859,Wide,Bearish,Below CPR,Cash Only,Diversified,False,False,False,0.75,60,154575131.875,False,False,Overlapping,True,Risk Off,False,Bearish Virgin,9.880714285714285,180.52800000000002,191.167,0.19195643268512297,0.5329888478220649,True,False,No setup,0.0,None,None,0,No active J-Curve setup.,Neutral,0,Not applicable,No directional setup; confirmation score not applicable.,Wide CPR,Wide Downside Watch,Watch,Wide CPR + close below CPR; trend mixed; participation light
CHEVIOT,EQ,CHEVIOT COMPANY LIMITED,1041.0,1058.0,1036.0,1045.3,509,533784.0,20260227,1074.9,1038.8,1040.8,1051.5,1056.85,1046.15,1056.85,1046.15,10.699999999999818,1.0280553420445637,Wide,Bearish,Below CPR,Cash Only,Diversified,False,False,False,0.95,60,1045767.1499999999,False,False,Lower,True,Risk Off,False,Bearish Virgin,26.0428571428572,1049.098,1081.495,0.4108612177728939,0.5104233767526548,False,False,No setup,0.0,None,None,0,No active J-Curve setup.,Neutral,0,Not applicable,No directional setup; confirmation score not applicable.,Wide CPR,Wide Downside Watch,Watch,Wide CPR + close below CPR; trend aligned; participation light
DIXON,EQ,DIXON TECHNO (INDIA) LTD,10106.0,10620.0,10085.0,10528.0,1359438,14186556756.0,20260227,10462.0,10081.0,10116.0,10219.666666666666,10271.5,10167.833333333332,10271.5,10167.833333333332,103.66666666666788,1.0247792276262147,Wide,Bearish,Above CPR,Cash Only,Consumer Durables,True,False,False,0.7666666666666667,60,6983229313.0,False,False,Lower,True,Risk Off,False,None,358.14285714285717,11451.9,13339.14,0.2894561893365278,2.0315181014592008,False,False,No setup,0.0,None,None,0,No active J-Curve setup.,Neutral,0,Not applicable,No directional setup; confirmation score not applicable.,Wide CPR,Wide Upside Watch,Watch,Wide CPR + close above CPR; trend opposes; participation confirmed
PRICOLLTD,EQ,PRICOL LIMITED,617.7,619.1,599.2,602.8,342483,207288497.3,20260227,639.1,615.25,617.7,624.0166666666667,627.175,620.8583333333333,627.175,620.8583333333333,6.316666666666606,1.0226107603475159,Wide,Bearish,Below CPR,Cash Only,Diversified,False,False,False,0.8,60,275149436.95000005,False,False,Overlapping,True,Risk Off,False,Bearish Virgin,21.928571428571438,615.028,596.0005,0.28805646036916105,0.7533669688652437,False,True,No setup,0.0,None,None,0,No active J-Curve setup.,Neutral,0,Not applicable,No directional setup; confirmation score not applicable.,Wide CPR,Wide Downside Watch,Watch,Wide CPR + close below CPR; trend mixed; participation light
TNTELE,EQ,TAMILNADU TELECOMMUNICATI,9.2,9.2,8.5,8.69,5686,49507.01,20260227,8.95,8.42,8.82,8.729999999999999,8.684999999999999,8.774999999999999,8.774999999999999,8.684999999999999,0.08999999999999986,1.0204081632653046,Wide,Bullish,Inside CPR,Cash Only,Diversified,False,False,False,0.6833333333333333,60,193982.45,False,False,Overlapping,True,Risk Off,False,None,0.574285714285714,9.3254,10.4799,0.1567164179104476,0.2552138608415349,False,False,No setup,0.0,None,None,0,No active J-Curve setup.,Neutral,0,Not applicable,No directional setup; confirmation score not applicable.,Wide CPR,Wide Consolidation,Watch,Wide CPR + close inside CPR; consolidation/range watch
PITTIENG,EQ,PITTI ENGINEERING LIMITED,907.55,916.8,894.45,910.05,27454,24920386.45,20260227,919.95,883.85,915.9,906.5666666666667,901.9000000000001,911.2333333333333,911.2333333333333,901.9000000000001,9.333333333333258,1.0190341012483086,Wide,Bullish,Inside CPR,Cash Only,Diversified,False,False,False,0.7333333333333333,60,27024180.200000003,False,False,Higher,True,Risk Off,False,Bullish Virgin,32.164285714285704,823.6030000000001,859.812,0.29017691909097415,0.9221514312578479,True,True,No setup,0.0,None,None,0,No active J-Curve setup.,Neutral,0,Not applicable,No directional setup; confirmation score not applicable.,Wide CPR,Wide Consolidation,Watch,Wide CPR + close inside CPR; consolidation/range watch
SHEMAROO,EQ,SHEMAROO ENTER. LTD.,107.99,107.99,100.51,101.17,6055,618007.86,20260227,111.78,100.0,104.31,105.36333333333334,105.89,104.83666666666669,105.89,104.83666666666669,1.0533333333333132,1.0098105007509472,Wide,Bearish,Below CPR,Cash Only,Diversified,False,False,False,0.65,60,822526.6699999999,False,False,Higher,True,Risk Off,False,None,6.412142857142859,103.4084,107.4773,0.1642716571980214,0.7513529743661687,False,False,No setup,0.0,None,None,0,No active J-Curve setup.,Neutral,0,Not applicable,No directional setup; confirmation score not applicable.,Wide CPR,Wide Downside Watch,Watch,Wide CPR + close below CPR; trend aligned; participation light
SONAMLTD,EQ,SONAM LIMITED,50.5,50.5,48.21,49.43,76932,3781595.41,20260227,51.24,47.07,49.91,49.406666666666666,49.155,49.65833333333333,49.65833333333333,49.155,0.5033333333333303,1.0084819341481273,Wide,Bullish,Inside CPR,Cash Only,Diversified,False,False,False,0.7,60,1828635.515,False,False,Higher,True,Risk Off,False,None,2.9828571428571413,42.4134,42.1986,0.168742017879948,2.067987512536089,True,True,No setup,0.0,None,None,0,No active J-Curve setup.,Neutral,0,Not applicable,No directional setup; confirmation score not applicable.,Wide CPR,Wide Consolidation,Watch,Wide CPR + close inside CPR; consolidation/range watch
UNITECH,EQ,UNITECH LTD,5.0,5.29,4.89,5.12,7562359,38404517.24,20260227,5.14,4.93,4.96,5.010000000000001,5.035,4.985000000000001,5.035,4.985000000000001,0.049999999999998934,1.0080645161290107,Wide,Bearish,Above CPR,Cash Only,Information Technology,False,False,False,0.75,60,26226546.935000002,False,False,Higher,True,Risk Off,False,None,0.3635714285714286,5.3032,,0.13752455795677504,1.4643375407056805,False,False,No setup,0.0,None,None,0,No active J-Curve setup.,Neutral,0,Not applicable,No directional setup; confirmation score not applicable.,Wide CPR,Wide Upside Watch,Watch,Wide CPR + close above CPR; trend opposes; participation confirmed
RAJSREESUG,EQ,RAJSHREE SUGAR & CHEMICAL,26.51,28.27,26.21,27.6,132879,3641338.06,20260227,26.8,25.42,26.51,26.243333333333336,26.11,26.376666666666672,26.376666666666672,26.11,0.2666666666666728,1.005909719602689,Wide,Bullish,Above CPR,Cash Only,Diversified,False,False,False,0.7166666666666667,60,1524323.115,False,False,Higher,True,Risk Off,False,Bullish Virgin,1.3214285714285707,31.207399999999996,34.4993,0.20180180180180657,2.3888229629057354,False,False,No setup,0.0,None,None,0,No active J-Curve setup.,Neutral,0,Not applicable,No directional setup; confirmation score not applicable.,Wide CPR,Wide Upside Watch,Watch,Wide CPR + close above CPR; trend opposes; participation confirmed
RELTD,EQ,RAVINDRA ENERGY LIMITED,147.1,148.0,144.74,146.95,23856,3486310.63,20260227,147.62,141.27,146.64,145.17666666666665,144.445,145.9083333333333,145.9083333333333,144.445,1.4633333333333098,0.9979087106746523,Wide,Bullish,Above CPR,Cash Only,Diversified,False,False,False,0.7833333333333333,60,17527267.14,False,False,Outside,True,Risk Off,False,None,4.602142857142856,151.9438,153.8611,0.317967820373527,0.19890782756677947,False,False,No setup,0.0,None,None,0,No active J-Curve setup.,Neutral,0,Not applicable,No directional setup; confirmation score not applicable.,Wide CPR,Wide Upside Watch,Watch,Wide CPR + close above CPR; trend opposes; participation light
KREBSBIO,EQ,KREBS BIOCHEMICALS & IND,60.0,60.0,56.5,57.04,2664,154900.7,20260227,59.95,57.9,59.82,59.22333333333333,58.925,59.52166666666666,59.52166666666666,58.925,0.596666666666664,0.9974367547085657,Wide,Bullish,Below CPR,Cash Only,Healthcare & Pharma,False,False,False,0.6333333333333333,60,219693.88,False,False,Overlapping,True,Risk Off,False,None,3.182857142857143,62.88839999999999,65.6693,0.18746259724715655,0.7050751709606112,False,False,No setup,0.0,None,None,0,No active J-Curve setup.,Neutral,0,Not applicable,No directional setup; confirmation score not applicable.,Wide CPR,Wide Downside Watch,Watch,Wide CPR + close below CPR; trend aligned; participation light
MAHABANK,EQ,BANK OF MAHARASHTRA,75.62,77.0,73.82,74.76,31733355,2387222627.24,20260227,75.9,73.15,75.65,74.9,74.525,75.275,75.275,74.525,0.75,0.991407799074686,Wide,Bullish,Inside CPR,Cash Only,Financial Services,True,False,False,0.9333333333333333,60,1137880052.355,False,False,Higher,True,Risk Off,False,Bullish Virgin,2.2957142857142836,64.58099999999999,61.3829,0.32669570628500344,2.097956302423364,True,True,No setup,0.0,None,None,0,No active J-Curve setup.,Neutral,0,Not applicable,No directional setup; confirmation score not applicable.,Wide CPR,Wide Consolidation,Watch,Wide CPR + close inside CPR; consolidation/range watch
SALZERELEC,EQ,SALZER ELECTRONICS LTD,657.0,666.95,652.55,658.35,44333,29266670.95,20260227,683.2,651.45,657.55,664.0666666666667,667.325,660.8083333333334,667.325,660.8083333333334,6.5166666666666515,0.9910526449192688,Wide,Bearish,Below CPR,Cash Only,Diversified,False,False,False,0.8333333333333334,60,30901361.625,False,False,Higher,True,Risk Off,False,None,32.050000000000026,639.592,705.3405,0.20332813312532438,0.9470997202376514,True,False,No setup,0.0,None,None,0,No active J-Curve setup.,Neutral,0,Not applicable,No directional setup; confirmation score not applicable.,Wide CPR,Wide Downside Watch,Watch,Wide CPR + close below CPR; trend mixed; participation light
IONEXCHANG,EQ,ION EXCHANGE (INDIA) LTD,370.0,371.0,363.15,364.1,83010,30309216.55,20260227,380.95,367.0,368.5,372.15000000000003,373.975,370.32500000000005,373.975,370.32500000000005,3.6499999999999773,0.9905020352781485,Wide,Bearish,Below CPR,Cash Only,Diversified,False,False,False,0.8333333333333334,60,63719397.25,False,False,Lower,True,Risk Off,False,Bearish Virgin,13.310714285714283,370.22399999999993,372.9185,0.2742151864770576,0.475667031674566,False,False,No setup,0.0,None,None,0,No active J-Curve setup.,Neutral,0,Not applicable,No directional setup; confirmation score not applicable.,Wide CPR,Wide Downside Watch,Watch,Wide CPR + close below CPR; trend aligned; participation light
JINDRILL,EQ,JINDAL DRILLING IND. LTD,459.0,460.0,444.0,445.3,45634,20364280.4,20260227,469.85,449.0,452.7,457.18333333333334,459.425,454.94166666666666,459.425,454.94166666666666,4.4833333333333485,0.9903541712686875,Wide,Bearish,Below CPR,Cash Only,Diversified,False,False,False,0.8333333333333334,60,48105508.1,False,False,Lower,True,Risk Off,False,Bearish Virgin,15.428571428571425,506.43700000000007,532.9735,0.29058641975308747,0.4233253364181803,False,False,No setup,0.0,None,None,0,No active J-Curve setup.,Neutral,0,Not applicable,No directional setup; confirmation score not applicable.,Wide CPR,Wide Downside Watch,Watch,Wide CPR + close below CPR; trend aligned; participation light
TATVA,EQ,TATVA CHIN PHARM CHEM LTD,1228.0,1250.5,1216.0,1223.5,46352,56968969.4,20260227,1291.9,1218.0,1236.6,1248.8333333333333,1254.95,1242.7166666666665,1254.95,1242.7166666666665,12.233333333333576,0.9892716588495533,Wide,Bearish,Below CPR,Cash Only,Diversified,False,False,False,0.7333333333333333,60,80236346.5,False,False,Higher,True,Risk Off,False,None,45.30000000000003,1268.656,1325.8930000000003,0.2700515084621096,0.7100144994762442,False,False,No setup,0.0,None,None,0,No active J-Curve setup.,Neutral,0,Not applicable,No directional setup; confirmation score not applicable.,Wide CPR,Wide Downside Watch,Watch,Wide CPR + close below CPR; trend aligned; participation light
SYNGENE,EQ,SYNGENE INTERNATIONAL LTD,425.0,427.25,418.1,422.2,870034,367629154.05,20260227,439.85,424.55,425.9,430.1000000000001,432.20000000000005,428.0000000000001,432.20000000000005,428.0000000000001,4.199999999999932,0.9861469828598103,Wide,Bearish,Below CPR,Cash Only,Healthcare,True,False,False,0.9333333333333333,60,420585784.79999995,False,False,Lower,True,Risk Off,False,Bearish Virgin,11.985714285714295,547.8430000000001,595.232,0.3504171632896246,0.8740883960802853,False,False,No setup,0.0,None,None,0,No active J-Curve setup.,Neutral,0,Not applicable,No directional setup; confirmation score not applicable.,Wide CPR,Wide Downside Watch,Watch,Wide CPR + close below CPR; trend aligned; participation light
VPRPL,EQ,VISHNU PRAKASH R PUNGLI L,44.75,44.92,44.0,44.2,787661,35038961.49,20260227,46.59,44.8,45.03,45.473333333333336,45.695,45.25166666666667,45.695,45.25166666666667,0.44333333333332803,0.9845288326300867,Wide,Bearish,Below CPR,Cash Only,Diversified,False,False,False,0.6,60,126425372.045,False,False,Overlapping,True,Risk Off,False,Bearish Virgin,2.5185714285714296,50.0208,68.2315,0.17602571374550738,0.2771513417221995,False,False,No setup,0.0,None,None,0,No active J-Curve setup.,Neutral,0,Not applicable,No directional setup; confirmation score not applicable.,Wide CPR,Wide Downside Watch,Watch,Wide CPR + close below CPR; trend aligned; participation light
PRIMESECU,EQ,PRIME SECURITIES LIMITED,280.95,280.95,274.0,276.45,1650,456679.85,20260227,282.0,272.0,281.15,278.3833333333333,277.0,279.76666666666665,279.76666666666665,277.0,2.7666666666666515,0.9840535894243826,Wide,Bullish,Below CPR,Cash Only,Diversified,False,False,False,0.7833333333333333,60,10347012.325,False,False,Higher,True,Risk Off,False,None,8.517857142857139,279.185,287.442,0.3248078266946175,0.044136397604996574,False,False,No setup,0.0,None,None,0,No active J-Curve setup.,Neutral,0,Not applicable,No directional setup; confirmation score not applicable.,Wide CPR,Wide Downside Watch,Watch,Wide CPR + close below CPR; trend aligned; participation light
AUTOIND,EQ,AUTOLINE INDUSTRIES LTD,75.72,76.9,74.81,75.6,33463,2542194.29,20260227,79.49,74.51,75.88,76.62666666666667,77.0,76.25333333333333,77.0,76.25333333333333,0.7466666666666697,0.984009840098405,Wide,Bearish,Below CPR,Cash Only,Automobile & Ancillary,False,False,False,0.8166666666666667,60,5414535.34,False,False,Lower,True,Risk Off,False,Bearish Virgin,3.1128571428571408,77.1068,73.5966,0.2398653816735517,0.46951291853605304,False,True,No setup,0.0,None,None,0,No active J-Curve setup.,Neutral,0,Not applicable,No directional setup; confirmation score not applicable.,Wide CPR,Wide Downside Watch,Watch,Wide CPR + close below CPR; trend mixed; participation light
OFSS,EQ,ORACLE FIN SERV SOFT LTD.,6904.0,6985.0,6835.0,6932.0,257521,1784837970.5,20260227,6880.0,6631.0,6856.5,6789.166666666667,6755.5,6822.833333333334,6822.833333333334,6755.5,67.33333333333394,0.9820365103673002,Wide,Bullish,Above CPR,Cash Only,Information Technology,True,False,False,0.9166666666666666,60,916233307.0,False,False,Higher,True,Risk Off,False,Bullish Virgin,217.67857142857142,7459.66,7938.395,0.30932458299152593,1.9480169044978846,False,False,No setup,0.0,None,None,0,No active J-Curve setup.,Neutral,0,Not applicable,No directional setup; confirmation score not applicable.,Wide CPR,Wide Upside Watch,Watch,Wide CPR + close above CPR; trend opposes; participation confirmed
MCX,EQ,MULTI COMMODITY EXCHANGE,2455.2,2482.0,2432.5,2443.3,2538434,6218807304.6,20260227,2468.0,2377.5,2458.9,2434.7999999999997,2422.75,2446.8499999999995,2446.8499999999995,2422.75,24.099999999999454,0.9801130586847555,Wide,Bullish,Inside CPR,Cash Only,Financial Services,True,False,False,0.75,60,6644476030.4,False,False,Overlapping,True,Risk Off,False,None,87.88571428571429,4214.372,6881.821,0.2742197659297727,0.9359364494878953,False,False,No setup,0.0,None,None,0,No active J-Curve setup.,Neutral,0,Not applicable,No directional setup; confirmation score not applicable.,Wide CPR,Wide Consolidation,Watch,Wide CPR + close inside CPR; consolidation/range watch
SKFINDUS,EQ,SKF IND (INDUSTRIAL) LTD,2455.0,2600.0,2420.2,2562.5,34645,87910762.6,20260227,2577.4,2399.9,2452.7,2476.6666666666665,2488.65,2464.683333333333,2488.65,2464.683333333333,23.96666666666715,0.9771544284530173,Wide,Bearish,Above CPR,Cash Only,Diversified,False,False,False,0.851063829787234,48,42204005.05,False,False,Lower,True,Risk Off,False,None,96.24999999999993,,,0.24900432900433422,2.082995736917627,False,False,No setup,0.0,None,None,0,No active J-Curve setup.,Neutral,0,Not applicable,No directional setup; confirmation score not applicable.,Wide CPR,Wide Upside Watch,Watch,Wide CPR + close above CPR; trend opposes; participation confirmed
KINGFA,EQ,KINGFA SCI & TEC IND LTD.,4367.0,4466.0,4316.1,4404.1,5611,24632470.0,20260227,4580.2,4302.2,4377.7,4420.033333333333,4441.2,4398.866666666666,4441.2,4398.866666666666,42.33333333333394,0.9670222567406159,Wide,Bearish,Inside CPR,Cash Only,Diversified,False,False,False,0.7,60,17119846.0,False,False,Overlapping,True,Risk Off,False,None,192.85714285714286,4260.718,,0.21950617283950932,1.438825442705501,True,False,No setup,0.0,None,None,0,No active J-Curve setup.,Neutral,0,Not applicable,No directional setup; confirmation score not applicable.,Wide CPR,Wide Consolidation,Watch,Wide CPR + close inside CPR; consolidation/range watch
FMNL,EQ,FUTURE MKT NETWORKS LTD,7.9,8.33,7.88,8.3,12634,103058.0,20260227,8.24,7.87,7.94,8.016666666666667,8.055,7.978333333333335,8.055,7.978333333333335,0.07666666666666444,0.9655751469353203,Wide,Bearish,Above CPR,Cash Only,Diversified,False,False,False,0.5333333333333333,60,342840.47,False,False,Lower,True,Risk Off,False,None,0.5371428571428571,8.408399999999999,9.7339,0.14273049645389657,0.30060045128277885,False,False,No setup,0.0,None,None,0,No active J-Curve setup.,Neutral,0,Not applicable,No directional setup; confirmation score not applicable.,Wide CPR,Wide Upside Watch,Watch,Wide CPR + close above CPR; trend opposes; participation light
BIRLANU,EQ,BIRLANU LIMITED,1517.8,1525.9,1490.1,1507.5,7750,11631015.4,20260227,1565.0,1505.0,1513.1,1527.7,1535.0,1520.4,1535.0,1520.4,14.599999999999909,0.9649064833784885,Wide,Bearish,Below CPR,Cash Only,Diversified,False,False,False,0.85,60,16313203.0,False,False,Outside,True,Risk Off,False,None,72.27142857142859,1646.5180000000003,1714.4109999999998,0.20201620873690324,0.7129817118073012,False,False,No setup,0.0,None,None,0,No active J-Curve setup.,Neutral,0,Not applicable,No directional setup; confirmation score not applicable.,Wide CPR,Wide Downside Watch,Watch,Wide CPR + close below CPR; trend aligned; participation light
SYRMA,EQ,SYRMA SGS TECHNOLOGY LTD,832.0,843.85,817.5,822.25,769838,637213107.65,20260227,861.1,830.0,833.5,841.5333333333333,845.55,837.5166666666667,845.55,837.5166666666667,8.033333333333303,0.9638072385522859,Wide,Bearish,Below CPR,Cash Only,Capital Goods,True,False,False,0.8166666666666667,60,634906391.625,False,False,Overlapping,True,Risk Off,False,None,27.739285714285725,767.85,788.0595000000001,0.28960130466503464,1.0036331592427288,True,True,No setup,0.0,None,None,0,No active J-Curve setup.,Neutral,0,Not applicable,No directional setup; confirmation score not applicable.,Wide CPR,Wide Downside Watch,Watch,Wide CPR + close below CPR; trend opposes; participation confirmed
PARKHOSPS,EQ,PARK MEDI WORLD LIMITED,192.0,195.38,190.01,193.07,863164,166899395.82,20260227,191.7,184.59,190.9,189.0633333333333,188.14499999999998,189.98166666666663,189.98166666666663,188.14499999999998,1.8366666666666447,0.9621093067923754,Wide,Bullish,Above CPR,Cash Only,Diversified,False,False,False,0.7959183673469388,50,166560321.225,False,False,Lower,True,Risk Off,False,None,8.092142857142857,159.8356,,0.22696913525759577,1.0020357465241794,True,False,No setup,0.0,None,None,0,No active J-Curve setup.,Neutral,0,Not applicable,No directional setup; confirmation score not applicable.,Wide CPR,Wide Upside Watch,Watch,Wide CPR + close above CPR; trend mixed; participation confirmed
AJOONI,EQ,AJOONI BIOTECH LIMITED,4.5,4.54,4.39,4.43,280658,1246454.69,20260227,4.65,4.5,4.51,4.553333333333334,4.575,4.531666666666667,4.575,4.531666666666667,0.043333333333333,0.9608277900960754,Wide,Bearish,Below CPR,Cash Only,Diversified,False,False,False,0.75,60,1271228.04,False,False,Lower,True,Risk Off,False,Bearish Virgin,0.1592857142857143,4.4064000000000005,4.6575999999999995,0.27204783258594706,0.9805122690654305,True,False,No setup,0.0,None,None,0,No active J-Curve setup.,Neutral,0,Not applicable,No directional setup; confirmation score not applicable.,Wide CPR,Wide Downside Watch,Watch,Wide CPR + close below CPR; trend mixed; participation light
HLVLTD,EQ,HLV LIMITED,8.15,8.17,7.9,7.95,301375,2423743.17,20260227,8.29,8.0,8.03,8.106666666666667,8.145,8.068333333333335,8.145,8.068333333333335,0.07666666666666444,0.9547530095475024,Wide,Bearish,Below CPR,Cash Only,Diversified,False,False,False,0.8,60,2732203.765,False,False,Lower,True,Risk Off,False,None,0.3285714285714288,8.917,9.634,0.2333333333333264,0.8871019069106655,False,False,No setup,0.0,None,None,0,No active J-Curve setup.,Neutral,0,Not applicable,No directional setup; confirmation score not applicable.,Wide CPR,Wide Downside Watch,Watch,Wide CPR + close below CPR; trend aligned; participation light
ROML,EQ,RAJ OIL MILLS LIMITED,44.54,45.7,42.56,43.67,22575,993210.13,20260227,43.99,42.1,43.67,43.25333333333333,43.045,43.46166666666666,43.46166666666666,43.045,0.4166666666666572,0.9541256392641566,Wide,Bullish,Above CPR,Cash Only,Diversified,False,False,False,0.8333333333333334,60,290642.91500000004,False,False,Higher,True,Risk Off,False,None,2.0385714285714287,46.568400000000004,49.0925,0.2043914973137071,3.4172865696726165,False,False,No setup,0.0,None,None,0,No active J-Curve setup.,Neutral,0,Not applicable,No directional setup; confirmation score not applicable.,Wide CPR,Wide Upside Watch,Watch,Wide CPR + close above CPR; trend opposes; participation confirmed
VISASTEEL,EQ,VISA STEEL LIMITED,38.69,40.0,37.3,38.29,5828,226415.16,20260227,39.8,37.56,39.24,38.86666666666667,38.68,39.053333333333335,39.053333333333335,38.68,0.37333333333333485,0.9514101257220562,Wide,Bullish,Below CPR,Cash Only,Metals & Mining,False,False,False,0.4864864864864865,38,788449.015,False,False,Higher,True,Risk Off,False,None,2.2014285714285697,,,0.16958684836686216,0.2871652518964717,False,False,No setup,0.0,None,None,0,No active J-Curve setup.,Neutral,0,Not applicable,No directional setup; confirmation score not applicable.,Wide CPR,Wide Downside Watch,Watch,Wide CPR + close below CPR; trend aligned; participation light
AMBICAAGAR,EQ,AMBICA AGAR & AROMAINDLTD,25.99,25.99,25.15,25.37,400,10127.84,20260227,25.99,25.27,25.27,25.51,25.63,25.390000000000004,25.63,25.390000000000004,0.23999999999999488,0.9497427779976053,Wide,Bearish,Below CPR,Cash Only,Diversified,False,False,False,0.8166666666666667,60,104596.73,False,False,Inside,True,Risk Off,False,None,1.4421428571428567,24.8746,25.221500000000002,0.1664190193164898,0.09682750120390954,True,True,No setup,0.0,None,None,0,No active J-Curve setup.,Neutral,0,Not applicable,No directional setup; confirmation score not applicable.,Wide CPR,Wide Downside Watch,Watch,Wide CPR + close below CPR; trend opposes; participation light
ASHOKAMET,EQ,ASHOKA METCAST LIMITED,15.54,15.72,15.02,15.22,12279,188595.92,20260227,16.0,15.36,15.46,15.606666666666667,15.68,15.533333333333335,15.68,15.533333333333335,0.14666666666666472,0.9486847779215053,Wide,Bearish,Below CPR,Cash Only,Diversified,False,False,False,0.8166666666666667,60,272267.27,False,False,Lower,True,Risk Off,False,None,0.9428571428571432,14.865,15.6401,0.15555555555555345,0.6926867118475166,True,False,No setup,0.0,None,None,0,No active J-Curve setup.,Neutral,0,Not applicable,No directional setup; confirmation score not applicable.,Wide CPR,Wide Downside Watch,Watch,Wide CPR + close below CPR; trend mixed; participation light
PREMIERPOL,EQ,PREMIER POLYFILM LTD,53.49,53.49,51.71,52.35,166217,8723356.95,20260227,54.2,52.15,52.43,52.92666666666667,53.175,52.67833333333334,53.175,52.67833333333334,0.4966666666666555,0.947294805772755,Wide,Bearish,Below CPR,Cash Only,Diversified,False,False,False,0.55,60,5006173.35,False,False,Overlapping,True,Risk Off,False,None,2.6428571428571432,47.5946,45.382799999999996,0.18792792792792368,1.7425199528897655,True,True,No setup,0.0,None,None,0,No active J-Curve setup.,Neutral,0,Not applicable,No directional setup; confirmation score not applicable.,Wide CPR,Wide Downside Watch,Watch,Wide CPR + close below CPR; trend opposes; participation confirmed
SGL,EQ,STL GLOBAL LIMITED,13.48,13.48,12.12,12.58,22528,284468.37,20260227,14.4,12.17,13.1,13.223333333333334,13.285,13.161666666666669,13.285,13.161666666666669,0.1233333333333313,0.9414758269719946,Wide,Bearish,Below CPR,Cash Only,Diversified,False,False,False,0.6,60,131234.595,False,False,Higher,True,Risk Off,False,None,0.8899999999999999,12.243200000000002,13.0515,0.13857677902621496,2.1676324752630967,True,False,No setup,0.0,None,None,0,No active J-Curve setup.,Neutral,0,Not applicable,No directional setup; confirmation score not applicable.,Wide CPR,Wide Downside Watch,Watch,Wide CPR + close below CPR; trend mixed; participation confirmed
POLYPLEX,EQ,POLYPLEX CORPORATION LTD,839.0,929.0,825.8,848.3,2440929,2183939674.7,20260227,845.3,810.0,839.5,831.6,827.65,835.5500000000001,835.5500000000001,827.65,7.900000000000091,0.9410363311495047,Wide,Bullish,Above CPR,Cash Only,Diversified,False,False,False,0.9166666666666666,60,39350175.45,False,False,Higher,True,Risk Off,False,Bullish Virgin,28.30714285714286,835.7309999999999,872.428,0.2790815039111816,55.50012546894501,True,False,No setup,0.0,None,None,0,No active J-Curve setup.,Neutral,0,Not applicable,No directional setup; confirmation score not applicable.,Wide CPR,Wide Upside Watch,Watch,Wide CPR + close above CPR; trend mixed; participation confirmed
PVP,EQ,PVP VENTURES LIMITED,27.98,27.98,26.84,27.3,77476,2113957.74,20260227,28.22,27.15,27.3,27.55666666666667,27.685,27.428333333333338,27.685,27.428333333333338,0.2566666666666606,0.940170940170918,Wide,Bearish,Below CPR,Cash Only,Diversified,False,False,False,0.5208333333333334,49,4508389.61,True,False,Lower,True,Risk Off,False,None,1.4199999999999997,,,0.18075117370891597,0.4688942001177223,False,False,No setup,0.0,None,None,0,No active J-Curve setup.,Neutral,0,Not applicable,No directional setup; confirmation score not applicable.,Wide CPR,Wide Downside Watch,Watch,Wide CPR + close below CPR; trend aligned; participation light
TARIL,EQ,TRANS & RECTI. LTD,312.0,318.92,307.65,310.14,4038571,1265851765.85,20260227,318.0,297.0,311.88,308.96,307.5,310.41999999999996,310.41999999999996,307.5,2.919999999999959,0.9362575349493264,Wide,Bullish,Inside CPR,Cash Only,Capital Goods,True,False,False,0.5833333333333334,60,935513266.515,False,False,Higher,True,Risk Off,False,Bullish Virgin,16.001428571428566,278.3054,322.6577,0.1824837068118893,1.3531093691119807,True,False,No setup,0.0,None,None,0,No active J-Curve setup.,Neutral,0,Not applicable,No directional setup; confirmation score not applicable.,Wide CPR,Wide Consolidation,Watch,Wide CPR + close inside CPR; consolidation/range watch
CIEINDIA,EQ,CIE AUTOMOTIVE INDIA LTD,493.9,494.05,467.0,471.65,512535,243924923.85,20260227,509.6,487.85,491.85,496.4333333333334,498.725,494.14166666666677,498.725,494.14166666666677,4.5833333333332575,0.9318559181322064,Wide,Bearish,Below CPR,Cash Only,Automobile and Auto Components,True,False,False,0.9,60,52325413.0,False,False,Overlapping,True,Risk Off,False,Bearish Virgin,22.04642857142857,426.63700000000006,424.00399999999996,0.20789459474053332,4.661691324825282,True,True,No setup,0.0,None,None,0,No active J-Curve setup.,Neutral,0,Not applicable,No directional setup; confirmation score not applicable.,Wide CPR,Wide Downside Watch,Watch,Wide CPR + close below CPR; trend opposes; participation confirmed
QUESS,EQ,QUESS CORP LIMITED,195.19,196.98,191.81,195.74,151418,29384440.66,20260227,200.85,193.01,194.22,196.02666666666667,196.93,195.12333333333333,196.93,195.12333333333333,1.806666666666672,0.930216592867198,Wide,Bearish,Inside CPR,Cash Only,Diversified,False,False,False,0.8333333333333334,60,47841257.870000005,False,False,Lower,True,Risk Off,False,Bearish Virgin,6.418571428571427,207.8922,216.2232,0.281474886861044,0.6142071084302784,False,False,No setup,0.0,None,None,0,No active J-Curve setup.,Neutral,0,Not applicable,No directional setup; confirmation score not applicable.,Wide CPR,Wide Consolidation,Watch,Wide CPR + close inside CPR; consolidation/range watch
JUBLCPL,EQ,JUBILANT AGRI N CON PRO L,1876.1,1876.1,1833.3,1843.4,2831,5267804.2,20260227,1889.0,1810.9,1876.1,1858.6666666666667,1849.95,1867.3833333333334,1867.3833333333334,1849.95,17.433333333333394,0.9292326279693723,Wide,Bullish,Below CPR,Cash Only,Diversified,False,False,False,0.7,60,7969857.949999999,False,False,Higher,True,Risk Off,False,Bullish Virgin,90.42857142857146,2094.196,,0.1927856766719332,0.6609658833379836,False,False,No setup,0.0,None,None,0,No active J-Curve setup.,Neutral,0,Not applicable,No directional setup; confirmation score not applicable.,Wide CPR,Wide Downside Watch,Watch,Wide CPR + close below CPR; trend aligned; participation light
PKTEA,EQ,THE P K TEA PROD CO LTD,780.5,800.0,780.5,790.0,400,317256.0,20260227,820.0,795.0,796.4,803.8000000000001,807.5,800.1000000000001,807.5,800.1000000000001,7.399999999999864,0.9291813159216302,Wide,Bearish,Below CPR,Cash Only,FMCG & Food Products,False,False,False,0.5833333333333334,60,306274.425,False,False,Outside,True,Risk Off,False,Bearish Virgin,27.914285714285736,762.02,,0.26509723643807065,1.0358553444349785,True,False,No setup,0.0,None,None,0,No active J-Curve setup.,Neutral,0,Not applicable,No directional setup; confirmation score not applicable.,Wide CPR,Wide Downside Watch,Watch,Wide CPR + close below CPR; trend mixed; participation confirmed
PSUBANK,EQ,KOTAK PSU BANK,986.98,988.79,976.0,980.0,25368,24935440.08,20260227,987.99,955.8,985.6,976.4633333333333,971.895,981.0316666666665,981.0316666666665,971.895,9.136666666666542,0.9270156926406801,Wide,Bullish,Inside CPR,Cash Only,Financial Services,False,False,False,0.8666666666666667,60,25317342.705,False,False,Outside,True,Risk Off,False,None,29.745714285714275,892.5175999999999,853.2287,0.30715909454742973,0.9849153748302116,True,True,No setup,0.0,None,None,0,No active J-Curve setup.,Neutral,0,Not applicable,No directional setup; confirmation score not applicable.,Wide CPR,Wide Consolidation,Watch,Wide CPR + close inside CPR; consolidation/range watch
GTLINFRA,EQ,GTL INFRA.LTD,1.08,1.13,1.07,1.1,42950309,47107061.28,20260227,1.12,1.07,1.08,1.09,1.0950000000000002,1.085,1.0950000000000002,1.085,0.010000000000000231,0.9259259259259472,Wide,Bearish,Above CPR,Cash Only,Real Estate & Infra,False,False,False,0.6166666666666667,60,49311420.715,False,False,Lower,True,Risk Off,False,None,0.06857142857142857,1.1454,1.2685000000000002,0.1458333333333367,0.9552971826194118,False,False,No setup,0.0,None,None,0,No active J-Curve setup.,Neutral,0,Not applicable,No directional setup; confirmation score not applicable.,Wide CPR,Wide Upside Watch,Watch,Wide CPR + close above CPR; trend opposes; participation light
INVENTURE,EQ,INVENTURE GRO & SEC LTD,1.08,1.09,1.06,1.08,795550,854373.38,20260227,1.11,1.08,1.08,1.09,1.0950000000000002,1.085,1.0950000000000002,1.085,0.010000000000000231,0.9259259259259472,Wide,Bearish,Below CPR,Cash Only,Diversified,False,False,False,0.8666666666666667,60,1011685.575,False,False,Lower,True,Risk Off,False,Bearish Virgin,0.03785714285714281,1.14,1.2505,0.26415094339623285,0.8445048551769655,False,False,No setup,0.0,None,None,0,No active J-Curve setup.,Neutral,0,Not applicable,No directional setup; confirmation score not applicable.,Wide CPR,Wide Downside Watch,Watch,Wide CPR + close below CPR; trend aligned; participation light
MODISONLTD,EQ,MODISON LIMITED,139.0,139.0,136.0,137.15,17299,2372601.43,20260227,141.8,136.75,137.37,138.64000000000001,139.275,138.00500000000002,139.275,138.00500000000002,1.2699999999999818,0.9245104462400683,Wide,Bearish,Below CPR,Cash Only,Diversified,False,False,False,0.7333333333333333,60,5998173.414999999,False,False,Lower,True,Risk Off,False,Bearish Virgin,5.288571428571428,148.6722,148.9304,0.24014046461371888,0.39555399049762224,False,False,No setup,0.0,None,None,0,No active J-Curve setup.,Neutral,0,Not applicable,No directional setup; confirmation score not applicable.,Wide CPR,Wide Downside Watch,Watch,Wide CPR + close below CPR; trend aligned; participation light
BAJAJHIND,EQ,BAJAJ HINDUSTHAN SUGAR LT,15.59,16.37,15.5,16.16,12975758,208605189.94,20260227,15.75,14.9,15.54,15.396666666666667,15.325,15.468333333333334,15.468333333333334,15.325,0.14333333333333442,0.9223509223509294,Wide,Bullish,Above CPR,Cash Only,Diversified,False,False,False,0.8166666666666667,60,75147239.58,False,False,Higher,True,Risk Off,False,Bullish Virgin,0.6571428571428573,17.0866,19.0334,0.21811594202898713,2.775952797546526,False,False,No setup,0.0,None,None,0,No active J-Curve setup.,Neutral,0,Not applicable,No directional setup; confirmation score not applicable.,Wide CPR,Wide Upside Watch,Watch,Wide CPR + close above CPR; trend opposes; participation confirmed
FORTIS,EQ,FORTIS HEALTHCARE LTD,968.8,977.4,938.35,942.65,3208469,3050013815.45,20260227,965.5,935.15,963.65,954.7666666666668,950.325,959.2083333333335,959.2083333333335,950.325,8.88333333333344,0.9218423009737393,Wide,Bullish,Below CPR,Cash Only,Healthcare,True,False,False,0.9666666666666667,60,1541052945.5500002,False,False,Higher,True,Risk Off,False,Bullish Virgin,23.15357142857143,893.245,936.329,0.38367011157386444,1.9791752283770192,True,True,No setup,0.0,None,None,0,No active J-Curve setup.,Neutral,0,Not applicable,No directional setup; confirmation score not applicable.,Wide CPR,Wide Downside Watch,Watch,Wide CPR + close below CPR; trend opposes; participation confirmed
SILGO,EQ,SILGO RETAIL LIMITED,70.65,74.19,70.65,72.95,15318,1115639.47,20260227,74.94,71.9,72.42,73.08666666666666,73.42,72.75333333333332,73.42,72.75333333333332,0.6666666666666856,0.9205560158335896,Wide,Bearish,Inside CPR,Cash Only,Diversified,False,False,False,0.6333333333333333,60,20356487.310000002,False,False,Lower,True,Risk Off,False,None,5.492857142857141,74.7226,,0.1213697442566138,0.05480510723733504,False,False,No setup,0.0,None,None,0,No active J-Curve setup.,Neutral,0,Not applicable,No directional setup; confirmation score not applicable.,Wide CPR,Wide Consolidation,Watch,Wide CPR + close inside CPR; consolidation/range watch
DCI,EQ,DC INFOTECH AND COMUN LTD,256.02,261.15,248.0,250.45,23296,5939122.14,20260227,265.53,251.0,254.75,257.0933333333333,258.265,255.92166666666662,258.265,255.92166666666662,2.343333333333362,0.9198560680405741,Wide,Bearish,Below CPR,Cash Only,Diversified,False,False,False,0.7166666666666667,60,1767998.96,False,False,Lower,True,Risk Off,False,Bearish Virgin,17.87428571428571,243.7886,246.3893,0.13110080988917472,3.3592339556579827,True,True,No setup,0.0,None,None,0,No active J-Curve setup.,Neutral,0,Not applicable,No directional setup; confirmation score not applicable.,Wide CPR,Wide Downside Watch,Watch,Wide CPR + close below CPR; trend opposes; participation confirmed
PRAKASH,EQ,PRAKASH INDUSTRIES LTD,135.0,135.29,130.61,131.16,427810,56634781.84,20260227,140.5,134.71,135.74,136.98333333333335,137.60500000000002,136.36166666666668,137.60500000000002,136.36166666666668,1.2433333333333394,0.9159667992731246,Wide,Bearish,Below CPR,Cash Only,Diversified,False,False,False,0.6666666666666666,60,58524500.54000001,False,False,Outside,True,Risk Off,False,Bearish Virgin,5.030714285714282,132.1716,140.7692,0.24714846892896158,0.9677106394319687,False,False,No setup,0.0,None,None,0,No active J-Curve setup.,Neutral,0,Not applicable,No directional setup; confirmation score not applicable.,Wide CPR,Wide Downside Watch,Watch,Wide CPR + close below CPR; trend aligned; participation light
AMANTA,EQ,AMANTA HEALTHCARE LIMITED,104.31,104.57,100.51,102.95,11937,1234413.57,20260227,106.8,100.0,104.84,103.88,103.4,104.35999999999999,104.35999999999999,103.4,0.9599999999999795,0.9156810377718233,Wide,Bullish,Below CPR,Cash Only,Diversified,False,False,False,0.6833333333333333,60,5178183.890000001,False,False,Higher,True,Risk Off,False,None,4.182857142857143,106.134,112.14049999999999,0.22950819672130657,0.23838735669157549,False,False,No setup,0.0,None,None,0,No active J-Curve setup.,Neutral,0,Not applicable,No directional setup; confirmation score not applicable.,Wide CPR,Wide Downside Watch,Watch,Wide CPR + close below CPR; trend aligned; participation light
PARADEEP,EQ,PARADEEP PHOSPHATES LTD,118.96,122.2,116.16,121.5,4978252,594376476.22,20260227,120.46,115.35,119.54,118.45,117.905,118.995,118.995,117.905,1.0900000000000034,0.9118286765936117,Wide,Bullish,Above CPR,Cash Only,Chemicals,True,False,False,0.7833333333333333,60,561622443.575,False,False,Higher,True,Risk Off,False,Bullish Virgin,4.490000000000002,138.7312,152.611,0.24276169265033473,1.0583203770072018,False,False,No setup,0.0,None,None,0,No active J-Curve setup.,Neutral,0,Not applicable,No directional setup; confirmation score not applicable.,Wide CPR,Wide Upside Watch,Watch,Wide CPR + close above CPR; trend opposes; participation confirmed
MCLEODRUSS,EQ,MCLEOD RUSSEL INDIA LTD.,41.32,44.45,40.68,41.7,260011,10740174.28,20260227,42.56,41.21,41.32,41.696666666666665,41.885000000000005,41.508333333333326,41.885000000000005,41.508333333333326,0.37666666666667936,0.9115843820587592,Wide,Bearish,Inside CPR,Cash Only,Diversified,False,False,False,0.65,60,15310453.07,False,False,Higher,True,Risk Off,False,None,2.024285714285715,42.7158,,0.18607386497295375,0.7014929101637617,False,False,No setup,0.0,None,None,0,No active J-Curve setup.,Neutral,0,Not applicable,No directional setup; confirmation score not applicable.,Wide CPR,Wide Consolidation,Watch,Wide CPR + close inside CPR; consolidation/range watch
MAHESHWARI,EQ,MAHESHWARI LOGISTICS LTD.,42.01,42.5,40.55,41.27,9989,414446.81,20260227,42.98,41.6,41.72,42.1,42.29,41.910000000000004,42.29,41.910000000000004,0.37999999999999545,0.9108341323106315,Wide,Bearish,Below CPR,Cash Only,Diversified,False,False,False,0.6,60,420429.98,True,False,Overlapping,True,Risk Off,False,None,2.1457142857142872,45.24419999999999,49.3095,0.17709720372835994,0.9857689263738995,False,False,No setup,0.0,None,None,0,No active J-Curve setup.,Neutral,0,Not applicable,No directional setup; confirmation score not applicable.,Wide CPR,Wide Downside Watch,Watch,Wide CPR + close below CPR; trend aligned; participation light
CIGNITITEC,EQ,CIGNITI TECHNOLOGIES LTD,1175.0,1218.4,1171.3,1175.3,66858,79373410.7,20260227,1222.4,1184.0,1187.0,1197.8,1203.2,1192.3999999999999,1203.2,1192.3999999999999,10.800000000000182,0.9098567818028798,Wide,Bearish,Below CPR,Cash Only,Diversified,False,False,False,0.8166666666666667,60,134833994.55,True,False,Lower,True,Risk Off,False,None,63.09285714285717,1564.046,1653.2320000000002,0.1711762708026746,0.5886750664393188,False,False,No setup,0.0,None,None,0,No active J-Curve setup.,Neutral,0,Not applicable,No directional setup; confirmation score not applicable.,Wide CPR,Wide Downside Watch,Watch,Wide CPR + close below CPR; trend aligned; participation light
INOXWIND,EQ,INOX WIND LIMITED,94.46,94.6,91.65,92.13,8958892,828886683.73,20260227,97.52,93.97,94.46,95.31666666666666,95.745,94.88833333333332,95.745,94.88833333333332,0.8566666666666833,0.9069094502082187,Wide,Bearish,Below CPR,Cash Only,Capital Goods,True,False,False,0.7,60,851505161.035,False,False,Outside,True,Risk Off,False,Bearish Virgin,3.5928571428571416,111.51899999999999,126.71620000000001,0.2384360503644845,0.973437063754837,False,False,No setup,0.0,None,None,0,No active J-Curve setup.,Neutral,0,Not applicable,No directional setup; confirmation score not applicable.,Wide CPR,Wide Downside Watch,Watch,Wide CPR + close below CPR; trend aligned; participation light
DPWIRES,EQ,D P WIRES LIMITED,152.92,156.83,150.0,150.59,7540,1139539.24,20260227,158.0,152.0,152.92,154.30666666666664,155.0,153.6133333333333,155.0,153.6133333333333,1.386666666666713,0.9067922225128912,Wide,Bearish,Below CPR,Cash Only,Diversified,False,False,False,0.7166666666666667,60,1962594.635,True,False,Overlapping,True,Risk Off,False,None,5.627142857142863,180.2892,200.15560000000002,0.24642464246425436,0.580628938690643,False,False,No setup,0.0,None,None,0,No active J-Curve setup.,Neutral,0,Not applicable,No directional setup; confirmation score not applicable.,Wide CPR,Wide Downside Watch,Watch,Wide CPR + close below CPR; trend aligned; participation light
MIDHANI,EQ,MISHRA DHATU NIGAM LTD,351.55,353.8,345.0,346.25,151198,52586293.8,20260227,354.3,342.4,353.15,349.95,348.35,351.54999999999995,351.54999999999995,348.35,3.199999999999932,0.9061305394308174,Wide,Bullish,Below CPR,Cash Only,Diversified,False,False,False,0.75,60,200393841.85,False,False,Higher,True,Risk Off,False,None,11.796428571428565,347.686,351.74550000000005,0.2712685437481021,0.2624147195070106,False,False,No setup,0.0,None,None,0,No active J-Curve setup.,Neutral,0,Not applicable,No directional setup; confirmation score not applicable.,Wide CPR,Wide Downside Watch,Watch,Wide CPR + close below CPR; trend aligned; participation light
MANGLMCEM,EQ,MANGALAM CEMENT LTD,912.25,923.75,903.85,908.85,50112,45794808.2,20260227,940.35,911.0,913.3,921.5499999999998,925.675,917.4249999999997,925.675,917.4249999999997,8.250000000000227,0.9033176393299276,Wide,Bearish,Below CPR,Cash Only,Diversified,False,False,False,0.8666666666666667,60,53625844.15,False,False,Higher,True,Risk Off,False,None,35.34285714285714,789.283,768.9205000000001,0.23342764753436376,0.8539689943510196,True,True,No setup,0.0,None,None,0,No active J-Curve setup.,Neutral,0,Not applicable,No directional setup; confirmation score not applicable.,Wide CPR,Wide Downside Watch,Watch,Wide CPR + close below CPR; trend opposes; participation light
HMAAGRO,EQ,HMA AGRO INDUSTRIES LTD,25.97,26.58,25.6,25.91,146867,3833378.41,20260227,27.6,25.0,25.95,26.183333333333334,26.3,26.066666666666666,26.3,26.066666666666666,0.23333333333333428,0.8991650610147758,Wide,Bearish,Below CPR,Cash Only,Chemicals & Fertilizers,False,False,False,0.75,60,5023083.08,False,False,Lower,True,Risk Off,False,Bearish Virgin,1.5964285714285715,27.690600000000003,29.042600000000004,0.14615958240119373,0.7631524999582527,False,False,No setup,0.0,None,None,0,No active J-Curve setup.,Neutral,0,Not applicable,No directional setup; confirmation score not applicable.,Wide CPR,Wide Downside Watch,Watch,Wide CPR + close below CPR; trend aligned; participation light
UPL,EQ,UPL LIMITED,640.55,643.25,631.5,637.4,4377806,2792565130.8,20260227,641.7,622.0,640.45,634.7166666666667,631.85,637.5833333333334,637.5833333333334,631.85,5.7333333333333485,0.8952038930960025,Wide,Bullish,Inside CPR,Cash Only,Chemicals,True,False,False,0.8833333333333333,60,1806009141.925,False,False,Higher,True,Risk Off,False,Bullish Virgin,26.20357142857144,743.439,734.5975,0.21879969106355962,1.5462630094017376,False,False,No setup,0.0,None,None,0,No active J-Curve setup.,Neutral,0,Not applicable,No directional setup; confirmation score not applicable.,Wide CPR,Wide Consolidation,Watch,Wide CPR + close inside CPR; consolidation/range watch
KOTARISUG,EQ,KOTHARI SUG & CHEM LTD.,25.18,25.5,24.11,24.9,77801,1932571.22,20260227,24.79,23.71,24.58,24.36,24.25,24.47,24.47,24.25,0.21999999999999886,0.8950366151342509,Wide,Bullish,Above CPR,Cash Only,Diversified,False,False,False,0.7333333333333333,60,864197.765,False,False,Overlapping,True,Risk Off,False,None,1.332857142857142,26.0642,27.951999999999998,0.16505894962486528,2.236260377276028,False,False,No setup,0.0,None,None,0,No active J-Curve setup.,Neutral,0,Not applicable,No directional setup; confirmation score not applicable.,Wide CPR,Wide Upside Watch,Watch,Wide CPR + close above CPR; trend opposes; participation confirmed
ASTRAMICRO,EQ,ASTRA MICROWAVE LTD,999.8,1004.45,959.0,968.6,657109,645960695.0,20260227,1001.15,954.85,991.3,982.4333333333334,978.0,986.8666666666668,986.8666666666668,978.0,8.866666666666788,0.8944483674636122,Wide,Bullish,Below CPR,Cash Only,Diversified,False,False,False,0.7666666666666667,60,201978095.65,False,False,Higher,True,Risk Off,False,Bullish Virgin,35.63214285714286,941.5189999999999,975.586,0.24883899635829412,3.1981720241553333,True,False,No setup,0.0,None,None,0,No active J-Curve setup.,Neutral,0,Not applicable,No directional setup; confirmation score not applicable.,Wide CPR,Wide Downside Watch,Watch,Wide CPR + close below CPR; trend mixed; participation confirmed
HINDWAREAP,EQ,HINDWARE HME INOVATON LTD,227.0,233.94,225.0,227.95,72040,16449821.3,20260227,234.99,226.51,227.7,229.73333333333335,230.75,228.7166666666667,230.75,228.7166666666667,2.033333333333303,0.8929878495095753,Wide,Bearish,Below CPR,Cash Only,Diversified,False,False,False,0.6333333333333333,60,19503058.205,False,False,Lower,True,Risk Off,False,None,10.969285714285714,243.22,291.43100000000004,0.18536606542076084,0.8434483006251173,False,False,No setup,0.0,None,None,0,No active J-Curve setup.,Neutral,0,Not applicable,No directional setup; confirmation score not applicable.,Wide CPR,Wide Downside Watch,Watch,Wide CPR + close below CPR; trend aligned; participation light
WOCKPHARMA,EQ,WOCKHARDT LIMITED,1366.7,1385.4,1355.0,1361.9,178938,244360912.3,20260227,1404.7,1359.0,1363.6,1375.7666666666664,1381.85,1369.683333333333,1381.85,1369.683333333333,12.16666666666697,0.892246015449323,Wide,Bearish,Below CPR,Cash Only,Healthcare,True,False,False,0.8,60,659696921.1500001,False,False,Overlapping,True,Risk Off,False,None,40.1857142857143,1398.2,1373.3239999999998,0.3027609906387087,0.37041390442451055,False,False,No setup,0.0,None,None,0,No active J-Curve setup.,Neutral,0,Not applicable,No directional setup; confirmation score not applicable.,Wide CPR,Wide Downside Watch,Watch,Wide CPR + close below CPR; trend aligned; participation light
IDEAFORGE,EQ,IDEAFORGE TECHNO LTD,427.0,429.0,410.0,413.0,123705,51742181.75,20260227,430.05,407.8,424.6,420.81666666666666,418.925,422.7083333333333,422.7083333333333,418.925,3.783333333333303,0.8910346993248476,Wide,Bullish,Below CPR,Cash Only,Automobile & Ancillary,False,False,False,0.75,60,69106538.3,False,False,Higher,True,Risk Off,False,None,13.946428571428568,440.393,454.1535,0.2712761416986748,0.7487306269832359,False,False,No setup,0.0,None,None,0,No active J-Curve setup.,Neutral,0,Not applicable,No directional setup; confirmation score not applicable.,Wide CPR,Wide Downside Watch,Watch,Wide CPR + close below CPR; trend aligned; participation light
JUBLPHARMA,EQ,JUBILANT PHARMOVA LTD,880.0,884.9,861.1,866.3,107109,93114045.65,20260227,910.9,878.0,882.7,890.5333333333334,894.45,886.6166666666668,894.45,886.6166666666668,7.8333333333332575,0.8874287224802602,Wide,Bearish,Below CPR,Cash Only,Healthcare,True,False,False,0.85,60,101777199.8,False,False,Overlapping,True,Risk Off,False,Bearish Virgin,29.29642857142856,986.589,1045.4095,0.26738185216790356,0.9148811898242066,False,False,No setup,0.0,None,None,0,No active J-Curve setup.,Neutral,0,Not applicable,No directional setup; confirmation score not applicable.,Wide CPR,Wide Downside Watch,Watch,Wide CPR + close below CPR; trend aligned; participation light
ATLASCYCLE,EQ,ATLAS CYCLE (HARYANA) LTD,88.0,92.01,88.0,91.05,4723,429557.42,20260227,91.5,86.05,87.61,88.38666666666667,88.775,87.99833333333333,88.775,87.99833333333333,0.7766666666666708,0.8865045847125566,Wide,Bearish,Above CPR,Cash Only,Diversified,False,False,False,0.7666666666666667,60,421842.04,False,False,Overlapping,True,Risk Off,False,None,4.537857142857145,96.21440000000001,100.78110000000001,0.1711527362400974,1.0182897370778883,False,False,No setup,0.0,None,None,0,No active J-Curve setup.,Neutral,0,Not applicable,No directional setup; confirmation score not applicable.,Wide CPR,Wide Upside Watch,Watch,Wide CPR + close above CPR; trend opposes; participation confirmed
ZIMLAB,EQ,ZIM LABORATORIES LIMITED,69.4,73.4,69.02,69.75,76604,5427857.48,20260227,71.0,68.01,70.44,69.81666666666666,69.505,70.12833333333333,70.12833333333333,69.505,0.6233333333333348,0.8849138746924118,Wide,Bullish,Inside CPR,Cash Only,Healthcare & Pharma,False,False,False,0.7666666666666667,60,2918841.165,False,False,Higher,True,Risk Off,False,None,3.3021428571428575,71.865,71.8986,0.18876631336073302,1.8595933019877087,False,False,No setup,0.0,None,None,0,No active J-Curve setup.,Neutral,0,Not applicable,No directional setup; confirmation score not applicable.,Wide CPR,Wide Consolidation,Watch,Wide CPR + close inside CPR; consolidation/range watch
MARALOVER,EQ,MARAL OVERSEAS LTD,46.01,46.18,44.6,45.11,2915,132721.8,20260227,46.96,45.51,45.63,46.03333333333333,46.235,45.83166666666666,46.235,45.83166666666666,0.403333333333336,0.8839213967419154,Wide,Bearish,Below CPR,Cash Only,Diversified,False,False,False,0.5833333333333334,60,429590.765,False,False,Overlapping,True,Risk Off,False,None,2.5921428571428575,43.117200000000004,45.157399999999996,0.1555984201341059,0.30894937883499424,True,False,No setup,0.0,None,None,0,No active J-Curve setup.,Neutral,0,Not applicable,No directional setup; confirmation score not applicable.,Wide CPR,Wide Downside Watch,Watch,Wide CPR + close below CPR; trend mixed; participation light
KRITIKA,EQ,KRITIKA WIRES LIMITED,6.2,6.2,5.95,6.1,95751,581249.74,20260227,6.24,5.68,6.04,5.986666666666667,5.96,6.0133333333333345,6.0133333333333345,5.96,0.053333333333334565,0.8830022075055393,Wide,Bullish,Above CPR,Cash Only,Diversified,False,False,False,0.75,60,811810.73,False,False,Lower,True,Risk Off,False,None,0.34357142857142875,6.832999999999999,7.432300000000001,0.15523215523215875,0.7159916942709047,False,False,No setup,0.0,None,None,0,No active J-Curve setup.,Neutral,0,Not applicable,No directional setup; confirmation score not applicable.,Wide CPR,Wide Upside Watch,Watch,Wide CPR + close above CPR; trend opposes; participation light
AVONMORE,EQ,AVONMORE CAP&MGT SERV LTD,15.0,15.01,14.51,14.6,77956,1151462.72,20260227,15.21,14.7,14.76,14.89,14.955,14.825000000000001,14.955,14.825000000000001,0.129999999999999,0.8807588075880692,Wide,Bearish,Below CPR,Cash Only,Diversified,False,False,False,0.5666666666666667,60,3656201.105,False,False,Lower,True,Risk Off,False,Bearish Virgin,0.7185714285714287,16.423,17.0853,0.18091451292246377,0.3149341863130365,False,False,No setup,0.0,None,None,0,No active J-Curve setup.,Neutral,0,Not applicable,No directional setup; confirmation score not applicable.,Wide CPR,Wide Downside Watch,Watch,Wide CPR + close below CPR; trend aligned; participation light
CAMLINFINE,EQ,CAMLIN FINE SCIENCES LTD,139.35,152.88,138.51,147.9,2146456,318245176.94,20260227,144.38,138.0,139.35,140.57666666666668,141.19,139.96333333333337,141.19,139.96333333333337,1.226666666666631,0.8802774787704564,Wide,Bearish,Above CPR,Cash Only,Diversified,False,False,False,0.6333333333333333,60,46512908.82,False,False,Lower,True,Risk Off,False,None,8.038571428571432,151.13,163.53050000000002,0.15259759492920585,6.842082875779171,False,False,No setup,0.0,None,None,0,No active J-Curve setup.,Neutral,0,Not applicable,No directional setup; confirmation score not applicable.,Wide CPR,Wide Upside Watch,Watch,Wide CPR + close above CPR; trend opposes; participation confirmed
NGIL,EQ,NAKODA GROUP OF IND. LTD,26.02,26.68,25.3,25.78,3165,81255.89,20260227,27.2,25.04,25.78,26.006666666666664,26.119999999999997,25.89333333333333,26.119999999999997,25.89333333333333,0.22666666666666657,0.8792345487457973,Wide,Bearish,Below CPR,Cash Only,Diversified,False,False,False,0.6166666666666667,60,349822.07999999996,False,False,Higher,True,Risk Off,False,Bullish Virgin,1.387857142857142,28.069200000000002,28.5771,0.1633213244124207,0.23227776245570322,False,False,No setup,0.0,None,None,0,No active J-Curve setup.,Neutral,0,Not applicable,No directional setup; confirmation score not applicable.,Wide CPR,Wide Downside Watch,Watch,Wide CPR + close below CPR; trend aligned; participation light
NDRAUTO,EQ,NDR AUTO COMPONENTS LTD,764.55,764.8,750.8,755.25,6526,4926654.1,20260227,790.05,759.15,764.55,771.25,774.5999999999999,767.9000000000001,774.5999999999999,767.9000000000001,6.699999999999818,0.876332483160005,Wide,Bearish,Below CPR,Cash Only,Automobile & Ancillary,False,False,False,0.75,60,13607613.75,False,False,Higher,True,Risk Off,False,None,34.221428571428575,762.575,837.806,0.19578376121894686,0.36205128911746187,False,False,No setup,0.0,None,None,0,No active J-Curve setup.,Neutral,0,Not applicable,No directional setup; confirmation score not applicable.,Wide CPR,Wide Downside Watch,Watch,Wide CPR + close below CPR; trend aligned; participation light
ORKLAINDIA,EQ,ORKLA INDIA LIMITED,587.0,592.0,585.05,586.65,24699,14495913.95,20260227,607.95,587.55,590.0,595.1666666666666,597.75,592.5833333333333,597.75,592.5833333333333,5.1666666666667425,0.8757062146892783,Wide,Bearish,Below CPR,Cash Only,Diversified,False,False,False,0.8666666666666667,60,66069319.275,False,False,Overlapping,True,Risk Off,False,Bearish Virgin,17.835714285714282,591.3539999999999,,0.28968095047390635,0.21940462092039617,False,False,No setup,0.0,None,None,0,No active J-Curve setup.,Neutral,0,Not applicable,No directional setup; confirmation score not applicable.,Wide CPR,Wide Downside Watch,Watch,Wide CPR + close below CPR; trend aligned; participation light
RAYMONDREL,EQ,RAYMOND REALTY LIMITED,428.0,430.45,420.05,420.45,74019,31297478.3,20260227,442.0,425.85,428.3,432.05,433.925,430.175,433.925,430.175,3.75,0.8755545178613121,Wide,Bearish,Below CPR,Cash Only,Diversified,False,False,False,0.6833333333333333,60,52677397.3,False,False,Overlapping,True,Risk Off,False,None,15.235714285714282,468.689,513.4155,0.24613220815752468,0.5941348643662013,False,False,No setup,0.0,None,None,0,No active J-Curve setup.,Neutral,0,Not applicable,No directional setup; confirmation score not applicable.,Wide CPR,Wide Downside Watch,Watch,Wide CPR + close below CPR; trend aligned; participation light
MEDICAMEQ,EQ,MEDICAMEN BIOTECH LIMITED,303.55,308.0,299.0,301.2,18344,5541579.2,20260227,309.8,292.35,305.05,302.40000000000003,301.07500000000005,303.725,303.725,301.07500000000005,2.6499999999999773,0.8687100475331838,Wide,Bullish,Inside CPR,Cash Only,Healthcare & Pharma,False,False,False,0.6666666666666666,60,6683247.975,False,False,Higher,True,Risk Off,False,Bullish Virgin,15.964285714285719,358.048,364.8985,0.16599552572706788,0.829174560143416,False,False,No setup,0.0,None,None,0,No active J-Curve setup.,Neutral,0,Not applicable,No directional setup; confirmation score not applicable.,Wide CPR,Wide Consolidation,Watch,Wide CPR + close inside CPR; consolidation/range watch
RSYSTEMS,EQ,R SYS INTERNATIONAL LTD,291.0,297.95,286.4,289.1,48406,14137462.0,20260227,303.0,290.6,293.0,295.53333333333336,296.8,294.2666666666667,296.8,294.2666666666667,2.533333333333303,0.8646188850966904,Wide,Bearish,Below CPR,Cash Only,Information Technology,False,False,False,0.7166666666666667,60,23315501.174999997,False,False,Lower,True,Risk Off,False,None,16.77857142857142,368.712,390.4225,0.15098623527742128,0.6063546262157499,False,False,No setup,0.0,None,None,0,No active J-Curve setup.,Neutral,0,Not applicable,No directional setup; confirmation score not applicable.,Wide CPR,Wide Downside Watch,Watch,Wide CPR + close below CPR; trend aligned; participation light
RAJMET,EQ,RAJNANDINI METAL LIMITED,3.94,3.94,3.8,3.83,302217,1158067.09,20260227,3.97,3.85,3.86,3.893333333333333,3.91,3.876666666666666,3.91,3.876666666666666,0.0333333333333341,0.8635578583765312,Wide,Bearish,Below CPR,Cash Only,Diversified,False,False,False,0.7333333333333333,60,1470394.875,False,False,Outside,True,Risk Off,False,None,0.1114285714285714,4.159,4.2143,0.29914529914530613,0.7875891773629856,False,False,No setup,0.0,None,None,0,No active J-Curve setup.,Neutral,0,Not applicable,No directional setup; confirmation score not applicable.,Wide CPR,Wide Downside Watch,Watch,Wide CPR + close below CPR; trend aligned; participation light
VSSL,EQ,VARDHMAN SPC STEEL LTD,259.0,265.0,254.8,256.6,38376,9908831.75,20260227,263.0,248.3,259.0,256.76666666666665,255.65,257.8833333333333,257.8833333333333,255.65,2.23333333333332,0.8622908622908573,Wide,Bullish,Inside CPR,Cash Only,Diversified,False,False,False,0.9,60,8599961.225000001,False,False,Higher,True,Risk Off,False,Bullish Virgin,6.660714285714273,267.462,277.00199999999995,0.33529937444146424,1.1521949332975043,False,False,No setup,0.0,None,None,0,No active J-Curve setup.,Neutral,0,Not applicable,No directional setup; confirmation score not applicable.,Wide CPR,Wide Consolidation,Watch,Wide CPR + close inside CPR; consolidation/range watch
SHYAMCENT,EQ,SHYAM CENTURY FERROUS LTD,4.94,5.21,4.94,5.12,108695,551798.55,20260227,5.19,5.0,5.03,5.073333333333334,5.095000000000001,5.051666666666668,5.095000000000001,5.051666666666668,0.043333333333333,0.861497680583161,Wide,Bearish,Above CPR,Cash Only,Diversified,False,False,False,0.55,60,1291828.6400000001,False,False,Lower,True,Risk Off,False,None,0.5578571428571429,6.331,,0.07767819035424608,0.427145313948141,False,False,No setup,0.0,None,None,0,No active J-Curve setup.,Neutral,0,Not applicable,No directional setup; confirmation score not applicable.,Wide CPR,Wide Upside Watch,Watch,Wide CPR + close above CPR; trend opposes; participation light
PCBL,EQ,PCBL CHEMICAL LIMITED,301.9,311.0,298.3,309.4,1406360,430155412.55,20260227,309.65,299.1,300.5,303.0833333333333,304.375,301.79166666666663,304.375,301.79166666666663,2.5833333333333712,0.8596783139212549,Wide,Bearish,Above CPR,Cash Only,Chemicals,True,False,False,0.7333333333333333,60,252932612.65,False,False,Lower,True,Risk Off,False,None,14.317857142857138,292.32,319.6015,0.1804273717469055,1.7006720013019248,True,False,No setup,0.0,None,None,0,No active J-Curve setup.,Neutral,0,Not applicable,No directional setup; confirmation score not applicable.,Wide CPR,Wide Upside Watch,Watch,Wide CPR + close above CPR; trend mixed; participation confirmed
STANLEY,EQ,STANLEY LIFESTYLES LTD,164.5,166.67,161.01,162.07,87836,14257591.13,20260227,167.39,162.5,162.85,164.24666666666667,164.945,163.54833333333335,164.945,163.54833333333335,1.396666666666647,0.8576399549687731,Wide,Bearish,Below CPR,Cash Only,Diversified,False,False,False,0.65,60,23058240.665,False,False,Overlapping,True,Risk Off,False,None,12.17571428571428,186.3566,221.324,0.11470921819390512,0.618329530736555,False,False,No setup,0.0,None,None,0,No active J-Curve setup.,Neutral,0,Not applicable,No directional setup; confirmation score not applicable.,Wide CPR,Wide Downside Watch,Watch,Wide CPR + close below CPR; trend aligned; participation light
CAPITALSFB,EQ,CAPITAL SMALL FIN BANK L,261.2,263.15,260.1,262.1,16522,4326960.6,20260227,266.0,257.85,258.6,260.81666666666666,261.925,259.7083333333333,261.925,259.7083333333333,2.216666666666697,0.8571796854859617,Wide,Bearish,Above CPR,Cash Only,Diversified,False,False,False,0.9666666666666667,60,5449833.55,False,False,Lower,True,Risk Off,False,Bearish Virgin,4.767857142857134,262.714,268.8945,0.46491885143571254,0.7939619733890771,False,False,No setup,0.0,None,None,0,No active J-Curve setup.,Neutral,0,Not applicable,No directional setup; confirmation score not applicable.,Wide CPR,Wide Upside Watch,Watch,Wide CPR + close above CPR; trend opposes; participation light
KILITCH,EQ,KILITCH DRUGS INDIA LTD,322.1,332.1,321.05,323.5,13085,4294995.4,20260227,331.95,318.2,320.95,323.7,325.075,322.325,325.075,322.325,2.75,0.8568312821311732,Wide,Bearish,Inside CPR,Cash Only,Diversified,False,False,False,0.75,60,3409964.0,False,False,Higher,True,Risk Off,False,None,16.139285714285712,336.73199999999997,348.88,0.17039167957512727,1.2595427400406574,False,False,No setup,0.0,None,None,0,No active J-Curve setup.,Neutral,0,Not applicable,No directional setup; confirmation score not applicable.,Wide CPR,Wide Consolidation,Watch,Wide CPR + close inside CPR; consolidation/range watch
ASALCBR,EQ,ASSO ALCOHOLS & BREW LTD,801.05,813.75,793.55,808.05,16871,13576737.0,20260227,828.95,793.0,800.7,807.5500000000001,810.975,804.1250000000001,810.975,804.1250000000001,6.849999999999909,0.8555014362432757,Wide,Bearish,Inside CPR,Cash Only,Diversified,False,False,False,0.7166666666666667,60,25169712.875,False,False,Lower,True,Risk Off,False,Bearish Virgin,29.73928571428573,879.448,948.5414999999999,0.23033505464152437,0.5394077027189766,False,False,No setup,0.0,None,None,0,No active J-Curve setup.,Neutral,0,Not applicable,No directional setup; confirmation score not applicable.,Wide CPR,Wide Consolidation,Watch,Wide CPR + close inside CPR; consolidation/range watch
GOLDTECH,EQ,AION-TECH SOLUTIONS LTD,40.79,40.79,39.2,39.8,30252,1202970.63,20260227,40.46,39.33,39.39,39.72666666666667,39.894999999999996,39.55833333333334,39.894999999999996,39.55833333333334,0.3366666666666589,0.854700854700835,Wide,Bearish,Inside CPR,Cash Only,Information Technology,False,False,False,0.6333333333333333,60,1500558.2349999999,True,False,Overlapping,True,Risk Off,False,None,2.4699999999999998,45.9704,51.4403,0.1363022941970279,0.801682068673596,False,False,No setup,0.0,None,None,0,No active J-Curve setup.,Neutral,0,Not applicable,No directional setup; confirmation score not applicable.,Wide CPR,Wide Consolidation,Watch,Wide CPR + close inside CPR; consolidation/range watch
BUILDPRO,EQ,SHANKARA BUILDPRO LIMITED,989.9,997.9,955.5,969.05,24623,23974426.05,20260227,1050.2,985.45,1004.95,1013.5333333333334,1017.825,1009.2416666666668,1017.825,1009.2416666666668,8.583333333333258,0.8541055110536103,Wide,Bearish,Below CPR,Cash Only,Real Estate & Infra,False,False,False,0.5217391304347826,24,44364606.325,False,False,Inside,True,Risk Off,False,Bearish Virgin,78.54285714285713,,,0.1092821632108636,0.5403953294293095,False,False,No setup,0.0,None,None,0,No active J-Curve setup.,Neutral,0,Not applicable,No directional setup; confirmation score not applicable.,Wide CPR,Wide Downside Watch,Watch,Wide CPR + close below CPR; trend aligned; participation light
BHARATSE,EQ,BHARAT SEATS LIMITED,194.0,196.2,189.25,190.07,177547,34082718.94,20260227,202.39,191.1,194.26,195.91666666666666,196.745,195.0883333333333,196.745,195.0883333333333,1.6566666666666947,0.8528089502042082,Wide,Bearish,Below CPR,Cash Only,Diversified,False,False,False,0.6833333333333333,60,11754841.495000001,False,False,Overlapping,True,Risk Off,False,Bearish Virgin,16.267142857142854,170.14440000000002,182.61969999999997,0.10184128099294691,2.8994622304773148,True,True,No setup,0.0,None,None,0,No active J-Curve setup.,Neutral,0,Not applicable,No directional setup; confirmation score not applicable.,Wide CPR,Wide Downside Watch,Watch,Wide CPR + close below CPR; trend opposes; participation confirmed
GTL,EQ,GTL LTD,7.15,7.2,6.98,7.03,195054,1382951.85,20260227,7.25,7.01,7.04,7.1000000000000005,7.13,7.070000000000001,7.13,7.070000000000001,0.05999999999999872,0.8522727272727092,Wide,Bearish,Below CPR,Cash Only,Diversified,False,False,False,0.7833333333333333,60,1712368.105,False,False,Lower,True,Risk Off,False,None,0.31428571428571433,7.598399999999999,8.1685,0.1909090909090868,0.8076253265649328,False,False,No setup,0.0,None,None,0,No active J-Curve setup.,Neutral,0,Not applicable,No directional setup; confirmation score not applicable.,Wide CPR,Wide Downside Watch,Watch,Wide CPR + close below CPR; trend aligned; participation light
KOLTEPATIL,EQ,KOLTE PATIL DEV. LTD.,354.2,359.7,348.25,354.7,48846,17287855.0,20260227,368.2,349.25,354.2,357.2166666666667,358.725,355.70833333333337,358.725,355.70833333333337,3.0166666666666515,0.8516845473367171,Wide,Bearish,Below CPR,Cash Only,Diversified,False,False,False,0.9333333333333333,60,18802486.875,False,False,Lower,True,Risk Off,False,Bearish Virgin,10.478571428571431,372.724,390.789,0.2878891161099735,0.9194451305793027,False,False,No setup,0.0,None,None,0,No active J-Curve setup.,Neutral,0,Not applicable,No directional setup; confirmation score not applicable.,Wide CPR,Wide Downside Watch,Watch,Wide CPR + close below CPR; trend aligned; participation light
SHAKTIPUMP,EQ,SHAKTI PUMPS (I) LTD,528.0,528.0,513.3,515.4,703662,363736166.5,20260227,542.0,525.05,526.8,531.2833333333333,533.525,529.0416666666666,533.525,529.0416666666666,4.4833333333333485,0.8510503669957002,Wide,Bearish,Below CPR,Cash Only,Diversified,False,False,False,0.6666666666666666,60,578238142.475,False,False,Outside,True,Risk Off,False,Bearish Virgin,25.70714285714285,655.8580000000001,697.216,0.17440029637862434,0.629042153710443,False,False,No setup,0.0,None,None,0,No active J-Curve setup.,Neutral,0,Not applicable,No directional setup; confirmation score not applicable.,Wide CPR,Wide Downside Watch,Watch,Wide CPR + close below CPR; trend aligned; participation light
SAMMAANCAP,EQ,SAMMAAN CAPITAL LIMITED,153.98,154.9,149.0,149.91,6819444,1031923469.7,20260227,158.2,153.06,153.67,154.97666666666666,155.63,154.32333333333332,155.63,154.32333333333332,1.306666666666672,0.8503069347736527,Wide,Bearish,Below CPR,Cash Only,Financial Services,True,False,False,0.85,60,1208333915.115,False,False,Lower,True,Risk Off,False,Bearish Virgin,4.219285714285716,145.8998,155.8368,0.3096890694656069,0.8540052189148307,True,False,No setup,0.0,None,None,0,No active J-Curve setup.,Neutral,0,Not applicable,No directional setup; confirmation score not applicable.,Wide CPR,Wide Downside Watch,Watch,Wide CPR + close below CPR; trend mixed; participation light
ABLBL,EQ,ADITYA BIRLA LIFES BRAN L,103.0,103.65,101.62,102.08,489273,50133087.79,20260227,106.22,102.2,102.9,103.77333333333335,104.21000000000001,103.3366666666667,104.21000000000001,103.3366666666667,0.8733333333333064,0.8487204405571491,Wide,Bearish,Below CPR,Cash Only,Consumer Services,True,False,False,0.7833333333333333,60,118278698.8,False,False,Lower,True,Risk Off,False,Bearish Virgin,2.862142857142859,114.26559999999999,124.25589999999998,0.3051326844688366,0.423855591062691,False,False,No setup,0.0,None,None,0,No active J-Curve setup.,Neutral,0,Not applicable,No directional setup; confirmation score not applicable.,Wide CPR,Wide Downside Watch,Watch,Wide CPR + close below CPR; trend aligned; participation light
COHANCE,EQ,COHANCE LIFESCIENCES LTD,306.6,314.1,303.1,309.95,1213458,373280568.2,20260227,319.7,304.85,308.35,310.96666666666664,312.275,309.6583333333333,312.275,309.6583333333333,2.6166666666666742,0.8486027782282062,Wide,Bearish,Inside CPR,Cash Only,Healthcare,True,False,False,0.75,60,239553424.0,False,False,Outside,True,Risk Off,False,None,17.310714285714287,415.43,556.505,0.15115879238016686,1.5582351609384635,False,False,No setup,0.0,None,None,0,No active J-Curve setup.,Neutral,0,Not applicable,No directional setup; confirmation score not applicable.,Wide CPR,Wide Consolidation,Watch,Wide CPR + close inside CPR; consolidation/range watch
NAVA,EQ,NAVA LIMITED,604.9,604.9,591.5,595.6,243507,145067798.8,20260227,605.45,581.35,601.05,595.95,593.4000000000001,598.5,598.5,593.4000000000001,5.099999999999909,0.8485150985774743,Wide,Bullish,Inside CPR,Cash Only,Power,True,False,False,0.8666666666666667,60,143010863.60000002,False,False,Higher,True,Risk Off,False,Bullish Virgin,15.717857142857147,566.5459999999999,570.191,0.32447171097477256,1.014383069567031,True,True,No setup,0.0,None,None,0,No active J-Curve setup.,Neutral,0,Not applicable,No directional setup; confirmation score not applicable.,Wide CPR,Wide Consolidation,Watch,Wide CPR + close inside CPR; consolidation/range watch
MBAPL,EQ,MADHYA BHARAT AGRO P. LTD,476.0,479.0,465.6,468.75,237672,112632676.15,20260227,476.9,461.95,475.45,471.43333333333334,469.42499999999995,473.4416666666667,473.4416666666667,469.42499999999995,4.016666666666765,0.844813685280632,Wide,Bullish,Below CPR,Cash Only,Diversified,False,False,False,0.85,60,50365972.45,False,False,Higher,True,Risk Off,False,None,15.192857142857134,429.751,421.903,0.26437862404012574,2.2362851479104124,True,True,No setup,0.0,None,None,0,No active J-Curve setup.,Neutral,0,Not applicable,No directional setup; confirmation score not applicable.,Wide CPR,Wide Downside Watch,Watch,Wide CPR + close below CPR; trend opposes; participation confirmed
GARUDA,EQ,GARUDA CONSTRUCT N ENG L,178.98,182.5,176.53,177.62,509279,91123663.37,20260227,184.7,178.05,179.11,180.62,181.375,179.865,181.375,179.865,1.509999999999991,0.8430573390653737,Wide,Bearish,Below CPR,Cash Only,Diversified,False,False,False,0.6333333333333333,60,115981028.095,False,False,Overlapping,True,Risk Off,False,None,9.931428571428572,183.7406,197.0666,0.15204257767548815,0.785677320392096,False,False,No setup,0.0,None,None,0,No active J-Curve setup.,Neutral,0,Not applicable,No directional setup; confirmation score not applicable.,Wide CPR,Wide Downside Watch,Watch,Wide CPR + close below CPR; trend aligned; participation light
DGCONTENT,EQ,DIGICONTENT LIMITED,28.01,30.48,27.2,27.68,9570,265844.41,20260227,28.46,27.01,28.09,27.853333333333335,27.735,27.97166666666667,27.97166666666667,27.735,0.2366666666666717,0.8425299632134984,Wide,Bullish,Below CPR,Cash Only,Diversified,False,False,False,0.45,60,275584.325,False,False,Higher,True,Risk Off,False,None,2.105,29.5706,,0.11243072050673239,0.9646572242452468,False,False,No setup,0.0,None,None,0,No active J-Curve setup.,Neutral,0,Not applicable,No directional setup; confirmation score not applicable.,Wide CPR,Wide Downside Watch,Watch,Wide CPR + close below CPR; trend aligned; participation light
SPORTKING,EQ,SPORTKING INDIA LIMITED,119.0,119.0,115.0,115.5,85408,9926244.53,20260227,119.7,115.9,116.33,117.31,117.80000000000001,116.82,117.80000000000001,116.82,0.9800000000000182,0.8424310152153512,Wide,Bearish,Below CPR,Cash Only,Logistics & Ports,False,False,False,0.7666666666666667,60,7395128.49,False,False,Higher,True,Risk Off,False,None,5.139999999999999,95.92379999999999,96.28460000000001,0.1906614785992254,1.3422680273132075,True,True,No setup,0.0,None,None,0,No active J-Curve setup.,Neutral,0,Not applicable,No directional setup; confirmation score not applicable.,Wide CPR,Wide Downside Watch,Watch,Wide CPR + close below CPR; trend opposes; participation confirmed
VIKRAN,EQ,VIKRAN ENGINEERING LTD,70.48,70.78,68.0,68.46,2723289,188684136.86,20260227,72.37,67.5,70.83,70.23333333333333,69.935,70.53166666666667,70.53166666666667,69.935,0.596666666666664,0.8423925831803812,Wide,Bullish,Below CPR,Cash Only,Diversified,False,False,False,0.6666666666666666,60,210870083.115,False,False,Higher,True,Risk Off,False,None,3.6107142857142844,88.066,94.44539999999999,0.16524892845367556,0.8947885545105956,False,False,No setup,0.0,None,None,0,No active J-Curve setup.,Neutral,0,Not applicable,No directional setup; confirmation score not applicable.,Wide CPR,Wide Downside Watch,Watch,Wide CPR + close below CPR; trend aligned; participation light
SARLAPOLY,EQ,SARLA PERF. FIBERS LTD,81.88,84.51,81.44,84.09,83355,6959783.92,20260227,84.64,81.61,82.1,82.78333333333333,83.125,82.44166666666666,83.125,82.44166666666666,0.6833333333333371,0.8323183110028467,Wide,Bearish,Above CPR,Cash Only,Diversified,False,False,False,0.7166666666666667,60,7216161.785,False,False,Lower,True,Risk Off,False,None,4.4214285714285735,85.21919999999999,87.92380000000001,0.15455035002692594,0.9644717132682745,False,False,No setup,0.0,None,None,0,No active J-Curve setup.,Neutral,0,Not applicable,No directional setup; confirmation score not applicable.,Wide CPR,Wide Upside Watch,Watch,Wide CPR + close above CPR; trend opposes; participation light
HMVL,EQ,HINDUSTAN MEDIA VENT LTD,70.0,71.41,70.0,70.1,3331,234292.84,20260227,71.97,70.0,70.11,70.69333333333333,70.985,70.40166666666666,70.985,70.40166666666666,0.5833333333333428,0.8320258641183038,Wide,Bearish,Below CPR,Cash Only,Diversified,False,False,False,0.6666666666666666,60,1186511.815,False,False,Outside,True,Risk Off,False,None,2.567142857142856,70.34400000000001,72.0001,0.22723056946763504,0.19746355412398486,False,False,No setup,0.0,None,None,0,No active J-Curve setup.,Neutral,0,Not applicable,No directional setup; confirmation score not applicable.,Wide CPR,Wide Downside Watch,Watch,Wide CPR + close below CPR; trend aligned; participation light
INDUSINDBK,EQ,INDUSIND BANK LIMITED,963.0,968.0,951.2,956.75,3745120,3588743147.45,20260227,968.85,936.3,964.6,956.5833333333334,952.575,960.5916666666667,960.5916666666667,952.575,8.016666666666652,0.8310871518418672,Wide,Bullish,Inside CPR,Cash Only,Financial Services,True,False,False,0.85,60,2856642980.3,False,False,Higher,True,Risk Off,False,Bullish Virgin,20.660714285714285,903.6089999999999,856.763,0.3880149812734075,1.2562798964374315,True,True,No setup,0.0,None,None,0,No active J-Curve setup.,Neutral,0,Not applicable,No directional setup; confirmation score not applicable.,Wide CPR,Wide Consolidation,Watch,Wide CPR + close inside CPR; consolidation/range watch
TIRUPATIFL,EQ,TIRUPATI FORGE LIMITED,37.5,37.5,36.7,37.05,193348,7169452.55,20260227,38.58,36.2,36.93,37.23666666666667,37.39,37.08333333333334,37.39,37.08333333333334,0.30666666666665776,0.8303998555826096,Wide,Bearish,Below CPR,Cash Only,Diversified,False,False,False,0.6666666666666666,60,10630794.015,False,False,Higher,True,Risk Off,False,None,1.9249999999999996,35.311,36.0975,0.1593073593073547,0.6744042392208838,True,True,No setup,0.0,None,None,0,No active J-Curve setup.,Neutral,0,Not applicable,No directional setup; confirmation score not applicable.,Wide CPR,Wide Downside Watch,Watch,Wide CPR + close below CPR; trend opposes; participation light
GICHSGFIN,EQ,GIC HOUSING FINANCE LTD,152.5,155.05,151.75,154.31,46475,7128235.66,20260227,156.83,151.93,152.49,153.75,154.38,153.12,154.38,153.12,1.259999999999991,0.8262836907338126,Wide,Bearish,Inside CPR,Cash Only,Diversified,False,False,False,0.9,60,13678161.105,False,False,Lower,True,Risk Off,False,Bearish Virgin,3.6778571428571456,166.717,168.6711,0.3425907943289932,0.521139910933956,False,False,No setup,0.0,None,None,0,No active J-Curve setup.,Neutral,0,Not applicable,No directional setup; confirmation score not applicable.,Wide CPR,Wide Consolidation,Watch,Wide CPR + close inside CPR; consolidation/range watch
TMPV,EQ,TATA MOTORS PASS VEH LTD,393.65,394.05,380.95,382.65,15951041,6151415805.9,20260227,393.3,380.1,391.55,388.31666666666666,386.70000000000005,389.9333333333333,389.9333333333333,386.70000000000005,3.233333333333235,0.8257778912867411,Wide,Bullish,Below CPR,Cash Only,Automobile and Auto Components,True,False,False,0.95,60,3374999956.95,False,False,Higher,True,Risk Off,False,None,8.978571428571431,363.98,,0.36011667992573804,1.8226417435154747,True,False,No setup,0.0,None,None,0,No active J-Curve setup.,Neutral,0,Not applicable,No directional setup; confirmation score not applicable.,Wide CPR,Wide Downside Watch,Watch,Wide CPR + close below CPR; trend mixed; participation confirmed
VRLLOG,EQ,VRL LOGISTICS LIMITED,288.0,289.0,275.0,277.5,1621984,452283373.65,20260227,288.5,280.4,288.0,285.6333333333333,284.45,286.81666666666666,286.81666666666666,284.45,2.3666666666666742,0.8217592592592619,Wide,Bullish,Below CPR,Cash Only,Diversified,False,False,False,0.8833333333333333,60,42228389.724999994,False,False,Overlapping,True,Risk Off,False,None,7.932142857142858,271.371,271.14549999999997,0.29836410025514126,10.710410143397908,True,True,No setup,0.0,None,None,0,No active J-Curve setup.,Neutral,0,Not applicable,No directional setup; confirmation score not applicable.,Wide CPR,Wide Downside Watch,Watch,Wide CPR + close below CPR; trend opposes; participation confirmed
RENUKA,EQ,SHREE RENUKA SUGARS LTD,24.25,24.67,23.83,24.31,7173292,174273619.76,20260227,24.2,23.15,23.97,23.77333333333333,23.674999999999997,23.871666666666663,23.871666666666663,23.674999999999997,0.19666666666666544,0.8204700319844198,Wide,Bullish,Above CPR,Cash Only,Diversified,False,False,False,0.85,60,62739700.67,False,False,Higher,True,Risk Off,False,Bullish Virgin,0.7021428571428565,24.9198,26.6817,0.2800949474398086,2.777724756397056,False,False,No setup,0.0,None,None,0,No active J-Curve setup.,Neutral,0,Not applicable,No directional setup; confirmation score not applicable.,Wide CPR,Wide Upside Watch,Watch,Wide CPR + close above CPR; trend opposes; participation confirmed
BELLACASA,EQ,BELLA CASA FASH AND RET L,280.05,280.6,271.4,278.2,3532,975290.1,20260227,282.15,275.0,275.2,277.45,278.575,276.325,278.575,276.325,2.25,0.8175872093023256,Wide,Bearish,Inside CPR,Cash Only,Diversified,False,False,False,0.5666666666666667,60,1975453.875,False,False,Lower,True,Risk Off,False,Bearish Virgin,16.032142857142855,332.40799999999996,376.656,0.14034306081532638,0.4937043139010269,False,False,No setup,0.0,None,None,0,No active J-Curve setup.,Neutral,0,Not applicable,No directional setup; confirmation score not applicable.,Wide CPR,Wide Consolidation,Watch,Wide CPR + close inside CPR; consolidation/range watch
SANGHVIMOV,EQ,SANGHVI MOVERS LTD,264.0,264.6,259.0,261.2,87412,22838980.45,20260227,274.6,262.0,265.05,267.2166666666667,268.3,266.1333333333334,268.3,266.1333333333334,2.1666666666666288,0.8174558259447761,Wide,Bearish,Below CPR,Cash Only,Diversified,False,False,False,0.6,60,58632232.825,False,False,Higher,True,Risk Off,False,None,10.182142857142859,307.734,331.97450000000003,0.21279083362562468,0.389529433718952,False,False,No setup,0.0,None,None,0,No active J-Curve setup.,Neutral,0,Not applicable,No directional setup; confirmation score not applicable.,Wide CPR,Wide Downside Watch,Watch,Wide CPR + close below CPR; trend aligned; participation light
MANCREDIT,EQ,MANGAL CREDIT N FINCORP L,171.99,172.16,168.01,168.55,32258,5501823.29,20260227,174.0,167.15,168.51,169.88666666666666,170.575,169.19833333333332,170.575,169.19833333333332,1.3766666666666652,0.8169643740233015,Wide,Bearish,Below CPR,Cash Only,Financial Services,False,False,False,0.7333333333333333,60,5904822.4399999995,False,False,Lower,True,Risk Off,False,None,7.869999999999998,166.2234,171.59059999999997,0.1749258788648876,0.9317508436375609,True,False,No setup,0.0,None,None,0,No active J-Curve setup.,Neutral,0,Not applicable,No directional setup; confirmation score not applicable.,Wide CPR,Wide Downside Watch,Watch,Wide CPR + close below CPR; trend mixed; participation light
PAR,EQ,PAR DRUGS AND CHEM LTD,93.13,99.0,92.3,95.69,6439,613994.48,20260227,97.96,90.5,93.09,93.84999999999998,94.22999999999999,93.46999999999997,94.22999999999999,93.46999999999997,0.7600000000000193,0.8164142227951652,Wide,Bearish,Above CPR,Cash Only,Diversified,False,False,False,0.65,60,768909.33,False,False,Lower,True,Risk Off,False,None,4.907142857142856,96.646,,0.1548762736535702,0.7985265050691998,False,False,No setup,0.0,None,None,0,No active J-Curve setup.,Neutral,0,Not applicable,No directional setup; confirmation score not applicable.,Wide CPR,Wide Upside Watch,Watch,Wide CPR + close above CPR; trend opposes; participation light
TNPETRO,EQ,TAMILNADU PETROPRODUCTS L,94.86,95.44,93.3,93.96,116103,10952650.63,20260227,96.4,91.63,95.18,94.40333333333335,94.015,94.7916666666667,94.7916666666667,94.015,0.7766666666666993,0.8159977586328002,Wide,Bullish,Below CPR,Cash Only,Energy & Oil/Gas,False,False,False,0.8666666666666667,60,14349412.21,False,False,Higher,True,Risk Off,False,Bullish Virgin,2.3785714285714286,97.8328,,0.32652652652654024,0.7632821797653271,False,False,No setup,0.0,None,None,0,No active J-Curve setup.,Neutral,0,Not applicable,No directional setup; confirmation score not applicable.,Wide CPR,Wide Downside Watch,Watch,Wide CPR + close below CPR; trend aligned; participation light
RVTH,EQ,REVATHI EQUIPMENT INDIA L,624.6,624.6,612.05,614.0,339,208712.85,20260227,641.0,617.1,621.45,626.5166666666667,629.05,623.9833333333333,629.05,623.9833333333333,5.066666666666606,0.8152975567892197,Wide,Bearish,Below CPR,Cash Only,Diversified,False,False,False,0.5333333333333333,60,427465.625,False,False,Lower,True,Risk Off,False,Bearish Virgin,28.046428571428585,666.5269999999999,768.9525,0.18065282906744543,0.4882564533697885,False,False,No setup,0.0,None,None,0,No active J-Curve setup.,Neutral,0,Not applicable,No directional setup; confirmation score not applicable.,Wide CPR,Wide Downside Watch,Watch,Wide CPR + close below CPR; trend aligned; participation light
MARATHON,EQ,MARATHON NXTGEN REALT LTD,428.0,444.7,417.65,433.05,150575,64757012.5,20260227,432.45,415.75,429.35,425.8500000000001,424.1,427.60000000000014,427.60000000000014,424.1,3.5000000000001137,0.815185745894984,Wide,Bullish,Above CPR,Cash Only,Diversified,False,False,False,0.7333333333333333,60,24072898.825,True,False,Higher,True,Risk Off,False,Bullish Virgin,19.253571428571426,496.86100000000005,537.202,0.1817844555741109,2.6900379954552482,False,False,No setup,0.0,None,None,0,No active J-Curve setup.,Neutral,0,Not applicable,No directional setup; confirmation score not applicable.,Wide CPR,Wide Upside Watch,Watch,Wide CPR + close above CPR; trend opposes; participation confirmed
TRACXN,EQ,TRACXN TECHNOLOGIES LTD,34.88,34.88,33.58,33.97,270977,9237997.1,20260227,35.8,32.12,34.38,34.099999999999994,33.959999999999994,34.239999999999995,34.239999999999995,33.959999999999994,0.28000000000000114,0.814426992437467,Wide,Bullish,Inside CPR,Cash Only,Diversified,False,False,False,0.6166666666666667,60,6622512.53,False,False,Higher,True,Risk Off,False,Bullish Virgin,2.292142857142857,36.5756,42.249500000000005,0.12215643502648851,1.3949384101807052,False,False,No setup,0.0,None,None,0,No active J-Curve setup.,Neutral,0,Not applicable,No directional setup; confirmation score not applicable.,Wide CPR,Wide Consolidation,Watch,Wide CPR + close inside CPR; consolidation/range watch
ACI,EQ,ARCHEAN CHEMICAL IND LTD,594.0,594.0,567.85,576.15,229773,133769095.25,20260227,599.0,578.5,596.0,591.1666666666666,588.75,593.5833333333333,593.5833333333333,588.75,4.8333333333332575,0.8109619686800768,Wide,Bullish,Below CPR,Cash Only,Diversified,False,False,False,0.8333333333333334,60,59682980.225,False,False,Higher,True,Risk Off,False,None,20.264285714285716,553.274,572.163,0.2385148631183137,2.2413273389784045,True,True,No setup,0.0,None,None,0,No active J-Curve setup.,Neutral,0,Not applicable,No directional setup; confirmation score not applicable.,Wide CPR,Wide Downside Watch,Watch,Wide CPR + close below CPR; trend opposes; participation confirmed
ASAHISONG,EQ,ASAHI SONGWON COLOR LTD,218.6,228.48,211.13,224.61,9488,2080054.16,20260227,216.0,209.24,215.23,213.49,212.62,214.36,214.36,212.62,1.740000000000009,0.808437485480653,Wide,Bullish,Above CPR,Cash Only,Diversified,False,False,False,0.7166666666666667,60,1693618.975,False,False,Higher,True,Risk Off,False,None,9.957142857142854,240.7654,254.29170000000002,0.1747489239598288,1.228171265617758,False,False,No setup,0.0,None,None,0,No active J-Curve setup.,Neutral,0,Not applicable,No directional setup; confirmation score not applicable.,Wide CPR,Wide Upside Watch,Watch,Wide CPR + close above CPR; trend opposes; participation confirmed
ARIES,EQ,ARIES AGRO LTD.,331.5,333.6,326.05,328.2,19186,6316037.7,20260227,340.95,329.05,331.0,333.6666666666667,335.0,332.33333333333337,335.0,332.33333333333337,2.6666666666666288,0.805639476334329,Wide,Bearish,Below CPR,Cash Only,Diversified,False,False,False,0.7333333333333333,60,7409822.325,False,False,Lower,True,Risk Off,False,Bearish Virgin,15.974999999999985,325.498,343.88,0.16692749087115064,0.8523871994461082,True,False,No setup,0.0,None,None,0,No active J-Curve setup.,Neutral,0,Not applicable,No directional setup; confirmation score not applicable.,Wide CPR,Wide Downside Watch,Watch,Wide CPR + close below CPR; trend mixed; participation light
VASCONEQ,EQ,VASCON ENGINEERS LTD,38.5,38.63,37.8,38.03,363307,13856498.21,20260227,39.87,38.1,38.52,38.830000000000005,38.985,38.67500000000001,38.985,38.67500000000001,0.30999999999998806,0.8047767393561476,Wide,Bearish,Below CPR,Cash Only,Diversified,False,False,False,0.6333333333333333,60,35563287.225,False,False,Lower,True,Risk Off,False,Bearish Virgin,1.3599999999999999,43.15560000000001,50.7083,0.2279411764705795,0.38962928601997365,False,False,No setup,0.0,None,None,0,No active J-Curve setup.,Neutral,0,Not applicable,No directional setup; confirmation score not applicable.,Wide CPR,Wide Downside Watch,Watch,Wide CPR + close below CPR; trend aligned; participation light
SECMARK,EQ,SECMARK CONSULTANCY LTD,133.05,133.98,126.4,128.5,32050,4144800.82,20260227,145.99,132.45,137.56,138.66666666666666,139.22,138.11333333333332,139.22,138.11333333333332,1.1066666666666833,0.8044974314238756,Wide,Bearish,Below CPR,Cash Only,Diversified,False,False,False,0.23333333333333334,60,220426.34000000003,True,False,Higher,True,Risk Off,True,Bullish Virgin,11.10357142857143,110.7764,114.6143,0.09966763160716349,18.803564129404858,True,True,No setup,0.0,None,None,0,No active J-Curve setup.,Neutral,0,Not applicable,No directional setup; confirmation score not applicable.,Wide CPR,Wide Downside Watch,Watch,Wide CPR + close below CPR; trend opposes; participation confirmed
HEXT,EQ,HEXAWARE TECHNOLOGIES LTD,476.4,479.9,472.0,473.5,723405,342868989.45,20260227,488.35,468.55,472.75,476.55,478.45000000000005,474.65,478.45000000000005,474.65,3.800000000000068,0.8038075092543772,Wide,Bearish,Below CPR,Cash Only,Information Technology,True,False,False,0.6333333333333333,60,389504428.525,False,False,Higher,True,Risk Off,False,None,31.95357142857145,669.922,696.2189999999999,0.1189225438694555,0.8802698104060023,False,False,No setup,0.0,None,None,0,No active J-Curve setup.,Neutral,0,Not applicable,No directional setup; confirmation score not applicable.,Wide CPR,Wide Downside Watch,Watch,Wide CPR + close below CPR; trend aligned; participation light
BAJAJINDEF,EQ,INDEF MANUFACTURING LTD,250.0,254.4,247.0,248.75,7525,1875099.2,20260227,256.1,248.0,249.05,251.05000000000004,252.05,250.05000000000007,252.05,250.05000000000007,1.9999999999999432,0.8030515960650244,Wide,Bearish,Below CPR,Cash Only,Diversified,False,False,False,0.6,60,5008103.85,False,False,Outside,True,Risk Off,False,None,11.339285714285722,307.848,336.6145,0.17637795275590037,0.3744130026377149,False,False,No setup,0.0,None,None,0,No active J-Curve setup.,Neutral,0,Not applicable,No directional setup; confirmation score not applicable.,Wide CPR,Wide Downside Watch,Watch,Wide CPR + close below CPR; trend aligned; participation light
GABRIEL,EQ,GABRIEL INDIA LTD,1004.05,1018.0,990.0,998.8,204837,205836506.2,20260227,1040.8,1005.0,1010.75,1018.85,1022.9,1014.8000000000001,1022.9,1014.8000000000001,8.099999999999909,0.8013851100667732,Wide,Bearish,Below CPR,Cash Only,Automobile and Auto Components,True,False,False,0.7166666666666667,60,272584338.15,False,False,Higher,True,Risk Off,False,None,36.47142857142858,978.515,1064.0055,0.22209165687426302,0.7551296145515541,True,False,No setup,0.0,None,None,0,No active J-Curve setup.,Neutral,0,Not applicable,No directional setup; confirmation score not applicable.,Wide CPR,Wide Downside Watch,Watch,Wide CPR + close below CPR; trend mixed; participation light
WHIRLPOOL,EQ,WHIRLPOOL OF INDIA LTD,910.05,927.0,901.3,921.85,381036,349880955.75,20260227,936.75,891.25,903.15,910.3833333333333,914.0,906.7666666666667,914.0,906.7666666666667,7.2333333333333485,0.8009005517725017,Wide,Bearish,Above CPR,Cash Only,Consumer Durables,True,False,False,0.7333333333333333,60,359457151.825,False,False,Lower,True,Risk Off,False,None,30.06785714285717,868.5179999999999,1027.201,0.2405669715326447,0.9733592835018564,True,False,No setup,0.0,None,None,0,No active J-Curve setup.,Neutral,0,Not applicable,No directional setup; confirmation score not applicable.,Wide CPR,Wide Upside Watch,Watch,Wide CPR + close above CPR; trend mixed; participation light
VIJIFIN,EQ,VIJI FINANCE LIMITED,2.14,2.16,2.07,2.1,412462,870795.59,20260227,2.19,2.04,2.09,2.106666666666667,2.115,2.0983333333333336,2.115,2.0983333333333336,0.016666666666666607,0.7974481658692156,Wide,Bearish,Inside CPR,Cash Only,Diversified,False,False,False,0.4666666666666667,60,799544.2849999999,False,False,Lower,True,Risk Off,False,None,0.13999999999999999,2.5358,,0.11904761904761864,1.0891148949929648,False,False,No setup,0.0,None,None,0,No active J-Curve setup.,Neutral,0,Not applicable,No directional setup; confirmation score not applicable.,Wide CPR,Wide Consolidation,Watch,Wide CPR + close inside CPR; consolidation/range watch
RPSGVENT,EQ,RPSG VENTURES LIMITED,686.0,698.0,677.0,681.95,24958,17188902.15,20260227,690.65,660.2,683.6,678.15,675.425,680.875,680.875,675.425,5.4500000000000455,0.7972498537156298,Wide,Bullish,Above CPR,Cash Only,Diversified,False,False,False,0.9,60,18104409.2,True,False,Higher,True,Risk Off,False,Bullish Virgin,25.614285714285717,723.078,767.0045,0.21277189068600286,0.9494318185207612,False,False,No setup,0.0,None,None,0,No active J-Curve setup.,Neutral,0,Not applicable,No directional setup; confirmation score not applicable.,Wide CPR,Wide Upside Watch,Watch,Wide CPR + close above CPR; trend opposes; participation light
MBLINFRA,EQ,MBL INFRASTRUCTURE LTD,26.59,27.02,25.7,26.31,58027,1529312.85,20260227,28.0,24.52,25.95,26.156666666666666,26.259999999999998,26.053333333333335,26.259999999999998,26.053333333333335,0.20666666666666345,0.7964033397559285,Wide,Bearish,Above CPR,Cash Only,Real Estate & Infra,False,False,False,0.43333333333333335,60,2040739.7149999999,False,False,Lower,True,Risk Off,False,None,2.0685714285714285,28.53,33.8356,0.09990791896869089,0.749391428391935,False,False,No setup,0.0,None,None,0,No active J-Curve setup.,Neutral,0,Not applicable,No directional setup; confirmation score not applicable.,Wide CPR,Wide Upside Watch,Watch,Wide CPR + close above CPR; trend opposes; participation light
POKARNA,EQ,POKARNA LIMITED,920.0,940.85,901.1,906.8,64011,58553255.45,20260227,951.85,908.95,919.45,926.75,930.4000000000001,923.0999999999999,930.4000000000001,923.0999999999999,7.300000000000182,0.7939529066289827,Wide,Bearish,Below CPR,Cash Only,Diversified,False,False,False,0.4666666666666667,60,59382485.55,False,False,Overlapping,True,Risk Off,False,None,64.96071428571427,876.174,866.7275,0.11237561163340762,0.9860357798714608,True,True,No setup,0.0,None,None,0,No active J-Curve setup.,Neutral,0,Not applicable,No directional setup; confirmation score not applicable.,Wide CPR,Wide Downside Watch,Watch,Wide CPR + close below CPR; trend opposes; participation light
MAHAPEXLTD,EQ,MAHA RASHTRA APEX COPR. L,95.5,95.5,89.6,90.93,2731,249649.82,20260227,94.98,91.65,92.22,92.95,93.315,92.58500000000001,93.315,92.58500000000001,0.7299999999999898,0.7915853394057577,Wide,Bearish,Below CPR,Cash Only,Diversified,False,False,False,0.48333333333333334,60,680199.745,False,False,Overlapping,True,Risk Off,False,None,4.622142857142859,98.167,95.5017,0.15793540411064522,0.367024277552471,False,False,No setup,0.0,None,None,0,No active J-Curve setup.,Neutral,0,Not applicable,No directional setup; confirmation score not applicable.,Wide CPR,Wide Downside Watch,Watch,Wide CPR + close below CPR; trend aligned; participation light
NELCO,EQ,NELCO LTD,627.45,632.45,619.55,622.2,51497,32234258.2,20260227,644.8,625.0,627.45,632.4166666666666,634.9,629.9333333333333,634.9,629.9333333333333,4.966666666666697,0.7915637368183435,Wide,Bearish,Below CPR,Cash Only,Diversified,False,False,False,0.7333333333333333,60,39687199.775,False,False,Inside,True,Risk Off,False,None,22.850000000000005,675.245,759.798,0.2173595915390239,0.8122079255464427,False,False,No setup,0.0,None,None,0,No active J-Curve setup.,Neutral,0,Not applicable,No directional setup; confirmation score not applicable.,Wide CPR,Wide Downside Watch,Watch,Wide CPR + close below CPR; trend aligned; participation light
HLEGLAS,EQ,HLE GLASCOAT LIMITED,324.75,334.7,317.75,327.75,70083,22894486.9,20260227,334.0,317.95,322.15,324.7,325.975,323.42499999999995,325.975,323.42499999999995,2.550000000000068,0.7915567282322112,Wide,Bearish,Above CPR,Cash Only,Diversified,False,False,False,0.7166666666666667,60,29411299.525,False,False,Higher,True,Risk Off,False,Bullish Virgin,17.357142857142858,397.353,450.07399999999996,0.1469135802469175,0.7784248662844488,False,False,No setup,0.0,None,None,0,No active J-Curve setup.,Neutral,0,Not applicable,No directional setup; confirmation score not applicable.,Wide CPR,Wide Upside Watch,Watch,Wide CPR + close above CPR; trend opposes; participation light
TRIGYN,EQ,TRIGYN TECHNOLOGIES LTD,51.88,52.74,51.4,52.11,38308,1995403.35,20260227,53.44,51.0,51.61,52.01666666666667,52.22,51.81333333333335,52.22,51.81333333333335,0.4066666666666521,0.7879609894722962,Wide,Bearish,Inside CPR,Cash Only,Diversified,False,False,False,0.5166666666666667,60,1994329.4500000002,True,False,Overlapping,True,Risk Off,False,None,2.793571428571428,61.608799999999995,69.2697,0.14557231739537535,1.0005384767296095,False,False,No setup,0.0,None,None,0,No active J-Curve setup.,Neutral,0,Not applicable,No directional setup; confirmation score not applicable.,Wide CPR,Wide Consolidation,Watch,Wide CPR + close inside CPR; consolidation/range watch
JAIBALAJI,EQ,JAI BALAJI INDUSTRIES LTD,71.21,75.8,68.5,68.92,21938067,1572093996.35,20260227,73.7,68.6,72.0,71.43333333333334,71.15,71.71666666666667,71.71666666666667,71.15,0.5666666666666629,0.7870370370370318,Wide,Bullish,Below CPR,Cash Only,Diversified,False,False,False,0.55,60,85868708.215,False,False,Higher,True,Risk Off,False,Bullish Virgin,4.05214285714286,68.429,75.41890000000001,0.13984370409542174,18.308112804186546,True,False,No setup,0.0,None,None,0,No active J-Curve setup.,Neutral,0,Not applicable,No directional setup; confirmation score not applicable.,Wide CPR,Wide Downside Watch,Watch,Wide CPR + close below CPR; trend mixed; participation confirmed
PAKKA,EQ,PAKKA LIMITED,91.2,92.28,89.08,90.22,94004,8519057.23,20260227,91.19,87.12,90.22,89.50999999999999,89.155,89.86499999999998,89.86499999999998,89.155,0.7099999999999795,0.7869651961870755,Wide,Bullish,Above CPR,Cash Only,Diversified,False,False,False,0.5833333333333334,60,8573087.27,False,False,Higher,True,Risk Off,False,Bullish Virgin,4.303571428571428,95.99799999999999,111.2315,0.16497925311202846,0.9936977149189805,False,False,No setup,0.0,None,None,0,No active J-Curve setup.,Neutral,0,Not applicable,No directional setup; confirmation score not applicable.,Wide CPR,Wide Upside Watch,Watch,Wide CPR + close above CPR; trend opposes; participation light
GANESHCP,EQ,GANESH CONSUMER PRODUCT L,173.0,179.0,168.91,176.08,267864,46954606.0,20260227,177.71,164.29,173.02,171.67333333333332,171.0,172.34666666666664,172.34666666666664,171.0,1.3466666666666356,0.7783300581820805,Wide,Bullish,Above CPR,Cash Only,Diversified,False,False,False,0.6666666666666666,60,16902244.13,False,False,Higher,True,Risk Off,False,Bullish Virgin,7.727142857142858,202.98399999999998,238.12150000000003,0.174277438836503,2.778010164736628,False,False,No setup,0.0,None,None,0,No active J-Curve setup.,Neutral,0,Not applicable,No directional setup; confirmation score not applicable.,Wide CPR,Wide Upside Watch,Watch,Wide CPR + close above CPR; trend opposes; participation confirmed
GANESHBE,EQ,GANESH BENZOPLAST LIMITED,84.0,84.0,81.81,82.35,40476,3331039.43,20260227,84.4,81.01,83.68,83.03000000000002,82.70500000000001,83.35500000000002,83.35500000000002,82.70500000000001,0.6500000000000057,0.7767686424474255,Wide,Bullish,Below CPR,Cash Only,Diversified,False,False,False,0.7666666666666667,60,5038204.625,False,False,Higher,True,Risk Off,False,None,4.059285714285713,78.6538,81.67,0.16012669364772272,0.6611560422677354,True,True,No setup,0.0,None,None,0,No active J-Curve setup.,Neutral,0,Not applicable,No directional setup; confirmation score not applicable.,Wide CPR,Wide Downside Watch,Watch,Wide CPR + close below CPR; trend opposes; participation light
ARFIN,EQ,ARFIN INDIA LIMITED,73.07,73.07,71.15,71.7,805844,57826424.23,20260227,73.93,69.05,72.33,71.77,71.49000000000001,72.04999999999998,72.04999999999998,71.49000000000001,0.5599999999999739,0.7742292271532889,Wide,Bullish,Inside CPR,Cash Only,Diversified,False,False,False,0.7,60,65509081.6,False,False,Higher,True,Risk Off,False,None,2.8049999999999997,72.724,,0.19964349376113152,0.8827237814611646,False,False,No setup,0.0,None,None,0,No active J-Curve setup.,Neutral,0,Not applicable,No directional setup; confirmation score not applicable.,Wide CPR,Wide Consolidation,Watch,Wide CPR + close inside CPR; consolidation/range watch
GILLANDERS,EQ,GILLANDERS ARBUTHNOT LTD,93.15,94.51,91.5,92.49,2180,201731.55,20260227,94.85,90.2,93.61,92.88666666666667,92.525,93.24833333333333,93.24833333333333,92.525,0.7233333333333292,0.7727094683616378,Wide,Bullish,Below CPR,Cash Only,Diversified,False,False,False,0.5333333333333333,60,587221.175,False,False,Higher,True,Risk Off,False,Bullish Virgin,5.455714285714288,96.6358,107.3681,0.13258270053242477,0.34353589173619287,False,False,No setup,0.0,None,None,0,No active J-Curve setup.,Neutral,0,Not applicable,No directional setup; confirmation score not applicable.,Wide CPR,Wide Downside Watch,Watch,Wide CPR + close below CPR; trend aligned; participation light
SHRINGARMS,EQ,SHRINGAR HOU OF MANGALS L,245.87,247.0,231.25,234.17,1035774,246383949.88,20260227,252.2,244.61,245.56,247.45666666666668,248.405,246.50833333333335,248.405,246.50833333333335,1.896666666666647,0.7723842102405306,Wide,Bearish,Below CPR,Cash Only,Diversified,False,False,False,0.7166666666666667,60,261958555.365,False,False,Lower,True,Risk Off,False,Bearish Virgin,10.76142857142857,232.23379999999997,223.0564,0.17624673658126283,0.9405455360551247,True,True,No setup,0.0,None,None,0,No active J-Curve setup.,Neutral,0,Not applicable,No directional setup; confirmation score not applicable.,Wide CPR,Wide Downside Watch,Watch,Wide CPR + close below CPR; trend opposes; participation light
GOODLUCK,EQ,GOODLUCK INDIA LIMITED,1191.0,1204.3,1172.2,1176.7,67971,80606249.4,20260227,1226.9,1191.0,1195.2,1204.3666666666668,1208.95,1199.7833333333335,1208.95,1199.7833333333335,9.166666666666515,0.7669567157518837,Wide,Bearish,Below CPR,Cash Only,Diversified,False,False,False,0.6,60,77456436.9,False,False,Overlapping,True,Risk Off,False,Bearish Virgin,50.45714285714288,1107.792,1150.038,0.18167232918081988,1.0406656002530372,True,True,No setup,0.0,None,None,0,No active J-Curve setup.,Neutral,0,Not applicable,No directional setup; confirmation score not applicable.,Wide CPR,Wide Downside Watch,Watch,Wide CPR + close below CPR; trend opposes; participation confirmed
NAM-INDIA,EQ,NIPPON L I A M LTD,940.2,942.6,927.0,931.2,370579,345564630.75,20260227,975.0,934.0,943.65,950.8833333333333,954.5,947.2666666666667,954.5,947.2666666666667,7.2333333333333485,0.7665271375333385,Wide,Bearish,Below CPR,Cash Only,Financial Services,True,False,False,0.7333333333333333,60,640664665.725,False,False,Lower,True,Risk Off,False,Bearish Virgin,35.61785714285714,898.9,885.6185,0.20308165379858997,0.5393845629974711,True,True,No setup,0.0,None,None,0,No active J-Curve setup.,Neutral,0,Not applicable,No directional setup; confirmation score not applicable.,Wide CPR,Wide Downside Watch,Watch,Wide CPR + close below CPR; trend opposes; participation light
GHCL,EQ,GHCL LIMITED,490.5,491.6,478.1,479.2,93054,44826028.15,20260227,495.0,480.95,493.65,489.8666666666666,487.975,491.7583333333332,491.7583333333332,487.975,3.7833333333331893,0.7663999459805915,Wide,Bullish,Below CPR,Cash Only,Diversified,False,False,False,0.9,60,45872109.425,False,False,Higher,True,Risk Off,False,None,12.571428571428568,533.276,572.0210000000001,0.30094696969695833,0.9771957015251213,False,False,No setup,0.0,None,None,0,No active J-Curve setup.,Neutral,0,Not applicable,No directional setup; confirmation score not applicable.,Wide CPR,Wide Downside Watch,Watch,Wide CPR + close below CPR; trend aligned; participation light
BANKBARODA,EQ,BANK OF BARODA,325.0,325.0,319.5,321.95,14686416,4732364651.65,20260227,325.5,316.0,324.45,321.98333333333335,320.75,323.2166666666667,323.2166666666667,320.75,2.466666666666697,0.7602609544357211,Wide,Bullish,Inside CPR,Cash Only,Financial Services,True,False,False,0.85,60,2391167257.075,False,False,Higher,True,Risk Off,False,Bullish Virgin,6.567857142857134,299.23,289.8455,0.3755664310313627,1.9791023140049493,True,True,No setup,0.0,None,None,0,No active J-Curve setup.,Neutral,0,Not applicable,No directional setup; confirmation score not applicable.,Wide CPR,Wide Consolidation,Watch,Wide CPR + close inside CPR; consolidation/range watch
KALPATARU,EQ,KALPATARU LIMITED,334.25,337.35,323.55,324.7,35634,11656365.4,20260227,343.75,330.85,333.5,336.03333333333336,337.3,334.7666666666667,337.3,334.7666666666667,2.533333333333303,0.7596201899050384,Wide,Bearish,Below CPR,Cash Only,Diversified,False,False,False,0.7,60,12683493.65,False,False,Lower,True,Risk Off,False,None,15.507142857142847,342.025,353.43449999999996,0.16336557653922737,0.9190185071760572,False,False,No setup,0.0,None,None,0,No active J-Curve setup.,Neutral,0,Not applicable,No directional setup; confirmation score not applicable.,Wide CPR,Wide Downside Watch,Watch,Wide CPR + close below CPR; trend aligned; participation light
CCCL,EQ,CONS. CONST. CONSORT LTD,15.8,16.4,15.37,15.99,210184,3346785.96,20260227,16.47,15.51,15.81,15.93,15.989999999999998,15.870000000000001,15.989999999999998,15.870000000000001,0.11999999999999744,0.7590132827324316,Wide,Bearish,Above CPR,Cash Only,Diversified,False,False,False,0.4,60,13557540.73,False,False,Lower,True,Risk Off,False,None,0.9314285714285714,22.1038,,0.12883435582821812,0.24685789455858045,False,False,No setup,0.0,None,None,0,No active J-Curve setup.,Neutral,0,Not applicable,No directional setup; confirmation score not applicable.,Wide CPR,Wide Upside Watch,Watch,Wide CPR + close above CPR; trend opposes; participation light
CAPILLARY,EQ,CAPILLARY TECHNO INDIA L,516.0,529.0,507.75,514.05,98915,51060673.45,20260227,527.3,508.15,511.9,515.7833333333333,517.7249999999999,513.8416666666667,517.7249999999999,513.8416666666667,3.883333333333212,0.7586117080158649,Wide,Bearish,Inside CPR,Cash Only,Diversified,False,False,False,0.7,60,164943327.375,False,False,Lower,True,Risk Off,False,None,27.999999999999996,614.484,,0.13869047619047187,0.30956495338494744,False,False,No setup,0.0,None,None,0,No active J-Curve setup.,Neutral,0,Not applicable,No directional setup; confirmation score not applicable.,Wide CPR,Wide Consolidation,Watch,Wide CPR + close inside CPR; consolidation/range watch
ONESOURCE,EQ,ONESOURCE SPECL PHARMA L,1332.0,1350.0,1299.7,1346.8,218471,290392676.2,20260227,1339.1,1276.2,1322.7,1312.6666666666667,1307.65,1317.6833333333334,1317.6833333333334,1307.65,10.033333333333303,0.7585494317179483,Wide,Bullish,Above CPR,Cash Only,Healthcare,True,False,False,0.6166666666666667,60,253943833.55,False,False,Overlapping,True,Risk Off,False,None,73.58571428571426,1484.4619999999998,1616.499,0.13634892901054774,1.143531119226108,False,False,No setup,0.0,None,None,0,No active J-Curve setup.,Neutral,0,Not applicable,No directional setup; confirmation score not applicable.,Wide CPR,Wide Upside Watch,Watch,Wide CPR + close above CPR; trend opposes; participation confirmed
DCBBANK,EQ,DCB BANK LIMITED,187.0,190.03,182.79,185.56,2379564,444628615.05,20260227,192.97,187.06,187.88,189.3033333333333,190.015,188.59166666666664,190.015,188.59166666666664,1.4233333333333462,0.7575757575757645,Wide,Bearish,Below CPR,Cash Only,Financial Services,False,False,False,0.8,60,345583477.905,False,False,Overlapping,True,Risk Off,False,None,6.325714285714288,185.2232,174.11739999999998,0.22500752785305825,1.2866026401071966,True,True,No setup,0.0,None,None,0,No active J-Curve setup.,Neutral,0,Not applicable,No directional setup; confirmation score not applicable.,Wide CPR,Wide Downside Watch,Watch,Wide CPR + close below CPR; trend opposes; participation confirmed
EVERESTIND,EQ,EVEREST INDUSTRIES LTD,384.9,420.6,382.1,388.75,20724,8311571.25,20260227,399.95,379.9,385.55,388.46666666666664,389.92499999999995,387.0083333333333,389.92499999999995,387.0083333333333,2.9166666666666288,0.7564950503609464,Wide,Bearish,Inside CPR,Cash Only,Diversified,False,False,False,0.6166666666666667,60,3708571.3499999996,False,False,Lower,True,Risk Off,False,None,16.760714285714283,447.75700000000006,515.811,0.17401804105404992,2.2411787358493185,False,False,No setup,0.0,None,None,0,No active J-Curve setup.,Neutral,0,Not applicable,No directional setup; confirmation score not applicable.,Wide CPR,Wide Consolidation,Watch,Wide CPR + close inside CPR; consolidation/range watch
CORALFINAC,EQ,CORAL INDIA FIN & HOUS LT,34.82,34.82,33.61,33.8,2432,82665.35,20260227,35.28,33.59,34.83,34.56666666666667,34.435,34.69833333333334,34.69833333333334,34.435,0.2633333333333354,0.7560532108335787,Wide,Bullish,Below CPR,Cash Only,Diversified,False,False,False,0.4666666666666667,60,648312.26,True,False,Overlapping,True,Risk Off,False,None,1.6114285714285705,36.7218,39.0667,0.1634160756501196,0.12750854040613085,False,False,No setup,0.0,None,None,0,No active J-Curve setup.,Neutral,0,Not applicable,No directional setup; confirmation score not applicable.,Wide CPR,Wide Downside Watch,Watch,Wide CPR + close below CPR; trend aligned; participation light
ASIANHOTNR,EQ,ASIAN HOTELS (NORTH) LTD,296.85,299.65,285.05,289.7,15886,4641607.4,20260227,299.7,284.35,295.35,293.1333333333333,292.025,294.2416666666667,294.2416666666667,292.025,2.216666666666697,0.7505219795722692,Wide,Bullish,Below CPR,Cash Only,Diversified,False,False,False,0.6166666666666667,60,5043024.2,False,False,Overlapping,True,Risk Off,False,None,22.310714285714276,308.07899999999995,318.24050000000005,0.09935435675791186,0.9204015717394337,False,False,No setup,0.0,None,None,0,No active J-Curve setup.,Neutral,0,Not applicable,No directional setup; confirmation score not applicable.,Wide CPR,Wide Downside Watch,Watch,Wide CPR + close below CPR; trend aligned; participation light
