SYMBOL,SERIES,NAME,OPEN,HIGH,LOW,CLOSE,VOLUME,VALUE,session,PREV_HIGH,PREV_LOW,PREV_CLOSE,Pivot,BC,TC,CPR_Top,CPR_Bottom,CPR_Width,CPR_Width_Pct,CPR_Class,Bias,Price_Position,Segment,Industry,Nifty500,Bullish_CPR,Bearish_CPR,Width_Rank_Pct,History_Days,Value_60d,NR4,NR7,Overlay,History_OK,Regime,Own_Narrow,Virgin_CPR,ATR14,SMA50,SMA100,Width_ATR,Value_Ratio,Above_SMA50,Above_SMA100,Setup,Risk_Multiplier,Triple_Confluence,JCurve_Stage,JCurve_Score,JCurve_Explanation,Signal_Direction,Signal_Score,Signal_Grade,Signal_Explanation,Strategy_Type,Strategy_Setup,Strategy_Confirmation,Strategy_Explanation
BCG,EQ,BRIGHTCOM GROUP LIMITED,13.25,14.8,13.21,14.01,15004562,208739743.93,20251113,13.49,13.23,13.31,13.343333333333334,13.36,13.326666666666668,13.36,13.326666666666668,0.03333333333333144,0.25043826696717836,Moderate,Bearish,Above CPR,Cash Only,Diversified,False,False,False,0.21666666666666667,60,102483832.155,True,True,Higher,True,Neutral,True,None,0.5714285714285713,14.242,,0.05833333333333003,2.0368065824694668,False,False,No setup,0.0,None,None,0,No active J-Curve setup.,Neutral,0,Not applicable,No directional setup; confirmation score not applicable.,Standard CPR,Not applicable,Not applicable,Standard CPR; Wide CPR rules not applied
ICRA,EQ,ICRA LIMITED,6300.0,6352.5,6221.5,6327.5,2872,18030338.0,20251113,6375.0,6280.5,6304.0,6319.833333333333,6327.75,6311.916666666666,6327.75,6311.916666666666,15.83333333333394,0.2511632825719216,Moderate,Bearish,Inside CPR,Cash Only,Diversified,False,False,False,0.55,60,16647919.5,False,False,Lower,True,Neutral,False,None,153.03571428571428,6379.74,,0.10346168805912494,1.083038514211941,False,False,No setup,0.0,None,None,0,No active J-Curve setup.,Neutral,0,Not applicable,No directional setup; confirmation score not applicable.,Standard CPR,Not applicable,Not applicable,Standard CPR; Wide CPR rules not applied
ADVANIHOTR,EQ,ADVANI HOT.& RES.(I) LTD,55.72,57.39,55.55,56.5,35590,2001192.82,20251113,56.86,55.0,55.72,55.85999999999999,55.93,55.789999999999985,55.93,55.789999999999985,0.14000000000001478,0.25125628140706174,Moderate,Bearish,Above CPR,Cash Only,Diversified,False,False,False,0.43333333333333335,60,2014052.635,False,False,Higher,True,Neutral,False,None,1.4364285714285718,59.056999999999995,,0.09746394828444586,0.9936149558474673,False,False,No setup,0.0,None,None,0,No active J-Curve setup.,Neutral,0,Not applicable,No directional setup; confirmation score not applicable.,Standard CPR,Not applicable,Not applicable,Standard CPR; Wide CPR rules not applied
JBMA,EQ,JBM AUTO LIMITED,633.55,645.0,629.35,631.55,234305,149491022.9,20251113,643.45,632.45,635.55,637.15,637.95,636.3499999999999,637.95,636.3499999999999,1.6000000000001364,0.2517504523641156,Moderate,Bearish,Below CPR,Cash Only,Automobile and Auto Components,True,False,False,0.31666666666666665,60,216178196.3,False,False,Higher,True,Neutral,False,None,15.967857142857147,665.336,,0.10020129724894612,0.6915175788243914,False,False,No setup,0.0,None,None,0,No active J-Curve setup.,Neutral,0,Not applicable,No directional setup; confirmation score not applicable.,Standard CPR,Not applicable,Not applicable,Standard CPR; Wide CPR rules not applied
YUKEN,EQ,YUKEN INDIA LIMITED,929.3,939.0,860.5,898.1,10951,9843515.3,20251113,936.95,910.2,920.1,922.4166666666666,923.575,921.2583333333332,923.575,921.2583333333332,2.3166666666668334,0.2517842263522262,Moderate,Bearish,Below CPR,Cash Only,Diversified,False,False,False,0.21666666666666667,60,3541704.325,False,False,Overlapping,True,Neutral,True,None,37.34285714285716,960.0279999999999,,0.06203774547309803,2.779315944167643,False,False,No setup,0.0,None,None,0,No active J-Curve setup.,Neutral,0,Not applicable,No directional setup; confirmation score not applicable.,Standard CPR,Not applicable,Not applicable,Standard CPR; Wide CPR rules not applied
KERNEX,EQ,KERNEX MICROSYS(I) LTD,1300.0,1344.9,1291.1,1316.6,208812,275075415.9,20251113,1315.0,1274.8,1290.0,1293.2666666666667,1294.9,1291.6333333333332,1294.9,1291.6333333333332,3.266666666666879,0.2532299741602232,Moderate,Bearish,Above CPR,Cash Only,Diversified,False,False,False,0.2727272727272727,45,137342532.7,True,False,Lower,True,Neutral,False,None,59.121428571428574,,,0.05525351375297367,2.002842167625179,False,False,No setup,0.0,None,None,0,No active J-Curve setup.,Neutral,0,Not applicable,No directional setup; confirmation score not applicable.,Standard CPR,Not applicable,Not applicable,Standard CPR; Wide CPR rules not applied
TVTODAY,EQ,TV TODAY NETWORK LTD,140.1,144.07,140.1,142.34,51081,7278999.62,20251113,143.8,139.2,142.04,141.67999999999998,141.5,141.85999999999996,141.85999999999996,141.5,0.3599999999999568,0.25344973246969643,Moderate,Bullish,Above CPR,Cash Only,Diversified,False,False,False,0.5333333333333333,60,6672131.52,False,False,Lower,True,Neutral,False,None,3.124285714285713,148.272,,0.11522633744854589,1.090955656101935,False,False,No setup,0.0,None,None,0,No active J-Curve setup.,Neutral,0,Not applicable,No directional setup; confirmation score not applicable.,Standard CPR,Not applicable,Not applicable,Standard CPR; Wide CPR rules not applied
POLYMED,EQ,POLY MEDICURE LIMITED,2017.3,2024.7,1950.2,1958.9,92206,182651849.0,20251113,2064.0,2002.0,2025.3,2030.4333333333334,2033.0,2027.8666666666668,2033.0,2027.8666666666668,5.133333333333212,0.25346039269901804,Moderate,Bearish,Below CPR,Cash Only,Healthcare,True,False,False,0.35,60,215708498.2,False,False,Overlapping,True,Neutral,False,None,72.10714285714288,1953.856,,0.07119035826316489,0.8467531438221287,True,False,No setup,0.0,None,None,0,No active J-Curve setup.,Neutral,0,Not applicable,No directional setup; confirmation score not applicable.,Standard CPR,Not applicable,Not applicable,Standard CPR; Wide CPR rules not applied
UNIENTER,EQ,UNIPHOS ENTERPRISES LTD,157.6,157.6,155.0,156.49,2050,319566.5,20251113,158.0,153.79,156.49,156.09333333333333,155.89499999999998,156.29166666666669,156.29166666666669,155.89499999999998,0.3966666666667038,0.2534773254947305,Moderate,Bullish,Above CPR,Cash Only,Diversified,False,False,False,0.3,60,659053.3,True,True,Higher,True,Neutral,False,Bullish Virgin,4.972142857142856,151.0918,,0.0797778097016787,0.484887185907422,True,False,No setup,0.0,None,None,0,No active J-Curve setup.,Neutral,0,Not applicable,No directional setup; confirmation score not applicable.,Standard CPR,Not applicable,Not applicable,Standard CPR; Wide CPR rules not applied
TEXRAIL,EQ,TEXMACO RAIL & ENG. LTD.,134.0,134.9,131.1,131.95,985625,130954414.9,20251113,135.5,133.5,133.99,134.33,134.5,134.16000000000003,134.5,134.16000000000003,0.339999999999975,0.2537502798716135,Moderate,Bearish,Below CPR,Cash Only,Railway Wagons,False,False,False,0.3333333333333333,60,130194003.18,False,False,Overlapping,True,Neutral,False,None,3.0578571428571473,138.9626,,0.11118897453865086,1.005840604800735,False,False,No setup,0.0,None,None,0,No active J-Curve setup.,Neutral,0,Not applicable,No directional setup; confirmation score not applicable.,Standard CPR,Not applicable,Not applicable,Standard CPR; Wide CPR rules not applied
INDUSTOWER,EQ,INDUS TOWERS LIMITED,406.0,414.0,405.55,407.85,5069406,2078855651.3,20251113,410.7,400.1,406.95,405.9166666666667,405.4,406.4333333333334,406.4333333333334,405.4,1.0333333333334167,0.2539214481713765,Moderate,Bullish,Above CPR,Cash Only,Telecommunication,True,False,False,0.36666666666666664,60,2460311302.875,False,False,Higher,True,Neutral,False,Bullish Virgin,12.782142857142853,360.254,,0.08084194840272611,0.8449563471381651,True,False,No setup,0.0,None,None,0,No active J-Curve setup.,Neutral,0,Not applicable,No directional setup; confirmation score not applicable.,Standard CPR,Not applicable,Not applicable,Standard CPR; Wide CPR rules not applied
360ONE,EQ,360 ONE WAM LIMITED,1089.0,1095.0,1075.8,1085.6,457966,497760659.3,20251113,1096.9,1072.8,1089.0,1086.2333333333333,1084.85,1087.6166666666668,1087.6166666666668,1084.85,2.766666666666879,0.25405570860118265,Moderate,Bullish,Inside CPR,Cash Only,Financial Services,True,False,False,0.31666666666666665,60,651319072.75,False,False,Higher,True,Neutral,False,Bullish Virgin,28.778571428571436,1085.62,,0.09613634483329932,0.7642347355165794,False,False,No setup,0.0,None,None,0,No active J-Curve setup.,Neutral,0,Not applicable,No directional setup; confirmation score not applicable.,Standard CPR,Not applicable,Not applicable,Standard CPR; Wide CPR rules not applied
BANKA,EQ,BANKA BIOLOO LIMITED,86.5,88.0,86.0,87.86,3681,322225.18,20251113,88.0,84.52,86.59,86.37,86.25999999999999,86.48000000000002,86.48000000000002,86.25999999999999,0.22000000000002728,0.2540709088809646,Moderate,Bullish,Above CPR,Cash Only,Financial Services,False,False,False,0.3,60,667756.5800000001,False,False,Higher,True,Neutral,False,Bullish Virgin,3.7107142857142867,87.53,,0.05928777670838077,0.4825488653365272,True,False,No setup,0.0,None,None,0,No active J-Curve setup.,Neutral,0,Not applicable,No directional setup; confirmation score not applicable.,Standard CPR,Not applicable,Not applicable,Standard CPR; Wide CPR rules not applied
ADSL,EQ,ALLIED DIGITAL SERV. LTD,173.0,173.37,169.88,170.45,125962,21583567.66,20251113,175.65,168.97,172.97,172.53,172.31,172.75,172.75,172.31,0.4399999999999977,0.2543793721454574,Moderate,Bullish,Below CPR,Cash Only,Diversified,False,False,False,0.31666666666666665,60,35937770.400000006,True,True,Higher,True,Neutral,False,Bullish Virgin,5.289285714285711,181.074,,0.08318703578663028,0.6005817116578829,False,False,No setup,0.0,None,None,0,No active J-Curve setup.,Neutral,0,Not applicable,No directional setup; confirmation score not applicable.,Standard CPR,Not applicable,Not applicable,Standard CPR; Wide CPR rules not applied
TEXMOPIPES,EQ,TEXMO PIPE & PRODUCTS LTD,53.25,56.6,53.25,54.75,34766,1926793.83,20251113,54.49,53.3,53.69,53.82666666666666,53.894999999999996,53.758333333333326,53.894999999999996,53.758333333333326,0.13666666666667027,0.2545477121748375,Moderate,Bearish,Above CPR,Cash Only,Building Materials,False,False,False,0.25,60,1246857.815,True,True,Lower,True,Neutral,True,None,1.667857142857144,55.663199999999996,,0.08194147037830331,1.5453196080741574,False,False,No setup,0.0,None,None,0,No active J-Curve setup.,Neutral,0,Not applicable,No directional setup; confirmation score not applicable.,Standard CPR,Not applicable,Not applicable,Standard CPR; Wide CPR rules not applied
PARKHOTELS,EQ,PARKHOTELS,140.9,143.89,139.97,143.05,275457,39240359.5,20251113,142.81,138.2,139.97,140.32666666666668,140.505,140.14833333333337,140.505,140.14833333333337,0.3566666666666265,0.2548165082993688,Moderate,Bearish,Above CPR,Cash Only,Hotels & Tourism,False,False,False,0.31666666666666665,60,59303004.11,True,False,Lower,True,Neutral,False,Bearish Virgin,4.032857142857144,151.515,,0.08844019364741001,0.6616926088131019,False,False,No setup,0.0,None,None,0,No active J-Curve setup.,Neutral,0,Not applicable,No directional setup; confirmation score not applicable.,Standard CPR,Not applicable,Not applicable,Standard CPR; Wide CPR rules not applied
MANGLMCEM,EQ,MANGALAM CEMENT LTD,742.0,760.4,740.4,747.9,158215,119065515.5,20251113,749.0,735.1,744.9,743.0,742.05,743.95,743.95,742.05,1.900000000000091,0.2550677943348223,Moderate,Bullish,Above CPR,Cash Only,Diversified,False,False,False,0.45,60,35652063.7,True,True,Inside,True,Neutral,False,None,20.385714285714293,752.3789999999999,,0.09320252277505699,3.3396528319341017,False,False,No setup,0.0,None,Ready,73,"🪝 J-Curve Ready (The Hook): Support defense at Monthly/Weekly CPR level with institutional absorption (3.3x volume). Coiling inside band (₹742.05 - ₹743.95), closed above Central Pivot (₹743.00). Probe long setup ahead of crowd with invalidation below CPR Bottom (₹742.05).",Neutral,0,Not applicable,No directional setup; confirmation score not applicable.,Standard CPR,Not applicable,Not applicable,Standard CPR; Wide CPR rules not applied
SAIL,EQ,STEEL AUTHORITY OF INDIA,144.25,145.9,143.0,144.72,24530062,3548577291.31,20251113,145.28,142.8,143.49,143.85666666666668,144.04000000000002,143.67333333333335,144.04000000000002,143.67333333333335,0.36666666666667425,0.25553464817525556,Moderate,Bearish,Above CPR,Cash Only,Metals & Mining,True,False,False,0.38333333333333336,60,1495272885.905,True,False,Inside,True,Neutral,False,None,4.432142857142856,133.78979999999999,,0.08272898200376214,2.3731971098788813,True,False,No setup,0.0,None,Ready,65,"🪝 J-Curve Ready (The Hook): Support defense at Monthly/Weekly CPR level with institutional absorption (2.4x volume). Coiling inside band (₹143.67 - ₹144.04), closed above Central Pivot (₹143.86). Probe long setup ahead of crowd with invalidation below CPR Bottom (₹143.67).",Neutral,0,Not applicable,No directional setup; confirmation score not applicable.,Standard CPR,Not applicable,Not applicable,Standard CPR; Wide CPR rules not applied
ANMOL,EQ,ANMOL INDIA LIMITED,15.89,16.25,15.61,16.04,48180,765072.06,20251113,15.87,15.51,15.63,15.67,15.69,15.65,15.69,15.65,0.03999999999999915,0.2559181062060086,Moderate,Bearish,Above CPR,Cash Only,Diversified,False,False,False,0.43333333333333335,60,581167.63,True,True,Higher,True,Neutral,False,Bullish Virgin,0.9078571428571426,15.650599999999999,,0.04405979543666312,1.3164395615082691,True,False,No setup,0.0,None,None,0,No active J-Curve setup.,Neutral,0,Not applicable,No directional setup; confirmation score not applicable.,Standard CPR,Not applicable,Not applicable,Standard CPR; Wide CPR rules not applied
HPL,EQ,HPL ELECTRIC & POWER LTD,454.95,457.75,448.15,449.25,68410,30977110.25,20251113,460.0,451.3,453.9,455.0666666666666,455.65,454.48333333333323,455.65,454.48333333333323,1.1666666666667425,0.25703165161197233,Moderate,Bearish,Below CPR,Cash Only,Diversified,False,False,False,0.23333333333333334,60,51145383.6,False,False,Overlapping,True,Neutral,True,None,14.099999999999998,457.555,,0.08274231678487537,0.6056677664648505,False,False,No setup,0.0,None,None,0,No active J-Curve setup.,Neutral,0,Not applicable,No directional setup; confirmation score not applicable.,Standard CPR,Not applicable,Not applicable,Standard CPR; Wide CPR rules not applied
HUHTAMAKI,EQ,HUHTAMAKI INDIA LIMITED,241.52,244.55,240.38,242.46,159250,38649764.46,20251113,244.79,238.73,240.83,241.45000000000002,241.76,241.14000000000004,241.76,241.14000000000004,0.6199999999999477,0.25744300959180655,Moderate,Bearish,Above CPR,Cash Only,Diversified,False,False,False,0.2,60,32180008.785,False,False,Higher,True,Neutral,True,Bullish Virgin,6.908571428571425,240.70080000000002,,0.08974358974358222,1.201048909533416,True,False,No setup,0.0,None,None,0,No active J-Curve setup.,Neutral,0,Not applicable,No directional setup; confirmation score not applicable.,Standard CPR,Not applicable,Not applicable,Standard CPR; Wide CPR rules not applied
GOKULAGRO,EQ,GOKUL AGRO RESOURCES LTD,194.33,204.69,189.0,200.42,5991745,1194711133.21,20251113,187.0,179.0,183.71,183.23666666666668,183.0,183.47333333333336,183.47333333333336,183.0,0.4733333333333576,0.25765245949232896,Moderate,Bullish,Above CPR,Cash Only,Chemicals & Fertilizers,False,False,False,0.23333333333333334,60,119445574.875,True,False,Higher,True,Neutral,True,Bullish Virgin,8.816428571428574,292.9328,,0.0536876502201005,10.002138082220855,False,False,Long,0.5,None,None,0,No active J-Curve setup.,Long,62,Mixed,CPR width: 0.2577% (12/20); Price location: Above CPR (20/20); Trend: opposes SMA direction (0/20); Participation: confirmed (10.00x) (20/20); Higher timeframe: unavailable (10/20),Standard CPR,Not applicable,Not applicable,Standard CPR; Wide CPR rules not applied
COROMANDEL,EQ,COROMANDEL INTERNTL. LTD,2190.0,2234.0,2186.6,2210.2,256558,568382210.2,20251113,2199.9,2152.8,2184.8,2179.166666666667,2176.3500000000004,2181.9833333333336,2181.9833333333336,2176.3500000000004,5.633333333333212,0.25784206029536855,Moderate,Bullish,Above CPR,Cash Only,Chemicals,True,False,False,0.23333333333333334,60,645970280.3,False,False,Higher,True,Neutral,True,Bullish Virgin,70.34285714285708,2224.254,,0.08008394259409528,0.8798891025389486,False,False,Long,0.5,None,None,0,No active J-Curve setup.,Long,54,Mixed,CPR width: 0.2578% (12/20); Price location: Above CPR (20/20); Trend: opposes SMA direction (0/20); Participation: moderate (0.88x) (12/20); Higher timeframe: unavailable (10/20),Standard CPR,Not applicable,Not applicable,Standard CPR; Wide CPR rules not applied
MANINFRA,EQ,MAN INFRA LTD,136.96,138.98,132.0,132.62,1617916,219661265.3,20251113,138.41,131.76,135.61,135.26,135.08499999999998,135.435,135.435,135.08499999999998,0.35000000000002274,0.25809306098372004,Moderate,Bullish,Below CPR,Cash Only,Real Estate & Infra,False,False,False,0.31666666666666665,60,39639530.349999994,True,True,Higher,True,Neutral,False,None,4.437857142857145,148.6578,,0.07886689200064889,5.541469925614294,False,False,No setup,0.0,None,None,0,No active J-Curve setup.,Neutral,0,Not applicable,No directional setup; confirmation score not applicable.,Standard CPR,Not applicable,Not applicable,Standard CPR; Wide CPR rules not applied
LINC,EQ,LINC LIMITED,124.0,127.89,122.44,125.14,39576,4963146.07,20251113,123.81,120.5,122.63,122.31333333333333,122.155,122.47166666666666,122.47166666666666,122.155,0.3166666666666629,0.25822936203756247,Moderate,Bullish,Above CPR,Cash Only,Diversified,False,False,False,0.23076923076923078,27,2944554.3,False,False,Higher,True,Neutral,True,Bullish Virgin,4.272857142857144,,,0.07411122255655765,1.685533892175125,False,False,Long,0.5,None,None,0,No active J-Curve setup.,Long,62,Mixed,CPR width: 0.2582% (12/20); Price location: Above CPR (20/20); Trend: opposes SMA direction (0/20); Participation: confirmed (1.69x) (20/20); Higher timeframe: unavailable (10/20),Standard CPR,Not applicable,Not applicable,Standard CPR; Wide CPR rules not applied
IREDA,EQ,INDIAN RENEWABLE ENERGY,150.96,152.13,149.05,149.29,4602992,692685217.74,20251113,153.48,149.55,150.93,151.32,151.515,151.125,151.515,151.125,0.38999999999998636,0.2583979328165284,Moderate,Bearish,Below CPR,Cash Only,Financial Services,True,False,False,0.38333333333333336,60,869912646.25,True,True,Higher,True,Neutral,False,Bullish Virgin,3.242857142857141,151.0148,,0.1202643171806126,0.7962698562045419,False,False,No setup,0.0,None,None,0,No active J-Curve setup.,Neutral,0,Not applicable,No directional setup; confirmation score not applicable.,Standard CPR,Not applicable,Not applicable,Standard CPR; Wide CPR rules not applied
INDNIPPON,EQ,INDIA NIPPON ELECT  LTD,986.95,994.45,965.15,968.3,12211,11961148.65,20251113,989.9,961.4,979.45,976.9166666666666,975.65,978.1833333333333,978.1833333333333,975.65,2.533333333333303,0.25864856126737484,Moderate,Bullish,Below CPR,Cash Only,Diversified,False,False,False,0.15,60,31458147.475,False,False,Higher,True,Neutral,True,None,35.00000000000001,969.1470000000002,,0.0723809523809515,0.380224190235792,False,False,No setup,0.0,None,None,0,No active J-Curve setup.,Neutral,0,Not applicable,No directional setup; confirmation score not applicable.,Standard CPR,Not applicable,Not applicable,Standard CPR; Wide CPR rules not applied
SPANDANA,EQ,SPANDANA SPHOORTY FIN LTD,244.0,266.95,240.45,252.85,2031420,522488880.15,20251113,241.75,232.0,237.8,237.1833333333333,236.875,237.49166666666662,237.49166666666662,236.875,0.6166666666666174,0.259321558732808,Moderate,Bullish,Above CPR,Cash Only,Diversified,False,False,False,0.31666666666666665,60,32225847.384999998,True,True,Lower,True,Neutral,False,None,10.607142857142856,253.39539999999997,,0.058136924803586836,16.213348059024206,False,False,No setup,0.0,None,None,0,No active J-Curve setup.,Neutral,0,Not applicable,No directional setup; confirmation score not applicable.,Standard CPR,Not applicable,Not applicable,Standard CPR; Wide CPR rules not applied
HDFCBANK,EQ,HDFC BANK LTD,984.0,990.1,982.6,986.65,14124839,13931855903.95,20251113,999.0,987.7,989.5,992.0666666666666,993.35,990.7833333333332,993.35,990.7833333333332,2.5666666666668334,0.25939026444333835,Moderate,Bearish,Below CPR,Cash Only,Financial Services,True,False,False,0.7166666666666667,60,17286117973.0,False,False,Higher,True,Neutral,False,None,13.782142857142853,976.643,,0.1862313207221336,0.8059563127887257,True,False,No setup,0.0,None,None,0,No active J-Curve setup.,Neutral,0,Not applicable,No directional setup; confirmation score not applicable.,Standard CPR,Not applicable,Not applicable,Standard CPR; Wide CPR rules not applied
IXIGO,EQ,LE TRAVENUES TECHNOLOGY L,275.95,280.9,275.3,277.7,1554024,432406987.6,20251113,279.75,274.3,275.95,276.6666666666667,277.025,276.3083333333334,277.025,276.3083333333334,0.7166666666665833,0.2597088844597149,Moderate,Bearish,Above CPR,Cash Only,Diversified,False,False,False,0.2833333333333333,60,961354314.04,False,False,Higher,True,Neutral,False,None,13.72857142857143,294.485,,0.05220256677071886,0.4497894078020525,False,False,No setup,0.0,None,None,0,No active J-Curve setup.,Neutral,0,Not applicable,No directional setup; confirmation score not applicable.,Standard CPR,Not applicable,Not applicable,Standard CPR; Wide CPR rules not applied
ARKADE,EQ,ARKADE DEVELOPERS LIMITED,167.2,167.35,163.5,164.15,286631,47429515.19,20251113,168.9,166.0,166.8,167.23333333333332,167.45,167.01666666666665,167.45,167.01666666666665,0.4333333333333371,0.2597921662669887,Moderate,Bearish,Below CPR,Cash Only,Diversified,False,False,False,0.36666666666666664,60,82887096.13499999,False,False,Inside,True,Neutral,False,None,3.5999999999999983,172.4962,,0.12037037037037147,0.5722183234981538,False,False,No setup,0.0,None,None,0,No active J-Curve setup.,Neutral,0,Not applicable,No directional setup; confirmation score not applicable.,Standard CPR,Not applicable,Not applicable,Standard CPR; Wide CPR rules not applied
MOLDTKPAC,EQ,MOLD-TEK PACKAGING LTD,678.65,681.15,661.1,662.45,28924,19358195.85,20251113,685.0,667.0,678.65,676.8833333333333,676.0,677.7666666666667,677.7666666666667,676.0,1.7666666666666515,0.2603207347921096,Moderate,Bullish,Below CPR,Cash Only,Diversified,False,False,False,0.23333333333333334,60,35739993.15,False,False,Overlapping,True,Neutral,True,None,34.68571428571429,762.181,,0.05093355299286062,0.5416396071693148,False,False,No setup,0.0,None,None,0,No active J-Curve setup.,Neutral,0,Not applicable,No directional setup; confirmation score not applicable.,Standard CPR,Not applicable,Not applicable,Standard CPR; Wide CPR rules not applied
RUBICON,EQ,RUBICON RESEARCH LIMITED,625.0,669.0,625.0,654.35,1072466,699121859.5,20251113,632.6,617.0,627.25,625.6166666666667,624.8,626.4333333333334,626.4333333333334,624.8,1.6333333333334394,0.2603959080643188,Moderate,Bullish,Above CPR,Cash Only,Diversified,False,False,False,0.3888888888888889,19,377853262.05,False,False,Higher,False,Neutral,False,Bullish Virgin,28.067857142857147,,,0.058192306060995416,1.8502469866397173,False,False,No setup,0.0,None,None,0,No active J-Curve setup.,Neutral,0,Not applicable,No directional setup; confirmation score not applicable.,Standard CPR,Not applicable,Not applicable,Standard CPR; Wide CPR rules not applied
KTKBANK,EQ,KARNATAKA BANK LIMITED,181.5,181.5,175.94,176.43,1592078,282955336.26,20251113,181.01,177.64,180.03,179.55999999999997,179.325,179.79499999999996,179.79499999999996,179.325,0.46999999999997044,0.26106759984445393,Moderate,Bullish,Below CPR,Cash Only,Financial Services,False,False,False,0.48333333333333334,60,158231097.05,True,False,Higher,True,Neutral,False,None,4.818571428571433,176.3856,,0.09753928253779395,1.788241006573998,True,False,No setup,0.0,None,None,0,No active J-Curve setup.,Neutral,0,Not applicable,No directional setup; confirmation score not applicable.,Standard CPR,Not applicable,Not applicable,Standard CPR; Wide CPR rules not applied
SAKUMA,EQ,SAKUMA EXPORTS LIMITED,2.55,2.56,2.52,2.53,987488,2509730.81,20251113,2.59,2.53,2.55,2.556666666666666,2.5599999999999996,2.553333333333333,2.5599999999999996,2.553333333333333,0.006666666666666821,0.2614379084967381,Moderate,Bearish,Below CPR,Cash Only,Diversified,False,False,False,0.3,60,2953805.215,True,True,Inside,True,Neutral,False,None,0.14714285714285721,2.5704,,0.045307443365696816,0.8496602271724272,False,False,No setup,0.0,None,None,0,No active J-Curve setup.,Neutral,0,Not applicable,No directional setup; confirmation score not applicable.,Standard CPR,Not applicable,Not applicable,Standard CPR; Wide CPR rules not applied
SHEMAROO,EQ,SHEMAROO ENTER. LTD.,112.08,113.66,111.12,111.65,6219,694768.24,20251113,113.79,111.23,112.07,112.36333333333334,112.51,112.21666666666668,112.51,112.21666666666668,0.29333333333332234,0.2617411736712076,Moderate,Bearish,Below CPR,Cash Only,Diversified,False,False,False,0.3409090909090909,45,896446.48,True,False,Inside,True,Neutral,False,None,4.083571428571427,,,0.07183254620721558,0.7750247845247827,False,False,No setup,0.0,None,None,0,No active J-Curve setup.,Neutral,0,Not applicable,No directional setup; confirmation score not applicable.,Standard CPR,Not applicable,Not applicable,Standard CPR; Wide CPR rules not applied
JSWSTEEL,EQ,JSW STEEL LIMITED,1191.7,1200.4,1178.1,1183.9,1427189,1697071594.6,20251113,1194.9,1178.0,1181.8,1184.8999999999999,1186.45,1183.3499999999997,1186.45,1183.3499999999997,3.100000000000364,0.2623117278727673,Moderate,Bearish,Inside CPR,Cash Only,Metals & Mining,True,False,False,0.5333333333333333,60,1521523275.3,False,False,Overlapping,True,Neutral,False,None,24.764285714285734,1143.88,,0.12518027112779076,1.1153766900249271,True,False,No setup,0.0,None,None,0,No active J-Curve setup.,Neutral,0,Not applicable,No directional setup; confirmation score not applicable.,Standard CPR,Not applicable,Not applicable,Standard CPR; Wide CPR rules not applied
TVSMOTOR,EQ,TVS MOTOR COMPANY  LTD,3455.0,3475.0,3442.2,3450.6,415874,1439767501.5,20251113,3491.9,3444.3,3454.5,3463.566666666667,3468.1000000000004,3459.0333333333338,3468.1000000000004,3459.0333333333338,9.066666666666606,0.2624595937665829,Moderate,Bearish,Below CPR,Cash Only,Automobile and Auto Components,True,False,False,0.4166666666666667,60,2549576944.55,False,False,Lower,True,Neutral,False,None,74.28571428571432,3505.21,,0.12205128205128118,0.5647083939073345,False,False,No setup,0.0,None,None,0,No active J-Curve setup.,Neutral,0,Not applicable,No directional setup; confirmation score not applicable.,Standard CPR,Not applicable,Not applicable,Standard CPR; Wide CPR rules not applied
RATNAMANI,EQ,RATNAMANI MET & TUB LTD.,2482.0,2485.0,2449.7,2470.0,12455,30746896.0,20251113,2491.1,2450.7,2461.2,2467.6666666666665,2470.8999999999996,2464.4333333333334,2470.8999999999996,2464.4333333333334,6.466666666666242,0.2627444606966619,Moderate,Bearish,Inside CPR,Cash Only,Metals & Mining,False,False,False,0.48333333333333334,60,47835826.95,False,False,Higher,True,Neutral,False,None,85.25000000000007,2407.038,,0.07585532746822565,0.6427587429843731,True,False,No setup,0.0,None,None,0,No active J-Curve setup.,Neutral,0,Not applicable,No directional setup; confirmation score not applicable.,Standard CPR,Not applicable,Not applicable,Standard CPR; Wide CPR rules not applied
VISHWARAJ,EQ,VISHWARAJ SUGAR IND LTD,7.69,7.85,7.5,7.63,204897,1568528.67,20251113,7.74,7.54,7.61,7.63,7.640000000000001,7.619999999999999,7.640000000000001,7.619999999999999,0.02000000000000135,0.2628120893561281,Moderate,Bearish,Inside CPR,Cash Only,Diversified,False,False,False,0.38333333333333336,60,2306393.755,True,False,Lower,True,Neutral,False,None,0.20142857142857137,8.3512,,0.0992907801418507,0.680078441332755,False,False,No setup,0.0,None,None,0,No active J-Curve setup.,Neutral,0,Not applicable,No directional setup; confirmation score not applicable.,Standard CPR,Not applicable,Not applicable,Standard CPR; Wide CPR rules not applied
HESTERBIO,EQ,HESTER BIOSCIENCES LTD,1680.0,1734.5,1680.0,1707.9,9016,15424980.4,20251113,1780.0,1573.7,1683.5,1679.0666666666666,1676.85,1681.2833333333333,1681.2833333333333,1676.85,4.433333333333394,0.26334026334026694,Moderate,Bullish,Above CPR,Cash Only,Healthcare & Pharma,False,False,False,0.31666666666666665,60,8218528.050000001,True,True,Higher,True,Neutral,False,Bullish Virgin,57.05714285714287,1836.88,,0.07769988315807148,1.8768543839185412,False,False,No setup,0.0,None,None,0,No active J-Curve setup.,Neutral,0,Not applicable,No directional setup; confirmation score not applicable.,Standard CPR,Not applicable,Not applicable,Standard CPR; Wide CPR rules not applied
SHRIPISTON,EQ,SHRIRAM PIST. & RING LTD,2698.5,2738.0,2681.1,2693.5,25160,68148139.5,20251113,2723.9,2680.0,2691.3,2698.4,2701.95,2694.8500000000004,2701.95,2694.8500000000004,7.099999999999454,0.2638130271615745,Moderate,Bearish,Below CPR,Cash Only,Diversified,False,False,False,0.36666666666666664,60,123883383.75,True,False,Overlapping,True,Neutral,False,None,78.05000000000003,2662.4179999999997,,0.09096732863548306,0.5500991128683148,True,False,No setup,0.0,None,None,0,No active J-Curve setup.,Neutral,0,Not applicable,No directional setup; confirmation score not applicable.,Standard CPR,Not applicable,Not applicable,Standard CPR; Wide CPR rules not applied
ITI,EQ,ITI LTD,323.65,327.6,321.05,323.0,559373,181212720.8,20251113,328.95,317.3,321.85,322.7,323.125,322.275,323.125,322.275,0.8500000000000227,0.2640981823831048,Moderate,Bearish,Inside CPR,Cash Only,Telecommunication,True,False,False,0.36666666666666664,60,160133224.575,False,False,Higher,True,Neutral,False,Bullish Virgin,7.889285714285705,321.356,,0.10774105930285498,1.1316372431826427,True,False,No setup,0.0,None,None,0,No active J-Curve setup.,Neutral,0,Not applicable,No directional setup; confirmation score not applicable.,Standard CPR,Not applicable,Not applicable,Standard CPR; Wide CPR rules not applied
SYNCOMF,EQ,SYNCOM FORMU (I) LTD,16.84,17.25,16.5,16.67,2826849,47632924.15,20251113,16.49,16.1,16.36,16.316666666666666,16.295,16.33833333333333,16.33833333333333,16.295,0.04333333333332945,0.26487367563159814,Moderate,Bullish,Above CPR,Cash Only,Diversified,False,False,False,0.4090909090909091,45,17766659.08,False,False,Higher,True,Neutral,False,Bullish Virgin,0.4085714285714281,,,0.10606060606059668,2.6810287705481204,False,False,No setup,0.0,None,None,0,No active J-Curve setup.,Neutral,0,Not applicable,No directional setup; confirmation score not applicable.,Standard CPR,Not applicable,Not applicable,Standard CPR; Wide CPR rules not applied
IGIL,EQ,INTERNATIO GEMM INS (I) L,348.0,348.45,343.45,344.95,256382,88545065.25,20251113,350.5,343.55,345.65,346.5666666666666,347.025,346.10833333333323,347.025,346.10833333333323,0.9166666666667425,0.26520082935534284,Moderate,Bearish,Below CPR,Cash Only,Services,True,False,False,0.35,60,149753224.675,True,False,Higher,True,Neutral,False,None,10.821428571428568,351.44800000000004,,0.08470847084709174,0.5912731792064163,False,False,No setup,0.0,None,None,0,No active J-Curve setup.,Neutral,0,Not applicable,No directional setup; confirmation score not applicable.,Standard CPR,Not applicable,Not applicable,Standard CPR; Wide CPR rules not applied
ROSSELLIND,EQ,ROSSELL INDIA LIMITED,61.04,62.75,60.1,60.57,32137,1964260.69,20251113,63.38,60.25,61.57,61.73333333333333,61.815,61.65166666666666,61.815,61.65166666666666,0.1633333333333411,0.2652807103026492,Moderate,Bearish,Below CPR,Cash Only,Diversified,False,False,False,0.3,60,1331352.865,True,True,Lower,True,Neutral,False,None,2.6228571428571437,63.5676,,0.06227305737109953,1.475386985403002,False,False,No setup,0.0,None,None,0,No active J-Curve setup.,Neutral,0,Not applicable,No directional setup; confirmation score not applicable.,Standard CPR,Not applicable,Not applicable,Standard CPR; Wide CPR rules not applied
ORIENTPPR,EQ,ORIENT PAPER AND INDS LTD,25.12,25.5,24.9,25.17,177536,4468804.9,20251113,25.29,24.75,25.12,25.05333333333333,25.02,25.086666666666662,25.086666666666662,25.02,0.06666666666666288,0.2653927813163331,Moderate,Bullish,Above CPR,Cash Only,Diversified,False,False,False,0.2833333333333333,60,7276136.295,False,False,Higher,True,Neutral,False,Bullish Virgin,0.4721428571428576,26.717,,0.1412002017145657,0.6141727860527935,False,False,No setup,0.0,None,None,0,No active J-Curve setup.,Neutral,0,Not applicable,No directional setup; confirmation score not applicable.,Standard CPR,Not applicable,Not applicable,Standard CPR; Wide CPR rules not applied
GREENPANEL,EQ,GREENPANEL INDUSTRIES LTD,272.3,275.0,268.95,270.75,197208,53689591.35,20251113,275.45,266.7,270.0,270.71666666666664,271.075,270.3583333333333,271.075,270.3583333333333,0.716666666666697,0.2654320987654433,Moderate,Bearish,Inside CPR,Cash Only,Diversified,False,False,False,0.3,60,38155752.625,False,False,Lower,True,Neutral,False,None,11.682142857142859,290.697,,0.06134719249974782,1.4071165592687611,False,False,No setup,0.0,None,None,0,No active J-Curve setup.,Neutral,0,Not applicable,No directional setup; confirmation score not applicable.,Standard CPR,Not applicable,Not applicable,Standard CPR; Wide CPR rules not applied
NSIL,EQ,NALWA SONS INVESTMENT LTD,7150.0,7290.0,7010.0,7042.5,10498,74778386.0,20251113,8264.0,8116.0,8157.5,8179.166666666667,8190.0,8168.333333333334,8190.0,8168.333333333334,21.66666666666606,0.26560424966798724,Moderate,Bearish,Below CPR,Cash Only,Diversified,False,False,False,0.42857142857142855,57,58993463.5,False,False,Higher,True,Neutral,False,Bearish Virgin,331.39285714285717,7371.44,,0.06538060854258537,1.2675707029813565,False,False,No setup,0.0,None,None,0,No active J-Curve setup.,Neutral,0,Not applicable,No directional setup; confirmation score not applicable.,Standard CPR,Not applicable,Not applicable,Standard CPR; Wide CPR rules not applied
RPGLIFE,EQ,RPG LIFE SCIENCES LTD,2370.0,2370.0,2310.1,2333.6,5874,13714243.9,20251113,2390.0,2340.0,2355.6,2361.866666666667,2365.0,2358.7333333333336,2365.0,2358.7333333333336,6.266666666666424,0.2660327163638319,Moderate,Bearish,Below CPR,Cash Only,Diversified,False,False,False,0.43333333333333335,60,15737486.85,False,False,Lower,True,Neutral,False,None,65.70714285714293,2357.2180000000003,,0.09537268543681905,0.8714379894779706,False,False,No setup,0.0,None,None,0,No active J-Curve setup.,Neutral,0,Not applicable,No directional setup; confirmation score not applicable.,Standard CPR,Not applicable,Not applicable,Standard CPR; Wide CPR rules not applied
LLOYDSENT,EQ,LLOYDS ENTERPRISES LTD,64.15,66.17,63.8,65.34,1235321,80274106.34,20251113,64.79,63.46,63.87,64.04,64.125,63.95500000000001,64.125,63.95500000000001,0.1699999999999875,0.2661656489744598,Moderate,Bearish,Above CPR,Cash Only,Diversified,False,False,False,0.23333333333333334,60,101224505.38499999,False,False,Lower,True,Neutral,True,None,2.359285714285715,68.251,,0.07205570693308581,0.7930303638894882,False,False,No setup,0.0,None,None,0,No active J-Curve setup.,Neutral,0,Not applicable,No directional setup; confirmation score not applicable.,Standard CPR,Not applicable,Not applicable,Standard CPR; Wide CPR rules not applied
HISARMETAL,EQ,HISAR METAL IND. LIMITED,183.05,187.54,178.0,179.34,2310,417509.24,20251113,188.38,176.99,183.42,182.92999999999998,182.685,183.17499999999995,183.17499999999995,182.685,0.48999999999995225,0.2671464398647652,Moderate,Bullish,Below CPR,Cash Only,Metals & Mining,False,False,False,0.13333333333333333,60,452345.06999999995,True,True,Higher,True,Neutral,True,None,7.2507142857142854,183.59199999999998,,0.06757954881291825,0.9229883725714089,False,False,No setup,0.0,None,None,0,No active J-Curve setup.,Neutral,0,Not applicable,No directional setup; confirmation score not applicable.,Standard CPR,Not applicable,Not applicable,Standard CPR; Wide CPR rules not applied
SRF,EQ,SRF LTD,2950.0,2965.0,2884.9,2912.0,332136,970309288.4,20251113,2951.5,2907.7,2941.4,2933.5333333333333,2929.6,2937.4666666666667,2937.4666666666667,2929.6,7.866666666666788,0.2674463407447742,Moderate,Bullish,Below CPR,Cash Only,Chemicals,True,False,False,0.38333333333333336,60,927262955.95,False,False,Higher,True,Neutral,False,None,64.85714285714289,2964.7459999999996,,0.12129221732746143,1.0464230045789957,False,False,No setup,0.0,None,None,0,No active J-Curve setup.,Neutral,0,Not applicable,No directional setup; confirmation score not applicable.,Standard CPR,Not applicable,Not applicable,Standard CPR; Wide CPR rules not applied
AMDIND,EQ,AMD INDUSTRIES LIMITED,60.3,60.37,56.05,56.89,37491,2187150.2,20251113,61.52,58.46,59.75,59.910000000000004,59.99,59.830000000000005,59.99,59.830000000000005,0.1599999999999966,0.267782426778237,Moderate,Bearish,Below CPR,Cash Only,Diversified,False,False,False,0.21666666666666667,60,1176662.7349999999,True,True,Higher,True,Neutral,True,None,2.9657142857142857,56.49980000000001,,0.053949903660885166,1.8587740861870674,True,False,No setup,0.0,None,None,0,No active J-Curve setup.,Neutral,0,Not applicable,No directional setup; confirmation score not applicable.,Standard CPR,Not applicable,Not applicable,Standard CPR; Wide CPR rules not applied
SADBHAV,EQ,SADBHAV ENGINEERING LTD,11.32,11.67,11.16,11.37,198611,2276929.75,20251113,11.47,11.0,11.19,11.219999999999999,11.235,11.204999999999998,11.235,11.204999999999998,0.030000000000001137,0.2680965147453185,Moderate,Bearish,Above CPR,Cash Only,Diversified,False,False,False,0.23333333333333334,60,3410200.6,True,False,Lower,True,Neutral,True,None,0.3871428571428571,12.6148,,0.07749077490775202,0.6676820565922134,False,False,No setup,0.0,None,None,0,No active J-Curve setup.,Neutral,0,Not applicable,No directional setup; confirmation score not applicable.,Standard CPR,Not applicable,Not applicable,Standard CPR; Wide CPR rules not applied
KSL,EQ,KALYANI STEELS LIMITED,819.0,830.1,810.0,820.25,24315,19921508.35,20251113,826.5,805.85,812.9,815.0833333333334,816.175,813.9916666666668,816.175,813.9916666666668,2.1833333333331666,0.26858572190099234,Moderate,Bearish,Above CPR,Cash Only,Diversified,False,False,False,0.4,60,26534318.925,True,True,Higher,True,Neutral,False,Bullish Virgin,25.067857142857147,817.186,,0.08709692738756042,0.7507827280703419,True,False,No setup,0.0,None,None,0,No active J-Curve setup.,Neutral,0,Not applicable,No directional setup; confirmation score not applicable.,Standard CPR,Not applicable,Not applicable,Standard CPR; Wide CPR rules not applied
GRSE,EQ,GARDEN REACH SHIP&ENG LTD,2812.6,2864.6,2740.0,2749.8,1500945,4215558184.3,20251113,2864.6,2745.9,2816.6,2809.0333333333333,2805.25,2812.8166666666666,2812.8166666666666,2805.25,7.566666666666606,0.2686454117257192,Moderate,Bullish,Below CPR,Cash Only,Capital Goods,True,False,False,0.16666666666666666,60,2327153850.05,False,False,Higher,True,Neutral,True,None,79.17142857142858,2592.88,,0.09557319860459444,1.8114651870607639,True,False,No setup,0.0,None,None,0,No active J-Curve setup.,Neutral,0,Not applicable,No directional setup; confirmation score not applicable.,Standard CPR,Not applicable,Not applicable,Standard CPR; Wide CPR rules not applied
TEAMLEASE,EQ,TEAMLEASE SERVICES LTD.,1709.1,1711.0,1671.6,1680.7,6847,11582579.8,20251113,1726.5,1685.0,1698.9,1703.4666666666665,1705.75,1701.183333333333,1705.75,1701.183333333333,4.566666666667061,0.2688013812859533,Moderate,Bearish,Below CPR,Cash Only,FMCG & Food Products,False,False,False,0.5,60,28376746.25,False,False,Overlapping,True,Neutral,False,None,42.77142857142855,1789.8919999999998,,0.10676909374305091,0.40817152530304635,False,False,No setup,0.0,None,None,0,No active J-Curve setup.,Neutral,0,Not applicable,No directional setup; confirmation score not applicable.,Standard CPR,Not applicable,Not applicable,Standard CPR; Wide CPR rules not applied
MONEYBOXX,EQ,MONEYBOXX FINANCE LIMITED,146.57,151.0,142.1,147.93,6354,927523.62,20251113,149.23,145.1,146.57,146.96666666666667,147.165,146.76833333333335,147.165,146.76833333333335,0.39666666666664696,0.2706329171499263,Moderate,Bearish,Above CPR,Cash Only,Diversified,False,False,False,0.21052631578947367,20,3063353.265,False,False,Inside,True,Neutral,True,None,11.662857142857137,,,0.03401110566715495,0.3027804956735866,False,False,No setup,0.0,None,None,0,No active J-Curve setup.,Neutral,0,Not applicable,No directional setup; confirmation score not applicable.,Standard CPR,Not applicable,Not applicable,Standard CPR; Wide CPR rules not applied
RUCHIRA,EQ,RUCHIRA PAPERS LIMITED,129.36,134.0,129.0,132.14,127091,16651406.52,20251113,130.89,128.8,129.32,129.67,129.845,129.49499999999998,129.845,129.49499999999998,0.35000000000002274,0.27064645839779056,Moderate,Bearish,Above CPR,Cash Only,Diversified,False,False,False,0.31666666666666665,60,13254739.34,True,False,Overlapping,True,Neutral,False,None,3.0157142857142794,142.7352,,0.11605873993368851,1.2562605791688093,False,False,No setup,0.0,None,None,0,No active J-Curve setup.,Neutral,0,Not applicable,No directional setup; confirmation score not applicable.,Standard CPR,Not applicable,Not applicable,Standard CPR; Wide CPR rules not applied
INDOBORAX,EQ,INDO BORAX & CHEMICAL LTD,260.0,266.0,256.0,260.2,79909,20861390.2,20251113,269.55,260.5,263.95,264.6666666666667,265.025,264.3083333333334,265.025,264.3083333333334,0.7166666666665833,0.27151606996271394,Moderate,Bearish,Below CPR,Cash Only,Diversified,False,False,False,0.14285714285714285,8,20038540.85,True,True,Higher,False,Neutral,False,None,,,,,1.0410633367049775,False,False,No setup,0.0,None,None,0,No active J-Curve setup.,Neutral,0,Not applicable,No directional setup; confirmation score not applicable.,Standard CPR,Not applicable,Not applicable,Standard CPR; Wide CPR rules not applied
QUESS,EQ,QUESS CORP LIMITED,220.31,221.0,214.21,214.84,389825,84385748.57,20251113,221.0,216.01,219.4,218.8033333333333,218.505,219.10166666666663,219.10166666666663,218.505,0.5966666666666356,0.271953813430554,Moderate,Bullish,Below CPR,Cash Only,Diversified,False,False,False,0.23333333333333334,60,55060756.125,True,True,Lower,True,Neutral,True,None,8.847857142857146,248.65519999999998,,0.06743629073490671,1.532593347945056,False,False,No setup,0.0,None,None,0,No active J-Curve setup.,Neutral,0,Not applicable,No directional setup; confirmation score not applicable.,Standard CPR,Not applicable,Not applicable,Standard CPR; Wide CPR rules not applied
WOCKPHARMA,EQ,WOCKHARDT LIMITED,1360.2,1373.4,1341.5,1347.0,181075,246124697.7,20251113,1380.0,1329.3,1360.2,1356.5,1354.65,1358.35,1358.35,1354.65,3.699999999999818,0.2720188207616393,Moderate,Bullish,Below CPR,Cash Only,Healthcare,True,False,False,0.25,60,412832530.79999995,True,False,Higher,True,Neutral,True,None,46.01428571428575,1419.5020000000002,,0.08040981061781655,0.5961853277963627,False,False,No setup,0.0,None,None,0,No active J-Curve setup.,Neutral,0,Not applicable,No directional setup; confirmation score not applicable.,Standard CPR,Not applicable,Not applicable,Standard CPR; Wide CPR rules not applied
SYSTMTXC,EQ,SYSTEMATIX CORP SERVICE L,155.2,160.69,155.2,157.3,168787,26538442.82,20251113,162.39,154.57,159.13,158.69666666666666,158.48,158.91333333333333,158.91333333333333,158.48,0.4333333333333371,0.27231404093089745,Moderate,Bullish,Below CPR,Cash Only,Diversified,False,False,False,0.3076923076923077,27,18971496.79,False,False,Lower,True,Neutral,False,Bearish Virgin,7.7557142857142845,,,0.05587278197335348,1.3988586727636898,False,False,No setup,0.0,None,None,0,No active J-Curve setup.,Neutral,0,Not applicable,No directional setup; confirmation score not applicable.,Standard CPR,Not applicable,Not applicable,Standard CPR; Wide CPR rules not applied
IOC,EQ,INDIAN OIL CORP LTD,172.69,174.45,171.45,172.45,11618468,2003356111.71,20251113,174.5,171.51,172.3,172.76999999999998,173.005,172.53499999999997,173.005,172.53499999999997,0.4700000000000273,0.272780034822999,Moderate,Bearish,Below CPR,Cash Only,Oil Gas & Consumable Fuels,True,False,False,0.5,60,1342459178.9450002,False,False,Higher,True,Neutral,False,None,4.010714285714284,152.9108,,0.11718610863758476,1.4923031874119104,True,False,No setup,0.0,None,None,0,No active J-Curve setup.,Neutral,0,Not applicable,No directional setup; confirmation score not applicable.,Standard CPR,Not applicable,Not applicable,Standard CPR; Wide CPR rules not applied
LLOYDSME,EQ,LLOYDS METALS N ENERGY L,1340.0,1352.9,1237.9,1271.3,1497615,1951795429.8,20251113,1322.0,1301.0,1316.9,1313.3,1311.5,1315.1,1315.1,1311.5,3.599999999999909,0.2733692763307699,Moderate,Bullish,Below CPR,Cash Only,Metals & Mining,True,False,False,0.25,60,311953929.1,False,False,Lower,True,Neutral,True,None,31.135714285714293,1311.1660000000002,,0.11562284927735424,6.256678463486613,False,False,No setup,0.0,None,None,0,No active J-Curve setup.,Neutral,0,Not applicable,No directional setup; confirmation score not applicable.,Standard CPR,Not applicable,Not applicable,Standard CPR; Wide CPR rules not applied
STEELCAS,EQ,STEELCAST LIMITED,223.01,223.1,212.11,215.83,79733,17327208.4,20251113,225.0,217.0,221.91,221.3033333333333,221.0,221.60666666666663,221.60666666666663,221.0,0.6066666666666265,0.27338410466703916,Moderate,Bullish,Below CPR,Cash Only,Metals & Mining,False,False,False,0.25,60,20984549.035,False,False,Higher,True,Neutral,True,None,10.907857142857141,218.635,,0.05561740117433549,0.825712688469028,False,False,No setup,0.0,None,None,0,No active J-Curve setup.,Neutral,0,Not applicable,No directional setup; confirmation score not applicable.,Standard CPR,Not applicable,Not applicable,Standard CPR; Wide CPR rules not applied
BERGEPAINT,EQ,BERGER PAINTS (I) LTD,567.0,582.0,564.75,577.9,1350351,775884992.65,20251113,569.4,546.2,560.1,558.5666666666666,557.8,559.3333333333333,559.3333333333333,557.8,1.533333333333303,0.27376063798130745,Moderate,Bullish,Above CPR,Cash Only,Consumer Durables,True,False,False,0.4166666666666667,60,222400033.275,False,False,Higher,True,Neutral,False,Bullish Virgin,12.735714285714275,537.889,,0.12039633576369187,3.4886909917437374,True,False,No setup,0.0,None,Liftoff,91,🚀 J-Curve Liftoff: Decisive kinetic breakout above CPR Top (₹559.33) with massive 3.5x volume surge. Ascending Higher CPR overlay and +0 confluence. Momentum continuation target expansion above ₹559.33 with stop below Pivot (₹558.57).,Neutral,0,Not applicable,No directional setup; confirmation score not applicable.,Standard CPR,Not applicable,Not applicable,Standard CPR; Wide CPR rules not applied
VPRPL,EQ,VISHNU PRAKASH R PUNGLI L,90.0,92.51,89.94,90.75,678001,61845141.92,20251113,91.88,89.0,90.07,90.31666666666666,90.44,90.19333333333333,90.44,90.19333333333333,0.2466666666666697,0.27386107101884055,Moderate,Bearish,Above CPR,Cash Only,Diversified,False,False,False,0.21666666666666667,60,111410067.585,False,False,Higher,True,Neutral,True,Bullish Virgin,2.4750000000000005,100.0272,,0.09966329966330087,0.555112686497703,False,False,No setup,0.0,None,None,0,No active J-Curve setup.,Neutral,0,Not applicable,No directional setup; confirmation score not applicable.,Standard CPR,Not applicable,Not applicable,Standard CPR; Wide CPR rules not applied
NSLNISP,EQ,NMDC STEEL LIMITED,43.81,44.68,43.7,43.86,2601653,115049969.77,20251113,44.32,43.56,43.76,43.879999999999995,43.94,43.81999999999999,43.94,43.81999999999999,0.12000000000000455,0.27422303473492815,Moderate,Bearish,Inside CPR,Cash Only,Metals & Mining,True,False,False,0.3,60,222484901.37,False,False,Higher,True,Neutral,False,None,1.8378571428571426,44.663999999999994,,0.06529343179168534,0.5171136066382678,False,False,No setup,0.0,None,None,0,No active J-Curve setup.,Neutral,0,Not applicable,No directional setup; confirmation score not applicable.,Standard CPR,Not applicable,Not applicable,Standard CPR; Wide CPR rules not applied
AARTIPHARM,EQ,AARTI PHARMALABS LIMITED,755.0,772.7,741.35,746.6,265574,201441333.55,20251113,769.95,755.2,759.45,761.5333333333334,762.575,760.4916666666668,762.575,760.4916666666668,2.0833333333332575,0.2743213290319649,Moderate,Bearish,Below CPR,Cash Only,Diversified,False,False,False,0.2833333333333333,60,166352422.125,True,True,Lower,True,Neutral,False,None,28.410714285714295,851.5169999999999,,0.07332914309658227,1.2109311723675031,False,False,No setup,0.0,None,None,0,No active J-Curve setup.,Neutral,0,Not applicable,No directional setup; confirmation score not applicable.,Standard CPR,Not applicable,Not applicable,Standard CPR; Wide CPR rules not applied
GEOJITFSL,EQ,GEOJIT FINANCIAL SER L,71.66,72.85,71.4,72.09,256627,18519465.94,20251113,72.03,70.36,71.49,71.29333333333334,71.195,71.39166666666668,71.39166666666668,71.195,0.19666666666668675,0.27509675012825113,Moderate,Bullish,Above CPR,Cash Only,Stock Broking,False,False,False,0.38333333333333336,60,24204270.03,False,False,Higher,True,Neutral,False,Bullish Virgin,1.4357142857142853,76.2238,,0.1369817578772943,0.7651321819268267,False,False,No setup,0.0,None,None,0,No active J-Curve setup.,Neutral,0,Not applicable,No directional setup; confirmation score not applicable.,Standard CPR,Not applicable,Not applicable,Standard CPR; Wide CPR rules not applied
MANYAVAR,EQ,VEDANT FASHIONS LIMITED,630.0,630.0,623.05,626.95,78685,49239883.1,20251113,634.0,620.0,629.6,627.8666666666667,627.0,628.7333333333333,628.7333333333333,627.0,1.7333333333333485,0.2753070732740388,Moderate,Bullish,Below CPR,Cash Only,Diversified,False,False,False,0.36666666666666664,60,101387064.375,False,False,Higher,True,Neutral,False,Bullish Virgin,15.646428571428569,692.9110000000001,,0.11078140454995153,0.4856623811285886,False,False,No setup,0.0,None,None,0,No active J-Curve setup.,Neutral,0,Not applicable,No directional setup; confirmation score not applicable.,Standard CPR,Not applicable,Not applicable,Standard CPR; Wide CPR rules not applied
IKS,EQ,INVENTURUS KNOWLEDGE SO L,1653.0,1653.0,1609.0,1616.2,160770,261529092.7,20251113,1666.0,1637.0,1644.7,1649.2333333333333,1651.5,1646.9666666666667,1651.5,1646.9666666666667,4.533333333333303,0.2756328408422997,Moderate,Bearish,Below CPR,Cash Only,Information Technology,True,False,False,0.45,60,263674070.45,False,False,Lower,True,Neutral,False,Bearish Virgin,46.342857142857156,1554.41,,0.09782161939991711,0.9918650410093822,True,False,No setup,0.0,None,None,0,No active J-Curve setup.,Neutral,0,Not applicable,No directional setup; confirmation score not applicable.,Standard CPR,Not applicable,Not applicable,Standard CPR; Wide CPR rules not applied
CUBEXTUB,EQ,CUBEX TUBINGS LTD,93.4,94.39,90.09,91.0,31139,2859774.73,20251113,92.39,90.37,91.76,91.50666666666666,91.38,91.63333333333333,91.63333333333333,91.38,0.2533333333333303,0.276082534147047,Moderate,Bullish,Below CPR,Cash Only,Diversified,False,False,False,0.23809523809523808,22,2359107.7750000004,True,False,Higher,True,Neutral,True,None,3.5657142857142836,,,0.07104700854700774,1.2122272497703075,False,False,No setup,0.0,None,None,0,No active J-Curve setup.,Neutral,0,Not applicable,No directional setup; confirmation score not applicable.,Standard CPR,Not applicable,Not applicable,Standard CPR; Wide CPR rules not applied
ABBOTINDIA,EQ,ABBOTT INDIA LIMITED,29595.0,29655.0,29285.0,29570.0,4429,130773695.0,20251113,29685.0,29210.0,29570.0,29488.333333333332,29447.5,29529.166666666664,29529.166666666664,29447.5,81.66666666666424,0.2761808138879413,Moderate,Bullish,Above CPR,Cash Only,Healthcare,True,False,False,0.4666666666666667,60,198293092.5,False,False,Overlapping,True,Neutral,False,None,551.0714285714286,30173.5,,0.14819615467703168,0.6594969766786002,False,False,No setup,0.0,None,None,0,No active J-Curve setup.,Neutral,0,Not applicable,No directional setup; confirmation score not applicable.,Standard CPR,Not applicable,Not applicable,Standard CPR; Wide CPR rules not applied
SMARTWORKS,EQ,SMARTWORKS COWORKING SP L,584.8,590.4,577.0,581.0,39514,23053681.9,20251113,592.0,582.65,584.9,586.5166666666668,587.325,585.7083333333335,587.325,585.7083333333335,1.6166666666665606,0.27640052430613105,Moderate,Bearish,Below CPR,Cash Only,Consumer & Retail,False,False,False,0.36666666666666664,60,87112675.975,True,False,Lower,True,Neutral,False,None,22.24285714285714,556.961,,0.07268250909868931,0.2646421045154904,True,False,No setup,0.0,None,None,0,No active J-Curve setup.,Neutral,0,Not applicable,No directional setup; confirmation score not applicable.,Standard CPR,Not applicable,Not applicable,Standard CPR; Wide CPR rules not applied
FIVESTAR,EQ,FIVE-STAR BUS FIN LTD,617.0,646.9,615.95,642.35,1941026,1236158945.0,20251113,626.4,608.7,615.0,616.6999999999999,617.55,615.8499999999999,617.55,615.8499999999999,1.7000000000000455,0.27642276422764966,Moderate,Bearish,Above CPR,Cash Only,Financial Services,True,False,False,0.4166666666666667,60,509424891.85,True,True,Lower,True,Neutral,False,None,31.742857142857158,554.104,,0.05355535553555496,2.4265774303074035,True,False,No setup,0.0,None,None,0,No active J-Curve setup.,Neutral,0,Not applicable,No directional setup; confirmation score not applicable.,Standard CPR,Not applicable,Not applicable,Standard CPR; Wide CPR rules not applied
ARROWGREEN,EQ,ARROW GREENTECH LIMITED,572.85,574.75,555.5,559.45,23307,13133102.8,20251113,579.35,570.0,572.3,573.8833333333333,574.675,573.0916666666667,574.675,573.0916666666667,1.5833333333332575,0.27666142466071253,Moderate,Bearish,Below CPR,Cash Only,Diversified,False,False,False,0.3,60,12849191.425,True,True,Overlapping,True,Neutral,False,None,31.06071428571431,571.068,,0.05097543214134894,1.0220956607781255,False,False,No setup,0.0,None,None,0,No active J-Curve setup.,Neutral,0,Not applicable,No directional setup; confirmation score not applicable.,Standard CPR,Not applicable,Not applicable,Standard CPR; Wide CPR rules not applied
RAMANEWS,EQ,SHREE RAMA NEWSPRINT LTD,28.25,29.49,28.0,29.02,111427,3226993.36,20251113,29.09,28.41,28.87,28.790000000000003,28.75,28.830000000000005,28.830000000000005,28.75,0.0800000000000054,0.27710426047802356,Moderate,Bullish,Above CPR,Cash Only,Diversified,False,False,False,0.175,41,1140583.96,False,False,Lower,True,Neutral,True,None,1.2299999999999998,,,0.06504065040650847,2.8292466606316293,False,False,No setup,0.0,None,None,0,No active J-Curve setup.,Neutral,0,Not applicable,No directional setup; confirmation score not applicable.,Standard CPR,Not applicable,Not applicable,Standard CPR; Wide CPR rules not applied
WIPRO,EQ,WIPRO LTD,246.0,246.0,244.0,245.33,6211124,1524038259.42,20251113,246.3,242.1,245.22,244.54,244.2,244.88,244.88,244.2,0.6800000000000068,0.2773020145175788,Moderate,Bullish,Above CPR,Cash Only,Information Technology,True,False,False,0.55,60,1919492020.96,False,False,Higher,True,Neutral,False,Bullish Virgin,3.2471428571428596,245.3918,,0.2094148702155761,0.7939799919865149,False,False,No setup,0.0,None,None,0,No active J-Curve setup.,Neutral,0,Not applicable,No directional setup; confirmation score not applicable.,Standard CPR,Not applicable,Not applicable,Standard CPR; Wide CPR rules not applied
FEDFINA,EQ,FEDBANK FINANCIAL SER L,135.32,138.46,135.32,137.42,408219,56102046.14,20251113,138.04,134.69,135.8,136.17666666666668,136.365,135.98833333333334,136.365,135.98833333333334,0.37666666666666515,0.27736867943053395,Moderate,Bearish,Above CPR,Cash Only,Diversified,False,False,False,0.26666666666666666,60,142012258.785,False,False,Lower,True,Neutral,False,None,4.615714285714284,147.5142,,0.08160528216238493,0.3950507274511837,False,False,No setup,0.0,None,None,0,No active J-Curve setup.,Neutral,0,Not applicable,No directional setup; confirmation score not applicable.,Standard CPR,Not applicable,Not applicable,Standard CPR; Wide CPR rules not applied
COMPUSOFT,EQ,COMPUCOM SOFTWARE LTD,18.28,18.28,17.52,17.84,21482,383973.83,20251113,18.55,17.64,18.02,18.069999999999997,18.095,18.044999999999995,18.095,18.044999999999995,0.05000000000000426,0.2774694783574044,Moderate,Bearish,Below CPR,Cash Only,Information Technology,False,False,False,0.3333333333333333,60,494227.81,False,False,Higher,True,Neutral,False,None,0.6600000000000004,19.0034,,0.07575757575758217,0.7769166813984021,False,False,No setup,0.0,None,None,0,No active J-Curve setup.,Neutral,0,Not applicable,No directional setup; confirmation score not applicable.,Standard CPR,Not applicable,Not applicable,Standard CPR; Wide CPR rules not applied
ROLLT,EQ,ROLLATAINERS LIMITED,1.22,1.3,1.17,1.22,310484,379419.12,20251113,1.22,1.17,1.2,1.1966666666666665,1.1949999999999998,1.1983333333333333,1.1983333333333333,1.1949999999999998,0.0033333333333334103,0.27777777777778423,Moderate,Bullish,Above CPR,Cash Only,Diversified,False,False,False,0.3068181818181818,45,141792.68,True,True,Higher,True,Neutral,False,None,0.06571428571428577,,,0.050724637681160555,2.675872407517793,False,False,No setup,0.0,None,None,0,No active J-Curve setup.,Neutral,0,Not applicable,No directional setup; confirmation score not applicable.,Standard CPR,Not applicable,Not applicable,Standard CPR; Wide CPR rules not applied
ANDHRAPAP,EQ,ANDHRA PAPER LIMITED,71.95,72.1,71.2,71.51,58715,4209896.29,20251113,73.5,71.0,71.95,72.14999999999999,72.25,72.04999999999998,72.25,72.04999999999998,0.20000000000001705,0.2779708130646519,Moderate,Bearish,Below CPR,Cash Only,Diversified,False,False,False,0.4666666666666667,60,6960204.29,False,False,Lower,True,Neutral,False,Bearish Virgin,1.8792857142857156,78.2108,,0.1064234131509022,0.6048524029745109,False,False,No setup,0.0,None,None,0,No active J-Curve setup.,Neutral,0,Not applicable,No directional setup; confirmation score not applicable.,Standard CPR,Not applicable,Not applicable,Standard CPR; Wide CPR rules not applied
ADFFOODS,EQ,ADF FOODS LIMITED,223.2,223.2,214.58,216.18,132091,28889070.01,20251113,223.82,219.5,222.59,221.97,221.66,222.28,222.28,221.66,0.6200000000000045,0.2785390179253356,Moderate,Bullish,Below CPR,Cash Only,FMCG & Food Products,False,False,False,0.31666666666666665,60,19627771.105,True,False,Higher,True,Neutral,False,None,8.402142857142858,220.2134,,0.07379069965144999,1.471846693924445,False,False,No setup,0.0,None,None,0,No active J-Curve setup.,Neutral,0,Not applicable,No directional setup; confirmation score not applicable.,Standard CPR,Not applicable,Not applicable,Standard CPR; Wide CPR rules not applied
VIKRAMSOLR,EQ,VIKRAM SOLAR LIMITED,316.3,323.5,316.3,320.45,836888,267924494.5,20251113,319.5,315.75,316.3,317.18333333333334,317.625,316.7416666666667,317.625,316.7416666666667,0.8833333333333258,0.279270734534722,Moderate,Bearish,Above CPR,Cash Only,Diversified,False,False,False,0.2830188679245283,54,787626852.25,False,False,Overlapping,True,Neutral,False,None,7.2428571428571376,333.168,,0.12195923734385176,0.3401667854957265,False,False,No setup,0.0,None,None,0,No active J-Curve setup.,Neutral,0,Not applicable,No directional setup; confirmation score not applicable.,Standard CPR,Not applicable,Not applicable,Standard CPR; Wide CPR rules not applied
AAVAS,EQ,AAVAS FINANCIERS LIMITED,1704.0,1771.9,1694.1,1736.4,241861,420787451.3,20251113,1748.7,1645.0,1704.0,1699.2333333333333,1696.85,1701.6166666666668,1701.6166666666668,1696.85,4.766666666666879,0.2797339593114366,Moderate,Bullish,Above CPR,Cash Only,Financial Services,True,False,False,0.4,60,183380586.9,False,False,Higher,True,Neutral,False,Bullish Virgin,58.37857142857144,1635.2240000000002,,0.08165096455810142,2.2946128508655135,True,False,No setup,0.0,None,Liftoff,82,"🚀 J-Curve Liftoff: Decisive kinetic breakout above CPR Top (₹1,701.62) with strong 2.3x volume. Ascending Higher CPR overlay and +0 confluence. Momentum continuation target expansion above ₹1,701.62 with stop below Pivot (₹1,699.23).",Neutral,0,Not applicable,No directional setup; confirmation score not applicable.,Standard CPR,Not applicable,Not applicable,Standard CPR; Wide CPR rules not applied
VIJAYA,EQ,VIJAYA DIAGNOSTIC CEN LTD,1023.05,1054.0,1012.4,1041.2,191424,199419774.8,20251113,1030.0,1009.1,1023.85,1020.9833333333332,1019.55,1022.4166666666665,1022.4166666666665,1019.55,2.8666666666665606,0.27998893067017244,Moderate,Bullish,Above CPR,Cash Only,Healthcare,True,False,False,0.5333333333333333,60,84237506.025,False,False,Higher,True,Neutral,False,None,27.453571428571454,1023.3580000000001,,0.1044187155804132,2.367351364139582,True,False,No setup,0.0,None,Liftoff,82,"🚀 J-Curve Liftoff: Decisive kinetic breakout above CPR Top (₹1,022.42) with strong 2.4x volume. Ascending Higher CPR overlay and +0 confluence. Momentum continuation target expansion above ₹1,022.42 with stop below Pivot (₹1,020.98).",Neutral,0,Not applicable,No directional setup; confirmation score not applicable.,Standard CPR,Not applicable,Not applicable,Standard CPR; Wide CPR rules not applied
MAHLOG,EQ,MAHINDRA LOGISTIC LIMITED,339.0,343.1,335.05,337.4,62606,21162744.4,20251113,344.7,330.65,339.1,338.15,337.67499999999995,338.625,338.625,337.67499999999995,0.9500000000000455,0.28015334709526557,Moderate,Bullish,Below CPR,Cash Only,Diversified,False,False,False,0.4666666666666667,60,33221807.35,False,False,Higher,True,Neutral,False,None,12.567857142857147,346.547,,0.07558965615231959,0.6370136391751726,False,False,No setup,0.0,None,None,0,No active J-Curve setup.,Neutral,0,Not applicable,No directional setup; confirmation score not applicable.,Standard CPR,Not applicable,Not applicable,Standard CPR; Wide CPR rules not applied
TNPL,EQ,TAMILNADU NEWSPRT & PAPER,147.38,148.84,146.52,147.04,41671,6155748.86,20251113,149.0,147.0,147.38,147.79333333333332,148.0,147.58666666666664,148.0,147.58666666666664,0.4133333333333553,0.28045415479261454,Moderate,Bearish,Below CPR,Cash Only,Diversified,False,False,False,0.48333333333333334,60,13893240.45,False,False,Overlapping,True,Neutral,False,None,3.6592857142857116,156.3472,,0.11295464896870933,0.44307509699797937,False,False,No setup,0.0,None,None,0,No active J-Curve setup.,Neutral,0,Not applicable,No directional setup; confirmation score not applicable.,Standard CPR,Not applicable,Not applicable,Standard CPR; Wide CPR rules not applied
PTCIL,EQ,PTC INDUSTRIES LIMITED,17526.0,17669.0,17171.0,17285.0,9988,173789357.0,20251113,17749.0,17451.0,17526.0,17575.333333333332,17600.0,17550.666666666664,17600.0,17550.666666666664,49.33333333333576,0.2814865533112847,Moderate,Bearish,Below CPR,Cash Only,Capital Goods,True,False,False,0.3333333333333333,60,236049889.0,False,False,Higher,True,Neutral,False,None,480.42857142857144,15925.46,,0.1026860937654922,0.7362399437518905,True,False,No setup,0.0,None,None,0,No active J-Curve setup.,Neutral,0,Not applicable,No directional setup; confirmation score not applicable.,Standard CPR,Not applicable,Not applicable,Standard CPR; Wide CPR rules not applied
SVPGLOB,EQ,SVP GLOBAL TEXTILES LTD,3.63,3.9,3.5,3.67,171894,644526.12,20251113,3.63,3.5,3.55,3.56,3.565,3.555,3.565,3.555,0.009999999999999787,0.28169014084506444,Moderate,Bearish,Above CPR,Cash Only,Diversified,False,False,False,0.16666666666666666,60,237324.34,True,True,Lower,True,Neutral,True,None,0.2978571428571429,3.6164000000000005,,0.033573141486809836,2.715802854439625,True,False,No setup,0.0,None,None,0,No active J-Curve setup.,Neutral,0,Not applicable,No directional setup; confirmation score not applicable.,Standard CPR,Not applicable,Not applicable,Standard CPR; Wide CPR rules not applied
DHANUKA,EQ,DHANUKA AGRITECH LTD,1301.9,1308.0,1292.0,1302.7,18106,23564342.5,20251113,1305.0,1286.8,1301.4,1297.7333333333333,1295.9,1299.5666666666666,1299.5666666666666,1295.9,3.666666666666515,0.28174786127758683,Moderate,Bullish,Above CPR,Cash Only,Diversified,False,False,False,0.38333333333333336,60,39129015.3,False,False,Higher,True,Neutral,False,Bullish Virgin,40.721428571428596,1471.412,,0.09004268257030552,0.602221709882896,False,False,No setup,0.0,None,None,0,No active J-Curve setup.,Neutral,0,Not applicable,No directional setup; confirmation score not applicable.,Standard CPR,Not applicable,Not applicable,Standard CPR; Wide CPR rules not applied
XTGLOBAL,EQ,XTGLOBAL INFOTECH LIMITED,41.25,43.7,39.95,40.31,188628,7930272.14,20251113,42.0,38.1,40.22,40.10666666666666,40.05,40.16333333333333,40.16333333333333,40.05,0.11333333333332973,0.2817835239515906,Moderate,Bullish,Above CPR,Cash Only,Diversified,False,False,False,0.15,60,1855949.9649999999,False,False,Higher,True,Neutral,True,Bullish Virgin,2.185000000000001,39.369,,0.05186880244088315,4.272891128290735,True,False,Long,0.5,None,None,0,No active J-Curve setup.,Long,74,Confirmed,CPR width: 0.2818% (12/20); Price location: Above CPR (20/20); Trend: partially aligned (1/2) (12/20); Participation: confirmed (4.27x) (20/20); Higher timeframe: unavailable (10/20),Standard CPR,Not applicable,Not applicable,Standard CPR; Wide CPR rules not applied
VENUSPIPES,EQ,VENUS PIPES & TUBES LTD,1288.6,1296.0,1275.6,1281.4,26430,33923913.9,20251113,1306.3,1280.0,1287.7,1291.3333333333333,1293.15,1289.5166666666664,1293.15,1289.5166666666664,3.633333333333667,0.28215681706404183,Moderate,Bearish,Below CPR,Cash Only,Building Materials,False,False,False,0.21666666666666667,60,48099862.3,True,False,Overlapping,True,Neutral,True,None,29.02142857142855,1317.64,,0.125194847813614,0.7052808943280489,False,False,No setup,0.0,None,None,0,No active J-Curve setup.,Neutral,0,Not applicable,No directional setup; confirmation score not applicable.,Standard CPR,Not applicable,Not applicable,Standard CPR; Wide CPR rules not applied
OCCLLTD,EQ,OCCL LIMITED,105.12,111.03,105.12,105.86,56334,6062662.64,20251113,106.79,102.56,105.12,104.82333333333334,104.67500000000001,104.97166666666666,104.97166666666666,104.67500000000001,0.29666666666665265,0.28221714865549147,Moderate,Bullish,Above CPR,Cash Only,Diversified,False,False,False,0.2,36,6082855.49,True,True,Higher,True,Neutral,True,Bullish Virgin,7.038571428571429,,,0.04214870441783171,0.9966803666414241,False,False,Long,0.5,None,None,0,No active J-Curve setup.,Long,54,Mixed,CPR width: 0.2822% (12/20); Price location: Above CPR (20/20); Trend: opposes SMA direction (0/20); Participation: moderate (1.00x) (12/20); Higher timeframe: unavailable (10/20),Standard CPR,Not applicable,Not applicable,Standard CPR; Wide CPR rules not applied
AXITA,EQ,AXITA COTTON LIMITED,8.29,8.3,8.17,8.19,582886,4799159.43,20251113,8.35,8.24,8.26,8.283333333333333,8.295,8.271666666666667,8.295,8.271666666666667,0.023333333333333428,0.28248587570621586,Moderate,Bearish,Below CPR,Cash Only,Diversified,False,False,False,0.7333333333333333,60,11607897.379999999,False,False,Lower,True,Neutral,False,None,0.08499999999999984,8.5602,,0.27450980392157026,0.41343916756783045,False,False,No setup,0.0,None,None,0,No active J-Curve setup.,Neutral,0,Not applicable,No directional setup; confirmation score not applicable.,Standard CPR,Not applicable,Not applicable,Standard CPR; Wide CPR rules not applied
SHIVATEX,EQ,SHIVA TEXYARN LIMITED,180.25,184.01,180.0,182.42,14009,2551349.41,20251113,184.8,180.1,181.68,182.1933333333333,182.45,181.9366666666666,182.45,181.9366666666666,0.513333333333378,0.2825480698664564,Moderate,Bearish,Inside CPR,Cash Only,Diversified,False,False,False,0.35,60,612439.25,False,False,Overlapping,True,Neutral,False,None,7.911428571428571,182.51260000000002,,0.06488503671602829,4.165881611931306,False,False,No setup,0.0,None,None,0,No active J-Curve setup.,Neutral,0,Not applicable,No directional setup; confirmation score not applicable.,Standard CPR,Not applicable,Not applicable,Standard CPR; Wide CPR rules not applied
LICI,EQ,LIFE INSURA CORP OF INDIA,900.5,908.45,888.15,902.85,3367249,3033743998.85,20251113,909.8,898.15,900.15,902.6999999999999,903.9749999999999,901.425,903.9749999999999,901.425,2.5499999999999545,0.2832861189801649,Moderate,Bearish,Inside CPR,Cash Only,Financial Services,True,False,False,0.6833333333333333,60,844261062.3499999,False,False,Higher,True,Neutral,False,None,20.26785714285715,893.52,,0.125814977973566,3.593371925036524,True,False,No setup,0.0,None,Ready,77,"🪝 J-Curve Ready (The Hook): Support defense at Monthly/Weekly CPR level with institutional absorption (3.6x volume). Coiling inside band (₹901.42 - ₹903.97), closed above Central Pivot (₹902.70). Probe long setup ahead of crowd with invalidation below CPR Bottom (₹901.42).",Neutral,0,Not applicable,No directional setup; confirmation score not applicable.,Standard CPR,Not applicable,Not applicable,Standard CPR; Wide CPR rules not applied
DEVX,EQ,DEV ACCELERATOR LIMITED,43.47,43.89,42.8,43.05,126445,5450527.77,20251113,44.0,43.41,43.52,43.64333333333334,43.705,43.58166666666668,43.705,43.58166666666668,0.12333333333332064,0.28339460784310805,Moderate,Bearish,Below CPR,Cash Only,Diversified,False,False,False,0.35714285714285715,29,14473093.62,False,False,Outside,True,Neutral,False,None,1.5842857142857152,,,0.07784791103095076,0.3765972854945161,False,False,No setup,0.0,None,None,0,No active J-Curve setup.,Neutral,0,Not applicable,No directional setup; confirmation score not applicable.,Standard CPR,Not applicable,Not applicable,Standard CPR; Wide CPR rules not applied
DTIL,EQ,DHUNSERI TEA & IND. LTD.,162.1,162.5,160.11,160.88,5849,946273.22,20251113,162.99,158.39,161.38,160.92,160.69,161.14999999999998,161.14999999999998,160.69,0.45999999999997954,0.2850415169165817,Moderate,Bullish,Inside CPR,Cash Only,Diversified,False,False,False,0.35,60,699190.12,False,False,Overlapping,True,Neutral,False,None,5.104285714285715,178.3918,,0.09012034704729517,1.3533847131592762,False,False,No setup,0.0,None,None,0,No active J-Curve setup.,Neutral,0,Not applicable,No directional setup; confirmation score not applicable.,Standard CPR,Not applicable,Not applicable,Standard CPR; Wide CPR rules not applied
PSB,EQ,PUNJAB & SIND BANK,30.12,30.56,30.0,30.03,1361074,41160383.29,20251113,30.77,30.25,30.38,30.466666666666665,30.509999999999998,30.423333333333332,30.509999999999998,30.423333333333332,0.086666666666666,0.28527540048277156,Moderate,Bearish,Below CPR,Cash Only,Banking,False,False,False,0.31666666666666665,60,44669083.64,False,False,Lower,True,Neutral,False,None,0.8721428571428572,29.9798,,0.09937209937209861,0.9214512574675239,True,False,No setup,0.0,None,None,0,No active J-Curve setup.,Neutral,0,Not applicable,No directional setup; confirmation score not applicable.,Standard CPR,Not applicable,Not applicable,Standard CPR; Wide CPR rules not applied
NELCAST,EQ,NELCAST LIMITED,112.0,112.0,109.25,110.0,38220,4225822.87,20251113,113.0,109.87,110.96,111.27666666666666,111.435,111.11833333333331,111.435,111.11833333333331,0.3166666666666913,0.2853881278539035,Moderate,Bearish,Below CPR,Cash Only,Diversified,False,False,False,0.2833333333333333,60,12860042.535,False,False,Overlapping,True,Neutral,False,None,5.653571428571431,128.6906,,0.056011791956205634,0.32860100256270264,False,False,No setup,0.0,None,None,0,No active J-Curve setup.,Neutral,0,Not applicable,No directional setup; confirmation score not applicable.,Standard CPR,Not applicable,Not applicable,Standard CPR; Wide CPR rules not applied
CANBK,EQ,CANARA BANK,143.5,145.0,143.0,143.45,27528003,3958414524.68,20251113,144.54,141.37,143.57,143.16,142.95499999999998,143.365,143.365,142.95499999999998,0.410000000000025,0.285574980845598,Moderate,Bullish,Above CPR,Cash Only,Financial Services,True,False,False,0.4,60,3045405652.205,False,False,Higher,True,Neutral,False,Bullish Virgin,3.6864285714285674,124.2148,,0.111218756055035,1.2997987712454475,True,False,No setup,0.0,None,None,0,No active J-Curve setup.,Neutral,0,Not applicable,No directional setup; confirmation score not applicable.,Standard CPR,Not applicable,Not applicable,Standard CPR; Wide CPR rules not applied
PSPPROJECT,EQ,PSP PROJECTS LIMITED,987.9,1025.0,981.0,989.9,372526,374207744.3,20251113,996.0,963.55,984.0,981.1833333333334,979.775,982.5916666666668,982.5916666666668,979.775,2.8166666666668334,0.2862466124661416,Moderate,Bullish,Above CPR,Cash Only,Diversified,False,False,False,0.3,60,97467967.525,True,True,Higher,True,Neutral,False,Bullish Virgin,51.95357142857143,814.3639999999999,,0.05421507298183222,3.839289499947947,True,False,No setup,0.0,None,Liftoff,92,🚀 J-Curve Liftoff: Decisive kinetic breakout above CPR Top (₹982.59) with massive 3.8x volume surge (NR7 Volatility Squeeze). Ascending Higher CPR overlay and +0 confluence. Momentum continuation target expansion above ₹982.59 with stop below Pivot (₹981.18).,Neutral,0,Not applicable,No directional setup; confirmation score not applicable.,Standard CPR,Not applicable,Not applicable,Standard CPR; Wide CPR rules not applied
INDRAMEDCO,EQ,INDRAPRASTHA MEDICAL CORP,549.8,553.0,544.0,546.9,348531,191235303.25,20251113,556.0,543.3,547.3,548.8666666666667,549.65,548.0833333333334,549.65,548.0833333333334,1.566666666666606,0.28625373043424196,Moderate,Bearish,Below CPR,Cash Only,Diversified,False,False,False,0.2833333333333333,60,114071453.5,False,False,Lower,True,Neutral,False,None,28.007142857142867,522.319,,0.0559381110260966,1.6764518850458936,True,False,No setup,0.0,None,None,0,No active J-Curve setup.,Neutral,0,Not applicable,No directional setup; confirmation score not applicable.,Standard CPR,Not applicable,Not applicable,Standard CPR; Wide CPR rules not applied
HONAUT,EQ,HONEYWELL AUTOMATION IND,35500.0,35895.0,35295.0,35515.0,3695,131220445.0,20251113,35875.0,35420.0,35495.0,35596.666666666664,35647.5,35545.83333333333,35647.5,35545.83333333333,101.66666666667152,0.28642531811993666,Moderate,Bearish,Below CPR,Cash Only,Capital Goods,True,False,False,0.45,60,112037707.5,False,False,Overlapping,True,Neutral,False,None,735.3571428571429,36403.4,,0.1382548162538515,1.1712167977017915,False,False,No setup,0.0,None,None,0,No active J-Curve setup.,Neutral,0,Not applicable,No directional setup; confirmation score not applicable.,Standard CPR,Not applicable,Not applicable,Standard CPR; Wide CPR rules not applied
ARTEMISMED,EQ,ARTEMIS MED SERVICE LTD,270.15,278.4,267.8,272.44,302792,82574591.53,20251113,283.19,257.09,268.98,269.75333333333333,270.14,269.3666666666667,270.14,269.3666666666667,0.7733333333333121,0.28750588643516695,Moderate,Bearish,Above CPR,Cash Only,Diversified,False,False,False,0.4166666666666667,60,30643297.985,False,False,Higher,True,Neutral,False,Bullish Virgin,7.934285714285709,240.92759999999998,,0.09746729084143299,2.6947031475013086,True,False,No setup,0.0,None,Ready,70,"🪝 J-Curve Ready (The Hook): Support defense at Monthly/Weekly CPR level with institutional absorption (2.7x volume). Coiling inside band (₹269.37 - ₹270.14), closed above Central Pivot (₹269.75). Probe long setup ahead of crowd with invalidation below CPR Bottom (₹269.37).",Neutral,0,Not applicable,No directional setup; confirmation score not applicable.,Standard CPR,Not applicable,Not applicable,Standard CPR; Wide CPR rules not applied
LAOPALA,EQ,LA OPALA RG LIMITED,224.0,226.74,223.71,224.92,32325,7269472.14,20251113,227.5,224.1,224.83,225.4766666666667,225.8,225.15333333333336,225.8,225.15333333333336,0.646666666666647,0.2876247238654303,Moderate,Bearish,Below CPR,Cash Only,Diversified,False,False,False,0.4666666666666667,60,10884789.71,False,False,Overlapping,True,Neutral,False,None,5.141428571428579,239.4232,,0.1257756784291893,0.667856002153302,False,False,No setup,0.0,None,None,0,No active J-Curve setup.,Neutral,0,Not applicable,No directional setup; confirmation score not applicable.,Standard CPR,Not applicable,Not applicable,Standard CPR; Wide CPR rules not applied
BHAGERIA,EQ,BHAGERIA INDUSTRIES LTD,204.15,204.15,197.7,199.14,102642,20633311.89,20251113,204.75,200.61,203.56,202.97333333333336,202.68,203.2666666666667,203.2666666666667,202.68,0.5866666666667015,0.288203314338132,Moderate,Bullish,Below CPR,Cash Only,Diversified,False,False,False,0.25,60,29240137.485,False,False,Higher,True,Neutral,True,None,12.183571428571428,194.15419999999997,,0.048152273748805895,0.7056503034770187,True,False,No setup,0.0,None,None,0,No active J-Curve setup.,Neutral,0,Not applicable,No directional setup; confirmation score not applicable.,Standard CPR,Not applicable,Not applicable,Standard CPR; Wide CPR rules not applied
GENESYS,EQ,GENESYS INTL CORPN LTD,485.0,489.75,472.7,484.8,202266,97083404.45,20251113,492.6,481.8,485.1,486.5,487.20000000000005,485.79999999999995,487.20000000000005,485.79999999999995,1.400000000000091,0.28860028860030734,Moderate,Bearish,Below CPR,Cash Only,Diversified,False,False,False,0.2,60,86957812.675,False,False,Higher,True,Neutral,True,None,16.446428571428562,533.866,,0.08512486427796431,1.116442576733661,False,False,No setup,0.0,None,None,0,No active J-Curve setup.,Neutral,0,Not applicable,No directional setup; confirmation score not applicable.,Standard CPR,Not applicable,Not applicable,Standard CPR; Wide CPR rules not applied
ONGC,EQ,OIL AND NATURAL GAS CORP.,253.7,253.7,247.3,250.85,13057927,3266466612.05,20251113,255.6,249.9,253.85,253.11666666666667,252.75,253.48333333333335,253.48333333333335,252.75,0.7333333333333485,0.2888845118508365,Moderate,Bullish,Below CPR,Cash Only,Oil Gas & Consumable Fuels,True,False,False,0.6666666666666666,60,2046825031.17,False,False,Higher,True,Neutral,False,None,5.212142857142849,243.83879999999996,,0.14069709012836637,1.5958699753553591,True,False,No setup,0.0,None,None,0,No active J-Curve setup.,Neutral,0,Not applicable,No directional setup; confirmation score not applicable.,Standard CPR,Not applicable,Not applicable,Standard CPR; Wide CPR rules not applied
BRITANNIA,EQ,BRITANNIA INDUSTRIES LTD,5902.0,5918.0,5835.5,5851.5,361321,2118775086.5,20251113,5970.0,5841.0,5880.0,5897.0,5905.5,5888.5,5905.5,5888.5,17.0,0.2891156462585034,Moderate,Bearish,Below CPR,Cash Only,Fast Moving Consumer Goods,True,False,False,0.5333333333333333,60,1707405030.5,True,False,Inside,True,Neutral,False,None,159.75,5995.12,,0.10641627543035993,1.2409329061655239,False,False,No setup,0.0,None,None,0,No active J-Curve setup.,Neutral,0,Not applicable,No directional setup; confirmation score not applicable.,Standard CPR,Not applicable,Not applicable,Standard CPR; Wide CPR rules not applied
IRCON,EQ,IRCON INTERNATIONAL LTD,161.05,164.0,160.63,161.13,3783077,613207671.52,20251113,167.85,163.6,166.45,165.96666666666667,165.725,166.20833333333334,166.20833333333334,165.725,0.4833333333333485,0.2903774907379685,Moderate,Bullish,Below CPR,Cash Only,Construction,True,False,False,0.31666666666666665,60,340859425.495,False,False,Higher,True,Neutral,False,None,3.740714285714288,172.8008,,0.1292088345745059,1.7990045914954316,False,False,No setup,0.0,None,None,0,No active J-Curve setup.,Neutral,0,Not applicable,No directional setup; confirmation score not applicable.,Standard CPR,Not applicable,Not applicable,Standard CPR; Wide CPR rules not applied
MADRASFERT,EQ,MADRAS FERTILISERS LTD,81.84,83.8,80.22,82.1,195825,16047761.67,20251113,82.0,80.21,81.46,81.22333333333331,81.10499999999999,81.34166666666664,81.34166666666664,81.10499999999999,0.23666666666665037,0.29053114002780556,Moderate,Bullish,Above CPR,Cash Only,Chemicals & Fertilizers,False,False,False,0.4166666666666667,60,10889564.879999999,False,False,Overlapping,True,Neutral,False,None,2.257142857142859,85.41,,0.10485232067509818,1.4736825435030607,False,False,No setup,0.0,None,None,0,No active J-Curve setup.,Neutral,0,Not applicable,No directional setup; confirmation score not applicable.,Standard CPR,Not applicable,Not applicable,Standard CPR; Wide CPR rules not applied
PAGEIND,EQ,PAGE INDUSTRIES LTD,40970.0,41245.0,39215.0,39585.0,52117,2108289370.0,20251113,40865.0,40220.0,40720.0,40601.666666666664,40542.5,40660.83333333333,40660.83333333333,40542.5,118.33333333332848,0.29060248853960824,Moderate,Bullish,Below CPR,Cash Only,Textiles,True,False,False,0.48333333333333334,60,761957000.0,False,False,Higher,True,Neutral,False,None,782.8571428571429,42165.6,,0.15115571776155098,2.7669400897950935,False,False,No setup,0.0,None,None,0,No active J-Curve setup.,Neutral,0,Not applicable,No directional setup; confirmation score not applicable.,Standard CPR,Not applicable,Not applicable,Standard CPR; Wide CPR rules not applied
ETERNAL,EQ,ETERNAL LIMITED,308.65,309.35,296.6,297.75,63585986,19150182380.05,20251113,312.95,307.35,308.8,309.7,310.15,309.25,310.15,309.25,0.8999999999999773,0.29145077720206514,Moderate,Bearish,Below CPR,Cash Only,Consumer Services,True,False,False,0.45,60,8726710611.05,False,False,Higher,True,Neutral,False,None,8.607142857142861,329.03,,0.1045643153526944,2.194433072617478,False,False,No setup,0.0,None,None,0,No active J-Curve setup.,Neutral,0,Not applicable,No directional setup; confirmation score not applicable.,Standard CPR,Not applicable,Not applicable,Standard CPR; Wide CPR rules not applied
SANGHVIMOV,EQ,SANGHVI MOVERS LTD,366.9,376.3,362.1,363.4,310514,114906465.75,20251113,373.1,355.3,365.8,364.73333333333335,364.20000000000005,365.26666666666665,365.26666666666665,364.20000000000005,1.066666666666606,0.2915983233096244,Moderate,Bullish,Below CPR,Cash Only,Diversified,False,False,False,0.2,60,157804414.65,False,False,Higher,True,Neutral,True,Bullish Virgin,17.2892857142857,372.091,,0.06169524202988017,0.728157485358411,False,False,No setup,0.0,None,None,0,No active J-Curve setup.,Neutral,0,Not applicable,No directional setup; confirmation score not applicable.,Standard CPR,Not applicable,Not applicable,Standard CPR; Wide CPR rules not applied
INNOVANA,EQ,INNOVANA THINKLABS LTD,489.9,489.95,460.0,481.45,5094,2456668.85,20251113,491.35,483.0,485.05,486.4666666666667,487.175,485.7583333333334,487.175,485.7583333333334,1.4166666666666288,0.29206611002301386,Moderate,Bearish,Below CPR,Cash Only,Diversified,False,False,False,0.5,7,5291889.75,False,False,Higher,False,Neutral,False,None,,,,,0.46423281021680396,False,False,No setup,0.0,None,None,0,No active J-Curve setup.,Neutral,0,Not applicable,No directional setup; confirmation score not applicable.,Standard CPR,Not applicable,Not applicable,Standard CPR; Wide CPR rules not applied
PANACEABIO,EQ,PANACEA BIOTEC LTD,402.0,412.95,401.15,404.6,62502,25411080.4,20251113,404.5,393.05,400.55,399.3666666666666,398.775,399.95833333333326,399.95833333333326,398.775,1.1833333333332803,0.29542712104188745,Moderate,Bullish,Above CPR,Cash Only,Healthcare & Pharma,False,False,False,0.25,60,48410707.675,True,True,Inside,True,Neutral,True,Bullish Virgin,12.71428571428571,425.60200000000003,,0.093071161048685,0.5249061957655011,False,False,No setup,0.0,None,None,0,No active J-Curve setup.,Neutral,0,Not applicable,No directional setup; confirmation score not applicable.,Standard CPR,Not applicable,Not applicable,Standard CPR; Wide CPR rules not applied
SIEMENS,EQ,SIEMENS LTD,3065.0,3124.7,3056.5,3066.1,324328,1003598038.4,20251113,3068.4,3017.7,3056.6,3047.566666666667,3043.05,3052.083333333334,3052.083333333334,3043.05,9.033333333333758,0.2955353442823319,Moderate,Bullish,Above CPR,Cash Only,Capital Goods,True,False,False,0.5166666666666667,60,846162956.5,False,False,Higher,True,Neutral,False,Bullish Virgin,59.96428571428578,3156.2760000000003,,0.15064522533254612,1.1860576390051412,False,False,No setup,0.0,None,None,0,No active J-Curve setup.,Neutral,0,Not applicable,No directional setup; confirmation score not applicable.,Standard CPR,Not applicable,Not applicable,Standard CPR; Wide CPR rules not applied
CMSINFO,EQ,CMS INFO SYSTEMS LIMITED,355.2,361.3,355.0,359.75,257246,92411986.55,20251113,359.4,354.05,355.15,356.2,356.725,355.67499999999995,356.725,355.67499999999995,1.0500000000000682,0.2956497254681313,Moderate,Bearish,Above CPR,Cash Only,Information Technology,False,False,False,0.2833333333333333,60,217556724.425,False,False,Higher,True,Neutral,False,None,11.050000000000002,384.925,,0.0950226244343953,0.42477191543604936,False,False,No setup,0.0,None,None,0,No active J-Curve setup.,Neutral,0,Not applicable,No directional setup; confirmation score not applicable.,Standard CPR,Not applicable,Not applicable,Standard CPR; Wide CPR rules not applied
SOUTHBANK,EQ,THE SOUTH INDIAN BANK LTD,39.4,39.4,38.2,38.31,25017708,970636061.67,20251113,39.86,38.35,39.28,39.163333333333334,39.105000000000004,39.221666666666664,39.221666666666664,39.105000000000004,0.11666666666666003,0.29701289884587584,Moderate,Bullish,Below CPR,Cash Only,Banking,False,False,False,0.48333333333333334,60,275347322.28,True,False,Higher,True,Neutral,False,None,1.5357142857142851,32.8062,,0.07596899224805773,3.525133470094046,True,False,No setup,0.0,None,None,0,No active J-Curve setup.,Neutral,0,Not applicable,No directional setup; confirmation score not applicable.,Standard CPR,Not applicable,Not applicable,Standard CPR; Wide CPR rules not applied
SCHAEFFLER,EQ,SCHAEFFLER INDIA LIMITED,4165.5,4187.0,4100.0,4133.1,25169,104365711.4,20251113,4217.8,4076.0,4165.5,4153.099999999999,4146.9,4159.299999999999,4159.299999999999,4146.9,12.399999999999636,0.297683351338366,Moderate,Bullish,Below CPR,Cash Only,Automobile and Auto Components,True,False,False,0.5,60,154038054.3,False,False,Higher,True,Neutral,False,Bullish Virgin,114.74285714285712,4037.1560000000004,,0.10806772908366219,0.67753200255789,True,False,No setup,0.0,None,None,0,No active J-Curve setup.,Neutral,0,Not applicable,No directional setup; confirmation score not applicable.,Standard CPR,Not applicable,Not applicable,Standard CPR; Wide CPR rules not applied
ALKYLAMINE,EQ,ALKYL AMINES CHEM. LTD,1790.9,1806.4,1769.9,1778.8,13550,24274769.8,20251113,1799.0,1766.8,1790.9,1785.5666666666668,1782.9,1788.2333333333336,1788.2333333333336,1782.9,5.333333333333485,0.2978018500940022,Moderate,Bullish,Below CPR,Cash Only,Specialty Chemicals,False,False,False,0.48333333333333334,60,51540098.900000006,False,False,Higher,True,Neutral,False,Bullish Virgin,47.935714285714326,1935.5740000000003,,0.11126012020066864,0.47098803297018893,False,False,No setup,0.0,None,None,0,No active J-Curve setup.,Neutral,0,Not applicable,No directional setup; confirmation score not applicable.,Standard CPR,Not applicable,Not applicable,Standard CPR; Wide CPR rules not applied
AAKASH,EQ,AAKASH EXPLORATION SER L,8.84,8.97,8.75,8.86,73801,651644.85,20251113,9.03,8.75,8.93,8.903333333333334,8.89,8.916666666666668,8.916666666666668,8.89,0.026666666666667282,0.29861888764465044,Moderate,Bullish,Below CPR,Cash Only,Diversified,False,False,False,0.4666666666666667,31,641727.89,False,False,Lower,True,Neutral,False,None,0.3342857142857144,,,0.07977207977208159,1.0154535281301238,False,False,No setup,0.0,None,None,0,No active J-Curve setup.,Neutral,0,Not applicable,No directional setup; confirmation score not applicable.,Standard CPR,Not applicable,Not applicable,Standard CPR; Wide CPR rules not applied
MANBA,EQ,MANBA FINANCE LIMITED,140.0,142.39,138.7,138.94,21705,3041547.86,20251113,143.25,138.46,141.49,141.0666666666667,140.85500000000002,141.27833333333336,141.27833333333336,140.85500000000002,0.4233333333333462,0.29919664522817596,Moderate,Bullish,Below CPR,Cash Only,Diversified,False,False,False,0.4,60,8248687.65,False,False,Higher,True,Neutral,False,None,5.9221428571428545,137.4562,,0.07148313432235978,0.3687311229441449,True,False,No setup,0.0,None,None,0,No active J-Curve setup.,Neutral,0,Not applicable,No directional setup; confirmation score not applicable.,Standard CPR,Not applicable,Not applicable,Standard CPR; Wide CPR rules not applied
SALASAR,EQ,SALASAR TECHNO ENGG. LTD.,10.03,10.4,9.61,9.68,14178737,140985656.89,20251113,10.19,9.92,10.01,10.04,10.055,10.024999999999999,10.055,10.024999999999999,0.030000000000001137,0.2997002997003111,Moderate,Bearish,Below CPR,Cash Only,Diversified,False,False,False,0.25,60,73393829.615,False,False,Overlapping,True,Neutral,True,None,0.46999999999999964,9.347000000000001,,0.06382978723404502,1.9209470009885652,True,False,No setup,0.0,None,None,0,No active J-Curve setup.,Neutral,0,Not applicable,No directional setup; confirmation score not applicable.,Standard CPR,Not applicable,Not applicable,Standard CPR; Wide CPR rules not applied
RBA,EQ,RESTAURANT BRAND ASIA LTD,64.42,64.9,63.32,63.53,1473143,94392682.18,20251113,65.76,63.72,64.45,64.64333333333333,64.74000000000001,64.54666666666665,64.74000000000001,64.54666666666665,0.19333333333335645,0.29997414016036683,Moderate,Bearish,Below CPR,Cash Only,Diversified,False,False,False,0.38333333333333336,60,81694514.27,False,False,Inside,True,Neutral,False,None,1.987142857142855,74.86880000000001,,0.0972921159837165,1.1554347684598825,False,False,No setup,0.0,None,None,0,No active J-Curve setup.,Neutral,0,Not applicable,No directional setup; confirmation score not applicable.,Standard CPR,Not applicable,Not applicable,Standard CPR; Wide CPR rules not applied
VGUARD,EQ,V-GUARD IND LTD.,356.4,359.25,353.95,354.3,121080,43044921.2,20251113,359.6,353.9,355.15,356.2166666666667,356.75,355.6833333333334,356.75,355.6833333333334,1.066666666666606,0.3003425782533031,Moderate,Bearish,Below CPR,Cash Only,Diversified,False,False,False,0.36666666666666664,60,67035887.375,False,False,Lower,True,Neutral,False,None,9.632142857142858,365.65399999999994,,0.1107403287603447,0.6421175714316409,False,False,No setup,0.0,None,None,0,No active J-Curve setup.,Neutral,0,Not applicable,No directional setup; confirmation score not applicable.,Standard CPR,Not applicable,Not applicable,Standard CPR; Wide CPR rules not applied
CHOICEIN,EQ,CHOICE INTERNATIONAL LTD,790.0,794.95,783.0,784.5,293344,231544784.7,20251113,797.15,785.15,787.6,789.9666666666667,791.15,788.7833333333334,791.15,788.7833333333334,2.3666666666665606,0.30049094294903,Moderate,Bearish,Below CPR,Cash Only,Financial Services,True,False,False,0.5333333333333333,60,315205591.175,False,False,Lower,True,Neutral,False,None,17.03214285714285,805.191,,0.1389529600894605,0.7345833677532956,False,False,No setup,0.0,None,None,0,No active J-Curve setup.,Neutral,0,Not applicable,No directional setup; confirmation score not applicable.,Standard CPR,Not applicable,Not applicable,Standard CPR; Wide CPR rules not applied
PERSISTENT,EQ,PERSISTENT SYSTEMS LTD,6135.0,6185.5,6077.5,6137.0,301945,1856591255.5,20251113,6168.0,6045.5,6134.5,6116.0,6106.75,6125.25,6125.25,6106.75,18.5,0.301573070339881,Moderate,Bullish,Above CPR,Cash Only,Information Technology,True,False,False,0.4,60,2179514927.65,False,False,Higher,True,Neutral,False,Bullish Virgin,115.63571428571433,5505.766,,0.15998517511890784,0.851836907353425,True,False,No setup,0.0,None,None,0,No active J-Curve setup.,Neutral,0,Not applicable,No directional setup; confirmation score not applicable.,Standard CPR,Not applicable,Not applicable,Standard CPR; Wide CPR rules not applied
ISGEC,EQ,ISGEC HEAVY ENG LTD,855.6,890.2,855.6,865.0,66965,58545993.9,20251113,859.0,844.45,855.6,853.0166666666668,851.725,854.3083333333335,854.3083333333335,851.725,2.583333333333485,0.30193236714977617,Moderate,Bullish,Above CPR,Cash Only,Diversified,False,False,False,0.4666666666666667,60,24953513.075,False,False,Higher,True,Neutral,False,Bullish Virgin,21.70357142857143,919.2330000000001,,0.1190280291810722,2.3462024655219813,False,False,No setup,0.0,None,Ready,67,"🪝 J-Curve Ready (The Hook): Support defense at Monthly/Weekly CPR level with institutional absorption (2.3x volume). Coiling inside band (₹851.73 - ₹854.31), closed above Central Pivot (₹853.02). Probe long setup ahead of crowd with invalidation below CPR Bottom (₹851.73).",Neutral,0,Not applicable,No directional setup; confirmation score not applicable.,Standard CPR,Not applicable,Not applicable,Standard CPR; Wide CPR rules not applied
GRINDWELL,EQ,GRINDWELL NORTON LIMITED,1628.0,1648.9,1613.8,1620.8,26958,44024172.9,20251113,1628.8,1593.7,1618.6,1613.7,1611.25,1616.15,1616.15,1611.25,4.900000000000091,0.3027307549734395,Moderate,Bullish,Above CPR,Cash Only,Diversified,False,False,False,0.4166666666666667,60,41976930.0,False,False,Higher,True,Neutral,False,Bullish Virgin,55.27857142857142,1630.4460000000001,,0.08864194340354217,1.0487706676024187,False,False,No setup,0.0,None,None,0,No active J-Curve setup.,Neutral,0,Not applicable,No directional setup; confirmation score not applicable.,Standard CPR,Not applicable,Not applicable,Standard CPR; Wide CPR rules not applied
RAILTEL,EQ,RAILTEL CORP OF IND LTD,356.0,359.95,351.3,352.7,468253,166298178.75,20251113,359.3,352.25,357.4,356.3166666666666,355.775,356.85833333333323,356.85833333333323,355.775,1.0833333333332575,0.30311509046817503,Moderate,Bullish,Below CPR,Cash Only,Telecommunication,True,False,False,0.4166666666666667,60,323350099.275,False,False,Higher,True,Neutral,False,None,8.114285714285703,371.78799999999995,,0.13350938967135234,0.5142975960819736,False,False,No setup,0.0,None,None,0,No active J-Curve setup.,Neutral,0,Not applicable,No directional setup; confirmation score not applicable.,Standard CPR,Not applicable,Not applicable,Standard CPR; Wide CPR rules not applied
JINDRILL,EQ,JINDAL DRILLING IND. LTD,562.95,571.8,560.05,569.65,52663,29886566.6,20251113,568.5,558.0,560.7,562.4,563.25,561.55,563.25,561.55,1.7000000000000455,0.3031924380239068,Moderate,Bearish,Above CPR,Cash Only,Diversified,False,False,False,0.5333333333333333,60,36964992.225,False,False,Higher,True,Neutral,False,Bullish Virgin,17.864285714285717,586.426,,0.09516193522591217,0.808510019915201,False,False,No setup,0.0,None,None,0,No active J-Curve setup.,Neutral,0,Not applicable,No directional setup; confirmation score not applicable.,Standard CPR,Not applicable,Not applicable,Standard CPR; Wide CPR rules not applied
HCLTECH,EQ,HCL TECHNOLOGIES LTD,1599.4,1605.0,1580.0,1598.5,1944022,3103616363.1,20251113,1600.0,1573.5,1594.0,1589.1666666666667,1586.75,1591.5833333333335,1591.5833333333335,1586.75,4.833333333333485,0.30322040987035664,Moderate,Bullish,Above CPR,Cash Only,Information Technology,True,False,False,0.5666666666666667,60,3566955377.3500004,True,False,Higher,True,Neutral,False,Bullish Virgin,26.092857142857174,1480.4579999999999,,0.1852358791860627,0.8701023799758804,True,False,No setup,0.0,None,None,0,No active J-Curve setup.,Neutral,0,Not applicable,No directional setup; confirmation score not applicable.,Standard CPR,Not applicable,Not applicable,Standard CPR; Wide CPR rules not applied
IMAGICAA,EQ,IMAGICAAWORLD ENT LTD,51.5,53.24,50.8,52.42,1007156,52282420.26,20251113,52.17,51.5,51.6,51.75666666666667,51.835,51.678333333333335,51.835,51.678333333333335,0.1566666666666663,0.30361757105943077,Moderate,Bearish,Above CPR,Cash Only,Diversified,False,False,False,0.3333333333333333,60,23436776.865000002,False,False,Overlapping,True,Neutral,False,None,1.552857142857144,54.302,,0.10088929776142255,2.230785425878141,False,False,No setup,0.0,None,Ready,61,"🪝 J-Curve Ready (The Hook): Support defense at Monthly/Weekly CPR level with institutional absorption (2.2x volume). Coiling inside band (₹51.68 - ₹51.84), closed above Central Pivot (₹51.76). Probe long setup ahead of crowd with invalidation below CPR Bottom (₹51.68).",Neutral,0,Not applicable,No directional setup; confirmation score not applicable.,Standard CPR,Not applicable,Not applicable,Standard CPR; Wide CPR rules not applied
AUROPHARMA,EQ,AUROBINDO PHARMA LTD,1191.0,1222.9,1185.6,1210.2,2637535,3193134219.4,20251113,1195.5,1160.9,1183.6,1180.0,1178.2,1181.8,1181.8,1178.2,3.599999999999909,0.30415680973301024,Moderate,Bullish,Above CPR,Cash Only,Healthcare,True,False,False,0.5333333333333333,60,1308924570.55,False,False,Higher,True,Neutral,False,Bullish Virgin,29.59999999999999,1103.484,,0.12162162162161859,2.439509725192392,True,False,No setup,0.0,None,Liftoff,83,"🚀 J-Curve Liftoff: Decisive kinetic breakout above CPR Top (₹1,181.80) with strong 2.4x volume. Ascending Higher CPR overlay and +0 confluence. Momentum continuation target expansion above ₹1,181.80 with stop below Pivot (₹1,180.00).",Neutral,0,Not applicable,No directional setup; confirmation score not applicable.,Standard CPR,Not applicable,Not applicable,Standard CPR; Wide CPR rules not applied
LOVABLE,EQ,LOVABLE LINGERIE LTD,93.39,94.0,90.6,91.66,13524,1249288.87,20251113,94.29,92.2,92.82,93.10333333333334,93.245,92.96166666666667,93.245,92.96166666666667,0.28333333333333144,0.3052503052503032,Moderate,Bearish,Below CPR,Cash Only,Diversified,False,False,False,0.35,60,1302728.665,False,False,Inside,True,Neutral,False,None,4.0028571428571444,94.73559999999999,,0.0707827742088979,0.9589785682654032,False,False,No setup,0.0,None,None,0,No active J-Curve setup.,Neutral,0,Not applicable,No directional setup; confirmation score not applicable.,Standard CPR,Not applicable,Not applicable,Standard CPR; Wide CPR rules not applied
LAXMIDENTL,EQ,LAXMI DENTAL LIMITED,324.9,324.9,310.1,311.35,165966,52280321.25,20251113,330.0,315.65,321.35,322.3333333333333,322.825,321.84166666666664,322.825,321.84166666666664,0.9833333333333485,0.30600072610342255,Moderate,Bearish,Below CPR,Cash Only,Diversified,False,False,False,0.26666666666666666,60,41928315.675,False,False,Lower,True,Neutral,False,Bearish Virgin,11.750000000000004,323.874,,0.0836879432624126,1.2468977207489507,False,False,No setup,0.0,None,None,0,No active J-Curve setup.,Neutral,0,Not applicable,No directional setup; confirmation score not applicable.,Standard CPR,Not applicable,Not applicable,Standard CPR; Wide CPR rules not applied
TATACOMM,EQ,TATA COMMUNICATIONS LTD,1842.1,1905.2,1836.1,1888.7,357069,672250346.6,20251113,1855.0,1808.1,1840.0,1834.3666666666668,1831.55,1837.1833333333336,1837.1833333333336,1831.55,5.633333333333667,0.3061594202898732,Moderate,Bullish,Above CPR,Cash Only,Telecommunication,True,False,False,0.3333333333333333,60,483415298.05,False,False,Lower,True,Neutral,False,None,50.72857142857148,1748.26,,0.11104853093026086,1.390626960527982,True,False,No setup,0.0,None,None,0,No active J-Curve setup.,Neutral,0,Not applicable,No directional setup; confirmation score not applicable.,Standard CPR,Not applicable,Not applicable,Standard CPR; Wide CPR rules not applied
JKPAPER,EQ,JK PAPER LIMITED,381.4,385.95,380.0,383.0,149548,57342410.4,20251113,385.65,377.95,380.05,381.21666666666664,381.79999999999995,380.6333333333333,381.79999999999995,380.6333333333333,1.1666666666666288,0.3069771521290959,Moderate,Bearish,Above CPR,Cash Only,Paper & Packaging,False,False,False,0.45,60,104198583.30000001,False,False,Lower,True,Neutral,False,None,11.142857142857139,396.01300000000003,,0.10470085470085133,0.5503185224208321,False,False,No setup,0.0,None,None,0,No active J-Curve setup.,Neutral,0,Not applicable,No directional setup; confirmation score not applicable.,Standard CPR,Not applicable,Not applicable,Standard CPR; Wide CPR rules not applied
CGCL,EQ,CAPRI GLOBAL CAPITAL LTD,200.4,200.97,194.88,197.59,1925177,380827262.45,20251113,200.9,196.56,199.65,199.03666666666666,198.73000000000002,199.3433333333333,199.3433333333333,198.73000000000002,0.6133333333332871,0.3072042741463997,Moderate,Bullish,Below CPR,Cash Only,Financial Services,True,False,False,0.43333333333333335,60,281911022.93,False,False,Higher,True,Neutral,False,None,6.926428571428572,192.6372,,0.08854972328210807,1.3508775162174536,True,False,No setup,0.0,None,None,0,No active J-Curve setup.,Neutral,0,Not applicable,No directional setup; confirmation score not applicable.,Standard CPR,Not applicable,Not applicable,Standard CPR; Wide CPR rules not applied
SATIN,EQ,SATIN CREDIT NET LTD,151.77,152.49,148.13,150.81,135535,20436823.5,20251113,153.89,151.05,151.77,152.23666666666668,152.47,152.00333333333336,152.47,152.00333333333336,0.46666666666664014,0.3074828139069909,Moderate,Bearish,Below CPR,Cash Only,Diversified,False,False,False,0.5833333333333334,60,17779138.125,False,False,Outside,True,Neutral,False,None,4.964285714285718,148.24900000000002,,0.09400479616306413,1.1494833639468112,True,False,No setup,0.0,None,None,0,No active J-Curve setup.,Neutral,0,Not applicable,No directional setup; confirmation score not applicable.,Standard CPR,Not applicable,Not applicable,Standard CPR; Wide CPR rules not applied
IOB,EQ,INDIAN OVERSEAS BANK,39.0,39.17,38.7,38.84,4029934,156879740.71,20251113,39.48,38.82,38.97,39.089999999999996,39.15,39.029999999999994,39.15,39.029999999999994,0.12000000000000455,0.3079291762894651,Moderate,Bearish,Below CPR,Cash Only,Financial Services,True,False,False,0.45,60,276226318.0,False,False,Lower,True,Neutral,False,Bearish Virgin,1.0414285714285714,39.596199999999996,,0.11522633744856405,0.5679391516560707,False,False,No setup,0.0,None,None,0,No active J-Curve setup.,Neutral,0,Not applicable,No directional setup; confirmation score not applicable.,Standard CPR,Not applicable,Not applicable,Standard CPR; Wide CPR rules not applied
TFL,EQ,TRANSWARRANTY FIN. LTD.,13.49,13.49,12.22,12.6,18947,243497.05,20251113,13.15,12.71,12.99,12.950000000000001,12.93,12.970000000000002,12.970000000000002,12.93,0.0400000000000027,0.30792917628947425,Moderate,Bullish,Below CPR,Cash Only,Diversified,False,False,False,0.20454545454545456,45,211105.77,False,False,Higher,True,Neutral,True,None,0.9957142857142861,,,0.040172166427549325,1.1534362608847688,False,False,No setup,0.0,None,None,0,No active J-Curve setup.,Neutral,0,Not applicable,No directional setup; confirmation score not applicable.,Standard CPR,Not applicable,Not applicable,Standard CPR; Wide CPR rules not applied
GTPL,EQ,GTPL HATHWAY LIMITED,104.54,106.0,104.01,104.69,8938,939285.21,20251113,106.05,104.4,104.74,105.06333333333333,105.225,104.90166666666667,105.225,104.90166666666667,0.3233333333333235,0.3087009101903031,Moderate,Bearish,Below CPR,Cash Only,Diversified,False,False,False,0.55,60,1641782.345,False,False,Higher,True,Neutral,False,None,2.0164285714285697,109.6602,,0.16034950997756048,0.5721131140559317,False,False,No setup,0.0,None,None,0,No active J-Curve setup.,Neutral,0,Not applicable,No directional setup; confirmation score not applicable.,Standard CPR,Not applicable,Not applicable,Standard CPR; Wide CPR rules not applied
PENINLAND,EQ,PENINSULA LAND LIMITED,31.5,34.19,31.02,32.26,613431,20148640.7,20251113,33.0,31.22,32.26,32.16,32.11,32.209999999999994,32.209999999999994,32.11,0.09999999999999432,0.30998140111591543,Moderate,Bullish,Above CPR,Cash Only,Diversified,False,False,False,0.21666666666666667,60,11732505.16,True,False,Higher,True,Neutral,True,None,1.4821428571428577,34.3382,,0.06746987951806843,1.717334910594661,False,False,No setup,0.0,None,Ready,62,"🪝 J-Curve Ready (The Hook): Support defense at Monthly/Weekly CPR level with 1.7x volume. Coiling inside band (₹32.11 - ₹32.21), closed above Central Pivot (₹32.16). Probe long setup ahead of crowd with invalidation below CPR Bottom (₹32.11).",Neutral,0,Not applicable,No directional setup; confirmation score not applicable.,Standard CPR,Not applicable,Not applicable,Standard CPR; Wide CPR rules not applied
HNDFDS,EQ,HINDUSTAN FOODS LIMITED,555.5,559.45,543.15,549.5,114771,63171939.9,20251113,554.3,535.0,547.2,545.5,544.65,546.35,546.35,544.65,1.7000000000000455,0.3106725146198913,Moderate,Bullish,Above CPR,Cash Only,Diversified,False,False,False,0.6333333333333333,60,22023866.9,False,False,Higher,True,Neutral,False,None,13.642857142857167,533.594,,0.12460732984293504,2.868340068836867,True,False,No setup,0.0,None,Liftoff,86,🚀 J-Curve Liftoff: Decisive kinetic breakout above CPR Top (₹546.35) with strong 2.9x volume. Ascending Higher CPR overlay and +0 confluence. Momentum continuation target expansion above ₹546.35 with stop below Pivot (₹545.50).,Neutral,0,Not applicable,No directional setup; confirmation score not applicable.,Standard CPR,Not applicable,Not applicable,Standard CPR; Wide CPR rules not applied
IGARASHI,EQ,IGARASHI MOTORS INDIA LTD,482.5,485.0,478.0,479.6,24903,11986276.15,20251113,488.6,481.5,482.8,484.3,485.05,483.55,485.05,483.55,1.5,0.3106876553438277,Moderate,Bearish,Below CPR,Cash Only,Diversified,False,False,False,0.36666666666666664,60,17074837.75,False,False,Lower,True,Neutral,False,Bearish Virgin,14.003571428571421,505.848,,0.10711553175210412,0.7019847758143413,False,False,No setup,0.0,None,None,0,No active J-Curve setup.,Neutral,0,Not applicable,No directional setup; confirmation score not applicable.,Standard CPR,Not applicable,Not applicable,Standard CPR; Wide CPR rules not applied
PFC,EQ,POWER FIN CORP LTD.,375.0,377.45,372.2,372.9,5884580,2202929475.9,20251113,380.45,373.65,375.3,376.46666666666664,377.04999999999995,375.8833333333333,377.04999999999995,375.8833333333333,1.1666666666666288,0.3108624211741617,Moderate,Bearish,Below CPR,Cash Only,Financial Services,True,False,False,0.5333333333333333,60,1817533259.075,False,False,Higher,True,Neutral,False,None,9.235714285714279,398.827,,0.1263212168084518,1.2120435567826364,False,False,No setup,0.0,None,None,0,No active J-Curve setup.,Neutral,0,Not applicable,No directional setup; confirmation score not applicable.,Standard CPR,Not applicable,Not applicable,Standard CPR; Wide CPR rules not applied
JSWCEMENT,EQ,JSW CEMENT LIMITED,122.24,130.26,122.05,128.75,8225693,1050957114.02,20251113,123.6,122.0,122.23,122.61,122.8,122.42,122.8,122.42,0.37999999999999545,0.31088930704409345,Moderate,Bearish,Above CPR,Cash Only,Construction Materials,True,False,False,0.38333333333333336,60,402629811.91499996,True,False,Lower,True,Neutral,False,None,3.566428571428566,140.4632,,0.1065491688363698,2.6102317387314327,False,False,No setup,0.0,None,None,0,No active J-Curve setup.,Neutral,0,Not applicable,No directional setup; confirmation score not applicable.,Standard CPR,Not applicable,Not applicable,Standard CPR; Wide CPR rules not applied
ASAHISONG,EQ,ASAHI SONGWON COLOR LTD,262.75,262.75,256.2,260.25,9791,2534848.1,20251113,271.95,255.0,262.25,263.06666666666666,263.475,262.6583333333333,263.475,262.6583333333333,0.8166666666667197,0.3114076898633822,Moderate,Bearish,Below CPR,Cash Only,Diversified,False,False,False,0.2711864406779661,60,2730706.55,False,False,Higher,True,Neutral,False,None,11.103571428571428,281.215,,0.07354990886673578,0.9282755409950587,False,False,No setup,0.0,None,None,0,No active J-Curve setup.,Neutral,0,Not applicable,No directional setup; confirmation score not applicable.,Standard CPR,Not applicable,Not applicable,Standard CPR; Wide CPR rules not applied
LTTS,EQ,L&T TECHNOLOGY SER. LTD.,4210.0,4210.0,4133.1,4156.8,50324,209645310.0,20251113,4218.8,4104.2,4181.1,4168.033333333334,4161.5,4174.5666666666675,4174.5666666666675,4161.5,13.066666666667516,0.3125174395892831,Moderate,Bullish,Below CPR,Cash Only,Information Technology,True,False,False,0.6333333333333333,60,216098434.55,False,False,Higher,True,Neutral,False,Bullish Virgin,67.60714285714276,4179.098,,0.19327346363797726,0.9701380319416107,False,False,No setup,0.0,None,None,0,No active J-Curve setup.,Neutral,0,Not applicable,No directional setup; confirmation score not applicable.,Standard CPR,Not applicable,Not applicable,Standard CPR; Wide CPR rules not applied
SPMLINFRA,EQ,SPML INFRA LIMITED,217.06,218.96,207.74,208.88,106895,22689584.5,20251113,219.08,212.99,217.06,216.3766666666667,216.03500000000003,216.71833333333336,216.71833333333336,216.03500000000003,0.6833333333333371,0.3148131085107054,Moderate,Bullish,Below CPR,Cash Only,Real Estate & Infra,False,False,False,0.23333333333333334,60,72325886.64,False,False,Higher,True,Neutral,True,None,9.160000000000005,246.73760000000001,,0.07459970887918523,0.3137131883766147,False,False,No setup,0.0,None,None,0,No active J-Curve setup.,Neutral,0,Not applicable,No directional setup; confirmation score not applicable.,Standard CPR,Not applicable,Not applicable,Standard CPR; Wide CPR rules not applied
EMMBI,EQ,EMMBI INDUSTRIES LIMITED,111.1,111.1,106.52,107.0,4112,441586.1,20251113,110.0,106.99,109.01,108.66666666666667,108.495,108.83833333333334,108.83833333333334,108.495,0.3433333333333337,0.3149558144512739,Moderate,Bullish,Below CPR,Cash Only,Diversified,False,False,False,0.35,60,1243490.435,False,False,Higher,True,Neutral,False,Bullish Virgin,6.035714285714284,103.8038,,0.05688362919132158,0.3551182120673087,True,False,No setup,0.0,None,None,0,No active J-Curve setup.,Neutral,0,Not applicable,No directional setup; confirmation score not applicable.,Standard CPR,Not applicable,Not applicable,Standard CPR; Wide CPR rules not applied
SUPREMEIND,EQ,SUPREME INDUSTRIES LTD,3915.0,3915.0,3803.0,3832.0,312787,1200418415.7,20251113,3938.0,3853.5,3914.3,3901.933333333333,3895.75,3908.116666666666,3908.116666666666,3895.75,12.366666666665878,0.31593558660976107,Moderate,Bullish,Below CPR,Cash Only,Capital Goods,True,False,False,0.4,60,541850187.6500001,False,False,Higher,True,Neutral,False,None,110.50714285714285,4202.558,,0.11190830155343695,2.215406477768708,False,False,No setup,0.0,None,None,0,No active J-Curve setup.,Neutral,0,Not applicable,No directional setup; confirmation score not applicable.,Standard CPR,Not applicable,Not applicable,Standard CPR; Wide CPR rules not applied
DCMSRIND,EQ,DCM SHRIRAM IND LTD,160.76,161.73,159.39,159.74,28644,4593815.93,20251113,162.5,159.56,160.27,160.77666666666667,161.03,160.52333333333334,161.03,160.52333333333334,0.5066666666666606,0.31613319190532263,Moderate,Bearish,Below CPR,Cash Only,Diversified,False,False,False,0.43333333333333335,60,14313850.635000002,True,True,Lower,True,Neutral,False,None,6.0614285714285705,167.8334,,0.08358865582527987,0.3209350193138996,False,False,No setup,0.0,None,None,0,No active J-Curve setup.,Neutral,0,Not applicable,No directional setup; confirmation score not applicable.,Standard CPR,Not applicable,Not applicable,Standard CPR; Wide CPR rules not applied
DWARKESH,EQ,DWARIKESH SUGAR IND LTD,42.24,42.33,41.5,41.65,255027,10696297.33,20251113,42.66,42.0,42.13,42.26333333333333,42.33,42.19666666666666,42.33,42.19666666666666,0.13333333333333997,0.31648073423531914,Moderate,Bearish,Below CPR,Cash Only,Diversified,False,False,False,0.3333333333333333,60,12929292.605,True,True,Inside,True,Neutral,False,None,1.3864285714285711,43.1344,,0.09617035892152292,0.8272917673673454,False,False,No setup,0.0,None,None,0,No active J-Curve setup.,Neutral,0,Not applicable,No directional setup; confirmation score not applicable.,Standard CPR,Not applicable,Not applicable,Standard CPR; Wide CPR rules not applied
SURAKSHA,EQ,SURAKSHA DIAGNOSTIC LTD,309.3,316.8,304.6,310.1,36789,11334923.85,20251113,313.65,307.9,309.3,310.2833333333333,310.775,309.79166666666663,310.775,309.79166666666663,0.9833333333333485,0.31792218989115695,Moderate,Bearish,Inside CPR,Cash Only,Diversified,False,False,False,0.4,60,10936383.775,False,False,Lower,True,Neutral,False,None,9.607142857142852,308.844,,0.10235439900867573,1.0364416687635853,True,False,No setup,0.0,None,None,0,No active J-Curve setup.,Neutral,0,Not applicable,No directional setup; confirmation score not applicable.,Standard CPR,Not applicable,Not applicable,Standard CPR; Wide CPR rules not applied
OSWALGREEN,EQ,OSWAL GREENTECH LIMITED,36.96,37.24,36.27,36.4,206265,7561496.66,20251113,37.2,36.53,36.69,36.806666666666665,36.865,36.74833333333333,36.865,36.74833333333333,0.11666666666667425,0.3179794676115406,Moderate,Bearish,Below CPR,Cash Only,Diversified,False,False,False,0.38333333333333336,60,7151463.945,False,False,Overlapping,True,Neutral,False,None,1.0064285714285721,39.1634,,0.11592145729832777,1.057335493565157,False,False,No setup,0.0,None,None,0,No active J-Curve setup.,Neutral,0,Not applicable,No directional setup; confirmation score not applicable.,Standard CPR,Not applicable,Not applicable,Standard CPR; Wide CPR rules not applied
PRIVISCL,EQ,PRIVI SPECIALITY CHE LTD,3301.2,3310.1,3226.4,3250.4,70326,228942489.1,20251113,3355.9,3278.0,3301.2,3311.6999999999994,3316.95,3306.449999999999,3316.95,3306.449999999999,10.50000000000091,0.3180661577608418,Moderate,Bearish,Below CPR,Cash Only,Diversified,False,False,False,0.36666666666666664,60,156932413.8,True,False,Lower,True,Neutral,False,Bearish Virgin,115.40714285714287,2631.722,,0.09098223680139426,1.4588604326941155,True,False,No setup,0.0,None,None,0,No active J-Curve setup.,Neutral,0,Not applicable,No directional setup; confirmation score not applicable.,Standard CPR,Not applicable,Not applicable,Standard CPR; Wide CPR rules not applied
POWERGRID,EQ,POWER GRID CORP. LTD.,267.1,270.45,265.65,269.85,12573141,3382260843.95,20251113,270.25,266.5,267.1,267.95,268.375,267.525,268.375,267.525,0.8500000000000227,0.318232871583685,Moderate,Bearish,Above CPR,Cash Only,Power,True,False,False,0.6333333333333333,60,3071875625.925,False,False,Higher,True,Neutral,False,None,5.5821428571428555,284.82800000000003,,0.1522712731925825,1.1010409456051908,False,False,No setup,0.0,None,None,0,No active J-Curve setup.,Neutral,0,Not applicable,No directional setup; confirmation score not applicable.,Standard CPR,Not applicable,Not applicable,Standard CPR; Wide CPR rules not applied
UNIVASTU,EQ,UNIVASTU INDIA LIMITED,70.0,70.0,66.51,67.82,27223,1856081.03,20251113,69.7,65.75,68.05,67.83333333333333,67.725,67.94166666666666,67.94166666666666,67.725,0.21666666666666856,0.3183933382316952,Moderate,Bullish,Inside CPR,Cash Only,Diversified,False,False,False,0.25,60,4194111.525,False,False,Higher,True,Neutral,True,Bullish Virgin,3.2592857142857143,171.2848,,0.06647673314340038,0.4425445100676001,False,False,Watch Long,0.0,None,None,0,No active J-Curve setup.,Long,36,Weak confirmation,CPR width: 0.3184% (12/20); Price location: Inside CPR; watch state (10/20); Trend: opposes SMA direction (0/20); Participation: light (0.44x) (4/20); Higher timeframe: unavailable (10/20),Standard CPR,Not applicable,Not applicable,Standard CPR; Wide CPR rules not applied
GRINFRA,EQ,G R INFRAPROJECTS LIMITED,1122.2,1142.8,1103.1,1109.7,19013,21200831.8,20251113,1146.0,1125.0,1130.1,1133.7,1135.5,1131.9,1135.5,1131.9,3.599999999999909,0.31855588001061047,Moderate,Bearish,Below CPR,Cash Only,Infrastructure,False,False,False,0.5,60,15172945.75,False,False,Outside,True,Neutral,False,None,29.678571428571427,1234.088,,0.12129963898916661,1.3972785607567337,False,False,No setup,0.0,None,None,0,No active J-Curve setup.,Neutral,0,Not applicable,No directional setup; confirmation score not applicable.,Standard CPR,Not applicable,Not applicable,Standard CPR; Wide CPR rules not applied
FINPIPE,EQ,FINOLEX INDUSTRIES LTD,186.21,187.7,184.51,187.14,674508,125818767.63,20251113,189.0,185.2,186.21,186.8033333333333,187.1,186.50666666666663,187.1,186.50666666666663,0.5933333333333621,0.3186366646975791,Moderate,Bearish,Above CPR,Cash Only,Building Materials & Pipes,False,False,False,0.5333333333333333,60,109801726.03999999,True,False,Overlapping,True,Neutral,False,None,3.837142857142855,200.3062,,0.154628940183676,1.1458724026265772,False,False,No setup,0.0,None,None,0,No active J-Curve setup.,Neutral,0,Not applicable,No directional setup; confirmation score not applicable.,Standard CPR,Not applicable,Not applicable,Standard CPR; Wide CPR rules not applied
KPIGREEN,EQ,KPI GREEN ENERGY LIMITED,486.0,487.95,470.0,472.05,685965,328162708.75,20251113,492.45,484.0,485.9,487.45,488.225,486.67499999999995,488.225,486.67499999999995,1.5500000000000682,0.31899567812308466,Moderate,Bearish,Below CPR,Cash Only,Diversified,False,False,False,0.35,60,260804693.45,True,False,Overlapping,True,Neutral,False,None,16.63571428571428,480.95599999999996,,0.09317303563761685,1.2582699506246176,False,False,No setup,0.0,None,None,0,No active J-Curve setup.,Neutral,0,Not applicable,No directional setup; confirmation score not applicable.,Standard CPR,Not applicable,Not applicable,Standard CPR; Wide CPR rules not applied
PRSMJOHNSN,EQ,PRISM JOHNSON LIMITED,142.5,144.77,141.7,142.22,245545,35062489.58,20251113,144.83,142.0,142.73,143.1866666666667,143.41500000000002,142.95833333333337,143.41500000000002,142.95833333333337,0.45666666666664923,0.3199514234335103,Moderate,Bearish,Below CPR,Cash Only,Diversified,False,False,False,0.4166666666666667,60,25941485.05,False,False,Overlapping,True,Neutral,False,None,5.515714285714291,153.0846,,0.08279374946041289,1.3515991668333573,False,False,No setup,0.0,None,None,0,No active J-Curve setup.,Neutral,0,Not applicable,No directional setup; confirmation score not applicable.,Standard CPR,Not applicable,Not applicable,Standard CPR; Wide CPR rules not applied
AKG,EQ,AKG EXIM LIMITED,12.69,12.72,12.45,12.51,121974,1526809.08,20251113,12.75,12.35,12.49,12.530000000000001,12.55,12.510000000000002,12.55,12.510000000000002,0.03999999999999915,0.32025620496396434,Moderate,Bearish,Below CPR,Cash Only,Diversified,False,False,False,0.26666666666666666,60,599496.45,True,True,Lower,True,Neutral,False,None,0.5257142857142858,12.963799999999999,,0.0760869565217375,2.546819218028731,False,False,No setup,0.0,None,None,0,No active J-Curve setup.,Neutral,0,Not applicable,No directional setup; confirmation score not applicable.,Standard CPR,Not applicable,Not applicable,Standard CPR; Wide CPR rules not applied
SANDESH,EQ,SANDESH LTD,1174.0,1189.6,1151.0,1170.7,1615,1886726.2,20251113,1231.2,1171.5,1195.6,1199.4333333333332,1201.35,1197.5166666666664,1201.35,1197.5166666666664,3.833333333333485,0.32062005129922094,Moderate,Bearish,Below CPR,Cash Only,Diversified,False,False,False,0.6,60,936671.55,False,False,Higher,True,Neutral,False,None,31.71428571428573,1184.164,,0.1208708708708756,2.0142879326269703,False,False,No setup,0.0,None,None,0,No active J-Curve setup.,Neutral,0,Not applicable,No directional setup; confirmation score not applicable.,Standard CPR,Not applicable,Not applicable,Standard CPR; Wide CPR rules not applied
NAHARSPING,EQ,NAHAR SPINNING MILLS LTD.,212.0,217.0,209.0,209.71,25040,5314446.82,20251113,210.91,205.02,208.97,208.29999999999998,207.965,208.63499999999996,208.63499999999996,207.965,0.6699999999999591,0.3206201847154898,Moderate,Bullish,Above CPR,Cash Only,Textiles & Apparel,False,False,False,0.4166666666666667,60,3289723.465,False,False,Higher,True,Neutral,False,Bullish Virgin,5.973571428571428,209.08579999999998,,0.11216070787994055,1.6154691652783042,True,False,No setup,0.0,None,None,0,No active J-Curve setup.,Neutral,0,Not applicable,No directional setup; confirmation score not applicable.,Standard CPR,Not applicable,Not applicable,Standard CPR; Wide CPR rules not applied
AUTOAXLES,EQ,AUTOMOTIVE AXLES LIMITED,1672.0,1685.0,1649.7,1656.7,2920,4860873.7,20251113,1689.9,1668.0,1670.9,1676.2666666666667,1678.95,1673.5833333333333,1678.95,1673.5833333333333,5.366666666666788,0.32118419215194133,Moderate,Bearish,Below CPR,Cash Only,Automobile & Ancillary,False,False,False,0.5666666666666667,60,8342498.050000001,False,False,Lower,True,Neutral,False,None,37.67142857142859,1726.92,,0.1424598660093572,0.5826640498885103,False,False,No setup,0.0,None,None,0,No active J-Curve setup.,Neutral,0,Not applicable,No directional setup; confirmation score not applicable.,Standard CPR,Not applicable,Not applicable,Standard CPR; Wide CPR rules not applied
KPRMILL,EQ,KPR MILL LTD.,1100.0,1108.2,1080.3,1089.7,570830,622861046.9,20251113,1109.0,1059.1,1089.3,1085.8,1084.05,1087.55,1087.55,1084.05,3.5,0.32130726154411093,Moderate,Bullish,Above CPR,Cash Only,Textiles,True,False,False,0.35,60,226339055.47500002,False,False,Overlapping,True,Neutral,False,None,41.335714285714275,1053.1589999999999,,0.0846725419042682,2.7518938152006083,True,False,No setup,0.0,None,Ready,66,"🪝 J-Curve Ready (The Hook): Support defense at Monthly/Weekly CPR level with institutional absorption (2.8x volume). Coiling inside band (₹1,084.05 - ₹1,087.55), closed above Central Pivot (₹1,085.80). Probe long setup ahead of crowd with invalidation below CPR Bottom (₹1,084.05).",Neutral,0,Not applicable,No directional setup; confirmation score not applicable.,Standard CPR,Not applicable,Not applicable,Standard CPR; Wide CPR rules not applied
LXCHEM,EQ,LAXMI ORGANIC INDUS LTD,189.47,191.7,188.0,188.31,185942,35312321.38,20251113,191.87,188.74,189.39,190.0,190.305,189.695,190.305,189.695,0.6100000000000136,0.3220866994033548,Moderate,Bearish,Below CPR,Cash Only,Chemicals & Fertilizers,False,False,False,0.3333333333333333,60,116694524.66499999,False,False,Overlapping,True,Neutral,False,None,4.71642857142857,207.7132,,0.12933515068908366,0.30260478356951714,False,False,No setup,0.0,None,None,0,No active J-Curve setup.,Neutral,0,Not applicable,No directional setup; confirmation score not applicable.,Standard CPR,Not applicable,Not applicable,Standard CPR; Wide CPR rules not applied
RTNPOWER,EQ,RATTANINDIA POWER LIMITED,10.32,10.54,10.22,10.28,14163697,147230708.34,20251113,10.46,10.3,10.33,10.363333333333335,10.38,10.34666666666667,10.38,10.34666666666667,0.03333333333333144,0.32268473701192096,Moderate,Bearish,Below CPR,Cash Only,Power & Utilities,False,False,False,0.36666666666666664,60,154085484.73000002,False,False,Higher,True,Neutral,False,None,0.3028571428571426,11.478599999999998,,0.11006289308175485,0.9555131594516416,False,False,No setup,0.0,None,None,0,No active J-Curve setup.,Neutral,0,Not applicable,No directional setup; confirmation score not applicable.,Standard CPR,Not applicable,Not applicable,Standard CPR; Wide CPR rules not applied
BBTC,EQ,BOMBAY BURMAH TRADING COR,1895.8,1902.5,1867.2,1873.3,40582,76060614.4,20251113,1919.7,1879.0,1890.2,1896.3,1899.35,1893.25,1899.35,1893.25,6.099999999999909,0.32271717278594375,Moderate,Bearish,Below CPR,Cash Only,Fast Moving Consumer Goods,True,False,False,0.36666666666666664,60,77402969.4,True,True,Overlapping,True,Neutral,False,None,52.442857142857214,1912.606,,0.11631707981476248,0.9826575774753158,False,False,No setup,0.0,None,None,0,No active J-Curve setup.,Neutral,0,Not applicable,No directional setup; confirmation score not applicable.,Standard CPR,Not applicable,Not applicable,Standard CPR; Wide CPR rules not applied
LUXIND,EQ,LUX INDUSTRIES LIMITED,1203.0,1219.0,1180.2,1187.8,30209,36337858.7,20251113,1215.0,1182.4,1192.9,1196.7666666666667,1198.7,1194.8333333333333,1198.7,1194.8333333333333,3.866666666666788,0.3241400508564664,Moderate,Bearish,Below CPR,Cash Only,Diversified,False,False,False,0.45,60,23538295.65,True,False,Inside,True,Neutral,False,None,28.37142857142859,1294.994,,0.13628734474656343,1.5437761187267611,False,False,No setup,0.0,None,None,0,No active J-Curve setup.,Neutral,0,Not applicable,No directional setup; confirmation score not applicable.,Standard CPR,Not applicable,Not applicable,Standard CPR; Wide CPR rules not applied
NATHBIOGEN,EQ,NATH BIO-GENES (I) LTD,166.95,169.7,163.8,165.13,12455,2071134.28,20251113,167.03,164.05,166.35,165.81000000000003,165.54000000000002,166.08000000000004,166.08000000000004,165.54000000000002,0.5400000000000205,0.32461677186655874,Moderate,Bullish,Below CPR,Cash Only,Healthcare & Pharma,False,False,False,0.38095238095238093,22,2424700.76,False,False,Lower,True,Neutral,False,None,5.624285714285717,,,0.09601219202438764,0.854181395975642,False,False,No setup,0.0,None,None,0,No active J-Curve setup.,Neutral,0,Not applicable,No directional setup; confirmation score not applicable.,Standard CPR,Not applicable,Not applicable,Standard CPR; Wide CPR rules not applied
BRIGHOTEL,EQ,BRIGADE HOTEL VENTURE LTD,80.1,80.61,79.75,79.94,100872,8072947.81,20251113,80.88,79.9,80.0,80.26,80.39,80.13000000000001,80.39,80.13000000000001,0.2599999999999909,0.32499999999998863,Moderate,Bearish,Below CPR,Cash Only,Hotels & Tourism,False,False,False,0.43333333333333335,60,19252166.740000002,False,False,Lower,True,Neutral,False,None,1.6571428571428573,82.5624,,0.15689655172413244,0.41932671366423035,False,False,No setup,0.0,None,None,0,No active J-Curve setup.,Neutral,0,Not applicable,No directional setup; confirmation score not applicable.,Standard CPR,Not applicable,Not applicable,Standard CPR; Wide CPR rules not applied
KALPATARU,EQ,KALPATARU LIMITED,374.4,374.4,366.55,368.4,16475,6081014.55,20251113,374.85,367.15,369.2,370.40000000000003,371.0,369.80000000000007,371.0,369.80000000000007,1.1999999999999318,0.3250270855904474,Moderate,Bearish,Below CPR,Cash Only,Diversified,False,False,False,0.45,60,15657807.825,False,False,Higher,True,Neutral,False,None,11.817857142857134,384.111,,0.10154125113326719,0.3883694715099749,False,False,No setup,0.0,None,None,0,No active J-Curve setup.,Neutral,0,Not applicable,No directional setup; confirmation score not applicable.,Standard CPR,Not applicable,Not applicable,Standard CPR; Wide CPR rules not applied
INDHOTEL,EQ,THE INDIAN HOTELS CO. LTD,706.95,720.35,705.0,717.7,4914713,3524129532.7,20251113,708.35,698.65,706.95,704.65,703.5,705.8,705.8,703.5,2.2999999999999545,0.32534125468561487,Moderate,Bullish,Above CPR,Cash Only,Consumer Services,True,False,False,0.5833333333333334,60,1680589896.55,False,False,Higher,True,Neutral,False,Bullish Virgin,15.542857142857144,743.467,,0.14797794117646765,2.0969598472146664,False,False,No setup,0.0,None,None,0,No active J-Curve setup.,Neutral,0,Not applicable,No directional setup; confirmation score not applicable.,Standard CPR,Not applicable,Not applicable,Standard CPR; Wide CPR rules not applied
CAMLINFINE,EQ,CAMLIN FINE SCIENCES LTD,170.03,176.09,168.08,170.65,489456,84406688.3,20251113,174.4,164.0,170.03,169.47666666666666,169.2,169.75333333333333,169.75333333333333,169.2,0.5533333333333417,0.32543276676665395,Moderate,Bullish,Above CPR,Cash Only,Diversified,False,False,False,0.29545454545454547,45,84406688.3,True,True,Lower,True,Neutral,False,None,8.28642857142857,,,0.06677585265638122,1.0,False,False,No setup,0.0,None,None,0,No active J-Curve setup.,Neutral,0,Not applicable,No directional setup; confirmation score not applicable.,Standard CPR,Not applicable,Not applicable,Standard CPR; Wide CPR rules not applied
RELCHEMQ,EQ,RELIANCE CHEMOTEX IND LTD,148.27,150.48,145.0,145.93,10784,1588111.93,20251113,151.46,148.02,149.01,149.49666666666667,149.74,149.25333333333333,149.74,149.25333333333333,0.4866666666666788,0.3266000044739808,Moderate,Bearish,Below CPR,Cash Only,Chemicals & Fertilizers,False,False,False,0.38333333333333336,60,468350.97,False,False,Inside,True,Neutral,False,None,4.7492857142857146,156.99859999999998,,0.10247154960645966,3.39085863321688,False,False,No setup,0.0,None,None,0,No active J-Curve setup.,Neutral,0,Not applicable,No directional setup; confirmation score not applicable.,Standard CPR,Not applicable,Not applicable,Standard CPR; Wide CPR rules not applied
ALEMBICLTD,EQ,ALEMBIC LIMITED,100.0,103.0,100.0,100.95,529902,53851187.52,20251113,101.4,99.1,99.76,100.08666666666666,100.25,99.92333333333332,100.25,99.92333333333332,0.3266666666666822,0.3274525527933863,Moderate,Bearish,Above CPR,Cash Only,Diversified,False,False,False,0.5333333333333333,60,24069428.83,True,False,Overlapping,True,Neutral,False,None,2.5721428571428597,102.01520000000001,,0.12700175877071776,2.237327187958868,False,False,No setup,0.0,None,Ready,61,"🪝 J-Curve Ready (The Hook): Support defense at Monthly/Weekly CPR level with institutional absorption (2.2x volume). Coiling inside band (₹99.92 - ₹100.25), closed above Central Pivot (₹100.09). Probe long setup ahead of crowd with invalidation below CPR Bottom (₹99.92).",Neutral,0,Not applicable,No directional setup; confirmation score not applicable.,Standard CPR,Not applicable,Not applicable,Standard CPR; Wide CPR rules not applied
KMSUGAR,EQ,K M SUGAR MILLS LTD,27.7,27.78,27.35,27.46,36583,1007404.18,20251113,27.79,27.4,27.46,27.55,27.595,27.505000000000003,27.595,27.505000000000003,0.0899999999999963,0.3277494537508969,Moderate,Bearish,Below CPR,Cash Only,FMCG & Food Products,False,False,False,0.4666666666666667,60,1747403.465,True,False,Overlapping,True,Neutral,False,None,0.7471428571428572,28.068799999999996,,0.12045889101337937,0.5765149263910839,False,False,No setup,0.0,None,None,0,No active J-Curve setup.,Neutral,0,Not applicable,No directional setup; confirmation score not applicable.,Standard CPR,Not applicable,Not applicable,Standard CPR; Wide CPR rules not applied
STYLEBAAZA,EQ,BAAZAR STYLE RETAIL LTD,306.35,314.85,306.35,309.2,419311,130055414.15,20251113,311.95,301.05,305.0,306.0,306.5,305.5,306.5,305.5,1.0,0.32786885245901637,Moderate,Bearish,Above CPR,Cash Only,Diversified,False,False,False,0.3333333333333333,60,97552385.325,True,False,Lower,True,Neutral,False,Bearish Virgin,14.346428571428573,342.9560000000001,,0.06970375902414737,1.3331853825687066,False,False,No setup,0.0,None,None,0,No active J-Curve setup.,Neutral,0,Not applicable,No directional setup; confirmation score not applicable.,Standard CPR,Not applicable,Not applicable,Standard CPR; Wide CPR rules not applied
REDINGTON,EQ,REDINGTON LIMITED,296.25,306.8,293.15,296.5,8199682,2460463467.55,20251113,304.5,288.0,294.8,295.76666666666665,296.25,295.2833333333333,296.25,295.2833333333333,0.966666666666697,0.32790592492086057,Moderate,Bearish,Above CPR,Cash Only,Services,True,False,False,0.3333333333333333,60,554272516.395,False,False,Higher,True,Neutral,False,Bullish Virgin,12.378571428571432,269.4194,,0.07809194075784047,4.439086180121118,True,False,No setup,0.0,None,Ready,77,"🪝 J-Curve Ready (The Hook): Support defense at Monthly/Weekly CPR level with institutional absorption (4.4x volume). Coiling inside band (₹295.28 - ₹296.25), closed above Central Pivot (₹295.77). Probe long setup ahead of crowd with invalidation below CPR Bottom (₹295.28).",Neutral,0,Not applicable,No directional setup; confirmation score not applicable.,Standard CPR,Not applicable,Not applicable,Standard CPR; Wide CPR rules not applied
SWSOLAR,EQ,STRLNG & WIL REN ENE LTD,232.58,235.0,231.48,231.8,1083669,252333814.23,20251113,235.2,229.66,233.58,232.81333333333336,232.43,233.19666666666672,233.19666666666672,232.43,0.7666666666667084,0.3282244484402382,Moderate,Bullish,Below CPR,Cash Only,Power & Utilities,False,False,False,0.38333333333333336,60,339825153.525,False,False,Higher,True,Neutral,False,Bullish Virgin,8.333571428571428,246.0616,,0.09199737150367633,0.7425401316310639,False,False,No setup,0.0,None,None,0,No active J-Curve setup.,Neutral,0,Not applicable,No directional setup; confirmation score not applicable.,Standard CPR,Not applicable,Not applicable,Standard CPR; Wide CPR rules not applied
VIKASLIFE,EQ,VIKAS LIFECARE LIMITED,2.01,2.03,2.0,2.01,2383158,4808616.97,20251113,2.04,2.0,2.03,2.0233333333333334,2.02,2.026666666666667,2.026666666666667,2.02,0.006666666666666821,0.32840722495895674,Moderate,Bullish,Below CPR,Cash Only,Diversified,False,False,False,0.5666666666666667,60,7181534.975,False,False,Higher,True,Neutral,False,None,0.04499999999999999,2.1586000000000003,,0.1481481481481516,0.6695806657963119,False,False,No setup,0.0,None,None,0,No active J-Curve setup.,Neutral,0,Not applicable,No directional setup; confirmation score not applicable.,Standard CPR,Not applicable,Not applicable,Standard CPR; Wide CPR rules not applied
MOSCHIP,EQ,MOSCHIP TECHNOLOGIES LTD,232.5,232.5,227.0,227.7,799401,183152719.7,20251113,235.0,227.9,232.6,231.83333333333334,231.45,232.2166666666667,232.2166666666667,231.45,0.7666666666667084,0.3296073373459623,Moderate,Bullish,Below CPR,Cash Only,Diversified,False,False,False,0.15,60,937191502.19,False,False,Higher,True,Neutral,True,None,9.046428571428569,251.73460000000003,,0.08474799315699898,0.19542720913710207,False,False,No setup,0.0,None,None,0,No active J-Curve setup.,Neutral,0,Not applicable,No directional setup; confirmation score not applicable.,Standard CPR,Not applicable,Not applicable,Standard CPR; Wide CPR rules not applied
JAYNECOIND,EQ,JAYASWAL NECO INDUSTR LTD,73.7,78.1,73.21,76.24,10331647,790349952.72,20251113,74.47,72.44,73.82,73.57666666666667,73.455,73.69833333333334,73.69833333333334,73.455,0.2433333333333394,0.32963063307144325,Moderate,Bullish,Above CPR,Cash Only,Diversified,False,False,False,0.25,60,958820528.825,True,True,Higher,True,Neutral,True,Bullish Virgin,3.270000000000001,70.9732,,0.07441386340469093,0.8242939413161557,True,False,Long,0.5,None,None,0,No active J-Curve setup.,Long,66,Confirmed,CPR width: 0.3296% (12/20); Price location: Above CPR (20/20); Trend: partially aligned (1/2) (12/20); Participation: moderate (0.82x) (12/20); Higher timeframe: unavailable (10/20),Standard CPR,Not applicable,Not applicable,Standard CPR; Wide CPR rules not applied
NKIND,EQ,NK INDUSTRIES LTD,67.37,69.01,67.2,69.0,1716,118195.45,20251113,70.4,66.4,68.74,68.51333333333334,68.4,68.62666666666667,68.62666666666667,68.4,0.22666666666665947,0.329744932596246,Moderate,Bullish,Above CPR,Cash Only,Diversified,False,False,False,0.16666666666666666,60,99755.61499999999,True,True,Higher,True,Neutral,True,None,3.5642857142857127,70.3488,,0.06359385437541551,1.1848500959068822,False,False,Long,0.5,None,None,0,No active J-Curve setup.,Long,62,Mixed,CPR width: 0.3297% (12/20); Price location: Above CPR (20/20); Trend: opposes SMA direction (0/20); Participation: confirmed (1.18x) (20/20); Higher timeframe: unavailable (10/20),Standard CPR,Not applicable,Not applicable,Standard CPR; Wide CPR rules not applied
QUICKHEAL,EQ,QUICK HEAL TECH LTD,318.2,337.0,318.2,326.5,464955,153845366.35,20251113,326.6,312.95,318.2,319.25,319.775,318.725,319.775,318.725,1.0499999999999545,0.329981143934618,Moderate,Bearish,Above CPR,Cash Only,Diversified,False,False,False,0.21666666666666667,60,36410288.025000006,False,False,Higher,True,Neutral,True,Bullish Virgin,9.414285714285715,318.176,,0.11153262518967651,4.2253268154420205,True,False,No setup,0.0,None,None,0,No active J-Curve setup.,Neutral,0,Not applicable,No directional setup; confirmation score not applicable.,Standard CPR,Not applicable,Not applicable,Standard CPR; Wide CPR rules not applied
SIGACHI,EQ,SIGACHI INDUSTRIES LTD,35.6,36.5,34.1,35.33,1377414,49415900.18,20251113,36.49,35.77,36.31,36.190000000000005,36.13,36.25000000000001,36.25000000000001,36.13,0.12000000000000455,0.3304874690168123,Moderate,Bullish,Below CPR,Cash Only,Diversified,False,False,False,0.5166666666666667,60,99417546.495,False,False,Higher,True,Neutral,False,None,1.02,37.9446,,0.11764705882353386,0.497054110890629,False,False,No setup,0.0,None,None,0,No active J-Curve setup.,Neutral,0,Not applicable,No directional setup; confirmation score not applicable.,Standard CPR,Not applicable,Not applicable,Standard CPR; Wide CPR rules not applied
SHAREINDIA,EQ,SHARE IND. SECURITIES LTD,173.42,175.81,168.49,170.0,370089,63635683.99,20251113,175.55,173.01,173.42,173.99333333333334,174.28,173.70666666666668,174.28,173.70666666666668,0.5733333333333235,0.3306039288048227,Moderate,Bearish,Below CPR,Cash Only,Diversified,False,False,False,0.25,60,61650115.565,False,False,Overlapping,True,Neutral,True,None,7.305000000000005,160.1362,,0.0784850558977855,1.0322070511434247,True,False,No setup,0.0,None,None,0,No active J-Curve setup.,Neutral,0,Not applicable,No directional setup; confirmation score not applicable.,Standard CPR,Not applicable,Not applicable,Standard CPR; Wide CPR rules not applied
AARTISURF,EQ,AARTI SURFACTANTS LIMITED,469.15,477.0,463.1,466.0,4230,1986938.65,20251113,474.0,458.45,468.55,467.0,466.225,467.775,467.775,466.225,1.5499999999999545,0.33080781133282566,Moderate,Bullish,Below CPR,Cash Only,Diversified,False,False,False,0.45454545454545453,45,2181706.7,False,False,Overlapping,True,Neutral,False,None,21.407142857142855,,,0.07240573907240362,0.9107267489255085,False,False,No setup,0.0,None,None,0,No active J-Curve setup.,Neutral,0,Not applicable,No directional setup; confirmation score not applicable.,Standard CPR,Not applicable,Not applicable,Standard CPR; Wide CPR rules not applied
ANUP,EQ,THE ANUP ENGINEERING LTD,2405.1,2465.0,2405.1,2447.3,25082,61310111.8,20251113,2432.6,2378.4,2417.5,2409.5,2405.5,2413.5,2413.5,2405.5,8.0,0.3309203722854188,Moderate,Bullish,Above CPR,Cash Only,Diversified,False,False,False,0.43333333333333335,60,47013030.900000006,True,True,Higher,True,Neutral,False,Bullish Virgin,62.05000000000008,2347.232,,0.12892828364222383,1.3041088954764666,True,False,No setup,0.0,None,None,0,No active J-Curve setup.,Neutral,0,Not applicable,No directional setup; confirmation score not applicable.,Standard CPR,Not applicable,Not applicable,Standard CPR; Wide CPR rules not applied
PFS,EQ,PTC INDIA FIN SERV LTD,36.25,36.3,35.95,36.03,385936,13914509.02,20251113,36.4,36.0,36.02,36.14000000000001,36.2,36.08000000000001,36.2,36.08000000000001,0.11999999999999034,0.33314825097165557,Moderate,Bearish,Below CPR,Cash Only,Diversified,False,False,False,0.4,60,17061201.825000003,False,False,Outside,True,Neutral,False,None,1.3399999999999999,36.3952,,0.08955223880596294,0.8155644111548395,False,False,No setup,0.0,None,None,0,No active J-Curve setup.,Neutral,0,Not applicable,No directional setup; confirmation score not applicable.,Standard CPR,Not applicable,Not applicable,Standard CPR; Wide CPR rules not applied
MAXIND,EQ,MAX INDIA LIMITED,210.35,212.0,208.2,210.92,30266,6368684.59,20251113,210.29,205.88,207.05,207.74,208.08499999999998,207.39500000000004,208.08499999999998,207.39500000000004,0.6899999999999409,0.33325283747884127,Moderate,Bearish,Above CPR,Cash Only,Diversified,False,False,False,0.4,60,6959170.2,True,False,Overlapping,True,Neutral,False,Bullish Virgin,6.480000000000004,213.519,,0.1064814814814723,0.9151499973373262,False,False,No setup,0.0,None,None,0,No active J-Curve setup.,Neutral,0,Not applicable,No directional setup; confirmation score not applicable.,Standard CPR,Not applicable,Not applicable,Standard CPR; Wide CPR rules not applied
NUCLEUS,EQ,NUCLEUS SOFTWARE EXPORTS,980.0,980.6,958.2,963.7,14510,14055141.2,20251113,989.1,972.3,975.8,979.0666666666666,980.7,977.4333333333332,980.7,977.4333333333332,3.266666666666879,0.33476805356291034,Moderate,Bearish,Below CPR,Cash Only,Diversified,False,False,False,0.5333333333333333,60,11823354.55,False,False,Lower,True,Neutral,False,Bearish Virgin,28.81785714285718,1014.789,,0.11335564093031664,1.1887608665173623,False,False,No setup,0.0,None,None,0,No active J-Curve setup.,Neutral,0,Not applicable,No directional setup; confirmation score not applicable.,Standard CPR,Not applicable,Not applicable,Standard CPR; Wide CPR rules not applied
ROTO,EQ,ROTO PUMPS LIMITED,62.91,66.39,62.1,64.59,399750,25851448.82,20251113,65.7,64.5,65.43,65.21,65.1,65.32,65.32,65.1,0.21999999999999886,0.3362372000611323,Moderate,Bullish,Below CPR,Cash Only,Diversified,False,False,False,0.35,60,12907837.79,False,False,Higher,True,Neutral,False,None,2.1278571428571427,75.483,,0.10339039946290648,2.00277143550934,False,False,No setup,0.0,None,None,0,No active J-Curve setup.,Neutral,0,Not applicable,No directional setup; confirmation score not applicable.,Standard CPR,Not applicable,Not applicable,Standard CPR; Wide CPR rules not applied
NILAINFRA,EQ,NILA INFRASTRUCTURES LTD,9.81,9.9,9.65,9.66,439948,4286767.19,20251113,10.09,9.81,9.9,9.933333333333332,9.95,9.916666666666664,9.95,9.916666666666664,0.03333333333333499,0.33670033670035343,Moderate,Bearish,Below CPR,Cash Only,Real Estate & Infra,False,False,False,0.4,60,4260839.98,False,False,Lower,True,Neutral,False,Bearish Virgin,0.2821428571428571,10.245,,0.11814345991561771,1.0060849996999888,False,False,No setup,0.0,None,None,0,No active J-Curve setup.,Neutral,0,Not applicable,No directional setup; confirmation score not applicable.,Standard CPR,Not applicable,Not applicable,Standard CPR; Wide CPR rules not applied
GULFOILLUB,EQ,GULF OIL LUB. IND. LTD.,1226.7,1227.4,1217.0,1219.6,25064,30614807.1,20251113,1255.9,1209.9,1226.7,1230.8333333333333,1232.9,1228.7666666666664,1232.9,1228.7666666666664,4.133333333333667,0.3369473655607456,Moderate,Bearish,Below CPR,Cash Only,Energy & Oil/Gas,False,False,False,0.5166666666666667,60,59988271.45,False,False,Higher,True,Neutral,False,Bullish Virgin,27.250000000000018,1242.508,,0.15168195718655647,0.510346545416254,False,False,No setup,0.0,None,None,0,No active J-Curve setup.,Neutral,0,Not applicable,No directional setup; confirmation score not applicable.,Standard CPR,Not applicable,Not applicable,Standard CPR; Wide CPR rules not applied
TVSSCS,EQ,TVS SUPPLY CHAIN SOL L,125.0,125.83,124.75,125.24,329372,41250973.36,20251113,125.8,123.41,125.24,124.81666666666666,124.60499999999999,125.02833333333334,125.02833333333334,124.60499999999999,0.4233333333333462,0.3380176727350257,Moderate,Bullish,Above CPR,Cash Only,Diversified,False,False,False,0.5166666666666667,60,54046735.150000006,False,False,Higher,True,Neutral,False,Bullish Virgin,2.6135714285714298,128.2924,,0.16197503871732288,0.7632463505059657,False,False,No setup,0.0,None,None,0,No active J-Curve setup.,Neutral,0,Not applicable,No directional setup; confirmation score not applicable.,Standard CPR,Not applicable,Not applicable,Standard CPR; Wide CPR rules not applied
CASTROLIND,EQ,CASTROL INDIA LIMITED,190.21,194.84,190.21,192.25,1836360,354744788.86,20251113,192.4,189.95,190.21,190.85333333333335,191.175,190.5316666666667,191.175,190.5316666666667,0.6433333333333167,0.33822266617597213,Moderate,Bearish,Above CPR,Cash Only,Oil Gas & Consumable Fuels,True,False,False,0.65,60,222132337.76,False,False,Overlapping,True,Neutral,False,None,2.9850000000000017,198.6642,,0.2155220547180289,1.596997503547995,False,False,No setup,0.0,None,Ready,56,"🪝 J-Curve Ready (The Hook): Support defense at Monthly/Weekly CPR level with 1.6x volume. Coiling inside band (₹190.53 - ₹191.18), closed above Central Pivot (₹190.85). Probe long setup ahead of crowd with invalidation below CPR Bottom (₹190.53).",Neutral,0,Not applicable,No directional setup; confirmation score not applicable.,Standard CPR,Not applicable,Not applicable,Standard CPR; Wide CPR rules not applied
SOLARINDS,EQ,SOLAR INDUSTRIES (I) LTD,14145.0,14145.0,13712.0,13759.0,114341,1586406497.0,20251113,14245.0,13780.0,14084.0,14036.333333333334,14012.5,14060.166666666668,14060.166666666668,14012.5,47.66666666666788,0.3384455173719673,Moderate,Bullish,Below CPR,Cash Only,Chemicals,True,False,False,0.5166666666666667,60,1211929335.5,True,True,Higher,True,Neutral,False,None,359.7857142857143,14015.9,,0.1324862682813878,1.308992571209198,False,False,No setup,0.0,None,None,0,No active J-Curve setup.,Neutral,0,Not applicable,No directional setup; confirmation score not applicable.,Standard CPR,Not applicable,Not applicable,Standard CPR; Wide CPR rules not applied
JUBLFOOD,EQ,JUBILANT FOODWORKS LTD,585.5,588.75,570.95,573.5,2703484,1561536147.4,20251113,586.65,578.0,585.3,583.3166666666667,582.325,584.3083333333334,584.3083333333334,582.325,1.9833333333333485,0.3388575659206131,Moderate,Bullish,Below CPR,Cash Only,Consumer Services,True,False,False,0.5166666666666667,60,811009981.075,False,False,Overlapping,True,Neutral,False,None,13.503571428571417,612.562,,0.1468747244996927,1.9254216148242365,False,False,No setup,0.0,None,None,0,No active J-Curve setup.,Neutral,0,Not applicable,No directional setup; confirmation score not applicable.,Standard CPR,Not applicable,Not applicable,Standard CPR; Wide CPR rules not applied
AURIONPRO,EQ,AURIONPRO SOLN LTD,1120.8,1133.9,1094.0,1098.0,154549,172321889.2,20251113,1142.0,1111.0,1120.8,1124.6000000000001,1126.5,1122.7000000000003,1126.5,1122.7000000000003,3.799999999999727,0.3390435403283126,Moderate,Bearish,Below CPR,Cash Only,Diversified,False,False,False,0.3,60,164737493.15,False,False,Overlapping,True,Neutral,False,None,39.592857142857106,1187.4,,0.09597690781164754,1.0460392828916856,False,False,No setup,0.0,None,None,0,No active J-Curve setup.,Neutral,0,Not applicable,No directional setup; confirmation score not applicable.,Standard CPR,Not applicable,Not applicable,Standard CPR; Wide CPR rules not applied
NECCLTD,EQ,NORTH EAST CARRY CORP LTD,21.6,21.61,21.32,21.45,28243,606483.79,20251113,22.25,20.75,21.61,21.536666666666665,21.5,21.57333333333333,21.57333333333333,21.5,0.07333333333333059,0.33934906679005367,Moderate,Bullish,Below CPR,Cash Only,Diversified,False,False,False,0.3333333333333333,60,1307518.145,False,False,Higher,True,Neutral,False,Bullish Virgin,1.0171428571428573,20.928,,0.07209737827715085,0.463843497942432,True,False,No setup,0.0,None,None,0,No active J-Curve setup.,Neutral,0,Not applicable,No directional setup; confirmation score not applicable.,Standard CPR,Not applicable,Not applicable,Standard CPR; Wide CPR rules not applied
ZYDUSWELL,EQ,ZYDUS WELLNESS LIMITED,460.0,466.0,455.8,457.35,135002,62358479.55,20251113,464.05,453.15,460.95,459.3833333333334,458.6,460.16666666666674,460.16666666666674,458.6,1.5666666666667197,0.33987778862495277,Moderate,Bullish,Below CPR,Cash Only,Fast Moving Consumer Goods,True,False,False,0.25,60,115254944.125,False,False,Higher,True,Neutral,True,None,15.153571428571395,951.3240000000001,,0.10338596904706163,0.5410481955756187,False,False,No setup,0.0,None,None,0,No active J-Curve setup.,Neutral,0,Not applicable,No directional setup; confirmation score not applicable.,Standard CPR,Not applicable,Not applicable,Standard CPR; Wide CPR rules not applied
RAJRATAN,EQ,RAJRATAN GLOBAL WIRE LTD,468.8,498.0,466.45,488.05,581135,283450096.2,20251113,480.0,454.25,464.75,466.3333333333333,467.125,465.54166666666663,467.125,465.54166666666663,1.5833333333333712,0.3406849560695796,Moderate,Bearish,Above CPR,Cash Only,Diversified,False,False,False,0.4,60,33412047.175,True,False,Lower,True,Neutral,False,None,28.757142857142856,362.955,,0.055058784566982606,8.483469890826886,True,False,No setup,0.0,None,None,0,No active J-Curve setup.,Neutral,0,Not applicable,No directional setup; confirmation score not applicable.,Standard CPR,Not applicable,Not applicable,Standard CPR; Wide CPR rules not applied
BALAJITELE,EQ,BALAJI TELEFILMS LIMITED.,118.7,125.9,118.37,123.76,559668,69078421.38,20251113,119.1,116.15,118.23,117.82666666666667,117.625,118.02833333333334,118.02833333333334,117.625,0.403333333333336,0.3411429699173949,Moderate,Bullish,Above CPR,Cash Only,Diversified,False,False,False,0.2222222222222222,46,24402063.955,True,False,Lower,True,Neutral,True,None,6.7285714285714295,,,0.059943382873319566,2.8308433871572483,False,False,No setup,0.0,None,None,0,No active J-Curve setup.,Neutral,0,Not applicable,No directional setup; confirmation score not applicable.,Standard CPR,Not applicable,Not applicable,Standard CPR; Wide CPR rules not applied
BEML,EQ,BEML LIMITED,2009.2,2026.8,1981.0,1985.1,181583,362240651.5,20251113,2038.0,2001.0,2009.2,2016.0666666666666,2019.5,2012.6333333333332,2019.5,2012.6333333333332,6.866666666666788,0.3417612316676681,Moderate,Bearish,Below CPR,Cash Only,Capital Goods,True,False,False,0.4166666666666667,60,840347156.75,False,False,Outside,True,Neutral,False,None,248.88571428571439,3935.3579999999997,,0.02758963762292934,0.43106072126304007,False,False,No setup,0.0,None,None,0,No active J-Curve setup.,Neutral,0,Not applicable,No directional setup; confirmation score not applicable.,Standard CPR,Not applicable,Not applicable,Standard CPR; Wide CPR rules not applied
SPORTKING,EQ,SPORTKING INDIA LIMITED,103.0,103.0,100.25,100.28,49720,5025037.63,20251113,105.0,100.87,102.41,102.75999999999999,102.935,102.58499999999998,102.935,102.58499999999998,0.35000000000002274,0.3417634996582587,Moderate,Bearish,Below CPR,Cash Only,Logistics & Ports,False,False,False,0.4166666666666667,60,10137836.215,False,False,Higher,True,Neutral,False,None,2.855,103.2132,,0.12259194395797644,0.49567161309677954,False,False,No setup,0.0,None,None,0,No active J-Curve setup.,Neutral,0,Not applicable,No directional setup; confirmation score not applicable.,Standard CPR,Not applicable,Not applicable,Standard CPR; Wide CPR rules not applied
STYRENIX,EQ,STYRENIX PERFORMANCE LTD,2327.5,2360.0,2275.0,2328.6,204438,474426482.6,20251113,2388.0,2318.9,2365.6,2357.5,2353.45,2361.55,2361.55,2353.45,8.100000000000364,0.3424078457896671,Moderate,Bullish,Below CPR,Cash Only,Automobile & Ancillary,False,False,False,0.4666666666666667,60,70323322.75,False,False,Higher,True,Neutral,False,None,69.9142857142858,2463.076,,0.11585615038823556,6.746360439858482,False,False,No setup,0.0,None,None,0,No active J-Curve setup.,Neutral,0,Not applicable,No directional setup; confirmation score not applicable.,Standard CPR,Not applicable,Not applicable,Standard CPR; Wide CPR rules not applied
GILLETTE,EQ,GILLETTE INDIA LTD,8509.5,8519.5,8362.0,8463.5,41913,353912706.0,20251113,8627.5,8304.0,8509.5,8480.333333333334,8465.75,8494.916666666668,8494.916666666668,8465.75,29.16666666666788,0.34275417670448177,Moderate,Bullish,Below CPR,Cash Only,Fast Moving Consumer Goods,True,False,False,0.5333333333333333,60,193559499.0,False,False,Higher,True,Neutral,False,None,228.75,9500.4,,0.12750455373406724,1.8284440072868757,False,False,No setup,0.0,None,None,0,No active J-Curve setup.,Neutral,0,Not applicable,No directional setup; confirmation score not applicable.,Standard CPR,Not applicable,Not applicable,Standard CPR; Wide CPR rules not applied
VENTIVE,EQ,VENTIVE HOSPITALITY LTD,733.0,758.0,728.0,749.3,147504,109779719.95,20251113,728.0,712.05,723.75,721.2666666666668,720.025,722.5083333333336,722.5083333333336,720.025,2.483333333333576,0.3431203223949673,Moderate,Bullish,Above CPR,Cash Only,Diversified,False,False,False,0.36666666666666664,60,54444633.974999994,False,False,Higher,True,Neutral,False,Bullish Virgin,17.45714285714285,736.935,,0.14225313693400196,2.0163551838810947,True,False,No setup,0.0,None,Liftoff,80,🚀 J-Curve Liftoff: Decisive kinetic breakout above CPR Top (₹722.51) with strong 2.0x volume. Ascending Higher CPR overlay and +0 confluence. Momentum continuation target expansion above ₹722.51 with stop below Pivot (₹721.27).,Neutral,0,Not applicable,No directional setup; confirmation score not applicable.,Standard CPR,Not applicable,Not applicable,Standard CPR; Wide CPR rules not applied
BAYERCROP,EQ,BAYER CROPSCIENCE LTD,4545.9,4567.2,4497.0,4521.9,32409,146660958.5,20251113,4534.6,4431.0,4506.0,4490.533333333334,4482.8,4498.266666666667,4498.266666666667,4482.8,15.466666666667152,0.34324604231396255,Moderate,Bullish,Above CPR,Cash Only,Chemicals,True,False,False,0.5166666666666667,60,103867775.05,False,False,Lower,True,Neutral,False,None,125.08571428571427,4986.634,,0.12364854575910242,1.4119967278532748,False,False,No setup,0.0,None,None,0,No active J-Curve setup.,Neutral,0,Not applicable,No directional setup; confirmation score not applicable.,Standard CPR,Not applicable,Not applicable,Standard CPR; Wide CPR rules not applied
UNIDT,EQ,UNITED DRILLING TOOLS LTD,206.0,211.93,204.0,207.06,35722,7437387.08,20251113,207.0,199.0,201.96,202.65333333333334,203.0,202.30666666666667,203.0,202.30666666666667,0.693333333333328,0.3433023040866152,Moderate,Bearish,Above CPR,Cash Only,Diversified,False,False,False,0.38333333333333336,60,1593469.505,True,False,Higher,True,Neutral,False,Bullish Virgin,7.8671428571428565,199.2142,,0.08813025845893038,4.667417265697846,True,False,No setup,0.0,None,None,0,No active J-Curve setup.,Neutral,0,Not applicable,No directional setup; confirmation score not applicable.,Standard CPR,Not applicable,Not applicable,Standard CPR; Wide CPR rules not applied
OFSS,EQ,ORACLE FIN SERV SOFT LTD.,8380.5,8410.0,8286.5,8303.5,57121,477000444.5,20251113,8430.0,8271.5,8394.0,8365.166666666666,8350.75,8379.583333333332,8379.583333333332,8350.75,28.83333333333212,0.3434993249146071,Moderate,Bullish,Below CPR,Cash Only,Information Technology,True,False,False,0.43333333333333335,60,1000746878.75,False,False,Higher,True,Neutral,False,Bullish Virgin,147.03571428571428,8726.43,,0.19609748198525612,0.4766444488898187,False,False,No setup,0.0,None,None,0,No active J-Curve setup.,Neutral,0,Not applicable,No directional setup; confirmation score not applicable.,Standard CPR,Not applicable,Not applicable,Standard CPR; Wide CPR rules not applied
SANGHIIND,EQ,SANGHI INDUSTRIES LTD,64.86,65.15,63.5,64.32,100423,6493576.02,20251113,65.5,63.55,64.86,64.63666666666667,64.525,64.74833333333333,64.74833333333333,64.525,0.22333333333332916,0.34433138040907985,Moderate,Bullish,Below CPR,Cash Only,Diversified,False,False,False,0.6666666666666666,60,7156000.925,False,False,Higher,True,Neutral,False,None,1.7478571428571448,64.62379999999999,,0.12777550742405414,0.9074308525190695,False,False,No setup,0.0,None,None,0,No active J-Curve setup.,Neutral,0,Not applicable,No directional setup; confirmation score not applicable.,Standard CPR,Not applicable,Not applicable,Standard CPR; Wide CPR rules not applied
SASKEN,EQ,SASKEN TECHNOLOGIES LTD,1432.6,1440.0,1412.0,1417.0,10821,15422674.4,20251113,1460.0,1420.0,1432.6,1437.5333333333335,1440.0,1435.066666666667,1440.0,1435.066666666667,4.933333333332939,0.34436223183951836,Moderate,Bearish,Below CPR,Cash Only,Diversified,False,False,False,0.36666666666666664,60,15073140.350000001,True,False,Overlapping,True,Neutral,False,None,48.63571428571431,1422.47,,0.10143437607087842,1.0231891989249604,False,False,No setup,0.0,None,None,0,No active J-Curve setup.,Neutral,0,Not applicable,No directional setup; confirmation score not applicable.,Standard CPR,Not applicable,Not applicable,Standard CPR; Wide CPR rules not applied
GUJTHEM,EQ,GUJARAT THEMIS BIOSYN LTD,450.0,454.0,445.35,449.8,62498,28038858.9,20251113,454.25,441.0,449.95,448.40000000000003,447.625,449.17500000000007,449.17500000000007,447.625,1.5500000000000682,0.344482720302271,Moderate,Bullish,Above CPR,Cash Only,Diversified,False,False,False,0.35,60,42482209.3,False,False,Lower,True,Neutral,False,None,14.271428571428572,419.86,,0.10860860860861338,0.6600141414961674,True,False,No setup,0.0,None,None,0,No active J-Curve setup.,Neutral,0,Not applicable,No directional setup; confirmation score not applicable.,Standard CPR,Not applicable,Not applicable,Standard CPR; Wide CPR rules not applied
FIEMIND,EQ,FIEM INDUSTRIES LIMITED,2240.0,2294.5,2150.1,2163.4,386315,861374102.3,20251113,2149.0,2108.4,2139.8,2132.4,2128.7,2136.1000000000004,2136.1000000000004,2128.7,7.400000000000546,0.3458267127769205,Moderate,Bullish,Above CPR,Cash Only,Diversified,False,False,False,0.31666666666666665,60,175108940.9,True,True,Higher,True,Neutral,False,Bullish Virgin,60.228571428571385,2049.088,,0.12286527514232413,4.919075507354633,True,False,No setup,0.0,None,Liftoff,92,"🚀 J-Curve Liftoff: Decisive kinetic breakout above CPR Top (₹2,136.10) with massive 4.9x volume surge (NR7 Volatility Squeeze). Ascending Higher CPR overlay and +0 confluence. Momentum continuation target expansion above ₹2,136.10 with stop below Pivot (₹2,132.40).",Neutral,0,Not applicable,No directional setup; confirmation score not applicable.,Standard CPR,Not applicable,Not applicable,Standard CPR; Wide CPR rules not applied
AURUM,EQ,AURUM PROPTECH LIMITED,167.5,170.25,165.92,167.52,44609,7478207.05,20251113,171.88,167.02,168.57,169.15666666666667,169.45,168.86333333333334,169.45,168.86333333333334,0.5866666666666447,0.3480255482390963,Moderate,Bearish,Below CPR,Cash Only,Diversified,False,False,False,0.2833333333333333,60,8653480.6,False,False,Overlapping,True,Neutral,False,None,4.721428571428569,171.2284,,0.12425617750882043,0.8641848749276678,False,False,No setup,0.0,None,None,0,No active J-Curve setup.,Neutral,0,Not applicable,No directional setup; confirmation score not applicable.,Standard CPR,Not applicable,Not applicable,Standard CPR; Wide CPR rules not applied
ALOKINDS,EQ,ALOK INDUSTRIES LIMITED,17.2,17.47,17.14,17.26,3257207,56481003.5,20251113,17.44,17.14,17.2,17.26,17.29,17.230000000000004,17.29,17.230000000000004,0.05999999999999517,0.3488372093022975,Moderate,Bearish,Inside CPR,Cash Only,Diversified,False,False,False,0.55,60,69320496.935,False,False,Higher,True,Neutral,False,Bullish Virgin,0.2857142857142862,17.7744,,0.20999999999998273,0.8147807069669559,False,False,No setup,0.0,None,None,0,No active J-Curve setup.,Neutral,0,Not applicable,No directional setup; confirmation score not applicable.,Standard CPR,Not applicable,Not applicable,Standard CPR; Wide CPR rules not applied
SCHNEIDER,EQ,SCHNEIDER ELECTRIC INFRA,821.5,825.85,800.8,803.15,170670,137870754.9,20251113,825.0,809.1,821.35,818.4833333333332,817.05,819.9166666666665,819.9166666666665,817.05,2.8666666666665606,0.34901889166208805,Moderate,Bullish,Below CPR,Cash Only,Capital Goods,True,False,False,0.2727272727272727,45,83636991.95,False,False,Higher,True,Neutral,False,None,31.24285714285715,,,0.09175430574607188,1.6484422943190271,False,False,No setup,0.0,None,None,0,No active J-Curve setup.,Neutral,0,Not applicable,No directional setup; confirmation score not applicable.,Standard CPR,Not applicable,Not applicable,Standard CPR; Wide CPR rules not applied
RANASUG,EQ,RANA SUGARS LTD.,14.22,14.54,14.22,14.34,97621,1402938.88,20251113,14.55,14.2,14.3,14.35,14.375,14.325,14.375,14.325,0.05000000000000071,0.3496503496503546,Moderate,Bearish,Inside CPR,Cash Only,Diversified,False,False,False,0.31666666666666665,60,1713921.705,False,False,Overlapping,True,Neutral,False,None,0.3199999999999999,14.48,,0.15625000000000228,0.8185548242415192,False,False,No setup,0.0,None,None,0,No active J-Curve setup.,Neutral,0,Not applicable,No directional setup; confirmation score not applicable.,Standard CPR,Not applicable,Not applicable,Standard CPR; Wide CPR rules not applied
IGCL,EQ,INDOGULF CROPSCIENCES LTD,100.45,102.9,99.1,99.73,304916,30670539.38,20251113,102.43,99.86,101.68,101.32333333333334,101.14500000000001,101.50166666666667,101.50166666666667,101.14500000000001,0.3566666666666549,0.35077366902700124,Moderate,Bullish,Below CPR,Cash Only,Diversified,False,False,False,0.25,60,30759348.705,True,False,Higher,True,Neutral,True,None,2.962857142857146,106.1558,,0.12037929926068378,0.9971127696541389,False,False,No setup,0.0,None,None,0,No active J-Curve setup.,Neutral,0,Not applicable,No directional setup; confirmation score not applicable.,Standard CPR,Not applicable,Not applicable,Standard CPR; Wide CPR rules not applied
BANARISUG,EQ,BANNARI AMMAN SUGARS LTD,3613.2,3634.5,3600.0,3600.6,212,764683.7,20251113,3645.0,3590.0,3598.5,3611.1666666666665,3617.5,3604.833333333333,3617.5,3604.833333333333,12.66666666666697,0.3519985179009857,Moderate,Bearish,Below CPR,Cash Only,Diversified,False,False,False,0.6,60,2148045.85,False,False,Overlapping,True,Neutral,False,None,48.17857142857146,3574.738,,0.26291079812207185,0.3559903993669408,True,False,No setup,0.0,None,None,0,No active J-Curve setup.,Neutral,0,Not applicable,No directional setup; confirmation score not applicable.,Standard CPR,Not applicable,Not applicable,Standard CPR; Wide CPR rules not applied
ICICIGI,EQ,ICICI LOMBARD GIC LIMITED,2044.4,2064.9,2022.4,2033.8,652557,1334750584.7,20251113,2039.0,1996.7,2028.6,2021.4333333333332,2017.85,2025.0166666666664,2025.0166666666664,2017.85,7.166666666666515,0.35328140918202283,Moderate,Bullish,Above CPR,Cash Only,Financial Services,True,False,False,0.5333333333333333,60,1013078271.3499999,False,False,Higher,True,Neutral,False,Bullish Virgin,39.44285714285714,1929.726,,0.18169745261378342,1.3175197044956344,True,False,No setup,0.0,None,None,0,No active J-Curve setup.,Neutral,0,Not applicable,No directional setup; confirmation score not applicable.,Standard CPR,Not applicable,Not applicable,Standard CPR; Wide CPR rules not applied
ARCHIES,EQ,ARCHIES LTD,19.98,19.99,19.21,19.8,17411,342398.21,20251113,20.11,19.72,19.81,19.88,19.915,19.845,19.915,19.845,0.07000000000000028,0.3533568904593654,Moderate,Bearish,Below CPR,Cash Only,Diversified,False,False,False,0.2571428571428571,36,429935.94999999995,True,False,Higher,True,Neutral,False,None,0.7378571428571422,,,0.09486931268151064,0.7963935325715378,False,False,No setup,0.0,None,None,0,No active J-Curve setup.,Neutral,0,Not applicable,No directional setup; confirmation score not applicable.,Standard CPR,Not applicable,Not applicable,Standard CPR; Wide CPR rules not applied
BANSALWIRE,EQ,BANSAL WIRE INDUSTRIES L,315.85,318.4,311.45,313.2,63361,19982320.55,20251113,318.35,310.0,315.85,314.73333333333335,314.175,315.2916666666667,315.2916666666667,314.175,1.1166666666666742,0.35354334863595827,Moderate,Bullish,Below CPR,Cash Only,Diversified,False,False,False,0.43333333333333335,60,18974235.700000003,False,False,Inside,True,Neutral,False,None,11.178571428571425,335.65600000000006,,0.09989350372737026,1.053129141322936,False,False,No setup,0.0,None,None,0,No active J-Curve setup.,Neutral,0,Not applicable,No directional setup; confirmation score not applicable.,Standard CPR,Not applicable,Not applicable,Standard CPR; Wide CPR rules not applied
GOPAL,EQ,GOPAL SNACKS LIMITED,334.6,339.2,331.0,331.45,91685,30593282.8,20251113,340.0,332.65,334.55,335.73333333333335,336.325,335.1416666666667,336.325,335.1416666666667,1.1833333333332803,0.3537089622876342,Moderate,Bearish,Below CPR,Cash Only,Diversified,False,False,False,0.36666666666666664,60,39827497.55,True,False,Lower,True,Neutral,False,None,10.832142857142856,356.459,,0.10924277393119634,0.7681447412454866,False,False,No setup,0.0,None,None,0,No active J-Curve setup.,Neutral,0,Not applicable,No directional setup; confirmation score not applicable.,Standard CPR,Not applicable,Not applicable,Standard CPR; Wide CPR rules not applied
PODDARMENT,EQ,PODDAR PIGMENTS LIMITED,265.1,268.0,263.0,266.05,1787,473681.1,20251113,266.6,258.0,263.7,262.76666666666665,262.3,263.2333333333333,263.2333333333333,262.3,0.9333333333332803,0.3539375553027229,Moderate,Bullish,Above CPR,Cash Only,Diversified,False,False,False,0.45,60,826698.7250000001,False,False,Higher,True,Neutral,False,Bullish Virgin,8.957142857142852,279.188,,0.10419989367357202,0.5729791103766368,False,False,No setup,0.0,None,None,0,No active J-Curve setup.,Neutral,0,Not applicable,No directional setup; confirmation score not applicable.,Standard CPR,Not applicable,Not applicable,Standard CPR; Wide CPR rules not applied
DBREALTY,EQ,VALOR ESTATE LIMITED,144.25,157.2,142.41,152.73,10253856,1573162197.95,20251113,145.79,142.94,143.6,144.11,144.365,143.85500000000002,144.365,143.85500000000002,0.5099999999999909,0.3551532033426121,Moderate,Bearish,Above CPR,Cash Only,Real Estate & Infra,False,False,False,0.36666666666666664,60,128621492.2,False,False,Higher,True,Neutral,False,None,5.155000000000003,160.3254,,0.09893307468477025,12.230943453088006,False,False,No setup,0.0,None,None,0,No active J-Curve setup.,Neutral,0,Not applicable,No directional setup; confirmation score not applicable.,Standard CPR,Not applicable,Not applicable,Standard CPR; Wide CPR rules not applied
PASHUPATI,EQ,PASHUPATI COTSPIN LIMITED,820.0,825.0,805.0,808.3,1097,892657.15,20251113,822.1,809.75,811.6,814.4833333333332,815.925,813.0416666666665,815.925,813.0416666666665,2.8833333333334394,0.355265319533445,Moderate,Bearish,Below CPR,Cash Only,Diversified,False,False,False,0.5833333333333334,60,896227.125,False,False,Outside,True,Neutral,False,None,12.246428571428567,735.38,,0.23544279187324682,0.9960166626289068,True,False,No setup,0.0,None,None,0,No active J-Curve setup.,Neutral,0,Not applicable,No directional setup; confirmation score not applicable.,Standard CPR,Not applicable,Not applicable,Standard CPR; Wide CPR rules not applied
SULA,EQ,SULA VINEYARDS LIMITED,249.0,252.6,246.95,247.5,274478,68491840.7,20251113,251.4,247.05,247.9,248.78333333333333,249.22500000000002,248.34166666666664,249.22500000000002,248.34166666666664,0.8833333333333826,0.3563264757294807,Moderate,Bearish,Below CPR,Cash Only,Diversified,False,False,False,0.48333333333333334,60,108037898.195,False,False,Higher,True,Neutral,False,None,5.692857142857144,261.3686,,0.15516520284400695,0.6339612473428312,False,False,No setup,0.0,None,None,0,No active J-Curve setup.,Neutral,0,Not applicable,No directional setup; confirmation score not applicable.,Standard CPR,Not applicable,Not applicable,Standard CPR; Wide CPR rules not applied
ASHOKAMET,EQ,ASHOKA METCAST LIMITED,16.83,17.05,16.65,16.96,21645,363897.37,20251113,16.95,16.53,16.83,16.77,16.740000000000002,16.799999999999997,16.799999999999997,16.740000000000002,0.05999999999999517,0.35650623885915134,Moderate,Bullish,Above CPR,Cash Only,Diversified,False,False,False,0.5,60,394000.38,False,False,Higher,True,Neutral,False,None,0.417857142857143,16.9158,,0.14358974358973198,0.9235964950084565,True,False,No setup,0.0,None,None,0,No active J-Curve setup.,Neutral,0,Not applicable,No directional setup; confirmation score not applicable.,Standard CPR,Not applicable,Not applicable,Standard CPR; Wide CPR rules not applied
NCC,EQ,NCC LIMITED,186.8,187.8,184.0,184.18,7226291,1340240249.85,20251113,189.8,185.81,186.8,187.47000000000003,187.805,187.13500000000005,187.805,187.13500000000005,0.6699999999999591,0.35867237687363973,Moderate,Bearish,Below CPR,Cash Only,Construction,True,False,False,0.5333333333333333,60,381965593.52,False,False,Lower,True,Neutral,False,Bearish Virgin,5.7971428571428545,207.53040000000001,,0.11557417447017534,3.5087983645307674,False,False,No setup,0.0,None,None,0,No active J-Curve setup.,Neutral,0,Not applicable,No directional setup; confirmation score not applicable.,Standard CPR,Not applicable,Not applicable,Standard CPR; Wide CPR rules not applied
IRFC,EQ,INDIAN RAILWAY FIN CORP L,121.59,121.85,120.64,120.75,4559201,552670397.2,20251113,123.24,121.25,121.59,122.02666666666669,122.245,121.80833333333337,122.245,121.80833333333337,0.436666666666639,0.35913041094385967,Moderate,Bearish,Below CPR,Cash Only,Financial Services,True,False,False,0.5666666666666667,60,852812115.015,False,False,Higher,True,Neutral,False,None,1.9100000000000006,124.6338,,0.22862129144850202,0.6480564563629343,False,False,No setup,0.0,None,None,0,No active J-Curve setup.,Neutral,0,Not applicable,No directional setup; confirmation score not applicable.,Standard CPR,Not applicable,Not applicable,Standard CPR; Wide CPR rules not applied
SYMPHONY,EQ,SYMPHONY LIMITED,891.9,898.0,884.5,888.3,49412,44032934.55,20251113,901.6,890.0,891.0,894.1999999999999,895.8,892.5999999999999,895.8,892.5999999999999,3.2000000000000455,0.3591470258136976,Moderate,Bearish,Below CPR,Cash Only,Diversified,False,False,False,0.7333333333333333,60,38608002.95,False,False,Lower,True,Neutral,False,Bearish Virgin,27.335714285714282,918.93,,0.11706297360857236,1.1405131367977166,False,False,No setup,0.0,None,None,0,No active J-Curve setup.,Neutral,0,Not applicable,No directional setup; confirmation score not applicable.,Standard CPR,Not applicable,Not applicable,Standard CPR; Wide CPR rules not applied
ACMESOLAR,EQ,ACME SOLAR HOLDINGS LTD,255.0,255.0,247.95,251.05,928331,232967176.55,20251113,256.2,251.45,255.2,254.2833333333333,253.825,254.74166666666662,254.74166666666662,253.825,0.9166666666666288,0.35919540229883573,Moderate,Bullish,Below CPR,Cash Only,Power,True,False,False,0.31666666666666665,60,294704764.025,False,False,Inside,True,Neutral,False,None,8.575000000000005,285.391,,0.10689990281826568,0.7905103852689578,False,False,No setup,0.0,None,None,0,No active J-Curve setup.,Neutral,0,Not applicable,No directional setup; confirmation score not applicable.,Standard CPR,Not applicable,Not applicable,Standard CPR; Wide CPR rules not applied
BATAINDIA,EQ,BATA INDIA LTD,1060.0,1060.0,1044.0,1046.4,80430,84376100.4,20251113,1060.0,1043.6,1057.5,1053.7,1051.8,1055.6000000000001,1055.6000000000001,1051.8,3.800000000000182,0.35933806146573827,Moderate,Bullish,Below CPR,Cash Only,Consumer Durables,True,False,False,0.45,60,122420549.9,False,False,Higher,True,Neutral,False,None,22.842857142857156,1166.182,,0.1663539712320279,0.6892315094885879,False,False,No setup,0.0,None,None,0,No active J-Curve setup.,Neutral,0,Not applicable,No directional setup; confirmation score not applicable.,Standard CPR,Not applicable,Not applicable,Standard CPR; Wide CPR rules not applied
AVONMORE,EQ,AVONMORE CAP&MGT SERV LTD,16.85,17.55,16.84,17.21,465596,8026977.66,20251113,17.31,16.25,16.69,16.75,16.78,16.72,16.78,16.72,0.060000000000002274,0.35949670461355465,Moderate,Bearish,Above CPR,Cash Only,Diversified,False,False,False,0.31666666666666665,60,3293397.17,False,False,Lower,True,Neutral,False,None,0.7564285714285711,18.777,,0.07932011331445063,2.437294151194039,False,False,No setup,0.0,None,None,0,No active J-Curve setup.,Neutral,0,Not applicable,No directional setup; confirmation score not applicable.,Standard CPR,Not applicable,Not applicable,Standard CPR; Wide CPR rules not applied
ACCURACY,EQ,ACCURACY SHIPPING LIMITED,6.52,6.52,6.39,6.42,83631,538556.27,20251113,6.55,6.36,6.49,6.466666666666666,6.455,6.478333333333332,6.478333333333332,6.455,0.02333333333333165,0.35952747817152003,Moderate,Bullish,Below CPR,Cash Only,Diversified,False,False,False,0.43333333333333335,60,801451.26,False,False,Lower,True,Neutral,False,None,0.2621428571428571,6.8476,,0.08900999091734146,0.6719763220535707,False,False,No setup,0.0,None,None,0,No active J-Curve setup.,Neutral,0,Not applicable,No directional setup; confirmation score not applicable.,Standard CPR,Not applicable,Not applicable,Standard CPR; Wide CPR rules not applied
ICEMAKE,EQ,ICE MAKE REFRIGERAT LTD,680.0,692.0,678.85,680.15,8764,5990816.7,20251113,697.0,679.6,684.6,687.0666666666666,688.3,685.8333333333333,688.3,685.8333333333333,2.466666666666697,0.3603077222709169,Moderate,Bearish,Below CPR,Cash Only,Diversified,False,False,False,0.5,60,8483104.149999999,False,False,Overlapping,True,Neutral,False,None,19.524999999999984,733.975,,0.12633376013657868,0.706205723054809,False,False,No setup,0.0,None,None,0,No active J-Curve setup.,Neutral,0,Not applicable,No directional setup; confirmation score not applicable.,Standard CPR,Not applicable,Not applicable,Standard CPR; Wide CPR rules not applied
DMART,EQ,AVENUE SUPERMARTS LIMITED,4058.0,4090.0,4040.4,4062.5,252053,1026115356.6,20251113,4112.6,4047.3,4058.0,4072.6333333333337,4079.9500000000003,4065.316666666667,4079.9500000000003,4065.316666666667,14.633333333333212,0.360604567110232,Moderate,Bearish,Below CPR,Cash Only,Consumer Services,True,False,False,0.6,60,1810613860.8,False,False,Higher,True,Neutral,False,None,72.72142857142853,4407.992,,0.2012245031594785,0.566722357988921,False,False,No setup,0.0,None,None,0,No active J-Curve setup.,Neutral,0,Not applicable,No directional setup; confirmation score not applicable.,Standard CPR,Not applicable,Not applicable,Standard CPR; Wide CPR rules not applied
PTC,EQ,PTC INDIA LIMITED,168.12,168.7,166.64,167.25,481878,80840828.63,20251113,169.62,165.0,168.22,167.61333333333334,167.31,167.91666666666669,167.91666666666669,167.31,0.6066666666666833,0.36063884595570284,Moderate,Bullish,Below CPR,Cash Only,Diversified,False,False,False,0.6333333333333333,60,149185376.375,False,False,Higher,True,Neutral,False,Bullish Virgin,3.2907142857142895,169.6024,,0.1843571376890288,0.541881721884016,False,False,No setup,0.0,None,None,0,No active J-Curve setup.,Neutral,0,Not applicable,No directional setup; confirmation score not applicable.,Standard CPR,Not applicable,Not applicable,Standard CPR; Wide CPR rules not applied
OSWALAGRO,EQ,OSWAL AGRO MILLS LTD,66.99,67.15,64.64,65.48,65078,4302968.86,20251113,67.59,65.85,66.36,66.60000000000001,66.72,66.48000000000002,66.72,66.48000000000002,0.23999999999998067,0.3616636528028642,Moderate,Bearish,Below CPR,Cash Only,Chemicals & Fertilizers,False,False,False,0.4,60,5687448.87,False,False,Lower,True,Neutral,False,None,3.40357142857143,73.664,,0.07051416579222934,0.7565727549125203,False,False,No setup,0.0,None,None,0,No active J-Curve setup.,Neutral,0,Not applicable,No directional setup; confirmation score not applicable.,Standard CPR,Not applicable,Not applicable,Standard CPR; Wide CPR rules not applied
SUVEN,EQ,SUVEN LIFE SCIENCES LTD,187.62,187.91,181.02,182.81,100567,18500222.25,20251113,192.0,182.0,188.02,187.34,187.0,187.68,187.68,187.0,0.6800000000000068,0.3616636528028969,Moderate,Bullish,Below CPR,Cash Only,Diversified,False,False,False,0.29545454545454547,45,29907964.54,False,False,Higher,True,Neutral,False,None,6.852857142857139,,,0.0992286845945393,0.6185717595477663,False,False,No setup,0.0,None,None,0,No active J-Curve setup.,Neutral,0,Not applicable,No directional setup; confirmation score not applicable.,Standard CPR,Not applicable,Not applicable,Standard CPR; Wide CPR rules not applied
VEDL,EQ,VEDANTA LIMITED,527.0,535.5,524.2,529.6,14483739,7695262044.2,20251113,528.85,518.0,520.6,522.4833333333332,523.425,521.5416666666665,523.425,521.5416666666665,1.8833333333334394,0.36176206940711475,Moderate,Bearish,Above CPR,Cash Only,Metals & Mining,True,False,False,0.55,60,4525616091.025,True,True,Overlapping,True,Neutral,False,Bullish Virgin,14.360714285714291,474.346,,0.13114482301252495,1.7003788853104225,True,False,No setup,0.0,None,Ready,57,"🪝 J-Curve Ready (The Hook): Support defense at Monthly/Weekly CPR level with 1.7x volume. Coiling inside band (₹521.54 - ₹523.42), closed above Central Pivot (₹522.48). Probe long setup ahead of crowd with invalidation below CPR Bottom (₹521.54).",Neutral,0,Not applicable,No directional setup; confirmation score not applicable.,Standard CPR,Not applicable,Not applicable,Standard CPR; Wide CPR rules not applied
CHOLAHLDNG,EQ,CHOLAMANDALAM FIN HOL LTD,1949.0,1980.0,1931.2,1967.0,112816,220741963.4,20251113,1968.1,1910.5,1949.9,1942.8333333333333,1939.3,1946.3666666666666,1946.3666666666666,1939.3,7.066666666666606,0.3624117476109855,Moderate,Bullish,Above CPR,Cash Only,Financial Services,True,False,False,0.43333333333333335,60,270664654.4,False,False,Higher,True,Neutral,False,None,66.45,1889.844,,0.10634562327564494,0.8155551890930611,True,False,No setup,0.0,None,None,0,No active J-Curve setup.,Neutral,0,Not applicable,No directional setup; confirmation score not applicable.,Standard CPR,Not applicable,Not applicable,Standard CPR; Wide CPR rules not applied
MALUPAPER,EQ,MALU PAPER MILLS LIMITED,37.6,38.4,37.05,37.24,23358,877856.23,20251113,38.6,37.11,37.65,37.78666666666667,37.855000000000004,37.718333333333334,37.855000000000004,37.718333333333334,0.13666666666667027,0.362992474546269,Moderate,Bearish,Below CPR,Cash Only,Paper & Packaging,False,False,False,0.48333333333333334,60,481584.75,False,False,Higher,True,Neutral,False,None,0.9057142857142857,38.4872,,0.15089379600421007,1.822848896274228,False,False,No setup,0.0,None,None,0,No active J-Curve setup.,Neutral,0,Not applicable,No directional setup; confirmation score not applicable.,Standard CPR,Not applicable,Not applicable,Standard CPR; Wide CPR rules not applied
PATANJALI,EQ,PATANJALI FOODS LIMITED,588.3,593.9,584.2,590.45,1688646,997066577.45,20251113,589.9,580.25,588.3,586.15,585.075,587.2249999999999,587.2249999999999,585.075,2.1499999999998636,0.36545979942204043,Moderate,Bullish,Above CPR,Cash Only,Fast Moving Consumer Goods,True,False,False,0.7,60,516560201.8,False,False,Higher,True,Neutral,False,Bullish Virgin,13.625,761.578,,0.15779816513760467,1.93020401876806,False,False,No setup,0.0,None,None,0,No active J-Curve setup.,Neutral,0,Not applicable,No directional setup; confirmation score not applicable.,Standard CPR,Not applicable,Not applicable,Standard CPR; Wide CPR rules not applied
MOTILALOFS,EQ,MOTILAL OSWAL FIN LTD,996.0,1023.0,988.0,990.65,1136370,1145640040.9,20251113,1000.0,982.35,996.65,993.0,991.175,994.825,994.825,991.175,3.650000000000091,0.3662268599809453,Moderate,Bullish,Below CPR,Cash Only,Financial Services,True,False,False,0.45,60,710754723.475,False,False,Inside,True,Neutral,False,None,38.69642857142855,960.245,,0.09432395016151603,1.6118641256420672,True,False,No setup,0.0,None,None,0,No active J-Curve setup.,Neutral,0,Not applicable,No directional setup; confirmation score not applicable.,Standard CPR,Not applicable,Not applicable,Standard CPR; Wide CPR rules not applied
GREENPLY,EQ,GREENPLY INDUSTRIES LTD,304.9,305.0,300.0,301.0,20725,6280627.4,20251113,305.65,300.8,304.9,303.78333333333336,303.225,304.3416666666667,304.3416666666667,303.225,1.1166666666666742,0.36624029736525887,Moderate,Bullish,Below CPR,Cash Only,Diversified,False,False,False,0.5,60,19869185.275,False,False,Higher,True,Neutral,False,Bullish Virgin,9.246428571428563,303.681,,0.12076734904081463,0.3160988894649079,False,False,No setup,0.0,None,None,0,No active J-Curve setup.,Neutral,0,Not applicable,No directional setup; confirmation score not applicable.,Standard CPR,Not applicable,Not applicable,Standard CPR; Wide CPR rules not applied
KSB,EQ,KSB LIMITED,763.45,767.95,754.0,759.1,40173,30584177.9,20251113,767.35,753.05,764.4,761.6,760.2,763.0,763.0,760.2,2.7999999999999545,0.36630036630036034,Moderate,Bullish,Below CPR,Cash Only,Diversified,False,False,False,0.5333333333333333,60,46395009.05,False,False,Overlapping,True,Neutral,False,None,19.328571428571454,810.095,,0.14486326681448378,0.6592126723596361,False,False,No setup,0.0,None,None,0,No active J-Curve setup.,Neutral,0,Not applicable,No directional setup; confirmation score not applicable.,Standard CPR,Not applicable,Not applicable,Standard CPR; Wide CPR rules not applied
BBTCL,EQ,B&B TRIPLEWALL CONT LTD,195.01,195.4,186.83,191.4,2528,485503.98,20251113,198.99,188.37,192.62,193.32666666666668,193.68,192.97333333333336,193.68,192.97333333333336,0.7066666666666492,0.3668708683764143,Moderate,Bearish,Below CPR,Cash Only,Diversified,False,False,False,0.25,60,1188636.5,True,True,Lower,True,Neutral,True,None,9.131428571428575,198.3296,,0.07738840216937645,0.40845454434555895,False,False,Short,0.5,None,None,0,No active J-Curve setup.,Short,66,Confirmed,CPR width: 0.3669% (12/20); Price location: Below CPR (20/20); Trend: aligned with SMA50/SMA100 (20/20); Participation: light (0.41x) (4/20); Higher timeframe: unavailable (10/20),Standard CPR,Not applicable,Not applicable,Standard CPR; Wide CPR rules not applied
OMAXE,EQ,OMAXE LIMITED,79.0,79.0,77.0,77.15,56047,4354927.27,20251113,79.18,77.6,77.96,78.24666666666667,78.39,78.10333333333334,78.39,78.10333333333334,0.28666666666666174,0.367709936719679,Moderate,Bearish,Below CPR,Cash Only,Diversified,False,False,False,0.43333333333333335,60,8973080.184999999,False,False,Overlapping,True,Neutral,False,None,1.7235714285714303,82.91199999999999,,0.16632131509876752,0.4853324811785353,False,False,No setup,0.0,None,None,0,No active J-Curve setup.,Neutral,0,Not applicable,No directional setup; confirmation score not applicable.,Standard CPR,Not applicable,Not applicable,Standard CPR; Wide CPR rules not applied
NIITMTS,EQ,NIIT LEARNING SYSTEMS LTD,342.5,346.35,337.35,343.85,174120,59641229.7,20251113,342.65,332.6,339.5,338.25,337.625,338.875,338.875,337.625,1.25,0.3681885125184094,Moderate,Bullish,Above CPR,Cash Only,Diversified,False,False,False,0.65,60,36485359.975,False,False,Overlapping,True,Neutral,False,None,9.985714285714279,330.426,,0.12517882689556517,1.6346619504608575,True,False,No setup,0.0,None,None,0,No active J-Curve setup.,Neutral,0,Not applicable,No directional setup; confirmation score not applicable.,Standard CPR,Not applicable,Not applicable,Standard CPR; Wide CPR rules not applied
VIKASECO,EQ,VIKAS ECOTECH LIMITED,1.8,1.85,1.8,1.82,3473569,6343510.75,20251113,1.84,1.8,1.81,1.8166666666666667,1.82,1.8133333333333332,1.82,1.8133333333333332,0.006666666666666821,0.3683241252302111,Moderate,Bearish,Inside CPR,Cash Only,Diversified,False,False,False,0.5666666666666667,60,5767928.54,True,False,Higher,True,Neutral,False,None,0.03857142857142859,1.9707999999999999,,0.1728395061728434,1.0997901076631578,False,False,No setup,0.0,None,None,0,No active J-Curve setup.,Neutral,0,Not applicable,No directional setup; confirmation score not applicable.,Standard CPR,Not applicable,Not applicable,Standard CPR; Wide CPR rules not applied
GRAPHITE,EQ,GRAPHITE INDIA LTD,569.7,582.0,566.3,571.35,588063,337803749.1,20251113,572.5,558.0,568.4,566.3000000000001,565.25,567.3500000000001,567.3500000000001,565.25,2.1000000000001364,0.36945812807884176,Moderate,Bullish,Above CPR,Cash Only,Capital Goods,True,False,False,0.43333333333333335,60,273360880.475,True,True,Overlapping,True,Neutral,False,None,28.21428571428573,561.53,,0.07443037974684023,1.2357428338430216,True,False,No setup,0.0,None,None,0,No active J-Curve setup.,Neutral,0,Not applicable,No directional setup; confirmation score not applicable.,Standard CPR,Not applicable,Not applicable,Standard CPR; Wide CPR rules not applied
MEIL,EQ,MANGAL ELECTRICAL IND L,460.0,462.0,444.05,447.05,49257,22235475.5,20251113,466.0,455.4,458.15,459.84999999999997,460.7,458.99999999999994,460.7,458.99999999999994,1.7000000000000455,0.3710575139146667,Moderate,Bearish,Below CPR,Cash Only,Diversified,False,False,False,0.36538461538461536,53,61219481.6,True,False,Inside,True,Neutral,False,None,16.55,483.70300000000003,,0.10271903323263114,0.36320914386834663,False,False,No setup,0.0,None,None,0,No active J-Curve setup.,Neutral,0,Not applicable,No directional setup; confirmation score not applicable.,Standard CPR,Not applicable,Not applicable,Standard CPR; Wide CPR rules not applied
OAL,EQ,ORIENTAL AROMATICS LTD,336.85,341.9,336.5,340.05,4124,1398439.8,20251113,343.7,335.0,341.25,339.98333333333335,339.35,340.6166666666667,340.6166666666667,339.35,1.2666666666666515,0.37118437118436676,Moderate,Bullish,Inside CPR,Cash Only,Diversified,False,False,False,0.45,60,2919377.425,True,True,Higher,True,Neutral,False,Bullish Virgin,17.421428571428567,340.904,,0.07270739374060323,0.4790198718481904,False,False,No setup,0.0,None,None,0,No active J-Curve setup.,Neutral,0,Not applicable,No directional setup; confirmation score not applicable.,Standard CPR,Not applicable,Not applicable,Standard CPR; Wide CPR rules not applied
JIOFIN,EQ,JIO FIN SERVICES LTD,310.0,316.6,309.7,310.7,15761851,4937971227.95,20251113,310.3,305.25,309.5,308.34999999999997,307.775,308.92499999999995,308.92499999999995,307.775,1.1499999999999773,0.37156704361873255,Moderate,Bullish,Above CPR,Cash Only,Financial Services,True,False,False,0.55,60,2978380102.65,False,False,Higher,True,Neutral,False,Bullish Virgin,5.074999999999993,307.819,,0.22660098522167071,1.6579385631660857,True,False,No setup,0.0,None,None,0,No active J-Curve setup.,Neutral,0,Not applicable,No directional setup; confirmation score not applicable.,Standard CPR,Not applicable,Not applicable,Standard CPR; Wide CPR rules not applied
GNA,EQ,GNA AXLES LIMITED,313.55,322.8,311.0,319.45,62631,20015136.55,20251113,318.8,311.2,313.25,314.4166666666667,315.0,313.83333333333337,315.0,313.83333333333337,1.1666666666666288,0.3724394785847179,Moderate,Bearish,Above CPR,Cash Only,Diversified,False,False,False,0.6166666666666667,60,8013277.875,False,False,Higher,True,Neutral,False,None,9.582142857142859,313.232,,0.12175425518697577,2.497746473068613,True,False,No setup,0.0,None,None,0,No active J-Curve setup.,Neutral,0,Not applicable,No directional setup; confirmation score not applicable.,Standard CPR,Not applicable,Not applicable,Standard CPR; Wide CPR rules not applied
BELLACASA,EQ,BELLA CASA FASH AND RET L,405.7,417.6,393.1,409.7,16883,6878448.05,20251113,407.85,391.95,402.15,400.6499999999999,399.9,401.39999999999986,401.39999999999986,399.9,1.4999999999998863,0.37299515106300796,Moderate,Bullish,Above CPR,Cash Only,Diversified,False,False,False,0.25,60,2756074.5,True,False,Inside,True,Neutral,True,None,28.599999999999994,420.87199999999996,,0.052447552447548486,2.495740971443261,False,False,No setup,0.0,None,None,0,No active J-Curve setup.,Neutral,0,Not applicable,No directional setup; confirmation score not applicable.,Standard CPR,Not applicable,Not applicable,Standard CPR; Wide CPR rules not applied
CHEMPLASTS,EQ,CHEMPLAST SANMAR LIMITED,366.4,370.85,342.5,344.95,176938,62498122.8,20251113,372.9,363.1,365.95,367.31666666666666,368.0,366.6333333333333,368.0,366.6333333333333,1.3666666666666742,0.37345721182311087,Moderate,Bearish,Below CPR,Cash Only,Chemicals & Fertilizers,False,False,False,0.48333333333333334,60,21073757.7,False,False,Higher,True,Neutral,False,None,14.760714285714268,399.345,,0.09258811194451227,2.965684795740059,False,False,No setup,0.0,None,None,0,No active J-Curve setup.,Neutral,0,Not applicable,No directional setup; confirmation score not applicable.,Standard CPR,Not applicable,Not applicable,Standard CPR; Wide CPR rules not applied
VOLTAMP,EQ,VOLTAMP TRANSFORMERS LTD,8280.5,8341.5,8209.5,8304.0,44486,369187914.0,20251113,8378.5,8093.5,8282.5,8251.5,8236.0,8267.0,8267.0,8236.0,31.0,0.3742831270751585,Moderate,Bullish,Above CPR,Cash Only,Diversified,False,False,False,0.48333333333333334,60,190726562.25,True,False,Higher,True,Neutral,False,Bullish Virgin,258.60714285714283,7372.8,,0.1198729457257285,1.935692174412901,True,False,No setup,0.0,None,Liftoff,79,"🚀 J-Curve Liftoff: Decisive kinetic breakout above CPR Top (₹8,267.00) with strong 1.9x volume. Ascending Higher CPR overlay and +0 confluence. Momentum continuation target expansion above ₹8,267.00 with stop below Pivot (₹8,251.50).",Neutral,0,Not applicable,No directional setup; confirmation score not applicable.,Standard CPR,Not applicable,Not applicable,Standard CPR; Wide CPR rules not applied
SHIVAMILLS,EQ,SHIVA MILLS LIMITED,67.89,67.89,64.4,65.18,4964,326093.06,20251113,67.65,65.1,66.75,66.5,66.375,66.625,66.625,66.375,0.25,0.37453183520599254,Moderate,Bullish,Below CPR,Cash Only,Diversified,False,False,False,0.38333333333333336,60,234106.72,False,False,Higher,True,Neutral,False,None,2.807142857142858,69.0232,,0.08905852417302797,1.392924816511034,False,False,No setup,0.0,None,None,0,No active J-Curve setup.,Neutral,0,Not applicable,No directional setup; confirmation score not applicable.,Standard CPR,Not applicable,Not applicable,Standard CPR; Wide CPR rules not applied
KANSAINER,EQ,KANSAI NEROLAC PAINTS LTD,246.7,252.45,245.05,249.34,838385,209396589.51,20251113,246.05,242.25,245.53,244.61,244.15,245.07000000000002,245.07000000000002,244.15,0.9200000000000159,0.3746996293731992,Moderate,Bullish,Above CPR,Cash Only,Diversified,False,False,False,0.5833333333333334,60,101900808.415,False,False,Overlapping,True,Neutral,False,Bullish Virgin,5.144285714285713,247.99560000000002,,0.17883921133018918,2.054906067645842,True,False,No setup,0.0,None,None,0,No active J-Curve setup.,Neutral,0,Not applicable,No directional setup; confirmation score not applicable.,Standard CPR,Not applicable,Not applicable,Standard CPR; Wide CPR rules not applied
CIGNITITEC,EQ,CIGNITI TECHNOLOGIES LTD,1775.0,1783.3,1738.9,1751.7,57526,101526208.2,20251113,1780.0,1739.9,1769.9,1763.2666666666667,1759.95,1766.5833333333333,1766.5833333333333,1759.95,6.633333333333212,0.3747857694408278,Moderate,Bullish,Below CPR,Cash Only,Diversified,False,False,False,0.5666666666666667,60,91507187.30000001,False,False,Higher,True,Neutral,False,Bullish Virgin,47.057142857142836,1647.2160000000001,,0.1409633677393215,1.109488895852009,True,False,No setup,0.0,None,None,0,No active J-Curve setup.,Neutral,0,Not applicable,No directional setup; confirmation score not applicable.,Standard CPR,Not applicable,Not applicable,Standard CPR; Wide CPR rules not applied
POKARNA,EQ,POKARNA LIMITED,876.0,920.35,850.65,883.85,359715,321941796.05,20251113,931.0,870.3,905.75,902.35,900.65,904.0500000000001,904.0500000000001,900.65,3.400000000000091,0.37537951973503625,Moderate,Bullish,Below CPR,Cash Only,Diversified,False,False,False,0.3,60,66576895.475,True,False,Higher,True,Neutral,False,None,49.26071428571429,829.44,,0.06902051765388424,4.835638456150167,True,False,No setup,0.0,None,None,0,No active J-Curve setup.,Neutral,0,Not applicable,No directional setup; confirmation score not applicable.,Standard CPR,Not applicable,Not applicable,Standard CPR; Wide CPR rules not applied
PRAKASH,EQ,PRAKASH INDUSTRIES LTD,157.1,158.94,156.6,156.85,441977,69774375.28,20251113,159.03,156.9,157.08,157.67,157.965,157.37499999999997,157.965,157.37499999999997,0.5900000000000318,0.37560478736951347,Moderate,Bearish,Below CPR,Cash Only,Diversified,False,False,False,0.31666666666666665,60,82534195.325,False,False,Overlapping,True,Neutral,False,None,4.3350000000000035,163.2898,,0.13610149942330596,0.8453995947406421,False,False,No setup,0.0,None,None,0,No active J-Curve setup.,Neutral,0,Not applicable,No directional setup; confirmation score not applicable.,Standard CPR,Not applicable,Not applicable,Standard CPR; Wide CPR rules not applied
CANHLIFE,EQ,CANARA HSBC LIFE INS CO L,121.0,122.9,120.0,120.99,586970,71062988.8,20251113,123.4,120.75,121.39,121.84666666666668,122.075,121.61833333333335,122.075,121.61833333333335,0.45666666666664923,0.37619792953838804,Moderate,Bearish,Below CPR,Cash Only,Financial Services,True,False,False,0.4117647058823529,18,254763040.305,False,False,Higher,False,Neutral,False,None,5.317857142857143,,,0.08587418849339273,0.2789375912413513,False,False,No setup,0.0,None,None,0,No active J-Curve setup.,Neutral,0,Not applicable,No directional setup; confirmation score not applicable.,Standard CPR,Not applicable,Not applicable,Standard CPR; Wide CPR rules not applied
GPTHEALTH,EQ,GPT HEALTHCARE LIMITED,143.89,144.49,142.55,143.18,65525,9396294.62,20251113,144.5,141.91,142.4,142.93666666666664,143.20499999999998,142.6683333333333,143.20499999999998,142.6683333333333,0.5366666666666902,0.37687265917604645,Moderate,Bearish,Inside CPR,Cash Only,Healthcare & Pharma,False,False,False,0.5833333333333334,60,19203047.415,False,False,Higher,True,Neutral,False,None,3.1685714285714255,149.49540000000002,,0.1693718064322288,0.4893126813122541,False,False,No setup,0.0,None,None,0,No active J-Curve setup.,Neutral,0,Not applicable,No directional setup; confirmation score not applicable.,Standard CPR,Not applicable,Not applicable,Standard CPR; Wide CPR rules not applied
SHYAMCENT,EQ,SHYAM CENTURY FERROUS LTD,6.17,6.22,5.98,6.02,246616,1503687.61,20251113,6.27,6.04,6.19,6.166666666666667,6.154999999999999,6.178333333333335,6.178333333333335,6.154999999999999,0.023333333333335204,0.376952073236433,Moderate,Bullish,Below CPR,Cash Only,Diversified,False,False,False,0.4,51,1091747.93,True,True,Inside,True,Neutral,False,None,0.29,7.0988,,0.08045977011494898,1.377321237513132,False,False,No setup,0.0,None,None,0,No active J-Curve setup.,Neutral,0,Not applicable,No directional setup; confirmation score not applicable.,Standard CPR,Not applicable,Not applicable,Standard CPR; Wide CPR rules not applied
SAGCEM,EQ,SAGAR CEMENTS LIMITED,223.8,223.9,219.8,220.24,43617,9678593.36,20251113,222.8,216.66,220.98,220.14666666666668,219.73000000000002,220.56333333333333,220.56333333333333,219.73000000000002,0.8333333333333144,0.37710803390954584,Moderate,Bullish,Inside CPR,Cash Only,Diversified,False,False,False,0.4,60,27027921.634999998,False,False,Higher,True,Neutral,False,Bullish Virgin,6.892142857142856,250.9984,,0.1209106297716489,0.35809610116179397,False,False,No setup,0.0,None,None,0,No active J-Curve setup.,Neutral,0,Not applicable,No directional setup; confirmation score not applicable.,Standard CPR,Not applicable,Not applicable,Standard CPR; Wide CPR rules not applied
NRL,EQ,NUPUR RECYCLERS LIMITED,65.0,66.2,65.0,65.69,25990,1710552.53,20251113,66.31,65.21,65.39,65.63666666666666,65.75999999999999,65.51333333333332,65.75999999999999,65.51333333333332,0.2466666666666697,0.37722383646837393,Moderate,Bearish,Inside CPR,Cash Only,Diversified,False,False,False,0.225,41,4046345.81,False,False,Overlapping,True,Neutral,True,None,2.3214285714285756,,,0.10625641025641137,0.42274007470458885,False,False,Watch Short,0.0,None,None,0,No active J-Curve setup.,Short,56,Mixed,CPR width: 0.3772% (12/20); Price location: Inside CPR; watch state (10/20); Trend: aligned with SMA50/SMA100 (20/20); Participation: light (0.42x) (4/20); Higher timeframe: unavailable (10/20),Standard CPR,Not applicable,Not applicable,Standard CPR; Wide CPR rules not applied
KRSNAA,EQ,KRSNAA DIAGNOSTICS LTD,805.05,822.5,796.95,813.65,99340,80650340.2,20251113,822.7,803.45,808.5,811.5500000000001,813.075,810.0250000000001,813.075,810.0250000000001,3.0499999999999545,0.37724180581322875,Moderate,Bearish,Above CPR,Cash Only,Diversified,False,False,False,0.4666666666666667,60,40860082.075,True,True,Inside,True,Neutral,False,None,32.392857142857146,809.487,,0.09415656008820146,1.9738173812760262,True,False,No setup,0.0,None,Ready,62,"🪝 J-Curve Ready (The Hook): Support defense at Monthly/Weekly CPR level with institutional absorption (2.0x volume). Coiling inside band (₹810.03 - ₹813.08), closed above Central Pivot (₹811.55). Probe long setup ahead of crowd with invalidation below CPR Bottom (₹810.03).",Neutral,0,Not applicable,No directional setup; confirmation score not applicable.,Standard CPR,Not applicable,Not applicable,Standard CPR; Wide CPR rules not applied
HCL-INSYS,EQ,HCL INFOSYSTEMS LTD,14.99,15.12,14.8,14.88,199293,2974778.99,20251113,15.24,14.91,14.99,15.046666666666667,15.075,15.018333333333334,15.075,15.018333333333334,0.05666666666666487,0.378029797642861,Moderate,Bearish,Below CPR,Cash Only,Diversified,False,False,False,0.4318181818181818,45,3015850.63,True,False,Inside,True,Neutral,False,None,0.5257142857142856,,,0.10778985507246037,0.9863814077555958,False,False,No setup,0.0,None,None,0,No active J-Curve setup.,Neutral,0,Not applicable,No directional setup; confirmation score not applicable.,Standard CPR,Not applicable,Not applicable,Standard CPR; Wide CPR rules not applied
HONASA,EQ,HONASA CONSUMER LIMITED,300.0,308.2,286.35,289.4,17154104,5114256105.85,20251113,291.0,276.3,282.05,283.1166666666666,283.65,282.58333333333326,283.65,282.58333333333326,1.0666666666667197,0.37818353719791514,Moderate,Bearish,Above CPR,Cash Only,Fast Moving Consumer Goods,True,False,False,0.5666666666666667,60,82592401.575,False,False,Higher,True,Neutral,False,Bullish Virgin,10.864285714285703,288.638,,0.09818102125794932,61.92162969381485,True,False,No setup,0.0,None,None,0,No active J-Curve setup.,Neutral,0,Not applicable,No directional setup; confirmation score not applicable.,Standard CPR,Not applicable,Not applicable,Standard CPR; Wide CPR rules not applied
DCXINDIA,EQ,DCX SYSTEMS LIMITED,200.0,208.98,200.0,203.18,1245238,255758278.79,20251113,218.55,212.1,214.11,214.92,215.325,214.515,215.325,214.515,0.8100000000000023,0.3783102143757892,Moderate,Bearish,Below CPR,Cash Only,Diversified,False,False,False,0.43333333333333335,60,109323298.35,False,False,Higher,True,Neutral,False,Bearish Virgin,6.6478571428571405,244.63099999999997,,0.12184377350381471,2.339467274132056,False,False,No setup,0.0,None,None,0,No active J-Curve setup.,Neutral,0,Not applicable,No directional setup; confirmation score not applicable.,Standard CPR,Not applicable,Not applicable,Standard CPR; Wide CPR rules not applied
GHCLTEXTIL,EQ,GHCL TEXTILES LIMITED,77.53,78.75,77.3,77.7,66091,5142145.54,20251113,78.94,77.0,77.53,77.82333333333334,77.97,77.67666666666668,77.97,77.67666666666668,0.29333333333332234,0.37834816630120255,Moderate,Bearish,Inside CPR,Cash Only,Diversified,False,False,False,0.4666666666666667,60,5582071.76,False,False,Overlapping,True,Neutral,False,None,2.618571428571429,78.4854,,0.11202036733951205,0.9211894366617746,False,False,No setup,0.0,None,None,0,No active J-Curve setup.,Neutral,0,Not applicable,No directional setup; confirmation score not applicable.,Standard CPR,Not applicable,Not applicable,Standard CPR; Wide CPR rules not applied
CHAMBLFERT,EQ,CHAMBAL FERTILIZERS LTD,466.6,472.15,463.05,466.1,1571565,734277477.5,20251113,468.6,459.3,466.6,464.8333333333333,463.95000000000005,465.7166666666666,465.7166666666666,463.95000000000005,1.7666666666665378,0.3786255179311054,Moderate,Bullish,Above CPR,Cash Only,Chemicals,True,False,False,0.6666666666666666,60,405552748.975,False,False,Outside,True,Neutral,False,None,10.174999999999992,511.30800000000005,,0.1736281736281611,1.8105597344755366,False,False,No setup,0.0,None,None,0,No active J-Curve setup.,Neutral,0,Not applicable,No directional setup; confirmation score not applicable.,Standard CPR,Not applicable,Not applicable,Standard CPR; Wide CPR rules not applied
SWELECTES,EQ,SWELECT ENERGY SYS LTD,778.6,821.15,777.75,800.25,23254,18697410.95,20251113,788.35,760.0,778.6,775.65,774.175,777.125,777.125,774.175,2.9500000000000455,0.3788851785255645,Moderate,Bullish,Above CPR,Cash Only,Diversified,False,False,False,0.43333333333333335,60,32897252.475,False,False,Higher,True,Neutral,False,Bullish Virgin,26.80714285714286,841.6820000000001,,0.1100452970956585,0.56835782757873,False,False,No setup,0.0,None,None,0,No active J-Curve setup.,Neutral,0,Not applicable,No directional setup; confirmation score not applicable.,Standard CPR,Not applicable,Not applicable,Standard CPR; Wide CPR rules not applied
PONNIERODE,EQ,PONNIE SUGARS (ERODE) LTD,291.35,293.0,288.05,289.05,6870,1996752.75,20251113,296.0,287.3,290.0,291.09999999999997,291.65,290.54999999999995,291.65,290.54999999999995,1.1000000000000227,0.37931034482759407,Moderate,Bearish,Below CPR,Cash Only,Diversified,False,False,False,0.45,60,2575908.2,False,False,Overlapping,True,Neutral,False,None,11.407142857142853,292.001,,0.09643080776456057,0.7751645613768379,False,False,No setup,0.0,None,None,0,No active J-Curve setup.,Neutral,0,Not applicable,No directional setup; confirmation score not applicable.,Standard CPR,Not applicable,Not applicable,Standard CPR; Wide CPR rules not applied
TALBROAUTO,EQ,TALBROS AUTO. COMP. LTD,290.8,293.1,271.0,275.5,177565,50202625.2,20251113,292.0,284.0,289.65,288.55,288.0,289.1,289.1,288.0,1.1000000000000227,0.3797686863455974,Moderate,Bullish,Below CPR,Cash Only,Auto Ancillary,False,False,False,0.38333333333333336,60,30574644.950000003,False,False,Higher,True,Neutral,False,None,9.59642857142856,292.462,,0.1146259769259422,1.6419691964403333,False,False,No setup,0.0,None,None,0,No active J-Curve setup.,Neutral,0,Not applicable,No directional setup; confirmation score not applicable.,Standard CPR,Not applicable,Not applicable,Standard CPR; Wide CPR rules not applied
BALAMINES,EQ,BALAJI AMINES LIMITED,1269.0,1274.4,1253.5,1257.6,48960,61680991.1,20251113,1291.0,1263.1,1269.8,1274.6333333333332,1277.05,1272.2166666666665,1277.05,1272.2166666666665,4.833333333333485,0.38063737071456016,Moderate,Bearish,Below CPR,Cash Only,Specialty Chemicals,False,False,False,0.45,60,41811106.400000006,True,False,Lower,True,Neutral,False,Bearish Virgin,41.450000000000045,1422.098,,0.11660635303578962,1.4752298231457466,False,False,No setup,0.0,None,None,0,No active J-Curve setup.,Neutral,0,Not applicable,No directional setup; confirmation score not applicable.,Standard CPR,Not applicable,Not applicable,Standard CPR; Wide CPR rules not applied
INDOUS,EQ,INDO US BIOTECH LTD,132.69,132.85,128.8,130.38,12542,1653102.14,20251113,135.72,132.0,133.1,133.60666666666668,133.86,133.35333333333335,133.86,133.35333333333335,0.5066666666666606,0.3806661657901282,Moderate,Bearish,Below CPR,Cash Only,Diversified,False,False,False,0.21666666666666667,60,1802593.065,False,False,Overlapping,True,Neutral,True,Bearish Virgin,5.636428571428572,137.1304,,0.08989143750263906,0.9170689558821752,False,False,No setup,0.0,None,None,0,No active J-Curve setup.,Neutral,0,Not applicable,No directional setup; confirmation score not applicable.,Standard CPR,Not applicable,Not applicable,Standard CPR; Wide CPR rules not applied
RVTH,EQ,REVATHI EQUIPMENT INDIA L,839.9,859.5,827.05,841.05,1338,1123113.45,20251113,855.15,834.05,839.8,843.0,844.5999999999999,841.4000000000001,844.5999999999999,841.4000000000001,3.199999999999818,0.38104310550128817,Moderate,Bearish,Below CPR,Cash Only,Diversified,False,False,False,0.423728813559322,60,1266375.975,False,False,Outside,True,Neutral,False,None,38.44285714285714,980.359,,0.08324043106651328,0.8868720444574131,False,False,No setup,0.0,None,None,0,No active J-Curve setup.,Neutral,0,Not applicable,No directional setup; confirmation score not applicable.,Standard CPR,Not applicable,Not applicable,Standard CPR; Wide CPR rules not applied
SFL,EQ,SHEELA FOAM LIMITED,671.0,673.4,663.35,666.9,566903,378140677.45,20251113,674.6,662.2,664.6,667.1333333333333,668.4000000000001,665.8666666666666,668.4000000000001,665.8666666666666,2.5333333333335304,0.3811816631558126,Moderate,Bearish,Inside CPR,Cash Only,Diversified,False,False,False,0.5833333333333334,60,60954486.275,False,False,Overlapping,True,Neutral,False,None,22.371428571428584,688.878,,0.113239676458076,6.20365621234169,False,False,No setup,0.0,None,None,0,No active J-Curve setup.,Neutral,0,Not applicable,No directional setup; confirmation score not applicable.,Standard CPR,Not applicable,Not applicable,Standard CPR; Wide CPR rules not applied
EMUDHRA,EQ,EMUDHRA LIMITED,626.5,626.5,614.2,617.35,43237,26795271.2,20251113,627.5,613.45,624.05,621.6666666666666,620.475,622.8583333333332,622.8583333333332,620.475,2.383333333333212,0.38191384237372206,Moderate,Bullish,Below CPR,Cash Only,Diversified,False,False,False,0.5,60,46537384.325,False,False,Overlapping,True,Neutral,False,None,14.128571428571442,664.677,,0.1686889113582656,0.5757794854320059,False,False,No setup,0.0,None,None,0,No active J-Curve setup.,Neutral,0,Not applicable,No directional setup; confirmation score not applicable.,Standard CPR,Not applicable,Not applicable,Standard CPR; Wide CPR rules not applied
ORISSAMINE,EQ,ORISSA MIN DEV CO LTD,5170.0,5348.5,5153.0,5191.5,14120,74270840.0,20251113,5266.0,5158.5,5182.5,5202.333333333333,5212.25,5192.416666666666,5212.25,5192.416666666666,19.83333333333394,0.38269818298763025,Moderate,Bearish,Below CPR,Cash Only,Diversified,False,False,False,0.3,60,54609558.599999994,False,False,Higher,True,Neutral,False,None,152.93571428571425,5151.97,,0.129684118755161,1.3600336993018656,True,False,No setup,0.0,None,None,0,No active J-Curve setup.,Neutral,0,Not applicable,No directional setup; confirmation score not applicable.,Standard CPR,Not applicable,Not applicable,Standard CPR; Wide CPR rules not applied
DLF,EQ,DLF LIMITED,763.0,773.9,762.8,764.8,2212671,1697371969.0,20251113,771.15,760.0,761.2,764.1166666666668,765.575,762.6583333333335,765.575,762.6583333333335,2.916666666666515,0.38316692940968405,Moderate,Bearish,Inside CPR,Cash Only,Realty,True,False,False,0.6333333333333333,60,1545176403.925,False,False,Overlapping,True,Neutral,False,None,15.807142857142837,756.6329999999999,,0.18451574032232834,1.0984972102139268,True,False,No setup,0.0,None,None,0,No active J-Curve setup.,Neutral,0,Not applicable,No directional setup; confirmation score not applicable.,Standard CPR,Not applicable,Not applicable,Standard CPR; Wide CPR rules not applied
JAICORPLTD,EQ,JAI CORP LIMITED,152.04,153.0,149.2,150.68,731884,110484782.07,20251113,152.99,148.84,150.05,150.6266666666667,150.91500000000002,150.33833333333337,150.91500000000002,150.33833333333337,0.5766666666666538,0.38431633899810314,Moderate,Bearish,Inside CPR,Cash Only,Diversified,False,False,False,0.26666666666666666,60,219010798.95499998,False,False,Higher,True,Neutral,False,Bullish Virgin,7.087142857142857,157.25560000000002,,0.08136800376268044,0.5044718461243605,False,False,No setup,0.0,None,None,0,No active J-Curve setup.,Neutral,0,Not applicable,No directional setup; confirmation score not applicable.,Standard CPR,Not applicable,Not applicable,Standard CPR; Wide CPR rules not applied
ASPINWALL,EQ,ASPINWALL & CO LTD,256.35,259.75,251.5,252.45,713,182798.95,20251113,256.75,251.6,255.65,254.66666666666666,254.175,255.1583333333333,255.1583333333333,254.175,0.9833333333332916,0.3846404589608025,Moderate,Bullish,Below CPR,Cash Only,Textiles & Apparel,False,False,False,0.55,60,306745.125,False,False,Higher,True,Neutral,False,None,7.4785714285714295,265.05400000000003,,0.1314867876472405,0.5959310681791602,False,False,No setup,0.0,None,None,0,No active J-Curve setup.,Neutral,0,Not applicable,No directional setup; confirmation score not applicable.,Standard CPR,Not applicable,Not applicable,Standard CPR; Wide CPR rules not applied
MAHESHWARI,EQ,MAHESHWARI LOGISTICS LTD.,54.99,55.6,54.0,54.31,7097,387603.18,20251113,55.69,54.0,54.53,54.74,54.845,54.635000000000005,54.845,54.635000000000005,0.20999999999999375,0.3851091142490258,Moderate,Bearish,Below CPR,Cash Only,Diversified,False,False,False,0.5,60,409025.62,True,False,Overlapping,True,Neutral,False,None,1.4107142857142863,57.5774,,0.1488607594936664,0.947625676846355,False,False,No setup,0.0,None,None,0,No active J-Curve setup.,Neutral,0,Not applicable,No directional setup; confirmation score not applicable.,Standard CPR,Not applicable,Not applicable,Standard CPR; Wide CPR rules not applied
RAJOOENG,EQ,RAJOO ENGINEERS LIMITED,83.13,84.5,82.25,82.84,465861,38722251.14,20251113,84.51,82.49,83.02,83.33999999999999,83.5,83.17999999999998,83.5,83.17999999999998,0.3200000000000216,0.38544928932789885,Moderate,Bearish,Below CPR,Cash Only,Diversified,False,False,False,0.3,60,49028094.44,False,False,Lower,True,Neutral,False,None,3.3250000000000006,90.30680000000001,,0.09624060150376587,0.7897971883730426,False,False,No setup,0.0,None,None,0,No active J-Curve setup.,Neutral,0,Not applicable,No directional setup; confirmation score not applicable.,Standard CPR,Not applicable,Not applicable,Standard CPR; Wide CPR rules not applied
SASTASUNDR,EQ,SASTASUNDAR VENTURES LTD,284.0,310.05,284.0,299.7,40937,12316361.0,20251113,293.4,282.35,289.55,288.43333333333334,287.875,288.9916666666667,288.9916666666667,287.875,1.1166666666666742,0.3856559028377393,Moderate,Bullish,Above CPR,Cash Only,Diversified,False,False,False,0.38333333333333336,60,3789679.125,False,False,Higher,True,Neutral,False,Bullish Virgin,10.632142857142847,301.645,,0.10502743253835038,3.2499746268095984,False,False,No setup,0.0,None,None,0,No active J-Curve setup.,Neutral,0,Not applicable,No directional setup; confirmation score not applicable.,Standard CPR,Not applicable,Not applicable,Standard CPR; Wide CPR rules not applied
NESCO,EQ,NESCO LTD.,1264.8,1285.2,1259.6,1278.0,100125,127649898.3,20251113,1304.3,1251.0,1270.3,1275.2,1277.65,1272.75,1277.65,1272.75,4.900000000000091,0.3857356529953626,Moderate,Bearish,Above CPR,Cash Only,Diversified,False,False,False,0.31666666666666665,60,102722498.55,False,False,Lower,True,Neutral,False,Bearish Virgin,50.14999999999999,1395.162,,0.09770687936191609,1.2426673815558198,False,False,No setup,0.0,None,None,0,No active J-Curve setup.,Neutral,0,Not applicable,No directional setup; confirmation score not applicable.,Standard CPR,Not applicable,Not applicable,Standard CPR; Wide CPR rules not applied
RPTECH,EQ,RASHI PERIPHERALS LIMITED,334.65,334.65,328.05,330.45,61561,20366747.8,20251113,339.0,328.15,331.65,332.93333333333334,333.575,332.2916666666667,333.575,332.2916666666667,1.283333333333303,0.38695411829739274,Moderate,Bearish,Below CPR,Cash Only,Information Technology,False,False,False,0.5666666666666667,60,48472709.175,False,False,Higher,True,Neutral,False,None,10.024999999999993,321.334,,0.1280133000831226,0.42016937255292175,True,False,No setup,0.0,None,None,0,No active J-Curve setup.,Neutral,0,Not applicable,No directional setup; confirmation score not applicable.,Standard CPR,Not applicable,Not applicable,Standard CPR; Wide CPR rules not applied
ELECTHERM,EQ,ELECTROTHERM (I) LTD.,913.0,938.05,901.0,904.3,18668,17149768.7,20251113,924.85,878.6,907.0,903.4833333333332,901.725,905.2416666666664,905.2416666666664,901.725,3.516666666666424,0.3877251010657579,Moderate,Bullish,Inside CPR,Cash Only,Diversified,False,False,False,0.11666666666666667,60,18078012.225,True,True,Higher,True,Neutral,True,Bullish Virgin,50.01071428571429,1014.6029999999998,,0.07031826513365698,0.9486534518592515,False,False,Watch Long,0.0,None,None,0,No active J-Curve setup.,Long,44,Weak confirmation,CPR width: 0.3877% (12/20); Price location: Inside CPR; watch state (10/20); Trend: opposes SMA direction (0/20); Participation: moderate (0.95x) (12/20); Higher timeframe: unavailable (10/20),Standard CPR,Not applicable,Not applicable,Standard CPR; Wide CPR rules not applied
KOHINOOR,EQ,KOHINOOR FOODS LIMITED,31.5,31.5,30.55,30.93,38998,1204681.75,20251113,31.52,30.7,30.93,31.05,31.11,30.990000000000002,31.11,30.990000000000002,0.11999999999999744,0.38797284190105863,Moderate,Bearish,Below CPR,Cash Only,Diversified,False,False,False,0.6666666666666666,60,1465921.4500000002,False,False,Higher,True,Neutral,False,None,1.0957142857142854,32.919000000000004,,0.10951760104302247,0.8217914745704825,False,False,No setup,0.0,None,None,0,No active J-Curve setup.,Neutral,0,Not applicable,No directional setup; confirmation score not applicable.,Standard CPR,Not applicable,Not applicable,Standard CPR; Wide CPR rules not applied
EIHAHOTELS,EQ,EIH ASSOCIATED HOTELS LTD,368.0,374.15,366.35,371.5,25138,9319353.3,20251113,375.9,366.6,369.1,370.5333333333333,371.25,369.8166666666666,371.25,369.8166666666666,1.433333333333394,0.38833197868691244,Moderate,Bearish,Above CPR,Cash Only,Hotels & Tourism,False,False,False,0.6166666666666667,60,8424110.325,False,False,Higher,True,Neutral,False,None,7.378571428571421,388.00399999999996,,0.1942562116811959,1.1062715159775642,False,False,No setup,0.0,None,None,0,No active J-Curve setup.,Neutral,0,Not applicable,No directional setup; confirmation score not applicable.,Standard CPR,Not applicable,Not applicable,Standard CPR; Wide CPR rules not applied
SGLTL,EQ,STANDARD GLASS LIN TECH L,170.9,172.03,166.0,167.33,186589,31463363.49,20251113,171.8,167.03,170.41,169.74666666666667,169.41500000000002,170.07833333333332,170.07833333333332,169.41500000000002,0.6633333333332985,0.3892572814584229,Moderate,Bullish,Below CPR,Cash Only,Diversified,False,False,False,0.38636363636363635,45,43715728.54,False,False,Higher,True,Neutral,False,None,6.472857142857143,,,0.1024792172441644,0.7197263900385634,False,False,No setup,0.0,None,None,0,No active J-Curve setup.,Neutral,0,Not applicable,No directional setup; confirmation score not applicable.,Standard CPR,Not applicable,Not applicable,Standard CPR; Wide CPR rules not applied
GHCL,EQ,GHCL LIMITED,627.7,643.45,624.55,641.2,396443,252760473.0,20251113,628.7,613.0,624.5,622.0666666666667,620.85,623.2833333333334,623.2833333333334,620.85,2.433333333333394,0.38964504937284133,Moderate,Bullish,Above CPR,Cash Only,Diversified,False,False,False,0.5833333333333334,60,59455502.475,False,False,Higher,True,Neutral,False,Bullish Virgin,15.575000000000014,605.57,,0.1562332798287892,4.251254509307719,True,False,No setup,0.0,None,None,0,No active J-Curve setup.,Neutral,0,Not applicable,No directional setup; confirmation score not applicable.,Standard CPR,Not applicable,Not applicable,Standard CPR; Wide CPR rules not applied
ARIHANTSUP,EQ,ARIHANT SUPERSTRUCT LTD,375.1,390.35,375.1,384.8,59057,22593743.9,20251113,402.0,387.2,392.3,393.8333333333333,394.6,393.0666666666666,394.6,393.0666666666666,1.5333333333334167,0.39085733707198994,Moderate,Bearish,Below CPR,Cash Only,Diversified,False,False,False,0.5666666666666667,60,12688029.325,False,False,Lower,True,Neutral,False,Bearish Virgin,11.764285714285714,408.094,,0.13033798826149262,1.7807134048375948,False,False,No setup,0.0,None,None,0,No active J-Curve setup.,Neutral,0,Not applicable,No directional setup; confirmation score not applicable.,Standard CPR,Not applicable,Not applicable,Standard CPR; Wide CPR rules not applied
BLUESTARCO,EQ,BLUE STAR LIMITED,1797.0,1807.0,1780.2,1787.7,317336,570316562.8,20251113,1802.9,1772.0,1798.0,1790.9666666666665,1787.45,1794.483333333333,1794.483333333333,1787.45,7.033333333332848,0.3911753800518825,Moderate,Bullish,Inside CPR,Cash Only,Consumer Durables,True,False,False,0.5833333333333334,60,636269749.25,False,False,Higher,True,Neutral,False,Bullish Virgin,64.44285714285718,1911.6840000000002,,0.10914061922706697,0.8963439853493868,False,False,No setup,0.0,None,None,0,No active J-Curve setup.,Neutral,0,Not applicable,No directional setup; confirmation score not applicable.,Standard CPR,Not applicable,Not applicable,Standard CPR; Wide CPR rules not applied
TICL,EQ,TWAMEV CONS AND INFRA LTD,33.13,33.7,32.73,33.06,2116431,70376196.58,20251113,33.8,32.07,33.13,33.0,32.935,33.065,33.065,32.935,0.12999999999999545,0.39239360096587816,Moderate,Bullish,Inside CPR,Cash Only,Diversified,False,False,False,0.25,41,29344195.08,True,False,Lower,True,Neutral,True,None,1.443571428571429,,,0.09005442850073904,2.398300460726081,False,False,Watch Long,0.0,None,None,0,No active J-Curve setup.,Long,52,Mixed,CPR width: 0.3924% (12/20); Price location: Inside CPR; watch state (10/20); Trend: opposes SMA direction (0/20); Participation: confirmed (2.40x) (20/20); Higher timeframe: unavailable (10/20),Standard CPR,Not applicable,Not applicable,Standard CPR; Wide CPR rules not applied
SALZERELEC,EQ,SALZER ELECTRONICS LTD,690.0,809.0,690.0,782.55,1414277,1096027486.55,20251113,700.0,686.05,688.95,691.6666666666666,693.025,690.3083333333333,693.025,690.3083333333333,2.716666666666697,0.39431985872221453,Moderate,Bearish,Above CPR,Cash Only,Diversified,False,False,False,0.26666666666666666,60,38171370.375,True,True,Overlapping,True,Neutral,False,None,37.71428571428572,809.852,,0.07203282828282907,28.71333870863157,False,False,No setup,0.0,None,None,0,No active J-Curve setup.,Neutral,0,Not applicable,No directional setup; confirmation score not applicable.,Standard CPR,Not applicable,Not applicable,Standard CPR; Wide CPR rules not applied
APOLSINHOT,EQ,APOLLO SINDOORI HOTEL LTD,1302.3,1370.0,1302.3,1350.7,3428,4601721.0,20251113,1316.4,1300.0,1300.5,1305.6333333333334,1308.2,1303.0666666666668,1308.2,1303.0666666666668,5.133333333333212,0.39471997949505666,Moderate,Bearish,Above CPR,Cash Only,Diversified,False,False,False,0.6166666666666667,60,997753.25,False,False,Higher,True,Neutral,False,None,38.20714285714288,1350.672,,0.134355331214554,4.612083197924938,True,False,No setup,0.0,None,None,0,No active J-Curve setup.,Neutral,0,Not applicable,No directional setup; confirmation score not applicable.,Standard CPR,Not applicable,Not applicable,Standard CPR; Wide CPR rules not applied
TINNARUBR,EQ,TINNA RUBBER AND INFR LTD,934.05,935.05,900.0,907.05,15642,14224670.55,20251113,937.35,892.25,920.25,916.6166666666667,914.8,918.4333333333334,918.4333333333334,914.8,3.6333333333334394,0.3948202481209932,Moderate,Bullish,Below CPR,Cash Only,Diversified,False,False,False,0.48333333333333334,60,15689353.3,False,False,Higher,True,Neutral,False,None,28.88928571428571,927.877,,0.12576750319364113,0.9066447977814357,False,False,No setup,0.0,None,None,0,No active J-Curve setup.,Neutral,0,Not applicable,No directional setup; confirmation score not applicable.,Standard CPR,Not applicable,Not applicable,Standard CPR; Wide CPR rules not applied
TNTELE,EQ,TAMILNADU TELECOMMUNICATI,12.12,12.24,11.64,12.01,50086,597021.14,20251113,12.25,11.51,11.81,11.856666666666667,11.879999999999999,11.833333333333336,11.879999999999999,11.833333333333336,0.0466666666666633,0.3951453570420263,Moderate,Bearish,Above CPR,Cash Only,Diversified,False,False,False,0.19230769230769232,27,608463.93,True,True,Overlapping,True,Neutral,True,None,0.7099999999999997,,,0.06572769953051172,0.9811939715144659,False,False,No setup,0.0,None,None,0,No active J-Curve setup.,Neutral,0,Not applicable,No directional setup; confirmation score not applicable.,Standard CPR,Not applicable,Not applicable,Standard CPR; Wide CPR rules not applied
SUPERSPIN,EQ,SUPER SPINNING MILLS LTD,9.5,9.5,9.23,9.37,13763,127698.84,20251113,9.45,9.2,9.27,9.306666666666667,9.325,9.288333333333334,9.325,9.288333333333334,0.03666666666666529,0.39554117224018653,Moderate,Bearish,Above CPR,Cash Only,Textiles & Apparel,False,False,False,0.38333333333333336,60,247037.21500000003,False,False,Higher,True,Neutral,False,None,0.4385714285714286,9.2822,,0.0836047774158492,0.5169214686945042,True,False,No setup,0.0,None,None,0,No active J-Curve setup.,Neutral,0,Not applicable,No directional setup; confirmation score not applicable.,Standard CPR,Not applicable,Not applicable,Standard CPR; Wide CPR rules not applied
KESORAMIND,EQ,KESORAM INDUSTRIES LTD,5.05,5.07,4.92,4.97,717814,3582464.5,20251113,5.1,5.02,5.03,5.05,5.06,5.04,5.06,5.04,0.019999999999999574,0.3976143141152997,Moderate,Bearish,Below CPR,Cash Only,Diversified,False,False,False,0.4,46,4513693.74,False,False,Lower,True,Neutral,False,None,0.14000000000000026,,,0.14285714285713955,0.7936879873467002,False,False,No setup,0.0,None,None,0,No active J-Curve setup.,Neutral,0,Not applicable,No directional setup; confirmation score not applicable.,Standard CPR,Not applicable,Not applicable,Standard CPR; Wide CPR rules not applied
SPIC,EQ,SPIC LTD,89.57,90.49,88.88,89.22,399998,35835427.1,20251113,89.49,87.15,88.85,88.49666666666667,88.32,88.67333333333335,88.67333333333335,88.32,0.35333333333335304,0.39767398236730783,Moderate,Bullish,Above CPR,Cash Only,Diversified,False,False,False,0.31666666666666665,60,112845432.095,False,False,Higher,True,Neutral,False,Bullish Virgin,2.1671428571428555,96.8158,,0.1630410898703674,0.3175620531084644,False,False,No setup,0.0,None,None,0,No active J-Curve setup.,Neutral,0,Not applicable,No directional setup; confirmation score not applicable.,Standard CPR,Not applicable,Not applicable,Standard CPR; Wide CPR rules not applied
AEROENTER,EQ,AEROFLEX ENTERPRISES LTD,89.95,92.5,86.68,90.32,412174,36705952.85,20251113,92.29,88.12,89.67,90.02666666666669,90.20500000000001,89.84833333333336,90.20500000000001,89.84833333333336,0.3566666666666549,0.3977547303074104,Moderate,Bearish,Above CPR,Cash Only,Diversified,False,False,False,0.48333333333333334,60,12863895.01,False,False,Higher,True,Neutral,False,None,3.4550000000000005,86.13459999999999,,0.10323203087312731,2.8534089264150486,True,False,No setup,0.0,None,None,0,No active J-Curve setup.,Neutral,0,Not applicable,No directional setup; confirmation score not applicable.,Standard CPR,Not applicable,Not applicable,Standard CPR; Wide CPR rules not applied
VINYLINDIA,EQ,VINYL CHEMICALS (I) LTD.,259.45,268.0,258.25,265.25,7061,1867272.55,20251113,265.0,257.0,259.45,260.48333333333335,261.0,259.9666666666667,261.0,259.9666666666667,1.033333333333303,0.39827840945588866,Moderate,Bearish,Above CPR,Cash Only,Diversified,False,False,False,0.4666666666666667,46,2527279.175,False,False,Lower,True,Neutral,False,None,9.442857142857141,,,0.10943015632879156,0.738846965729459,False,False,No setup,0.0,None,None,0,No active J-Curve setup.,Neutral,0,Not applicable,No directional setup; confirmation score not applicable.,Standard CPR,Not applicable,Not applicable,Standard CPR; Wide CPR rules not applied
PVSL,EQ,POPULAR VEHICLES N SER L,144.9,149.0,144.52,147.24,36655,5387707.25,20251113,148.6,143.82,147.09,146.50333333333333,146.20999999999998,146.79666666666668,146.79666666666668,146.20999999999998,0.5866666666667015,0.3988487773925498,Moderate,Bullish,Above CPR,Cash Only,Diversified,False,False,False,0.4,60,10325040.625,False,False,Higher,True,Neutral,False,None,6.315714285714285,143.3164,,0.09288999472216493,0.521809787068029,True,False,No setup,0.0,None,None,0,No active J-Curve setup.,Neutral,0,Not applicable,No directional setup; confirmation score not applicable.,Standard CPR,Not applicable,Not applicable,Standard CPR; Wide CPR rules not applied
AJOONI,EQ,AJOONI BIOTECH LIMITED,4.96,5.26,4.96,5.1,832180,4266438.07,20251113,5.0,4.92,4.99,4.97,4.96,4.9799999999999995,4.9799999999999995,4.96,0.019999999999999574,0.4008016032064043,Moderate,Bullish,Above CPR,Cash Only,Diversified,False,False,False,0.48333333333333334,60,1783783.29,False,False,Higher,True,Neutral,False,Bullish Virgin,0.15214285714285714,5.223199999999999,,0.13145539906103007,2.3917917013338545,False,False,No setup,0.0,None,None,0,No active J-Curve setup.,Neutral,0,Not applicable,No directional setup; confirmation score not applicable.,Standard CPR,Not applicable,Not applicable,Standard CPR; Wide CPR rules not applied
MCX,EQ,MULTI COMMODITY EXCHANGE,9485.0,9723.0,9465.0,9597.0,617697,5949458010.5,20251113,9599.0,9378.5,9432.0,9469.833333333334,9488.75,9450.916666666668,9488.75,9450.916666666668,37.83333333333212,0.4011167656205695,Moderate,Bearish,Above CPR,Cash Only,Financial Services,True,False,False,0.38333333333333336,60,3813536700.25,True,False,Lower,True,Neutral,False,None,295.7142857142857,8532.69,,0.12793880837358687,1.5600893548788917,True,False,No setup,0.0,None,None,0,No active J-Curve setup.,Neutral,0,Not applicable,No directional setup; confirmation score not applicable.,Standard CPR,Not applicable,Not applicable,Standard CPR; Wide CPR rules not applied
KAYNES,EQ,KAYNES TECHNOLOGY IND LTD,6435.0,6497.5,6360.0,6376.5,284213,1824229766.0,20251113,6529.0,6415.5,6433.5,6459.333333333333,6472.25,6446.416666666666,6472.25,6446.416666666666,25.83333333333394,0.40154400145074903,Moderate,Bearish,Below CPR,Cash Only,Capital Goods,True,False,False,0.5166666666666667,60,2664596162.25,False,False,Higher,True,Neutral,False,None,204.5,6950.04,,0.12632436837816108,0.6846177262597309,False,False,No setup,0.0,None,None,0,No active J-Curve setup.,Neutral,0,Not applicable,No directional setup; confirmation score not applicable.,Standard CPR,Not applicable,Not applicable,Standard CPR; Wide CPR rules not applied
PARADEEP,EQ,PARADEEP PHOSPHATES LTD,161.3,166.12,160.76,162.58,5010528,820743834.01,20251113,164.93,158.87,160.93,161.57666666666668,161.9,161.25333333333336,161.9,161.25333333333336,0.646666666666647,0.40183102384058095,Moderate,Bearish,Above CPR,Cash Only,Chemicals,True,False,False,0.31666666666666665,60,1328122049.315,True,False,Inside,True,Neutral,False,None,6.954285714285711,179.7334,,0.0929882224048178,0.6179732009067326,False,False,No setup,0.0,None,None,0,No active J-Curve setup.,Neutral,0,Not applicable,No directional setup; confirmation score not applicable.,Standard CPR,Not applicable,Not applicable,Standard CPR; Wide CPR rules not applied
ASHAPURMIN,EQ,ASHAPURA MINECHEM LTD,661.95,665.0,635.1,638.25,444602,287680752.85,20251113,663.0,647.85,659.4,656.75,655.425,658.075,658.075,655.425,2.650000000000091,0.40188049742191245,Moderate,Bullish,Below CPR,Cash Only,Diversified,False,False,False,0.31666666666666665,60,342580276.975,False,False,Higher,True,Neutral,False,None,24.410714285714278,638.2270000000001,,0.10855888807608277,0.83974697956997,True,False,No setup,0.0,None,None,0,No active J-Curve setup.,Neutral,0,Not applicable,No directional setup; confirmation score not applicable.,Standard CPR,Not applicable,Not applicable,Standard CPR; Wide CPR rules not applied
DIFFNKG,EQ,DIFFUSION ENGINEERS LTD,372.7,376.8,369.15,371.7,36453,13567626.4,20251113,376.3,366.05,368.95,370.43333333333334,371.175,369.69166666666666,371.175,369.69166666666666,1.4833333333333485,0.4020418304196635,Moderate,Bearish,Above CPR,Cash Only,Diversified,False,False,False,0.2833333333333333,60,55741993.099999994,True,True,Lower,True,Neutral,False,None,11.69285714285713,375.889,,0.12685807371207636,0.24340045350836229,False,False,No setup,0.0,None,None,0,No active J-Curve setup.,Neutral,0,Not applicable,No directional setup; confirmation score not applicable.,Standard CPR,Not applicable,Not applicable,Standard CPR; Wide CPR rules not applied
ZAGGLE,EQ,ZAGGLE PREPA OCEAN SER L,391.1,399.35,382.0,384.6,1546957,605370975.4,20251113,397.8,376.6,389.55,387.98333333333335,387.20000000000005,388.76666666666665,388.76666666666665,387.20000000000005,1.566666666666606,0.4021734479955349,Moderate,Bullish,Below CPR,Cash Only,Diversified,False,False,False,0.31666666666666665,60,246615304.575,True,False,Higher,True,Neutral,False,Bullish Virgin,13.735714285714286,361.77299999999997,,0.11405789564915489,2.4547177898924604,True,False,No setup,0.0,None,None,0,No active J-Curve setup.,Neutral,0,Not applicable,No directional setup; confirmation score not applicable.,Standard CPR,Not applicable,Not applicable,Standard CPR; Wide CPR rules not applied
ADVENZYMES,EQ,ADVANCED ENZYME TECH LTD,337.0,353.3,336.9,341.35,1333212,462363484.75,20251113,347.7,310.0,330.85,329.5166666666667,328.85,330.1833333333334,330.1833333333334,328.85,1.3333333333333712,0.4030023676389213,Moderate,Bullish,Above CPR,Cash Only,Diversified,False,False,False,0.4666666666666667,60,52417993.3,False,False,Higher,True,Neutral,False,Bullish Virgin,11.449999999999985,323.547,,0.11644832605531642,8.820701740789456,True,False,No setup,0.0,None,None,0,No active J-Curve setup.,Neutral,0,Not applicable,No directional setup; confirmation score not applicable.,Standard CPR,Not applicable,Not applicable,Standard CPR; Wide CPR rules not applied
SINDHUTRAD,EQ,SINDHU TRADE LINKS LTD,24.15,24.36,23.65,23.77,1107492,26559071.44,20251113,24.44,23.71,23.93,24.02666666666667,24.075000000000003,23.97833333333334,24.075000000000003,23.97833333333334,0.09666666666666401,0.4039559827273883,Moderate,Bearish,Below CPR,Cash Only,Diversified,False,False,False,0.4,60,22002489.15,False,False,Higher,True,Neutral,False,None,0.8728571428571426,25.8414,,0.11074740861974604,1.2070939455502472,False,False,No setup,0.0,None,None,0,No active J-Curve setup.,Neutral,0,Not applicable,No directional setup; confirmation score not applicable.,Standard CPR,Not applicable,Not applicable,Standard CPR; Wide CPR rules not applied
SIS,EQ,SIS LIMITED,336.0,338.7,334.2,335.9,189539,63854796.45,20251113,337.7,332.0,336.9,335.53333333333336,334.85,336.2166666666667,336.2166666666667,334.85,1.3666666666666742,0.4056594439497401,Moderate,Bullish,Inside CPR,Cash Only,Diversified,False,False,False,0.6833333333333333,60,18355902.475,False,False,Overlapping,True,Neutral,False,None,7.985714285714287,342.474,,0.17113893858079998,3.4787064562457584,False,False,No setup,0.0,None,None,0,No active J-Curve setup.,Neutral,0,Not applicable,No directional setup; confirmation score not applicable.,Standard CPR,Not applicable,Not applicable,Standard CPR; Wide CPR rules not applied
EPACK,EQ,EPACK DURABLE LIMITED,288.8,290.85,279.55,282.1,621441,177045466.5,20251113,290.0,281.5,287.5,286.3333333333333,285.75,286.91666666666663,286.91666666666663,285.75,1.1666666666666288,0.4057971014492622,Moderate,Bullish,Below CPR,Cash Only,Paper & Packaging,False,False,False,0.45,60,205209407.7,False,False,Higher,True,Neutral,False,None,12.43571428571428,351.555,,0.09381581466589782,0.8627551167577392,False,False,No setup,0.0,None,None,0,No active J-Curve setup.,Neutral,0,Not applicable,No directional setup; confirmation score not applicable.,Standard CPR,Not applicable,Not applicable,Standard CPR; Wide CPR rules not applied
NMDC,EQ,NMDC LTD.,77.5,78.64,77.08,77.39,42475486,3311959690.56,20251113,77.42,76.0,77.18,76.86666666666667,76.71000000000001,77.02333333333334,77.02333333333334,76.71000000000001,0.3133333333333326,0.40597736892113573,Moderate,Bullish,Above CPR,Cash Only,Metals & Mining,True,False,False,0.5833333333333334,60,1267860970.845,False,False,Higher,True,Neutral,False,Bullish Virgin,1.6507142857142878,75.692,,0.1898168181162549,2.612242009747059,True,False,No setup,0.0,None,None,0,No active J-Curve setup.,Neutral,0,Not applicable,No directional setup; confirmation score not applicable.,Standard CPR,Not applicable,Not applicable,Standard CPR; Wide CPR rules not applied
SKYGOLD,EQ,SKY GOLD AND DIAMONDS LTD,356.0,372.5,334.0,344.8,4615473,1620668853.75,20251113,353.8,347.9,353.0,351.56666666666666,350.85,352.2833333333333,352.2833333333333,350.85,1.4333333333332803,0.4060434372048952,Moderate,Bullish,Below CPR,Cash Only,Diversified,False,False,False,0.5166666666666667,60,209856742.0,False,False,Higher,True,Neutral,False,None,15.05357142857142,315.06899999999996,,0.09521550019770314,7.722739037614526,True,False,No setup,0.0,None,None,0,No active J-Curve setup.,Neutral,0,Not applicable,No directional setup; confirmation score not applicable.,Standard CPR,Not applicable,Not applicable,Standard CPR; Wide CPR rules not applied
HYUNDAI,EQ,HYUNDAI MOTOR INDIA LTD,2400.0,2444.9,2398.6,2415.2,541055,1314159798.9,20251113,2408.6,2352.2,2395.0,2385.2666666666664,2380.3999999999996,2390.133333333333,2390.133333333333,2380.3999999999996,9.733333333333576,0.4064022268615272,Moderate,Bullish,Above CPR,Cash Only,Automobile and Auto Components,True,False,False,0.4166666666666667,60,2133830423.95,False,False,Higher,True,Neutral,False,Bullish Virgin,56.642857142857146,2480.152,,0.17183690626314005,0.6158689013662659,False,False,No setup,0.0,None,None,0,No active J-Curve setup.,Neutral,0,Not applicable,No directional setup; confirmation score not applicable.,Standard CPR,Not applicable,Not applicable,Standard CPR; Wide CPR rules not applied
GOACARBON,EQ,GOA CARBON LIMITED,437.85,437.85,431.5,432.2,3587,1552412.9,20251113,441.0,432.5,434.1,435.8666666666666,436.75,434.98333333333323,436.75,434.98333333333323,1.7666666666667652,0.4069722798126618,Moderate,Bearish,Below CPR,Cash Only,Diversified,False,False,False,0.6166666666666667,60,4755447.45,False,False,Higher,True,Neutral,False,None,13.303571428571416,446.54900000000004,,0.13279642058166302,0.3264493859563099,False,False,No setup,0.0,None,None,0,No active J-Curve setup.,Neutral,0,Not applicable,No directional setup; confirmation score not applicable.,Standard CPR,Not applicable,Not applicable,Standard CPR; Wide CPR rules not applied
COFORGE,EQ,COFORGE LIMITED,1830.0,1830.0,1798.4,1810.2,1550251,2818365959.5,20251113,1832.0,1801.0,1827.7,1820.2333333333333,1816.5,1823.9666666666667,1823.9666666666667,1816.5,7.466666666666697,0.40852802246904285,Moderate,Bullish,Below CPR,Cash Only,Information Technology,True,False,False,0.5333333333333333,60,2414942797.1499996,False,False,Higher,True,Neutral,False,Bullish Virgin,42.22857142857145,1728.1859999999997,,0.17681551646369031,1.1670528854042013,True,False,No setup,0.0,None,None,0,No active J-Curve setup.,Neutral,0,Not applicable,No directional setup; confirmation score not applicable.,Standard CPR,Not applicable,Not applicable,Standard CPR; Wide CPR rules not applied
VENUSREM,EQ,VENUS REMEDIES LIMITED,540.8,581.0,534.05,563.6,238552,135235824.25,20251113,552.4,516.5,537.75,535.5500000000001,534.45,536.6500000000001,536.6500000000001,534.45,2.2000000000000455,0.40911204091121256,Moderate,Bullish,Above CPR,Cash Only,Diversified,False,False,False,0.38636363636363635,45,10294009.55,True,False,Inside,True,Neutral,False,None,23.146428571428572,,,0.09504706063879227,13.1373323089641,False,False,No setup,0.0,None,None,0,No active J-Curve setup.,Neutral,0,Not applicable,No directional setup; confirmation score not applicable.,Standard CPR,Not applicable,Not applicable,Standard CPR; Wide CPR rules not applied
SUNFLAG,EQ,SUNFLAG IRON AND STEEL CO,269.8,273.7,266.6,267.95,171534,46416601.4,20251113,269.5,264.1,268.45,267.34999999999997,266.8,267.8999999999999,267.8999999999999,266.8,1.099999999999909,0.4097597317935962,Moderate,Bullish,Above CPR,Cash Only,Diversified,False,False,False,0.4666666666666667,60,48461085.4,False,False,Lower,True,Neutral,False,None,8.996428571428567,265.37699999999995,,0.12227074235806856,0.9578118405082194,True,False,No setup,0.0,None,None,0,No active J-Curve setup.,Neutral,0,Not applicable,No directional setup; confirmation score not applicable.,Standard CPR,Not applicable,Not applicable,Standard CPR; Wide CPR rules not applied
ELGIEQUIP,EQ,ELGI EQUIPMENTS LTD,502.0,507.9,490.8,500.0,1084726,543642010.55,20251113,493.0,484.55,491.8,489.7833333333333,488.775,490.79166666666663,490.79166666666663,488.775,2.0166666666666515,0.410058289277481,Moderate,Bullish,Above CPR,Cash Only,Capital Goods,True,False,False,0.5666666666666667,60,122052486.625,False,False,Higher,True,Neutral,False,Bullish Virgin,12.799999999999986,484.12,,0.15755208333333232,4.454165790331762,True,False,No setup,0.0,None,None,0,No active J-Curve setup.,Neutral,0,Not applicable,No directional setup; confirmation score not applicable.,Standard CPR,Not applicable,Not applicable,Standard CPR; Wide CPR rules not applied
BPL,EQ,BPL LTD,71.99,72.3,65.99,67.53,330974,22681984.6,20251113,73.88,71.67,72.33,72.62666666666667,72.775,72.47833333333332,72.775,72.47833333333332,0.29666666666668107,0.4101571500991028,Moderate,Bearish,Below CPR,Cash Only,Diversified,False,False,False,0.35,60,4231189.15,False,False,Higher,True,Neutral,False,None,2.607142857142855,78.57939999999999,,0.11378995433790516,5.360664294575439,False,False,No setup,0.0,None,None,0,No active J-Curve setup.,Neutral,0,Not applicable,No directional setup; confirmation score not applicable.,Standard CPR,Not applicable,Not applicable,Standard CPR; Wide CPR rules not applied
KOTHARIPRO,EQ,KOTHARI PRODUCTS LTD,89.9,89.9,86.01,86.59,9274,811521.48,20251113,88.79,87.08,88.48,88.11666666666667,87.935,88.29833333333335,88.29833333333335,87.935,0.36333333333334394,0.41063893911996374,Moderate,Bullish,Below CPR,Cash Only,Diversified,False,False,False,0.3333333333333333,60,1769651.995,False,False,Higher,True,Neutral,False,None,3.122857142857146,87.42560000000002,,0.11634644708752997,0.4585768740367509,False,False,No setup,0.0,None,None,0,No active J-Curve setup.,Neutral,0,Not applicable,No directional setup; confirmation score not applicable.,Standard CPR,Not applicable,Not applicable,Standard CPR; Wide CPR rules not applied
CELLO,EQ,CELLO WORLD LIMITED,613.95,630.9,612.2,623.8,457382,285471398.6,20251113,625.0,605.15,611.3,613.8166666666667,615.075,612.5583333333334,615.075,612.5583333333334,2.5166666666666515,0.4116909318937758,Moderate,Bearish,Above CPR,Cash Only,Diversified,False,False,False,0.4666666666666667,60,122911352.3,False,False,Higher,True,Neutral,False,None,25.23928571428574,612.029,,0.09971227772274822,2.3225795929998894,True,False,No setup,0.0,None,None,0,No active J-Curve setup.,Neutral,0,Not applicable,No directional setup; confirmation score not applicable.,Standard CPR,Not applicable,Not applicable,Standard CPR; Wide CPR rules not applied
DENTA,EQ,DENTA WATER N INFRA SOL L,408.7,408.7,400.0,402.9,152576,61703270.65,20251113,413.65,399.0,408.85,407.1666666666667,406.325,408.0083333333334,408.0083333333334,406.325,1.683333333333394,0.4117239411357206,Moderate,Bullish,Below CPR,Cash Only,Diversified,False,False,False,0.26666666666666666,60,235061172.05,True,False,Lower,True,Neutral,False,Bearish Virgin,14.950000000000005,425.009,,0.11259754738016009,0.2624987789853913,False,False,No setup,0.0,None,None,0,No active J-Curve setup.,Neutral,0,Not applicable,No directional setup; confirmation score not applicable.,Standard CPR,Not applicable,Not applicable,Standard CPR; Wide CPR rules not applied
TOTAL,EQ,TOTAL TRANSPORT SYS LTD,67.5,69.95,67.31,67.41,1051,71198.05,20251113,69.49,67.2,68.77,68.48666666666666,68.345,68.62833333333333,68.62833333333333,68.345,0.28333333333333144,0.4120013571809386,Moderate,Bullish,Below CPR,Cash Only,Diversified,False,False,False,0.2833333333333333,60,370140.71499999997,True,False,Overlapping,True,Neutral,False,None,3.1199999999999997,70.0714,,0.09081196581196521,0.19235400785347273,False,False,No setup,0.0,None,None,0,No active J-Curve setup.,Neutral,0,Not applicable,No directional setup; confirmation score not applicable.,Standard CPR,Not applicable,Not applicable,Standard CPR; Wide CPR rules not applied
INFIBEAM,EQ,INFIBEAM AVENUES LIMITED,17.79,19.48,17.53,19.2,81638884,1538917903.69,20251113,18.17,17.61,17.78,17.853333333333335,17.89,17.81666666666667,17.89,17.81666666666667,0.07333333333333059,0.4124484439444915,Moderate,Bearish,Above CPR,Cash Only,Diversified,False,False,False,0.5333333333333333,60,148627103.525,False,False,Higher,True,Neutral,False,None,0.7057142857142856,17.5918,,0.10391363022941583,10.354221183023624,True,False,No setup,0.0,None,None,0,No active J-Curve setup.,Neutral,0,Not applicable,No directional setup; confirmation score not applicable.,Standard CPR,Not applicable,Not applicable,Standard CPR; Wide CPR rules not applied
EFCIL,EQ,EFC (I) LIMITED,309.6,309.6,300.15,301.35,189139,57285190.85,20251113,315.0,295.0,306.9,305.6333333333333,305.0,306.26666666666665,306.26666666666665,305.0,1.2666666666666515,0.41272944498750463,Moderate,Bullish,Below CPR,Cash Only,Diversified,False,False,False,0.42105263157894735,58,102636087.725,True,False,Higher,True,Neutral,False,None,12.114285714285712,306.219,,0.10455974842767173,0.5581388780473414,False,False,No setup,0.0,None,None,0,No active J-Curve setup.,Neutral,0,Not applicable,No directional setup; confirmation score not applicable.,Standard CPR,Not applicable,Not applicable,Standard CPR; Wide CPR rules not applied
CONFIPET,EQ,CONFIDENCE PETRO IND LTD.,41.18,41.64,40.8,41.04,375631,15438643.52,20251113,41.68,40.17,41.18,41.01,40.925,41.095,41.095,40.925,0.1700000000000017,0.4128217581350211,Moderate,Bullish,Inside CPR,Cash Only,Diversified,False,False,False,0.4166666666666667,60,18788500.23,False,False,Higher,True,Neutral,False,Bullish Virgin,1.2285714285714289,44.4786,,0.13837209302325718,0.8217070724649319,False,False,No setup,0.0,None,None,0,No active J-Curve setup.,Neutral,0,Not applicable,No directional setup; confirmation score not applicable.,Standard CPR,Not applicable,Not applicable,Standard CPR; Wide CPR rules not applied
STLTECH,EQ,STERLITE TECHNOLOGIES LTD,113.0,119.4,112.9,117.02,2064351,241225888.02,20251113,114.71,112.25,112.78,113.24666666666667,113.47999999999999,113.01333333333335,113.47999999999999,113.01333333333335,0.46666666666664014,0.41378495005022176,Moderate,Bearish,Above CPR,Cash Only,Telecom Cables,False,False,False,0.3333333333333333,60,170311594.89499998,False,False,Lower,True,Neutral,False,None,5.2892857142857155,117.88860000000001,,0.08822867431914869,1.416379713716614,False,False,No setup,0.0,None,None,0,No active J-Curve setup.,Neutral,0,Not applicable,No directional setup; confirmation score not applicable.,Standard CPR,Not applicable,Not applicable,Standard CPR; Wide CPR rules not applied
PUNJABCHEM,EQ,PUNJAB CHEM & CROP PROT L,1307.5,1325.4,1278.9,1282.1,5823,7568805.9,20251113,1319.5,1288.0,1311.9,1306.4666666666667,1303.75,1309.1833333333334,1309.1833333333334,1303.75,5.433333333333394,0.4141575831491267,Moderate,Bullish,Below CPR,Cash Only,Chemicals & Fertilizers,False,False,False,0.36666666666666664,60,19688248.55,False,False,Higher,True,Neutral,False,None,67.74285714285718,1293.674,,0.08020525797835036,0.38443266706931123,False,False,No setup,0.0,None,None,0,No active J-Curve setup.,Neutral,0,Not applicable,No directional setup; confirmation score not applicable.,Standard CPR,Not applicable,Not applicable,Standard CPR; Wide CPR rules not applied
AVTNPL,EQ,AVT NATURAL PRODUCTS LTD,69.7,75.69,68.9,70.03,986070,70739259.13,20251113,70.01,69.0,69.94,69.64999999999999,69.505,69.79499999999999,69.79499999999999,69.505,0.28999999999999204,0.4146411209608122,Moderate,Bullish,Above CPR,Cash Only,Diversified,False,False,False,0.5666666666666667,60,4630360.055,False,False,Overlapping,True,Neutral,False,None,2.916428571428573,71.967,,0.0994366887092796,15.277269648526286,False,False,No setup,0.0,None,None,0,No active J-Curve setup.,Neutral,0,Not applicable,No directional setup; confirmation score not applicable.,Standard CPR,Not applicable,Not applicable,Standard CPR; Wide CPR rules not applied
APEX,EQ,APEX FROZEN FOODS LIMITED,268.25,294.84,262.2,286.16,1536017,439236781.56,20251113,273.69,266.35,268.35,269.4633333333333,270.02,268.90666666666664,270.02,268.90666666666664,1.113333333333344,0.41488106328799845,Moderate,Bearish,Above CPR,Cash Only,Diversified,False,False,False,0.43333333333333335,60,13234410.175,False,False,Inside,True,Neutral,False,None,13.632142857142851,235.6498,,0.08166972316828307,33.18899563727629,True,False,No setup,0.0,None,None,0,No active J-Curve setup.,Neutral,0,Not applicable,No directional setup; confirmation score not applicable.,Standard CPR,Not applicable,Not applicable,Standard CPR; Wide CPR rules not applied
LINCOLN,EQ,LINCOLN PHARMA LTD,530.0,540.0,490.0,506.0,207173,105870918.6,20251113,531.0,522.0,529.8,527.6,526.5,528.7,528.7,526.5,2.2000000000000455,0.41525103812760394,Moderate,Bullish,Below CPR,Cash Only,Diversified,False,False,False,0.7333333333333333,60,10745520.325,False,False,Higher,True,Neutral,False,None,11.949999999999998,536.462,,0.18410041841004568,9.852563244767769,False,False,No setup,0.0,None,None,0,No active J-Curve setup.,Neutral,0,Not applicable,No directional setup; confirmation score not applicable.,Standard CPR,Not applicable,Not applicable,Standard CPR; Wide CPR rules not applied
DIXON,EQ,DIXON TECHNO (INDIA) LTD,15383.0,15579.0,15227.0,15323.0,244819,3778903780.0,20251113,15369.0,15054.0,15307.0,15243.333333333334,15211.5,15275.166666666668,15275.166666666668,15211.5,63.66666666666788,0.4159317088042587,Moderate,Bullish,Above CPR,Cash Only,Consumer Durables,True,False,False,0.6833333333333333,60,3588909195.5,False,False,Higher,True,Neutral,False,Bullish Virgin,302.7142857142857,16796.38,,0.21031933301872352,1.0529393679667982,False,False,No setup,0.0,None,None,0,No active J-Curve setup.,Neutral,0,Not applicable,No directional setup; confirmation score not applicable.,Standard CPR,Not applicable,Not applicable,Standard CPR; Wide CPR rules not applied
GUJGASLTD,EQ,GUJARAT GAS LIMITED,410.0,410.6,405.15,410.0,354745,145046483.35,20251113,409.0,402.0,408.05,406.34999999999997,405.5,407.19999999999993,407.19999999999993,405.5,1.6999999999999318,0.4166156108319891,Moderate,Bullish,Above CPR,Cash Only,Energy & Gas,False,False,False,0.7166666666666667,60,100213306.525,False,False,Higher,True,Neutral,False,Bullish Virgin,7.271428571428568,424.21,,0.23379174852651333,1.4473774828876198,False,False,No setup,0.0,None,None,0,No active J-Curve setup.,Neutral,0,Not applicable,No directional setup; confirmation score not applicable.,Standard CPR,Not applicable,Not applicable,Standard CPR; Wide CPR rules not applied
WORTHPERI,EQ,WORTH PERIPHERALS LIMITED,152.16,153.5,150.0,150.42,5746,870587.88,20251113,154.19,149.9,151.1,151.73000000000002,152.04500000000002,151.41500000000002,152.04500000000002,151.41500000000002,0.6299999999999955,0.4169424222369262,Moderate,Bearish,Below CPR,Cash Only,Diversified,False,False,False,0.45454545454545453,23,1788649.95,True,False,Inside,True,Neutral,False,None,6.016428571428571,,,0.1047132850528308,0.48672904388027405,False,False,No setup,0.0,None,None,0,No active J-Curve setup.,Neutral,0,Not applicable,No directional setup; confirmation score not applicable.,Standard CPR,Not applicable,Not applicable,Standard CPR; Wide CPR rules not applied
ROML,EQ,RAJ OIL MILLS LIMITED,51.0,51.5,50.46,51.07,19133,980956.18,20251113,51.35,50.0,50.36,50.56999999999999,50.675,50.46499999999999,50.675,50.46499999999999,0.21000000000000796,0.4169976171564892,Moderate,Bearish,Above CPR,Cash Only,Diversified,False,False,False,0.2692307692307692,27,1240255.24,True,True,Lower,True,Neutral,False,None,3.0314285714285707,,,0.06927426955702431,0.7909308893546784,False,False,No setup,0.0,None,None,0,No active J-Curve setup.,Neutral,0,Not applicable,No directional setup; confirmation score not applicable.,Standard CPR,Not applicable,Not applicable,Standard CPR; Wide CPR rules not applied
VEEDOL,EQ,VEEDOL CORPORATION LTD,1765.0,1844.8,1728.0,1771.6,22739,40734435.0,20251113,1758.7,1720.4,1750.5,1743.2,1739.5500000000002,1746.85,1746.85,1739.5500000000002,7.299999999999727,0.41702370751212375,Moderate,Bullish,Above CPR,Cash Only,Diversified,False,False,False,0.4666666666666667,60,22100960.6,False,False,Higher,True,Neutral,False,Bullish Virgin,41.97142857142858,1797.28,,0.17392784206942843,1.843106991467149,False,False,No setup,0.0,None,None,0,No active J-Curve setup.,Neutral,0,Not applicable,No directional setup; confirmation score not applicable.,Standard CPR,Not applicable,Not applicable,Standard CPR; Wide CPR rules not applied
MANORG,EQ,MANGALAM ORGANICS LIMITED,547.3,554.2,531.85,541.05,6395,3470734.95,20251113,554.2,522.0,541.5,539.2333333333333,538.1,540.3666666666667,540.3666666666667,538.1,2.2666666666666515,0.41859033548783964,Moderate,Bullish,Above CPR,Cash Only,Diversified,False,False,False,0.5909090909090909,45,1464457.9,True,False,Higher,True,Neutral,False,Bullish Virgin,17.692857142857157,,,0.12811196339658093,2.3699793281869015,False,False,No setup,0.0,None,None,0,No active J-Curve setup.,Neutral,0,Not applicable,No directional setup; confirmation score not applicable.,Standard CPR,Not applicable,Not applicable,Standard CPR; Wide CPR rules not applied
THOMASCOOK,EQ,THOMAS COOK (INDIA) LTD,151.9,151.9,144.43,149.01,2066854,306977842.21,20251113,156.0,153.21,153.64,154.28333333333333,154.60500000000002,153.96166666666664,154.60500000000002,153.96166666666664,0.6433333333333735,0.4187277618675954,Moderate,Bearish,Below CPR,Cash Only,Diversified,False,False,False,0.48333333333333334,60,123352308.355,False,False,Higher,True,Neutral,False,Bearish Virgin,4.527857142857142,164.563,,0.14208339906400427,2.488626652421757,False,False,No setup,0.0,None,None,0,No active J-Curve setup.,Neutral,0,Not applicable,No directional setup; confirmation score not applicable.,Standard CPR,Not applicable,Not applicable,Standard CPR; Wide CPR rules not applied
ATGL,EQ,ADANI TOTAL GAS LIMITED,622.0,628.5,617.6,619.3,539936,336070539.85,20251113,634.3,613.8,620.15,622.75,624.05,621.45,624.05,621.45,2.599999999999909,0.4192534064339126,Moderate,Bearish,Below CPR,Cash Only,Oil Gas & Consumable Fuels,True,False,False,0.6666666666666666,60,385248319.625,False,False,Higher,True,Neutral,False,Bullish Virgin,13.985714285714282,626.332,,0.18590398365678618,0.8723478409383602,False,False,No setup,0.0,None,None,0,No active J-Curve setup.,Neutral,0,Not applicable,No directional setup; confirmation score not applicable.,Standard CPR,Not applicable,Not applicable,Standard CPR; Wide CPR rules not applied
CARRARO,EQ,CARRARO INDIA LIMITED,522.0,534.8,520.7,531.55,133763,70553524.5,20251113,532.0,516.05,520.75,522.9333333333333,524.025,521.8416666666666,524.025,521.8416666666666,2.183333333333394,0.419267082733249,Moderate,Bearish,Above CPR,Cash Only,Diversified,False,False,False,0.38333333333333336,60,39924960.8,False,False,Higher,True,Neutral,False,Bullish Virgin,17.632142857142863,478.47,,0.12382688542299981,1.7671532566664412,True,False,No setup,0.0,None,None,0,No active J-Curve setup.,Neutral,0,Not applicable,No directional setup; confirmation score not applicable.,Standard CPR,Not applicable,Not applicable,Standard CPR; Wide CPR rules not applied
BUTTERFLY,EQ,BTRFLY GANDHI APPL LTD,730.0,731.1,716.5,719.05,5932,4286252.9,20251113,731.8,711.25,726.1,723.0500000000001,721.525,724.5750000000002,724.5750000000002,721.525,3.050000000000182,0.4200523343892276,Moderate,Bullish,Below CPR,Cash Only,Diversified,False,False,False,0.6,60,5712760.65,True,False,Overlapping,True,Neutral,False,None,32.760714285714286,712.715,,0.0930993132017934,0.7502945007857104,True,False,No setup,0.0,None,None,0,No active J-Curve setup.,Neutral,0,Not applicable,No directional setup; confirmation score not applicable.,Standard CPR,Not applicable,Not applicable,Standard CPR; Wide CPR rules not applied
ONWARDTEC,EQ,ONWARD TECHNOLOGIES LTD,290.95,297.4,281.5,284.2,34443,9922792.8,20251113,294.9,287.25,289.25,290.46666666666664,291.075,289.8583333333333,291.075,289.8583333333333,1.216666666666697,0.4206280610775098,Moderate,Bearish,Below CPR,Cash Only,Diversified,False,False,False,0.4230769230769231,27,11958286.8,False,False,Overlapping,True,Neutral,False,None,10.271428571428563,,,0.11845155308298867,0.8297838115071802,False,False,No setup,0.0,None,None,0,No active J-Curve setup.,Neutral,0,Not applicable,No directional setup; confirmation score not applicable.,Standard CPR,Not applicable,Not applicable,Standard CPR; Wide CPR rules not applied
UFO,EQ,UFO MOVIEZ INDIA LTD.,83.05,84.64,80.26,81.02,139692,11457041.09,20251113,84.47,80.16,82.84,82.49,82.315,82.66499999999999,82.66499999999999,82.315,0.3499999999999943,0.4225012071462993,Moderate,Bullish,Below CPR,Cash Only,Diversified,False,False,False,0.5,60,4320243.285,True,True,Inside,True,Neutral,False,None,4.068571428571429,74.5158,,0.08602528089887498,2.6519434981310317,True,False,No setup,0.0,None,None,0,No active J-Curve setup.,Neutral,0,Not applicable,No directional setup; confirmation score not applicable.,Standard CPR,Not applicable,Not applicable,Standard CPR; Wide CPR rules not applied
VMM,EQ,VISHAL MEGA MART LIMITED,139.18,140.85,137.42,138.16,6351190,883456203.26,20251113,139.37,135.95,138.54,137.95333333333335,137.66,138.2466666666667,138.2466666666667,137.66,0.5866666666667015,0.4234637409172092,Moderate,Bullish,Inside CPR,Cash Only,Consumer Services,True,False,False,0.6666666666666666,60,1273075135.1399999,False,False,Overlapping,True,Neutral,False,None,2.9792857142857168,147.256,,0.19691520818350072,0.693954487739521,False,False,No setup,0.0,None,None,0,No active J-Curve setup.,Neutral,0,Not applicable,No directional setup; confirmation score not applicable.,Standard CPR,Not applicable,Not applicable,Standard CPR; Wide CPR rules not applied
ASTRAMICRO,EQ,ASTRA MICROWAVE LTD,1046.2,1055.0,1007.3,1015.4,403657,413660065.7,20251113,1065.0,1041.1,1046.4,1050.8333333333333,1053.05,1048.6166666666666,1053.05,1048.6166666666666,4.433333333333394,0.42367482161060716,Moderate,Bearish,Below CPR,Cash Only,Diversified,False,False,False,0.4,60,388908289.375,False,False,Overlapping,True,Neutral,False,None,28.732142857142897,1067.594,,0.15429873627512103,1.0636442498172967,False,False,No setup,0.0,None,None,0,No active J-Curve setup.,Neutral,0,Not applicable,No directional setup; confirmation score not applicable.,Standard CPR,Not applicable,Not applicable,Standard CPR; Wide CPR rules not applied
MIDHANI,EQ,MISHRA DHATU NIGAM LTD,388.05,389.95,381.2,382.5,255033,98353953.25,20251113,390.3,382.05,388.65,387.0,386.175,387.825,387.825,386.175,1.6499999999999773,0.42454650714009456,Moderate,Bullish,Below CPR,Cash Only,Diversified,False,False,False,0.4,60,123060847.925,False,False,Higher,True,Neutral,False,None,9.439285714285713,386.78700000000003,,0.17480136208853336,0.7992302581072923,False,False,No setup,0.0,None,None,0,No active J-Curve setup.,Neutral,0,Not applicable,No directional setup; confirmation score not applicable.,Standard CPR,Not applicable,Not applicable,Standard CPR; Wide CPR rules not applied
PCBL,EQ,PCBL CHEMICAL LIMITED,350.0,351.95,344.1,345.75,363000,126540537.9,20251113,353.55,347.9,348.5,349.98333333333335,350.725,349.2416666666667,350.725,349.2416666666667,1.4833333333333485,0.42563366810139125,Moderate,Bearish,Below CPR,Cash Only,Chemicals,True,False,False,0.6166666666666667,60,173645415.025,False,False,Overlapping,True,Neutral,False,None,7.985714285714287,375.785,,0.1857483601669667,0.7287295082440373,False,False,No setup,0.0,None,None,0,No active J-Curve setup.,Neutral,0,Not applicable,No directional setup; confirmation score not applicable.,Standard CPR,Not applicable,Not applicable,Standard CPR; Wide CPR rules not applied
PARSVNATH,EQ,PARSVNATH DEVELOPER LTD,15.51,16.38,15.36,15.49,383158,6062444.88,20251113,16.0,15.1,15.65,15.583333333333334,15.55,15.616666666666667,15.616666666666667,15.55,0.06666666666666643,0.4259850905218302,Moderate,Bullish,Below CPR,Cash Only,Diversified,False,False,False,0.25,17,10870608.56,False,False,Lower,False,Neutral,False,None,1.0085714285714282,,,0.06610009442870611,0.5576913975458242,False,False,No setup,0.0,None,None,0,No active J-Curve setup.,Neutral,0,Not applicable,No directional setup; confirmation score not applicable.,Standard CPR,Not applicable,Not applicable,Standard CPR; Wide CPR rules not applied
TRACXN,EQ,TRACXN TECHNOLOGIES LTD,45.06,48.1,45.06,46.5,131394,6136455.89,20251113,47.77,46.65,46.91,47.10999999999999,47.21,47.009999999999984,47.21,47.009999999999984,0.20000000000001705,0.4263483265828545,Moderate,Bearish,Below CPR,Cash Only,Diversified,False,False,False,0.6166666666666667,60,11074375.19,True,False,Higher,True,Neutral,False,None,1.8057142857142874,50.997400000000006,,0.11075949367089542,0.5541130569191055,False,False,No setup,0.0,None,None,0,No active J-Curve setup.,Neutral,0,Not applicable,No directional setup; confirmation score not applicable.,Standard CPR,Not applicable,Not applicable,Standard CPR; Wide CPR rules not applied
ABB,EQ,ABB INDIA LIMITED,4933.0,4959.0,4896.0,4913.0,308690,1520312872.5,20251113,5000.0,4911.0,4924.0,4945.0,4955.5,4934.5,4955.5,4934.5,21.0,0.4264825345247766,Moderate,Bearish,Below CPR,Cash Only,Capital Goods,True,False,False,0.7833333333333333,60,1160456453.25,False,False,Lower,True,Neutral,False,Bearish Virgin,97.85714285714286,5196.3820000000005,,0.2145985401459854,1.310099028914164,False,False,No setup,0.0,None,None,0,No active J-Curve setup.,Neutral,0,Not applicable,No directional setup; confirmation score not applicable.,Standard CPR,Not applicable,Not applicable,Standard CPR; Wide CPR rules not applied
TOLINS,EQ,TOLINS TYRES LIMITED,189.15,195.0,184.61,187.34,653322,124301138.48,20251113,187.5,180.43,185.15,184.36,183.965,184.75500000000002,184.75500000000002,183.965,0.7900000000000205,0.4266810694031976,Moderate,Bullish,Above CPR,Cash Only,Diversified,False,False,False,0.3333333333333333,60,41143183.675,False,False,Higher,True,Neutral,False,Bullish Virgin,9.85928571428571,177.0846,,0.08012750851264429,3.0211842491792784,True,False,No setup,0.0,None,None,0,No active J-Curve setup.,Neutral,0,Not applicable,No directional setup; confirmation score not applicable.,Standard CPR,Not applicable,Not applicable,Standard CPR; Wide CPR rules not applied
AHLADA,EQ,AHLADA ENGINEERS LIMITED,57.79,57.79,56.2,56.64,6906,393027.75,20251113,57.19,56.1,57.01,56.76666666666666,56.644999999999996,56.88833333333332,56.88833333333332,56.644999999999996,0.24333333333332519,0.4268257030930103,Moderate,Bullish,Below CPR,Cash Only,Diversified,False,False,False,0.45,60,1006464.9,True,False,Higher,True,Neutral,False,None,2.065714285714285,59.785,,0.11779621945596659,0.3905031859531316,False,False,No setup,0.0,None,None,0,No active J-Curve setup.,Neutral,0,Not applicable,No directional setup; confirmation score not applicable.,Standard CPR,Not applicable,Not applicable,Standard CPR; Wide CPR rules not applied
INDIANHUME,EQ,INDIAN HUME PIPE CO. LTD.,381.8,382.75,368.3,370.45,22806,8511994.45,20251113,386.0,369.9,380.4,378.76666666666665,377.95,379.5833333333333,379.5833333333333,377.95,1.6333333333333258,0.429372590255869,Moderate,Bullish,Below CPR,Cash Only,Diversified,False,False,False,0.36666666666666664,60,7451017.625,False,False,Inside,True,Neutral,False,None,13.542857142857141,368.751,,0.12060478199718652,1.1423935465459323,True,False,No setup,0.0,None,None,0,No active J-Curve setup.,Neutral,0,Not applicable,No directional setup; confirmation score not applicable.,Standard CPR,Not applicable,Not applicable,Standard CPR; Wide CPR rules not applied
ASTEC,EQ,ASTEC LIFESCIENCES LTD,620.0,635.0,612.85,628.45,35371,22063053.15,20251113,625.9,607.1,612.55,615.1833333333333,616.5,613.8666666666666,616.5,613.8666666666666,2.6333333333334394,0.4298968791663439,Moderate,Bearish,Above CPR,Cash Only,Diversified,False,False,False,0.31666666666666665,60,12579167.525,False,False,Lower,True,Neutral,False,None,22.94999999999999,759.955,,0.1147421931735704,1.7539358710464426,False,False,No setup,0.0,None,None,0,No active J-Curve setup.,Neutral,0,Not applicable,No directional setup; confirmation score not applicable.,Standard CPR,Not applicable,Not applicable,Standard CPR; Wide CPR rules not applied
ASIANHOTNR,EQ,ASIAN HOTELS (NORTH) LTD,332.8,332.8,315.05,316.25,1821,577450.5,20251113,337.65,300.25,316.9,318.26666666666665,318.95,317.5833333333333,318.95,317.5833333333333,1.3666666666666742,0.4312611759755993,Moderate,Bearish,Below CPR,Cash Only,Diversified,False,False,False,0.4166666666666667,60,2311635.075,False,False,Lower,True,Neutral,False,None,15.28214285714286,329.97200000000004,,0.08942899431331355,0.24980175558203102,False,False,No setup,0.0,None,None,0,No active J-Curve setup.,Neutral,0,Not applicable,No directional setup; confirmation score not applicable.,Standard CPR,Not applicable,Not applicable,Standard CPR; Wide CPR rules not applied
TRIVENI,EQ,TRIVENI ENGG. & INDS. LTD,371.0,371.0,362.8,364.35,134942,49268909.55,20251113,373.7,363.5,371.0,369.40000000000003,368.6,370.20000000000005,370.20000000000005,368.6,1.6000000000000227,0.4312668463611921,Moderate,Bullish,Below CPR,Cash Only,Diversified,False,False,False,0.6333333333333333,60,66514782.05,False,False,Higher,True,Neutral,False,None,8.496428571428567,354.133,,0.18831441782261732,0.7407212055955312,True,False,No setup,0.0,None,None,0,No active J-Curve setup.,Neutral,0,Not applicable,No directional setup; confirmation score not applicable.,Standard CPR,Not applicable,Not applicable,Standard CPR; Wide CPR rules not applied
RECLTD,EQ,REC LIMITED,362.25,364.4,358.55,359.05,5159178,1866591592.05,20251113,367.7,361.5,362.25,363.81666666666666,364.6,363.0333333333333,364.6,363.0333333333333,1.5666666666667197,0.4324821716126211,Moderate,Bearish,Below CPR,Cash Only,Financial Services,True,False,False,0.6833333333333333,60,1651123377.325,False,False,Higher,True,Neutral,False,None,8.514285714285714,373.51599999999996,,0.18400447427293687,1.1304979492653553,False,False,No setup,0.0,None,None,0,No active J-Curve setup.,Neutral,0,Not applicable,No directional setup; confirmation score not applicable.,Standard CPR,Not applicable,Not applicable,Standard CPR; Wide CPR rules not applied
NAVKARCORP,EQ,NAVKAR CORPORATION LTD.,111.9,114.9,110.01,110.7,428609,47944291.12,20251113,113.85,111.1,111.75,112.23333333333333,112.475,111.99166666666667,112.475,111.99166666666667,0.48333333333332007,0.43251304996270257,Moderate,Bearish,Below CPR,Cash Only,Diversified,False,False,False,0.4,60,35351174.900000006,False,False,Lower,True,Neutral,False,None,3.5971428571428583,121.0688,,0.13436589886152658,1.3562290717528596,False,False,No setup,0.0,None,None,0,No active J-Curve setup.,Neutral,0,Not applicable,No directional setup; confirmation score not applicable.,Standard CPR,Not applicable,Not applicable,Standard CPR; Wide CPR rules not applied
CHEVIOT,EQ,CHEVIOT COMPANY LIMITED,1140.0,1140.0,1122.6,1129.8,1316,1489633.3,20251113,1159.0,1131.0,1137.6,1142.5333333333333,1145.0,1140.0666666666666,1145.0,1140.0666666666666,4.933333333333394,0.43366150961088207,Moderate,Bearish,Below CPR,Cash Only,Diversified,False,False,False,0.7166666666666667,60,1835970.1,False,False,Inside,True,Neutral,False,None,28.24285714285715,1161.944,,0.174675434159503,0.8113603266196983,False,False,No setup,0.0,None,None,0,No active J-Curve setup.,Neutral,0,Not applicable,No directional setup; confirmation score not applicable.,Standard CPR,Not applicable,Not applicable,Standard CPR; Wide CPR rules not applied
UCAL,EQ,UCAL LIMITED,127.82,128.68,125.01,125.1,6012,760100.38,20251113,128.35,125.05,125.88,126.42666666666666,126.69999999999999,126.15333333333334,126.69999999999999,126.15333333333334,0.5466666666666526,0.434276030081548,Moderate,Bearish,Below CPR,Cash Only,Diversified,False,False,False,0.36666666666666664,60,1435119.7000000002,False,False,Lower,True,Neutral,False,None,4.209285714285714,133.7032,,0.12987159907234241,0.5296424960231539,False,False,No setup,0.0,None,None,0,No active J-Curve setup.,Neutral,0,Not applicable,No directional setup; confirmation score not applicable.,Standard CPR,Not applicable,Not applicable,Standard CPR; Wide CPR rules not applied
INDBANK,EQ,INDBANK MERCH BANK,37.61,38.0,37.05,37.34,24640,926247.31,20251113,38.21,37.5,37.61,37.77333333333333,37.855000000000004,37.69166666666666,37.855000000000004,37.69166666666666,0.1633333333333411,0.43428166267838636,Moderate,Bearish,Below CPR,Cash Only,Financial Services,False,False,False,0.4166666666666667,60,1727357.9500000002,False,False,Inside,True,Neutral,False,None,1.6607142857142858,36.9296,,0.09835125448029142,0.5362219857210255,True,False,No setup,0.0,None,None,0,No active J-Curve setup.,Neutral,0,Not applicable,No directional setup; confirmation score not applicable.,Standard CPR,Not applicable,Not applicable,Standard CPR; Wide CPR rules not applied
DHAMPURSUG,EQ,DHAMPUR SUGAR MILLS LTD.,132.12,132.25,130.5,131.09,127119,16706636.13,20251113,134.2,131.5,131.99,132.56333333333333,132.85,132.27666666666667,132.85,132.27666666666667,0.5733333333333235,0.43437634164203615,Moderate,Bearish,Below CPR,Cash Only,Diversified,False,False,False,0.6833333333333333,60,15570396.205,False,False,Lower,True,Neutral,False,Bearish Virgin,3.710714285714285,136.9696,,0.15450753930060693,1.0729743745785434,False,False,No setup,0.0,None,None,0,No active J-Curve setup.,Neutral,0,Not applicable,No directional setup; confirmation score not applicable.,Standard CPR,Not applicable,Not applicable,Standard CPR; Wide CPR rules not applied
EKC,EQ,EVEREST KANTO CYLINDERLTD,141.95,142.6,139.0,139.66,227394,31934206.6,20251113,143.01,139.04,141.95,141.33333333333331,141.02499999999998,141.64166666666665,141.64166666666665,141.02499999999998,0.6166666666666742,0.4344252671128385,Moderate,Bullish,Below CPR,Cash Only,Diversified,False,False,False,0.5666666666666667,60,48112370.885,False,False,Higher,True,Neutral,False,None,4.304285714285716,142.7586,,0.14326806062617717,0.6637421106586151,False,False,No setup,0.0,None,None,0,No active J-Curve setup.,Neutral,0,Not applicable,No directional setup; confirmation score not applicable.,Standard CPR,Not applicable,Not applicable,Standard CPR; Wide CPR rules not applied
DATAPATTNS,EQ,DATA PATTERNS INDIA LTD,2940.0,3044.5,2886.6,3003.4,6290518,18724301204.8,20251113,2830.0,2718.0,2792.2,2780.066666666667,2774.0,2786.133333333334,2786.133333333334,2774.0,12.133333333334122,0.43454384833945,Moderate,Bullish,Above CPR,Cash Only,Capital Goods,True,False,False,0.4166666666666667,60,541673934.4,False,False,Higher,True,Neutral,False,Bullish Virgin,93.87142857142852,2719.4319999999993,,0.12925480647289436,34.56747688171573,True,False,No setup,0.0,None,None,0,No active J-Curve setup.,Neutral,0,Not applicable,No directional setup; confirmation score not applicable.,Standard CPR,Not applicable,Not applicable,Standard CPR; Wide CPR rules not applied
TRU,EQ,TRUCAP FINANCE LIMITED,10.05,10.05,9.44,9.56,326743,3139130.95,20251113,10.05,9.7,9.94,9.896666666666667,9.875,9.918333333333333,9.918333333333333,9.875,0.043333333333333,0.43594902749832,Moderate,Bullish,Below CPR,Cash Only,Diversified,False,False,False,0.3409090909090909,45,2279539.31,True,True,Inside,True,Neutral,False,None,0.47571428571428626,,,0.09109109109109029,1.3770900708880516,False,False,No setup,0.0,None,None,0,No active J-Curve setup.,Neutral,0,Not applicable,No directional setup; confirmation score not applicable.,Standard CPR,Not applicable,Not applicable,Standard CPR; Wide CPR rules not applied
MODIRUBBER,EQ,MODI RUBBER LTD,118.03,121.3,118.03,120.36,669,80614.37,20251113,121.8,118.02,119.13,119.64999999999999,119.91,119.38999999999999,119.91,119.38999999999999,0.5200000000000102,0.43649794342315973,Moderate,Bearish,Above CPR,Cash Only,Diversified,False,False,False,0.2962962962962963,55,399244.2,False,False,Outside,True,Neutral,False,None,6.13214285714286,121.18459999999999,,0.08479906814210995,0.20191744801803005,False,False,No setup,0.0,None,None,0,No active J-Curve setup.,Neutral,0,Not applicable,No directional setup; confirmation score not applicable.,Standard CPR,Not applicable,Not applicable,Standard CPR; Wide CPR rules not applied
CGPOWER,EQ,CG POWER AND IND SOL LTD,739.0,749.45,735.0,745.2,2218794,1654615232.5,20251113,742.0,728.0,739.85,736.6166666666667,735.0,738.2333333333333,738.2333333333333,735.0,3.2333333333333485,0.43702552319164,Moderate,Bullish,Above CPR,Cash Only,Capital Goods,True,False,False,0.7166666666666667,60,1646956887.275,False,False,Higher,True,Neutral,False,Bullish Virgin,17.157142857142862,750.898,,0.1884540660560652,1.004649997388621,False,False,No setup,0.0,None,None,0,No active J-Curve setup.,Neutral,0,Not applicable,No directional setup; confirmation score not applicable.,Standard CPR,Not applicable,Not applicable,Standard CPR; Wide CPR rules not applied
BANKBARODA,EQ,BANK OF BARODA,284.8,287.2,282.25,283.25,6205108,1762459574.9,20251113,289.95,283.8,285.0,286.25,286.875,285.625,286.875,285.625,1.25,0.43859649122807015,Moderate,Bearish,Below CPR,Cash Only,Financial Services,True,False,False,0.7,60,2016886006.025,False,False,Higher,True,Neutral,False,None,7.114285714285708,260.9794,,0.17570281124498008,0.8738518536174293,True,False,No setup,0.0,None,None,0,No active J-Curve setup.,Neutral,0,Not applicable,No directional setup; confirmation score not applicable.,Standard CPR,Not applicable,Not applicable,Standard CPR; Wide CPR rules not applied
SHANTIGOLD,EQ,SHANTI GOLD INTERNATION L,228.7,235.79,226.9,228.03,739017,171177471.46,20251113,233.0,227.33,228.66,229.66333333333333,230.16500000000002,229.16166666666663,230.16500000000002,229.16166666666663,1.0033333333333871,0.4387883028659963,Moderate,Bearish,Below CPR,Cash Only,Diversified,False,False,False,0.4666666666666667,60,135901024.125,True,False,Higher,True,Neutral,False,None,11.41928571428571,220.1728,,0.08786305539918324,1.259574551127394,True,False,No setup,0.0,None,None,0,No active J-Curve setup.,Neutral,0,Not applicable,No directional setup; confirmation score not applicable.,Standard CPR,Not applicable,Not applicable,Standard CPR; Wide CPR rules not applied
SUPRAJIT,EQ,SUPRAJIT ENGINEERING LTD,451.0,463.0,448.45,454.45,184815,84584045.15,20251113,456.0,441.75,451.85,449.8666666666666,448.875,450.85833333333323,450.85833333333323,448.875,1.9833333333332348,0.43893622514844194,Moderate,Bullish,Above CPR,Cash Only,Diversified,False,False,False,0.6,60,33486056.1,False,False,Higher,True,Neutral,False,Bullish Virgin,13.374999999999996,454.12200000000007,,0.1482866043613634,2.525948260296918,True,False,No setup,0.0,None,None,0,No active J-Curve setup.,Neutral,0,Not applicable,No directional setup; confirmation score not applicable.,Standard CPR,Not applicable,Not applicable,Standard CPR; Wide CPR rules not applied
AARVI,EQ,AARVI ENCON LIMITED,121.29,121.29,118.02,120.03,3383,407694.39,20251113,121.0,118.81,119.12,119.64333333333333,119.905,119.38166666666666,119.905,119.38166666666666,0.5233333333333405,0.43933288560555783,Moderate,Bearish,Above CPR,Cash Only,Diversified,False,False,False,0.4666666666666667,60,1339137.8199999998,False,False,Lower,True,Neutral,False,None,3.939285714285716,122.06599999999999,,0.13284980356603382,0.3044454304188049,False,False,No setup,0.0,None,None,0,No active J-Curve setup.,Neutral,0,Not applicable,No directional setup; confirmation score not applicable.,Standard CPR,Not applicable,Not applicable,Standard CPR; Wide CPR rules not applied
JLHL,EQ,JUPITER LIFE LINE HOSP L,1487.0,1523.5,1480.1,1497.8,2341749,3507439802.5,20251113,1513.4,1480.0,1486.9,1493.4333333333334,1496.7,1490.1666666666667,1496.7,1490.1666666666667,6.533333333333303,0.4393929203936582,Moderate,Bearish,Above CPR,Cash Only,Diversified,False,False,False,0.5833333333333334,60,39435178.5,False,False,Lower,True,Neutral,False,None,48.42142857142859,1505.4980000000003,,0.1349264886659776,88.94190253253197,False,False,No setup,0.0,None,None,0,No active J-Curve setup.,Neutral,0,Not applicable,No directional setup; confirmation score not applicable.,Standard CPR,Not applicable,Not applicable,Standard CPR; Wide CPR rules not applied
HITECH,EQ,HI-TECH PIPES LIMITED,104.0,111.4,104.0,106.33,1557353,168825417.56,20251113,108.0,104.72,105.66,106.12666666666667,106.36,105.89333333333333,106.36,105.89333333333333,0.46666666666666856,0.44166824405325433,Moderate,Bearish,Inside CPR,Cash Only,Information Technology,False,False,False,0.5166666666666667,60,125989284.885,True,False,Overlapping,True,Neutral,False,None,4.079285714285715,110.5018,,0.11439911282320714,1.3399982205955037,False,False,No setup,0.0,None,None,0,No active J-Curve setup.,Neutral,0,Not applicable,No directional setup; confirmation score not applicable.,Standard CPR,Not applicable,Not applicable,Standard CPR; Wide CPR rules not applied
RVNL,EQ,RAIL VIKAS NIGAM LIMITED,316.05,320.9,314.0,314.3,3602435,1142123059.4,20251113,320.5,308.0,316.35,314.95,314.25,315.65,315.65,314.25,1.3999999999999773,0.44254781096885637,Moderate,Bullish,Inside CPR,Cash Only,Construction,True,False,False,0.5666666666666667,60,1360729526.1,False,False,Lower,True,Neutral,False,None,6.432142857142858,336.87800000000004,,0.21765685730149562,0.839346128303286,False,False,No setup,0.0,None,None,0,No active J-Curve setup.,Neutral,0,Not applicable,No directional setup; confirmation score not applicable.,Standard CPR,Not applicable,Not applicable,Standard CPR; Wide CPR rules not applied
BHARATSE,EQ,BHARAT SEATS LIMITED,187.0,189.39,181.0,182.13,150071,27665057.19,20251113,191.16,184.24,186.46,187.28666666666666,187.7,186.87333333333333,187.7,186.87333333333333,0.8266666666666538,0.44334799242017253,Moderate,Bearish,Below CPR,Cash Only,Diversified,False,False,False,0.12962962962962962,55,44014784.01,True,False,Lower,True,Neutral,True,None,11.562142857142854,190.42559999999997,,0.07149770391878146,0.6285401101528659,False,False,Short,0.5,None,None,0,No active J-Curve setup.,Short,66,Confirmed,CPR width: 0.4433% (12/20); Price location: Below CPR (20/20); Trend: aligned with SMA50/SMA100 (20/20); Participation: light (0.63x) (4/20); Higher timeframe: unavailable (10/20),Standard CPR,Not applicable,Not applicable,Standard CPR; Wide CPR rules not applied
CONTROLPR,EQ,CONTROL PRINT LIMITED,675.05,767.0,674.45,730.65,115283,83530732.45,20251113,687.0,650.1,673.05,670.05,668.55,671.55,671.55,668.55,3.0,0.44573211499888565,Moderate,Bullish,Above CPR,Cash Only,Diversified,False,False,False,0.6333333333333333,60,13911471.45,False,False,Inside,True,Neutral,False,Bullish Virgin,26.00357142857144,762.8489999999999,,0.11536876802636994,6.0044498348160005,False,False,No setup,0.0,None,None,0,No active J-Curve setup.,Neutral,0,Not applicable,No directional setup; confirmation score not applicable.,Standard CPR,Not applicable,Not applicable,Standard CPR; Wide CPR rules not applied
AFFORDABLE,EQ,AFFORD ROBO & AUTO LTD,236.0,236.4,230.65,232.1,32489,7578111.35,20251113,238.8,229.05,235.5,234.45000000000002,233.925,234.97500000000002,234.97500000000002,233.925,1.0500000000000114,0.4458598726114698,Moderate,Bullish,Below CPR,Cash Only,Diversified,False,False,False,0.2833333333333333,60,20831459.494999997,False,False,Higher,True,Neutral,False,Bullish Virgin,11.447142857142861,254.09080000000003,,0.09172594533882537,0.36378206490135323,False,False,No setup,0.0,None,None,0,No active J-Curve setup.,Neutral,0,Not applicable,No directional setup; confirmation score not applicable.,Standard CPR,Not applicable,Not applicable,Standard CPR; Wide CPR rules not applied
MUTHOOTFIN,EQ,MUTHOOT FINANCE LIMITED,3325.0,3406.8,3307.2,3393.1,509408,1721449169.3,20251113,3389.3,3305.0,3324.9,3339.7333333333336,3347.15,3332.316666666667,3347.15,3332.316666666667,14.83333333333303,0.4461287056252227,Moderate,Bearish,Above CPR,Cash Only,Financial Services,True,False,False,0.6833333333333333,60,1369469963.35,True,False,Lower,True,Neutral,False,None,78.35000000000007,3113.218,,0.18932142097425678,1.2570185658464446,True,False,No setup,0.0,None,None,0,No active J-Curve setup.,Neutral,0,Not applicable,No directional setup; confirmation score not applicable.,Standard CPR,Not applicable,Not applicable,Standard CPR; Wide CPR rules not applied
GILLANDERS,EQ,GILLANDERS ARBUTHNOT LTD,125.11,126.2,121.0,124.53,10304,1278135.4,20251113,126.3,122.98,123.81,124.36333333333334,124.64,124.08666666666669,124.64,124.08666666666669,0.5533333333333132,0.4469213579947607,Moderate,Bearish,Inside CPR,Cash Only,Diversified,False,False,False,0.45,60,1294348.37,False,False,Higher,True,Neutral,False,None,3.9957142857142856,120.96700000000001,,0.13848170659038944,0.9874740291131976,True,False,No setup,0.0,None,None,0,No active J-Curve setup.,Neutral,0,Not applicable,No directional setup; confirmation score not applicable.,Standard CPR,Not applicable,Not applicable,Standard CPR; Wide CPR rules not applied
MODISONLTD,EQ,MODISON LIMITED,141.38,146.9,140.9,144.29,39839,5752272.87,20251113,144.31,140.35,141.38,142.01333333333332,142.32999999999998,141.69666666666666,142.32999999999998,141.69666666666666,0.6333333333333258,0.44796529447823297,Moderate,Bearish,Above CPR,Cash Only,Diversified,False,False,False,0.43333333333333335,60,7351021.615,False,False,Inside,True,Neutral,False,None,4.866428571428571,156.9634,,0.1301433533930216,0.7825133935482245,False,False,No setup,0.0,None,None,0,No active J-Curve setup.,Neutral,0,Not applicable,No directional setup; confirmation score not applicable.,Standard CPR,Not applicable,Not applicable,Standard CPR; Wide CPR rules not applied
TIINDIA,EQ,TUBE INVEST OF INDIA LTD,3024.6,3069.8,3024.0,3033.4,138040,420402060.1,20251113,3055.0,2975.2,3035.5,3021.9,3015.1,3028.7000000000003,3028.7000000000003,3015.1,13.600000000000364,0.4480316257618305,Moderate,Bullish,Above CPR,Cash Only,Automobile and Auto Components,True,False,False,0.48333333333333334,60,774575733.75,False,False,Higher,True,Neutral,False,Bullish Virgin,79.057142857143,3144.606,,0.17202746657029702,0.5427513950955865,False,False,No setup,0.0,None,None,0,No active J-Curve setup.,Neutral,0,Not applicable,No directional setup; confirmation score not applicable.,Standard CPR,Not applicable,Not applicable,Standard CPR; Wide CPR rules not applied
CINEVISTA,EQ,CINEVISTA LIMITED,17.78,18.13,17.2,17.34,46629,817510.81,20251113,18.39,16.91,17.77,17.689999999999998,17.65,17.729999999999997,17.729999999999997,17.65,0.0799999999999983,0.4501969611705025,Moderate,Bullish,Below CPR,Cash Only,Diversified,False,False,False,0.2857142857142857,36,413851.975,False,False,Inside,True,Neutral,False,None,0.9121428571428568,,,0.08770555990602792,1.975370082503533,False,False,No setup,0.0,None,None,0,No active J-Curve setup.,Neutral,0,Not applicable,No directional setup; confirmation score not applicable.,Standard CPR,Not applicable,Not applicable,Standard CPR; Wide CPR rules not applied
CERA,EQ,CERA SANITARYWARE LTD,5760.0,5791.5,5650.0,5686.0,24634,139996418.5,20251113,5861.5,5759.5,5771.5,5797.5,5810.5,5784.5,5810.5,5784.5,26.0,0.4504894741401715,Moderate,Bearish,Below CPR,Cash Only,Ceramics & Sanitaryware,False,False,False,0.7333333333333333,60,76551542.0,False,False,Lower,True,Neutral,False,Bearish Virgin,150.42857142857142,6149.72,,0.17283950617283952,1.8287863946620435,False,False,No setup,0.0,None,None,0,No active J-Curve setup.,Neutral,0,Not applicable,No directional setup; confirmation score not applicable.,Standard CPR,Not applicable,Not applicable,Standard CPR; Wide CPR rules not applied
SAMBHAAV,EQ,SAMBHAAV MEDIA LTD,8.8,9.06,8.37,8.86,188207,1664680.24,20251113,9.1,8.52,8.87,8.829999999999998,8.809999999999999,8.849999999999998,8.849999999999998,8.809999999999999,0.03999999999999915,0.45095828635850227,Moderate,Bullish,Above CPR,Cash Only,Diversified,False,False,False,0.26666666666666666,60,640575.5700000001,True,True,Lower,True,Neutral,False,None,0.6321428571428575,7.380999999999999,,0.06327683615819071,2.5987257678278297,True,False,No setup,0.0,None,None,0,No active J-Curve setup.,Neutral,0,Not applicable,No directional setup; confirmation score not applicable.,Standard CPR,Not applicable,Not applicable,Standard CPR; Wide CPR rules not applied
LYKALABS,EQ,LYKA LABS LTD,92.2,92.45,86.1,88.89,106482,9497349.12,20251113,94.79,91.0,92.27,92.68666666666667,92.89500000000001,92.47833333333332,92.89500000000001,92.47833333333332,0.4166666666666856,0.4515732813121119,Moderate,Bearish,Below CPR,Cash Only,Healthcare & Pharma,False,False,False,0.5833333333333334,60,1861236.24,False,False,Overlapping,True,Neutral,False,Bearish Virgin,2.9750000000000014,96.415,,0.1400560224089699,5.102710185784906,False,False,No setup,0.0,None,None,0,No active J-Curve setup.,Neutral,0,Not applicable,No directional setup; confirmation score not applicable.,Standard CPR,Not applicable,Not applicable,Standard CPR; Wide CPR rules not applied
AMBIKCO,EQ,AMBIKA COTTON MILL LTD.,1340.0,1340.0,1301.5,1305.4,7804,10258441.0,20251113,1330.0,1306.0,1327.0,1321.0,1318.0,1324.0,1324.0,1318.0,6.0,0.45214770158251694,Moderate,Bullish,Below CPR,Cash Only,Diversified,False,False,False,0.6166666666666667,60,9317505.35,False,False,Higher,True,Neutral,False,None,31.921428571428596,1416.1119999999999,,0.1879615126426492,1.1009857912236134,False,False,No setup,0.0,None,None,0,No active J-Curve setup.,Neutral,0,Not applicable,No directional setup; confirmation score not applicable.,Standard CPR,Not applicable,Not applicable,Standard CPR; Wide CPR rules not applied
PROTEAN,EQ,PROTEAN EGOV TECHNO LTD,870.0,872.45,848.0,849.55,175214,150158580.0,20251113,880.0,846.0,868.9,864.9666666666667,863.0,866.9333333333334,866.9333333333334,863.0,3.933333333333394,0.4526796332527787,Moderate,Bullish,Below CPR,Cash Only,FMCG & Food Products,False,False,False,0.5833333333333334,60,222002325.675,False,False,Higher,True,Neutral,False,Bullish Virgin,22.121428571428567,875.325,,0.17780647938865846,0.6763829142034504,False,False,No setup,0.0,None,None,0,No active J-Curve setup.,Neutral,0,Not applicable,No directional setup; confirmation score not applicable.,Standard CPR,Not applicable,Not applicable,Standard CPR; Wide CPR rules not applied
FLAIR,EQ,FLAIR WRITING INDUST LTD,328.9,331.6,319.9,321.3,107040,34814382.45,20251113,329.85,320.8,327.55,326.06666666666666,325.32500000000005,326.8083333333333,326.8083333333333,325.32500000000005,1.4833333333332348,0.45285707016737436,Moderate,Bullish,Below CPR,Cash Only,Diversified,False,False,False,0.45,60,21885626.15,False,False,Higher,True,Neutral,False,None,12.174999999999999,316.04,,0.12183436002737043,1.5907418965940805,True,False,No setup,0.0,None,None,0,No active J-Curve setup.,Neutral,0,Not applicable,No directional setup; confirmation score not applicable.,Standard CPR,Not applicable,Not applicable,Standard CPR; Wide CPR rules not applied
WHEELS,EQ,WHEELS INDIA LTD,893.9,896.0,879.9,881.0,32759,29064384.25,20251113,906.7,882.5,888.55,892.5833333333334,894.6,890.5666666666667,894.6,890.5666666666667,4.033333333333303,0.4539230581659223,Moderate,Bearish,Below CPR,Cash Only,Automobile & Ancillary,False,False,False,0.5666666666666667,60,45202360.474999994,False,False,Lower,True,Neutral,False,Bearish Virgin,29.132142857142874,865.04,,0.13844959339626384,0.6429837721876184,True,False,No setup,0.0,None,None,0,No active J-Curve setup.,Neutral,0,Not applicable,No directional setup; confirmation score not applicable.,Standard CPR,Not applicable,Not applicable,Standard CPR; Wide CPR rules not applied
GOODLUCK,EQ,GOODLUCK INDIA LIMITED,1173.1,1188.7,1144.0,1151.1,68972,80584182.9,20251113,1178.3,1153.1,1173.7,1168.3666666666666,1165.6999999999998,1171.0333333333333,1171.0333333333333,1165.6999999999998,5.333333333333485,0.45440345346625927,Moderate,Bullish,Below CPR,Cash Only,Diversified,False,False,False,0.38333333333333336,60,208413245.64999998,False,False,Higher,True,Neutral,False,None,43.37142857142861,1207.362,,0.12296881862099593,0.38665576484197905,False,False,No setup,0.0,None,None,0,No active J-Curve setup.,Neutral,0,Not applicable,No directional setup; confirmation score not applicable.,Standard CPR,Not applicable,Not applicable,Standard CPR; Wide CPR rules not applied
GPPL,EQ,GUJARAT PIPAVAV PORT LTD,174.81,178.4,174.22,174.89,3690714,651296384.8,20251113,175.13,172.1,174.81,174.01333333333332,173.615,174.41166666666663,174.41166666666663,173.615,0.7966666666666242,0.4557328909482433,Moderate,Bullish,Above CPR,Cash Only,Diversified,False,False,False,0.65,60,196931154.48000002,False,False,Lower,True,Neutral,False,Bearish Virgin,6.320000000000001,161.0474,,0.12605485232066838,3.307228795361297,True,False,No setup,0.0,None,None,0,No active J-Curve setup.,Neutral,0,Not applicable,No directional setup; confirmation score not applicable.,Standard CPR,Not applicable,Not applicable,Standard CPR; Wide CPR rules not applied
SOFTTECH,EQ,SOFTTECH ENGINEERS LTD,356.75,357.0,330.1,335.95,7648,2586835.9,20251113,354.85,335.0,347.3,345.7166666666667,344.925,346.5083333333334,346.5083333333334,344.925,1.5833333333333712,0.4558978788751429,Moderate,Bullish,Below CPR,Cash Only,Information Technology,False,False,False,0.45,60,2009280.7,False,False,Higher,True,Neutral,False,None,19.66785714285714,371.0,,0.08050360147691012,1.2874437603466753,False,False,No setup,0.0,None,None,0,No active J-Curve setup.,Neutral,0,Not applicable,No directional setup; confirmation score not applicable.,Standard CPR,Not applicable,Not applicable,Standard CPR; Wide CPR rules not applied
TRENT,EQ,TRENT LTD,4378.0,4402.9,4312.9,4326.4,926858,4037845786.8,20251113,4396.7,4295.0,4375.8,4355.833333333333,4345.85,4365.816666666666,4365.816666666666,4345.85,19.966666666665333,0.456297515121014,Moderate,Bullish,Below CPR,Cash Only,Consumer Services,True,False,False,0.6333333333333333,60,4045504249.65,False,False,Higher,True,Neutral,False,None,98.79999999999998,4858.178,,0.2020917678812281,0.99810692008279,False,False,No setup,0.0,None,None,0,No active J-Curve setup.,Neutral,0,Not applicable,No directional setup; confirmation score not applicable.,Standard CPR,Not applicable,Not applicable,Standard CPR; Wide CPR rules not applied
KELLTONTEC,EQ,KELLTON TECH SOL LTD,21.58,21.93,21.05,21.22,2836238,60647883.92,20251113,21.83,20.8,21.17,21.266666666666666,21.314999999999998,21.218333333333334,21.314999999999998,21.218333333333334,0.09666666666666401,0.4566210045661974,Moderate,Bearish,Inside CPR,Cash Only,Diversified,False,False,False,0.43333333333333335,60,55912253.629999995,False,False,Overlapping,True,Neutral,False,None,1.0249999999999997,23.7438,,0.09430894308942833,1.0846975391358413,False,False,No setup,0.0,None,None,0,No active J-Curve setup.,Neutral,0,Not applicable,No directional setup; confirmation score not applicable.,Standard CPR,Not applicable,Not applicable,Standard CPR; Wide CPR rules not applied
UNITDSPR,EQ,UNITED SPIRITS LIMITED,1435.0,1435.9,1417.4,1420.8,464975,663920827.6,20251113,1439.2,1412.3,1435.6,1429.0333333333335,1425.75,1432.316666666667,1432.316666666667,1425.75,6.566666666667061,0.4574161790656911,Moderate,Bullish,Below CPR,Cash Only,Fast Moving Consumer Goods,True,False,False,0.6833333333333333,60,1177652250.05,False,False,Higher,True,Neutral,False,None,33.54285714285712,1352.8740000000003,,0.19576944917661607,0.5637664493672149,True,False,No setup,0.0,None,None,0,No active J-Curve setup.,Neutral,0,Not applicable,No directional setup; confirmation score not applicable.,Standard CPR,Not applicable,Not applicable,Standard CPR; Wide CPR rules not applied
UMAEXPORTS,EQ,UMA EXPORTS LIMITED,43.9,44.89,43.25,43.91,8660,383760.86,20251113,45.1,42.9,43.7,43.9,44.0,43.8,44.0,43.8,0.20000000000000284,0.4576659038901667,Moderate,Bearish,Inside CPR,Cash Only,Logistics & Ports,False,False,False,0.23809523809523808,22,2130972.675,True,True,Overlapping,True,Neutral,True,None,1.7571428571428573,,,0.11382113821138372,0.18008718014181013,False,False,Watch Short,0.0,None,None,0,No active J-Curve setup.,Short,56,Mixed,CPR width: 0.4577% (12/20); Price location: Inside CPR; watch state (10/20); Trend: aligned with SMA50/SMA100 (20/20); Participation: light (0.18x) (4/20); Higher timeframe: unavailable (10/20),Standard CPR,Not applicable,Not applicable,Standard CPR; Wide CPR rules not applied
URJA,EQ,URJA GLOBAL LIMITED,12.48,12.54,12.3,12.32,773842,9585924.72,20251113,12.72,12.21,12.38,12.436666666666667,12.465,12.408333333333335,12.465,12.408333333333335,0.05666666666666487,0.45772751750133167,Moderate,Bearish,Below CPR,Cash Only,Diversified,False,False,False,0.6,60,12911300.995000001,False,False,Outside,True,Neutral,False,None,0.3435714285714286,13.208200000000001,,0.1649341649341597,0.7424445238874241,False,False,No setup,0.0,None,None,0,No active J-Curve setup.,Neutral,0,Not applicable,No directional setup; confirmation score not applicable.,Standard CPR,Not applicable,Not applicable,Standard CPR; Wide CPR rules not applied
PALASHSECU,EQ,PALASH SECURITIES LTD,116.8,118.96,115.41,117.03,1723,202978.11,20251113,118.0,116.0,117.81,117.27,117.0,117.53999999999999,117.53999999999999,117.0,0.539999999999992,0.45836516424751045,Moderate,Bullish,Inside CPR,Cash Only,Diversified,False,False,False,0.35,60,322172.565,True,False,Overlapping,True,Neutral,False,None,3.989285714285714,119.2262,,0.13536257833482346,0.630029158441843,False,False,No setup,0.0,None,None,0,No active J-Curve setup.,Neutral,0,Not applicable,No directional setup; confirmation score not applicable.,Standard CPR,Not applicable,Not applicable,Standard CPR; Wide CPR rules not applied
TATSILV,EQ,TATAAML-TATSILV,15.55,16.1,15.45,16.01,41976971,670346300.82,20251113,15.3,15.03,15.27,15.199999999999998,15.165,15.234999999999996,15.234999999999996,15.165,0.06999999999999673,0.4584151931892386,Moderate,Bullish,Above CPR,Cash Only,Diversified,False,False,False,0.35,60,291197868.235,False,False,Higher,True,Neutral,False,Bullish Virgin,0.6878571428571433,14.080800000000002,,0.10176531671858294,2.3020302479653556,True,False,No setup,0.0,None,None,0,No active J-Curve setup.,Neutral,0,Not applicable,No directional setup; confirmation score not applicable.,Standard CPR,Not applicable,Not applicable,Standard CPR; Wide CPR rules not applied
CRISIL,EQ,CRISIL LTD,4652.7,4705.0,4597.4,4613.7,40900,189685543.8,20251113,4739.4,4630.0,4652.7,4674.033333333333,4684.7,4663.366666666666,4684.7,4663.366666666666,21.33333333333394,0.45851512741706835,Moderate,Bearish,Below CPR,Cash Only,Financial Services,True,False,False,0.65,60,158850130.95,False,False,Lower,True,Neutral,False,Bearish Virgin,101.50714285714288,4828.922,,0.21016583397837948,1.1941163829427741,False,False,No setup,0.0,None,None,0,No active J-Curve setup.,Neutral,0,Not applicable,No directional setup; confirmation score not applicable.,Standard CPR,Not applicable,Not applicable,Standard CPR; Wide CPR rules not applied
MAHLIFE,EQ,MAHINDRA LIFESPACE DEVLTD,388.35,395.25,385.2,386.35,114438,44538030.05,20251113,398.05,384.0,388.35,390.1333333333334,391.025,389.2416666666668,391.025,389.2416666666668,1.7833333333331893,0.4592077593235971,Moderate,Bearish,Below CPR,Cash Only,Diversified,False,False,False,0.6166666666666667,60,44633202.45,False,False,Lower,True,Neutral,False,None,11.192857142857147,375.968,,0.1593278025951796,0.9978676770929304,True,False,No setup,0.0,None,None,0,No active J-Curve setup.,Neutral,0,Not applicable,No directional setup; confirmation score not applicable.,Standard CPR,Not applicable,Not applicable,Standard CPR; Wide CPR rules not applied
ESCORTS,EQ,ESCORTS KUBOTA LIMITED,3588.5,3644.6,3584.1,3608.0,63024,227741097.3,20251113,3630.0,3560.0,3570.4,3586.7999999999997,3595.0,3578.5999999999995,3595.0,3578.5999999999995,16.400000000000546,0.4593322876988725,Moderate,Bearish,Above CPR,Cash Only,Capital Goods,True,False,False,0.6333333333333333,60,389002016.25,False,False,Lower,True,Neutral,False,None,92.52142857142861,3661.1659999999997,,0.1772562340770536,0.5854496578075256,False,False,No setup,0.0,None,None,0,No active J-Curve setup.,Neutral,0,Not applicable,No directional setup; confirmation score not applicable.,Standard CPR,Not applicable,Not applicable,Standard CPR; Wide CPR rules not applied
HAPPSTMNDS,EQ,HAPPIEST MINDS TECHNO LTD,508.0,508.15,501.0,503.15,141381,71505999.0,20251113,514.95,503.25,505.6,507.9333333333334,509.1,506.76666666666677,509.1,506.76666666666677,2.3333333333332575,0.46149789029534366,Moderate,Bearish,Below CPR,Cash Only,Information Technology,False,False,False,0.8,60,129054889.25,False,False,Higher,True,Neutral,False,None,10.439285714285713,530.1429999999999,,0.22351465389439348,0.554074312221379,False,False,No setup,0.0,None,None,0,No active J-Curve setup.,Neutral,0,Not applicable,No directional setup; confirmation score not applicable.,Standard CPR,Not applicable,Not applicable,Standard CPR; Wide CPR rules not applied
TEGA,EQ,TEGA INDUSTRIES LIMITED,1959.9,1975.0,1941.0,1964.6,116684,228637342.7,20251113,1974.0,1913.3,1957.2,1948.1666666666667,1943.65,1952.6833333333334,1952.6833333333334,1943.65,9.033333333333303,0.46154370188704796,Moderate,Bullish,Above CPR,Cash Only,Capital Goods,True,False,False,0.5833333333333334,60,337041362.5,False,False,Higher,True,Neutral,False,Bullish Virgin,43.828571428571436,1959.3919999999998,,0.20610604085180284,0.6783658272803238,True,False,No setup,0.0,None,None,0,No active J-Curve setup.,Neutral,0,Not applicable,No directional setup; confirmation score not applicable.,Standard CPR,Not applicable,Not applicable,Standard CPR; Wide CPR rules not applied
SONACOMS,EQ,SONA BLW PRECISION FRGS L,499.45,500.8,485.6,489.15,1626959,801009901.85,20251113,500.0,488.6,497.75,495.45,494.3,496.59999999999997,496.59999999999997,494.3,2.2999999999999545,0.46207935710697223,Moderate,Bullish,Below CPR,Cash Only,Automobile and Auto Components,True,False,False,0.5,60,1086625347.65,False,False,Higher,True,Neutral,False,None,12.071428571428564,449.038,,0.19053254437869457,0.7371537058125058,True,False,No setup,0.0,None,None,0,No active J-Curve setup.,Neutral,0,Not applicable,No directional setup; confirmation score not applicable.,Standard CPR,Not applicable,Not applicable,Standard CPR; Wide CPR rules not applied
EUROPRATIK,EQ,EURO PRATIK SALES LIMITED,344.8,351.8,340.2,344.8,301973,104259835.2,20251113,346.0,334.55,342.65,341.06666666666666,340.275,341.85833333333335,341.85833333333335,340.275,1.5833333333333712,0.46208473174766423,Moderate,Bullish,Above CPR,Cash Only,Diversified,False,False,False,0.5,35,140884845.51,False,False,Higher,True,Neutral,False,Bullish Virgin,15.05785714285714,,,0.10514997707256393,0.7400358414887118,False,False,No setup,0.0,None,None,0,No active J-Curve setup.,Neutral,0,Not applicable,No directional setup; confirmation score not applicable.,Standard CPR,Not applicable,Not applicable,Standard CPR; Wide CPR rules not applied
SECURKLOUD,EQ,SECUREKLOUD TECH LIMITED,19.98,19.98,18.5,19.4,16987,328805.33,20251113,20.19,19.02,19.47,19.56,19.605,19.514999999999997,19.605,19.514999999999997,0.09000000000000341,0.4622496147920052,Moderate,Bearish,Below CPR,Cash Only,Diversified,False,False,False,0.3,60,404988.75,False,False,Higher,True,Neutral,False,None,1.2121428571428576,21.9632,,0.07424867413082188,0.811887564778034,False,False,No setup,0.0,None,None,0,No active J-Curve setup.,Neutral,0,Not applicable,No directional setup; confirmation score not applicable.,Standard CPR,Not applicable,Not applicable,Standard CPR; Wide CPR rules not applied
AKSHOPTFBR,EQ,AKSH OPTIFIBRE LIMITED,7.35,7.4,7.0,7.14,356655,2559615.44,20251113,7.35,7.17,7.21,7.243333333333333,7.26,7.226666666666667,7.26,7.226666666666667,0.033333333333333215,0.4623208506703636,Moderate,Bearish,Below CPR,Cash Only,Diversified,False,False,False,0.43333333333333335,60,1399195.145,False,False,Higher,True,Neutral,False,None,0.23357142857142854,7.6655999999999995,,0.14271151885830735,1.8293484287354356,False,False,No setup,0.0,None,None,0,No active J-Curve setup.,Neutral,0,Not applicable,No directional setup; confirmation score not applicable.,Standard CPR,Not applicable,Not applicable,Standard CPR; Wide CPR rules not applied
MITTAL,EQ,MITTAL LIFE STYLE LIMITED,1.46,1.46,1.44,1.44,281339,408276.45,20251113,1.47,1.43,1.44,1.4466666666666665,1.45,1.4433333333333331,1.45,1.4433333333333331,0.006666666666666821,0.4629629629629737,Moderate,Bearish,Below CPR,Cash Only,Diversified,False,False,False,0.55,60,768483.535,False,False,Overlapping,True,Neutral,False,None,0.04642857142857147,1.53,,0.14358974358974677,0.5312754683807246,False,False,No setup,0.0,None,None,0,No active J-Curve setup.,Neutral,0,Not applicable,No directional setup; confirmation score not applicable.,Standard CPR,Not applicable,Not applicable,Standard CPR; Wide CPR rules not applied
JAYSREETEA,EQ,JAYSHREE TEA & INDUSTRIES,94.96,94.99,93.5,94.28,19015,1793986.53,20251113,97.1,94.14,94.96,95.39999999999999,95.62,95.17999999999998,95.62,95.17999999999998,0.44000000000002615,0.46335299073296776,Moderate,Bearish,Below CPR,Cash Only,FMCG & Food Products,False,False,False,0.7,60,3151188.285,False,False,Higher,True,Neutral,False,Bullish Virgin,2.2735714285714286,96.30099999999999,,0.19352811812756412,0.5693047725962842,False,False,No setup,0.0,None,None,0,No active J-Curve setup.,Neutral,0,Not applicable,No directional setup; confirmation score not applicable.,Standard CPR,Not applicable,Not applicable,Standard CPR; Wide CPR rules not applied
ERIS,EQ,ERIS LIFESCIENCES LIMITED,1587.0,1593.1,1506.3,1518.1,116740,179557218.1,20251113,1600.2,1572.1,1575.2,1582.5,1586.15,1578.85,1586.15,1578.85,7.300000000000182,0.46343321482987443,Moderate,Bearish,Below CPR,Cash Only,Healthcare,True,False,False,0.8,60,117391624.5,False,False,Lower,True,Neutral,False,None,42.44285714285714,1627.978,,0.17199596095591138,1.5295573160758158,False,False,No setup,0.0,None,None,0,No active J-Curve setup.,Neutral,0,Not applicable,No directional setup; confirmation score not applicable.,Standard CPR,Not applicable,Not applicable,Standard CPR; Wide CPR rules not applied
WABAG,EQ,VA TECH WABAG LTD,1406.0,1415.9,1389.9,1410.4,166494,234085618.2,20251113,1415.6,1389.0,1392.6,1399.0666666666666,1402.3,1395.8333333333333,1402.3,1395.8333333333333,6.466666666666697,0.4643592321317462,Moderate,Bearish,Above CPR,Cash Only,Diversified,False,False,False,0.5833333333333334,60,247856352.14999998,False,False,Inside,True,Neutral,False,None,32.250000000000014,1452.552,,0.20051679586563392,0.9444406656091424,False,False,No setup,0.0,None,None,0,No active J-Curve setup.,Neutral,0,Not applicable,No directional setup; confirmation score not applicable.,Standard CPR,Not applicable,Not applicable,Standard CPR; Wide CPR rules not applied
FINEORG,EQ,FINE ORGANIC IND. LTD.,4279.0,4399.0,4241.4,4367.2,18558,80874268.0,20251113,4300.1,4179.0,4269.3,4249.466666666667,4239.55,4259.383333333334,4259.383333333334,4239.55,19.83333333333394,0.4645570312073159,Moderate,Bullish,Above CPR,Cash Only,Specialty Chemicals,False,False,False,0.7166666666666667,60,43029672.9,False,False,Higher,True,Neutral,False,Bullish Virgin,84.8714285714287,4604.893999999999,,0.23368680917915735,1.8794999485111124,False,False,No setup,0.0,None,None,0,No active J-Curve setup.,Neutral,0,Not applicable,No directional setup; confirmation score not applicable.,Standard CPR,Not applicable,Not applicable,Standard CPR; Wide CPR rules not applied
UNIPARTS,EQ,UNIPARTS INDIA LIMITED,489.45,496.0,484.7,487.75,85955,42247185.9,20251113,495.0,474.0,487.9,485.6333333333334,484.5,486.76666666666677,486.76666666666677,484.5,2.266666666666765,0.4645760743321921,Moderate,Bullish,Above CPR,Cash Only,Diversified,False,False,False,0.48333333333333334,60,50696833.375,False,False,Higher,True,Neutral,False,Bullish Virgin,20.514285714285705,453.44199999999995,,0.11049210770659723,0.8333298765921195,True,False,No setup,0.0,None,None,0,No active J-Curve setup.,Neutral,0,Not applicable,No directional setup; confirmation score not applicable.,Standard CPR,Not applicable,Not applicable,Standard CPR; Wide CPR rules not applied
MARICO,EQ,MARICO LIMITED,720.95,727.15,718.0,722.0,698548,504192528.1,20251113,725.1,706.75,720.95,717.6,715.925,719.2750000000001,719.2750000000001,715.925,3.3500000000001364,0.46466467854915544,Moderate,Bullish,Above CPR,Cash Only,Fast Moving Consumer Goods,True,False,False,0.7833333333333333,60,1231415752.3,False,False,Higher,True,Neutral,False,Bullish Virgin,10.43571428571428,719.3609999999999,,0.3210130047912521,0.40944135005442717,True,False,No setup,0.0,None,None,0,No active J-Curve setup.,Neutral,0,Not applicable,No directional setup; confirmation score not applicable.,Standard CPR,Not applicable,Not applicable,Standard CPR; Wide CPR rules not applied
CTE,EQ,CAMBRIDGE TECH ENTER LTD,49.85,51.48,49.85,51.15,6813,346946.21,20251113,50.54,49.07,49.46,49.69,49.805,49.574999999999996,49.805,49.574999999999996,0.23000000000000398,0.46502224019410426,Moderate,Bearish,Above CPR,Cash Only,Diversified,False,False,False,0.3409090909090909,45,1014119.05,True,False,Inside,True,Neutral,False,None,2.806428571428572,,,0.08195469585136307,0.34211585907985853,False,False,No setup,0.0,None,None,0,No active J-Curve setup.,Neutral,0,Not applicable,No directional setup; confirmation score not applicable.,Standard CPR,Not applicable,Not applicable,Standard CPR; Wide CPR rules not applied
DELHIVERY,EQ,DELHIVERY LIMITED,432.0,441.9,427.0,434.05,3731700,1626105104.65,20251113,434.45,422.3,431.4,429.3833333333334,428.375,430.39166666666677,430.39166666666677,428.375,2.016666666666765,0.4674702518930842,Moderate,Bullish,Above CPR,Cash Only,Services,True,False,False,0.6,60,1126388373.5,False,False,Outside,True,Neutral,False,None,15.292857142857136,462.70700000000005,,0.13186984275261432,1.4436451431021453,False,False,No setup,0.0,None,None,0,No active J-Curve setup.,Neutral,0,Not applicable,No directional setup; confirmation score not applicable.,Standard CPR,Not applicable,Not applicable,Standard CPR; Wide CPR rules not applied
GTLINFRA,EQ,GTL INFRA.LTD,1.42,1.45,1.41,1.41,30128886,42953528.36,20251113,1.43,1.39,1.42,1.4133333333333333,1.41,1.4166666666666667,1.4166666666666667,1.41,0.006666666666666821,0.4694835680751282,Moderate,Bullish,Inside CPR,Cash Only,Real Estate & Infra,False,False,False,0.65,60,50556131.3,True,False,Higher,True,Neutral,False,Bullish Virgin,0.03285714285714288,1.4816,,0.20289855072464222,0.8496205555190495,False,False,No setup,0.0,None,None,0,No active J-Curve setup.,Neutral,0,Not applicable,No directional setup; confirmation score not applicable.,Standard CPR,Not applicable,Not applicable,Standard CPR; Wide CPR rules not applied
BALPHARMA,EQ,BAL PHARMA LTD.,81.0,82.91,78.9,79.9,20821,1665806.85,20251113,81.88,80.15,81.59,81.20666666666666,81.015,81.39833333333333,81.39833333333333,81.015,0.38333333333332575,0.4698288188911947,Moderate,Bullish,Below CPR,Cash Only,Healthcare & Pharma,False,False,False,0.5333333333333333,60,1212108.74,True,False,Overlapping,True,Neutral,False,None,2.5799999999999983,84.1354,,0.1485788113695062,1.374304792159159,False,False,No setup,0.0,None,None,0,No active J-Curve setup.,Neutral,0,Not applicable,No directional setup; confirmation score not applicable.,Standard CPR,Not applicable,Not applicable,Standard CPR; Wide CPR rules not applied
ECLERX,EQ,ECLERX SERVICES LTD,4509.0,4571.2,4427.4,4446.8,81692,367351118.8,20251113,4551.0,4360.7,4487.5,4466.400000000001,4455.85,4476.950000000001,4476.950000000001,4455.85,21.100000000000364,0.4701949860724315,Moderate,Bullish,Below CPR,Cash Only,Services,True,False,False,0.4,60,369496202.6,True,False,Higher,True,Neutral,False,Bullish Virgin,191.0785714285714,4322.9,,0.11042577847557293,0.9941945714599882,True,False,No setup,0.0,None,None,0,No active J-Curve setup.,Neutral,0,Not applicable,No directional setup; confirmation score not applicable.,Standard CPR,Not applicable,Not applicable,Standard CPR; Wide CPR rules not applied
INSECTICID,EQ,INSECTICIDES (I) LTD,667.0,668.0,655.5,665.3,27528,18255563.85,20251113,686.0,655.0,665.8,668.9333333333333,670.5,667.3666666666666,670.5,667.3666666666666,3.1333333333334394,0.47061179533395014,Moderate,Bearish,Below CPR,Cash Only,Diversified,False,False,False,0.65,60,18797126.924999997,False,False,Lower,True,Neutral,False,Bearish Virgin,17.275000000000016,744.555,,0.18137964302943194,0.9711890504777237,False,False,No setup,0.0,None,None,0,No active J-Curve setup.,Neutral,0,Not applicable,No directional setup; confirmation score not applicable.,Standard CPR,Not applicable,Not applicable,Standard CPR; Wide CPR rules not applied
SARVESHWAR,EQ,SARVESHWAR FOODS LIMITED,4.94,4.97,4.82,4.92,6706696,32744187.26,20251113,5.05,4.76,4.94,4.916666666666667,4.904999999999999,4.928333333333335,4.928333333333335,4.904999999999999,0.023333333333335204,0.4723346828610365,Moderate,Bullish,Inside CPR,Cash Only,Diversified,False,False,False,0.26666666666666666,60,58791590.83,False,False,Inside,True,Neutral,False,None,0.16142857142857142,6.093000000000001,,0.14454277286136852,0.5569535846492419,False,False,No setup,0.0,None,None,0,No active J-Curve setup.,Neutral,0,Not applicable,No directional setup; confirmation score not applicable.,Standard CPR,Not applicable,Not applicable,Standard CPR; Wide CPR rules not applied
MAHEPC,EQ,MAHINDRA EPC IRRIG LTD,134.0,135.77,131.31,131.86,56952,7544804.99,20251113,136.4,133.52,134.01,134.64333333333335,134.96,134.32666666666668,134.96,134.32666666666668,0.6333333333333258,0.4726015471482171,Moderate,Bearish,Below CPR,Cash Only,Diversified,False,False,False,0.4166666666666667,60,8206094.720000001,False,False,Overlapping,True,Neutral,False,None,4.687142857142858,147.9526,,0.1351214060753819,0.9194148066085203,False,False,No setup,0.0,None,None,0,No active J-Curve setup.,Neutral,0,Not applicable,No directional setup; confirmation score not applicable.,Standard CPR,Not applicable,Not applicable,Standard CPR; Wide CPR rules not applied
STARTECK,EQ,STARTECK FINANCE LIMITED,299.8,315.0,299.1,304.45,24051,7252518.95,20251113,305.05,298.0,299.4,300.81666666666666,301.525,300.10833333333335,301.525,300.10833333333335,1.4166666666666288,0.4731685593408914,Moderate,Bearish,Above CPR,Cash Only,Diversified,False,False,False,0.5166666666666667,60,3547304.4749999996,False,False,Lower,True,Neutral,False,None,10.796428571428574,309.709,,0.1312162311169884,2.044515490878465,False,False,No setup,0.0,None,None,0,No active J-Curve setup.,Neutral,0,Not applicable,No directional setup; confirmation score not applicable.,Standard CPR,Not applicable,Not applicable,Standard CPR; Wide CPR rules not applied
RKSWAMY,EQ,R K SWAMY LIMITED,130.18,135.03,125.84,130.37,65124,8529367.37,20251113,133.51,125.0,130.18,129.56333333333333,129.255,129.87166666666667,129.87166666666667,129.255,0.6166666666666742,0.47370307778973286,Moderate,Bullish,Above CPR,Cash Only,Diversified,False,False,False,0.4666666666666667,60,4647214.484999999,False,False,Overlapping,True,Neutral,False,None,4.993571428571427,142.697,,0.12349210890192307,1.8353720056456573,False,False,No setup,0.0,None,None,0,No active J-Curve setup.,Neutral,0,Not applicable,No directional setup; confirmation score not applicable.,Standard CPR,Not applicable,Not applicable,Standard CPR; Wide CPR rules not applied
ZENSARTECH,EQ,ZENSAR TECHNOLOGIES  LTD,742.0,743.55,726.2,728.8,287260,210202420.8,20251113,744.2,728.15,741.45,737.9333333333334,736.175,739.6916666666668,739.6916666666668,736.175,3.516666666666879,0.474295861712439,Moderate,Bullish,Below CPR,Cash Only,Information Technology,True,False,False,0.6333333333333333,60,253645080.72500002,False,False,Higher,True,Neutral,False,Bullish Virgin,22.814285714285706,781.3979999999999,,0.15414318513881128,0.8287265820380716,False,False,No setup,0.0,None,None,0,No active J-Curve setup.,Neutral,0,Not applicable,No directional setup; confirmation score not applicable.,Standard CPR,Not applicable,Not applicable,Standard CPR; Wide CPR rules not applied
THEINVEST,EQ,THE INVEST TRUST OF IND L,129.3,130.78,126.15,129.79,4277,553800.25,20251113,127.8,124.39,127.0,126.39666666666666,126.095,126.69833333333332,126.69833333333332,126.095,0.6033333333333246,0.47506561679789344,Moderate,Bullish,Above CPR,Cash Only,Diversified,False,False,False,0.36666666666666664,60,1397446.2999999998,False,False,Overlapping,True,Neutral,False,None,5.0535714285714315,144.04579999999999,,0.11938751472320197,0.3962944765748781,False,False,No setup,0.0,None,None,0,No active J-Curve setup.,Neutral,0,Not applicable,No directional setup; confirmation score not applicable.,Standard CPR,Not applicable,Not applicable,Standard CPR; Wide CPR rules not applied
GANESHHOU,EQ,GANESH HOUSING LIMITED,825.0,835.0,808.35,825.3,35783,29503525.6,20251113,828.05,812.5,814.45,818.3333333333334,820.275,816.3916666666668,820.275,816.3916666666668,3.883333333333212,0.4768043874188976,Moderate,Bearish,Above CPR,Cash Only,Diversified,False,False,False,0.65,41,31204397.3,False,False,Lower,True,Neutral,False,None,21.94285714285714,,,0.1769748263888834,0.9454925636394201,False,False,No setup,0.0,None,None,0,No active J-Curve setup.,Neutral,0,Not applicable,No directional setup; confirmation score not applicable.,Standard CPR,Not applicable,Not applicable,Standard CPR; Wide CPR rules not applied
5PAISA,EQ,5PAISA CAPITAL LIMITED,292.0,294.95,288.3,289.1,49705,14408781.15,20251113,295.7,288.55,290.05,291.43333333333334,292.125,290.7416666666667,292.125,290.7416666666667,1.3833333333333258,0.47692926506923833,Moderate,Bearish,Below CPR,Cash Only,Stock Broking,False,False,False,0.7166666666666667,60,5813446.75,True,False,Overlapping,True,Neutral,False,None,7.5785714285714265,336.79900000000004,,0.18253220232484982,2.4785263836810754,False,False,No setup,0.0,None,None,0,No active J-Curve setup.,Neutral,0,Not applicable,No directional setup; confirmation score not applicable.,Standard CPR,Not applicable,Not applicable,Standard CPR; Wide CPR rules not applied
SUMMITSEC,EQ,SUMMIT SECURITIES LTD,2206.7,2245.1,2194.2,2212.4,5835,12951151.2,20251113,2245.0,2200.0,2206.7,2217.233333333333,2222.5,2211.9666666666662,2222.5,2211.9666666666662,10.533333333333758,0.4773341792420247,Moderate,Bearish,Inside CPR,Cash Only,Diversified,False,False,False,0.43333333333333335,60,17401926.3,False,False,Outside,True,Neutral,False,None,80.13571428571433,2224.5719999999997,,0.13144368184924907,0.7442366423537835,False,False,No setup,0.0,None,None,0,No active J-Curve setup.,Neutral,0,Not applicable,No directional setup; confirmation score not applicable.,Standard CPR,Not applicable,Not applicable,Standard CPR; Wide CPR rules not applied
SHALBY,EQ,SHALBY LIMITED,228.79,236.08,226.35,230.31,123192,28554417.85,20251113,233.4,227.47,228.79,229.88666666666666,230.435,229.3383333333333,230.435,229.3383333333333,1.0966666666666924,0.47933330419454195,Moderate,Bearish,Inside CPR,Cash Only,Diversified,False,False,False,0.43333333333333335,60,43866323.425,False,False,Higher,True,Neutral,False,None,8.576428571428574,241.30880000000002,,0.1278698536964578,0.650941670523645,False,False,No setup,0.0,None,None,0,No active J-Curve setup.,Neutral,0,Not applicable,No directional setup; confirmation score not applicable.,Standard CPR,Not applicable,Not applicable,Standard CPR; Wide CPR rules not applied
RML,EQ,RANE (MADRAS) LIMITED,824.05,827.45,815.15,821.6,5042,4142547.05,20251113,830.8,812.0,827.35,823.3833333333333,821.4,825.3666666666667,825.3666666666667,821.4,3.966666666666697,0.4794423964062001,Moderate,Bullish,Inside CPR,Cash Only,Diversified,False,False,False,0.7166666666666667,60,9491153.75,False,False,Higher,True,Neutral,False,None,18.664285714285736,835.673,,0.21252710804949748,0.4364640126075294,False,False,No setup,0.0,None,None,0,No active J-Curve setup.,Neutral,0,Not applicable,No directional setup; confirmation score not applicable.,Standard CPR,Not applicable,Not applicable,Standard CPR; Wide CPR rules not applied
UTIAMC,EQ,UTI ASSET MNGMT CO LTD,1169.9,1188.6,1169.9,1175.8,58065,68592611.7,20251113,1188.7,1163.5,1167.7,1173.3,1176.1,1170.5,1176.1,1170.5,5.599999999999909,0.4795752333647263,Moderate,Bearish,Inside CPR,Cash Only,Financial Services,True,False,False,0.6166666666666667,60,129368058.65,False,False,Lower,True,Neutral,False,None,32.11428571428571,1313.18,,0.17437722419928547,0.5302128857446529,False,False,No setup,0.0,None,None,0,No active J-Curve setup.,Neutral,0,Not applicable,No directional setup; confirmation score not applicable.,Standard CPR,Not applicable,Not applicable,Standard CPR; Wide CPR rules not applied
JUBLPHARMA,EQ,JUBILANT PHARMOVA LTD,1144.9,1153.0,1122.0,1126.0,64598,73293623.0,20251113,1156.2,1107.0,1139.8,1134.3333333333333,1131.6,1137.0666666666666,1137.0666666666666,1131.6,5.466666666666697,0.47961630695443913,Moderate,Bullish,Below CPR,Cash Only,Healthcare,True,False,False,0.6166666666666667,60,150179242.75,False,False,Higher,True,Neutral,False,None,38.935714285714276,1106.016,,0.1404023726533366,0.48804096796526164,True,False,No setup,0.0,None,None,0,No active J-Curve setup.,Neutral,0,Not applicable,No directional setup; confirmation score not applicable.,Standard CPR,Not applicable,Not applicable,Standard CPR; Wide CPR rules not applied
BRIGADE,EQ,BRIGADE ENTER. LTD,958.7,965.8,942.1,950.7,233482,222509818.3,20251113,978.7,952.9,958.9,963.5,965.8,961.2,965.8,961.2,4.599999999999909,0.4797163416414547,Moderate,Bearish,Below CPR,Cash Only,Realty,True,False,False,0.5166666666666667,60,280473160.2,False,False,Lower,True,Neutral,False,Bearish Virgin,28.66071428571426,951.8809999999999,,0.16049844236759822,0.7933372952382772,False,False,No setup,0.0,None,None,0,No active J-Curve setup.,Neutral,0,Not applicable,No directional setup; confirmation score not applicable.,Standard CPR,Not applicable,Not applicable,Standard CPR; Wide CPR rules not applied
CIFL,EQ,CAPITAL INDIA FINANCE LTD,34.47,34.6,33.86,34.33,157304,5376024.73,20251113,34.61,33.9,34.01,34.173333333333325,34.254999999999995,34.091666666666654,34.254999999999995,34.091666666666654,0.1633333333333411,0.4802509065961221,Moderate,Bearish,Above CPR,Cash Only,Diversified,False,False,False,0.38333333333333336,60,6738915.21,False,False,Lower,True,Neutral,False,None,1.2800000000000007,35.0002,,0.12760416666667268,0.797758179539404,False,False,No setup,0.0,None,None,0,No active J-Curve setup.,Neutral,0,Not applicable,No directional setup; confirmation score not applicable.,Standard CPR,Not applicable,Not applicable,Standard CPR; Wide CPR rules not applied
FINOPB,EQ,FINO PAYMENTS BANK LTD,279.9,279.9,274.55,277.6,114136,31636861.55,20251113,279.8,271.4,277.6,276.2666666666667,275.6,276.9333333333334,276.9333333333334,275.6,1.3333333333333712,0.48030739673392325,Moderate,Bullish,Above CPR,Cash Only,Diversified,False,False,False,0.43333333333333335,60,57396874.8,False,False,Higher,True,Neutral,False,Bullish Virgin,10.724999999999998,289.197,,0.12432012432012787,0.5511948457165825,False,False,No setup,0.0,None,None,0,No active J-Curve setup.,Neutral,0,Not applicable,No directional setup; confirmation score not applicable.,Standard CPR,Not applicable,Not applicable,Standard CPR; Wide CPR rules not applied
ZEEMEDIA,EQ,ZEE MEDIA CORPORATION LTD,9.7,9.94,9.5,9.62,2224205,21722676.99,20251113,9.82,9.46,9.71,9.663333333333334,9.64,9.686666666666667,9.686666666666667,9.64,0.046666666666666856,0.4806041881222127,Moderate,Bullish,Below CPR,Cash Only,Media & Entertainment,False,False,False,0.55,60,21036009.42,False,False,Higher,True,Neutral,False,None,0.37214285714285705,11.2222,,0.12539987204094744,1.03264248253032,False,False,No setup,0.0,None,None,0,No active J-Curve setup.,Neutral,0,Not applicable,No directional setup; confirmation score not applicable.,Standard CPR,Not applicable,Not applicable,Standard CPR; Wide CPR rules not applied
GLOBALVECT,EQ,GLOBAL VEC HELICORP LTD,213.8,217.19,208.56,209.73,20638,4374633.17,20251113,218.8,212.03,213.87,214.9,215.41500000000002,214.385,215.41500000000002,214.385,1.0300000000000296,0.48160097255343415,Moderate,Bearish,Below CPR,Cash Only,Diversified,False,False,False,0.5,60,3190628.61,False,False,Higher,True,Neutral,False,None,10.715714285714288,214.2316,,0.09612051726436749,1.3710881787648737,False,False,No setup,0.0,None,None,0,No active J-Curve setup.,Neutral,0,Not applicable,No directional setup; confirmation score not applicable.,Standard CPR,Not applicable,Not applicable,Standard CPR; Wide CPR rules not applied
SESHAPAPER,EQ,SESHASAYEE PAPER & BOARDS,249.4,250.25,246.1,247.65,9625,2387143.7,20251113,253.0,248.0,248.7,249.9,250.5,249.3,250.5,249.3,1.1999999999999886,0.48250904704462755,Moderate,Bearish,Below CPR,Cash Only,Paper & Packaging,False,False,False,0.7666666666666667,60,3475557.3,False,False,Overlapping,True,Neutral,False,None,5.717857142857135,259.04400000000004,,0.20986883198001077,0.6868376763634426,False,False,No setup,0.0,None,None,0,No active J-Curve setup.,Neutral,0,Not applicable,No directional setup; confirmation score not applicable.,Standard CPR,Not applicable,Not applicable,Standard CPR; Wide CPR rules not applied
UNITECH,EQ,UNITECH LTD,6.89,6.94,6.82,6.83,2106644,14441801.29,20251113,7.05,6.83,6.89,6.923333333333333,6.9399999999999995,6.906666666666666,6.9399999999999995,6.906666666666666,0.033333333333333215,0.48379293662312356,Moderate,Bearish,Below CPR,Cash Only,Information Technology,False,False,False,0.4,26,24124133.97,False,False,Higher,True,Neutral,False,None,0.20428571428571432,,,0.16317016317016256,0.5986453776106269,False,False,No setup,0.0,None,None,0,No active J-Curve setup.,Neutral,0,Not applicable,No directional setup; confirmation score not applicable.,Standard CPR,Not applicable,Not applicable,Standard CPR; Wide CPR rules not applied
KRN,EQ,KRN HEAT EXCHANGE N REF L,813.0,822.0,801.0,805.85,153864,125139589.75,20251113,828.0,785.0,812.4,808.4666666666667,806.5,810.4333333333334,810.4333333333334,806.5,3.933333333333394,0.4841621532906689,Moderate,Bullish,Below CPR,Cash Only,Diversified,False,False,False,0.5166666666666667,60,187807514.825,False,False,Higher,True,Neutral,False,Bullish Virgin,25.35714285714285,837.462,,0.1551173708920212,0.6663183305876004,False,False,No setup,0.0,None,None,0,No active J-Curve setup.,Neutral,0,Not applicable,No directional setup; confirmation score not applicable.,Standard CPR,Not applicable,Not applicable,Standard CPR; Wide CPR rules not applied
SEAMECLTD,EQ,SEAMEC LIMITED,859.7,859.7,844.0,848.55,46441,39592942.3,20251113,873.95,832.95,859.7,855.5333333333334,853.45,857.6166666666668,857.6166666666668,853.45,4.1666666666667425,0.4846651932844879,Moderate,Bullish,Below CPR,Cash Only,Diversified,False,False,False,0.6,60,29097381.25,False,False,Higher,True,Neutral,False,Bullish Virgin,37.92142857142858,892.873,,0.10987631066742208,1.360704661351612,False,False,No setup,0.0,None,None,0,No active J-Curve setup.,Neutral,0,Not applicable,No directional setup; confirmation score not applicable.,Standard CPR,Not applicable,Not applicable,Standard CPR; Wide CPR rules not applied
INDGN,EQ,INDEGENE LIMITED,508.8,518.5,508.0,514.0,183870,94498398.6,20251113,519.65,505.35,508.8,511.26666666666665,512.5,510.0333333333333,512.5,510.0333333333333,2.466666666666697,0.4848008385744294,Moderate,Bearish,Above CPR,Cash Only,Healthcare,True,False,False,0.6833333333333333,60,147255568.075,False,False,Overlapping,True,Neutral,False,None,12.632142857142863,553.29,,0.19526906040901182,0.6417305629616002,False,False,No setup,0.0,None,None,0,No active J-Curve setup.,Neutral,0,Not applicable,No directional setup; confirmation score not applicable.,Standard CPR,Not applicable,Not applicable,Standard CPR; Wide CPR rules not applied
PFIZER,EQ,PFIZER LTD,5164.0,5339.0,5026.0,5043.5,168376,871400663.5,20251113,5115.5,4988.5,5015.5,5039.833333333333,5052.0,5027.666666666666,5052.0,5027.666666666666,24.33333333333394,0.4851626624131979,Moderate,Bearish,Inside CPR,Cash Only,Healthcare,True,False,False,0.6833333333333333,60,84682572.0,False,False,Inside,True,Neutral,False,None,122.96428571428571,5180.43,,0.19788943750605587,10.29020072158413,False,False,No setup,0.0,None,None,0,No active J-Curve setup.,Neutral,0,Not applicable,No directional setup; confirmation score not applicable.,Standard CPR,Not applicable,Not applicable,Standard CPR; Wide CPR rules not applied
POWERINDIA,EQ,HITACHI ENERGY INDIA LTD,21950.0,21992.0,21366.0,21415.0,129322,2789855496.0,20251113,22090.0,21625.0,22018.0,21911.0,21857.5,21964.5,21964.5,21857.5,107.0,0.48596602779544007,Moderate,Bullish,Below CPR,Cash Only,Capital Goods,True,False,False,0.43333333333333335,60,1768462489.0,False,False,Higher,True,Neutral,False,None,783.1428571428571,18771.34,,0.1366289675300985,1.5775598936099344,True,False,No setup,0.0,None,None,0,No active J-Curve setup.,Neutral,0,Not applicable,No directional setup; confirmation score not applicable.,Standard CPR,Not applicable,Not applicable,Standard CPR; Wide CPR rules not applied
ABFRL,EQ,ADITYA BIRLA FASHION & RT,80.84,80.85,79.13,79.58,3883210,309852696.88,20251113,81.5,79.0,80.84,80.44666666666667,80.25,80.64333333333335,80.64333333333335,80.25,0.3933333333333451,0.48655780966519674,Moderate,Bullish,Below CPR,Cash Only,Consumer Services,True,False,False,0.5166666666666667,60,470170549.365,False,False,Higher,True,Neutral,False,Bullish Virgin,2.8821428571428576,84.9674,,0.13647253201156953,0.6590219172563635,False,False,No setup,0.0,None,None,0,No active J-Curve setup.,Neutral,0,Not applicable,No directional setup; confirmation score not applicable.,Standard CPR,Not applicable,Not applicable,Standard CPR; Wide CPR rules not applied
PRINCEPIPE,EQ,PRINCE PIPES FITTINGS LTD,317.45,319.15,312.1,314.3,91061,28735041.8,20251113,320.95,310.5,318.05,316.5,315.725,317.275,317.275,315.725,1.5499999999999545,0.4873447571136471,Moderate,Bullish,Below CPR,Cash Only,Building Materials & Pipes,False,False,False,0.6333333333333333,60,32721026.35,False,False,Higher,True,Neutral,False,Bullish Virgin,8.214285714285706,326.629,,0.18869565217390769,0.8781827774176771,False,False,No setup,0.0,None,None,0,No active J-Curve setup.,Neutral,0,Not applicable,No directional setup; confirmation score not applicable.,Standard CPR,Not applicable,Not applicable,Standard CPR; Wide CPR rules not applied
EBGNG,EQ,GNG ELECTRONICS LIMITED,339.8,348.6,334.5,336.5,254323,86866023.2,20251113,340.35,331.0,338.15,336.5,335.675,337.325,337.325,335.675,1.6499999999999773,0.48794913499925396,Moderate,Bullish,Inside CPR,Cash Only,Diversified,False,False,False,0.43333333333333335,60,125914608.625,False,False,Lower,True,Neutral,False,None,10.860714285714279,344.49199999999996,,0.1519237093061473,0.6898804209343584,False,False,No setup,0.0,None,None,0,No active J-Curve setup.,Neutral,0,Not applicable,No directional setup; confirmation score not applicable.,Standard CPR,Not applicable,Not applicable,Standard CPR; Wide CPR rules not applied
TI,EQ,TILAKNAGAR INDUSTRIES LTD,505.75,522.5,502.65,508.05,1976398,1014039765.0,20251113,516.3,501.5,505.2,507.6666666666667,508.9,506.4333333333334,508.9,506.4333333333334,2.4666666666665833,0.4882554763789754,Moderate,Bearish,Inside CPR,Cash Only,Diversified,False,False,False,0.48333333333333334,60,448921976.95000005,False,False,Higher,True,Neutral,False,None,21.178571428571434,476.1,,0.11646992692523493,2.258832975586182,True,False,No setup,0.0,None,None,0,No active J-Curve setup.,Neutral,0,Not applicable,No directional setup; confirmation score not applicable.,Standard CPR,Not applicable,Not applicable,Standard CPR; Wide CPR rules not applied
IFGLEXPOR,EQ,IFGL REFRACTORIES LIMITED,239.0,240.67,228.0,230.85,30753,7201841.85,20251113,238.3,231.91,236.84,235.68333333333337,235.10500000000002,236.2616666666667,236.2616666666667,235.10500000000002,1.1566666666666947,0.48837471147892864,Moderate,Bullish,Below CPR,Cash Only,Diversified,False,False,False,0.38333333333333336,60,8591887.955,False,False,Higher,True,Neutral,False,None,7.724999999999994,254.08900000000003,,0.1497303128371127,0.8382141256636068,False,False,No setup,0.0,None,None,0,No active J-Curve setup.,Neutral,0,Not applicable,No directional setup; confirmation score not applicable.,Standard CPR,Not applicable,Not applicable,Standard CPR; Wide CPR rules not applied
MAPMYINDIA,EQ,C.E. INFO SYSTEMS LIMITED,1729.0,1737.7,1695.0,1702.9,46554,79483476.8,20251113,1750.0,1715.0,1719.9,1728.3,1732.5,1724.1,1732.5,1724.1,8.400000000000091,0.4884004884004937,Moderate,Bearish,Below CPR,Cash Only,Information Technology,True,False,False,0.7666666666666667,60,84833338.85,False,False,Lower,True,Neutral,False,Bearish Virgin,50.62142857142859,1721.9879999999998,,0.16593763228446626,0.9369367972247388,False,False,No setup,0.0,None,None,0,No active J-Curve setup.,Neutral,0,Not applicable,No directional setup; confirmation score not applicable.,Standard CPR,Not applicable,Not applicable,Standard CPR; Wide CPR rules not applied
S&SPOWER,EQ,S&S POWER SWITCHGEARS LTD,346.45,352.35,345.0,347.3,1605,558829.35,20251113,359.9,341.0,347.9,349.59999999999997,350.45,348.74999999999994,350.45,348.74999999999994,1.7000000000000455,0.48864616269044137,Moderate,Bearish,Below CPR,Cash Only,Power & Utilities,False,False,False,0.3333333333333333,46,1157654.525,False,False,Higher,True,Neutral,False,None,20.36785714285714,,,0.08346484306505572,0.48272549187332037,False,False,No setup,0.0,None,None,0,No active J-Curve setup.,Neutral,0,Not applicable,No directional setup; confirmation score not applicable.,Standard CPR,Not applicable,Not applicable,Standard CPR; Wide CPR rules not applied
AKSHARCHEM,EQ,AKSHARCHEM INDIA LIMITED,250.0,251.1,245.0,247.75,5034,1245755.7,20251113,257.0,251.0,252.15,253.38333333333333,254.0,252.76666666666665,254.0,252.76666666666665,1.2333333333333485,0.4891268424879431,Moderate,Bearish,Below CPR,Cash Only,Chemicals & Fertilizers,False,False,False,0.65,60,1249877.4249999998,False,False,Overlapping,True,Neutral,False,Bearish Virgin,9.73928571428571,266.226,,0.1266348857107949,0.9967022966272073,False,False,No setup,0.0,None,None,0,No active J-Curve setup.,Neutral,0,Not applicable,No directional setup; confirmation score not applicable.,Standard CPR,Not applicable,Not applicable,Standard CPR; Wide CPR rules not applied
CAMS,EQ,COMPUTER AGE MNGT SER LTD,3954.5,3970.0,3914.9,3944.0,214742,847041890.9,20251113,4019.8,3850.0,3964.0,3944.6,3934.9,3954.2999999999997,3954.2999999999997,3934.9,19.399999999999636,0.4894046417759747,Moderate,Bullish,Inside CPR,Cash Only,Financial Services,True,False,False,0.6833333333333333,60,973707555.5,False,False,Higher,True,Neutral,False,Bullish Virgin,102.19285714285719,3866.0359999999996,,0.18983714265743676,0.8699140579894575,True,False,No setup,0.0,None,None,0,No active J-Curve setup.,Neutral,0,Not applicable,No directional setup; confirmation score not applicable.,Standard CPR,Not applicable,Not applicable,Standard CPR; Wide CPR rules not applied
RALLIS,EQ,RALLIS INDIA LTD,249.95,253.95,248.85,251.8,1477542,371590072.45,20251113,253.25,247.1,248.35,249.5666666666667,250.175,248.95833333333337,250.175,248.95833333333337,1.2166666666666401,0.48990000671094835,Moderate,Bearish,Above CPR,Cash Only,Diversified,False,False,False,0.4166666666666667,60,162997809.075,False,False,Higher,True,Neutral,False,Bullish Virgin,8.832142857142866,302.262,,0.13775441434155233,2.279724338374516,False,False,No setup,0.0,None,None,0,No active J-Curve setup.,Neutral,0,Not applicable,No directional setup; confirmation score not applicable.,Standard CPR,Not applicable,Not applicable,Standard CPR; Wide CPR rules not applied
SUNTV,EQ,SUN TV NETWORK LIMITED,568.8,568.95,560.0,564.1,129387,72943969.9,20251113,566.0,553.9,564.1,561.3333333333334,559.95,562.7166666666667,562.7166666666667,559.95,2.7666666666666515,0.4904567748035191,Moderate,Bullish,Above CPR,Cash Only,Media Entertainment & Publication,True,False,False,0.7166666666666667,60,97765962.75,False,False,Higher,True,Neutral,False,Bullish Virgin,12.478571428571456,560.9029999999999,,0.22171341347071,0.7461080303226494,True,False,No setup,0.0,None,None,0,No active J-Curve setup.,Neutral,0,Not applicable,No directional setup; confirmation score not applicable.,Standard CPR,Not applicable,Not applicable,Standard CPR; Wide CPR rules not applied
ASAL,EQ,AUTOMOTIVE STAMPINGS & AS,537.85,537.85,523.0,527.2,15184,8032015.25,20251113,538.0,514.0,529.9,527.3000000000001,526.0,528.6000000000001,528.6000000000001,526.0,2.6000000000001364,0.49065861483301315,Moderate,Bullish,Inside CPR,Cash Only,Diversified,False,False,False,0.5333333333333333,60,16127720.525,False,False,Higher,True,Neutral,False,Bullish Virgin,21.02857142857143,532.668,,0.12364130434783258,0.498025448639773,False,False,No setup,0.0,None,None,0,No active J-Curve setup.,Neutral,0,Not applicable,No directional setup; confirmation score not applicable.,Standard CPR,Not applicable,Not applicable,Standard CPR; Wide CPR rules not applied
DEVIT,EQ,DEV INFO TECHNOLOGY LTD,42.42,43.13,41.5,41.84,129862,5499532.76,20251113,42.49,41.0,41.44,41.64333333333334,41.745000000000005,41.54166666666667,41.745000000000005,41.54166666666667,0.20333333333333314,0.4906692406692403,Moderate,Bearish,Above CPR,Cash Only,Diversified,False,False,False,0.43333333333333335,60,3523435.995,False,False,Higher,True,Neutral,False,Bullish Virgin,1.3535714285714293,41.415600000000005,,0.15021987686895316,1.560843667319122,True,False,No setup,0.0,None,None,0,No active J-Curve setup.,Neutral,0,Not applicable,No directional setup; confirmation score not applicable.,Standard CPR,Not applicable,Not applicable,Standard CPR; Wide CPR rules not applied
3PLAND,EQ,3P LAND HOLDINGS LIMITED,40.72,41.9,40.3,40.38,2593,105127.91,20251113,41.89,40.15,40.72,40.919999999999995,41.019999999999996,40.81999999999999,41.019999999999996,40.81999999999999,0.20000000000000284,0.4911591355599284,Moderate,Bearish,Below CPR,Cash Only,Diversified,False,False,False,0.4,60,243283.51,False,False,Higher,True,Neutral,False,Bullish Virgin,1.7564285714285701,43.486,,0.11386742578284026,0.43212098510088087,False,False,No setup,0.0,None,None,0,No active J-Curve setup.,Neutral,0,Not applicable,No directional setup; confirmation score not applicable.,Standard CPR,Not applicable,Not applicable,Standard CPR; Wide CPR rules not applied
AUBANK,EQ,AU SMALL FINANCE BANK LTD,881.5,891.85,878.8,886.7,1162548,1030258235.85,20251113,897.45,879.65,882.05,886.3833333333332,888.55,884.2166666666665,888.55,884.2166666666665,4.333333333333485,0.49127978383691234,Moderate,Bearish,Inside CPR,Cash Only,Financial Services,True,False,False,0.6,60,1697188003.15,False,False,Lower,True,Neutral,False,Bearish Virgin,18.128571428571426,784.174,,0.23903335960074387,0.60703836813472,True,False,No setup,0.0,None,None,0,No active J-Curve setup.,Neutral,0,Not applicable,No directional setup; confirmation score not applicable.,Standard CPR,Not applicable,Not applicable,Standard CPR; Wide CPR rules not applied
ASTRAL,EQ,ASTRAL LIMITED,1592.8,1593.5,1545.7,1550.6,970265,1510073857.7,20251113,1589.8,1557.2,1585.2,1577.3999999999999,1573.5,1581.2999999999997,1581.2999999999997,1573.5,7.799999999999727,0.49205147615441125,Moderate,Bullish,Below CPR,Cash Only,Capital Goods,True,False,False,0.8333333333333334,60,779579608.6500001,False,False,Higher,True,Neutral,False,None,35.24285714285713,1449.2759999999998,,0.22132144304822904,1.9370361165744172,True,False,No setup,0.0,None,None,0,No active J-Curve setup.,Neutral,0,Not applicable,No directional setup; confirmation score not applicable.,Standard CPR,Not applicable,Not applicable,Standard CPR; Wide CPR rules not applied
MARATHON,EQ,MARATHON NXTGEN REALT LTD,584.15,590.45,565.0,567.55,102311,59354257.6,20251113,598.95,581.2,585.75,588.6333333333333,590.075,587.1916666666666,590.075,587.1916666666666,2.8833333333334394,0.49224640773938355,Moderate,Bearish,Below CPR,Cash Only,Diversified,False,False,False,0.45,60,45848410.6,False,False,Higher,True,Neutral,False,None,16.375,608.807,,0.17608142493639325,1.2945761221218866,False,False,No setup,0.0,None,None,0,No active J-Curve setup.,Neutral,0,Not applicable,No directional setup; confirmation score not applicable.,Standard CPR,Not applicable,Not applicable,Standard CPR; Wide CPR rules not applied
CORALFINAC,EQ,CORAL INDIA FIN & HOUS LT,41.9,42.78,41.16,42.16,30044,1264877.43,20251113,42.47,40.83,41.96,41.75333333333333,41.65,41.85666666666666,41.85666666666666,41.65,0.20666666666666345,0.49253257070224843,Moderate,Bullish,Above CPR,Cash Only,Diversified,False,False,False,0.45,60,977774.71,False,False,Higher,True,Neutral,False,Bullish Virgin,1.6042857142857154,43.681000000000004,,0.1288216087859878,1.2936287030782376,False,False,No setup,0.0,None,None,0,No active J-Curve setup.,Neutral,0,Not applicable,No directional setup; confirmation score not applicable.,Standard CPR,Not applicable,Not applicable,Standard CPR; Wide CPR rules not applied
MARKOLINES,EQ,MARKOLINES PAVEMENT TEC L,167.1,169.5,165.0,167.03,115448,19340594.81,20251113,169.15,162.6,167.11,166.28666666666666,165.875,166.69833333333332,166.69833333333332,165.875,0.8233333333333235,0.4926894460734387,Moderate,Bullish,Above CPR,Cash Only,Diversified,False,False,False,0.4,21,20939964.06,False,False,Higher,True,Neutral,False,Bullish Virgin,6.093571428571432,,,0.13511507052709554,0.923621203674597,False,False,No setup,0.0,None,None,0,No active J-Curve setup.,Neutral,0,Not applicable,No directional setup; confirmation score not applicable.,Standard CPR,Not applicable,Not applicable,Standard CPR; Wide CPR rules not applied
SGFIN,EQ,SG FINSERVE LIMITED,402.0,402.0,386.0,387.65,69481,27215820.25,20251113,400.0,391.3,398.6,396.6333333333334,395.65,397.6166666666668,397.6166666666668,395.65,1.9666666666668107,0.493393544070951,Moderate,Bullish,Below CPR,Cash Only,Diversified,False,False,False,0.5833333333333334,60,36927697.35,False,False,Lower,True,Neutral,False,None,13.278571428571423,379.211,,0.1481083019544667,0.7370029057606539,True,False,No setup,0.0,None,None,0,No active J-Curve setup.,Neutral,0,Not applicable,No directional setup; confirmation score not applicable.,Standard CPR,Not applicable,Not applicable,Standard CPR; Wide CPR rules not applied
CEWATER,EQ,CONCORD ENVIRO SYSTEMS L,431.0,431.0,420.0,423.8,20490,8685818.3,20251113,437.25,427.1,429.0,431.1166666666666,432.175,430.0583333333332,432.175,430.0583333333332,2.116666666666788,0.4933954933955217,Moderate,Bearish,Below CPR,Cash Only,Diversified,False,False,False,0.5666666666666667,60,11997332.65,True,False,Overlapping,True,Neutral,False,None,12.0,497.858,,0.176388888888899,0.723979117141509,False,False,No setup,0.0,None,None,0,No active J-Curve setup.,Neutral,0,Not applicable,No directional setup; confirmation score not applicable.,Standard CPR,Not applicable,Not applicable,Standard CPR; Wide CPR rules not applied
SAMMAANCAP,EQ,SAMMAAN CAPITAL LIMITED,178.7,180.94,176.9,178.33,10449696,1867990375.06,20251113,180.5,176.06,176.97,177.84333333333333,178.28,177.40666666666667,178.28,177.40666666666667,0.8733333333333348,0.49349230566386104,Moderate,Bearish,Above CPR,Cash Only,Financial Services,True,False,False,0.48333333333333334,60,2294853435.3450003,False,False,Overlapping,True,Neutral,False,None,6.427142857142854,159.8602,,0.13588204786248825,0.8139911448328171,True,False,No setup,0.0,None,None,0,No active J-Curve setup.,Neutral,0,Not applicable,No directional setup; confirmation score not applicable.,Standard CPR,Not applicable,Not applicable,Standard CPR; Wide CPR rules not applied
RAIN,EQ,RAIN INDUSTRIES LIMITED,122.1,123.3,119.3,119.79,1954160,237243127.79,20251113,124.68,121.33,122.1,122.70333333333333,123.005,122.40166666666667,123.005,122.40166666666667,0.6033333333333246,0.49413049413048704,Moderate,Bearish,Below CPR,Cash Only,Diversified,False,False,False,0.5333333333333333,60,140308453.07,True,False,Lower,True,Neutral,False,Bearish Virgin,4.511428571428572,132.8908,,0.1337344310745178,1.6908683874637205,False,False,No setup,0.0,None,None,0,No active J-Curve setup.,Neutral,0,Not applicable,No directional setup; confirmation score not applicable.,Standard CPR,Not applicable,Not applicable,Standard CPR; Wide CPR rules not applied
ANDHRSUGAR,EQ,ANDHRA SUGARS LTD,82.0,82.72,81.1,81.37,122803,10071989.55,20251113,84.0,81.8,82.29,82.69666666666667,82.9,82.49333333333334,82.9,82.49333333333334,0.4066666666666663,0.49418722404504345,Moderate,Bearish,Below CPR,Cash Only,FMCG & Food Products,False,False,False,0.7,60,9122208.879999999,False,False,Overlapping,True,Neutral,False,None,3.304285714285714,78.44099999999999,,0.1230724888312436,1.104117399907642,True,False,No setup,0.0,None,None,0,No active J-Curve setup.,Neutral,0,Not applicable,No directional setup; confirmation score not applicable.,Standard CPR,Not applicable,Not applicable,Standard CPR; Wide CPR rules not applied
EQUITASBNK,EQ,EQUITAS SMALL FIN BNK LTD,58.19,59.81,57.95,58.57,2086302,122910769.34,20251113,58.97,57.75,57.93,58.21666666666667,58.36,58.07333333333334,58.36,58.07333333333334,0.28666666666666174,0.4948501064503051,Moderate,Bearish,Above CPR,Cash Only,Diversified,False,False,False,0.6166666666666667,60,152362300.45,False,False,Lower,True,Neutral,False,None,2.122142857142857,56.8288,,0.13508358577358684,0.806700666614935,True,False,No setup,0.0,None,None,0,No active J-Curve setup.,Neutral,0,Not applicable,No directional setup; confirmation score not applicable.,Standard CPR,Not applicable,Not applicable,Standard CPR; Wide CPR rules not applied
TTML,EQ,TATA TELESERV(MAHARASTRA),54.48,54.48,53.9,53.98,677462,36674534.76,20251113,55.59,53.98,54.38,54.65,54.785,54.515,54.785,54.515,0.269999999999996,0.4965060684074954,Moderate,Bearish,Below CPR,Cash Only,Telecommunication,True,False,False,0.7272727272727273,45,52450024.73,False,False,Higher,True,Neutral,False,None,1.3121428571428584,,,0.20577027762656183,0.6992281690769757,False,False,No setup,0.0,None,None,0,No active J-Curve setup.,Neutral,0,Not applicable,No directional setup; confirmation score not applicable.,Standard CPR,Not applicable,Not applicable,Standard CPR; Wide CPR rules not applied
GANGAFORGE,EQ,GANGA FORGING LIMITED,3.39,3.46,3.32,3.34,207811,703333.59,20251113,3.39,3.26,3.35,3.3333333333333335,3.325,3.341666666666667,3.341666666666667,3.325,0.016666666666666607,0.4975124378109435,Moderate,Bullish,Inside CPR,Cash Only,Automobile & Ancillary,False,False,False,0.4,60,616098.865,False,False,Lower,True,Neutral,False,None,0.17785714285714285,3.6574,,0.09370816599732229,1.1415920884710606,False,False,No setup,0.0,None,None,0,No active J-Curve setup.,Neutral,0,Not applicable,No directional setup; confirmation score not applicable.,Standard CPR,Not applicable,Not applicable,Standard CPR; Wide CPR rules not applied
AETHER,EQ,AETHER INDUSTRIES LIMITED,743.65,801.95,739.05,773.3,2243102,1748033348.95,20251113,745.0,731.2,743.65,739.9499999999999,738.1,741.7999999999998,741.7999999999998,738.1,3.699999999999818,0.4975458885228021,Moderate,Bullish,Above CPR,Cash Only,Diversified,False,False,False,0.8,60,53110771.625,False,False,Overlapping,True,Neutral,False,None,18.467857142857163,747.1360000000001,,0.2003480951459965,32.91297217996313,True,False,No setup,0.0,None,None,0,No active J-Curve setup.,Neutral,0,Not applicable,No directional setup; confirmation score not applicable.,Standard CPR,Not applicable,Not applicable,Standard CPR; Wide CPR rules not applied
GLENMARK,EQ,GLENMARK PHARMACEUTICALS,1862.1,1918.9,1845.9,1880.6,1708579,3239193386.7,20251113,1861.0,1807.0,1847.8,1838.6000000000001,1834.0,1843.2000000000003,1843.2000000000003,1834.0,9.200000000000273,0.49788938196776017,Moderate,Bullish,Above CPR,Cash Only,Healthcare,True,False,False,0.75,60,1182541519.4,False,False,Higher,True,Neutral,False,Bullish Virgin,48.15000000000001,1947.366,,0.19106957424714996,2.739179414472912,False,False,No setup,0.0,None,None,0,No active J-Curve setup.,Neutral,0,Not applicable,No directional setup; confirmation score not applicable.,Standard CPR,Not applicable,Not applicable,Standard CPR; Wide CPR rules not applied
BELRISE,EQ,BELRISE INDUSTRIES LTD,155.9,168.5,155.25,163.88,34014181,5605249996.8,20251113,158.4,153.03,154.56,155.33,155.715,154.94500000000002,155.715,154.94500000000002,0.7699999999999818,0.4981884057970897,Moderate,Bearish,Above CPR,Cash Only,Automobile and Auto Components,True,False,False,0.5333333333333333,60,1024463536.1600001,False,False,Higher,True,Neutral,False,Bullish Virgin,4.835,151.37939999999998,,0.15925542916235405,5.471400200157612,True,False,No setup,0.0,None,None,0,No active J-Curve setup.,Neutral,0,Not applicable,No directional setup; confirmation score not applicable.,Standard CPR,Not applicable,Not applicable,Standard CPR; Wide CPR rules not applied
PENIND,EQ,PENNAR INDUSTRIES LTD,228.3,235.8,227.15,228.7,2027215,467894143.85,20251113,232.9,224.9,227.2,228.33333333333334,228.9,227.76666666666668,228.9,227.76666666666668,1.1333333333333258,0.4988262910798089,Moderate,Bearish,Inside CPR,Cash Only,Diversified,False,False,False,0.35,60,139763305.19,True,True,Lower,True,Neutral,False,None,13.077857142857138,244.9466,,0.08666047663262094,3.3477610107597657,False,False,No setup,0.0,None,None,0,No active J-Curve setup.,Neutral,0,Not applicable,No directional setup; confirmation score not applicable.,Standard CPR,Not applicable,Not applicable,Standard CPR; Wide CPR rules not applied
MINDACORP,EQ,MINDA CORPORATION LTD,610.05,619.95,602.5,605.35,781452,478777460.9,20251113,612.25,593.85,607.6,604.5666666666666,603.05,606.0833333333333,606.0833333333333,603.05,3.033333333333303,0.4992319508448491,Moderate,Bullish,Inside CPR,Cash Only,Automobile and Auto Components,True,False,False,0.6,60,203734118.125,False,False,Higher,True,Neutral,False,Bullish Virgin,19.614285714285725,559.263,,0.15464918669579833,2.3500112072846266,True,False,No setup,0.0,None,None,0,No active J-Curve setup.,Neutral,0,Not applicable,No directional setup; confirmation score not applicable.,Standard CPR,Not applicable,Not applicable,Standard CPR; Wide CPR rules not applied
RSSOFTWARE,EQ,R. S. SOFTWARE (INDIA) LI,56.4,58.84,54.52,55.0,74890,4208963.65,20251113,57.8,56.12,57.39,57.10333333333333,56.959999999999994,57.24666666666667,57.24666666666667,56.959999999999994,0.28666666666667595,0.4995063019109182,Moderate,Bullish,Below CPR,Cash Only,Information Technology,False,False,False,0.38461538461538464,27,2953190.98,False,False,Higher,True,Neutral,False,None,3.9921428571428565,,,0.07180771754040909,1.425225689264431,False,False,No setup,0.0,None,None,0,No active J-Curve setup.,Neutral,0,Not applicable,No directional setup; confirmation score not applicable.,Standard CPR,Not applicable,Not applicable,Standard CPR; Wide CPR rules not applied
JPPOWER,EQ,JAIPRAKASH POWER VEN. LTD,17.96,18.33,17.92,17.94,31676088,573129024.27,20251113,18.3,17.93,17.98,18.070000000000004,18.115000000000002,18.025000000000006,18.115000000000002,18.025000000000006,0.0899999999999963,0.5005561735261196,Moderate,Bearish,Below CPR,Cash Only,Power,True,False,False,0.6,60,420084606.645,False,False,Higher,True,Neutral,False,None,0.4264285714285711,18.2402,,0.21105527638190105,1.3643180807011406,False,False,No setup,0.0,None,None,0,No active J-Curve setup.,Neutral,0,Not applicable,No directional setup; confirmation score not applicable.,Standard CPR,Not applicable,Not applicable,Standard CPR; Wide CPR rules not applied
HINDALCO,EQ,HINDALCO  INDUSTRIES  LTD,803.0,816.5,799.0,811.95,5854638,4737601702.4,20251113,809.0,791.75,794.4,798.3833333333333,800.375,796.3916666666667,800.375,796.3916666666667,3.9833333333333485,0.501426653239344,Moderate,Bearish,Above CPR,Cash Only,Metals & Mining,True,False,False,0.8333333333333334,60,3680685767.55,False,False,Higher,True,Neutral,False,Bullish Virgin,21.66428571428571,776.078,,0.18386635894054365,1.2871519063561685,True,False,No setup,0.0,None,None,0,No active J-Curve setup.,Neutral,0,Not applicable,No directional setup; confirmation score not applicable.,Standard CPR,Not applicable,Not applicable,Standard CPR; Wide CPR rules not applied
DPSCLTD,EQ,DPSC LIMITED,11.3,11.46,11.16,11.2,129330,1458328.84,20251113,11.52,11.25,11.3,11.356666666666667,11.385,11.328333333333335,11.385,11.328333333333335,0.05666666666666487,0.5014749262536713,Moderate,Bearish,Below CPR,Cash Only,Diversified,False,False,False,0.6,60,1237683.565,False,False,Lower,True,Neutral,False,None,0.2964285714285716,11.974,,0.19116465863453197,1.17827276796715,False,False,No setup,0.0,None,None,0,No active J-Curve setup.,Neutral,0,Not applicable,No directional setup; confirmation score not applicable.,Standard CPR,Not applicable,Not applicable,Standard CPR; Wide CPR rules not applied
MFML,EQ,MAHALAXMI FABRIC MILLS LT,27.91,29.25,27.65,27.71,8276,234537.56,20251113,28.49,27.71,27.89,28.03,28.1,27.96,28.1,27.96,0.14000000000000057,0.5019720329867357,Moderate,Bearish,Below CPR,Cash Only,Diversified,False,False,False,0.2,46,370404.905,True,False,Inside,True,Neutral,True,None,1.6907142857142856,,,0.08280523869877517,0.6331923709271614,False,False,No setup,0.0,None,None,0,No active J-Curve setup.,Neutral,0,Not applicable,No directional setup; confirmation score not applicable.,Standard CPR,Not applicable,Not applicable,Standard CPR; Wide CPR rules not applied
ZEELEARN,EQ,ZEE LEARN LIMITED,7.95,8.05,7.82,7.96,350092,2790439.85,20251113,8.0,7.78,7.95,7.91,7.890000000000001,7.93,7.93,7.890000000000001,0.03999999999999915,0.5031446540880397,Moderate,Bullish,Above CPR,Cash Only,Diversified,False,False,False,0.4090909090909091,45,3641730.37,False,False,Lower,True,Neutral,False,None,0.43214285714285705,,,0.09256198347107243,0.7662401019546101,False,False,No setup,0.0,None,None,0,No active J-Curve setup.,Neutral,0,Not applicable,No directional setup; confirmation score not applicable.,Standard CPR,Not applicable,Not applicable,Standard CPR; Wide CPR rules not applied
KCPSUGIND,EQ,KCP SUGAR IND CORP LTD.,27.35,27.89,27.21,27.38,103690,2856413.76,20251113,28.9,27.1,27.79,27.929999999999996,28.0,27.859999999999992,28.0,27.859999999999992,0.14000000000000767,0.5037783375315138,Moderate,Bearish,Below CPR,Cash Only,Diversified,False,False,False,0.6333333333333333,60,2245829.11,False,False,Lower,True,Neutral,False,Bearish Virgin,0.8878571428571423,31.517200000000003,,0.15768302493967085,1.271874937982258,False,False,No setup,0.0,None,None,0,No active J-Curve setup.,Neutral,0,Not applicable,No directional setup; confirmation score not applicable.,Standard CPR,Not applicable,Not applicable,Standard CPR; Wide CPR rules not applied
BASML,EQ,BANNARI AM SPIN MILL LTD.,26.69,26.69,25.4,25.5,127302,3286431.66,20251113,26.63,25.3,25.77,25.900000000000002,25.965,25.835000000000004,25.965,25.835000000000004,0.12999999999999545,0.5044625533565986,Moderate,Bearish,Below CPR,Cash Only,Diversified,False,False,False,0.38333333333333336,60,2361564.005,True,False,Lower,True,Neutral,False,None,1.2128571428571429,27.043000000000003,,0.10718492343933665,1.3916335331339031,False,False,No setup,0.0,None,None,0,No active J-Curve setup.,Neutral,0,Not applicable,No directional setup; confirmation score not applicable.,Standard CPR,Not applicable,Not applicable,Standard CPR; Wide CPR rules not applied
MGEL,EQ,MANGALAM GLOBAL ENT LTD,13.98,14.42,13.9,13.98,402550,5683703.61,20251113,14.18,13.77,13.87,13.94,13.975,13.905,13.975,13.905,0.07000000000000028,0.5046863734679184,Moderate,Bearish,Above CPR,Cash Only,Diversified,False,False,False,0.4166666666666667,60,9902716.055,False,False,Overlapping,True,Neutral,False,None,0.6150000000000001,15.643999999999998,,0.11382113821138255,0.5739540120541203,False,False,No setup,0.0,None,None,0,No active J-Curve setup.,Neutral,0,Not applicable,No directional setup; confirmation score not applicable.,Standard CPR,Not applicable,Not applicable,Standard CPR; Wide CPR rules not applied
MASTERTR,EQ,MASTER TRUST LIMITED,120.8,123.95,111.99,114.25,1039112,124014407.35,20251113,122.88,118.2,119.63,120.23666666666666,120.53999999999999,119.93333333333334,120.53999999999999,119.93333333333334,0.6066666666666549,0.5071191730056465,Moderate,Bearish,Below CPR,Cash Only,Diversified,False,False,False,0.5333333333333333,60,97960044.45,False,False,Lower,True,Neutral,False,None,5.844999999999998,139.4066,,0.1037924151696587,1.2659692841737986,False,False,No setup,0.0,None,None,0,No active J-Curve setup.,Neutral,0,Not applicable,No directional setup; confirmation score not applicable.,Standard CPR,Not applicable,Not applicable,Standard CPR; Wide CPR rules not applied
ARVINDFASN,EQ,ARVIND FASHIONS LIMITED,503.9,508.25,497.2,498.65,97737,49173800.95,20251113,512.9,499.65,502.45,505.0,506.275,503.725,506.275,503.725,2.5499999999999545,0.5075131853915722,Moderate,Bearish,Below CPR,Cash Only,Diversified,False,False,False,0.6,60,102877168.15,False,False,Higher,True,Neutral,False,None,20.23214285714285,528.58,,0.1260370697263879,0.47798556117235036,False,False,No setup,0.0,None,None,0,No active J-Curve setup.,Neutral,0,Not applicable,No directional setup; confirmation score not applicable.,Standard CPR,Not applicable,Not applicable,Standard CPR; Wide CPR rules not applied
ADROITINFO,EQ,ADROIT INFOTECH LIMITED,11.01,11.41,11.01,11.2,16918,189003.46,20251113,11.44,11.05,11.16,11.216666666666669,11.245000000000001,11.188333333333336,11.245000000000001,11.188333333333336,0.05666666666666487,0.5077658303464594,Moderate,Bearish,Inside CPR,Cash Only,Information Technology,False,False,False,0.4,60,361552.365,False,False,Higher,True,Neutral,False,None,0.5514285714285713,10.9652,,0.1027633851468016,0.5227554243767705,True,False,No setup,0.0,None,None,0,No active J-Curve setup.,Neutral,0,Not applicable,No directional setup; confirmation score not applicable.,Standard CPR,Not applicable,Not applicable,Standard CPR; Wide CPR rules not applied
GROBTEA,EQ,THE GROB TEA COMPANY LTD,1072.9,1174.0,1072.9,1099.8,1196,1329466.3,20251113,1085.0,1058.0,1063.4,1068.8,1071.5,1066.1,1071.5,1066.1,5.400000000000091,0.5078051532819344,Moderate,Bearish,Above CPR,Cash Only,FMCG & Food Products,False,False,False,0.46153846153846156,40,198590.05,False,False,Higher,True,Neutral,False,Bullish Virgin,74.06428571428569,,,0.07290963448741566,6.6945262363346005,False,False,No setup,0.0,None,None,0,No active J-Curve setup.,Neutral,0,Not applicable,No directional setup; confirmation score not applicable.,Standard CPR,Not applicable,Not applicable,Standard CPR; Wide CPR rules not applied
JHS,EQ,JHS SVEND. LAB. LTD,11.98,11.99,11.43,11.62,106646,1238140.42,20251113,12.2,11.6,11.81,11.87,11.899999999999999,11.84,11.899999999999999,11.84,0.05999999999999872,0.5080440304826309,Moderate,Bearish,Below CPR,Cash Only,Diversified,False,False,False,0.3333333333333333,60,1024279.045,True,True,Lower,True,Neutral,False,Bearish Virgin,0.7557142857142856,11.826199999999998,,0.0793950850661609,1.2087921021561072,False,False,No setup,0.0,None,None,0,No active J-Curve setup.,Neutral,0,Not applicable,No directional setup; confirmation score not applicable.,Standard CPR,Not applicable,Not applicable,Standard CPR; Wide CPR rules not applied
WHIRLPOOL,EQ,WHIRLPOOL OF INDIA LTD,1237.6,1237.6,1209.0,1227.3,309099,377837819.2,20251113,1250.3,1222.2,1226.9,1233.1333333333334,1236.25,1230.0166666666669,1236.25,1230.0166666666669,6.233333333333121,0.5080555329149172,Moderate,Bearish,Below CPR,Cash Only,Consumer Durables,True,False,False,0.5833333333333334,60,205305289.5,True,False,Lower,True,Neutral,False,Bearish Virgin,44.949999999999996,1299.79,,0.13867259918427413,1.8403706018494959,False,False,No setup,0.0,None,None,0,No active J-Curve setup.,Neutral,0,Not applicable,No directional setup; confirmation score not applicable.,Standard CPR,Not applicable,Not applicable,Standard CPR; Wide CPR rules not applied
DEEPINDS,EQ,DEEP INDUSTRIES LIMITED,482.4,487.0,475.95,480.1,85552,41227959.2,20251113,493.3,476.85,481.4,483.8500000000001,485.07500000000005,482.6250000000001,485.07500000000005,482.6250000000001,2.449999999999932,0.5089322808475139,Moderate,Bearish,Below CPR,Cash Only,Diversified,False,False,False,0.45,60,79662268.775,True,False,Inside,True,Neutral,False,None,18.803571428571434,506.14099999999996,,0.13029439696105996,0.5175343338067012,False,False,No setup,0.0,None,None,0,No active J-Curve setup.,Neutral,0,Not applicable,No directional setup; confirmation score not applicable.,Standard CPR,Not applicable,Not applicable,Standard CPR; Wide CPR rules not applied
SSDL,EQ,SARASWATI SAREE DEPOT LTD,83.61,84.88,82.7,83.14,22328,1868860.89,20251113,85.5,83.0,83.61,84.03666666666668,84.25,83.82333333333335,84.25,83.82333333333335,0.4266666666666481,0.5103057847944601,Moderate,Bearish,Below CPR,Cash Only,Diversified,False,False,False,0.6833333333333333,60,2727062.7350000003,False,False,Overlapping,True,Neutral,False,None,1.9464285714285705,87.06279999999998,,0.21920489296635143,0.6853017592937772,False,False,No setup,0.0,None,None,0,No active J-Curve setup.,Neutral,0,Not applicable,No directional setup; confirmation score not applicable.,Standard CPR,Not applicable,Not applicable,Standard CPR; Wide CPR rules not applied
DBEIL,EQ,DEEPAK BUILDERS & ENG I L,140.95,142.65,134.81,136.94,120126,16571221.31,20251113,143.25,139.7,140.4,141.11666666666667,141.475,140.75833333333335,141.475,140.75833333333335,0.7166666666666401,0.5104463437796583,Moderate,Bearish,Below CPR,Cash Only,Diversified,False,False,False,0.5166666666666667,60,10877859.895,False,False,Outside,True,Neutral,False,None,4.810000000000002,155.5794,,0.1489951489951434,1.5233898459766844,False,False,No setup,0.0,None,None,0,No active J-Curve setup.,Neutral,0,Not applicable,No directional setup; confirmation score not applicable.,Standard CPR,Not applicable,Not applicable,Standard CPR; Wide CPR rules not applied
BIGBLOC,EQ,BIGBLOC CONSTRUCTION LTD,50.0,52.4,48.83,50.54,91711,4622805.88,20251113,50.05,48.46,48.88,49.129999999999995,49.254999999999995,49.004999999999995,49.254999999999995,49.004999999999995,0.25,0.5114566284779051,Moderate,Bearish,Above CPR,Cash Only,Diversified,False,False,False,0.4666666666666667,60,3519553.24,False,False,Inside,True,Neutral,False,None,1.7092857142857139,54.3582,,0.14625992478061015,1.3134638304263866,False,False,No setup,0.0,None,None,0,No active J-Curve setup.,Neutral,0,Not applicable,No directional setup; confirmation score not applicable.,Standard CPR,Not applicable,Not applicable,Standard CPR; Wide CPR rules not applied
ZODIAC,EQ,ZODIAC ENERGY LIMITED,389.95,389.95,372.75,374.35,73227,27763786.7,20251113,402.9,383.0,389.95,391.95,392.95,390.95,392.95,390.95,2.0,0.5128862674701885,Moderate,Bearish,Below CPR,Cash Only,Diversified,False,False,False,0.38095238095238093,22,5021437.725,False,False,Higher,True,Neutral,False,None,14.917857142857136,,,0.13406751256882937,5.5290512838133425,False,False,No setup,0.0,None,None,0,No active J-Curve setup.,Neutral,0,Not applicable,No directional setup; confirmation score not applicable.,Standard CPR,Not applicable,Not applicable,Standard CPR; Wide CPR rules not applied
SHIVALIK,EQ,SHIVALIK RASAYAN LIMITED,446.2,449.8,439.55,441.7,24229,10746944.0,20251113,447.0,435.65,444.75,442.4666666666667,441.325,443.6083333333334,443.6083333333334,441.325,2.2833333333334167,0.5133970395353382,Moderate,Bullish,Inside CPR,Cash Only,Diversified,False,False,False,0.5333333333333333,60,11205332.45,False,False,Higher,True,Neutral,False,Bullish Virgin,17.982142857142865,444.69699999999995,,0.12697782191327833,0.9590919366252271,False,False,No setup,0.0,None,None,0,No active J-Curve setup.,Neutral,0,Not applicable,No directional setup; confirmation score not applicable.,Standard CPR,Not applicable,Not applicable,Standard CPR; Wide CPR rules not applied
PATELENG,EQ,PATEL ENGINEERING LTD.,35.7,36.55,35.18,35.59,2840301,101580642.1,20251113,35.73,35.0,35.64,35.45666666666666,35.364999999999995,35.54833333333333,35.54833333333333,35.364999999999995,0.18333333333333712,0.5144032921810805,Moderate,Bullish,Above CPR,Cash Only,Diversified,False,False,False,0.6833333333333333,60,64768261.4,False,False,Higher,True,Neutral,False,Bullish Virgin,0.7635714285714289,37.5104,,0.240099781727476,1.568370678852281,False,False,No setup,0.0,None,None,0,No active J-Curve setup.,Neutral,0,Not applicable,No directional setup; confirmation score not applicable.,Standard CPR,Not applicable,Not applicable,Standard CPR; Wide CPR rules not applied
PACEDIGITK,EQ,PACE DIGITEK LIMITED,217.9,221.9,214.0,217.34,1555398,339252925.5,20251113,220.3,211.76,217.71,216.59,216.03,217.15,217.15,216.03,1.1200000000000045,0.514445822424328,Moderate,Bullish,Above CPR,Cash Only,Diversified,False,False,False,0.6153846153846154,27,430853545.89,False,False,Higher,True,Neutral,False,Bullish Virgin,7.641428571428575,,,0.14656945223406298,0.7873973157148246,False,False,No setup,0.0,None,None,0,No active J-Curve setup.,Neutral,0,Not applicable,No directional setup; confirmation score not applicable.,Standard CPR,Not applicable,Not applicable,Standard CPR; Wide CPR rules not applied
BLUEDART,EQ,BLUE DART EXPRESS LTD,6208.5,6235.0,6024.0,6044.5,24649,150624954.0,20251113,6200.0,6061.5,6178.5,6146.666666666667,6130.75,6162.583333333334,6162.583333333334,6130.75,31.83333333333394,0.5152275363491776,Moderate,Bullish,Below CPR,Cash Only,Services,True,False,False,0.8,60,85344273.0,False,False,Inside,True,Neutral,False,None,289.7142857142857,5805.18,,0.10987836949375619,1.7649099196146414,True,False,No setup,0.0,None,None,0,No active J-Curve setup.,Neutral,0,Not applicable,No directional setup; confirmation score not applicable.,Standard CPR,Not applicable,Not applicable,Standard CPR; Wide CPR rules not applied
ADANIPORTS,EQ,ADANI PORT & SEZ LTD,1515.0,1515.0,1487.8,1499.0,2304918,3463255717.2,20251113,1515.0,1475.5,1506.9,1499.1333333333332,1495.25,1503.0166666666664,1503.0166666666664,1495.25,7.766666666666424,0.5154069060101151,Moderate,Bullish,Inside CPR,Cash Only,Services,True,False,False,0.7666666666666667,60,2523849922.85,False,False,Higher,True,Neutral,False,Bullish Virgin,30.092857142857156,1420.374,,0.25809003876888176,1.372211432163604,True,False,No setup,0.0,None,None,0,No active J-Curve setup.,Neutral,0,Not applicable,No directional setup; confirmation score not applicable.,Standard CPR,Not applicable,Not applicable,Standard CPR; Wide CPR rules not applied
SPLPETRO,EQ,SUPREME PETROCHEM LIMITED,656.0,662.6,651.0,655.2,23038,15140382.3,20251113,673.2,656.0,659.5,662.9,664.6,661.1999999999999,664.6,661.1999999999999,3.400000000000091,0.5155420773313254,Moderate,Bearish,Below CPR,Cash Only,Chemicals,True,False,False,0.5,60,37861354.325,False,False,Overlapping,True,Neutral,False,None,24.30714285714288,781.309,,0.13987657948869006,0.3998901404856177,False,False,No setup,0.0,None,None,0,No active J-Curve setup.,Neutral,0,Not applicable,No directional setup; confirmation score not applicable.,Standard CPR,Not applicable,Not applicable,Standard CPR; Wide CPR rules not applied
ORIENTELEC,EQ,ORIENT ELECTRIC LIMITED,212.16,213.79,209.22,212.98,1164995,247706608.51,20251113,215.0,208.1,213.2,212.1,211.55,212.64999999999998,212.64999999999998,211.55,1.099999999999966,0.5159474671669634,Moderate,Bullish,Above CPR,Cash Only,Diversified,False,False,False,0.8166666666666667,60,22329179.825,False,False,Overlapping,True,Neutral,False,None,6.220714285714284,206.151,,0.17682856814788755,11.093403808440153,True,False,No setup,0.0,None,None,0,No active J-Curve setup.,Neutral,0,Not applicable,No directional setup; confirmation score not applicable.,Standard CPR,Not applicable,Not applicable,Standard CPR; Wide CPR rules not applied
MATRIMONY,EQ,MATRIMONY.COM LIMITED,511.0,545.0,497.2,502.7,45293,23129593.4,20251113,518.75,506.25,516.5,513.8333333333334,512.5,515.1666666666667,515.1666666666667,512.5,2.6666666666667425,0.5162955792191176,Moderate,Bullish,Below CPR,Cash Only,Diversified,False,False,False,0.8666666666666667,60,3571919.125,False,False,Overlapping,True,Neutral,False,None,13.757142857142854,513.453,,0.19383869851160127,6.475396723882991,False,False,No setup,0.0,None,None,0,No active J-Curve setup.,Neutral,0,Not applicable,No directional setup; confirmation score not applicable.,Standard CPR,Not applicable,Not applicable,Standard CPR; Wide CPR rules not applied
SAATVIKGL,EQ,SAATVIK GREEN ENERGY LTD,467.6,476.15,461.0,463.25,230067,107465931.85,20251113,473.15,454.8,467.6,465.1833333333334,463.975,466.39166666666677,466.39166666666677,463.975,2.4166666666667425,0.5168234958654283,Moderate,Bullish,Below CPR,Cash Only,Diversified,False,False,False,0.3225806451612903,32,360451878.6,False,False,Lower,True,Neutral,False,None,25.939285714285695,,,0.09316627656157075,0.29814224375081394,False,False,No setup,0.0,None,None,0,No active J-Curve setup.,Neutral,0,Not applicable,No directional setup; confirmation score not applicable.,Standard CPR,Not applicable,Not applicable,Standard CPR; Wide CPR rules not applied
BHANDARI,EQ,BHANDARI HOSIERY EXP LTD,4.54,4.56,4.48,4.49,458420,2065399.25,20251113,4.59,4.48,4.5,4.523333333333333,4.535,4.511666666666667,4.535,4.511666666666667,0.023333333333333428,0.5185185185185206,Moderate,Bearish,Below CPR,Cash Only,Diversified,False,False,False,0.5333333333333333,60,1017118.065,False,False,Outside,True,Neutral,False,None,0.1557142857142855,4.7504,,0.14984709480122405,2.030638645671877,False,False,No setup,0.0,None,None,0,No active J-Curve setup.,Neutral,0,Not applicable,No directional setup; confirmation score not applicable.,Standard CPR,Not applicable,Not applicable,Standard CPR; Wide CPR rules not applied
MASFIN,EQ,MAS FINANCIAL SERV LTD,309.6,311.0,303.5,306.25,63892,19597661.7,20251113,308.7,302.5,308.0,306.40000000000003,305.6,307.20000000000005,307.20000000000005,305.6,1.6000000000000227,0.5194805194805269,Moderate,Bullish,Inside CPR,Cash Only,Diversified,False,False,False,0.6666666666666666,60,23088842.625,False,False,Higher,True,Neutral,False,None,9.714285714285703,308.44,,0.1647058823529437,0.8487935934380773,False,False,No setup,0.0,None,None,0,No active J-Curve setup.,Neutral,0,Not applicable,No directional setup; confirmation score not applicable.,Standard CPR,Not applicable,Not applicable,Standard CPR; Wide CPR rules not applied
TATAINVEST,EQ,TATA INVESTMENT CORP LTD,776.0,804.75,774.2,777.3,797890,628500279.45,20251113,791.4,772.7,776.0,780.0333333333333,782.05,778.0166666666667,782.05,778.0166666666667,4.033333333333303,0.5197594501718173,Moderate,Bearish,Below CPR,Cash Only,Financial Services,True,False,False,0.55,60,718950251.175,False,False,Higher,True,Neutral,False,None,23.767857142857128,5040.049,,0.1696969696969685,0.8741916125946475,False,False,No setup,0.0,None,None,0,No active J-Curve setup.,Neutral,0,Not applicable,No directional setup; confirmation score not applicable.,Standard CPR,Not applicable,Not applicable,Standard CPR; Wide CPR rules not applied
SAMHI,EQ,SAMHI HOTELS LIMITED,184.26,185.08,182.1,182.41,665729,122291063.46,20251113,187.9,184.0,184.51,185.47,185.95,184.99,185.95,184.99,0.9599999999999795,0.5202970028724619,Moderate,Bearish,Below CPR,Cash Only,Diversified,False,False,False,0.5666666666666667,60,159937786.365,False,False,Lower,True,Neutral,False,Bearish Virgin,6.720714285714288,202.43779999999998,,0.1428419598256957,0.7646164564320965,False,False,No setup,0.0,None,None,0,No active J-Curve setup.,Neutral,0,Not applicable,No directional setup; confirmation score not applicable.,Standard CPR,Not applicable,Not applicable,Standard CPR; Wide CPR rules not applied
HLEGLAS,EQ,HLE GLASCOAT LIMITED,502.5,506.05,493.0,496.2,202087,100609483.55,20251113,516.95,496.6,502.85,505.4666666666667,506.77500000000003,504.15833333333336,506.77500000000003,504.15833333333336,2.6166666666666742,0.5203672400649645,Moderate,Bearish,Below CPR,Cash Only,Diversified,False,False,False,0.3,60,152393291.05,False,False,Overlapping,True,Neutral,False,None,38.039285714285725,526.004,,0.0687885331580761,0.6601962780434355,False,False,No setup,0.0,None,None,0,No active J-Curve setup.,Neutral,0,Not applicable,No directional setup; confirmation score not applicable.,Standard CPR,Not applicable,Not applicable,Standard CPR; Wide CPR rules not applied
OMINFRAL,EQ,OM INFRA LIMITED,114.0,114.0,109.34,111.85,183051,20414389.7,20251113,113.79,111.1,111.57,112.15333333333332,112.445,111.86166666666665,112.445,111.86166666666665,0.5833333333333428,0.5228406680409992,Moderate,Bearish,Below CPR,Cash Only,Real Estate & Infra,False,False,False,0.4666666666666667,60,12662167.72,False,False,Higher,True,Neutral,False,None,3.6699999999999995,117.03200000000001,,0.1589464123524095,1.6122349783564547,False,False,No setup,0.0,None,None,0,No active J-Curve setup.,Neutral,0,Not applicable,No directional setup; confirmation score not applicable.,Standard CPR,Not applicable,Not applicable,Standard CPR; Wide CPR rules not applied
TATAPOWER,EQ,TATA POWER CO LTD,389.4,392.7,385.0,388.8,5052456,1966311038.5,20251113,395.9,387.5,388.65,390.68333333333334,391.7,389.6666666666667,391.7,389.6666666666667,2.033333333333303,0.5231785239504189,Moderate,Bearish,Below CPR,Cash Only,Power,True,False,False,0.8833333333333333,60,1601623393.875,False,False,Lower,True,Neutral,False,Bearish Virgin,7.7071428571428475,393.24700000000007,,0.26382452888476626,1.2276987499181486,False,False,No setup,0.0,None,None,0,No active J-Curve setup.,Neutral,0,Not applicable,No directional setup; confirmation score not applicable.,Standard CPR,Not applicable,Not applicable,Standard CPR; Wide CPR rules not applied
IKIO,EQ,IKIO TECHNOLOGIES LIMITED,200.61,205.8,199.11,200.13,80776,16348362.2,20251113,204.48,199.9,200.61,201.66333333333333,202.19,201.13666666666666,202.19,201.13666666666666,1.0533333333333417,0.5250652177525256,Moderate,Bearish,Below CPR,Cash Only,Diversified,False,False,False,0.6666666666666666,60,13478891.899999999,False,False,Overlapping,True,Neutral,False,None,5.249285714285711,211.97960000000003,,0.20066222161745534,1.2128862165590928,False,False,No setup,0.0,None,None,0,No active J-Curve setup.,Neutral,0,Not applicable,No directional setup; confirmation score not applicable.,Standard CPR,Not applicable,Not applicable,Standard CPR; Wide CPR rules not applied
VARDHACRLC,EQ,VARDHAMAN ACRYLICS LTD,40.25,40.59,39.81,39.98,29807,1191695.64,20251113,40.81,39.8,39.99,40.199999999999996,40.305,40.09499999999999,40.305,40.09499999999999,0.21000000000000796,0.5251312828207251,Moderate,Bearish,Below CPR,Cash Only,Diversified,False,False,False,0.7166666666666667,60,1264730.085,False,False,Lower,True,Neutral,False,None,1.0950000000000009,42.831,,0.19178082191781534,0.9422529392902043,False,False,No setup,0.0,None,None,0,No active J-Curve setup.,Neutral,0,Not applicable,No directional setup; confirmation score not applicable.,Standard CPR,Not applicable,Not applicable,Standard CPR; Wide CPR rules not applied
RSYSTEMS,EQ,R SYS INTERNATIONAL LTD,410.6,414.8,403.8,405.25,56386,23121714.8,20251113,419.1,408.6,410.6,412.7666666666667,413.85,411.6833333333334,413.85,411.6833333333334,2.1666666666666288,0.5276830654326908,Moderate,Bearish,Below CPR,Cash Only,Information Technology,False,False,False,0.5833333333333334,60,40122363.474999994,False,False,Overlapping,True,Neutral,False,None,13.289285714285707,426.67699999999996,,0.16303860969273215,0.5762799794784523,False,False,No setup,0.0,None,None,0,No active J-Curve setup.,Neutral,0,Not applicable,No directional setup; confirmation score not applicable.,Standard CPR,Not applicable,Not applicable,Standard CPR; Wide CPR rules not applied
WEIZMANIND,EQ,WEIZMANN LTD,108.59,109.5,106.11,107.94,2436,261751.5,20251113,111.9,107.02,108.6,109.17333333333333,109.46000000000001,108.88666666666666,109.46000000000001,108.88666666666666,0.5733333333333519,0.5279312461633076,Moderate,Bearish,Below CPR,Cash Only,Diversified,False,False,False,0.5666666666666667,60,259467.075,False,False,Inside,True,Neutral,False,None,4.007142857142858,108.9928,,0.14307783719548886,1.0088042962676478,False,False,No setup,0.0,None,None,0,No active J-Curve setup.,Neutral,0,Not applicable,No directional setup; confirmation score not applicable.,Standard CPR,Not applicable,Not applicable,Standard CPR; Wide CPR rules not applied
STEL,EQ,STEL HOLDINGS LIMITED,446.25,455.0,434.85,447.35,12512,5571504.55,20251113,448.65,428.05,441.85,439.5166666666667,438.35,440.6833333333334,440.6833333333334,438.35,2.3333333333333712,0.5280826826600364,Moderate,Bullish,Above CPR,Cash Only,Diversified,False,False,False,0.4666666666666667,60,3882053.0,False,False,Higher,True,Neutral,False,Bullish Virgin,17.024999999999995,442.885,,0.13705335291238602,1.4351953850192154,True,False,No setup,0.0,None,None,0,No active J-Curve setup.,Neutral,0,Not applicable,No directional setup; confirmation score not applicable.,Standard CPR,Not applicable,Not applicable,Standard CPR; Wide CPR rules not applied
MANORAMA,EQ,MANORAMA INDUSTRIES LTD,1320.0,1320.0,1292.3,1300.9,56380,73459693.2,20251113,1320.0,1271.1,1305.9,1299.0,1295.55,1302.45,1302.45,1295.55,6.900000000000091,0.5283712382265173,Moderate,Bullish,Inside CPR,Cash Only,Diversified,False,False,False,0.5833333333333334,60,140838485.3,False,False,Higher,True,Neutral,False,Bullish Virgin,43.500000000000014,1404.358,,0.15862068965517445,0.5215882082480761,False,False,No setup,0.0,None,None,0,No active J-Curve setup.,Neutral,0,Not applicable,No directional setup; confirmation score not applicable.,Standard CPR,Not applicable,Not applicable,Standard CPR; Wide CPR rules not applied
RMDRIP,EQ,R M DRIP & SPRINK SYS LTD,79.99,80.53,78.5,78.58,508834,40201425.74,20251113,80.44,78.51,78.85,79.26666666666667,79.475,79.05833333333334,79.475,79.05833333333334,0.4166666666666572,0.528429507503687,Moderate,Bearish,Below CPR,Cash Only,Diversified,False,False,False,0.3333333333333333,60,29166466.735,False,False,Lower,True,Neutral,False,None,3.0214285714285714,323.14,,0.1379038613081135,1.3783440450727602,False,False,No setup,0.0,None,None,0,No active J-Curve setup.,Neutral,0,Not applicable,No directional setup; confirmation score not applicable.,Standard CPR,Not applicable,Not applicable,Standard CPR; Wide CPR rules not applied
LOTUSDEV,EQ,SRI LOTUS DEVLPRS N RTY L,172.75,175.0,170.16,170.67,928459,160335911.76,20251113,173.89,170.5,170.84,171.74333333333334,172.195,171.29166666666669,172.195,171.29166666666669,0.9033333333333076,0.5287598532740034,Moderate,Bearish,Below CPR,Cash Only,Diversified,False,False,False,0.6,60,211792917.56,False,False,Lower,True,Neutral,False,None,4.5085714285714245,183.79899999999998,,0.20035910435149426,0.7570409511667335,False,False,No setup,0.0,None,None,0,No active J-Curve setup.,Neutral,0,Not applicable,No directional setup; confirmation score not applicable.,Standard CPR,Not applicable,Not applicable,Standard CPR; Wide CPR rules not applied
GEECEE,EQ,GEECEE VENTURES LIMITED,355.5,361.2,346.95,356.75,10871,3882011.0,20251113,356.35,346.8,348.8,350.65000000000003,351.57500000000005,349.725,351.57500000000005,349.725,1.8500000000000227,0.5303899082568873,Moderate,Bearish,Above CPR,Cash Only,Diversified,False,False,False,0.5666666666666667,60,1898658.6749999998,False,False,Lower,True,Neutral,False,None,13.539285714285702,357.17100000000005,,0.13663940912688124,2.0446070961122067,False,False,No setup,0.0,None,None,0,No active J-Curve setup.,Neutral,0,Not applicable,No directional setup; confirmation score not applicable.,Standard CPR,Not applicable,Not applicable,Standard CPR; Wide CPR rules not applied
LAGNAM,EQ,LAGNAM SPINTEX LIMITED,76.01,76.01,69.99,73.19,75566,5512886.1,20251113,78.0,75.21,76.0,76.40333333333332,76.60499999999999,76.20166666666665,76.60499999999999,76.20166666666665,0.403333333333336,0.5307017543859683,Moderate,Bearish,Below CPR,Cash Only,Diversified,False,False,False,0.2833333333333333,60,664450.53,True,True,Overlapping,True,Neutral,False,Bearish Virgin,4.322857142857146,82.587,,0.09330248953514045,8.296909778971806,False,False,No setup,0.0,None,None,0,No active J-Curve setup.,Neutral,0,Not applicable,No directional setup; confirmation score not applicable.,Standard CPR,Not applicable,Not applicable,Standard CPR; Wide CPR rules not applied
HONDAPOWER,EQ,HONDA I POWER PRODUCT LTD,2605.9,2650.0,2511.0,2578.5,8201,21394585.9,20251113,2615.1,2543.0,2599.8,2585.9666666666667,2579.05,2592.883333333333,2592.883333333333,2579.05,13.83333333333303,0.5320922122214413,Moderate,Bullish,Below CPR,Cash Only,Power & Utilities,False,False,False,0.7333333333333333,60,11776860.9,False,False,Higher,True,Neutral,False,None,70.75714285714285,2733.71,,0.195504408102829,1.8166628681162396,False,False,No setup,0.0,None,None,0,No active J-Curve setup.,Neutral,0,Not applicable,No directional setup; confirmation score not applicable.,Standard CPR,Not applicable,Not applicable,Standard CPR; Wide CPR rules not applied
PRAKASHSTL,EQ,PRAKASH STEELAGE LTD,5.02,5.09,4.92,4.97,301282,1511218.77,20251113,5.1,5.0,5.01,5.036666666666666,5.05,5.0233333333333325,5.05,5.0233333333333325,0.026666666666667282,0.5322687957418619,Moderate,Bearish,Below CPR,Cash Only,Diversified,False,False,False,0.7,60,841092.94,False,False,Lower,True,Neutral,False,None,0.14499999999999988,5.3348,,0.1839080459770159,1.7967322017944891,False,False,No setup,0.0,None,None,0,No active J-Curve setup.,Neutral,0,Not applicable,No directional setup; confirmation score not applicable.,Standard CPR,Not applicable,Not applicable,Standard CPR; Wide CPR rules not applied
MAANALU,EQ,MAAN ALUMINIUM LIMITED,135.3,137.6,135.07,136.01,67355,9173672.56,20251113,138.6,134.0,135.22,135.94000000000003,136.3,135.58000000000004,136.3,135.58000000000004,0.7199999999999704,0.5324656115958959,Moderate,Bearish,Inside CPR,Cash Only,Diversified,False,False,False,0.4,36,16893863.490000002,True,False,Inside,True,Neutral,False,None,8.39785714285714,,,0.08573615718295136,0.5430180352428076,False,False,No setup,0.0,None,None,0,No active J-Curve setup.,Neutral,0,Not applicable,No directional setup; confirmation score not applicable.,Standard CPR,Not applicable,Not applicable,Standard CPR; Wide CPR rules not applied
INDSWFTLAB,EQ,IND SWIFT LABORATORIES LT,103.99,103.99,102.5,103.43,41287,4259843.26,20251113,104.38,102.4,102.57,103.11666666666667,103.39,102.84333333333335,103.39,102.84333333333335,0.5466666666666526,0.5329693542621163,Moderate,Bearish,Above CPR,Cash Only,Healthcare & Pharma,False,False,False,0.5714285714285714,22,6116118.22,False,False,Lower,True,Neutral,False,None,2.931428571428571,,,0.1864847303443747,0.6964945913030438,False,False,No setup,0.0,None,None,0,No active J-Curve setup.,Neutral,0,Not applicable,No directional setup; confirmation score not applicable.,Standard CPR,Not applicable,Not applicable,Standard CPR; Wide CPR rules not applied
BALAJEE,EQ,SHREE TIRUPATI BALAJEE L,42.7,42.7,40.98,41.1,90437,3748252.89,20251113,42.75,41.64,41.86,42.083333333333336,42.195,41.97166666666667,42.195,41.97166666666667,0.22333333333332916,0.5335244465679149,Moderate,Bearish,Below CPR,Cash Only,Diversified,False,False,False,0.36666666666666664,60,4738228.85,True,True,Overlapping,True,Neutral,False,None,1.350714285714287,48.595,,0.1653446148422319,0.7910662419777382,False,False,No setup,0.0,None,None,0,No active J-Curve setup.,Neutral,0,Not applicable,No directional setup; confirmation score not applicable.,Standard CPR,Not applicable,Not applicable,Standard CPR; Wide CPR rules not applied
TIPSMUSIC,EQ,TIPS MUSIC LIMITED,490.0,492.0,485.0,485.7,142272,69394317.55,20251113,495.8,486.0,487.0,489.59999999999997,490.9,488.29999999999995,490.9,488.29999999999995,2.6000000000000227,0.5338809034907644,Moderate,Bearish,Below CPR,Cash Only,Diversified,False,False,False,0.6333333333333333,60,106291622.875,False,False,Outside,True,Neutral,False,None,13.835714285714293,554.832,,0.18791946308724988,0.6528672314243278,False,False,No setup,0.0,None,None,0,No active J-Curve setup.,Neutral,0,Not applicable,No directional setup; confirmation score not applicable.,Standard CPR,Not applicable,Not applicable,Standard CPR; Wide CPR rules not applied
AGARWALEYE,EQ,DR AGARWALS HEALTH CARE L,511.1,529.7,510.4,524.6,252404,132432522.0,20251113,516.8,497.2,511.1,508.3666666666666,507.0,509.73333333333323,509.73333333333323,507.0,2.733333333333235,0.5347942346572558,Moderate,Bullish,Above CPR,Cash Only,Diversified,False,False,False,0.5833333333333334,60,79082340.5,False,False,Higher,True,Neutral,False,Bullish Virgin,19.139285714285716,487.911,,0.14281271381476127,1.6746156115599538,True,False,No setup,0.0,None,None,0,No active J-Curve setup.,Neutral,0,Not applicable,No directional setup; confirmation score not applicable.,Standard CPR,Not applicable,Not applicable,Standard CPR; Wide CPR rules not applied
SANGAMIND,EQ,SANGAM (INDIA) LTD,438.3,446.0,438.3,441.95,10405,4594675.75,20251113,446.75,436.0,444.95,442.56666666666666,441.375,443.7583333333333,443.7583333333333,441.375,2.3833333333333258,0.535640708693859,Moderate,Bullish,Inside CPR,Cash Only,Diversified,False,False,False,0.5,60,7761677.35,False,False,Inside,True,Neutral,False,None,19.971428571428568,422.518,,0.11933714830710503,0.5919694342872936,True,False,No setup,0.0,None,None,0,No active J-Curve setup.,Neutral,0,Not applicable,No directional setup; confirmation score not applicable.,Standard CPR,Not applicable,Not applicable,Standard CPR; Wide CPR rules not applied
SUNDARMFIN,EQ,SUNDARAM FINANCE LTD,4710.3,4825.0,4703.5,4748.0,46077,219325310.3,20251113,4763.9,4581.0,4710.3,4685.066666666667,4672.45,4697.683333333333,4697.683333333333,4672.45,25.233333333333576,0.5357054398516777,Moderate,Bullish,Above CPR,Cash Only,Financial Services,True,False,False,0.6833333333333333,60,238861270.85000002,False,False,Lower,True,Neutral,False,None,110.97142857142846,4555.798,,0.2273858565053234,0.9182121049574914,True,False,No setup,0.0,None,None,0,No active J-Curve setup.,Neutral,0,Not applicable,No directional setup; confirmation score not applicable.,Standard CPR,Not applicable,Not applicable,Standard CPR; Wide CPR rules not applied
PREMEXPLN,EQ,PREMIER EXPLOSIVES LTD,593.6,610.0,581.0,597.3,483639,289489511.15,20251113,602.4,575.25,593.6,590.4166666666666,588.825,592.0083333333332,592.0083333333332,588.825,3.1833333333331666,0.5362758310871237,Moderate,Bullish,Above CPR,Cash Only,Diversified,False,False,False,0.45,60,346510297.4,True,False,Higher,True,Neutral,False,None,31.210714285714257,598.436,,0.10199488881259726,0.8354427366867626,False,False,No setup,0.0,None,None,0,No active J-Curve setup.,Neutral,0,Not applicable,No directional setup; confirmation score not applicable.,Standard CPR,Not applicable,Not applicable,Standard CPR; Wide CPR rules not applied
ASHOKA,EQ,ASHOKA BUILDCON LTD,201.11,203.79,197.8,200.11,780479,157328899.81,20251113,202.89,197.2,201.67,200.58666666666667,200.045,201.12833333333336,201.12833333333336,200.045,1.0833333333333712,0.5371812036164879,Moderate,Bullish,Inside CPR,Cash Only,Diversified,False,False,False,0.7166666666666667,60,114426614.28999999,False,False,Higher,True,Neutral,False,None,6.107142857142857,192.30360000000002,,0.1773879142300257,1.3749327530680013,True,False,No setup,0.0,None,None,0,No active J-Curve setup.,Neutral,0,Not applicable,No directional setup; confirmation score not applicable.,Standard CPR,Not applicable,Not applicable,Standard CPR; Wide CPR rules not applied
FOSECOIND,EQ,FOSECO INDIA LTD,5600.0,5600.0,5429.0,5448.0,714,3921585.5,20251113,5590.0,5408.5,5544.0,5514.166666666667,5499.25,5529.083333333334,5529.083333333334,5499.25,29.83333333333394,0.5381192881192991,Moderate,Bullish,Below CPR,Cash Only,Diversified,False,False,False,0.5,60,23862493.0,False,False,Higher,True,Neutral,False,None,158.14285714285714,5799.54,,0.18864799759109085,0.16434098063433691,False,False,No setup,0.0,None,None,0,No active J-Curve setup.,Neutral,0,Not applicable,No directional setup; confirmation score not applicable.,Standard CPR,Not applicable,Not applicable,Standard CPR; Wide CPR rules not applied
REPCOHOME,EQ,REPCO HOME FINANCE LTD,427.0,430.0,408.6,418.2,511677,214984704.3,20251113,444.0,428.0,439.55,437.18333333333334,436.0,438.3666666666667,438.3666666666667,436.0,2.3666666666666742,0.5384294543662096,Moderate,Bullish,Below CPR,Cash Only,Diversified,False,False,False,0.6,60,55327994.25,False,False,Higher,True,Neutral,False,None,16.139285714285712,389.18700000000007,,0.1466401121192009,3.885640663722416,True,False,No setup,0.0,None,None,0,No active J-Curve setup.,Neutral,0,Not applicable,No directional setup; confirmation score not applicable.,Standard CPR,Not applicable,Not applicable,Standard CPR; Wide CPR rules not applied
INDIASHLTR,EQ,INDIA SHELTER FIN CORP L,842.0,861.5,841.95,855.35,362957,307637905.0,20251113,863.0,839.45,844.4,848.9499999999999,851.225,846.6749999999998,851.225,846.6749999999998,4.550000000000182,0.5388441496921106,Moderate,Bearish,Above CPR,Cash Only,Diversified,False,False,False,0.75,60,124238881.025,True,False,Overlapping,True,Neutral,False,None,26.207142857142856,881.165,,0.17361678931589683,2.4761805842254443,False,False,No setup,0.0,None,Ready,59,"🪝 J-Curve Ready (The Hook): Support defense at Monthly/Weekly CPR level with institutional absorption (2.5x volume). Coiling inside band (₹846.67 - ₹851.23), closed above Central Pivot (₹848.95). Probe long setup ahead of crowd with invalidation below CPR Bottom (₹846.67).",Neutral,0,Not applicable,No directional setup; confirmation score not applicable.,Standard CPR,Not applicable,Not applicable,Standard CPR; Wide CPR rules not applied
HEROMOTOCO,EQ,HERO MOTOCORP LIMITED,5554.0,5594.5,5485.5,5508.5,585663,3245547355.0,20251113,5557.0,5421.5,5534.0,5504.166666666667,5489.25,5519.083333333334,5519.083333333334,5489.25,29.83333333333394,0.5390916757017337,Moderate,Bullish,Inside CPR,Cash Only,Automobile and Auto Components,True,False,False,0.75,60,3353858949.0,False,False,Higher,True,Neutral,False,Bullish Virgin,121.35714285714286,5451.54,,0.2458308809103444,0.967705381875915,True,False,No setup,0.0,None,None,0,No active J-Curve setup.,Neutral,0,Not applicable,No directional setup; confirmation score not applicable.,Standard CPR,Not applicable,Not applicable,Standard CPR; Wide CPR rules not applied
HINDZINC,EQ,HINDUSTAN ZINC LIMITED,490.0,504.0,486.6,495.2,12867167,6399815427.0,20251113,490.4,481.2,481.9,484.5,485.79999999999995,483.20000000000005,485.79999999999995,483.20000000000005,2.599999999999909,0.5395310230338056,Moderate,Bearish,Above CPR,Cash Only,Metals & Mining,True,False,False,0.7166666666666667,60,1695335563.65,False,False,Lower,True,Neutral,False,None,11.203571428571442,473.279,,0.23206885559450866,3.774954978954971,True,False,No setup,0.0,None,None,0,No active J-Curve setup.,Neutral,0,Not applicable,No directional setup; confirmation score not applicable.,Standard CPR,Not applicable,Not applicable,Standard CPR; Wide CPR rules not applied
ALLTIME,EQ,ALL TIME PLASTICS LIMITED,280.9,281.4,274.05,275.3,112533,31155953.6,20251113,285.0,272.25,280.9,279.3833333333333,278.625,280.14166666666665,280.14166666666665,278.625,1.5166666666666515,0.5399311736086335,Moderate,Bullish,Below CPR,Cash Only,Diversified,False,False,False,0.5333333333333333,60,82984827.725,False,False,Lower,True,Neutral,False,None,11.596428571428564,284.124,,0.13078739349142676,0.3754415650924339,False,False,No setup,0.0,None,None,0,No active J-Curve setup.,Neutral,0,Not applicable,No directional setup; confirmation score not applicable.,Standard CPR,Not applicable,Not applicable,Standard CPR; Wide CPR rules not applied
MENONBE,EQ,MENON BEARINGS LIMITED,114.7,116.25,113.01,113.46,14483,1661072.5,20251113,115.5,112.02,114.69,114.07,113.75999999999999,114.38,114.38,113.75999999999999,0.6200000000000045,0.5405876711134402,Moderate,Bullish,Below CPR,Cash Only,Diversified,False,False,False,0.5333333333333333,60,4889437.8100000005,False,False,Higher,True,Neutral,False,None,4.22,124.3654,,0.14691943127962193,0.3397266852648648,False,False,No setup,0.0,None,None,0,No active J-Curve setup.,Neutral,0,Not applicable,No directional setup; confirmation score not applicable.,Standard CPR,Not applicable,Not applicable,Standard CPR; Wide CPR rules not applied
ARVIND,EQ,ARVIND LIMITED,333.2,349.9,331.1,344.2,972054,332360191.95,20251113,333.9,325.8,332.55,330.75,329.85,331.65,331.65,329.85,1.7999999999999545,0.5412719891745466,Moderate,Bullish,Above CPR,Cash Only,Diversified,False,False,False,0.5333333333333333,60,79875718.3,False,False,Higher,True,Neutral,False,Bullish Virgin,12.232142857142845,311.033,,0.14715328467152927,4.160966549329923,True,False,No setup,0.0,None,None,0,No active J-Curve setup.,Neutral,0,Not applicable,No directional setup; confirmation score not applicable.,Standard CPR,Not applicable,Not applicable,Standard CPR; Wide CPR rules not applied
NETWEB,EQ,NETWEB TECH INDIA LTD,3545.0,3569.9,3440.0,3475.9,1103226,3850240311.2,20251113,3620.0,3494.1,3528.4,3547.5,3557.05,3537.95,3557.05,3537.95,19.100000000000364,0.5413218455957478,Moderate,Bearish,Below CPR,Cash Only,Information Technology,True,False,False,0.2833333333333333,60,8688380510.9,False,False,Higher,True,Neutral,False,None,243.51428571428576,3555.3059999999996,,0.0784348234189854,0.4431482146033642,False,False,No setup,0.0,None,None,0,No active J-Curve setup.,Neutral,0,Not applicable,No directional setup; confirmation score not applicable.,Standard CPR,Not applicable,Not applicable,Standard CPR; Wide CPR rules not applied
UNIMECH,EQ,UNIMECH AEROSPACE N MFG L,990.0,1006.6,978.7,985.0,128663,127865856.7,20251113,1021.9,1000.0,1002.8,1008.2333333333332,1010.95,1005.5166666666664,1010.95,1005.5166666666664,5.433333333333621,0.5418162478394118,Moderate,Bearish,Below CPR,Cash Only,Diversified,False,False,False,0.4772727272727273,45,51438103.5,False,False,Higher,True,Neutral,False,None,35.85714285714285,,,0.15152722443559904,2.485819810600132,False,False,No setup,0.0,None,None,0,No active J-Curve setup.,Neutral,0,Not applicable,No directional setup; confirmation score not applicable.,Standard CPR,Not applicable,Not applicable,Standard CPR; Wide CPR rules not applied
HINDPETRO,EQ,HINDUSTAN PETROLEUM CORP,487.0,490.4,481.9,486.05,2807895,1365474519.85,20251113,494.45,483.25,484.9,487.5333333333333,488.85,486.2166666666666,488.85,486.2166666666666,2.6333333333334394,0.5430672990994926,Moderate,Bearish,Below CPR,Cash Only,Oil Gas & Consumable Fuels,True,False,False,0.6333333333333333,60,1702749572.375,False,False,Higher,True,Neutral,False,None,12.64999999999999,438.15200000000004,,0.2081686429512602,0.8019232786800422,True,False,No setup,0.0,None,None,0,No active J-Curve setup.,Neutral,0,Not applicable,No directional setup; confirmation score not applicable.,Standard CPR,Not applicable,Not applicable,Standard CPR; Wide CPR rules not applied
DEEPAKFERT,EQ,DEEPAK FERTILIZERS & PETR,1401.5,1433.9,1393.3,1419.8,242928,344347065.8,20251113,1396.7,1367.0,1393.2,1385.6333333333332,1381.85,1389.4166666666665,1389.4166666666665,1381.85,7.566666666666606,0.5431141736051254,Moderate,Bullish,Above CPR,Cash Only,Chemicals,True,False,False,0.6166666666666667,60,341800032.70000005,False,False,Overlapping,True,Neutral,False,Bullish Virgin,45.5071428571429,1464.5839999999998,,0.16627426359022504,1.0074518222829882,False,False,No setup,0.0,None,None,0,No active J-Curve setup.,Neutral,0,Not applicable,No directional setup; confirmation score not applicable.,Standard CPR,Not applicable,Not applicable,Standard CPR; Wide CPR rules not applied
BMWVENTLTD,EQ,BMW VENTURES LIMITED,65.16,70.8,65.16,68.38,937571,64418680.39,20251113,66.99,65.4,65.66,66.01666666666667,66.195,65.83833333333334,66.195,65.83833333333334,0.3566666666666549,0.5432023555690754,Moderate,Bearish,Above CPR,Cash Only,Diversified,False,False,False,0.6666666666666666,19,24456536.37,False,False,Lower,False,Neutral,False,None,3.4200000000000004,,,0.10428849902533768,2.6340066890673937,False,False,No setup,0.0,None,None,0,No active J-Curve setup.,Neutral,0,Not applicable,No directional setup; confirmation score not applicable.,Standard CPR,Not applicable,Not applicable,Standard CPR; Wide CPR rules not applied
INDOSTAR,EQ,INDOSTAR CAPITAL FIN LTD,248.48,249.01,238.57,240.74,110602,26838927.29,20251113,254.8,246.22,248.48,249.83333333333334,250.51,249.1566666666667,250.51,249.1566666666667,1.3533333333332962,0.5446447735565423,Moderate,Bearish,Below CPR,Cash Only,Diversified,False,False,False,0.5,60,26277978.22,True,False,Overlapping,True,Neutral,False,None,12.245714285714284,252.07139999999998,,0.11051485456524819,1.0213467362406543,False,False,No setup,0.0,None,None,0,No active J-Curve setup.,Neutral,0,Not applicable,No directional setup; confirmation score not applicable.,Standard CPR,Not applicable,Not applicable,Standard CPR; Wide CPR rules not applied
AMRUTANJAN,EQ,AMRUTAJAN HEALTH LTD,713.7,724.0,710.05,711.95,8617,6185448.15,20251113,730.0,709.1,713.7,717.6,719.55,715.6500000000001,719.55,715.6500000000001,3.8999999999998636,0.5464480874316748,Moderate,Bearish,Below CPR,Cash Only,Diversified,False,False,False,0.7333333333333333,60,11725547.45,False,False,Lower,True,Neutral,False,Bearish Virgin,20.207142857142863,729.335,,0.19300106044538026,0.5275189219416788,False,False,No setup,0.0,None,None,0,No active J-Curve setup.,Neutral,0,Not applicable,No directional setup; confirmation score not applicable.,Standard CPR,Not applicable,Not applicable,Standard CPR; Wide CPR rules not applied
ENGINERSIN,EQ,ENGINEERS INDIA LTD,194.75,194.75,190.13,190.48,1657182,317872180.12,20251113,197.37,193.57,193.88,194.93999999999997,195.47,194.40999999999994,195.47,194.40999999999994,1.0600000000000591,0.5467299360429436,Moderate,Bearish,Below CPR,Cash Only,Construction,True,False,False,0.6,60,332770479.52,False,False,Overlapping,True,Neutral,False,None,4.935714285714285,200.90920000000003,,0.21476121562953443,0.9552295040669178,False,False,No setup,0.0,None,None,0,No active J-Curve setup.,Neutral,0,Not applicable,No directional setup; confirmation score not applicable.,Standard CPR,Not applicable,Not applicable,Standard CPR; Wide CPR rules not applied
TATASTEEL,EQ,TATA STEEL LIMITED,184.0,184.0,175.1,176.65,82083661,14722085938.16,20251113,182.15,178.0,178.61,179.58666666666667,180.075,179.09833333333336,180.075,179.09833333333336,0.976666666666631,0.5468152212455243,Moderate,Bearish,Below CPR,Cash Only,Metals & Mining,True,False,False,0.8166666666666667,60,3392647271.37,False,False,Lower,True,Neutral,False,None,4.25142857142857,173.36599999999999,,0.22972670250895227,4.33940954086129,True,False,No setup,0.0,None,None,0,No active J-Curve setup.,Neutral,0,Not applicable,No directional setup; confirmation score not applicable.,Standard CPR,Not applicable,Not applicable,Standard CPR; Wide CPR rules not applied
LODHA,EQ,LODHA DEVELOPERS LIMITED,1220.0,1234.8,1215.0,1217.6,882806,1080784730.3,20251113,1243.0,1211.4,1217.2,1223.8666666666668,1227.2,1220.5333333333335,1227.2,1220.5333333333335,6.666666666666515,0.547705115565767,Moderate,Bearish,Below CPR,Cash Only,Realty,True,False,False,0.6333333333333333,60,1249396250.4,False,False,Higher,True,Neutral,False,None,27.985714285714298,1180.146,,0.23821677726730772,0.8650456009884627,True,False,No setup,0.0,None,None,0,No active J-Curve setup.,Neutral,0,Not applicable,No directional setup; confirmation score not applicable.,Standard CPR,Not applicable,Not applicable,Standard CPR; Wide CPR rules not applied
ONEPOINT,EQ,ONE POINT ONE SOL LTD,51.72,53.2,51.1,51.49,1121656,58475354.7,20251113,52.9,50.95,51.5,51.78333333333333,51.925,51.641666666666666,51.925,51.641666666666666,0.28333333333333144,0.550161812297731,Moderate,Bearish,Below CPR,Cash Only,Diversified,False,False,False,0.5681818181818182,45,42093403.88,False,False,Lower,True,Neutral,False,None,2.234999999999999,,,0.126771066368381,1.3891809478440307,False,False,No setup,0.0,None,None,0,No active J-Curve setup.,Neutral,0,Not applicable,No directional setup; confirmation score not applicable.,Standard CPR,Not applicable,Not applicable,Standard CPR; Wide CPR rules not applied
SURYALAXMI,EQ,SURYALAKSHMI COT MIL LTD,61.81,62.0,60.3,60.8,2881,176319.62,20251113,62.5,60.06,61.79,61.449999999999996,61.28,61.61999999999999,61.61999999999999,61.28,0.3399999999999892,0.5502508496520297,Moderate,Bullish,Below CPR,Cash Only,Diversified,False,False,False,0.6,60,399107.475,False,False,Higher,True,Neutral,False,Bullish Virgin,2.403571428571429,63.1876,,0.1414561664190148,0.4417848099687935,False,False,No setup,0.0,None,None,0,No active J-Curve setup.,Neutral,0,Not applicable,No directional setup; confirmation score not applicable.,Standard CPR,Not applicable,Not applicable,Standard CPR; Wide CPR rules not applied
STANLEY,EQ,STANLEY LIFESTYLES LTD,253.55,253.55,241.15,242.75,107981,26661317.85,20251113,254.0,243.95,251.05,249.66666666666666,248.975,250.35833333333332,250.35833333333332,248.975,1.3833333333333258,0.5510190533094307,Moderate,Bullish,Below CPR,Cash Only,Diversified,False,False,False,0.6333333333333333,60,12061089.399999999,False,False,Inside,True,Neutral,False,None,7.696428571428576,288.88899999999995,,0.179737045630316,2.210523192871782,False,False,No setup,0.0,None,None,0,No active J-Curve setup.,Neutral,0,Not applicable,No directional setup; confirmation score not applicable.,Standard CPR,Not applicable,Not applicable,Standard CPR; Wide CPR rules not applied
BANG,EQ,BANG OVERSEAS LTD.,52.1,53.42,50.68,51.48,36531,1899712.69,20251113,54.0,52.05,52.59,52.879999999999995,53.025,52.73499999999999,53.025,52.73499999999999,0.29000000000000625,0.5514356341509912,Moderate,Bearish,Below CPR,Cash Only,Diversified,False,False,False,0.5,60,401287.005,True,True,Overlapping,True,Neutral,False,None,2.696428571428572,53.101400000000005,,0.10754966887417448,4.734049860398544,False,False,No setup,0.0,None,None,0,No active J-Curve setup.,Neutral,0,Not applicable,No directional setup; confirmation score not applicable.,Standard CPR,Not applicable,Not applicable,Standard CPR; Wide CPR rules not applied
RATNAVEER,EQ,RATNAVEER PRECISION ENG L,151.66,159.3,151.66,154.52,730481,114309919.27,20251113,154.67,151.16,151.66,152.49666666666667,152.915,152.07833333333335,152.915,152.07833333333335,0.8366666666666447,0.5516726009934357,Moderate,Bearish,Above CPR,Cash Only,Diversified,False,False,False,0.4666666666666667,60,36019324.035,False,False,Lower,True,Neutral,False,None,5.382142857142853,151.48760000000001,,0.15545233355451937,3.1735720292508818,True,False,No setup,0.0,None,None,0,No active J-Curve setup.,Neutral,0,Not applicable,No directional setup; confirmation score not applicable.,Standard CPR,Not applicable,Not applicable,Standard CPR; Wide CPR rules not applied
ADL,EQ,ARCHIDPLY DECOR LIMITED,82.42,84.4,79.0,80.63,2588,208512.26,20251113,85.89,82.01,83.26,83.72000000000001,83.95,83.49000000000002,83.95,83.49000000000002,0.45999999999997954,0.5524861878452793,Moderate,Bearish,Below CPR,Cash Only,Diversified,False,False,False,0.3220338983050847,60,136987.53999999998,True,False,Lower,True,Neutral,False,Bearish Virgin,5.05714285714286,86.2868,,0.09096045197739704,1.522125734939105,False,False,No setup,0.0,None,None,0,No active J-Curve setup.,Neutral,0,Not applicable,No directional setup; confirmation score not applicable.,Standard CPR,Not applicable,Not applicable,Standard CPR; Wide CPR rules not applied
GMRP&UI,EQ,GMR POW AND URBAN INFRA L,117.61,121.9,117.58,120.21,1681112,201928364.49,20251113,119.8,117.15,117.5,118.14999999999999,118.475,117.82499999999999,118.475,117.82499999999999,0.6500000000000057,0.553191489361707,Moderate,Bearish,Above CPR,Cash Only,Diversified,False,False,False,0.6333333333333333,60,145116929.305,False,False,Higher,True,Neutral,False,Bullish Virgin,4.1071428571428585,117.1062,,0.15826086956521873,1.3914873023918275,True,False,No setup,0.0,None,None,0,No active J-Curve setup.,Neutral,0,Not applicable,No directional setup; confirmation score not applicable.,Standard CPR,Not applicable,Not applicable,Standard CPR; Wide CPR rules not applied
BEARDSELL,EQ,BEARDSELL LIMITED,34.11,34.94,34.01,34.18,33632,1155512.79,20251113,35.1,34.2,34.94,34.74666666666667,34.650000000000006,34.843333333333334,34.843333333333334,34.650000000000006,0.19333333333332803,0.5533295172676819,Moderate,Bullish,Below CPR,Cash Only,Diversified,False,False,False,0.38333333333333336,60,1707751.5350000001,False,False,Overlapping,True,Neutral,False,None,1.6771428571428575,32.876999999999995,,0.11527541169789574,0.6766281665207228,True,False,No setup,0.0,None,None,0,No active J-Curve setup.,Neutral,0,Not applicable,No directional setup; confirmation score not applicable.,Standard CPR,Not applicable,Not applicable,Standard CPR; Wide CPR rules not applied
SAPPHIRE,EQ,SAPPHIRE FOODS INDIA LTD,253.05,254.5,247.6,248.9,265997,66720556.35,20251113,258.2,252.0,253.0,254.4,255.1,253.70000000000002,255.1,253.70000000000002,1.3999999999999773,0.5533596837944574,Moderate,Bearish,Below CPR,Cash Only,Consumer Services,True,False,False,0.5833333333333334,60,80718016.25,True,False,Lower,True,Neutral,False,Bearish Virgin,11.485714285714291,297.11,,0.12189054726367955,0.8265881577583989,False,False,No setup,0.0,None,None,0,No active J-Curve setup.,Neutral,0,Not applicable,No directional setup; confirmation score not applicable.,Standard CPR,Not applicable,Not applicable,Standard CPR; Wide CPR rules not applied
HAPPYFORGE,EQ,HAPPY FORGINGS LIMITED,1035.0,1040.4,1020.7,1031.5,33761,34839197.5,20251113,1053.8,1000.6,1035.8,1030.0666666666666,1027.2,1032.9333333333332,1032.9333333333332,1027.2,5.733333333333121,0.5535174100534004,Moderate,Bullish,Inside CPR,Cash Only,Automobile & Ancillary,False,False,False,0.8166666666666667,60,25078618.9,False,False,Higher,True,Neutral,False,Bullish Virgin,31.62857142857146,960.06,,0.18127070159589798,1.389199207457154,True,False,No setup,0.0,None,None,0,No active J-Curve setup.,Neutral,0,Not applicable,No directional setup; confirmation score not applicable.,Standard CPR,Not applicable,Not applicable,Standard CPR; Wide CPR rules not applied
ELLEN,EQ,ELLENBARRIE INDUS GASES L,442.0,450.9,436.0,437.3,634615,278982223.5,20251113,451.9,439.95,442.25,444.7,445.92499999999995,443.475,445.92499999999995,443.475,2.449999999999932,0.5539853024307364,Moderate,Bearish,Below CPR,Cash Only,Diversified,False,False,False,0.55,60,71513471.35,False,False,Lower,True,Neutral,False,None,16.635714285714275,482.999,,0.1472735079433193,3.9011142688712455,False,False,No setup,0.0,None,None,0,No active J-Curve setup.,Neutral,0,Not applicable,No directional setup; confirmation score not applicable.,Standard CPR,Not applicable,Not applicable,Standard CPR; Wide CPR rules not applied
GMDCLTD,EQ,GUJARAT MINERAL DEV CORP,594.7,603.85,585.0,588.9,1591955,948404117.05,20251113,606.8,591.4,594.15,597.4499999999999,599.0999999999999,595.8,599.0999999999999,595.8,3.2999999999999545,0.5554152991668694,Moderate,Bearish,Below CPR,Cash Only,Metals & Mining,True,False,False,0.36666666666666664,60,2508933185.4,False,False,Outside,True,Neutral,False,None,21.332142857142856,574.138,,0.15469613259668297,0.37801091020237576,True,False,No setup,0.0,None,None,0,No active J-Curve setup.,Neutral,0,Not applicable,No directional setup; confirmation score not applicable.,Standard CPR,Not applicable,Not applicable,Standard CPR; Wide CPR rules not applied
INSPIRISYS,EQ,INSPIRISYS SOLUTIONS LTD,105.7,105.7,102.26,104.01,10700,1108911.71,20251113,106.0,101.99,104.87,104.28666666666668,103.995,104.57833333333335,104.57833333333335,103.995,0.5833333333333428,0.5562442388989632,Moderate,Bullish,Inside CPR,Cash Only,Diversified,False,False,False,0.23076923076923078,27,873669.71,True,False,Overlapping,True,Neutral,True,None,5.372142857142857,,,0.108584851305236,1.269257360427432,False,False,Watch Long,0.0,None,None,0,No active J-Curve setup.,Long,52,Mixed,CPR width: 0.5562% (12/20); Price location: Inside CPR; watch state (10/20); Trend: opposes SMA direction (0/20); Participation: confirmed (1.27x) (20/20); Higher timeframe: unavailable (10/20),Standard CPR,Not applicable,Not applicable,Standard CPR; Wide CPR rules not applied
EMBDL,EQ,EMBASSY DEVELOPMENTS LTD,85.03,87.96,84.68,84.96,6931190,596666465.77,20251113,86.68,84.8,85.03,85.50333333333333,85.74000000000001,85.26666666666665,85.74000000000001,85.26666666666665,0.4733333333333576,0.5566662746481919,Moderate,Bearish,Below CPR,Cash Only,Diversified,False,False,False,0.4666666666666667,60,362847724.995,True,False,Overlapping,True,Neutral,False,None,2.8178571428571453,94.02600000000001,,0.16797634136038025,1.6443990816759895,False,False,No setup,0.0,None,None,0,No active J-Curve setup.,Neutral,0,Not applicable,No directional setup; confirmation score not applicable.,Standard CPR,Not applicable,Not applicable,Standard CPR; Wide CPR rules not applied
PARAS,EQ,PARAS DEF AND SPCE TECH L,705.0,732.25,704.85,718.75,1334687,961142877.9,20251113,717.0,701.85,703.55,707.4666666666666,709.425,705.5083333333332,709.425,705.5083333333332,3.9166666666667425,0.5567005424869224,Moderate,Bearish,Above CPR,Cash Only,Diversified,False,False,False,0.6,60,301967273.875,False,False,Higher,True,Neutral,False,Bullish Virgin,22.00714285714286,701.1540000000001,,0.17797251974467507,3.1829372288133024,True,False,No setup,0.0,None,None,0,No active J-Curve setup.,Neutral,0,Not applicable,No directional setup; confirmation score not applicable.,Standard CPR,Not applicable,Not applicable,Standard CPR; Wide CPR rules not applied
ALIVUS,EQ,ALIVUS LIFE SCIENCES LTD,909.45,915.2,902.0,903.8,58478,52944790.75,20251113,927.2,906.1,909.05,914.1166666666668,916.6500000000001,911.5833333333335,916.6500000000001,911.5833333333335,5.066666666666606,0.5573584144619775,Moderate,Bearish,Below CPR,Cash Only,Diversified,False,False,False,0.75,60,56904144.7,False,False,Overlapping,True,Neutral,False,Bearish Virgin,19.885714285714275,932.73,,0.25478927203064844,0.9304206403439712,False,False,No setup,0.0,None,None,0,No active J-Curve setup.,Neutral,0,Not applicable,No directional setup; confirmation score not applicable.,Standard CPR,Not applicable,Not applicable,Standard CPR; Wide CPR rules not applied
VISAKAIND,EQ,VISAKA INDUSTRIES LIMITED,77.1,78.6,72.88,74.81,162701,12320450.85,20251113,78.51,76.86,77.04,77.47000000000001,77.685,77.25500000000002,77.685,77.25500000000002,0.4299999999999784,0.5581516095534507,Moderate,Bearish,Below CPR,Cash Only,Diversified,False,False,False,0.5384615384615384,27,6884238.77,False,False,Inside,True,Neutral,False,None,2.6378571428571433,,,0.1630111020850175,1.789660594529321,False,False,No setup,0.0,None,None,0,No active J-Curve setup.,Neutral,0,Not applicable,No directional setup; confirmation score not applicable.,Standard CPR,Not applicable,Not applicable,Standard CPR; Wide CPR rules not applied
ASIANTILES,EQ,ASIAN GRANITO IND. LTD.,69.2,70.85,66.35,67.07,3735537,256151605.84,20251113,69.0,67.15,68.65,68.26666666666667,68.075,68.45833333333333,68.45833333333333,68.075,0.38333333333332575,0.5583879582422807,Moderate,Bullish,Below CPR,Cash Only,Building Materials,False,False,False,0.5428571428571428,36,29552379.465,False,False,Higher,True,Neutral,False,None,2.3492857142857133,,,0.16317016317016,8.667715103732004,False,False,No setup,0.0,None,None,0,No active J-Curve setup.,Neutral,0,Not applicable,No directional setup; confirmation score not applicable.,Standard CPR,Not applicable,Not applicable,Standard CPR; Wide CPR rules not applied
BANARBEADS,EQ,BANARAS BEADS LTD,137.95,139.0,134.0,136.29,5734,783349.08,20251113,139.0,134.05,135.39,136.14666666666668,136.525,135.76833333333335,136.525,135.76833333333335,0.7566666666666606,0.5588792869980506,Moderate,Bearish,Inside CPR,Cash Only,Diversified,False,False,False,0.38333333333333336,60,1939313.71,False,False,Lower,True,Neutral,False,None,7.111428571428571,129.4984,,0.10640149993303785,0.40393107930949446,True,False,No setup,0.0,None,None,0,No active J-Curve setup.,Neutral,0,Not applicable,No directional setup; confirmation score not applicable.,Standard CPR,Not applicable,Not applicable,Standard CPR; Wide CPR rules not applied
HIRECT,EQ,HIND RECTIFIER LIMITED,1591.2,1630.0,1558.0,1568.2,29516,46927723.8,20251113,1647.3,1575.0,1597.7,1606.6666666666667,1611.15,1602.1833333333334,1611.15,1602.1833333333334,8.966666666666697,0.5612234253405957,Moderate,Bearish,Below CPR,Cash Only,Diversified,False,False,False,0.4166666666666667,60,57831941.75,False,False,Lower,True,Neutral,False,None,78.83571428571429,1672.004,,0.11373863670683497,0.8114499077838762,False,False,No setup,0.0,None,None,0,No active J-Curve setup.,Neutral,0,Not applicable,No directional setup; confirmation score not applicable.,Standard CPR,Not applicable,Not applicable,Standard CPR; Wide CPR rules not applied
SURANASOL,EQ,SURANA SOLAR LIMITED,30.75,31.36,30.65,30.89,61142,1893774.6,20251113,31.48,30.8,30.88,31.05333333333333,31.14,30.96666666666666,31.14,30.96666666666666,0.1733333333333391,0.561312607944751,Moderate,Bearish,Below CPR,Cash Only,Diversified,False,False,False,0.5166666666666667,60,2461534.6550000003,False,False,Higher,True,Neutral,False,None,0.8614285714285713,32.6044,,0.20121614151465572,0.7693471209731962,False,False,No setup,0.0,None,None,0,No active J-Curve setup.,Neutral,0,Not applicable,No directional setup; confirmation score not applicable.,Standard CPR,Not applicable,Not applicable,Standard CPR; Wide CPR rules not applied
UNOMINDA,EQ,UNO MINDA LIMITED,1333.0,1334.0,1293.8,1303.2,555081,727280080.0,20251113,1335.0,1308.3,1332.9,1325.4,1321.65,1329.15,1329.15,1321.65,7.5,0.5626828719333783,Moderate,Bullish,Below CPR,Cash Only,Automobile and Auto Components,True,False,False,0.6,60,1063598097.6,False,False,Overlapping,True,Neutral,False,None,37.571428571428605,1272.614,,0.1996197718631177,0.683792197110075,True,False,No setup,0.0,None,None,0,No active J-Curve setup.,Neutral,0,Not applicable,No directional setup; confirmation score not applicable.,Standard CPR,Not applicable,Not applicable,Standard CPR; Wide CPR rules not applied
SGL,EQ,STL GLOBAL LIMITED,14.79,14.79,14.01,14.14,6921,97984.49,20251113,14.43,14.17,14.18,14.26,14.3,14.219999999999999,14.3,14.219999999999999,0.08000000000000185,0.5641748942172203,Moderate,Bearish,Below CPR,Cash Only,Diversified,False,False,False,0.4,36,362175.78,True,False,Overlapping,True,Neutral,False,None,0.6678571428571428,,,0.11978609625668726,0.2705440159471735,False,False,No setup,0.0,None,None,0,No active J-Curve setup.,Neutral,0,Not applicable,No directional setup; confirmation score not applicable.,Standard CPR,Not applicable,Not applicable,Standard CPR; Wide CPR rules not applied
BCLIND,EQ,BCL INDUSTRIES LIMITED,39.5,39.5,37.91,38.04,816515,31281301.86,20251113,39.98,38.35,39.5,39.276666666666664,39.165,39.38833333333333,39.38833333333333,39.165,0.22333333333332916,0.565400843881846,Moderate,Bullish,Below CPR,Cash Only,Diversified,False,False,False,0.7166666666666667,60,14445724.684999999,False,False,Higher,True,Neutral,False,None,0.9507142857142868,40.3142,,0.23491109441522198,2.16543666324207,False,False,No setup,0.0,None,None,0,No active J-Curve setup.,Neutral,0,Not applicable,No directional setup; confirmation score not applicable.,Standard CPR,Not applicable,Not applicable,Standard CPR; Wide CPR rules not applied
APCOTEXIND,EQ,APCOTEX INDUSTRIES LIMITE,405.6,410.0,401.4,404.7,33586,13650286.3,20251113,411.0,395.4,406.65,404.34999999999997,403.2,405.49999999999994,405.49999999999994,403.2,2.2999999999999545,0.5655969506946894,Moderate,Bullish,Inside CPR,Cash Only,Diversified,False,False,False,0.6166666666666667,60,7407048.949999999,True,False,Higher,True,Neutral,False,Bullish Virgin,13.785714285714281,384.11,,0.16683937823833872,1.8428778305832585,True,False,No setup,0.0,None,None,0,No active J-Curve setup.,Neutral,0,Not applicable,No directional setup; confirmation score not applicable.,Standard CPR,Not applicable,Not applicable,Standard CPR; Wide CPR rules not applied
GANDHITUBE,EQ,GANDHI SPL. TUBES LTD,789.5,797.1,770.1,775.6,7368,5787579.35,20251113,799.2,780.0,782.95,787.3833333333333,789.6,785.1666666666666,789.6,785.1666666666666,4.433333333333394,0.5662345403069664,Moderate,Bearish,Below CPR,Cash Only,Diversified,False,False,False,0.48333333333333334,60,14062488.4,False,False,Outside,True,Neutral,False,None,31.25714285714286,908.7260000000001,,0.14183424741011771,0.4115615377147617,False,False,No setup,0.0,None,None,0,No active J-Curve setup.,Neutral,0,Not applicable,No directional setup; confirmation score not applicable.,Standard CPR,Not applicable,Not applicable,Standard CPR; Wide CPR rules not applied
GOYALALUM,EQ,GOYAL ALUMINIUMS LIMITED,7.15,7.15,7.04,7.09,41807,295921.04,20251113,7.19,7.05,7.06,7.1000000000000005,7.12,7.080000000000001,7.12,7.080000000000001,0.03999999999999915,0.566572237960328,Moderate,Bearish,Inside CPR,Cash Only,Metals & Mining,False,False,False,0.5166666666666667,60,485082.71499999997,False,False,Higher,True,Neutral,False,None,0.3342857142857146,7.259399999999999,,0.119658119658117,0.6100424336909221,False,False,No setup,0.0,None,None,0,No active J-Curve setup.,Neutral,0,Not applicable,No directional setup; confirmation score not applicable.,Standard CPR,Not applicable,Not applicable,Standard CPR; Wide CPR rules not applied
TARIL,EQ,TRANS & RECTI. LTD,302.45,306.9,288.0,289.3,4285292,1271408657.45,20251113,304.7,283.55,296.65,294.96666666666664,294.125,295.8083333333333,295.8083333333333,294.125,1.6833333333332803,0.5674476094162415,Moderate,Bullish,Below CPR,Cash Only,Capital Goods,True,False,False,0.6833333333333333,60,252405561.925,True,False,Higher,True,Neutral,False,None,22.94999999999999,472.861,,0.07334785766158088,5.037165773025982,False,False,No setup,0.0,None,None,0,No active J-Curve setup.,Neutral,0,Not applicable,No directional setup; confirmation score not applicable.,Standard CPR,Not applicable,Not applicable,Standard CPR; Wide CPR rules not applied
KICL,EQ,KALYANI INVEST CO LTD,5199.0,5300.0,4985.0,5083.5,5260,26783925.0,20251113,6554.9,6150.2,6298.9,6334.666666666667,6352.549999999999,6316.783333333335,6352.549999999999,6316.783333333335,35.766666666664605,0.5678240115998763,Moderate,Bearish,Below CPR,Cash Only,Diversified,False,False,False,0.6607142857142857,57,10510842.2,False,False,Higher,True,Neutral,False,Bearish Virgin,366.2071428571429,5065.592000000001,,0.09766785646946584,2.54821873360443,True,False,No setup,0.0,None,None,0,No active J-Curve setup.,Neutral,0,Not applicable,No directional setup; confirmation score not applicable.,Standard CPR,Not applicable,Not applicable,Standard CPR; Wide CPR rules not applied
MEDANTA,EQ,GLOBAL HEALTH LIMITED,1173.6,1210.0,1173.4,1201.8,288462,345630721.9,20251113,1181.4,1146.2,1173.8,1167.1333333333334,1163.8000000000002,1170.4666666666667,1170.4666666666667,1163.8000000000002,6.666666666666515,0.5679559266200814,Moderate,Bullish,Above CPR,Cash Only,Healthcare,True,False,False,0.7,60,319772847.20000005,False,False,Lower,True,Neutral,False,None,40.50714285714283,1336.0639999999999,,0.16458002703814367,1.0808632594243603,False,False,No setup,0.0,None,None,0,No active J-Curve setup.,Neutral,0,Not applicable,No directional setup; confirmation score not applicable.,Standard CPR,Not applicable,Not applicable,Standard CPR; Wide CPR rules not applied
KHAITANLTD,EQ,KHAITAN (INDIA)LTD.,112.9,115.0,111.09,111.18,6015,670659.13,20251113,115.9,111.2,112.59,113.23000000000002,113.55000000000001,112.91000000000003,113.55000000000001,112.91000000000003,0.6399999999999864,0.5684341415756163,Moderate,Bearish,Below CPR,Cash Only,Diversified,False,False,False,0.45454545454545453,45,670659.13,False,False,Overlapping,True,Neutral,False,None,5.453571428571429,,,0.11735428945644805,1.0,False,False,No setup,0.0,None,None,0,No active J-Curve setup.,Neutral,0,Not applicable,No directional setup; confirmation score not applicable.,Standard CPR,Not applicable,Not applicable,Standard CPR; Wide CPR rules not applied
PNCINFRA,EQ,PNC INFRATECH LTD.,286.0,291.45,275.0,278.2,459414,129963556.45,20251113,283.0,275.1,281.45,279.84999999999997,279.05,280.6499999999999,280.6499999999999,279.05,1.599999999999909,0.5684846331497279,Moderate,Bullish,Below CPR,Cash Only,Infrastructure,False,False,False,0.85,60,51679773.6,False,False,Higher,True,Neutral,False,None,6.142857142857151,292.787,,0.2604651162790546,2.5147857158956284,False,False,No setup,0.0,None,None,0,No active J-Curve setup.,Neutral,0,Not applicable,No directional setup; confirmation score not applicable.,Standard CPR,Not applicable,Not applicable,Standard CPR; Wide CPR rules not applied
SRM,EQ,SRM CONTRACTORS LIMITED,586.5,600.0,562.6,579.75,133459,78453190.95,20251113,601.9,580.2,586.05,589.3833333333333,591.05,587.7166666666667,591.05,587.7166666666667,3.3333333333332575,0.5687796831897036,Moderate,Bearish,Below CPR,Cash Only,Diversified,False,False,False,0.55,60,56616541.85,False,False,Higher,True,Neutral,False,None,22.589285714285705,542.802,,0.14756258234518774,1.3856937987815305,True,False,No setup,0.0,None,None,0,No active J-Curve setup.,Neutral,0,Not applicable,No directional setup; confirmation score not applicable.,Standard CPR,Not applicable,Not applicable,Standard CPR; Wide CPR rules not applied
ELECTCAST,EQ,ELECTROSTEEL CASTINGS LTD,81.96,82.38,79.8,80.02,1702794,137810175.92,20251113,83.68,81.76,82.02,82.48666666666666,82.72,82.25333333333333,82.72,82.25333333333333,0.46666666666666856,0.568966918637733,Moderate,Bearish,Below CPR,Cash Only,Diversified,False,False,False,0.6166666666666667,60,98592090.37,False,False,Inside,True,Neutral,False,None,2.7178571428571416,94.4066,,0.17170389837932623,1.3977812561111234,False,False,No setup,0.0,None,None,0,No active J-Curve setup.,Neutral,0,Not applicable,No directional setup; confirmation score not applicable.,Standard CPR,Not applicable,Not applicable,Standard CPR; Wide CPR rules not applied
ARISINFRA,EQ,ARISINFRA SOLUTIONS LTD,155.55,155.55,151.13,151.8,400527,61277646.99,20251113,156.0,152.6,155.63,154.74333333333334,154.3,155.18666666666667,155.18666666666667,154.3,0.8866666666666561,0.5697273447707101,Moderate,Bullish,Below CPR,Cash Only,Real Estate & Infra,False,False,False,0.5,60,97945853.245,True,False,Inside,True,Neutral,False,None,6.775714285714287,160.7142,,0.13085951226368525,0.6256277826966415,False,False,No setup,0.0,None,None,0,No active J-Curve setup.,Neutral,0,Not applicable,No directional setup; confirmation score not applicable.,Standard CPR,Not applicable,Not applicable,Standard CPR; Wide CPR rules not applied
NLCINDIA,EQ,NLC INDIA LIMITED,260.45,263.0,257.55,259.65,667023,173912067.0,20251113,265.5,259.55,260.3,261.7833333333333,262.525,261.04166666666663,262.525,261.04166666666663,1.4833333333333485,0.569855295172243,Moderate,Bearish,Below CPR,Cash Only,Power,True,False,False,0.65,60,356973883.66499996,False,False,Lower,True,Neutral,False,Bearish Virgin,7.296428571428572,262.6922,,0.20329580682003798,0.48718428702534095,False,False,No setup,0.0,None,None,0,No active J-Curve setup.,Neutral,0,Not applicable,No directional setup; confirmation score not applicable.,Standard CPR,Not applicable,Not applicable,Standard CPR; Wide CPR rules not applied
BROOKS,EQ,BROOKS LAB LIMITED,103.43,112.4,103.15,109.82,70668,7679090.7,20251113,105.6,100.85,102.35,102.93333333333332,103.225,102.64166666666665,103.225,102.64166666666665,0.5833333333333428,0.5699397492265197,Moderate,Bearish,Above CPR,Cash Only,Diversified,False,False,False,0.26666666666666666,46,4420201.6850000005,False,False,Lower,True,Neutral,False,None,6.517857142857145,,,0.0894977168949786,1.737271565245331,False,False,No setup,0.0,None,None,0,No active J-Curve setup.,Neutral,0,Not applicable,No directional setup; confirmation score not applicable.,Standard CPR,Not applicable,Not applicable,Standard CPR; Wide CPR rules not applied
CYIENTDLM,EQ,CYIENT DLM LIMITED,445.0,447.05,436.3,437.25,175691,77634472.3,20251113,452.8,434.35,447.4,444.8500000000001,443.57500000000005,446.1250000000001,446.1250000000001,443.57500000000005,2.550000000000068,0.5699597675458355,Moderate,Bullish,Below CPR,Cash Only,Diversified,False,False,False,0.5666666666666667,60,55605289.325,False,False,Higher,True,Neutral,False,None,11.135714285714275,452.17,,0.22899294419500313,1.396170638484489,False,False,No setup,0.0,None,None,0,No active J-Curve setup.,Neutral,0,Not applicable,No directional setup; confirmation score not applicable.,Standard CPR,Not applicable,Not applicable,Standard CPR; Wide CPR rules not applied
COCHINSHIP,EQ,COCHIN SHIPYARD LIMITED,1648.0,1744.4,1645.3,1707.3,3234178,5542556680.6,20251113,1805.0,1748.2,1792.0,1781.7333333333333,1776.6,1786.8666666666668,1786.8666666666668,1776.6,10.266666666666879,0.5729166666666785,Moderate,Bullish,Below CPR,Cash Only,Capital Goods,True,False,False,0.6833333333333333,60,1630021322.7,False,False,Higher,True,Neutral,False,Bearish Virgin,49.87142857142856,1788.844,,0.20586269454788933,3.4002970411572275,False,False,No setup,0.0,None,None,0,No active J-Curve setup.,Neutral,0,Not applicable,No directional setup; confirmation score not applicable.,Standard CPR,Not applicable,Not applicable,Standard CPR; Wide CPR rules not applied
BHAGYANGR,EQ,BHAGYANAGAR INDIA LIMITED,139.05,146.51,137.6,139.7,579221,82360208.79,20251113,143.4,135.7,138.36,139.15333333333334,139.55,138.75666666666666,139.55,138.75666666666666,0.7933333333333508,0.5733834441553561,Moderate,Bearish,Above CPR,Cash Only,Diversified,False,False,False,0.3333333333333333,13,66411809.62,False,False,Lower,False,Neutral,False,None,,,,,1.2401440234990544,False,False,No setup,0.0,None,None,0,No active J-Curve setup.,Neutral,0,Not applicable,No directional setup; confirmation score not applicable.,Standard CPR,Not applicable,Not applicable,Standard CPR; Wide CPR rules not applied
JUSTDIAL,EQ,JUSTDIAL LTD.,746.65,748.4,742.0,744.3,59006,43943530.05,20251113,748.95,732.25,747.05,742.75,740.6,744.9,744.9,740.6,4.2999999999999545,0.5755973495749889,Moderate,Bullish,Inside CPR,Cash Only,Diversified,False,False,False,0.9,60,62901211.9,False,False,Higher,True,Neutral,False,Bullish Virgin,12.31428571428573,809.64,,0.34918793503479867,0.6986118187970874,False,False,No setup,0.0,None,None,0,No active J-Curve setup.,Neutral,0,Not applicable,No directional setup; confirmation score not applicable.,Standard CPR,Not applicable,Not applicable,Standard CPR; Wide CPR rules not applied
ATLASCYCLE,EQ,ATLAS CYCLE (HARYANA) LTD,110.89,110.89,105.0,105.77,3873,410237.1,20251113,108.45,105.11,107.71,107.08999999999999,106.78,107.39999999999998,107.39999999999998,106.78,0.6199999999999761,0.5756197196174693,Moderate,Bullish,Below CPR,Cash Only,Diversified,False,False,False,0.45454545454545453,45,608213.57,False,False,Inside,True,Neutral,False,None,4.279285714285715,,,0.14488399265564456,0.6744951448551205,False,False,No setup,0.0,None,None,0,No active J-Curve setup.,Neutral,0,Not applicable,No directional setup; confirmation score not applicable.,Standard CPR,Not applicable,Not applicable,Standard CPR; Wide CPR rules not applied
STOVEKRAFT,EQ,STOVE KRAFT LIMITED,637.65,660.6,633.7,640.4,165075,106760373.2,20251113,652.8,631.0,636.4,640.0666666666666,641.9,638.2333333333332,641.9,638.2333333333332,3.6666666666667425,0.576157552901751,Moderate,Bearish,Inside CPR,Cash Only,Diversified,False,False,False,0.5333333333333333,60,61978159.4,False,False,Overlapping,True,Neutral,False,None,35.36071428571428,689.8870000000002,,0.10369322964010586,1.7225483014263248,False,False,No setup,0.0,None,None,0,No active J-Curve setup.,Neutral,0,Not applicable,No directional setup; confirmation score not applicable.,Standard CPR,Not applicable,Not applicable,Standard CPR; Wide CPR rules not applied
CAPACITE,EQ,CAPACITE INFRAPROJECT LTD,292.7,293.75,283.75,291.4,277850,80344893.65,20251113,297.0,282.05,292.05,290.3666666666666,289.525,291.20833333333326,291.20833333333326,289.525,1.6833333333332803,0.5763853221480159,Moderate,Bullish,Above CPR,Cash Only,Diversified,False,False,False,0.55,60,92774059.175,False,False,Higher,True,Neutral,False,Bullish Virgin,9.671428571428558,289.289,,0.17405219103889186,0.866027576722122,True,False,No setup,0.0,None,None,0,No active J-Curve setup.,Neutral,0,Not applicable,No directional setup; confirmation score not applicable.,Standard CPR,Not applicable,Not applicable,Standard CPR; Wide CPR rules not applied
TARC,EQ,TARC LIMITED,143.84,144.42,139.49,143.64,769518,109045878.58,20251113,146.48,142.7,143.35,144.17666666666665,144.58999999999997,143.76333333333332,144.58999999999997,143.76333333333332,0.8266666666666538,0.5766771305662043,Moderate,Bearish,Below CPR,Cash Only,Diversified,False,False,False,0.6833333333333333,60,63570965.065,False,False,Lower,True,Neutral,False,Bearish Virgin,6.9771428571428515,155.2992,,0.11848211848211673,1.7153409338446073,False,False,No setup,0.0,None,None,0,No active J-Curve setup.,Neutral,0,Not applicable,No directional setup; confirmation score not applicable.,Standard CPR,Not applicable,Not applicable,Standard CPR; Wide CPR rules not applied
GRANULES,EQ,GRANULES INDIA LIMITED,542.4,561.8,536.2,556.3,2619899,1447656908.8,20251113,544.4,531.1,542.45,539.3166666666667,537.75,540.8833333333334,540.8833333333334,537.75,3.1333333333334394,0.5776262021077406,Moderate,Bullish,Above CPR,Cash Only,Healthcare,True,False,False,0.7833333333333333,60,402138106.925,False,False,Overlapping,True,Neutral,False,None,13.635714285714275,546.313,,0.2297887200977904,3.5998998450300865,True,False,No setup,0.0,None,None,0,No active J-Curve setup.,Neutral,0,Not applicable,No directional setup; confirmation score not applicable.,Standard CPR,Not applicable,Not applicable,Standard CPR; Wide CPR rules not applied
ARIHANTCAP,EQ,ARIHANT CAPITAL MKTS LTD,98.49,105.2,97.94,103.09,2566039,263890394.68,20251113,100.6,97.3,98.1,98.66666666666667,98.94999999999999,98.38333333333335,98.94999999999999,98.38333333333335,0.5666666666666345,0.5776418620454989,Moderate,Bearish,Above CPR,Cash Only,Diversified,False,False,False,0.5,60,58241413.879999995,False,False,Overlapping,True,Neutral,False,None,5.951428571428571,107.1814,,0.0952152344375046,4.530975075978016,False,False,No setup,0.0,None,None,0,No active J-Curve setup.,Neutral,0,Not applicable,No directional setup; confirmation score not applicable.,Standard CPR,Not applicable,Not applicable,Standard CPR; Wide CPR rules not applied
INGERRAND,EQ,INGERSOLL-RAND INDIA LTD,3721.7,3779.7,3721.7,3749.4,6518,24461784.9,20251113,3788.0,3700.0,3711.8,3733.2666666666664,3744.0,3722.533333333333,3744.0,3722.533333333333,21.46666666666715,0.578335758032953,Moderate,Bearish,Above CPR,Cash Only,Diversified,False,False,False,0.8,60,27716724.25,False,False,Lower,True,Neutral,False,None,79.62142857142855,3897.9480000000003,,0.26960916240543664,0.8825640677938339,False,False,No setup,0.0,None,None,0,No active J-Curve setup.,Neutral,0,Not applicable,No directional setup; confirmation score not applicable.,Standard CPR,Not applicable,Not applicable,Standard CPR; Wide CPR rules not applied
MTNL,EQ,MAHANAGAR TELEPHONE NIGAM,40.91,41.21,40.7,40.76,707365,28957981.35,20251113,41.91,40.62,40.91,41.14666666666667,41.265,41.028333333333336,41.265,41.028333333333336,0.23666666666666458,0.5785056628371171,Moderate,Bearish,Below CPR,Cash Only,Diversified,False,False,False,0.6833333333333333,60,58384820.370000005,False,False,Lower,True,Neutral,False,Bearish Virgin,1.1192857142857149,42.9872,,0.21144437353754322,0.49598476395894747,False,False,No setup,0.0,None,None,0,No active J-Curve setup.,Neutral,0,Not applicable,No directional setup; confirmation score not applicable.,Standard CPR,Not applicable,Not applicable,Standard CPR; Wide CPR rules not applied
PIONEEREMB,EQ,PIONEER EMBROIDERIES LTD,33.6,36.8,33.12,33.87,96911,3357590.35,20251113,34.4,33.0,33.41,33.60333333333333,33.7,33.50666666666666,33.7,33.50666666666666,0.19333333333334224,0.5786690611593602,Moderate,Bearish,Above CPR,Cash Only,Diversified,False,False,False,0.4666666666666667,60,526861.05,False,False,Higher,True,Neutral,False,None,1.4885714285714293,35.9218,,0.12987843889955805,6.372819455907776,False,False,No setup,0.0,None,None,0,No active J-Curve setup.,Neutral,0,Not applicable,No directional setup; confirmation score not applicable.,Standard CPR,Not applicable,Not applicable,Standard CPR; Wide CPR rules not applied
NGIL,EQ,NAKODA GROUP OF IND. LTD,28.76,29.07,28.23,28.39,8882,253344.68,20251113,29.58,28.5,28.79,28.956666666666667,29.04,28.873333333333335,29.04,28.873333333333335,0.1666666666666643,0.5789047122843498,Moderate,Bearish,Below CPR,Cash Only,Diversified,False,False,False,0.38333333333333336,60,1142687.84,False,False,Lower,True,Neutral,False,Bearish Virgin,1.3049999999999997,31.1572,,0.1277139208173673,0.2217094390362988,False,False,No setup,0.0,None,None,0,No active J-Curve setup.,Neutral,0,Not applicable,No directional setup; confirmation score not applicable.,Standard CPR,Not applicable,Not applicable,Standard CPR; Wide CPR rules not applied
PLASTIBLEN,EQ,PLASTIBLENDS INDIA LTD,174.98,175.59,172.05,173.55,4326,752182.24,20251113,175.75,170.0,174.39,173.38,172.875,173.885,173.885,172.875,1.009999999999991,0.5791616491771265,Moderate,Bullish,Inside CPR,Cash Only,Diversified,False,False,False,0.7333333333333333,60,1580061.5550000002,False,False,Higher,True,Neutral,False,Bullish Virgin,4.5649999999999995,184.5842,,0.22124863088718313,0.4760461626445939,False,False,No setup,0.0,None,None,0,No active J-Curve setup.,Neutral,0,Not applicable,No directional setup; confirmation score not applicable.,Standard CPR,Not applicable,Not applicable,Standard CPR; Wide CPR rules not applied
MAZDA,EQ,MAZDA LIMITED,245.05,258.0,245.05,253.8,22494,5677301.6,20251113,266.95,249.6,256.05,257.5333333333333,258.275,256.79166666666663,258.275,256.79166666666663,1.4833333333333485,0.5793139360801985,Moderate,Bearish,Below CPR,Cash Only,Diversified,False,False,False,0.5,60,5899456.300000001,True,False,Lower,True,Neutral,False,Bearish Virgin,9.089285714285714,276.645,,0.16319580877537823,0.9623431908462478,False,False,No setup,0.0,None,None,0,No active J-Curve setup.,Neutral,0,Not applicable,No directional setup; confirmation score not applicable.,Standard CPR,Not applicable,Not applicable,Standard CPR; Wide CPR rules not applied
RAYMOND,EQ,RAYMOND LTD,537.55,543.95,530.0,531.65,227144,121829849.9,20251113,548.35,536.3,537.65,540.7666666666668,542.325,539.2083333333335,542.325,539.2083333333335,3.1166666666665606,0.5796831891874938,Moderate,Bearish,Below CPR,Cash Only,Diversified,False,False,False,0.8333333333333334,60,110828012.17500001,False,False,Overlapping,True,Neutral,False,None,13.435714285714296,589.659,,0.23196881091617128,1.0992694672501013,False,False,No setup,0.0,None,None,0,No active J-Curve setup.,Neutral,0,Not applicable,No directional setup; confirmation score not applicable.,Standard CPR,Not applicable,Not applicable,Standard CPR; Wide CPR rules not applied
HINDOILEXP,EQ,HINDUSTAN OIL EXPLORATION,150.0,153.0,146.2,146.94,396849,58983808.8,20251113,153.0,149.77,150.08,150.95000000000002,151.385,150.51500000000004,151.385,150.51500000000004,0.8699999999999477,0.5796908315564683,Moderate,Bearish,Below CPR,Cash Only,Energy & Oil/Gas,False,False,False,0.75,60,52780879.475,False,False,Overlapping,True,Neutral,False,None,4.134999999999999,165.43420000000003,,0.21039903264811316,1.117522280543621,False,False,No setup,0.0,None,None,0,No active J-Curve setup.,Neutral,0,Not applicable,No directional setup; confirmation score not applicable.,Standard CPR,Not applicable,Not applicable,Standard CPR; Wide CPR rules not applied
DMCC,EQ,DMCC SPECIALITY CHEMICALS,278.55,282.0,276.0,277.9,17187,4798940.55,20251113,287.4,274.55,278.55,280.1666666666667,280.975,279.35833333333335,280.975,279.35833333333335,1.6166666666666742,0.5803865254592261,Moderate,Bearish,Below CPR,Cash Only,Diversified,False,False,False,0.5333333333333333,60,10357333.175,False,False,Lower,True,Neutral,False,Bearish Virgin,9.892857142857151,305.261,,0.16341756919374312,0.4633374700722611,False,False,No setup,0.0,None,None,0,No active J-Curve setup.,Neutral,0,Not applicable,No directional setup; confirmation score not applicable.,Standard CPR,Not applicable,Not applicable,Standard CPR; Wide CPR rules not applied
VINCOFE,EQ,VINTAGE COFFEE N BVRGS L,168.5,170.8,165.2,166.58,5584613,937329859.59,20251113,170.0,163.37,168.15,167.17333333333332,166.685,167.66166666666663,167.66166666666663,166.685,0.976666666666631,0.5808306075924062,Moderate,Bullish,Below CPR,Cash Only,Diversified,False,False,False,0.5333333333333333,60,259904996.655,False,False,Higher,True,Neutral,False,None,7.570714285714287,151.2432,,0.1290058810579567,3.6064326259730177,True,False,No setup,0.0,None,None,0,No active J-Curve setup.,Neutral,0,Not applicable,No directional setup; confirmation score not applicable.,Standard CPR,Not applicable,Not applicable,Standard CPR; Wide CPR rules not applied
HERCULES,EQ,HERCULES HOI. LTD.,171.39,174.73,170.94,172.53,12611,2175259.72,20251113,174.79,169.04,170.43,171.42,171.915,170.92499999999998,171.915,170.92499999999998,0.9900000000000091,0.5808836472452087,Moderate,Bearish,Above CPR,Cash Only,Diversified,False,False,False,0.4,41,5196092.82,False,False,Higher,True,Neutral,False,Bullish Virgin,6.206428571428562,,,0.15951202670042752,0.41863373025734363,False,False,No setup,0.0,None,None,0,No active J-Curve setup.,Neutral,0,Not applicable,No directional setup; confirmation score not applicable.,Standard CPR,Not applicable,Not applicable,Standard CPR; Wide CPR rules not applied
BAIDFIN,EQ,BAID FINSERV LIMITED,10.98,11.1,10.73,10.9,76137,833978.14,20251113,11.15,10.4,10.87,10.806666666666667,10.775,10.838333333333333,10.838333333333333,10.775,0.06333333333333258,0.5826433609322225,Moderate,Bullish,Above CPR,Cash Only,Diversified,False,False,False,0.6166666666666667,60,864800.9199999999,False,False,Higher,True,Neutral,False,Bullish Virgin,0.4785714285714289,10.8224,,0.13233830845770977,0.9643585254280258,True,False,No setup,0.0,None,None,0,No active J-Curve setup.,Neutral,0,Not applicable,No directional setup; confirmation score not applicable.,Standard CPR,Not applicable,Not applicable,Standard CPR; Wide CPR rules not applied
NAZARA,EQ,NAZARA TECHNOLOGIES LTD,270.0,281.6,261.0,272.85,10175233,2788048815.2,20251113,259.0,251.1,257.3,255.80000000000004,255.05,256.55000000000007,256.55000000000007,255.05,1.5000000000000568,0.582977069568619,Moderate,Bullish,Above CPR,Cash Only,Gaming & Tech,False,False,False,0.6833333333333333,60,486954800.775,True,False,Lower,True,Neutral,False,Bullish Virgin,8.760714285714288,569.292,,0.17121891561354088,5.725477622897967,False,False,No setup,0.0,None,None,0,No active J-Curve setup.,Neutral,0,Not applicable,No directional setup; confirmation score not applicable.,Standard CPR,Not applicable,Not applicable,Standard CPR; Wide CPR rules not applied
KIRIINDUS,EQ,KIRI INDUSTRIES LIMITED,524.05,536.45,524.0,525.2,217642,115441059.95,20251113,533.25,521.2,522.65,525.6999999999999,527.225,524.1749999999998,527.225,524.1749999999998,3.050000000000182,0.5835645269301027,Moderate,Bearish,Inside CPR,Cash Only,Diversified,False,False,False,0.6,60,104969690.42500001,False,False,Lower,True,Neutral,False,None,18.30000000000002,565.895,,0.16666666666667643,1.0997561246737382,False,False,No setup,0.0,None,None,0,No active J-Curve setup.,Neutral,0,Not applicable,No directional setup; confirmation score not applicable.,Standard CPR,Not applicable,Not applicable,Standard CPR; Wide CPR rules not applied
GLOTTIS,EQ,GLOTTIS LIMITED,72.5,74.3,71.75,73.69,555815,40770372.13,20251113,72.8,71.01,72.54,72.11666666666667,71.905,72.32833333333335,72.32833333333335,71.905,0.4233333333333462,0.5835860674570529,Moderate,Bullish,Above CPR,Cash Only,Diversified,False,False,False,0.48,26,56752782.905,False,False,Higher,True,Neutral,False,Bullish Virgin,2.625714285714285,,,0.16122597025753124,0.7183854261075905,False,False,No setup,0.0,None,None,0,No active J-Curve setup.,Neutral,0,Not applicable,No directional setup; confirmation score not applicable.,Standard CPR,Not applicable,Not applicable,Standard CPR; Wide CPR rules not applied
SUPRIYA,EQ,SUPRIYA LIFESCIENCE LTD,774.95,823.25,766.2,786.7,1425992,1142258966.5,20251113,771.45,740.0,762.4,757.9499999999999,755.725,760.1749999999998,760.1749999999998,755.725,4.449999999999818,0.5836831059810884,Moderate,Bullish,Above CPR,Cash Only,Diversified,False,False,False,0.65,60,141280555.02499998,True,False,Higher,True,Neutral,False,Bullish Virgin,35.71428571428572,720.36,,0.12459999999999488,8.085040197484178,True,False,No setup,0.0,None,Liftoff,88,🚀 J-Curve Liftoff: Decisive kinetic breakout above CPR Top (₹760.17) with massive 8.1x volume surge. Ascending Higher CPR overlay and +0 confluence. Momentum continuation target expansion above ₹760.17 with stop below Pivot (₹757.95).,Neutral,0,Not applicable,No directional setup; confirmation score not applicable.,Standard CPR,Not applicable,Not applicable,Standard CPR; Wide CPR rules not applied
CHOLAFIN,EQ,CHOLAMANDALAM IN & FIN CO,1702.5,1719.5,1701.2,1710.6,831622,1423576506.8,20251113,1757.0,1710.7,1718.8,1728.8333333333333,1733.85,1723.8166666666666,1733.85,1723.8166666666666,10.033333333333303,0.5837405942130152,Moderate,Bearish,Below CPR,Cash Only,Financial Services,True,False,False,0.7333333333333333,60,2204585463.6,False,False,Overlapping,True,Neutral,False,Bearish Virgin,51.14285714285716,1623.36,,0.19618249534450585,0.6457343252528557,True,False,No setup,0.0,None,None,0,No active J-Curve setup.,Neutral,0,Not applicable,No directional setup; confirmation score not applicable.,Standard CPR,Not applicable,Not applicable,Standard CPR; Wide CPR rules not applied
NRAIL,EQ,N R AGARWAL INDS LTD,487.55,500.0,478.0,483.3,13312,6487052.3,20251113,506.0,460.55,487.55,484.7,483.275,486.125,486.125,483.275,2.8500000000000227,0.5845554302122906,Moderate,Bullish,Inside CPR,Cash Only,Diversified,False,False,False,0.3142857142857143,36,9949749.875,True,True,Higher,True,Neutral,False,Bullish Virgin,22.807142857142853,,,0.12496085186345232,0.651981444910443,False,False,No setup,0.0,None,None,0,No active J-Curve setup.,Neutral,0,Not applicable,No directional setup; confirmation score not applicable.,Standard CPR,Not applicable,Not applicable,Standard CPR; Wide CPR rules not applied
BFINVEST,EQ,BF INVESTMENT LIMITED,470.6,470.6,460.9,463.55,18709,8702383.5,20251113,479.0,464.0,467.4,470.1333333333334,471.5,468.76666666666677,471.5,468.76666666666677,2.733333333333235,0.5847953216374059,Moderate,Bearish,Below CPR,Cash Only,Diversified,False,False,False,0.75,60,12406001.774999999,False,False,Higher,True,Neutral,False,None,10.117857142857146,471.53799999999995,,0.270149429344619,0.701465601716795,False,False,No setup,0.0,None,None,0,No active J-Curve setup.,Neutral,0,Not applicable,No directional setup; confirmation score not applicable.,Standard CPR,Not applicable,Not applicable,Standard CPR; Wide CPR rules not applied
ROSSTECH,EQ,ROSSELL TECHSYS LIMITED,666.0,682.5,645.1,656.55,68385,45605091.65,20251113,684.9,662.75,667.95,671.8666666666667,673.825,669.9083333333333,673.825,669.9083333333333,3.9166666666667425,0.5863712353719204,Moderate,Bearish,Below CPR,Cash Only,Information Technology,False,False,False,0.36666666666666664,60,73631216.475,False,False,Overlapping,True,Neutral,False,None,37.846428571428575,697.816,,0.10348840866912218,0.6193716990331716,False,False,No setup,0.0,None,None,0,No active J-Curve setup.,Neutral,0,Not applicable,No directional setup; confirmation score not applicable.,Standard CPR,Not applicable,Not applicable,Standard CPR; Wide CPR rules not applied
TRF,EQ,TRF LIMITED,319.95,329.0,312.65,315.7,18914,6049918.55,20251113,318.0,310.0,316.8,314.93333333333334,314.0,315.8666666666667,315.8666666666667,314.0,1.8666666666666742,0.5892255892255915,Moderate,Bullish,Inside CPR,Cash Only,Diversified,False,False,False,0.5,60,6050191.375,False,False,Higher,True,Neutral,False,Bullish Virgin,11.689285714285708,337.285,,0.15969039617069022,0.9999549063850893,False,False,No setup,0.0,None,None,0,No active J-Curve setup.,Neutral,0,Not applicable,No directional setup; confirmation score not applicable.,Standard CPR,Not applicable,Not applicable,Standard CPR; Wide CPR rules not applied
CREDITACC,EQ,CREDITACCESS GRAMEEN LTD,1369.9,1379.9,1350.1,1355.8,116166,158076629.4,20251113,1397.0,1362.9,1367.8,1375.8999999999999,1379.95,1371.8499999999997,1379.95,1371.8499999999997,8.100000000000364,0.5921918409124407,Moderate,Bearish,Below CPR,Cash Only,Financial Services,True,False,False,0.5333333333333333,60,318090529.8,True,True,Lower,True,Neutral,False,Bearish Virgin,68.72142857142858,1370.02,,0.11786716557530931,0.49695484332523504,False,False,No setup,0.0,None,None,0,No active J-Curve setup.,Neutral,0,Not applicable,No directional setup; confirmation score not applicable.,Standard CPR,Not applicable,Not applicable,Standard CPR; Wide CPR rules not applied
TIGERLOGS,EQ,TIGER LOGISTICS (INDIA) L,43.59,43.59,40.7,40.91,234517,9796949.89,20251113,43.88,42.4,42.76,43.01333333333333,43.14,42.886666666666656,43.14,42.886666666666656,0.2533333333333445,0.5924540068600199,Moderate,Bearish,Below CPR,Cash Only,Diversified,False,False,False,0.4594594594594595,38,7182385.93,False,False,Higher,True,Neutral,False,None,1.3621428571428582,,,0.18598147177067753,1.3640244321986748,False,False,No setup,0.0,None,None,0,No active J-Curve setup.,Neutral,0,Not applicable,No directional setup; confirmation score not applicable.,Standard CPR,Not applicable,Not applicable,Standard CPR; Wide CPR rules not applied
KFINTECH,EQ,KFIN TECHNOLOGIES LIMITED,1105.0,1109.9,1080.5,1083.1,441405,483071640.3,20251113,1126.4,1093.8,1100.3,1106.8333333333333,1110.1,1103.5666666666666,1110.1,1103.5666666666666,6.533333333333303,0.593777454633582,Moderate,Bearish,Below CPR,Cash Only,Financial Services,True,False,False,0.6166666666666667,60,862251271.65,False,False,Higher,True,Neutral,False,None,37.10000000000004,1097.312,,0.17610062893081663,0.5602446249520704,False,False,No setup,0.0,None,None,0,No active J-Curve setup.,Neutral,0,Not applicable,No directional setup; confirmation score not applicable.,Standard CPR,Not applicable,Not applicable,Standard CPR; Wide CPR rules not applied
DCBBANK,EQ,DCB BANK LIMITED,172.15,172.4,168.0,169.38,1639566,278376072.12,20251113,173.28,168.31,172.33,171.3066666666667,170.79500000000002,171.81833333333338,171.81833333333338,170.79500000000002,1.023333333333369,0.5938219307917187,Moderate,Bullish,Below CPR,Cash Only,Financial Services,False,False,False,0.8333333333333334,60,151072717.07999998,False,False,Higher,True,Neutral,False,None,6.6721428571428545,139.2912,,0.15337401420262467,1.8426627752553562,True,False,No setup,0.0,None,None,0,No active J-Curve setup.,Neutral,0,Not applicable,No directional setup; confirmation score not applicable.,Standard CPR,Not applicable,Not applicable,Standard CPR; Wide CPR rules not applied
ZODIACLOTH,EQ,ZODIAC CLOTHING CO. LTD.,97.21,99.28,93.75,94.76,17926,1723005.32,20251113,99.45,96.27,98.74,98.15333333333332,97.86,98.44666666666664,98.44666666666664,97.86,0.5866666666666447,0.5941529943960348,Moderate,Bullish,Below CPR,Cash Only,Diversified,False,False,False,0.65,60,611235.78,False,False,Outside,True,Neutral,False,None,2.8800000000000026,99.66380000000001,,0.2037037037036959,2.8188881874683447,False,False,No setup,0.0,None,None,0,No active J-Curve setup.,Neutral,0,Not applicable,No directional setup; confirmation score not applicable.,Standard CPR,Not applicable,Not applicable,Standard CPR; Wide CPR rules not applied
ASTRAZEN,EQ,ASTRAZENECA PHARMA IND LT,9330.0,9390.0,9142.5,9183.0,7514,69595458.5,20251113,9310.0,9088.5,9282.0,9226.833333333334,9199.25,9254.416666666668,9254.416666666668,9199.25,55.16666666666788,0.5943403002226663,Moderate,Bullish,Below CPR,Cash Only,Diversified,False,False,False,0.75,60,109701713.75,False,False,Higher,True,Neutral,False,Bullish Virgin,257.5,9168.37,,0.21423948220065195,0.6344063016062044,True,False,No setup,0.0,None,None,0,No active J-Curve setup.,Neutral,0,Not applicable,No directional setup; confirmation score not applicable.,Standard CPR,Not applicable,Not applicable,Standard CPR; Wide CPR rules not applied
AERONEU,EQ,AEROFLEX NEU LIMITED,80.37,83.7,74.11,77.21,49750,3923497.56,20251113,82.3,79.51,80.19,80.66666666666667,80.905,80.42833333333334,80.905,80.42833333333334,0.47666666666665947,0.5944215820758941,Moderate,Bearish,Below CPR,Cash Only,Diversified,False,False,False,0.3111111111111111,46,2611221.385,False,False,Lower,True,Neutral,False,None,4.995714285714286,,,0.09541511771994898,1.502552630174634,False,False,No setup,0.0,None,None,0,No active J-Curve setup.,Neutral,0,Not applicable,No directional setup; confirmation score not applicable.,Standard CPR,Not applicable,Not applicable,Standard CPR; Wide CPR rules not applied
KALAMANDIR,EQ,SAI SILKS (KALAMANDIR) L,177.1,179.9,171.5,173.8,1102825,193845759.92,20251113,178.2,172.92,177.14,176.08666666666667,175.56,176.61333333333334,176.61333333333334,175.56,1.0533333333333417,0.5946332467728022,Moderate,Bullish,Below CPR,Cash Only,Diversified,False,False,False,0.48333333333333334,60,174411362.81,False,False,Higher,True,Neutral,False,None,9.469999999999997,174.335,,0.11122844068989884,1.111428503263124,False,False,No setup,0.0,None,None,0,No active J-Curve setup.,Neutral,0,Not applicable,No directional setup; confirmation score not applicable.,Standard CPR,Not applicable,Not applicable,Standard CPR; Wide CPR rules not applied
MOL,EQ,MEGHMANI ORGANICS LIMITED,72.87,73.23,71.49,71.92,621736,44968307.95,20251113,74.55,72.49,72.87,73.30333333333333,73.52,73.08666666666666,73.52,73.08666666666666,0.4333333333333371,0.5946663007181792,Moderate,Bearish,Below CPR,Cash Only,Diversified,False,False,False,0.7166666666666667,60,37473475.129999995,False,False,Lower,True,Neutral,False,Bearish Virgin,2.4935714285714305,80.864,,0.17378019669626799,1.2000036771075948,False,False,No setup,0.0,None,None,0,No active J-Curve setup.,Neutral,0,Not applicable,No directional setup; confirmation score not applicable.,Standard CPR,Not applicable,Not applicable,Standard CPR; Wide CPR rules not applied
APTUS,EQ,APTUS VALUE HSG FIN I LTD,285.45,289.35,282.6,287.25,1107595,316268592.45,20251113,289.2,281.75,282.95,284.6333333333334,285.475,283.79166666666674,285.475,283.79166666666674,1.6833333333332803,0.5949225422630431,Moderate,Bearish,Above CPR,Cash Only,Financial Services,True,False,False,0.6166666666666667,60,375122546.725,False,False,Lower,True,Neutral,False,None,9.357142857142861,317.13699999999994,,0.1798982188295108,0.8431073930670835,False,False,No setup,0.0,None,None,0,No active J-Curve setup.,Neutral,0,Not applicable,No directional setup; confirmation score not applicable.,Standard CPR,Not applicable,Not applicable,Standard CPR; Wide CPR rules not applied
HCG,EQ,HEALTHCARE GLOB. ENT. LTD,740.0,760.0,726.6,751.45,371118,277257075.65,20251113,750.0,732.45,747.9,743.4499999999999,741.225,745.6749999999998,745.6749999999998,741.225,4.449999999999818,0.594999331461401,Moderate,Bullish,Above CPR,Cash Only,Diversified,False,False,False,0.7166666666666667,60,144633740.675,False,False,Overlapping,True,Neutral,False,None,33.478571428571406,698.9110000000001,,0.13292084489011627,1.9169598625884392,True,False,No setup,0.0,None,None,0,No active J-Curve setup.,Neutral,0,Not applicable,No directional setup; confirmation score not applicable.,Standard CPR,Not applicable,Not applicable,Standard CPR; Wide CPR rules not applied
GANECOS,EQ,GANESHA ECOSPHERE LIMITED,989.0,1005.8,960.0,966.6,65508,64379182.9,20251113,994.0,956.0,983.8,977.9333333333334,975.0,980.8666666666668,980.8666666666668,975.0,5.866666666666788,0.5963271667683256,Moderate,Bullish,Below CPR,Cash Only,Diversified,False,False,False,0.65,60,40471574.95,False,False,Overlapping,True,Neutral,False,None,43.47142857142857,1227.3319999999999,,0.13495454047541083,1.5907259102107167,False,False,No setup,0.0,None,None,0,No active J-Curve setup.,Neutral,0,Not applicable,No directional setup; confirmation score not applicable.,Standard CPR,Not applicable,Not applicable,Standard CPR; Wide CPR rules not applied
SIGNPOST,EQ,SIGNPOST INDIA LIMITED,237.8,237.8,228.77,230.0,31056,7209509.03,20251113,245.0,234.87,237.8,239.22333333333336,239.935,238.5116666666667,239.935,238.5116666666667,1.4233333333332894,0.5985421923184564,Moderate,Bearish,Below CPR,Cash Only,Diversified,False,False,False,0.5166666666666667,60,15458123.05,False,False,Lower,True,Neutral,False,Bearish Virgin,10.364285714285717,261.0946,,0.13733057661382525,0.4663896778852462,False,False,No setup,0.0,None,None,0,No active J-Curve setup.,Neutral,0,Not applicable,No directional setup; confirmation score not applicable.,Standard CPR,Not applicable,Not applicable,Standard CPR; Wide CPR rules not applied
MARKSANS,EQ,MARKSANS PHARMA LIMITED,197.4,201.3,186.75,188.35,2108330,409746540.54,20251113,198.07,192.23,196.92,195.73999999999998,195.14999999999998,196.32999999999998,196.32999999999998,195.14999999999998,1.1800000000000068,0.5992281129392681,Moderate,Bullish,Below CPR,Cash Only,Diversified,False,False,False,0.6666666666666666,60,180916249.075,False,False,Higher,True,Neutral,False,None,7.19785714285715,176.482,,0.16393767986504,2.2648410114347275,True,False,No setup,0.0,None,None,0,No active J-Curve setup.,Neutral,0,Not applicable,No directional setup; confirmation score not applicable.,Standard CPR,Not applicable,Not applicable,Standard CPR; Wide CPR rules not applied
MONARCH,EQ,MONARCH NETWORTH CAP LTD,306.8,323.95,306.55,318.8,263636,83771752.5,20251113,312.75,304.35,305.8,307.6333333333334,308.55,306.71666666666675,308.55,306.71666666666675,1.8333333333332575,0.5995203836930207,Moderate,Bearish,Above CPR,Cash Only,Diversified,False,False,False,0.8,60,41156453.4,False,False,Higher,True,Neutral,False,Bullish Virgin,6.499999999999996,318.68699999999995,,0.28205128205127056,2.035446341447876,True,False,No setup,0.0,None,None,0,No active J-Curve setup.,Neutral,0,Not applicable,No directional setup; confirmation score not applicable.,Standard CPR,Not applicable,Not applicable,Standard CPR; Wide CPR rules not applied
KAMATHOTEL,EQ,KAMAT HOTELS (I) LTD,242.0,244.5,235.95,238.4,102374,24537343.95,20251113,243.5,230.1,238.95,237.51666666666665,236.8,238.2333333333333,238.2333333333333,236.8,1.4333333333332803,0.5998465508823102,Moderate,Bullish,Above CPR,Cash Only,Hotels & Tourism,False,False,False,0.6,60,35101191.35,False,False,Higher,True,Neutral,False,Bullish Virgin,12.875,300.06399999999996,,0.11132686084141982,0.6990459014719453,False,False,No setup,0.0,None,None,0,No active J-Curve setup.,Neutral,0,Not applicable,No directional setup; confirmation score not applicable.,Standard CPR,Not applicable,Not applicable,Standard CPR; Wide CPR rules not applied
JARO,EQ,JARO INS OF TEC MG N RE L,626.15,632.75,617.4,619.3,85752,53355654.75,20251113,644.6,625.15,629.2,632.9833333333333,634.875,631.0916666666667,634.875,631.0916666666667,3.783333333333303,0.6012926467471874,Moderate,Bearish,Below CPR,Cash Only,Diversified,False,False,False,0.3793103448275862,30,87611413.375,False,False,Inside,True,Neutral,False,None,22.950000000000014,,,0.16485112563543794,0.6090034699203367,False,False,No setup,0.0,None,None,0,No active J-Curve setup.,Neutral,0,Not applicable,No directional setup; confirmation score not applicable.,Standard CPR,Not applicable,Not applicable,Standard CPR; Wide CPR rules not applied
PITTIENG,EQ,PITTI ENGINEERING LIMITED,902.9,906.5,893.7,899.4,29012,26100423.0,20251113,909.9,875.5,900.85,895.4166666666666,892.7,898.1333333333332,898.1333333333332,892.7,5.433333333333167,0.6031340770753363,Moderate,Bullish,Above CPR,Cash Only,Diversified,False,False,False,0.65,60,32962049.875,False,False,Higher,True,Neutral,False,Bullish Virgin,26.599999999999998,947.312,,0.20426065162906643,0.7918325194876855,False,False,No setup,0.0,None,None,0,No active J-Curve setup.,Neutral,0,Not applicable,No directional setup; confirmation score not applicable.,Standard CPR,Not applicable,Not applicable,Standard CPR; Wide CPR rules not applied
BOROSCI,EQ,BOROSIL SCIENTIFIC LTD,130.0,131.16,127.4,129.14,25182,3278141.3,20251113,132.0,128.8,129.23,130.01,130.4,129.61999999999998,130.4,129.61999999999998,0.7800000000000296,0.6035750212799115,Moderate,Bearish,Below CPR,Cash Only,Diversified,False,False,False,0.6666666666666666,60,6714641.175,False,False,Overlapping,True,Neutral,False,None,3.432142857142858,137.5938,,0.22726326742976924,0.48820796444122716,False,False,No setup,0.0,None,None,0,No active J-Curve setup.,Neutral,0,Not applicable,No directional setup; confirmation score not applicable.,Standard CPR,Not applicable,Not applicable,Standard CPR; Wide CPR rules not applied
RADIANTCMS,EQ,RADIANT CASH MGMT SER LTD,53.8,53.96,53.15,53.56,40898,2191991.97,20251113,54.67,53.4,53.55,53.873333333333335,54.035,53.71166666666667,54.035,53.71166666666667,0.3233333333333235,0.6037970743852914,Moderate,Bearish,Below CPR,Cash Only,Diversified,False,False,False,0.7166666666666667,60,6759934.21,False,False,Outside,True,Neutral,False,None,1.5249999999999997,54.97559999999999,,0.21202185792349085,0.32426232296127633,False,False,No setup,0.0,None,None,0,No active J-Curve setup.,Neutral,0,Not applicable,No directional setup; confirmation score not applicable.,Standard CPR,Not applicable,Not applicable,Standard CPR; Wide CPR rules not applied
WINDMACHIN,EQ,WINDSOR MACHINES LIMITED,290.9,297.25,290.0,293.15,36082,10588079.5,20251113,302.95,287.25,292.45,294.2166666666667,295.1,293.33333333333337,295.1,293.33333333333337,1.7666666666666515,0.6040918675557023,Moderate,Bearish,Below CPR,Cash Only,Power & Utilities,False,False,False,0.5,60,14575796.15,False,False,Lower,True,Neutral,False,None,13.435714285714287,296.47,,0.13149034201665666,0.7264151742407566,False,False,No setup,0.0,None,None,0,No active J-Curve setup.,Neutral,0,Not applicable,No directional setup; confirmation score not applicable.,Standard CPR,Not applicable,Not applicable,Standard CPR; Wide CPR rules not applied
POCL,EQ,PONDY OXIDES & CHEM LTD,1350.5,1409.0,1347.3,1397.1,389492,541696385.3,20251113,1392.4,1335.5,1351.7,1359.8666666666668,1363.95,1355.7833333333335,1363.95,1355.7833333333335,8.166666666666515,0.6041774555497903,Moderate,Bearish,Above CPR,Cash Only,Diversified,False,False,False,0.3333333333333333,60,462261175.7,False,False,Overlapping,True,Neutral,False,None,59.27857142857143,1295.796,,0.1377676025223897,1.171840539019336,True,False,No setup,0.0,None,None,0,No active J-Curve setup.,Neutral,0,Not applicable,No directional setup; confirmation score not applicable.,Standard CPR,Not applicable,Not applicable,Standard CPR; Wide CPR rules not applied
MEDICAMEQ,EQ,MEDICAMEN BIOTECH LIMITED,407.3,414.4,396.25,411.7,87685,35572790.7,20251113,411.0,397.0,407.7,405.23333333333335,404.0,406.4666666666667,406.4666666666667,404.0,2.466666666666697,0.6050200310686036,Moderate,Bullish,Above CPR,Cash Only,Healthcare & Pharma,False,False,False,0.6,60,7565958.75,False,False,Higher,True,Neutral,False,None,14.914285714285711,341.73400000000004,,0.16538952745849506,4.70168974949804,True,False,No setup,0.0,None,None,0,No active J-Curve setup.,Neutral,0,Not applicable,No directional setup; confirmation score not applicable.,Standard CPR,Not applicable,Not applicable,Standard CPR; Wide CPR rules not applied
BAJAJFINSV,EQ,BAJAJ FINSERV LTD.,2045.0,2072.4,2032.3,2056.2,1839900,3785554769.5,20251113,2039.0,1995.0,2035.5,2023.1666666666667,2017.0,2029.3333333333335,2029.3333333333335,2017.0,12.333333333333485,0.6059117333988447,Moderate,Bullish,Above CPR,Cash Only,Financial Services,True,False,False,0.9,60,1862229580.3,False,False,Overlapping,True,Neutral,False,Bullish Virgin,49.52857142857147,2059.9080000000004,,0.24901451783482645,2.0328077749093416,False,False,No setup,0.0,None,None,0,No active J-Curve setup.,Neutral,0,Not applicable,No directional setup; confirmation score not applicable.,Standard CPR,Not applicable,Not applicable,Standard CPR; Wide CPR rules not applied
CHEMBONDCH,EQ,CHEMBOND CHEMICAL LIMITED,149.9,154.29,144.51,146.15,20510,3026020.22,20251113,153.85,147.0,149.07,149.97333333333333,150.425,149.52166666666665,150.425,149.52166666666665,0.9033333333333644,0.6059792938440762,Moderate,Bearish,Below CPR,Cash Only,Chemicals & Fertilizers,False,False,False,0.4166666666666667,60,2994060.4749999996,False,False,Higher,True,Neutral,False,None,6.566428571428572,168.08719999999997,,0.1375684397548907,1.0106743819194235,False,False,No setup,0.0,None,None,0,No active J-Curve setup.,Neutral,0,Not applicable,No directional setup; confirmation score not applicable.,Standard CPR,Not applicable,Not applicable,Standard CPR; Wide CPR rules not applied
AUTOIND,EQ,AUTOLINE INDUSTRIES LTD,67.9,67.9,65.5,66.34,93217,6177091.6,20251113,69.16,66.26,67.1,67.50666666666667,67.71000000000001,67.30333333333334,67.71000000000001,67.30333333333334,0.4066666666666663,0.6060606060606055,Moderate,Bearish,Below CPR,Cash Only,Automobile & Ancillary,False,False,False,0.5166666666666667,60,4828281.15,False,False,Higher,True,Neutral,False,None,2.909999999999999,72.8518,,0.13974799541809843,1.2793562363285327,False,False,No setup,0.0,None,None,0,No active J-Curve setup.,Neutral,0,Not applicable,No directional setup; confirmation score not applicable.,Standard CPR,Not applicable,Not applicable,Standard CPR; Wide CPR rules not applied
UFLEX,EQ,UFLEX LIMITED,530.6,552.85,530.6,532.9,40124,21620408.95,20251113,541.75,529.1,530.6,533.8166666666666,535.425,532.2083333333333,535.425,532.2083333333333,3.216666666666697,0.6062319386857702,Moderate,Bearish,Inside CPR,Cash Only,Diversified,False,False,False,0.8166666666666667,60,9716396.225000001,False,False,Outside,True,Neutral,False,None,9.346428571428573,547.455,,0.3441599796204337,2.225146901108389,False,False,No setup,0.0,None,None,0,No active J-Curve setup.,Neutral,0,Not applicable,No directional setup; confirmation score not applicable.,Standard CPR,Not applicable,Not applicable,Standard CPR; Wide CPR rules not applied
GRAVITA,EQ,GRAVITA INDIA LIMITED,1739.0,1759.0,1710.0,1718.5,139120,240799034.9,20251113,1775.0,1730.4,1736.9,1747.4333333333334,1752.7,1742.1666666666667,1752.7,1742.1666666666667,10.533333333333303,0.6064444316502563,Moderate,Bearish,Below CPR,Cash Only,Metals & Mining,True,False,False,0.6333333333333333,60,405224660.29999995,False,False,Higher,True,Neutral,False,None,67.59285714285718,1647.11,,0.155835006516608,0.5942358856485419,True,False,No setup,0.0,None,None,0,No active J-Curve setup.,Neutral,0,Not applicable,No directional setup; confirmation score not applicable.,Standard CPR,Not applicable,Not applicable,Standard CPR; Wide CPR rules not applied
INDOFARM,EQ,INDO FARM EQUIPMENT LTD,223.0,227.84,221.0,221.85,289213,64806033.3,20251113,239.0,230.1,232.43,233.84333333333333,234.55,233.13666666666666,234.55,233.13666666666666,1.4133333333333553,0.6080683790101774,Moderate,Bearish,Below CPR,Cash Only,Diversified,False,False,False,0.35,60,121706130.635,True,False,Lower,True,Neutral,False,Bearish Virgin,9.205714285714288,242.2408,,0.1535278295054855,0.5324796126692669,False,False,No setup,0.0,None,None,0,No active J-Curve setup.,Neutral,0,Not applicable,No directional setup; confirmation score not applicable.,Standard CPR,Not applicable,Not applicable,Standard CPR; Wide CPR rules not applied
UTTAMSUGAR,EQ,UTTAM SUGAR MILLS LTD.,240.01,241.67,237.0,237.68,15404,3689897.85,20251113,244.38,238.85,239.43,240.88666666666668,241.615,240.15833333333336,241.615,240.15833333333336,1.4566666666666492,0.6083893691962783,Moderate,Bearish,Below CPR,Cash Only,FMCG & Food Products,False,False,False,0.6833333333333333,60,9229373.885,False,False,Outside,True,Neutral,False,None,6.64071428571429,255.2654,,0.21935391344878,0.3997993684053683,False,False,No setup,0.0,None,None,0,No active J-Curve setup.,Neutral,0,Not applicable,No directional setup; confirmation score not applicable.,Standard CPR,Not applicable,Not applicable,Standard CPR; Wide CPR rules not applied
ACI,EQ,ARCHEAN CHEMICAL IND LTD,631.1,639.45,626.0,631.4,60840,38541454.95,20251113,637.55,619.75,634.45,630.5833333333334,628.65,632.5166666666668,632.5166666666668,628.65,3.866666666666788,0.6094517561142387,Moderate,Bullish,Inside CPR,Cash Only,Diversified,False,False,False,0.8,60,93765528.7,False,False,Overlapping,True,Neutral,False,None,18.367857142857133,668.6339999999999,,0.21051267094433235,0.41104076822637275,False,False,No setup,0.0,None,None,0,No active J-Curve setup.,Neutral,0,Not applicable,No directional setup; confirmation score not applicable.,Standard CPR,Not applicable,Not applicable,Standard CPR; Wide CPR rules not applied
YATRA,EQ,YATRA ONLINE LIMITED,184.72,195.93,184.0,191.34,11941274,2274738914.36,20251113,196.3,170.0,184.84,183.71333333333334,183.15,184.27666666666667,184.27666666666667,183.15,1.1266666666666652,0.6095361754310026,Moderate,Bullish,Above CPR,Cash Only,Diversified,False,False,False,0.5,60,339126070.055,False,False,Higher,True,Neutral,False,Bullish Virgin,9.828571428571427,155.6868,,0.1146317829457363,6.707649795225355,True,False,No setup,0.0,None,None,0,No active J-Curve setup.,Neutral,0,Not applicable,No directional setup; confirmation score not applicable.,Standard CPR,Not applicable,Not applicable,Standard CPR; Wide CPR rules not applied
SHRIRAMFIN,EQ,SHRIRAM FINANCE LIMITED,826.0,826.35,809.75,814.0,6048569,4929074051.5,20251113,838.65,821.4,822.5,827.5166666666668,830.025,825.0083333333336,830.025,825.0083333333336,5.016666666666424,0.6099290780141549,Moderate,Bearish,Below CPR,Cash Only,Financial Services,True,False,False,0.8166666666666667,60,3410795983.3500004,False,False,Overlapping,True,Neutral,False,None,23.73571428571429,676.6520000000002,,0.21135520112347253,1.4451389281450906,True,False,No setup,0.0,None,None,0,No active J-Curve setup.,Neutral,0,Not applicable,No directional setup; confirmation score not applicable.,Standard CPR,Not applicable,Not applicable,Standard CPR; Wide CPR rules not applied
DONEAR,EQ,DONEAR IND. LIMITED,99.69,100.5,98.8,100.17,39439,3919095.17,20251113,100.5,98.25,98.47,99.07333333333334,99.375,98.77166666666668,99.375,98.77166666666668,0.6033333333333246,0.612707762093353,Moderate,Bearish,Above CPR,Cash Only,Diversified,False,False,False,0.7833333333333333,60,2646834.74,False,False,Overlapping,True,Neutral,False,None,3.3892857142857125,96.25119999999998,,0.17801194239550155,1.4806724087352727,True,False,No setup,0.0,None,None,0,No active J-Curve setup.,Neutral,0,Not applicable,No directional setup; confirmation score not applicable.,Standard CPR,Not applicable,Not applicable,Standard CPR; Wide CPR rules not applied
NDL,EQ,NANDAN DENIM LIMITED,3.3,3.34,3.19,3.22,2330411,7532819.54,20251113,3.33,3.25,3.26,3.28,3.29,3.2699999999999996,3.29,3.2699999999999996,0.020000000000000462,0.6134969325153516,Moderate,Bearish,Below CPR,Cash Only,Diversified,False,False,False,0.8333333333333334,60,5652601.890000001,False,False,Higher,True,Neutral,False,None,0.08500000000000003,3.3546000000000005,,0.23529411764706418,1.3326287056101167,False,False,No setup,0.0,None,None,0,No active J-Curve setup.,Neutral,0,Not applicable,No directional setup; confirmation score not applicable.,Standard CPR,Not applicable,Not applicable,Standard CPR; Wide CPR rules not applied
KIRLOSBROS,EQ,KIRLOSKAR BROTHERS LTD,1767.0,1777.0,1720.0,1734.1,61457,107078539.4,20251113,1807.0,1681.0,1760.2,1749.3999999999999,1744.0,1754.7999999999997,1754.7999999999997,1744.0,10.799999999999727,0.6135666401545125,Moderate,Bullish,Below CPR,Cash Only,Diversified,False,False,False,0.6666666666666666,60,98288772.75,False,False,Higher,True,Neutral,False,Bullish Virgin,66.88571428571427,1942.036,,0.1614694574967922,1.089427982505764,False,False,No setup,0.0,None,None,0,No active J-Curve setup.,Neutral,0,Not applicable,No directional setup; confirmation score not applicable.,Standard CPR,Not applicable,Not applicable,Standard CPR; Wide CPR rules not applied
21STCENMGM,EQ,21ST CENTURY MGMT SERVICE,44.16,45.0,44.16,44.16,6825,301429.85,20251113,45.9,45.07,45.07,45.346666666666664,45.485,45.20833333333333,45.485,45.20833333333333,0.27666666666667084,0.6138599216034409,Moderate,Bearish,Below CPR,Cash Only,Diversified,False,False,False,0.5,60,290515.79500000004,False,False,Lower,True,Neutral,False,Bearish Virgin,1.3685714285714294,49.66,,0.20215727209464454,1.0375678540989481,False,False,No setup,0.0,None,None,0,No active J-Curve setup.,Neutral,0,Not applicable,No directional setup; confirmation score not applicable.,Standard CPR,Not applicable,Not applicable,Standard CPR; Wide CPR rules not applied
BHARATRAS,EQ,BHARAT RASAYAN LTD,10050.0,10195.0,10043.0,10123.0,4532,45888044.0,20251113,10291.0,9980.0,10043.0,10104.666666666666,10135.5,10073.833333333332,10135.5,10073.833333333332,61.66666666666788,0.6140263533472854,Moderate,Bearish,Inside CPR,Cash Only,Diversified,False,False,False,0.7333333333333333,60,24899166.5,False,False,Lower,True,Neutral,False,Bearish Virgin,393.7857142857143,10238.92,,0.15659955257271002,1.842955024217377,False,False,No setup,0.0,None,None,0,No active J-Curve setup.,Neutral,0,Not applicable,No directional setup; confirmation score not applicable.,Standard CPR,Not applicable,Not applicable,Standard CPR; Wide CPR rules not applied
EIDPARRY,EQ,EID PARRY INDIA LTD,1045.2,1073.0,1036.7,1044.9,139438,146509134.8,20251113,1081.0,1033.1,1047.4,1053.8333333333333,1057.05,1050.6166666666666,1057.05,1050.6166666666666,6.433333333333394,0.6142193367704214,Moderate,Bearish,Below CPR,Cash Only,Fast Moving Consumer Goods,True,False,False,0.8166666666666667,60,154839844.75,False,False,Higher,True,Neutral,False,Bullish Virgin,33.05000000000002,1057.94,,0.19465456379223572,0.9461978926454588,False,False,No setup,0.0,None,None,0,No active J-Curve setup.,Neutral,0,Not applicable,No directional setup; confirmation score not applicable.,Standard CPR,Not applicable,Not applicable,Standard CPR; Wide CPR rules not applied
PATINTLOG,EQ,PATEL INT. LOG. LTD,14.36,14.36,13.83,14.03,94240,1320121.81,20251113,14.4,14.08,14.11,14.196666666666667,14.24,14.153333333333334,14.24,14.153333333333334,0.086666666666666,0.6142215922513538,Moderate,Bearish,Below CPR,Cash Only,Diversified,False,False,False,0.7,60,1292412.7000000002,False,False,Higher,True,Neutral,False,None,0.3900000000000003,14.398,,0.22222222222222035,1.0214398311003907,False,False,No setup,0.0,None,None,0,No active J-Curve setup.,Neutral,0,Not applicable,No directional setup; confirmation score not applicable.,Standard CPR,Not applicable,Not applicable,Standard CPR; Wide CPR rules not applied
SUBROS,EQ,SUBROS LIMITED,915.0,915.0,896.0,901.8,121526,109613552.9,20251113,931.8,896.7,905.9,911.4666666666667,914.25,908.6833333333334,914.25,908.6833333333334,5.566666666666606,0.6144901939139646,Moderate,Bearish,Below CPR,Cash Only,Diversified,False,False,False,0.5333333333333333,60,185319920.4,False,False,Overlapping,True,Neutral,False,None,45.250000000000014,1035.753,,0.12302025782688628,0.5914828403951764,False,False,No setup,0.0,None,None,0,No active J-Curve setup.,Neutral,0,Not applicable,No directional setup; confirmation score not applicable.,Standard CPR,Not applicable,Not applicable,Standard CPR; Wide CPR rules not applied
SVLL,EQ,SHREE VASU LOGISTICS LTD,769.95,781.95,755.15,761.9,1127,865011.15,20251113,791.0,767.55,786.55,781.6999999999999,779.275,784.1249999999999,784.1249999999999,779.275,4.849999999999909,0.6166168711461331,Moderate,Bullish,Below CPR,Cash Only,Diversified,False,False,False,0.375,17,614469.2,True,True,Overlapping,False,Neutral,False,None,37.29642857142859,,,0.13003926074882446,1.407737198219211,False,False,No setup,0.0,None,None,0,No active J-Curve setup.,Neutral,0,Not applicable,No directional setup; confirmation score not applicable.,Standard CPR,Not applicable,Not applicable,Standard CPR; Wide CPR rules not applied
JAIBALAJI,EQ,JAI BALAJI INDUSTRIES LTD,88.21,90.25,86.87,87.15,741125,65556548.67,20251113,89.7,86.94,87.51,88.05,88.32,87.78,88.32,87.78,0.539999999999992,0.6170723345903234,Moderate,Bearish,Below CPR,Cash Only,Diversified,False,False,False,0.65,60,76037159.93,False,False,Overlapping,True,Neutral,False,None,2.9500000000000006,96.8188,,0.18305084745762437,0.8621646143852758,False,False,No setup,0.0,None,None,0,No active J-Curve setup.,Neutral,0,Not applicable,No directional setup; confirmation score not applicable.,Standard CPR,Not applicable,Not applicable,Standard CPR; Wide CPR rules not applied
SHRENIK,EQ,SHRENIK LIMITED,0.54,0.55,0.53,0.54,704786,381903.57,20251113,0.55,0.54,0.54,0.5433333333333333,0.545,0.5416666666666666,0.545,0.5416666666666666,0.0033333333333334103,0.6172839506172981,Moderate,Bearish,Below CPR,Cash Only,Diversified,False,False,False,0.4166666666666667,60,436940.83999999997,False,False,Lower,True,Neutral,False,Bearish Virgin,0.019285714285714288,0.5382000000000001,,0.17283950617284347,0.8740395381672266,True,False,No setup,0.0,None,None,0,No active J-Curve setup.,Neutral,0,Not applicable,No directional setup; confirmation score not applicable.,Standard CPR,Not applicable,Not applicable,Standard CPR; Wide CPR rules not applied
DHARMAJ,EQ,DHARMAJ CROP GUARD LTD,254.05,257.5,246.05,251.25,54237,13632318.25,20251113,257.8,244.5,253.5,251.9333333333333,251.15,252.7166666666666,252.7166666666666,251.15,1.566666666666606,0.6180144641682864,Moderate,Bullish,Inside CPR,Cash Only,Diversified,False,False,False,0.5111111111111111,46,12675546.125,True,False,Higher,True,Neutral,False,None,12.499999999999991,,,0.12533333333332858,1.075481728011147,False,False,No setup,0.0,None,None,0,No active J-Curve setup.,Neutral,0,Not applicable,No directional setup; confirmation score not applicable.,Standard CPR,Not applicable,Not applicable,Standard CPR; Wide CPR rules not applied
MITCON,EQ,MITCON CON & ENG SER LTD,68.22,69.98,66.4,68.02,8546,582841.62,20251113,70.0,67.71,68.22,68.64333333333333,68.85499999999999,68.43166666666667,68.85499999999999,68.43166666666667,0.4233333333333178,0.6205413857128669,Moderate,Bearish,Below CPR,Cash Only,Diversified,False,False,False,0.4,60,913753.335,False,False,Lower,True,Neutral,False,None,3.673571428571429,68.5936,,0.11523753969796711,0.6378544380360592,False,False,No setup,0.0,None,None,0,No active J-Curve setup.,Neutral,0,Not applicable,No directional setup; confirmation score not applicable.,Standard CPR,Not applicable,Not applicable,Standard CPR; Wide CPR rules not applied
LTF,EQ,L&T FINANCE LIMITED,295.1,295.5,291.3,292.2,3630010,1063143634.05,20251113,301.4,293.9,294.9,296.7333333333333,297.65,295.8166666666666,297.65,295.8166666666666,1.8333333333333712,0.6216796654233202,Moderate,Bearish,Below CPR,Cash Only,Financial Services,True,False,False,0.8166666666666667,60,1553185766.615,False,False,Overlapping,True,Neutral,False,Bearish Virgin,8.338571428571425,257.768,,0.21986180115356524,0.6844922590084033,True,False,No setup,0.0,None,None,0,No active J-Curve setup.,Neutral,0,Not applicable,No directional setup; confirmation score not applicable.,Standard CPR,Not applicable,Not applicable,Standard CPR; Wide CPR rules not applied
RPEL,EQ,RAGHAV PRODUCTIVITY ENH L,1000.0,1012.0,958.55,963.6,63900,62570704.2,20251113,1018.7,965.0,1001.2,994.9666666666667,991.85,998.0833333333334,998.0833333333334,991.85,6.2333333333333485,0.6225862298575058,Moderate,Bullish,Below CPR,Cash Only,Diversified,False,False,False,0.6333333333333333,60,16183801.25,True,False,Higher,True,Neutral,False,None,57.575000000000024,728.155,,0.10826458242871638,3.866255104930926,True,False,No setup,0.0,None,None,0,No active J-Curve setup.,Neutral,0,Not applicable,No directional setup; confirmation score not applicable.,Standard CPR,Not applicable,Not applicable,Standard CPR; Wide CPR rules not applied
APOLLOTYRE,EQ,APOLLO TYRES LTD,533.45,539.25,532.35,536.9,769551,412980301.05,20251113,533.85,520.9,532.35,529.0333333333333,527.375,530.6916666666666,530.6916666666666,527.375,3.316666666666606,0.6230236999467654,Moderate,Bullish,Above CPR,Cash Only,Automobile and Auto Components,True,False,False,0.7666666666666667,60,400251016.75,False,False,Higher,True,Neutral,False,Bullish Virgin,14.48928571428572,492.755,,0.22890477364226014,1.0318032528770584,True,False,No setup,0.0,None,None,0,No active J-Curve setup.,Neutral,0,Not applicable,No directional setup; confirmation score not applicable.,Standard CPR,Not applicable,Not applicable,Standard CPR; Wide CPR rules not applied
SHALPAINTS,EQ,SHALIM PAINTS LTD,77.99,77.99,72.94,73.24,240641,17817582.81,20251113,78.93,73.71,77.04,76.56,76.32,76.80000000000001,76.80000000000001,76.32,0.4800000000000182,0.6230529595015812,Moderate,Bullish,Below CPR,Cash Only,Diversified,False,False,False,0.55,60,6462063.07,False,False,Higher,True,Neutral,False,None,2.6985714285714315,78.27420000000001,,0.17787188988883662,2.7572591936958606,False,False,No setup,0.0,None,None,0,No active J-Curve setup.,Neutral,0,Not applicable,No directional setup; confirmation score not applicable.,Standard CPR,Not applicable,Not applicable,Standard CPR; Wide CPR rules not applied
PEARLPOLY,EQ,PEARL POLYMERS LTD,26.12,28.9,26.12,26.65,14504,389200.96,20251113,27.5,26.3,26.65,26.816666666666663,26.9,26.733333333333327,26.9,26.733333333333327,0.1666666666666714,0.6253908692933261,Moderate,Bearish,Below CPR,Cash Only,Diversified,False,False,False,0.5666666666666667,60,695093.1599999999,False,False,Higher,True,Neutral,False,None,1.2349999999999999,29.584199999999996,,0.13495276653171775,0.5599263269976646,False,False,No setup,0.0,None,None,0,No active J-Curve setup.,Neutral,0,Not applicable,No directional setup; confirmation score not applicable.,Standard CPR,Not applicable,Not applicable,Standard CPR; Wide CPR rules not applied
AMJLAND,EQ,AMJ LAND HOLDINGS LIMITED,55.17,55.17,53.64,53.67,8926,481159.02,20251113,55.35,53.32,53.83,54.166666666666664,54.335,53.99833333333333,54.335,53.99833333333333,0.3366666666666731,0.6254257229549938,Moderate,Bearish,Below CPR,Cash Only,Diversified,False,False,False,0.65,60,1390177.2349999999,False,False,Lower,True,Neutral,False,None,2.3807142857142867,55.0216,,0.14141414141414407,0.3461134363921591,False,False,No setup,0.0,None,None,0,No active J-Curve setup.,Neutral,0,Not applicable,No directional setup; confirmation score not applicable.,Standard CPR,Not applicable,Not applicable,Standard CPR; Wide CPR rules not applied
FEDERALBNK,EQ,FEDERAL BANK LTD,238.53,238.66,235.01,235.79,3764303,890276329.39,20251113,239.91,233.48,238.94,237.4433333333333,236.695,238.1916666666666,238.1916666666666,236.695,1.4966666666666129,0.6263776122317791,Moderate,Bullish,Below CPR,Cash Only,Financial Services,True,False,False,0.8833333333333333,60,1242221660.005,False,False,Overlapping,True,Neutral,False,None,4.217142857142854,210.5828,,0.3549006323396442,0.7166807326370532,True,False,No setup,0.0,None,None,0,No active J-Curve setup.,Neutral,0,Not applicable,No directional setup; confirmation score not applicable.,Standard CPR,Not applicable,Not applicable,Standard CPR; Wide CPR rules not applied
VETO,EQ,VETO SWITCHGEAR CABLE LTD,116.99,117.04,114.67,114.96,22581,2610301.1,20251113,117.83,114.56,115.11,115.83333333333333,116.195,115.47166666666666,116.195,115.47166666666666,0.7233333333333292,0.6283844438652847,Moderate,Bearish,Below CPR,Cash Only,Diversified,False,False,False,0.7333333333333333,60,3072309.2800000003,False,False,Lower,True,Neutral,False,None,3.970714285714286,117.0482,,0.18216705642501543,0.8496218518729338,False,False,No setup,0.0,None,None,0,No active J-Curve setup.,Neutral,0,Not applicable,No directional setup; confirmation score not applicable.,Standard CPR,Not applicable,Not applicable,Standard CPR; Wide CPR rules not applied
RPPINFRA,EQ,R.P.P INFRA PROJECTS LTD,117.11,121.64,116.5,119.22,98769,11777342.56,20251113,118.11,113.9,117.11,116.37333333333333,116.005,116.74166666666667,116.74166666666667,116.005,0.7366666666666788,0.6290382261691392,Moderate,Bullish,Above CPR,Cash Only,Real Estate & Infra,False,False,False,0.5333333333333333,60,11544607.43,False,False,Higher,True,Neutral,False,Bullish Virgin,3.9828571428571413,129.38219999999998,,0.18495934959349905,1.0201596400233768,False,False,No setup,0.0,None,None,0,No active J-Curve setup.,Neutral,0,Not applicable,No directional setup; confirmation score not applicable.,Standard CPR,Not applicable,Not applicable,Standard CPR; Wide CPR rules not applied
FORTIS,EQ,FORTIS HEALTHCARE LTD,971.0,977.9,948.4,953.0,3239284,3111603064.3,20251113,1007.5,949.6,969.4,975.5,978.55,972.45,978.55,972.45,6.099999999999909,0.6292552094078718,Moderate,Bearish,Below CPR,Cash Only,Healthcare,True,False,False,0.8,60,1715922737.35,False,False,Lower,True,Neutral,False,Bearish Virgin,26.164285714285743,1006.153,,0.2331422331422294,1.8133701457359503,False,False,No setup,0.0,None,None,0,No active J-Curve setup.,Neutral,0,Not applicable,No directional setup; confirmation score not applicable.,Standard CPR,Not applicable,Not applicable,Standard CPR; Wide CPR rules not applied
CSBBANK,EQ,CSB BANK LIMITED,426.6,432.0,421.1,426.4,169487,72149581.15,20251113,436.95,423.1,426.0,428.68333333333334,430.025,427.3416666666667,430.025,427.3416666666667,2.6833333333332803,0.6298904538341034,Moderate,Bearish,Below CPR,Cash Only,Financial Services,False,False,False,0.5333333333333333,60,165632413.55,False,False,Lower,True,Neutral,False,Bearish Virgin,14.078571428571422,387.694,,0.190596989683744,0.43560061466000416,True,False,No setup,0.0,None,None,0,No active J-Curve setup.,Neutral,0,Not applicable,No directional setup; confirmation score not applicable.,Standard CPR,Not applicable,Not applicable,Standard CPR; Wide CPR rules not applied
NEWGEN,EQ,NEWGEN SOFTWARE TECH LTD,991.95,995.5,961.0,964.35,325150,317099544.7,20251113,991.05,957.65,983.65,977.4499999999999,974.3499999999999,980.55,980.55,974.3499999999999,6.2000000000000455,0.6303054948406492,Moderate,Bullish,Below CPR,Cash Only,Information Technology,True,False,False,0.8,60,260115106.225,False,False,Higher,True,Neutral,False,Bullish Virgin,40.328571428571415,906.9739999999999,,0.15373715905065652,1.219073929622943,True,False,No setup,0.0,None,None,0,No active J-Curve setup.,Neutral,0,Not applicable,No directional setup; confirmation score not applicable.,Standard CPR,Not applicable,Not applicable,Standard CPR; Wide CPR rules not applied
BIKAJI,EQ,BIKAJI FOODS INTERN LTD,725.0,725.0,707.0,707.5,408112,289837594.6,20251113,735.9,710.15,716.25,720.7666666666668,723.025,718.5083333333336,723.025,718.5083333333336,4.516666666666424,0.6305991855729738,Moderate,Bearish,Below CPR,Cash Only,Fast Moving Consumer Goods,True,False,False,0.8333333333333334,60,138268657.8,False,False,Overlapping,True,Neutral,False,None,13.921428571428594,747.643,,0.32443988370102533,2.0961915680069616,False,False,No setup,0.0,None,None,0,No active J-Curve setup.,Neutral,0,Not applicable,No directional setup; confirmation score not applicable.,Standard CPR,Not applicable,Not applicable,Standard CPR; Wide CPR rules not applied
NITIRAJ,EQ,NITIRAJ ENGINEERS LTD,186.0,186.01,179.0,181.15,2351,429642.14,20251113,190.99,183.2,185.34,186.51,187.095,185.92499999999998,187.095,185.92499999999998,1.170000000000016,0.6312722563936635,Moderate,Bearish,Below CPR,Cash Only,Diversified,False,False,False,0.5333333333333333,60,465512.795,False,False,Lower,True,Neutral,False,Bearish Virgin,6.825714285714284,198.9316,,0.17141063206362733,0.9229437828878582,False,False,No setup,0.0,None,None,0,No active J-Curve setup.,Neutral,0,Not applicable,No directional setup; confirmation score not applicable.,Standard CPR,Not applicable,Not applicable,Standard CPR; Wide CPR rules not applied
JISLDVREQS,EQ,JAIN DVR EQUITY SHARES,30.6,30.94,28.37,30.71,16991,509136.01,20251113,30.95,29.8,30.09,30.28,30.375,30.185000000000002,30.375,30.185000000000002,0.18999999999999773,0.6314390162844723,Moderate,Bearish,Above CPR,Cash Only,Diversified,False,False,False,0.4166666666666667,60,859589.225,False,False,Outside,True,Neutral,False,None,1.385714285714286,32.267599999999995,,0.13711340206185402,0.5923015263482392,False,False,No setup,0.0,None,None,0,No active J-Curve setup.,Neutral,0,Not applicable,No directional setup; confirmation score not applicable.,Standard CPR,Not applicable,Not applicable,Standard CPR; Wide CPR rules not applied
UCOBANK,EQ,UCO BANK,31.15,31.35,30.72,30.8,9670775,299777875.87,20251113,31.84,31.01,31.13,31.326666666666668,31.425,31.228333333333335,31.425,31.228333333333335,0.19666666666666544,0.6317592890031014,Moderate,Bearish,Below CPR,Cash Only,Financial Services,True,False,False,0.75,60,259462138.215,False,False,Lower,True,Neutral,False,Bearish Virgin,0.9807142857142855,30.878600000000002,,0.20053411022092618,1.1553819679910018,False,False,No setup,0.0,None,None,0,No active J-Curve setup.,Neutral,0,Not applicable,No directional setup; confirmation score not applicable.,Standard CPR,Not applicable,Not applicable,Standard CPR; Wide CPR rules not applied
VINDHYATEL,EQ,VINDHYA TELELINKS LTD,1409.9,1614.0,1401.0,1572.4,616292,947227920.8,20251113,1375.0,1340.0,1370.5,1361.8333333333333,1357.5,1366.1666666666665,1366.1666666666665,1357.5,8.666666666666515,0.632372613401424,Moderate,Bullish,Above CPR,Cash Only,Diversified,False,False,False,0.8166666666666667,60,9781533.85,False,False,Higher,True,Neutral,False,Bullish Virgin,49.7928571428572,1431.29,,0.17405441591354334,96.83838294952075,True,False,No setup,0.0,None,None,0,No active J-Curve setup.,Neutral,0,Not applicable,No directional setup; confirmation score not applicable.,Standard CPR,Not applicable,Not applicable,Standard CPR; Wide CPR rules not applied
TREEHOUSE,EQ,TREE HOUSE EDU LTD,7.37,7.54,6.82,7.18,46858,341836.8,20251113,7.99,6.89,7.37,7.416666666666667,7.4399999999999995,7.393333333333334,7.4399999999999995,7.393333333333334,0.04666666666666508,0.6331976481229997,Moderate,Bearish,Below CPR,Cash Only,Diversified,False,False,False,0.43333333333333335,60,198678.175,False,False,Lower,True,Neutral,False,Bearish Virgin,0.5599999999999999,7.6914,,0.08333333333333051,1.7205553654798773,False,False,No setup,0.0,None,None,0,No active J-Curve setup.,Neutral,0,Not applicable,No directional setup; confirmation score not applicable.,Standard CPR,Not applicable,Not applicable,Standard CPR; Wide CPR rules not applied
NYKAA,EQ,FSN E COMMERCE VENTURES,257.99,261.2,254.06,256.95,7830669,2020706263.68,20251113,262.7,255.8,256.81,258.43666666666667,259.25,257.62333333333333,259.25,257.62333333333333,1.6266666666666652,0.6334125098970699,Moderate,Bearish,Below CPR,Cash Only,Consumer Services,True,False,False,0.7666666666666667,60,1129813346.775,False,False,Lower,True,Neutral,False,None,7.414285714285713,248.6716,,0.21939627488760421,1.788531060858869,True,False,No setup,0.0,None,None,0,No active J-Curve setup.,Neutral,0,Not applicable,No directional setup; confirmation score not applicable.,Standard CPR,Not applicable,Not applicable,Standard CPR; Wide CPR rules not applied
BANCOINDIA,EQ,BANCO PRODUCTS (I) LTD,797.1,808.85,770.0,783.35,611252,483118799.0,20251113,818.0,791.35,797.1,802.15,804.675,799.625,804.675,799.625,5.0499999999999545,0.6335466064483697,Moderate,Bearish,Below CPR,Cash Only,Diversified,False,False,False,0.5166666666666667,60,316638227.975,False,False,Lower,True,Neutral,False,Bearish Virgin,38.778571428571425,750.3989999999999,,0.13022656106096772,1.5257753370137743,True,False,No setup,0.0,None,None,0,No active J-Curve setup.,Neutral,0,Not applicable,No directional setup; confirmation score not applicable.,Standard CPR,Not applicable,Not applicable,Standard CPR; Wide CPR rules not applied
SUDARSCHEM,EQ,SUDARSHAN CHEMICAL INDS L,1036.0,1116.4,1015.6,1069.5,453502,489266450.6,20251113,1066.3,1015.5,1031.1,1037.6333333333334,1040.9,1034.3666666666668,1040.9,1034.3666666666668,6.533333333333303,0.6336275175379017,Moderate,Bearish,Above CPR,Cash Only,Chemicals & Fertilizers,False,False,False,0.65,60,110588118.19999999,False,False,Lower,True,Neutral,False,None,46.72857142857147,1298.5040000000001,,0.13981453174360464,4.424222588860365,False,False,No setup,0.0,None,None,0,No active J-Curve setup.,Neutral,0,Not applicable,No directional setup; confirmation score not applicable.,Standard CPR,Not applicable,Not applicable,Standard CPR; Wide CPR rules not applied
KARURVYSYA,EQ,KARUR VYSYA BANK LTD,251.9,254.04,248.6,251.84,2420281,609476554.19,20251113,250.5,244.78,250.02,248.4333333333333,247.64,249.22666666666663,249.22666666666663,247.64,1.5866666666666447,0.6346158973948662,Moderate,Bullish,Above CPR,Cash Only,Financial Services,True,False,False,0.8166666666666667,60,329885436.65,False,False,Higher,True,Neutral,False,Bullish Virgin,6.240714285714282,225.49,,0.2542444012055973,1.847540044141564,True,False,No setup,0.0,None,None,0,No active J-Curve setup.,Neutral,0,Not applicable,No directional setup; confirmation score not applicable.,Standard CPR,Not applicable,Not applicable,Standard CPR; Wide CPR rules not applied
MASTEK,EQ,MASTEK LTD,2283.9,2294.4,2240.0,2245.5,107167,242581203.5,20251113,2265.0,2202.8,2255.4,2241.066666666667,2233.9,2248.233333333334,2248.233333333334,2233.9,14.33333333333394,0.6355118086961931,Moderate,Bullish,Inside CPR,Cash Only,Information Technology,False,False,False,0.5833333333333334,60,166535899.85000002,False,False,Higher,True,Neutral,False,Bullish Virgin,58.035714285714256,2257.194,,0.24697435897436953,1.4566300942829413,False,False,No setup,0.0,None,None,0,No active J-Curve setup.,Neutral,0,Not applicable,No directional setup; confirmation score not applicable.,Standard CPR,Not applicable,Not applicable,Standard CPR; Wide CPR rules not applied
ATUL,EQ,ATUL LTD,5880.0,5940.0,5840.5,5886.0,16104,94785312.5,20251113,5870.0,5742.0,5862.0,5824.666666666667,5806.0,5843.333333333334,5843.333333333334,5806.0,37.33333333333394,0.6368702376890812,Moderate,Bullish,Above CPR,Cash Only,Chemicals,True,False,False,0.8333333333333334,60,115046706.75,False,False,Higher,True,Neutral,False,Bullish Virgin,104.71428571428571,6084.19,,0.35652569349704993,0.823885491185518,False,False,No setup,0.0,None,None,0,No active J-Curve setup.,Neutral,0,Not applicable,No directional setup; confirmation score not applicable.,Standard CPR,Not applicable,Not applicable,Standard CPR; Wide CPR rules not applied
3IINFOLTD,EQ,3I INFOTECH LIMITED,17.77,18.5,17.6,18.25,2501877,45557809.93,20251113,17.38,16.83,17.27,17.159999999999997,17.104999999999997,17.214999999999996,17.214999999999996,17.104999999999997,0.10999999999999943,0.6369426751592324,Moderate,Bullish,Above CPR,Cash Only,Information Technology,False,False,False,0.7,60,8300043.245000001,False,False,Higher,True,Neutral,False,Bullish Virgin,0.8892857142857145,20.971999999999998,,0.1236947791164652,5.488864164345688,False,False,No setup,0.0,None,None,0,No active J-Curve setup.,Neutral,0,Not applicable,No directional setup; confirmation score not applicable.,Standard CPR,Not applicable,Not applicable,Standard CPR; Wide CPR rules not applied
BALKRISHNA,EQ,BALKRISHNA PAPER MILLS L,22.61,22.71,22.0,22.36,3622,80918.55,20251113,22.82,21.75,22.5,22.356666666666666,22.285,22.42833333333333,22.42833333333333,22.285,0.14333333333333087,0.6370370370370261,Moderate,Bullish,Inside CPR,Cash Only,Diversified,False,False,False,0.5166666666666667,60,980294.285,False,False,Lower,True,Neutral,False,None,0.8807142857142856,22.8692,,0.16274668829413078,0.08254516142568351,False,False,No setup,0.0,None,None,0,No active J-Curve setup.,Neutral,0,Not applicable,No directional setup; confirmation score not applicable.,Standard CPR,Not applicable,Not applicable,Standard CPR; Wide CPR rules not applied
LEMONTREE,EQ,LEMON TREE HOTELS LTD,160.0,160.88,154.56,155.19,6213313,968062912.61,20251113,163.7,159.66,163.24,162.20000000000002,161.68,162.72000000000003,162.72000000000003,161.68,1.0400000000000205,0.6370987503063099,Moderate,Bullish,Below CPR,Cash Only,Consumer Services,True,False,False,0.7,60,413315305.975,False,False,Higher,True,Neutral,False,None,4.032857142857141,168.0228,,0.25788168614949153,2.3421898454168417,False,False,No setup,0.0,None,None,0,No active J-Curve setup.,Neutral,0,Not applicable,No directional setup; confirmation score not applicable.,Standard CPR,Not applicable,Not applicable,Standard CPR; Wide CPR rules not applied
FOCUS,EQ,FOCUS LIGHTG & FIXTRS LTD,80.0,80.98,79.22,80.26,39242,3154427.76,20251113,84.1,81.29,81.91,82.43333333333332,82.695,82.17166666666665,82.695,82.17166666666665,0.5233333333333405,0.6389126276807966,Moderate,Bearish,Below CPR,Cash Only,Diversified,False,False,False,0.6,41,2736231.48,False,False,Higher,True,Neutral,False,Bearish Virgin,3.257857142857141,,,0.16063728714463435,1.1528365867642163,False,False,No setup,0.0,None,None,0,No active J-Curve setup.,Neutral,0,Not applicable,No directional setup; confirmation score not applicable.,Standard CPR,Not applicable,Not applicable,Standard CPR; Wide CPR rules not applied
WALCHANNAG,EQ,WALCHANDNAGAR INDUSTRIES,165.0,169.5,164.0,168.7,223076,37241847.22,20251113,168.4,163.25,164.25,165.29999999999998,165.825,164.77499999999998,165.825,164.77499999999998,1.0500000000000114,0.6392694063927009,Moderate,Bearish,Above CPR,Cash Only,Diversified,False,False,False,0.36363636363636365,45,30273934.85,True,False,Overlapping,True,Neutral,False,None,7.085714285714283,,,0.14818548387096941,1.2301620983372104,False,False,No setup,0.0,None,None,0,No active J-Curve setup.,Neutral,0,Not applicable,No directional setup; confirmation score not applicable.,Standard CPR,Not applicable,Not applicable,Standard CPR; Wide CPR rules not applied
HPIL,EQ,HINDPRAKASH INDUSTRY LTD,139.66,139.66,136.26,137.4,1050,144492.15,20251113,145.0,137.0,139.66,140.5533333333333,141.0,140.10666666666663,141.0,140.10666666666663,0.8933333333333735,0.6396486705809634,Moderate,Bearish,Below CPR,Cash Only,Diversified,False,False,False,0.6333333333333333,60,535116.395,False,False,Higher,True,Neutral,False,None,5.6207142857142856,134.6516,,0.15893590884060527,0.27002003928509793,True,False,No setup,0.0,None,None,0,No active J-Curve setup.,Neutral,0,Not applicable,No directional setup; confirmation score not applicable.,Standard CPR,Not applicable,Not applicable,Standard CPR; Wide CPR rules not applied
RESPONIND,EQ,RESPONSIVE INDUSTRIES LTD,206.8,211.0,201.8,208.38,65219,13460675.44,20251113,217.64,203.0,208.32,209.65333333333334,210.32,208.98666666666668,210.32,208.98666666666668,1.3333333333333144,0.6400409626215987,Moderate,Bearish,Below CPR,Cash Only,Diversified,False,False,False,0.8,60,8012801.48,False,False,Higher,True,Neutral,False,Bullish Virgin,9.767857142857137,192.3646,,0.13650213284582385,1.6798962851629264,True,False,No setup,0.0,None,None,0,No active J-Curve setup.,Neutral,0,Not applicable,No directional setup; confirmation score not applicable.,Standard CPR,Not applicable,Not applicable,Standard CPR; Wide CPR rules not applied
SUTLEJTEX,EQ,SUTLEJ TEXT & INDUS LTD,36.2,36.2,34.06,34.52,44893,1594546.93,20251113,37.5,34.0,35.41,35.63666666666666,35.75,35.523333333333326,35.75,35.523333333333326,0.22666666666667368,0.6401204932693412,Moderate,Bearish,Below CPR,Cash Only,Diversified,False,False,False,0.4666666666666667,60,1175143.5899999999,False,False,Higher,True,Neutral,False,Bullish Virgin,1.5299999999999991,35.669399999999996,,0.1481481481481528,1.3568953986295411,False,False,No setup,0.0,None,None,0,No active J-Curve setup.,Neutral,0,Not applicable,No directional setup; confirmation score not applicable.,Standard CPR,Not applicable,Not applicable,Standard CPR; Wide CPR rules not applied
AIRAN,EQ,AIRAN LIMITED,22.31,22.4,22.0,22.09,90403,2007010.74,20251113,22.66,21.5,21.87,22.01,22.08,21.940000000000005,22.08,21.940000000000005,0.13999999999999346,0.6401463191586348,Moderate,Bearish,Above CPR,Cash Only,Diversified,False,False,False,0.65,60,1980415.885,False,False,Lower,True,Neutral,False,None,0.8571428571428569,24.384,,0.16333333333332575,1.0134289242988979,False,False,No setup,0.0,None,None,0,No active J-Curve setup.,Neutral,0,Not applicable,No directional setup; confirmation score not applicable.,Standard CPR,Not applicable,Not applicable,Standard CPR; Wide CPR rules not applied
HDBFS,EQ,HDB FINANCIAL SERVICES L,727.2,732.5,727.2,731.95,522943,382317632.95,20251113,743.7,721.95,725.85,730.5,732.825,728.175,732.825,728.175,4.650000000000091,0.6406282289729408,Moderate,Bearish,Inside CPR,Cash Only,Financial Services,True,False,False,0.9666666666666667,60,711048558.575,False,False,Outside,True,Neutral,False,None,12.142857142857142,752.498,,0.3829411764705957,0.537681468219549,False,False,No setup,0.0,None,None,0,No active J-Curve setup.,Neutral,0,Not applicable,No directional setup; confirmation score not applicable.,Standard CPR,Not applicable,Not applicable,Standard CPR; Wide CPR rules not applied
SAHYADRI,EQ,SAHYADRI INDUSTRIES LTD,252.05,256.55,250.05,253.85,1455,366760.4,20251113,258.55,250.3,252.0,253.61666666666667,254.425,252.80833333333334,254.425,252.80833333333334,1.6166666666666742,0.6415343915343945,Moderate,Bearish,Inside CPR,Cash Only,Diversified,False,False,False,0.55,60,1046413.6950000001,False,False,Overlapping,True,Neutral,False,None,8.592857142857136,263.32300000000004,,0.18814075921307943,0.3504927370049376,False,False,No setup,0.0,None,None,0,No active J-Curve setup.,Neutral,0,Not applicable,No directional setup; confirmation score not applicable.,Standard CPR,Not applicable,Not applicable,Standard CPR; Wide CPR rules not applied
PAR,EQ,PAR DRUGS AND CHEM LTD,98.0,99.75,98.0,98.71,13097,1296564.07,20251113,97.99,95.41,97.64,97.01333333333332,96.69999999999999,97.32666666666665,97.32666666666665,96.69999999999999,0.6266666666666652,0.6418134644271458,Moderate,Bullish,Above CPR,Cash Only,Diversified,False,False,False,0.5,13,555580.41,False,False,Overlapping,False,Neutral,False,Bullish Virgin,,,,,2.3337109204408413,False,False,No setup,0.0,None,None,0,No active J-Curve setup.,Neutral,0,Not applicable,No directional setup; confirmation score not applicable.,Standard CPR,Not applicable,Not applicable,Standard CPR; Wide CPR rules not applied
BALRAMCHIN,EQ,BALRAMPUR CHINI MILLS LTD,450.2,459.75,449.7,458.15,276667,126114531.5,20251113,458.95,448.0,449.15,452.0333333333333,453.475,450.5916666666666,453.475,450.5916666666666,2.8833333333334394,0.6419533192326483,Moderate,Bearish,Above CPR,Cash Only,Fast Moving Consumer Goods,True,False,False,0.75,60,148917260.05,False,False,Lower,True,Neutral,False,None,13.314285714285708,483.718,,0.2165593705293357,0.8468765236323591,False,False,No setup,0.0,None,None,0,No active J-Curve setup.,Neutral,0,Not applicable,No directional setup; confirmation score not applicable.,Standard CPR,Not applicable,Not applicable,Standard CPR; Wide CPR rules not applied
DODLA,EQ,DODLA DAIRY LIMITED,1221.7,1221.7,1197.4,1200.4,105644,126843137.7,20251113,1219.0,1180.0,1211.2,1203.3999999999999,1199.5,1207.2999999999997,1207.2999999999997,1199.5,7.799999999999727,0.6439894319682733,Moderate,Bullish,Inside CPR,Cash Only,Diversified,False,False,False,0.65,60,38971426.099999994,False,False,Higher,True,Neutral,False,Bullish Virgin,39.978571428571435,1336.29,,0.1951045202787139,3.254772801347396,False,False,No setup,0.0,None,None,0,No active J-Curve setup.,Neutral,0,Not applicable,No directional setup; confirmation score not applicable.,Standard CPR,Not applicable,Not applicable,Standard CPR; Wide CPR rules not applied
PARASPETRO,EQ,PARAS PETROFILS LTD.,2.07,2.12,2.07,2.09,59593,125241.14,20251113,2.13,2.05,2.07,2.0833333333333335,2.09,2.076666666666667,2.09,2.076666666666667,0.013333333333332753,0.64412238325279,Moderate,Bearish,Inside CPR,Cash Only,Energy & Oil/Gas,False,False,False,0.5166666666666667,60,243404.81,False,False,Lower,True,Neutral,False,None,0.10857142857142861,2.2932,,0.12280701754385426,0.5145384760473715,False,False,No setup,0.0,None,None,0,No active J-Curve setup.,Neutral,0,Not applicable,No directional setup; confirmation score not applicable.,Standard CPR,Not applicable,Not applicable,Standard CPR; Wide CPR rules not applied
KOTHARIPET,EQ,KOTHARI PETROCHEM LTD,145.27,147.45,144.05,144.75,50966,7400939.86,20251113,148.5,143.55,147.45,146.5,146.025,146.975,146.975,146.025,0.9499999999999886,0.64428619871142,Moderate,Bullish,Below CPR,Cash Only,Diversified,False,False,False,0.7,60,7045444.300000001,False,False,Higher,True,Neutral,False,None,4.938571428571426,147.74800000000002,,0.1923633207983779,1.0504575076975629,False,False,No setup,0.0,None,None,0,No active J-Curve setup.,Neutral,0,Not applicable,No directional setup; confirmation score not applicable.,Standard CPR,Not applicable,Not applicable,Standard CPR; Wide CPR rules not applied
ANANDRATHI,EQ,ANAND RATHI WEALTH LTD,3088.1,3095.9,3025.0,3073.8,149866,458547579.5,20251113,3110.5,3025.0,3097.7,3077.7333333333336,3067.75,3087.716666666667,3087.716666666667,3067.75,19.96666666666715,0.6445642465915729,Moderate,Bullish,Inside CPR,Cash Only,Financial Services,True,False,False,0.8,60,360823650.25,False,False,Overlapping,True,Neutral,False,None,86.06428571428572,3022.98,,0.2319971228594407,1.2708357093064466,True,False,No setup,0.0,None,None,0,No active J-Curve setup.,Neutral,0,Not applicable,No directional setup; confirmation score not applicable.,Standard CPR,Not applicable,Not applicable,Standard CPR; Wide CPR rules not applied
UNIECOM,EQ,UNICOMMERCE ESOLUTIONS L,136.8,138.2,134.89,135.53,381503,52120571.31,20251113,138.4,132.93,136.99,136.10666666666668,135.66500000000002,136.54833333333335,136.54833333333335,135.66500000000002,0.8833333333333258,0.6448159233033985,Moderate,Bullish,Below CPR,Cash Only,Diversified,False,False,False,0.5333333333333333,60,36278953.82,False,False,Higher,True,Neutral,False,Bullish Virgin,4.401428571428575,138.81,,0.20069241588228742,1.4366613648397648,False,False,No setup,0.0,None,None,0,No active J-Curve setup.,Neutral,0,Not applicable,No directional setup; confirmation score not applicable.,Standard CPR,Not applicable,Not applicable,Standard CPR; Wide CPR rules not applied
TATVA,EQ,TATVA CHIN PHARM CHEM LTD,1512.0,1554.8,1473.1,1480.8,178792,270568864.4,20251113,1520.9,1465.0,1507.6,1497.8333333333333,1492.95,1502.7166666666665,1502.7166666666665,1492.95,9.766666666666424,0.6478287786326894,Moderate,Bullish,Below CPR,Cash Only,Diversified,False,False,False,0.6,60,72623330.1,False,False,Higher,True,Neutral,False,None,75.88571428571434,1192.77,,0.1287023092369445,3.7256466210986927,True,False,No setup,0.0,None,None,0,No active J-Curve setup.,Neutral,0,Not applicable,No directional setup; confirmation score not applicable.,Standard CPR,Not applicable,Not applicable,Standard CPR; Wide CPR rules not applied
ZFCVINDIA,EQ,ZF COM VE CTR SYS IND LTD,12899.0,12993.0,12751.0,12800.0,45355,581618542.0,20251113,12886.0,12572.0,12854.0,12770.666666666666,12729.0,12812.333333333332,12812.333333333332,12729.0,83.33333333333212,0.6483066231004522,Moderate,Bullish,Inside CPR,Cash Only,Automobile and Auto Components,True,False,False,0.8166666666666667,60,80080852.5,False,False,Higher,True,Neutral,False,Bullish Virgin,308.5,13161.42,,0.27012425715828886,7.262891488324254,False,False,No setup,0.0,None,None,0,No active J-Curve setup.,Neutral,0,Not applicable,No directional setup; confirmation score not applicable.,Standard CPR,Not applicable,Not applicable,Standard CPR; Wide CPR rules not applied
AVROIND,EQ,AVRO INDIA LIMITED,115.9,134.0,112.15,124.49,155514,19628886.98,20251113,119.9,111.2,114.43,115.17666666666668,115.55000000000001,114.80333333333334,115.55000000000001,114.80333333333334,0.7466666666666697,0.6525095400390366,Moderate,Bearish,Above CPR,Cash Only,Diversified,False,False,False,0.48333333333333334,60,2106869.705,True,False,Higher,True,Neutral,False,None,8.517142857142858,138.239,,0.08766633120876698,9.316611717097143,False,False,No setup,0.0,None,None,0,No active J-Curve setup.,Neutral,0,Not applicable,No directional setup; confirmation score not applicable.,Standard CPR,Not applicable,Not applicable,Standard CPR; Wide CPR rules not applied
ANTGRAPHIC,EQ,ANTARCTICA LTD,1.04,1.05,1.02,1.03,152783,158126.59,20251113,1.05,1.01,1.02,1.0266666666666666,1.03,1.0233333333333332,1.03,1.0233333333333332,0.006666666666666821,0.6535947712418452,Moderate,Bearish,Inside CPR,Cash Only,Diversified,False,False,False,0.6,60,177378.115,False,False,Lower,True,Neutral,False,None,0.05571428571428576,1.0712000000000002,,0.11965811965812233,0.8914661766475532,False,False,No setup,0.0,None,None,0,No active J-Curve setup.,Neutral,0,Not applicable,No directional setup; confirmation score not applicable.,Standard CPR,Not applicable,Not applicable,Standard CPR; Wide CPR rules not applied
AVG,EQ,AVG LOGISTICS LIMITED,217.97,217.97,205.0,206.9,17130,3603053.81,20251113,214.0,200.02,209.06,207.6933333333333,207.01,208.3766666666666,208.3766666666666,207.01,1.3666666666666174,0.653719825249506,Moderate,Bullish,Below CPR,Cash Only,Diversified,False,False,False,0.5,60,3110477.705,True,False,Higher,True,Neutral,False,Bullish Virgin,10.195714285714283,224.80259999999998,,0.13404324879734236,1.1583602750819266,False,False,No setup,0.0,None,None,0,No active J-Curve setup.,Neutral,0,Not applicable,No directional setup; confirmation score not applicable.,Standard CPR,Not applicable,Not applicable,Standard CPR; Wide CPR rules not applied
DICIND,EQ,DIC INDIA LIMITED,521.95,525.0,503.05,521.7,983,509769.85,20251113,518.65,495.0,501.9,505.18333333333334,506.825,503.5416666666667,506.825,503.5416666666667,3.283333333333303,0.6541807797037862,Moderate,Bearish,Above CPR,Cash Only,Diversified,False,False,False,0.7,60,863999.825,False,False,Higher,True,Neutral,False,Bullish Virgin,20.83928571428572,535.933,,0.15755498429020132,0.5900115199676111,False,False,No setup,0.0,None,None,0,No active J-Curve setup.,Neutral,0,Not applicable,No directional setup; confirmation score not applicable.,Standard CPR,Not applicable,Not applicable,Standard CPR; Wide CPR rules not applied
VSTL,EQ,VIBHOR STEEL TUBES LTD,146.0,146.0,136.2,137.53,60488,8408887.53,20251113,146.9,141.0,145.38,144.42666666666665,143.95,144.9033333333333,144.9033333333333,143.95,0.9533333333333189,0.655752739945879,Moderate,Bullish,Below CPR,Cash Only,Diversified,False,False,False,0.85,60,2621266.275,False,False,Higher,True,Neutral,False,None,5.321428571428569,152.2424,,0.1791498881431741,3.207948620175949,False,False,No setup,0.0,None,None,0,No active J-Curve setup.,Neutral,0,Not applicable,No directional setup; confirmation score not applicable.,Standard CPR,Not applicable,Not applicable,Standard CPR; Wide CPR rules not applied
METROPOLIS,EQ,METROPOLIS HEALTHCARE LTD,1974.7,1980.0,1945.6,1965.4,92308,180287589.3,20251113,1980.0,1930.3,1974.7,1961.6666666666667,1955.15,1968.1833333333334,1968.1833333333334,1955.15,13.033333333333303,0.6600158673891378,Moderate,Bullish,Inside CPR,Cash Only,Diversified,False,False,False,0.7333333333333333,60,87159228.4,False,False,Higher,True,Neutral,False,None,50.2928571428572,2027.5259999999998,,0.25914879515220285,2.068485375669067,False,False,No setup,0.0,None,None,0,No active J-Curve setup.,Neutral,0,Not applicable,No directional setup; confirmation score not applicable.,Standard CPR,Not applicable,Not applicable,Standard CPR; Wide CPR rules not applied
EVERESTIND,EQ,EVEREST INDUSTRIES LTD,585.05,585.95,566.55,576.45,8909,5130944.8,20251113,590.95,565.95,584.25,580.3833333333333,578.45,582.3166666666666,582.3166666666666,578.45,3.8666666666665606,0.6618171444872162,Moderate,Bullish,Below CPR,Cash Only,Diversified,False,False,False,0.6166666666666667,60,7737025.35,False,False,Higher,True,Neutral,False,None,26.39285714285716,654.404,,0.14650428506991017,0.6631676345741843,False,False,No setup,0.0,None,None,0,No active J-Curve setup.,Neutral,0,Not applicable,No directional setup; confirmation score not applicable.,Standard CPR,Not applicable,Not applicable,Standard CPR; Wide CPR rules not applied
IFCI,EQ,IFCI LTD,55.35,55.58,54.52,54.67,3351238,184199836.45,20251113,56.75,55.01,55.33,55.69666666666666,55.879999999999995,55.51333333333332,55.879999999999995,55.51333333333332,0.36666666666667425,0.6626905235255274,Moderate,Bearish,Below CPR,Cash Only,Financial Services,True,False,False,0.75,60,240739589.70499998,False,False,Higher,True,Neutral,False,Bullish Virgin,1.8100000000000003,55.7116,,0.20257826887661556,0.7651414404906012,False,False,No setup,0.0,None,None,0,No active J-Curve setup.,Neutral,0,Not applicable,No directional setup; confirmation score not applicable.,Standard CPR,Not applicable,Not applicable,Standard CPR; Wide CPR rules not applied
STARCEMENT,EQ,STAR CEMENT LIMITED,238.5,239.0,235.0,235.65,185555,43877674.15,20251113,244.0,237.65,238.45,240.0333333333333,240.825,239.24166666666662,240.825,239.24166666666662,1.5833333333333712,0.6640106241700026,Moderate,Bearish,Below CPR,Cash Only,Building Materials,False,False,False,0.6833333333333333,60,67685355.7,False,False,Lower,True,Neutral,False,Bearish Virgin,7.346428571428575,263.086,,0.21552422621941844,0.6482594897554774,False,False,No setup,0.0,None,None,0,No active J-Curve setup.,Neutral,0,Not applicable,No directional setup; confirmation score not applicable.,Standard CPR,Not applicable,Not applicable,Standard CPR; Wide CPR rules not applied
VASWANI,EQ,VASWANI IND LTD,69.99,69.99,67.15,67.87,220276,15063677.53,20251113,69.99,63.11,67.22,66.77333333333333,66.55,66.99666666666666,66.99666666666666,66.55,0.44666666666665833,0.6644847763562308,Moderate,Bullish,Above CPR,Cash Only,Diversified,False,False,False,0.5,17,7898937.25,False,False,Higher,False,Neutral,False,Bullish Virgin,3.6664285714285714,,,0.12182609260341354,1.9070511707128701,False,False,No setup,0.0,None,None,0,No active J-Curve setup.,Neutral,0,Not applicable,No directional setup; confirmation score not applicable.,Standard CPR,Not applicable,Not applicable,Standard CPR; Wide CPR rules not applied
RETAIL,EQ,JHS SVENDGAARD RETAIL V L,30.5,30.99,29.3,29.74,2072,61909.66,20251113,31.21,30.6,30.6,30.80333333333333,30.905,30.70166666666666,30.905,30.70166666666666,0.20333333333334025,0.6644880174292165,Moderate,Bearish,Below CPR,Cash Only,Consumer & Retail,False,False,False,0.43333333333333335,60,241395.445,False,False,Outside,True,Neutral,False,None,1.6785714285714284,34.4626,,0.12113475177305377,0.2564657340572437,False,False,No setup,0.0,None,None,0,No active J-Curve setup.,Neutral,0,Not applicable,No directional setup; confirmation score not applicable.,Standard CPR,Not applicable,Not applicable,Standard CPR; Wide CPR rules not applied
MUTHOOTCAP,EQ,MUTHOOT CAP SERV LTD,277.15,283.0,274.55,282.0,43423,12170359.0,20251113,283.9,273.2,275.8,277.63333333333327,278.54999999999995,276.7166666666666,278.54999999999995,276.7166666666666,1.8333333333333712,0.66473289823545,Moderate,Bearish,Above CPR,Cash Only,Diversified,False,False,False,0.7666666666666667,60,4573783.3,False,False,Lower,True,Neutral,False,None,11.603571428571431,276.005,,0.1579973325125712,2.6608954123384025,True,False,No setup,0.0,None,None,0,No active J-Curve setup.,Neutral,0,Not applicable,No directional setup; confirmation score not applicable.,Standard CPR,Not applicable,Not applicable,Standard CPR; Wide CPR rules not applied
SOMICONVEY,EQ,SOMI CONVEYOR BELT. LTD.,157.0,157.5,152.15,153.23,12825,1990277.56,20251113,157.24,153.05,153.61,154.63333333333335,155.145,154.1216666666667,155.145,154.1216666666667,1.0233333333333121,0.6661892671917923,Moderate,Bearish,Below CPR,Cash Only,Diversified,False,False,False,0.65,60,1581244.1099999999,False,False,Higher,True,Neutral,False,Bullish Virgin,5.933571428571424,145.5192,,0.17246498936639437,1.2586782441833098,True,False,No setup,0.0,None,None,0,No active J-Curve setup.,Neutral,0,Not applicable,No directional setup; confirmation score not applicable.,Standard CPR,Not applicable,Not applicable,Standard CPR; Wide CPR rules not applied
INDIAMART,EQ,INDIAMART INTERMESH LTD,2509.0,2525.9,2467.8,2477.1,118124,294944287.9,20251113,2510.0,2448.9,2504.5,2487.7999999999997,2479.45,2496.1499999999996,2496.1499999999996,2479.45,16.699999999999818,0.6667997604312166,Moderate,Bullish,Below CPR,Cash Only,Consumer Services,True,False,False,0.85,60,176351637.5,False,False,Higher,True,Neutral,False,Bullish Virgin,55.4428571428571,2450.852,,0.3012110280855419,1.6724783057373083,True,False,No setup,0.0,None,None,0,No active J-Curve setup.,Neutral,0,Not applicable,No directional setup; confirmation score not applicable.,Standard CPR,Not applicable,Not applicable,Standard CPR; Wide CPR rules not applied
URAVIDEF,EQ,URAVI DEFENCE &TECH LTD,230.0,230.0,213.35,217.54,3179,700977.0,20251113,224.0,216.26,222.36,220.87333333333333,220.13,221.61666666666667,221.61666666666667,220.13,1.4866666666666788,0.6685854770042627,Moderate,Bullish,Below CPR,Cash Only,Diversified,False,False,False,0.34,51,3345577.21,False,False,Higher,True,Neutral,False,None,12.637857142857145,272.4686,,0.11763597656323686,0.20952348608328786,False,False,No setup,0.0,None,None,0,No active J-Curve setup.,Neutral,0,Not applicable,No directional setup; confirmation score not applicable.,Standard CPR,Not applicable,Not applicable,Standard CPR; Wide CPR rules not applied
AVANTEL,EQ,AVANTEL LIMITED,164.9,166.32,161.73,162.29,815112,133697586.71,20251113,168.25,163.91,164.43,165.53,166.07999999999998,164.98000000000002,166.07999999999998,164.98000000000002,1.099999999999966,0.6689776804719126,Moderate,Bearish,Below CPR,Cash Only,Diversified,False,False,False,0.48333333333333334,60,543197268.665,False,False,Higher,True,Neutral,False,None,5.325714285714286,179.09560000000002,,0.206545064377676,0.24613081549284047,False,False,No setup,0.0,None,None,0,No active J-Curve setup.,Neutral,0,Not applicable,No directional setup; confirmation score not applicable.,Standard CPR,Not applicable,Not applicable,Standard CPR; Wide CPR rules not applied
HAVISHA,EQ,SRI HAVISHA HOSP & INFR L,2.0,2.06,1.95,2.01,37168,75532.73,20251113,2.0,1.94,1.99,1.9766666666666666,1.97,1.9833333333333332,1.9833333333333332,1.97,0.013333333333333197,0.6700167504187536,Moderate,Bullish,Above CPR,Cash Only,Diversified,False,False,False,0.5714285714285714,22,99051.35,False,False,Higher,True,Neutral,False,None,0.12071428571428579,,,0.11045364891518618,0.7625613381342101,False,False,No setup,0.0,None,None,0,No active J-Curve setup.,Neutral,0,Not applicable,No directional setup; confirmation score not applicable.,Standard CPR,Not applicable,Not applicable,Standard CPR; Wide CPR rules not applied
HDFCLIFE,EQ,HDFC LIFE INS CO LTD,782.9,786.5,778.3,782.2,2068084,1618151190.75,20251113,786.0,764.45,783.1,777.85,775.225,780.475,780.475,775.225,5.25,0.6704124632869365,Moderate,Bullish,Above CPR,Cash Only,Financial Services,True,False,False,0.9,60,1756243466.625,False,False,Higher,True,Neutral,False,Bullish Virgin,14.474999999999998,758.888,,0.3626943005181348,0.9213706536142315,True,False,No setup,0.0,None,None,0,No active J-Curve setup.,Neutral,0,Not applicable,No directional setup; confirmation score not applicable.,Standard CPR,Not applicable,Not applicable,Standard CPR; Wide CPR rules not applied
RADIOCITY,EQ,MUSIC BROADCAST LIMITED,6.96,7.09,6.83,6.97,73514,512643.55,20251113,7.16,6.9,6.96,7.006666666666667,7.03,6.983333333333333,7.03,6.983333333333333,0.046666666666666856,0.6704980842911904,Moderate,Bearish,Below CPR,Cash Only,Diversified,False,False,False,0.6833333333333333,60,644580.9750000001,False,False,Higher,True,Neutral,False,None,0.3621428571428572,8.226,,0.12886259040105244,0.7953128774860286,False,False,No setup,0.0,None,None,0,No active J-Curve setup.,Neutral,0,Not applicable,No directional setup; confirmation score not applicable.,Standard CPR,Not applicable,Not applicable,Standard CPR; Wide CPR rules not applied
EPIGRAL,EQ,EPIGRAL LIMITED,1529.9,1536.9,1509.5,1531.0,21654,33019657.2,20251113,1550.0,1481.0,1530.9,1520.6333333333332,1515.5,1525.7666666666664,1525.7666666666664,1515.5,10.266666666666424,0.6706294772138235,Moderate,Bullish,Above CPR,Cash Only,Diversified,False,False,False,0.9333333333333333,60,32371988.45,False,False,Higher,True,Neutral,False,Bullish Virgin,45.70714285714288,1709.572,,0.22461842996300965,1.0200070734301772,False,False,No setup,0.0,None,None,0,No active J-Curve setup.,Neutral,0,Not applicable,No directional setup; confirmation score not applicable.,Standard CPR,Not applicable,Not applicable,Standard CPR; Wide CPR rules not applied
EMIL,EQ,ELECTRONICS MART IND LTD,134.01,135.78,133.16,134.09,329835,44356915.12,20251113,138.56,134.55,135.19,136.1,136.555,135.64499999999998,136.555,135.64499999999998,0.910000000000025,0.673126710555533,Moderate,Bearish,Below CPR,Cash Only,Diversified,False,False,False,0.65,60,116138774.54499999,False,False,Overlapping,True,Neutral,False,None,4.804999999999997,146.32059999999998,,0.18938605619147253,0.38193028378143545,False,False,No setup,0.0,None,None,0,No active J-Curve setup.,Neutral,0,Not applicable,No directional setup; confirmation score not applicable.,Standard CPR,Not applicable,Not applicable,Standard CPR; Wide CPR rules not applied
GENUSPOWER,EQ,GENUS POWER INFRASTRU LTD,335.0,336.0,328.1,329.95,478584,159044946.1,20251113,343.0,331.85,334.05,336.3,337.425,335.175,337.425,335.175,2.25,0.673551863493489,Moderate,Bearish,Below CPR,Cash Only,Power & Utilities,False,False,False,0.6166666666666667,60,186381447.75,False,False,Overlapping,True,Neutral,False,Bearish Virgin,14.139285714285709,322.771,,0.15913109371053302,0.8533303503111135,True,False,No setup,0.0,None,None,0,No active J-Curve setup.,Neutral,0,Not applicable,No directional setup; confirmation score not applicable.,Standard CPR,Not applicable,Not applicable,Standard CPR; Wide CPR rules not applied
SAKAR,EQ,SAKAR HEALTHCARE LIMITED,385.0,406.6,385.0,400.9,16982,6816596.1,20251113,411.8,396.7,400.2,402.90000000000003,404.25,401.55000000000007,404.25,401.55000000000007,2.699999999999932,0.6746626686656501,Moderate,Bearish,Below CPR,Cash Only,Diversified,False,False,False,0.6333333333333333,31,6816596.1,True,False,Overlapping,True,Neutral,False,None,19.232142857142854,,,0.14038997214484328,1.0,False,False,No setup,0.0,None,None,0,No active J-Curve setup.,Neutral,0,Not applicable,No directional setup; confirmation score not applicable.,Standard CPR,Not applicable,Not applicable,Standard CPR; Wide CPR rules not applied
IDEA,EQ,VODAFONE IDEA LIMITED,10.3,10.78,10.27,10.47,1391134349,14683675744.19,20251113,10.45,10.08,10.37,10.299999999999999,10.265,10.334999999999997,10.334999999999997,10.265,0.06999999999999673,0.6750241080038257,Moderate,Bullish,Above CPR,Cash Only,Telecommunication,True,False,False,0.45,60,6742442284.12,True,True,Higher,True,Neutral,False,Bullish Virgin,0.6135714285714287,8.5988,,0.11408614668218325,2.1777977660666714,True,False,No setup,0.0,None,Liftoff,77,🚀 J-Curve Liftoff: Decisive kinetic breakout above CPR Top (₹10.33) with strong 2.2x volume (NR7 Volatility Squeeze). Ascending Higher CPR overlay and +0 confluence. Momentum continuation target expansion above ₹10.33 with stop below Pivot (₹10.30).,Neutral,0,Not applicable,No directional setup; confirmation score not applicable.,Standard CPR,Not applicable,Not applicable,Standard CPR; Wide CPR rules not applied
RUBYMILLS,EQ,THE RUBY MILLS LTD,225.0,225.0,221.0,221.48,3808,850856.54,20251113,224.7,219.0,224.12,222.60666666666665,221.85,223.36333333333332,223.36333333333332,221.85,1.5133333333333212,0.6752335058599506,Moderate,Bullish,Below CPR,Cash Only,Diversified,False,False,False,0.8166666666666667,60,2036395.315,False,False,Higher,True,Neutral,False,Bullish Virgin,5.744285714285714,225.32219999999998,,0.2634502196800112,0.4178248367262621,False,False,No setup,0.0,None,None,0,No active J-Curve setup.,Neutral,0,Not applicable,No directional setup; confirmation score not applicable.,Standard CPR,Not applicable,Not applicable,Standard CPR; Wide CPR rules not applied
NCLIND,EQ,NCL INDUSTRIES LIMITED,199.61,200.0,193.99,197.66,43468,8583498.11,20251113,201.18,193.99,199.61,198.26,197.585,198.93499999999997,198.93499999999997,197.585,1.349999999999966,0.6763188217023024,Moderate,Bullish,Inside CPR,Cash Only,Diversified,False,False,False,0.8833333333333333,60,8645899.08,False,False,Higher,True,Neutral,False,Bullish Virgin,5.182857142857145,204.46800000000002,,0.26047409040793157,0.9927825932939295,False,False,No setup,0.0,None,None,0,No active J-Curve setup.,Neutral,0,Not applicable,No directional setup; confirmation score not applicable.,Standard CPR,Not applicable,Not applicable,Standard CPR; Wide CPR rules not applied
SUKHJITS,EQ,SUKHJIT STARCH & CHEM LTD,154.3,164.0,153.51,157.39,35741,5647773.5,20251113,160.01,151.99,154.43,155.47666666666666,156.0,154.95333333333332,156.0,154.95333333333332,1.046666666666681,0.6777612294675135,Moderate,Bearish,Above CPR,Cash Only,Diversified,False,False,False,0.8,60,1094407.9,False,False,Lower,True,Neutral,False,None,4.945000000000001,165.7294,,0.2116616110549405,5.160574498776919,False,False,No setup,0.0,None,None,0,No active J-Curve setup.,Neutral,0,Not applicable,No directional setup; confirmation score not applicable.,Standard CPR,Not applicable,Not applicable,Standard CPR; Wide CPR rules not applied
AARTIIND,EQ,AARTI INDUSTRIES LTD,397.15,401.8,392.0,393.3,515815,205068059.6,20251113,398.2,387.9,397.1,394.3999999999999,393.04999999999995,395.7499999999999,395.7499999999999,393.04999999999995,2.699999999999932,0.6799294887937375,Moderate,Bullish,Inside CPR,Cash Only,Chemicals,True,False,False,0.9166666666666666,60,180314843.275,False,False,Higher,True,Neutral,False,Bullish Virgin,11.078571428571422,383.189,,0.24371373307542918,1.1372777519333148,True,False,No setup,0.0,None,None,0,No active J-Curve setup.,Neutral,0,Not applicable,No directional setup; confirmation score not applicable.,Standard CPR,Not applicable,Not applicable,Standard CPR; Wide CPR rules not applied
TRIDENT,EQ,TRIDENT LIMITED,29.1,29.13,28.35,28.77,5196742,149809589.84,20251113,29.0,28.25,28.92,28.723333333333333,28.625,28.821666666666665,28.821666666666665,28.625,0.19666666666666544,0.6800368833563811,Moderate,Bullish,Inside CPR,Cash Only,Textiles,True,False,False,0.9666666666666667,60,101738958.67500001,False,False,Higher,True,Neutral,False,Bullish Virgin,0.5235714285714287,28.640600000000003,,0.3756252842200976,1.4724899074164814,True,False,No setup,0.0,None,None,0,No active J-Curve setup.,Neutral,0,Not applicable,No directional setup; confirmation score not applicable.,Standard CPR,Not applicable,Not applicable,Standard CPR; Wide CPR rules not applied
INDORAMA,EQ,INDO RAMA SYNTHETICS LTD,59.8,61.07,57.5,58.25,1245033,73504705.83,20251113,62.21,57.58,59.29,59.69333333333333,59.894999999999996,59.49166666666666,59.894999999999996,59.49166666666666,0.403333333333336,0.680272108843542,Moderate,Bearish,Below CPR,Cash Only,Diversified,False,False,False,0.4772727272727273,45,19766197.47,True,True,Lower,True,Neutral,False,Bearish Virgin,4.21857142857143,,,0.09560898521277857,3.718707452030732,False,False,No setup,0.0,None,None,0,No active J-Curve setup.,Neutral,0,Not applicable,No directional setup; confirmation score not applicable.,Standard CPR,Not applicable,Not applicable,Standard CPR; Wide CPR rules not applied
MANOMAY,EQ,MANOMAY TEX INDIA LTD,222.01,227.1,220.21,221.89,11993,2668631.98,20251113,227.59,218.05,225.12,223.58666666666667,222.82,224.35333333333335,224.35333333333335,222.82,1.5333333333333599,0.6811182184316631,Moderate,Bullish,Below CPR,Cash Only,Diversified,False,False,False,0.6666666666666666,60,2361131.67,False,False,Lower,True,Neutral,False,Bearish Virgin,7.8292857142857155,191.5216,,0.19584587780920568,1.130234291423485,True,False,No setup,0.0,None,None,0,No active J-Curve setup.,Neutral,0,Not applicable,No directional setup; confirmation score not applicable.,Standard CPR,Not applicable,Not applicable,Standard CPR; Wide CPR rules not applied
RKDL,EQ,RAVI KUMAR DIST. LTD.,26.23,26.99,25.75,25.89,24806,651796.92,20251113,27.0,26.14,26.3,26.48,26.57,26.39,26.57,26.39,0.17999999999999972,0.6844106463878316,Moderate,Bearish,Below CPR,Cash Only,Diversified,False,False,False,0.5833333333333334,60,544784.27,False,False,Overlapping,True,Neutral,False,None,1.0478571428571422,27.073400000000003,,0.17177914110429432,1.196431240571612,False,False,No setup,0.0,None,None,0,No active J-Curve setup.,Neutral,0,Not applicable,No directional setup; confirmation score not applicable.,Standard CPR,Not applicable,Not applicable,Standard CPR; Wide CPR rules not applied
CREATIVEYE,EQ,CREATIVE EYE LIMITED,7.3,7.54,7.28,7.28,5011,36627.3,20251113,7.53,7.22,7.3,7.3500000000000005,7.375,7.325000000000001,7.375,7.325000000000001,0.049999999999998934,0.6849315068493005,Moderate,Bearish,Below CPR,Cash Only,Diversified,False,False,False,0.275,41,172124.58,False,False,Overlapping,True,Neutral,False,None,0.5235714285714286,,,0.09549795361527763,0.21279529048088314,False,False,No setup,0.0,None,None,0,No active J-Curve setup.,Neutral,0,Not applicable,No directional setup; confirmation score not applicable.,Standard CPR,Not applicable,Not applicable,Standard CPR; Wide CPR rules not applied
BBOX,EQ,BLACK BOX LIMITED,541.6,569.95,541.6,565.35,1069656,602745203.95,20251113,556.5,540.4,542.85,546.5833333333334,548.45,544.7166666666667,548.45,544.7166666666667,3.7333333333333485,0.6877283473028182,Moderate,Bearish,Above CPR,Cash Only,Diversified,False,False,False,0.4090909090909091,45,225698138.25,False,False,Overlapping,True,Neutral,False,None,19.882142857142867,,,0.187773187234298,2.670581195855301,False,False,No setup,0.0,None,None,0,No active J-Curve setup.,Neutral,0,Not applicable,No directional setup; confirmation score not applicable.,Standard CPR,Not applicable,Not applicable,Standard CPR; Wide CPR rules not applied
VOLTAS,EQ,VOLTAS LTD,1329.9,1345.0,1313.6,1336.9,906489,1207851089.5,20251113,1343.0,1304.6,1337.6,1328.3999999999999,1323.8,1332.9999999999998,1332.9999999999998,1323.8,9.199999999999818,0.6877990430621874,Moderate,Bullish,Above CPR,Cash Only,Consumer Durables,True,False,False,0.7833333333333333,60,1466903325.55,False,False,Higher,True,Neutral,False,None,39.164285714285725,1390.8819999999998,,0.23490789713659935,0.8234019709834177,False,False,No setup,0.0,None,None,0,No active J-Curve setup.,Neutral,0,Not applicable,No directional setup; confirmation score not applicable.,Standard CPR,Not applicable,Not applicable,Standard CPR; Wide CPR rules not applied
VALIANTLAB,EQ,VALIANT LABORATORIES LTD,82.0,82.0,79.5,79.67,14189,1137235.88,20251113,82.88,79.54,80.38,80.93333333333334,81.21000000000001,80.65666666666667,81.21000000000001,80.65666666666667,0.5533333333333417,0.6883967819524033,Moderate,Bearish,Below CPR,Cash Only,Healthcare & Pharma,False,False,False,0.6333333333333333,60,2803064.225,False,False,Lower,True,Neutral,False,None,3.489285714285716,84.3172,,0.15858068918458096,0.4057116743373941,False,False,No setup,0.0,None,None,0,No active J-Curve setup.,Neutral,0,Not applicable,No directional setup; confirmation score not applicable.,Standard CPR,Not applicable,Not applicable,Standard CPR; Wide CPR rules not applied
AFSL,EQ,ABANS FINANCIAL SRVCS LTD,216.74,220.52,211.01,215.43,22950,4940213.88,20251113,227.0,202.0,216.74,215.24666666666667,214.5,215.99333333333334,215.99333333333334,214.5,1.4933333333333394,0.6889975700532155,Moderate,Bullish,Inside CPR,Cash Only,Diversified,False,False,False,0.8333333333333334,60,3963602.2199999997,False,False,Higher,True,Neutral,False,Bullish Virgin,4.699285714285716,207.67559999999997,,0.3177787911030057,1.2463949725005452,True,False,No setup,0.0,None,None,0,No active J-Curve setup.,Neutral,0,Not applicable,No directional setup; confirmation score not applicable.,Standard CPR,Not applicable,Not applicable,Standard CPR; Wide CPR rules not applied
SIGIND,EQ,SIGNET INDUSTRIES LIMITED,57.8,59.79,56.5,58.52,16822,981808.47,20251113,57.69,54.34,56.6,56.21,56.015,56.405,56.405,56.015,0.39000000000000057,0.6890459363957607,Moderate,Bullish,Above CPR,Cash Only,Diversified,False,False,False,0.5227272727272727,45,863848.66,False,False,Higher,True,Neutral,False,Bullish Virgin,3.119285714285714,,,0.12502862376917812,1.1365514765051554,False,False,No setup,0.0,None,None,0,No active J-Curve setup.,Neutral,0,Not applicable,No directional setup; confirmation score not applicable.,Standard CPR,Not applicable,Not applicable,Standard CPR; Wide CPR rules not applied
GLAND,EQ,GLAND PHARMA LIMITED,1845.0,1868.0,1815.3,1829.2,71801,132473890.2,20251113,1886.9,1827.0,1837.9,1850.6000000000001,1856.95,1844.2500000000002,1856.95,1844.2500000000002,12.699999999999818,0.6910060395015951,Moderate,Bearish,Below CPR,Cash Only,Healthcare,True,False,False,0.8333333333333334,60,244103211.7,False,False,Lower,True,Neutral,False,None,49.81428571428577,1936.376,,0.2549469457986769,0.5426962196745239,False,False,No setup,0.0,None,None,0,No active J-Curve setup.,Neutral,0,Not applicable,No directional setup; confirmation score not applicable.,Standard CPR,Not applicable,Not applicable,Standard CPR; Wide CPR rules not applied
IRB,EQ,IRB INFRA DEV LTD.,43.29,43.49,42.12,42.35,11112140,474724990.95,20251113,44.6,42.88,43.29,43.59,43.74,43.440000000000005,43.74,43.440000000000005,0.29999999999999716,0.6930006930006865,Moderate,Bearish,Below CPR,Cash Only,Construction,True,False,False,0.9166666666666666,60,304612872.415,False,False,Higher,True,Neutral,False,None,1.0850000000000009,43.014,,0.2764976958525317,1.558453479612778,False,False,No setup,0.0,None,None,0,No active J-Curve setup.,Neutral,0,Not applicable,No directional setup; confirmation score not applicable.,Standard CPR,Not applicable,Not applicable,Standard CPR; Wide CPR rules not applied
ASHIMASYN,EQ,ASHIMA LTD,20.22,21.0,19.5,19.71,146503,2924009.4,20251113,20.78,20.04,20.2,20.34,20.41,20.27,20.41,20.27,0.14000000000000057,0.6930693069306959,Moderate,Bearish,Below CPR,Cash Only,Diversified,False,False,False,0.55,60,2431728.515,False,False,Overlapping,True,Neutral,False,None,0.9135714285714283,22.561,,0.15324472243940646,1.20244072558404,False,False,No setup,0.0,None,None,0,No active J-Curve setup.,Neutral,0,Not applicable,No directional setup; confirmation score not applicable.,Standard CPR,Not applicable,Not applicable,Standard CPR; Wide CPR rules not applied
CCHHL,EQ,COUNTRY CLUB HOSP HOL LTD,16.03,17.0,16.03,16.59,23828,395339.24,20251113,16.97,16.07,16.35,16.463333333333335,16.52,16.40666666666667,16.52,16.40666666666667,0.11333333333332973,0.693170234454616,Moderate,Bearish,Above CPR,Cash Only,Diversified,False,False,False,0.5166666666666667,60,707064.1499999999,False,False,Higher,True,Neutral,False,None,0.7371428571428569,17.104400000000002,,0.15374677002583498,0.5591278245403901,False,False,No setup,0.0,None,None,0,No active J-Curve setup.,Neutral,0,Not applicable,No directional setup; confirmation score not applicable.,Standard CPR,Not applicable,Not applicable,Standard CPR; Wide CPR rules not applied
STARHEALTH,EQ,STAR HEALTH & AL INS CO L,498.0,504.9,495.8,500.85,550934,276860223.45,20251113,499.75,485.05,497.6,494.1333333333334,492.4,495.8666666666668,495.8666666666668,492.4,3.4666666666668107,0.6966773847803076,Moderate,Bullish,Above CPR,Cash Only,Financial Services,True,False,False,0.8166666666666667,60,240762462.45,False,False,Higher,True,Neutral,False,Bullish Virgin,13.34642857142857,468.70099999999996,,0.25974489340827056,1.1499310176207247,True,False,No setup,0.0,None,None,0,No active J-Curve setup.,Neutral,0,Not applicable,No directional setup; confirmation score not applicable.,Standard CPR,Not applicable,Not applicable,Standard CPR; Wide CPR rules not applied
ALKALI,EQ,ALKALI METALS LTD,86.11,89.67,86.11,87.73,8576,755848.68,20251113,88.35,85.67,86.11,86.71,87.00999999999999,86.41,87.00999999999999,86.41,0.5999999999999943,0.6967831842991457,Moderate,Bearish,Above CPR,Cash Only,Diversified,False,False,False,0.5166666666666667,60,935261.815,False,False,Lower,True,Neutral,False,None,2.806428571428571,91.06360000000001,,0.21379485874268062,0.8081680101523231,False,False,No setup,0.0,None,None,0,No active J-Curve setup.,Neutral,0,Not applicable,No directional setup; confirmation score not applicable.,Standard CPR,Not applicable,Not applicable,Standard CPR; Wide CPR rules not applied
URBANCO,EQ,URBAN COMPANY LIMITED,142.71,143.99,139.5,140.55,4073974,578213510.85,20251113,146.73,141.7,142.72,143.71666666666667,144.21499999999997,143.21833333333336,144.21499999999997,143.21833333333336,0.9966666666666129,0.6983370702540729,Moderate,Bearish,Below CPR,Cash Only,Consumer Services,True,False,False,0.39473684210526316,39,1208523866.25,False,False,Inside,True,Neutral,False,None,7.069285714285714,,,0.14098548381663717,0.478446083687344,False,False,No setup,0.0,None,None,0,No active J-Curve setup.,Neutral,0,Not applicable,No directional setup; confirmation score not applicable.,Standard CPR,Not applicable,Not applicable,Standard CPR; Wide CPR rules not applied
SINTERCOM,EQ,SINTERCOM INDIA LIMITED,115.8,118.35,115.8,118.16,14546,1702754.79,20251113,119.0,113.34,117.4,116.58,116.17,116.99,116.99,116.17,0.8199999999999932,0.698466780238495,Moderate,Bullish,Above CPR,Cash Only,Diversified,False,False,False,0.5166666666666667,60,401023.42000000004,False,False,Higher,True,Neutral,False,Bullish Virgin,4.277857142857142,120.38040000000001,,0.1916847553848707,4.246023312054941,False,False,No setup,0.0,None,None,0,No active J-Curve setup.,Neutral,0,Not applicable,No directional setup; confirmation score not applicable.,Standard CPR,Not applicable,Not applicable,Standard CPR; Wide CPR rules not applied
MAHSEAMLES,EQ,MAHARASHTRA SEAMLESS LTD,562.3,566.0,558.05,562.75,123714,69553151.05,20251113,563.8,549.0,562.3,558.3666666666667,556.4,560.3333333333334,560.3333333333334,556.4,3.933333333333394,0.6995079732052987,Moderate,Bullish,Above CPR,Cash Only,Diversified,False,False,False,0.8166666666666667,60,97539034.475,False,False,Higher,True,Neutral,False,Bullish Virgin,11.978571428571431,596.265,,0.32836414231763567,0.7130801675900021,False,False,No setup,0.0,None,None,0,No active J-Curve setup.,Neutral,0,Not applicable,No directional setup; confirmation score not applicable.,Standard CPR,Not applicable,Not applicable,Standard CPR; Wide CPR rules not applied
INOXGREEN,EQ,INOX GREEN ENERGY SER LTD,259.45,264.8,255.1,255.7,694594,179714223.85,20251113,261.7,251.75,259.45,257.6333333333334,256.725,258.54166666666674,258.54166666666674,256.725,1.8166666666667197,0.7001991392047485,Moderate,Bullish,Below CPR,Cash Only,Diversified,False,False,False,0.4772727272727273,45,493583437.42,False,False,Outside,True,Neutral,False,None,11.22928571428572,,,0.16177936093972434,0.36410100142213153,False,False,No setup,0.0,None,None,0,No active J-Curve setup.,Neutral,0,Not applicable,No directional setup; confirmation score not applicable.,Standard CPR,Not applicable,Not applicable,Standard CPR; Wide CPR rules not applied
ROLEXRINGS,EQ,ROLEX RINGS LIMITED,114.0,114.0,111.0,111.34,332315,37296072.09,20251113,115.5,110.48,114.19,113.39,112.99000000000001,113.78999999999999,113.78999999999999,112.99000000000001,0.799999999999983,0.7005867413959042,Moderate,Bullish,Below CPR,Cash Only,Diversified,False,False,False,0.6666666666666666,60,50156926.9,False,False,Higher,True,Neutral,False,None,4.182857142857143,912.3752,,0.1912568306010888,0.7435876636612679,False,False,No setup,0.0,None,None,0,No active J-Curve setup.,Neutral,0,Not applicable,No directional setup; confirmation score not applicable.,Standard CPR,Not applicable,Not applicable,Standard CPR; Wide CPR rules not applied
GEEKAYWIRE,EQ,GEEKAY WIRES LIMITED,32.2,33.0,30.36,31.24,201719,6434696.41,20251113,32.39,31.05,31.39,31.61,31.72,31.5,31.72,31.5,0.21999999999999886,0.7008601465434815,Moderate,Bearish,Below CPR,Cash Only,Diversified,False,False,False,0.6333333333333333,60,4814836.14,False,False,Inside,True,Neutral,False,None,4.754999999999998,63.2122,,0.04626708727655078,1.3364310275364846,False,False,No setup,0.0,None,None,0,No active J-Curve setup.,Neutral,0,Not applicable,No directional setup; confirmation score not applicable.,Standard CPR,Not applicable,Not applicable,Standard CPR; Wide CPR rules not applied
NAUKRI,EQ,INFO EDGE (I) LTD,1382.5,1384.0,1331.6,1347.3,1870419,2528961604.1,20251113,1382.5,1341.3,1376.4,1366.7333333333336,1361.9,1371.566666666667,1371.566666666667,1361.9,9.66666666666697,0.7023152184442727,Moderate,Bullish,Below CPR,Cash Only,Consumer Services,True,False,False,0.7666666666666667,60,1412901486.0,False,False,Higher,True,Neutral,False,None,33.7714285714286,1355.57,,0.28623801466441934,1.7899065357059154,False,False,No setup,0.0,None,None,0,No active J-Curve setup.,Neutral,0,Not applicable,No directional setup; confirmation score not applicable.,Standard CPR,Not applicable,Not applicable,Standard CPR; Wide CPR rules not applied
NAVA,EQ,NAVA LIMITED,538.0,556.95,535.75,542.75,390745,212598784.8,20251113,560.8,541.0,545.15,548.9833333333332,550.9,547.0666666666665,550.9,547.0666666666665,3.833333333333485,0.703170381240665,Moderate,Bearish,Below CPR,Cash Only,Power,True,False,False,0.6166666666666667,60,282644216.75,True,False,Overlapping,True,Neutral,False,None,22.05714285714287,645.0189999999999,,0.17379101899827964,0.7521780818464244,False,False,No setup,0.0,None,None,0,No active J-Curve setup.,Neutral,0,Not applicable,No directional setup; confirmation score not applicable.,Standard CPR,Not applicable,Not applicable,Standard CPR; Wide CPR rules not applied
FUSION,EQ,FUSION FINANCE LIMITED,167.8,170.0,165.61,168.77,259123,43675815.5,20251113,169.15,165.0,165.33,166.49333333333334,167.075,165.9116666666667,167.075,165.9116666666667,1.1633333333332985,0.7036432186132573,Moderate,Bearish,Above CPR,Cash Only,Diversified,False,False,False,0.7333333333333333,60,57021721.644999996,False,False,Lower,True,Neutral,False,None,6.504999999999997,182.9966,,0.17883679221111437,0.7659504876389462,False,False,No setup,0.0,None,None,0,No active J-Curve setup.,Neutral,0,Not applicable,No directional setup; confirmation score not applicable.,Standard CPR,Not applicable,Not applicable,Standard CPR; Wide CPR rules not applied
MARALOVER,EQ,MARAL OVERSEAS LTD,50.5,51.44,49.0,49.5,10405,517099.63,20251113,51.51,49.0,49.73,50.07999999999999,50.254999999999995,49.90499999999999,50.254999999999995,49.90499999999999,0.3500000000000085,0.7038005228232627,Moderate,Bearish,Below CPR,Cash Only,Diversified,False,False,False,0.6,60,1071058.28,False,False,Outside,True,Neutral,False,None,2.6107142857142853,48.047399999999996,,0.1340629274965833,0.48279317723028103,True,False,No setup,0.0,None,None,0,No active J-Curve setup.,Neutral,0,Not applicable,No directional setup; confirmation score not applicable.,Standard CPR,Not applicable,Not applicable,Standard CPR; Wide CPR rules not applied
OBEROIRLTY,EQ,OBEROI REALTY LIMITED,1735.2,1764.7,1735.2,1744.2,240206,420359619.2,20251113,1783.2,1731.0,1738.7,1750.9666666666665,1757.1,1744.833333333333,1757.1,1744.833333333333,12.266666666666879,0.7055079465501167,Moderate,Bearish,Below CPR,Cash Only,Realty,True,False,False,0.95,60,663396508.5,False,False,Lower,True,Neutral,False,Bearish Virgin,39.29285714285714,1665.5,,0.31218566321275465,0.6336476207124928,True,False,No setup,0.0,None,None,0,No active J-Curve setup.,Neutral,0,Not applicable,No directional setup; confirmation score not applicable.,Standard CPR,Not applicable,Not applicable,Standard CPR; Wide CPR rules not applied
RACLGEAR,EQ,RACL GEARTECH LIMITED,1035.0,1083.2,1016.0,1069.0,44229,46244026.4,20251113,1030.7,997.0,1024.7,1017.4666666666667,1013.85,1021.0833333333334,1021.0833333333334,1013.85,7.2333333333333485,0.7058976611040644,Moderate,Bullish,Above CPR,Cash Only,Automobile & Ancillary,False,False,False,0.5166666666666667,60,21596625.15,True,False,Higher,True,Neutral,False,Bullish Virgin,46.6714285714286,1047.296,,0.15498418528721583,2.141261705419747,True,False,No setup,0.0,None,Liftoff,77,"🚀 J-Curve Liftoff: Decisive kinetic breakout above CPR Top (₹1,021.08) with strong 2.1x volume. Ascending Higher CPR overlay and +0 confluence. Momentum continuation target expansion above ₹1,021.08 with stop below Pivot (₹1,017.47).",Neutral,0,Not applicable,No directional setup; confirmation score not applicable.,Standard CPR,Not applicable,Not applicable,Standard CPR; Wide CPR rules not applied
ASIANPAINT,EQ,ASIAN PAINTS LIMITED,2858.9,2897.1,2840.0,2879.4,5933630,17039398688.5,20251113,2838.7,2642.1,2769.8,2750.1999999999994,2740.3999999999996,2759.999999999999,2759.999999999999,2740.3999999999996,19.599999999999454,0.7076323200230866,Moderate,Bullish,Above CPR,Cash Only,Consumer Durables,True,False,False,0.95,60,1845980382.95,False,False,Higher,True,Neutral,False,Bullish Virgin,59.278571428571404,2487.5460000000003,,0.3306422460537323,9.230541584233903,True,False,No setup,0.0,None,None,0,No active J-Curve setup.,Neutral,0,Not applicable,No directional setup; confirmation score not applicable.,Standard CPR,Not applicable,Not applicable,Standard CPR; Wide CPR rules not applied
UNIONBANK,EQ,UNION BANK OF INDIA,157.05,157.4,151.41,151.9,19743581,3029680853.83,20251113,156.75,152.51,156.29,155.1833333333333,154.63,155.73666666666662,155.73666666666662,154.63,1.1066666666666265,0.7080853968050589,Moderate,Bullish,Below CPR,Cash Only,Financial Services,True,False,False,0.8333333333333334,60,1119923162.6799998,False,False,Higher,True,Neutral,False,None,4.734999999999999,139.7558,,0.23372052094332135,2.7052577844536314,True,False,No setup,0.0,None,None,0,No active J-Curve setup.,Neutral,0,Not applicable,No directional setup; confirmation score not applicable.,Standard CPR,Not applicable,Not applicable,Standard CPR; Wide CPR rules not applied
KSHITIJPOL,EQ,KSHITIJ POLYLINE LIMITED,2.88,2.88,2.78,2.82,195403,548320.3,20251113,2.88,2.82,2.82,2.84,2.8499999999999996,2.83,2.8499999999999996,2.83,0.019999999999999574,0.7092198581560133,Moderate,Bearish,Below CPR,Cash Only,Diversified,False,False,False,0.5333333333333333,60,444877.30000000005,False,False,Overlapping,True,Neutral,False,None,0.11714285714285709,2.9662,,0.1707317073170696,1.2325202926739576,False,False,No setup,0.0,None,None,0,No active J-Curve setup.,Neutral,0,Not applicable,No directional setup; confirmation score not applicable.,Standard CPR,Not applicable,Not applicable,Standard CPR; Wide CPR rules not applied
JAGRAN,EQ,JAGRAN PRAKASHAN LIMITED,70.49,70.54,69.8,69.91,102617,7193894.77,20251113,71.75,69.8,70.03,70.52666666666667,70.775,70.27833333333334,70.775,70.27833333333334,0.4966666666666697,0.7092198581560327,Moderate,Bearish,Below CPR,Cash Only,Diversified,False,False,False,0.9833333333333333,60,6330912.279999999,False,False,Outside,True,Neutral,False,None,1.4842857142857153,71.6462,,0.3346166185434731,1.1363125015530937,False,False,No setup,0.0,None,None,0,No active J-Curve setup.,Neutral,0,Not applicable,No directional setup; confirmation score not applicable.,Standard CPR,Not applicable,Not applicable,Standard CPR; Wide CPR rules not applied
STAR,EQ,STRIDES PHARMA SCI LTD,927.6,982.0,927.35,973.95,932396,896820490.0,20251113,947.3,920.6,924.1,930.6666666666666,933.95,927.3833333333332,933.95,927.3833333333332,6.566666666666833,0.7106013057750062,Moderate,Bearish,Above CPR,Cash Only,Diversified,False,False,False,0.75,60,183847532.45,False,False,Overlapping,True,Neutral,False,None,47.58214285714285,865.041,,0.13800695539043112,4.878066504612475,True,False,No setup,0.0,None,None,0,No active J-Curve setup.,Neutral,0,Not applicable,No directional setup; confirmation score not applicable.,Standard CPR,Not applicable,Not applicable,Standard CPR; Wide CPR rules not applied
DNAMEDIA,EQ,DILIGENT MEDIA CORP LTD.,4.24,4.5,4.1,4.35,94922,410648.04,20251113,4.26,4.09,4.22,4.19,4.175,4.205000000000001,4.205000000000001,4.175,0.030000000000001137,0.7109004739336763,Moderate,Bullish,Above CPR,Cash Only,Media & Entertainment,False,False,False,0.4666666666666667,60,245485.1,True,False,Higher,True,Neutral,False,None,0.25142857142857156,4.5336,,0.11931818181818628,1.6728023004247508,False,False,No setup,0.0,None,None,0,No active J-Curve setup.,Neutral,0,Not applicable,No directional setup; confirmation score not applicable.,Standard CPR,Not applicable,Not applicable,Standard CPR; Wide CPR rules not applied
SPENCERS,EQ,SPENCER S RETAIL LIMITED,46.85,47.32,46.3,46.75,57447,2694105.2,20251113,46.78,44.99,46.38,46.050000000000004,45.885000000000005,46.215,46.215,45.885000000000005,0.3299999999999983,0.7115135834411347,Moderate,Bullish,Above CPR,Cash Only,Diversified,False,False,False,0.7166666666666667,60,5551475.425000001,False,False,Higher,True,Neutral,False,Bullish Virgin,1.5685714285714292,54.3504,,0.21038251366120103,0.48529534830823823,False,False,No setup,0.0,None,None,0,No active J-Curve setup.,Neutral,0,Not applicable,No directional setup; confirmation score not applicable.,Standard CPR,Not applicable,Not applicable,Standard CPR; Wide CPR rules not applied
WEALTH,EQ,WEALTH FRST PORT. MG. LTD,1146.4,1205.0,1115.0,1166.0,67366,77661043.6,20251113,1183.0,1135.1,1146.8,1154.9666666666665,1159.05,1150.883333333333,1159.05,1150.883333333333,8.16666666666697,0.7121264969189893,Moderate,Bearish,Above CPR,Cash Only,Diversified,False,False,False,0.7166666666666667,60,3049522.8,False,False,Inside,True,Neutral,False,None,49.16428571428575,1186.49,,0.16610973897041625,25.466621728488143,False,False,No setup,0.0,None,None,0,No active J-Curve setup.,Neutral,0,Not applicable,No directional setup; confirmation score not applicable.,Standard CPR,Not applicable,Not applicable,Standard CPR; Wide CPR rules not applied
MANKIND,EQ,MANKIND PHARMA LIMITED,2280.9,2293.9,2249.2,2257.0,585393,1324427175.2,20251113,2293.0,2198.5,2270.0,2253.8333333333335,2245.75,2261.916666666667,2261.916666666667,2245.75,16.16666666666697,0.7121879588840075,Moderate,Bullish,Inside CPR,Cash Only,Healthcare,True,False,False,0.9166666666666666,60,834179069.6,False,False,Higher,True,Neutral,False,Bullish Virgin,51.62142857142862,2469.606,,0.31317743646511326,1.5877012783778914,False,False,No setup,0.0,None,None,0,No active J-Curve setup.,Neutral,0,Not applicable,No directional setup; confirmation score not applicable.,Standard CPR,Not applicable,Not applicable,Standard CPR; Wide CPR rules not applied
LTFOODS,EQ,LT FOODS LIMITED,416.15,416.15,407.35,410.25,525520,215794799.3,20251113,417.5,406.0,416.2,413.23333333333335,411.75,414.7166666666667,414.7166666666667,411.75,2.966666666666697,0.7127983341342377,Moderate,Bullish,Below CPR,Cash Only,Fast Moving Consumer Goods,True,False,False,0.7833333333333333,60,275454602.275,False,False,Higher,True,Neutral,False,Bullish Virgin,11.199999999999992,424.55,,0.26488095238095527,0.7834133012036639,False,False,No setup,0.0,None,None,0,No active J-Curve setup.,Neutral,0,Not applicable,No directional setup; confirmation score not applicable.,Standard CPR,Not applicable,Not applicable,Standard CPR; Wide CPR rules not applied
RELIGARE,EQ,RELIGARE ENTER. LTD.,262.95,263.0,258.6,260.2,846340,220966758.3,20251113,262.8,255.0,261.7,259.8333333333333,258.9,260.76666666666665,260.76666666666665,258.9,1.8666666666666742,0.7132849318558174,Moderate,Bullish,Inside CPR,Cash Only,Diversified,False,False,False,0.8333333333333334,60,301693700.29999995,False,False,Higher,True,Neutral,False,Bullish Virgin,6.382142857142853,256.4704,,0.2924827457563901,0.7324208562534577,True,False,No setup,0.0,None,None,0,No active J-Curve setup.,Neutral,0,Not applicable,No directional setup; confirmation score not applicable.,Standard CPR,Not applicable,Not applicable,Standard CPR; Wide CPR rules not applied
TIL,EQ,TIL LTD,266.0,284.4,257.45,265.95,70931,19300195.2,20251113,274.4,264.0,266.35,268.25,269.2,267.3,269.2,267.3,1.8999999999999773,0.7133470996808624,Moderate,Bearish,Below CPR,Cash Only,Diversified,False,False,False,0.5227272727272727,45,5871045.35,False,False,Lower,True,Neutral,False,None,13.410714285714278,,,0.14167776298268814,3.287352430347008,False,False,No setup,0.0,None,None,0,No active J-Curve setup.,Neutral,0,Not applicable,No directional setup; confirmation score not applicable.,Standard CPR,Not applicable,Not applicable,Standard CPR; Wide CPR rules not applied
NEXTMEDIA,EQ,NEXT MEDIAWORKS LIMITED,6.63,6.64,6.37,6.43,9059,58619.69,20251113,6.7,6.46,6.51,6.5566666666666675,6.58,6.533333333333335,6.58,6.533333333333335,0.04666666666666508,0.7168458781361764,Moderate,Bearish,Below CPR,Cash Only,Media & Entertainment,False,False,False,0.45,60,67575.205,False,False,Lower,True,Neutral,False,None,0.5535714285714286,6.543599999999999,,0.08430107526881433,0.86747335801645,False,False,No setup,0.0,None,None,0,No active J-Curve setup.,Neutral,0,Not applicable,No directional setup; confirmation score not applicable.,Standard CPR,Not applicable,Not applicable,Standard CPR; Wide CPR rules not applied
PGHH,EQ,P&G HYGIENE & HEALTH CARE,12965.0,13049.0,12886.0,12903.0,11013,142521365.0,20251113,13180.0,12840.0,12871.0,12963.666666666666,13010.0,12917.333333333332,13010.0,12917.333333333332,92.66666666666788,0.719964778701483,Moderate,Bearish,Below CPR,Cash Only,Diversified,False,False,False,0.9166666666666666,60,97385022.5,False,False,Overlapping,True,Neutral,False,None,249.07142857142858,13630.6,,0.3720485613230141,1.4634834119384221,False,False,No setup,0.0,None,None,0,No active J-Curve setup.,Neutral,0,Not applicable,No directional setup; confirmation score not applicable.,Standard CPR,Not applicable,Not applicable,Standard CPR; Wide CPR rules not applied
LENSKART,EQ,LENSKART SOLUTIONS LTD,421.2,429.0,397.0,400.15,6937199,2846046561.7,20251113,425.25,408.05,421.2,418.1666666666667,416.65,419.6833333333334,419.6833333333334,416.65,3.0333333333334167,0.7201646090535178,Moderate,Bullish,Below CPR,Cash Only,Consumer Services,True,False,False,0.3333333333333333,4,6658773669.2,False,False,Higher,False,Neutral,False,None,,,,,0.427413019737301,False,False,No setup,0.0,None,None,0,No active J-Curve setup.,Neutral,0,Not applicable,No directional setup; confirmation score not applicable.,Standard CPR,Not applicable,Not applicable,Standard CPR; Wide CPR rules not applied
BSHSL,EQ,BOMBAY SUPER HYBRID SEEDS,118.5,119.59,115.84,117.25,18942,2225979.9,20251113,121.2,117.01,117.83,118.68,119.105,118.25500000000001,119.105,118.25500000000001,0.8499999999999943,0.7213782568106546,Moderate,Bearish,Below CPR,Cash Only,Diversified,False,False,False,0.8166666666666667,60,1098845.29,False,False,Lower,True,Neutral,False,Bearish Virgin,3.809285714285714,127.705,,0.22313894618413502,2.0257445886672545,False,False,No setup,0.0,None,None,0,No active J-Curve setup.,Neutral,0,Not applicable,No directional setup; confirmation score not applicable.,Standard CPR,Not applicable,Not applicable,Standard CPR; Wide CPR rules not applied
HILTON,EQ,HILTON METAL FORGING LTD,42.01,42.73,40.6,41.46,37504,1575198.6,20251113,43.0,41.75,41.92,42.223333333333336,42.375,42.07166666666667,42.375,42.07166666666667,0.30333333333332746,0.7236005089058384,Moderate,Bearish,Below CPR,Cash Only,Diversified,False,False,False,0.6136363636363636,45,3092791.99,False,False,Overlapping,True,Neutral,False,None,1.4971428571428578,,,0.20260814249363468,0.5093128167342414,False,False,No setup,0.0,None,None,0,No active J-Curve setup.,Neutral,0,Not applicable,No directional setup; confirmation score not applicable.,Standard CPR,Not applicable,Not applicable,Standard CPR; Wide CPR rules not applied
AVALON,EQ,AVALON TECHNOLOGIES LTD,1053.8,1059.7,1035.0,1037.2,86528,90402920.8,20251113,1069.7,1015.0,1053.8,1046.1666666666667,1042.35,1049.9833333333336,1049.9833333333336,1042.35,7.633333333333667,0.7243626241538875,Moderate,Bullish,Below CPR,Cash Only,Diversified,False,False,False,0.6333333333333333,60,224101276.25,False,False,Higher,True,Neutral,False,Bullish Virgin,52.77142857142862,1064.888,,0.14464898032846674,0.4034020792418401,False,False,No setup,0.0,None,None,0,No active J-Curve setup.,Neutral,0,Not applicable,No directional setup; confirmation score not applicable.,Standard CPR,Not applicable,Not applicable,Standard CPR; Wide CPR rules not applied
EMSLIMITED,EQ,EMS LIMITED,483.0,490.0,475.0,476.45,151192,72741176.5,20251113,495.5,479.4,482.2,485.7,487.45,483.95,487.45,483.95,3.5,0.7258399004562422,Moderate,Bearish,Below CPR,Cash Only,Diversified,False,False,False,0.75,60,64700142.65,False,False,Lower,True,Neutral,False,None,20.74285714285716,541.685,,0.16873278236914585,1.1242815474688912,False,False,No setup,0.0,None,None,0,No active J-Curve setup.,Neutral,0,Not applicable,No directional setup; confirmation score not applicable.,Standard CPR,Not applicable,Not applicable,Standard CPR; Wide CPR rules not applied
HEIDELBERG,EQ,HEIDELBERGCEMENT (I) LTD,189.0,189.98,187.29,187.41,46164,8687712.4,20251113,190.2,185.0,189.67,188.29,187.6,188.98,188.98,187.6,1.3799999999999955,0.7275794801497314,Moderate,Bullish,Below CPR,Cash Only,Cement & Building Materials,False,False,False,0.9333333333333333,60,19193200.935,False,False,Higher,True,Neutral,False,Bullish Virgin,4.089999999999997,201.97179999999997,,0.3374083129584343,0.45264531067131253,False,False,No setup,0.0,None,None,0,No active J-Curve setup.,Neutral,0,Not applicable,No directional setup; confirmation score not applicable.,Standard CPR,Not applicable,Not applicable,Standard CPR; Wide CPR rules not applied
KRIDHANINF,EQ,KRIDHAN INFRA LIMITED,3.72,3.72,3.52,3.61,56597,202823.39,20251113,3.72,3.52,3.66,3.6333333333333333,3.62,3.6466666666666665,3.6466666666666665,3.62,0.026666666666666394,0.7285974499089178,Moderate,Bullish,Below CPR,Cash Only,Diversified,False,False,False,0.5,27,131595.17,False,False,Higher,True,Neutral,False,None,0.18285714285714283,,,0.14583333333333187,1.5412677380180442,False,False,No setup,0.0,None,None,0,No active J-Curve setup.,Neutral,0,Not applicable,No directional setup; confirmation score not applicable.,Standard CPR,Not applicable,Not applicable,Standard CPR; Wide CPR rules not applied
GVPIL,EQ,GE POWER INDIA LIMITED,299.9,303.0,296.9,300.3,137762,41436874.85,20251113,300.25,287.05,296.9,294.7333333333333,293.65,295.8166666666666,295.8166666666666,293.65,2.1666666666666288,0.7297631076681135,Moderate,Bullish,Above CPR,Cash Only,Diversified,False,False,False,0.6346153846153846,53,41436874.85,False,False,Higher,True,Neutral,False,Bullish Virgin,9.546428571428569,329.149,,0.22696096770170454,1.0,False,False,No setup,0.0,None,None,0,No active J-Curve setup.,Neutral,0,Not applicable,No directional setup; confirmation score not applicable.,Standard CPR,Not applicable,Not applicable,Standard CPR; Wide CPR rules not applied
BAJAJHIND,EQ,BAJAJ HINDUSTHAN SUGAR LT,21.01,21.24,20.9,20.96,4070467,85723969.08,20251113,21.6,20.88,21.01,21.163333333333338,21.240000000000002,21.086666666666673,21.240000000000002,21.086666666666673,0.15333333333332888,0.7298112010153682,Moderate,Bearish,Below CPR,Cash Only,Diversified,False,False,False,0.8,60,102441831.47,False,False,Lower,True,Neutral,False,Bearish Virgin,0.6385714285714289,21.3596,,0.2401193139448102,0.8368062914328527,False,False,No setup,0.0,None,None,0,No active J-Curve setup.,Neutral,0,Not applicable,No directional setup; confirmation score not applicable.,Standard CPR,Not applicable,Not applicable,Standard CPR; Wide CPR rules not applied
PARACABLES,EQ,PARAMOUNT COMM LTD,41.99,42.23,40.65,41.07,582515,23952555.99,20251113,42.04,40.78,41.87,41.56333333333333,41.41,41.71666666666667,41.71666666666667,41.41,0.30666666666667197,0.7324257622800859,Moderate,Bullish,Below CPR,Cash Only,Media & Entertainment,False,False,False,0.6833333333333333,60,27997233.33,False,False,Higher,True,Neutral,False,Bullish Virgin,1.2300000000000004,44.7222,,0.24932249322493646,0.8555329631208242,False,False,No setup,0.0,None,None,0,No active J-Curve setup.,Neutral,0,Not applicable,No directional setup; confirmation score not applicable.,Standard CPR,Not applicable,Not applicable,Standard CPR; Wide CPR rules not applied
NAHARINDUS,EQ,NAHAR INDS ENT LTD,112.29,113.6,110.15,110.42,6791,756923.43,20251113,112.8,109.8,110.09,110.89666666666666,111.3,110.49333333333333,111.3,110.49333333333333,0.806666666666672,0.7327338238411045,Moderate,Bearish,Below CPR,Cash Only,Diversified,False,False,False,0.6,36,1097794.905,False,False,Overlapping,True,Neutral,False,None,3.760714285714284,,,0.2144982589427049,0.6894943914865409,False,False,No setup,0.0,None,None,0,No active J-Curve setup.,Neutral,0,Not applicable,No directional setup; confirmation score not applicable.,Standard CPR,Not applicable,Not applicable,Standard CPR; Wide CPR rules not applied
CPCAP,EQ,CP CAPITAL LIMITED,117.9,118.13,115.0,116.08,23340,2724882.93,20251113,120.29,115.11,116.42,117.27333333333333,117.7,116.84666666666665,117.7,116.84666666666665,0.853333333333353,0.732978296970755,Moderate,Bearish,Below CPR,Cash Only,Diversified,False,False,False,0.6166666666666667,60,2020335.1099999999,False,False,Overlapping,True,Neutral,False,None,5.732857142857147,128.7008,,0.14884957222360995,1.3487281968781903,False,False,No setup,0.0,None,None,0,No active J-Curve setup.,Neutral,0,Not applicable,No directional setup; confirmation score not applicable.,Standard CPR,Not applicable,Not applicable,Standard CPR; Wide CPR rules not applied
NEULANDLAB,EQ,NEULAND LAB LTD.,17565.0,17640.0,17183.0,17223.0,43091,749065135.0,20251113,17749.0,17018.0,17577.0,17448.0,17383.5,17512.5,17512.5,17383.5,129.0,0.7339136371394436,Moderate,Bullish,Below CPR,Cash Only,Healthcare,True,False,False,0.5833333333333334,60,649462965.5,False,False,Inside,True,Neutral,False,None,729.8571428571429,15803.62,,0.17674691720493246,1.1533608146899024,True,False,No setup,0.0,None,None,0,No active J-Curve setup.,Neutral,0,Not applicable,No directional setup; confirmation score not applicable.,Standard CPR,Not applicable,Not applicable,Standard CPR; Wide CPR rules not applied
GULPOLY,EQ,GULSHAN POLYOLS LIMITED,151.16,152.0,148.52,150.79,93881,14127079.94,20251113,155.24,149.1,150.51,151.61666666666667,152.17000000000002,151.06333333333333,152.17000000000002,151.06333333333333,1.1066666666666833,0.7352778331450956,Moderate,Bearish,Below CPR,Cash Only,Diversified,False,False,False,0.85,60,7835307.68,True,False,Lower,True,Neutral,False,Bearish Virgin,5.187857142857142,152.3176,,0.2133186470237308,1.8030025771751186,False,False,No setup,0.0,None,None,0,No active J-Curve setup.,Neutral,0,Not applicable,No directional setup; confirmation score not applicable.,Standard CPR,Not applicable,Not applicable,Standard CPR; Wide CPR rules not applied
ZIMLAB,EQ,ZIM LABORATORIES LIMITED,73.28,75.0,71.79,73.47,174217,12746583.67,20251113,77.8,74.12,76.81,76.24333333333334,75.96000000000001,76.52666666666667,76.52666666666667,75.96000000000001,0.5666666666666629,0.7377511608731452,Moderate,Bullish,Below CPR,Cash Only,Healthcare & Pharma,False,False,False,0.7166666666666667,60,3718807.715,False,False,Higher,True,Neutral,False,None,4.508571428571428,72.852,,0.12568652302492525,3.4275995552515415,True,False,No setup,0.0,None,None,0,No active J-Curve setup.,Neutral,0,Not applicable,No directional setup; confirmation score not applicable.,Standard CPR,Not applicable,Not applicable,Standard CPR; Wide CPR rules not applied
GSFC,EQ,GUJ STATE FERT & CHEM LTD,196.99,198.7,193.0,193.84,1620564,316769811.12,20251113,198.25,190.2,196.4,194.95000000000002,194.225,195.67500000000004,195.67500000000004,194.225,1.4500000000000455,0.7382892057026709,Moderate,Bullish,Below CPR,Cash Only,Diversified,False,False,False,0.85,60,168122746.015,False,False,Higher,True,Neutral,False,Bullish Virgin,4.262142857142856,198.1966,,0.3402044578515274,1.8841579657028542,False,False,No setup,0.0,None,None,0,No active J-Curve setup.,Neutral,0,Not applicable,No directional setup; confirmation score not applicable.,Standard CPR,Not applicable,Not applicable,Standard CPR; Wide CPR rules not applied
SKIPPER,EQ,SKIPPER LIMITED,480.35,492.75,475.2,476.3,288984,139269383.65,20251113,492.0,479.35,480.35,483.90000000000003,485.675,482.12500000000006,485.675,482.12500000000006,3.5499999999999545,0.7390444467575631,Moderate,Bearish,Below CPR,Cash Only,Diversified,False,False,False,0.75,60,160327907.5,False,False,Lower,True,Neutral,False,None,15.157142857142853,523.4259999999999,,0.23421300659754654,0.868653410511205,False,False,No setup,0.0,None,None,0,No active J-Curve setup.,Neutral,0,Not applicable,No directional setup; confirmation score not applicable.,Standard CPR,Not applicable,Not applicable,Standard CPR; Wide CPR rules not applied
MOLDTECH,EQ,MOLD-TEK TECHNOLOGIES LTD,186.2,187.16,175.1,176.65,82286,14876161.89,20251113,186.31,176.51,183.45,182.09,181.41,182.77,182.77,181.41,1.3600000000000136,0.7413464159171511,Moderate,Bullish,Below CPR,Cash Only,Information Technology,False,False,False,0.6833333333333333,60,14521863.129999999,False,False,Inside,True,Neutral,False,None,9.584999999999999,184.24740000000003,,0.14188836724048134,1.0243976104738293,False,False,No setup,0.0,None,None,0,No active J-Curve setup.,Neutral,0,Not applicable,No directional setup; confirmation score not applicable.,Standard CPR,Not applicable,Not applicable,Standard CPR; Wide CPR rules not applied
FSL,EQ,FIRSTSOURCE SOLU. LTD.,366.5,370.0,361.0,364.5,780479,285746800.35,20251113,370.8,353.75,366.35,363.6333333333334,362.275,364.9916666666668,364.9916666666668,362.275,2.7166666666668107,0.7415495200400739,Moderate,Bullish,Inside CPR,Cash Only,Services,True,False,False,0.7666666666666667,60,281941223.9,False,False,Higher,True,Neutral,False,Bullish Virgin,11.06428571428572,346.539,,0.2455347536044889,1.0134977652340398,True,False,No setup,0.0,None,None,0,No active J-Curve setup.,Neutral,0,Not applicable,No directional setup; confirmation score not applicable.,Standard CPR,Not applicable,Not applicable,Standard CPR; Wide CPR rules not applied
GLOBECIVIL,EQ,GLOBE CIVIL PROJECTS LTD,68.5,69.4,64.91,65.95,572621,38416883.11,20251113,69.35,66.97,67.41,67.91,68.16,67.66,68.16,67.66,0.5,0.7417297136923305,Moderate,Bearish,Below CPR,Cash Only,Diversified,False,False,False,0.7333333333333333,60,19606910.48,False,False,Overlapping,True,Neutral,False,None,2.7850000000000015,73.6738,,0.17953321364452415,1.9593542363131145,False,False,No setup,0.0,None,None,0,No active J-Curve setup.,Neutral,0,Not applicable,No directional setup; confirmation score not applicable.,Standard CPR,Not applicable,Not applicable,Standard CPR; Wide CPR rules not applied
DPABHUSHAN,EQ,D. P. ABHUSHAN LIMITED,1446.7,1480.0,1440.1,1453.8,10539,15411195.5,20251113,1500.0,1444.2,1455.9,1466.7,1472.1,1461.3000000000002,1472.1,1461.3000000000002,10.799999999999727,0.7418091901916153,Moderate,Bearish,Below CPR,Cash Only,Diversified,False,False,False,0.85,60,35762905.400000006,False,False,Lower,True,Neutral,False,None,49.26428571428575,1474.57,,0.2192257503262231,0.43092683124117753,False,False,No setup,0.0,None,None,0,No active J-Curve setup.,Neutral,0,Not applicable,No directional setup; confirmation score not applicable.,Standard CPR,Not applicable,Not applicable,Standard CPR; Wide CPR rules not applied
SAGARDEEP,EQ,SAGARDEEP ALLOYS LIMITED,27.0,27.94,26.66,27.04,19865,540171.03,20251113,28.28,26.72,27.81,27.603333333333335,27.5,27.70666666666667,27.70666666666667,27.5,0.20666666666667055,0.7431379599664529,Moderate,Bullish,Below CPR,Cash Only,Diversified,False,False,False,0.6166666666666667,60,206079.995,False,False,Outside,True,Neutral,False,None,1.4778571428571434,28.016399999999997,,0.13984211374255132,2.6211715989220594,False,False,No setup,0.0,None,None,0,No active J-Curve setup.,Neutral,0,Not applicable,No directional setup; confirmation score not applicable.,Standard CPR,Not applicable,Not applicable,Standard CPR; Wide CPR rules not applied
WILLAMAGOR,EQ,WILLIAMSON MAGOR,33.6,34.45,32.23,32.85,1993,66950.84,20251113,34.25,32.2,33.6,33.35,33.225,33.475,33.475,33.225,0.25,0.744047619047619,Moderate,Bullish,Below CPR,Cash Only,Diversified,False,False,False,0.4,60,174919.35,True,False,Overlapping,True,Neutral,False,None,1.5399999999999998,33.462599999999995,,0.16233766233766236,0.382752622851617,False,False,No setup,0.0,None,None,0,No active J-Curve setup.,Neutral,0,Not applicable,No directional setup; confirmation score not applicable.,Standard CPR,Not applicable,Not applicable,Standard CPR; Wide CPR rules not applied
SHAILY,EQ,SHAILY ENG PLASTICS LTD,2500.0,2623.7,2499.9,2610.5,477866,1235935765.9,20251113,2529.0,2408.4,2496.6,2478.0,2468.7,2487.3,2487.3,2468.7,18.600000000000364,0.7450132179764626,Moderate,Bullish,Above CPR,Cash Only,Diversified,False,False,False,0.6166666666666667,60,336585610.85,False,False,Overlapping,True,Neutral,False,Bullish Virgin,137.21428571428578,2344.4339999999997,,0.13555439875065328,3.671980399812151,True,False,No setup,0.0,None,None,0,No active J-Curve setup.,Neutral,0,Not applicable,No directional setup; confirmation score not applicable.,Standard CPR,Not applicable,Not applicable,Standard CPR; Wide CPR rules not applied
TMPV,EQ,TATA MOTORS PASS VEH LTD,404.0,404.0,397.4,397.95,13165727,5259774079.35,20251113,411.4,401.9,402.15,405.1499999999999,406.65,403.64999999999986,406.65,403.64999999999986,3.0000000000001137,0.7459903021261006,Moderate,Bearish,Below CPR,Cash Only,Automobile and Auto Components,True,False,False,0.9230769230769231,14,3555847955.675,False,False,Lower,False,Neutral,False,Bearish Virgin,,,,,1.4791898148950935,False,False,No setup,0.0,None,None,0,No active J-Curve setup.,Neutral,0,Not applicable,No directional setup; confirmation score not applicable.,Standard CPR,Not applicable,Not applicable,Standard CPR; Wide CPR rules not applied
TCS,EQ,TATA CONSULTANCY SERV LT,3131.8,3131.9,3102.0,3105.7,1740435,5418091012.5,20251113,3136.4,3057.1,3131.8,3108.433333333333,3096.75,3120.116666666666,3120.116666666666,3096.75,23.36666666666588,0.7461097984119637,Moderate,Bullish,Inside CPR,Cash Only,Information Technology,True,False,False,0.9666666666666667,60,8310655573.1,False,False,Higher,True,Neutral,False,Bullish Virgin,44.12142857142859,3038.2980000000007,,0.5295990502401201,0.6519450800051589,True,False,No setup,0.0,None,None,0,No active J-Curve setup.,Neutral,0,Not applicable,No directional setup; confirmation score not applicable.,Standard CPR,Not applicable,Not applicable,Standard CPR; Wide CPR rules not applied
ANIKINDS,EQ,ANIK INDUSTRIES LTD,73.73,76.8,73.73,76.24,6984,525222.01,20251113,77.5,73.31,74.57,75.12666666666667,75.405,74.84833333333333,75.405,74.84833333333333,0.556666666666672,0.7465021679853454,Moderate,Bearish,Above CPR,Cash Only,Diversified,False,False,False,0.38333333333333336,60,1681518.125,False,False,Higher,True,Neutral,False,None,4.440714285714285,73.2144,,0.12535520883598855,0.31234989512824907,True,False,No setup,0.0,None,None,0,No active J-Curve setup.,Neutral,0,Not applicable,No directional setup; confirmation score not applicable.,Standard CPR,Not applicable,Not applicable,Standard CPR; Wide CPR rules not applied
LUMAXIND,EQ,LUMAX INDUSTRIES LTD,5020.0,5051.0,4900.0,4921.4,7767,38590259.1,20251113,5073.0,4880.1,5033.1,4995.400000000001,4976.55,5014.250000000001,5014.250000000001,4976.55,37.70000000000073,0.7490413462875907,Moderate,Bullish,Below CPR,Cash Only,Diversified,False,False,False,0.5333333333333333,60,91718714.9,True,False,Higher,True,Neutral,False,None,221.50714285714295,4731.393999999999,,0.17019767179388282,0.4207457457518302,True,False,No setup,0.0,None,None,0,No active J-Curve setup.,Neutral,0,Not applicable,No directional setup; confirmation score not applicable.,Standard CPR,Not applicable,Not applicable,Standard CPR; Wide CPR rules not applied
IFBIND,EQ,IFB INDUSTRIES LTD,1779.0,1801.9,1729.9,1737.8,68091,120035423.6,20251113,1815.5,1765.1,1770.4,1783.6666666666667,1790.3,1777.0333333333335,1790.3,1777.0333333333335,13.266666666666424,0.7493598433498884,Moderate,Bearish,Below CPR,Cash Only,Diversified,False,False,False,0.6166666666666667,60,82490291.69999999,True,False,Lower,True,Neutral,False,Bearish Virgin,76.75000000000001,1719.62,,0.1728555917480967,1.4551460678129717,True,False,No setup,0.0,None,None,0,No active J-Curve setup.,Neutral,0,Not applicable,No directional setup; confirmation score not applicable.,Standard CPR,Not applicable,Not applicable,Standard CPR; Wide CPR rules not applied
NATCOPHARM,EQ,NATCO PHARMA LTD.,828.0,831.95,821.15,826.15,457469,378524531.1,20251113,829.0,797.2,822.35,816.1833333333334,813.1,819.2666666666668,819.2666666666668,813.1,6.1666666666667425,0.7498834640562707,Moderate,Bullish,Above CPR,Cash Only,Healthcare,True,False,False,0.9,60,295825385.25,False,False,Higher,True,Neutral,False,Bullish Virgin,16.832142857142863,832.9909999999999,,0.3663625433198997,1.2795539192152545,False,False,No setup,0.0,None,None,0,No active J-Curve setup.,Neutral,0,Not applicable,No directional setup; confirmation score not applicable.,Standard CPR,Not applicable,Not applicable,Standard CPR; Wide CPR rules not applied
TARMAT,EQ,TARMAT LIMITED,51.3,54.39,49.72,53.14,93439,4869968.52,20251113,52.7,51.02,52.45,52.05666666666667,51.86,52.253333333333345,52.253333333333345,51.86,0.3933333333333451,0.7499205592628123,Moderate,Bullish,Above CPR,Cash Only,Diversified,False,False,False,0.6666666666666666,60,1166551.4,False,False,Outside,True,Neutral,False,None,2.0050000000000012,52.3984,,0.19617622610141888,4.174671188942039,True,False,No setup,0.0,None,None,0,No active J-Curve setup.,Neutral,0,Not applicable,No directional setup; confirmation score not applicable.,Standard CPR,Not applicable,Not applicable,Standard CPR; Wide CPR rules not applied
