SYMBOL,SERIES,NAME,OPEN,HIGH,LOW,CLOSE,VOLUME,VALUE,session,Pivot,BC,TC,CPR_Top,CPR_Bottom,CPR_Width,CPR_Width_Pct,CPR_Class,Bias,Price_Position,Segment,Industry,Bullish_CPR,Bearish_CPR,Width_Rank_Pct,History_Days,Value_60d,Overlay,Own_Narrow,Setup,Nifty500,Signal_Direction,Signal_Score,Signal_Grade,Signal_Explanation,Strategy_Type,Strategy_Setup,Strategy_Confirmation,Strategy_Explanation,JCurve_Stage,JCurve_Score,JCurve_Explanation
SHIVAUM,EQ,SHIV AUM STEELS LIMITED,365.1,365.1,365.1,365.1,30,10953.0,20260616,365.1000000000001,365.1,365.10000000000014,365.10000000000014,365.1,1.1368683772161605e-13,3.113854771887593e-14,Narrow,Bullish,Inside CPR,Cash Only,Diversified,False,False,0.5625,16,8026.325,Higher,False,No setup,False,Neutral,0,Not applicable,No directional setup; confirmation score not applicable.,Narrow CPR,Not applicable,Not applicable,Narrow CPR; Wide CPR rules not applied,None,0,No active J-Curve setup.
SIEMENS,EQ,SIEMENS LTD,3611.0,3669.0,3604.4,3636.9,325257,1184544600.5,20260616,3636.7666666666655,3636.7,3636.833333333333,3636.833333333333,3636.7,0.133333333333212,0.0036661259130911,Narrow,Bullish,Above CPR,Cash Only,Capital Goods,True,False,0.0555555555555555,18,1676217162.75,Higher,True,Long,True,Long,70,Confirmed,CPR width: Narrow (20/20); Price location: Above CPR (20/20); Trend: unavailable (10/20); Participation: unavailable (10/20); Higher timeframe: unavailable (10/20),Narrow CPR,Not applicable,Not applicable,Narrow CPR; Wide CPR rules not applied,None,0,No active J-Curve setup.
SPORTKING,EQ,SPORTKING INDIA LIMITED,184.09,184.09,177.31,180.72,147285,26545639.49,20260616,180.70666666666668,180.7,180.71333333333337,180.71333333333337,180.7,0.013333333333378,0.0073778958241357,Narrow,Bullish,Above CPR,Cash Only,Logistics & Ports,True,False,0.0555555555555555,18,77585949.91499999,Lower,True,No setup,False,Neutral,0,Not applicable,No directional setup; confirmation score not applicable.,Narrow CPR,Not applicable,Not applicable,Narrow CPR; Wide CPR rules not applied,None,0,No active J-Curve setup.
RSL,EQ,RAJPUTANA STAINLESS LTD,130.79,131.89,129.78,130.85,157159,20542622.04,20260616,130.84,130.83499999999998,130.84500000000003,130.84500000000003,130.83499999999998,0.0100000000000477,0.0076423385556345,Narrow,Bullish,Above CPR,Cash Only,Diversified,True,False,0.0555555555555555,18,49680502.53,Lower,True,No setup,False,Neutral,0,Not applicable,No directional setup; confirmation score not applicable.,Narrow CPR,Not applicable,Not applicable,Narrow CPR; Wide CPR rules not applied,None,0,No active J-Curve setup.
URBANCO,EQ,URBAN COMPANY LIMITED,128.79,129.79,127.9,128.86,1144254,147321948.57,20260616,128.85,128.845,128.855,128.855,128.845,0.0099999999999909,0.0077603600807006,Narrow,Bullish,Above CPR,Cash Only,Consumer Services,True,False,0.0555555555555555,18,404600610.235,Inside,True,No setup,True,Neutral,0,Not applicable,No directional setup; confirmation score not applicable.,Narrow CPR,Not applicable,Not applicable,Narrow CPR; Wide CPR rules not applied,None,0,No active J-Curve setup.
VISAKAIND,EQ,VISAKA INDUSTRIES LIMITED,76.41,78.0,75.82,76.92,124425,9570392.51,20260616,76.91333333333334,76.91,76.91666666666669,76.91666666666669,76.91,0.006666666666689,0.0086670133472296,Narrow,Bullish,Above CPR,Cash Only,Diversified,True,False,0.0555555555555555,18,7041564.565,Higher,True,Long,False,Long,70,Confirmed,CPR width: Narrow (20/20); Price location: Above CPR (20/20); Trend: unavailable (10/20); Participation: unavailable (10/20); Higher timeframe: unavailable (10/20),Narrow CPR,Not applicable,Not applicable,Narrow CPR; Wide CPR rules not applied,None,0,No active J-Curve setup.
BLIL,EQ,BALMER LAWRIE INVSTS. L,71.6,72.14,71.52,71.84,32452,2330424.93,20260616,71.83333333333333,71.83,71.83666666666666,71.83666666666666,71.83,0.0066666666666606,0.0092798812175119,Narrow,Bullish,Above CPR,Cash Only,Diversified,True,False,0.1111111111111111,18,4217053.565,Overlapping,True,No setup,False,Neutral,0,Not applicable,No directional setup; confirmation score not applicable.,Narrow CPR,Not applicable,Not applicable,Narrow CPR; Wide CPR rules not applied,None,0,No active J-Curve setup.
TRACXN,EQ,TRACXN TECHNOLOGIES LTD,31.99,32.69,31.56,32.13,91682,2956368.33,20260616,32.126666666666665,32.125,32.12833333333333,32.12833333333333,32.125,0.0033333333333303,0.0103745201784323,Narrow,Bullish,Above CPR,Cash Only,Diversified,True,False,0.0555555555555555,18,3480058.1900000004,Higher,True,Long,False,Long,70,Confirmed,CPR width: Narrow (20/20); Price location: Above CPR (20/20); Trend: unavailable (10/20); Participation: unavailable (10/20); Higher timeframe: unavailable (10/20),Narrow CPR,Not applicable,Not applicable,Narrow CPR; Wide CPR rules not applied,None,0,No active J-Curve setup.
SBFC,EQ,SBFC FINANCE LIMITED,93.5,94.22,92.43,93.34,704899,65616545.64,20260616,93.33,93.325,93.335,93.335,93.325,0.0099999999999909,0.0107135204628143,Narrow,Bullish,Above CPR,Cash Only,Financial Services,True,False,0.0555555555555555,18,62557612.42,Inside,True,No setup,True,Neutral,0,Not applicable,No directional setup; confirmation score not applicable.,Narrow CPR,Not applicable,Not applicable,Narrow CPR; Wide CPR rules not applied,None,0,No active J-Curve setup.
MUFIN,EQ,MUFIN GREEN FINANCE LTD,124.2,125.0,122.5,123.77,1003160,124279234.74,20260616,123.75666666666666,123.75,123.76333333333332,123.76333333333332,123.75,0.0133333333333212,0.0107726697368677,Narrow,Bullish,Above CPR,Cash Only,Diversified,True,False,0.0555555555555555,18,150307959.54000002,Inside,True,No setup,False,Neutral,0,Not applicable,No directional setup; confirmation score not applicable.,Narrow CPR,Not applicable,Not applicable,Narrow CPR; Wide CPR rules not applied,None,0,No active J-Curve setup.
TRIGYN,EQ,TRIGYN TECHNOLOGIES LTD,56.8,56.8,53.86,55.34,23175,1279851.25,20260616,55.333333333333336,55.33,55.33666666666667,55.33666666666667,55.33,0.0066666666666748,0.0120467413564777,Narrow,Bullish,Above CPR,Cash Only,Diversified,True,False,0.0555555555555555,18,1618712.915,Lower,True,No setup,False,Neutral,0,Not applicable,No directional setup; confirmation score not applicable.,Narrow CPR,Not applicable,Not applicable,Narrow CPR; Wide CPR rules not applied,None,0,No active J-Curve setup.
BASF,EQ,BASF INDIA LTD,3491.5,3491.5,3431.2,3462.0,7545,26038818.9,20260616,3461.566666666667,3461.35,3461.783333333334,3461.783333333334,3461.35,0.4333333333343034,0.0125168496052658,Narrow,Bullish,Above CPR,Cash Only,Diversified,True,False,0.0555555555555555,18,54380207.5,Inside,True,No setup,False,Neutral,0,Not applicable,No directional setup; confirmation score not applicable.,Narrow CPR,Not applicable,Not applicable,Narrow CPR; Wide CPR rules not applied,None,0,No active J-Curve setup.
CYBERTECH,EQ,CYBERTECH SYSTEMS & SOFTW,138.9,148.9,138.1,143.53,125957,18095874.09,20260616,143.51,143.5,143.51999999999998,143.51999999999998,143.5,0.0199999999999818,0.0139343691214253,Narrow,Bullish,Above CPR,Cash Only,Information Technology,True,False,0.1666666666666666,18,9479140.68,Higher,True,Long,False,Long,70,Confirmed,CPR width: Narrow (20/20); Price location: Above CPR (20/20); Trend: unavailable (10/20); Participation: unavailable (10/20); Higher timeframe: unavailable (10/20),Narrow CPR,Not applicable,Not applicable,Narrow CPR; Wide CPR rules not applied,None,0,No active J-Curve setup.
ANGELONE,EQ,ANGEL ONE LIMITED,353.0,353.45,342.9,348.25,6190114,2149321051.3,20260616,348.2,348.17499999999995,348.225,348.225,348.17499999999995,0.0500000000000682,0.0143575017947073,Narrow,Bullish,Above CPR,Cash Only,Financial Services,True,False,0.0555555555555555,18,2232798904.275,Lower,True,No setup,True,Neutral,0,Not applicable,No directional setup; confirmation score not applicable.,Narrow CPR,Not applicable,Not applicable,Narrow CPR; Wide CPR rules not applied,None,0,No active J-Curve setup.
AHLADA,EQ,AHLADA ENGINEERS LIMITED,41.76,41.84,40.3,41.08,8297,341444.74,20260616,41.07333333333333,41.07,41.07666666666666,41.07666666666666,41.07,0.0066666666666606,0.0162284972411407,Narrow,Bullish,Above CPR,Cash Only,Diversified,True,False,0.0555555555555555,18,438029.71,Inside,True,No setup,False,Neutral,0,Not applicable,No directional setup; confirmation score not applicable.,Narrow CPR,Not applicable,Not applicable,Narrow CPR; Wide CPR rules not applied,None,0,No active J-Curve setup.
ROSSARI,EQ,ROSSARI BIOTECH LIMITED,508.0,519.9,506.85,513.5,45952,23591011.25,20260616,513.4166666666666,513.375,513.4583333333333,513.4583333333333,513.375,0.0833333333332575,0.0162284972411407,Narrow,Bullish,Above CPR,Cash Only,Diversified,True,False,0.0555555555555555,18,43553978.675,Higher,True,Long,False,Long,70,Confirmed,CPR width: Narrow (20/20); Price location: Above CPR (20/20); Trend: unavailable (10/20); Participation: unavailable (10/20); Higher timeframe: unavailable (10/20),Narrow CPR,Not applicable,Not applicable,Narrow CPR; Wide CPR rules not applied,None,0,No active J-Curve setup.
ABFRL,EQ,ADITYA BIRLA FASHION & RT,61.4,61.4,60.51,60.97,3340877,203766501.71,20260616,60.96,60.955,60.965,60.965,60.955,0.0100000000000051,0.0164015089388307,Narrow,Bullish,Above CPR,Cash Only,Consumer Services,True,False,0.1111111111111111,18,228896094.59,Lower,True,No setup,True,Neutral,0,Not applicable,No directional setup; confirmation score not applicable.,Narrow CPR,Not applicable,Not applicable,Narrow CPR; Wide CPR rules not applied,None,0,No active J-Curve setup.
SUPREMEINF,EQ,SUPREME INFRA. LTD.,81.5,81.89,79.21,80.57,66588,5372235.56,20260616,80.55666666666666,80.55,80.56333333333332,80.56333333333332,80.55,0.0133333333333212,0.0165487567746322,Narrow,Bullish,Above CPR,Cash Only,Diversified,True,False,0.2222222222222222,18,4166791.05,Inside,True,No setup,False,Neutral,0,Not applicable,No directional setup; confirmation score not applicable.,Narrow CPR,Not applicable,Not applicable,Narrow CPR; Wide CPR rules not applied,None,0,No active J-Curve setup.
GOPAL,EQ,GOPAL SNACKS LIMITED,284.15,287.1,281.45,284.35,101246,28808383.8,20260616,284.3,284.275,284.32500000000005,284.32500000000005,284.275,0.0500000000000682,0.01758396342538,Narrow,Bullish,Above CPR,Cash Only,Diversified,True,False,0.0555555555555555,18,22816802.125,Lower,True,No setup,False,Neutral,0,Not applicable,No directional setup; confirmation score not applicable.,Narrow CPR,Not applicable,Not applicable,Narrow CPR; Wide CPR rules not applied,None,0,No active J-Curve setup.
RATNAMANI,EQ,RATNAMANI MET & TUB LTD.,2591.0,2613.9,2582.1,2598.7,16738,43522284.0,20260616,2598.233333333333,2598.0,2598.4666666666662,2598.4666666666662,2598.0,0.4666666666662422,0.0179576967971001,Narrow,Bullish,Above CPR,Cash Only,Metals & Mining,True,False,0.0555555555555555,18,57323723.15,Higher,True,Long,False,Long,70,Confirmed,CPR width: Narrow (20/20); Price location: Above CPR (20/20); Trend: unavailable (10/20); Participation: unavailable (10/20); Higher timeframe: unavailable (10/20),Narrow CPR,Not applicable,Not applicable,Narrow CPR; Wide CPR rules not applied,None,0,No active J-Curve setup.
GICHSGFIN,EQ,GIC HOUSING FINANCE LTD,158.63,162.9,158.63,160.81,285055,45858088.45,20260616,160.78,160.765,160.79500000000002,160.79500000000002,160.765,0.0300000000000295,0.0186555562465204,Narrow,Bullish,Above CPR,Cash Only,Diversified,True,False,0.0555555555555555,18,13419718.11,Higher,True,Long,False,Long,70,Confirmed,CPR width: Narrow (20/20); Price location: Above CPR (20/20); Trend: unavailable (10/20); Participation: unavailable (10/20); Higher timeframe: unavailable (10/20),Narrow CPR,Not applicable,Not applicable,Narrow CPR; Wide CPR rules not applied,None,0,No active J-Curve setup.
INDIACEM,EQ,THE INDIA CEMENTS LIMITED,394.35,396.65,389.2,393.05,88802,34850199.9,20260616,392.9666666666666,392.925,393.0083333333333,393.0083333333333,392.925,0.0833333333333712,0.0212017130984279,Narrow,Bullish,Above CPR,Cash Only,Construction Materials,True,False,0.1666666666666666,18,51343612.725,Lower,True,No setup,True,Neutral,0,Not applicable,No directional setup; confirmation score not applicable.,Narrow CPR,Not applicable,Not applicable,Narrow CPR; Wide CPR rules not applied,None,0,No active J-Curve setup.
PIONRINV,EQ,PIONEER INVESTCORP LTD.,98.0,98.0,88.0,93.03,6234,578217.8,20260616,93.01,93.0,93.01999999999998,93.01999999999998,93.0,0.0199999999999818,0.0214984413629816,Narrow,Bullish,Above CPR,Cash Only,Diversified,True,False,0.1111111111111111,18,402888.075,Lower,True,No setup,False,Neutral,0,Not applicable,No directional setup; confirmation score not applicable.,Narrow CPR,Not applicable,Not applicable,Narrow CPR; Wide CPR rules not applied,None,0,No active J-Curve setup.
TTKPRESTIG,EQ,TTK PRESTIGE LTD,534.9,548.95,533.0,541.15,68672,37259584.35,20260616,541.0333333333333,540.975,541.0916666666666,541.0916666666666,540.975,0.1166666666665605,0.0215590255320263,Narrow,Bullish,Above CPR,Cash Only,Diversified,True,False,0.1111111111111111,18,44513061.75,Higher,True,Long,False,Long,70,Confirmed,CPR width: Narrow (20/20); Price location: Above CPR (20/20); Trend: unavailable (10/20); Participation: unavailable (10/20); Higher timeframe: unavailable (10/20),Narrow CPR,Not applicable,Not applicable,Narrow CPR; Wide CPR rules not applied,None,0,No active J-Curve setup.
KRBL,EQ,KRBL LIMITED,375.5,385.1,374.15,379.75,647739,246964076.0,20260616,379.6666666666667,379.625,379.70833333333337,379.70833333333337,379.625,0.0833333333333712,0.0219442615756079,Narrow,Bullish,Above CPR,Cash Only,Diversified,True,False,0.0555555555555555,18,157041839.22500002,Higher,True,Long,False,Long,70,Confirmed,CPR width: Narrow (20/20); Price location: Above CPR (20/20); Trend: unavailable (10/20); Participation: unavailable (10/20); Higher timeframe: unavailable (10/20),Narrow CPR,Not applicable,Not applicable,Narrow CPR; Wide CPR rules not applied,None,0,No active J-Curve setup.
DHAMPURSUG,EQ,DHAMPUR SUGAR MILLS LTD.,144.98,145.65,143.45,144.6,104001,15017032.96,20260616,144.5666666666667,144.55,144.58333333333337,144.58333333333337,144.55,0.0333333333333598,0.0230520977409127,Narrow,Bullish,Above CPR,Cash Only,Diversified,True,False,0.1111111111111111,18,25438007.735,Lower,True,No setup,False,Neutral,0,Not applicable,No directional setup; confirmation score not applicable.,Narrow CPR,Not applicable,Not applicable,Narrow CPR; Wide CPR rules not applied,None,0,No active J-Curve setup.
SIGNATURE,EQ,SIGNATUREGLOBAL INDIA LTD,790.0,803.5,790.0,797.05,211247,168624089.4,20260616,796.85,796.75,796.95,796.95,796.75,0.2000000000000454,0.0250925286995854,Narrow,Bullish,Above CPR,Cash Only,Realty,True,False,0.1111111111111111,18,195351705.325,Higher,True,Long,True,Long,70,Confirmed,CPR width: Narrow (20/20); Price location: Above CPR (20/20); Trend: unavailable (10/20); Participation: unavailable (10/20); Higher timeframe: unavailable (10/20),Narrow CPR,Not applicable,Not applicable,Narrow CPR; Wide CPR rules not applied,None,0,No active J-Curve setup.
STARCEMENT,EQ,STAR CEMENT LIMITED,215.0,215.94,211.43,213.77,630122,134401448.64,20260616,213.7133333333333,213.685,213.74166666666667,213.74166666666667,213.685,0.0566666666666719,0.0265082409443195,Narrow,Bullish,Above CPR,Cash Only,Building Materials,True,False,0.0555555555555555,18,71464263.625,Lower,True,No setup,False,Neutral,0,Not applicable,No directional setup; confirmation score not applicable.,Narrow CPR,Not applicable,Not applicable,Narrow CPR; Wide CPR rules not applied,None,0,No active J-Curve setup.
MEDPLUS,EQ,MEDPLUS HEALTH SERV LTD,871.0,873.75,863.35,868.9,101642,88354988.1,20260616,868.6666666666666,868.55,868.7833333333333,868.7833333333333,868.55,0.2333333333333485,0.0268538765488949,Narrow,Bullish,Above CPR,Cash Only,Diversified,True,False,0.0555555555555555,18,168800704.55,Lower,True,No setup,False,Neutral,0,Not applicable,No directional setup; confirmation score not applicable.,Narrow CPR,Not applicable,Not applicable,Narrow CPR; Wide CPR rules not applied,None,0,No active J-Curve setup.
BSL,EQ,BSL LTD,123.3,125.68,121.5,123.64,4038,502293.4,20260616,123.60666666666668,123.59,123.62333333333332,123.62333333333332,123.59,0.0333333333333314,0.0269599913728012,Narrow,Bullish,Above CPR,Cash Only,Diversified,True,False,0.0555555555555555,18,492065.455,Lower,True,No setup,False,Neutral,0,Not applicable,No directional setup; confirmation score not applicable.,Narrow CPR,Not applicable,Not applicable,Narrow CPR; Wide CPR rules not applied,None,0,No active J-Curve setup.
SURAJLTD,EQ,SURAJ LIMITED,233.0,233.7,223.1,228.5,859,194437.2,20260616,228.4333333333333,228.4,228.46666666666664,228.46666666666664,228.4,0.0666666666666628,0.029175784099196,Narrow,Bullish,Above CPR,Cash Only,Diversified,True,False,0.1666666666666666,18,159168.14,Lower,True,No setup,False,Neutral,0,Not applicable,No directional setup; confirmation score not applicable.,Narrow CPR,Not applicable,Not applicable,Narrow CPR; Wide CPR rules not applied,None,0,No active J-Curve setup.
TATATECH,EQ,TATA TECHNOLOGIES LIMITED,775.0,777.2,762.0,769.95,735803,565551416.85,20260616,769.7166666666667,769.6,769.8333333333334,769.8333333333334,769.6,0.2333333333333485,0.0303049981600556,Narrow,Bullish,Above CPR,Cash Only,Information Technology,True,False,0.1111111111111111,18,1099099563.45,Overlapping,True,No setup,True,Neutral,0,Not applicable,No directional setup; confirmation score not applicable.,Narrow CPR,Not applicable,Not applicable,Narrow CPR; Wide CPR rules not applied,None,0,No active J-Curve setup.
SEIL,EQ,SHANTI EDU INITIATIVES L,210.31,211.05,205.3,208.27,531919,110531285.72,20260616,208.20666666666668,208.175,208.23833333333332,208.23833333333332,208.175,0.0633333333333325,0.0304092444103003,Narrow,Bullish,Above CPR,Cash Only,Diversified,True,False,0.0555555555555555,18,73130617.88499999,Higher,True,Long,False,Long,70,Confirmed,CPR width: Narrow (20/20); Price location: Above CPR (20/20); Trend: unavailable (10/20); Participation: unavailable (10/20); Higher timeframe: unavailable (10/20),Narrow CPR,Not applicable,Not applicable,Narrow CPR; Wide CPR rules not applied,None,0,No active J-Curve setup.
BELRISE,EQ,BELRISE INDUSTRIES LTD,239.41,241.02,233.61,237.43,2735050,649632253.97,20260616,237.35333333333327,237.315,237.39166666666665,237.39166666666665,237.315,0.0766666666666537,0.0322902188715216,Narrow,Bullish,Above CPR,Cash Only,Automobile and Auto Components,True,False,0.1666666666666666,18,800831122.555,Inside,True,No setup,True,Neutral,0,Not applicable,No directional setup; confirmation score not applicable.,Narrow CPR,Not applicable,Not applicable,Narrow CPR; Wide CPR rules not applied,None,0,No active J-Curve setup.
PML,EQ,PAUL MERCHANTS LTD.,507.0,507.0,500.0,503.75,431,217454.5,20260616,503.5833333333333,503.5,503.6666666666666,503.6666666666666,503.5,0.1666666666666287,0.0330851943755094,Narrow,Bullish,Above CPR,Cash Only,Diversified,True,False,0.1666666666666666,18,188160.45,Lower,True,No setup,False,Neutral,0,Not applicable,No directional setup; confirmation score not applicable.,Narrow CPR,Not applicable,Not applicable,Narrow CPR; Wide CPR rules not applied,None,0,No active J-Curve setup.
POWERINDIA,EQ,HITACHI ENERGY INDIA LTD,34800.0,34920.0,34525.0,34740.0,57891,2010903030.0,20260616,34728.333333333336,34722.5,34734.16666666667,34734.16666666667,34722.5,11.666666666671516,0.0335828056035449,Narrow,Bullish,Above CPR,Cash Only,Capital Goods,True,False,0.0555555555555555,18,7153087845.0,Higher,True,Long,True,Long,70,Confirmed,CPR width: Narrow (20/20); Price location: Above CPR (20/20); Trend: unavailable (10/20); Participation: unavailable (10/20); Higher timeframe: unavailable (10/20),Narrow CPR,Not applicable,Not applicable,Narrow CPR; Wide CPR rules not applied,None,0,No active J-Curve setup.
ALEMBICLTD,EQ,ALEMBIC LIMITED,89.38,90.0,88.41,89.25,162109,14470649.56,20260616,89.21999999999998,89.205,89.23499999999997,89.23499999999997,89.205,0.0299999999999727,0.0336134453781206,Narrow,Bullish,Above CPR,Cash Only,Diversified,True,False,0.1111111111111111,18,16145791.245,Lower,True,No setup,False,Neutral,0,Not applicable,No directional setup; confirmation score not applicable.,Narrow CPR,Not applicable,Not applicable,Narrow CPR; Wide CPR rules not applied,None,0,No active J-Curve setup.
INDOSTAR,EQ,INDOSTAR CAPITAL FIN LTD,243.28,251.38,243.28,247.46,86424,21488730.3,20260616,247.3733333333333,247.33,247.41666666666669,247.41666666666669,247.33,0.0866666666667015,0.0350224952180964,Narrow,Bullish,Above CPR,Cash Only,Diversified,True,False,0.1111111111111111,18,32864610.0,Higher,True,Long,False,Long,70,Confirmed,CPR width: Narrow (20/20); Price location: Above CPR (20/20); Trend: unavailable (10/20); Participation: unavailable (10/20); Higher timeframe: unavailable (10/20),Narrow CPR,Not applicable,Not applicable,Narrow CPR; Wide CPR rules not applied,None,0,No active J-Curve setup.
RKDL,EQ,RAVI KUMAR DIST. LTD.,18.5,18.69,17.93,18.32,12922,237294.79,20260616,18.313333333333336,18.31,18.31666666666667,18.31666666666667,18.31,0.0066666666666677,0.0363901018922909,Narrow,Bullish,Above CPR,Cash Only,Diversified,True,False,0.0555555555555555,18,332720.65,Inside,True,No setup,False,Neutral,0,Not applicable,No directional setup; confirmation score not applicable.,Narrow CPR,Not applicable,Not applicable,Narrow CPR; Wide CPR rules not applied,None,0,No active J-Curve setup.
HUDCO,EQ,HSG & URBAN DEV CORPN LTD,210.38,216.18,209.24,212.83,3722427,795001528.68,20260616,212.75,212.71,212.79,212.79,212.71,0.079999999999984,0.037588685805565,Narrow,Bullish,Above CPR,Cash Only,Financial Services,True,False,0.0555555555555555,18,357326122.665,Higher,True,Long,True,Long,70,Confirmed,CPR width: Narrow (20/20); Price location: Above CPR (20/20); Trend: unavailable (10/20); Participation: unavailable (10/20); Higher timeframe: unavailable (10/20),Narrow CPR,Not applicable,Not applicable,Narrow CPR; Wide CPR rules not applied,None,0,No active J-Curve setup.
PODDARMENT,EQ,PODDAR PIGMENTS LIMITED,255.0,265.0,255.0,260.15,1778,464496.95,20260616,260.05,260.0,260.1,260.1,260.0,0.1000000000000227,0.038439361906601,Narrow,Bullish,Above CPR,Cash Only,Diversified,True,False,0.0555555555555555,18,513034.875,Higher,True,Long,False,Long,70,Confirmed,CPR width: Narrow (20/20); Price location: Above CPR (20/20); Trend: unavailable (10/20); Participation: unavailable (10/20); Higher timeframe: unavailable (10/20),Narrow CPR,Not applicable,Not applicable,Narrow CPR; Wide CPR rules not applied,None,0,No active J-Curve setup.
INDIANB,EQ,INDIAN BANK,855.0,856.9,848.7,853.3,545601,465528557.45,20260616,852.9666666666666,852.8,853.1333333333332,853.1333333333332,852.8,0.3333333333332575,0.0390640259385043,Narrow,Bullish,Above CPR,Cash Only,Financial Services,True,False,0.1111111111111111,18,2175098658.025,Inside,True,No setup,True,Neutral,0,Not applicable,No directional setup; confirmation score not applicable.,Narrow CPR,Not applicable,Not applicable,Narrow CPR; Wide CPR rules not applied,None,0,No active J-Curve setup.
SASKEN,EQ,SASKEN TECHNOLOGIES LTD,2126.3,2250.0,2124.2,2188.4,41929,91030255.0,20260616,2187.5333333333333,2187.1,2187.9666666666667,2187.9666666666667,2187.1,0.8666666666667879,0.0396027539145854,Narrow,Bullish,Above CPR,Cash Only,Diversified,True,False,0.0555555555555555,18,229863279.8,Higher,True,Long,False,Long,70,Confirmed,CPR width: Narrow (20/20); Price location: Above CPR (20/20); Trend: unavailable (10/20); Participation: unavailable (10/20); Higher timeframe: unavailable (10/20),Narrow CPR,Not applicable,Not applicable,Narrow CPR; Wide CPR rules not applied,None,0,No active J-Curve setup.
HINDCOMPOS,EQ,HINDUSTAN COMPOSITES LTD.,419.3,424.25,414.05,419.4,3529,1481098.1,20260616,419.2333333333333,419.15,419.3166666666666,419.3166666666666,419.15,0.1666666666666287,0.0397393101255671,Narrow,Bullish,Above CPR,Cash Only,Diversified,True,False,0.0555555555555555,18,1904191.0,Lower,True,No setup,False,Neutral,0,Not applicable,No directional setup; confirmation score not applicable.,Narrow CPR,Not applicable,Not applicable,Narrow CPR; Wide CPR rules not applied,None,0,No active J-Curve setup.
EASEMYTRIP,EQ,EASY TRIP PLANNERS LTD,8.35,8.42,8.23,8.33,13250647,110025630.34,20260616,8.326666666666666,8.325,8.328333333333333,8.328333333333333,8.325,0.0033333333333338,0.0400160064025672,Narrow,Bullish,Above CPR,Cash Only,Diversified,True,False,0.1111111111111111,18,180687942.305,Lower,True,No setup,False,Neutral,0,Not applicable,No directional setup; confirmation score not applicable.,Narrow CPR,Not applicable,Not applicable,Narrow CPR; Wide CPR rules not applied,None,0,No active J-Curve setup.
RBLBANK,EQ,RBL BANK LIMITED,374.0,374.6,364.35,369.7,4125957,1520203756.45,20260616,369.55,369.475,369.625,369.625,369.475,0.1499999999999772,0.0405734379226338,Narrow,Bullish,Above CPR,Cash Only,Financial Services,True,False,0.0555555555555555,18,1587621673.075,Lower,True,No setup,True,Neutral,0,Not applicable,No directional setup; confirmation score not applicable.,Narrow CPR,Not applicable,Not applicable,Narrow CPR; Wide CPR rules not applied,None,0,No active J-Curve setup.
KIOCL,EQ,KIOCL LIMITED,402.55,417.85,402.55,410.45,388117,159462936.35,20260616,410.28333333333336,410.2000000000001,410.3666666666667,410.3666666666667,410.2000000000001,0.1666666666666287,0.0406058391196561,Narrow,Bullish,Above CPR,Cash Only,Diversified,True,False,0.0555555555555555,18,89397632.94999999,Higher,True,Long,False,Long,70,Confirmed,CPR width: Narrow (20/20); Price location: Above CPR (20/20); Trend: unavailable (10/20); Participation: unavailable (10/20); Higher timeframe: unavailable (10/20),Narrow CPR,Not applicable,Not applicable,Narrow CPR; Wide CPR rules not applied,None,0,No active J-Curve setup.
DONEAR,EQ,DONEAR IND. LIMITED,90.0,90.48,88.65,89.62,50667,4539043.58,20260616,89.58333333333333,89.565,89.60166666666666,89.60166666666666,89.565,0.0366666666666617,0.040913486572932,Narrow,Bullish,Above CPR,Cash Only,Diversified,True,False,0.1111111111111111,18,2473882.0300000003,Inside,True,No setup,False,Neutral,0,Not applicable,No directional setup; confirmation score not applicable.,Narrow CPR,Not applicable,Not applicable,Narrow CPR; Wide CPR rules not applied,None,0,No active J-Curve setup.
ANTHEM,EQ,ANTHEM BIOSCIENCES LTD,775.6,776.85,761.5,769.65,276308,212797257.95,20260616,769.3333333333334,769.175,769.4916666666668,769.4916666666668,769.175,0.3166666666668334,0.0411442430542237,Narrow,Bullish,Above CPR,Cash Only,Healthcare,True,False,0.0555555555555555,18,247747160.675,Lower,True,No setup,True,Neutral,0,Not applicable,No directional setup; confirmation score not applicable.,Narrow CPR,Not applicable,Not applicable,Narrow CPR; Wide CPR rules not applied,None,0,No active J-Curve setup.
INDNIPPON,EQ,INDIA NIPPON ELECT  LTD,917.0,944.0,908.05,926.6,87140,80816845.15,20260616,926.2166666666668,926.025,926.4083333333334,926.4083333333334,926.025,0.3833333333334394,0.0413698827253873,Narrow,Bullish,Above CPR,Cash Only,Diversified,True,False,0.0555555555555555,18,26363056.275,Higher,True,Long,False,Long,70,Confirmed,CPR width: Narrow (20/20); Price location: Above CPR (20/20); Trend: unavailable (10/20); Participation: unavailable (10/20); Higher timeframe: unavailable (10/20),Narrow CPR,Not applicable,Not applicable,Narrow CPR; Wide CPR rules not applied,None,0,No active J-Curve setup.
PHOENIXLTD,EQ,THE PHOENIX MILLS LTD,1867.5,1885.9,1848.0,1868.2,1134388,2120092748.9,20260616,1867.3666666666668,1866.95,1867.7833333333333,1867.7833333333333,1866.95,0.8333333333334849,0.0446062163223147,Narrow,Bullish,Above CPR,Cash Only,Realty,True,False,0.1111111111111111,18,712607156.1500001,Higher,True,Long,True,Long,70,Confirmed,CPR width: Narrow (20/20); Price location: Above CPR (20/20); Trend: unavailable (10/20); Participation: unavailable (10/20); Higher timeframe: unavailable (10/20),Narrow CPR,Not applicable,Not applicable,Narrow CPR; Wide CPR rules not applied,None,0,No active J-Curve setup.
BAJEL,EQ,BAJEL PROJECTS LIMITED,201.49,202.69,196.1,199.53,191969,38197501.83,20260616,199.44,199.395,199.485,199.485,199.395,0.0899999999999749,0.0451059990978674,Narrow,Bullish,Above CPR,Cash Only,Diversified,True,False,0.0555555555555555,18,63027504.135000005,Lower,True,No setup,False,Neutral,0,Not applicable,No directional setup; confirmation score not applicable.,Narrow CPR,Not applicable,Not applicable,Narrow CPR; Wide CPR rules not applied,None,0,No active J-Curve setup.
MICEL,EQ,MIC ELECTRONICS LTD,42.9,43.28,42.68,43.01,377256,16211277.0,20260616,42.99,42.98,43.0,43.0,42.98,0.019999999999996,0.0465008137642316,Narrow,Bullish,Above CPR,Cash Only,Diversified,True,False,0.0555555555555555,18,36682760.31,Higher,True,Long,False,Long,70,Confirmed,CPR width: Narrow (20/20); Price location: Above CPR (20/20); Trend: unavailable (10/20); Participation: unavailable (10/20); Higher timeframe: unavailable (10/20),Narrow CPR,Not applicable,Not applicable,Narrow CPR; Wide CPR rules not applied,None,0,No active J-Curve setup.
KROSS,EQ,KROSS LIMITED,185.8,187.47,182.95,185.34,237656,43967483.48,20260616,185.25333333333333,185.21,185.29666666666668,185.29666666666668,185.21,0.0866666666667015,0.0467609078810302,Narrow,Bullish,Above CPR,Cash Only,Diversified,True,False,0.1666666666666666,18,47080194.895,Inside,True,No setup,False,Neutral,0,Not applicable,No directional setup; confirmation score not applicable.,Narrow CPR,Not applicable,Not applicable,Narrow CPR; Wide CPR rules not applied,None,0,No active J-Curve setup.
TOUCHWOOD,EQ,TOUCHWOOD ENTERTAIN LTD.,70.1,71.4,70.1,70.8,307,21652.13,20260616,70.76666666666667,70.75,70.78333333333333,70.78333333333333,70.75,0.0333333333333314,0.0470809792843664,Narrow,Bullish,Above CPR,Cash Only,Diversified,True,False,0.0555555555555555,18,74146.13,Inside,True,No setup,False,Neutral,0,Not applicable,No directional setup; confirmation score not applicable.,Narrow CPR,Not applicable,Not applicable,Narrow CPR; Wide CPR rules not applied,None,0,No active J-Curve setup.
OSWALPUMPS,EQ,OSWAL PUMPS LIMITED,425.8,427.5,419.7,423.9,385389,163251242.05,20260616,423.7,423.6,423.8,423.8,423.6,0.1999999999999318,0.047180938900668,Narrow,Bullish,Above CPR,Cash Only,Diversified,True,False,0.0555555555555555,18,191308618.15,Inside,True,No setup,False,Neutral,0,Not applicable,No directional setup; confirmation score not applicable.,Narrow CPR,Not applicable,Not applicable,Narrow CPR; Wide CPR rules not applied,None,0,No active J-Curve setup.
JWL,EQ,JUPITER WAGONS LIMITED,278.5,278.65,274.55,276.8,1054979,291951510.6,20260616,276.6666666666667,276.6,276.7333333333333,276.7333333333333,276.6,0.1333333333333257,0.0481695568400743,Narrow,Bullish,Above CPR,Cash Only,Capital Goods,True,False,0.1666666666666666,18,317285711.15,Lower,True,No setup,True,Neutral,0,Not applicable,No directional setup; confirmation score not applicable.,Narrow CPR,Not applicable,Not applicable,Narrow CPR; Wide CPR rules not applied,None,0,No active J-Curve setup.
MAJESAUT,EQ,MAJESTIC AUTO LTD.,343.3,343.3,332.5,338.15,1108,375273.15,20260616,337.9833333333333,337.9,338.0666666666666,338.0666666666666,337.9,0.1666666666666287,0.0492877914140555,Narrow,Bullish,Above CPR,Cash Only,Diversified,True,False,0.0555555555555555,18,679153.95,Higher,True,Long,False,Long,70,Confirmed,CPR width: Narrow (20/20); Price location: Above CPR (20/20); Trend: unavailable (10/20); Participation: unavailable (10/20); Higher timeframe: unavailable (10/20),Narrow CPR,Not applicable,Not applicable,Narrow CPR; Wide CPR rules not applied,None,0,No active J-Curve setup.
PRAVEG,EQ,PRAVEG LTD.,228.3,237.7,227.85,232.95,35998,8446736.85,20260616,232.83333333333331,232.775,232.8916666666667,232.8916666666667,232.775,0.116666666666731,0.0500822780282168,Narrow,Bullish,Above CPR,Cash Only,Diversified,True,False,0.0555555555555555,18,15564464.75,Overlapping,True,No setup,False,Neutral,0,Not applicable,No directional setup; confirmation score not applicable.,Narrow CPR,Not applicable,Not applicable,Narrow CPR; Wide CPR rules not applied,None,0,No active J-Curve setup.
M&M,EQ,MAHINDRA & MAHINDRA LTD,3163.0,3163.0,3108.0,3137.9,3551761,11136155399.2,20260616,3136.3,3135.5,3137.0999999999995,3137.0999999999995,3135.5,1.5999999999994543,0.0509895152809029,Narrow,Bullish,Above CPR,Cash Only,Automobile and Auto Components,True,False,0.1111111111111111,18,8032797753.15,Higher,True,Long,True,Long,70,Confirmed,CPR width: Narrow (20/20); Price location: Above CPR (20/20); Trend: unavailable (10/20); Participation: unavailable (10/20); Higher timeframe: unavailable (10/20),Narrow CPR,Not applicable,Not applicable,Narrow CPR; Wide CPR rules not applied,None,0,No active J-Curve setup.
ASTERDM,EQ,ASTER DM HEALTHCARE LTD.,787.75,791.85,767.05,780.05,440200,342622201.3,20260616,779.65,779.45,779.8499999999999,779.8499999999999,779.45,0.3999999999998636,0.0512787641817657,Narrow,Bullish,Above CPR,Cash Only,Healthcare,True,False,0.0555555555555555,18,382393612.5,Lower,True,No setup,True,Neutral,0,Not applicable,No directional setup; confirmation score not applicable.,Narrow CPR,Not applicable,Not applicable,Narrow CPR; Wide CPR rules not applied,None,0,No active J-Curve setup.
NELCO,EQ,NELCO LTD,715.05,738.0,712.05,725.6,76569,55651327.55,20260616,725.2166666666667,725.025,725.4083333333334,725.4083333333334,725.025,0.3833333333334394,0.0528298419698786,Narrow,Bullish,Above CPR,Cash Only,Diversified,True,False,0.0555555555555555,18,53662633.8,Overlapping,True,No setup,False,Neutral,0,Not applicable,No directional setup; confirmation score not applicable.,Narrow CPR,Not applicable,Not applicable,Narrow CPR; Wide CPR rules not applied,None,0,No active J-Curve setup.
TIL,EQ,TIL LTD,182.85,183.58,179.82,181.85,64032,11615939.64,20260616,181.75,181.7,181.8,181.8,181.7,0.1000000000000227,0.0549903766840927,Narrow,Bullish,Above CPR,Cash Only,Diversified,True,False,0.1111111111111111,18,13102076.375,Lower,True,No setup,False,Neutral,0,Not applicable,No directional setup; confirmation score not applicable.,Narrow CPR,Not applicable,Not applicable,Narrow CPR; Wide CPR rules not applied,None,0,No active J-Curve setup.
ONEPOINT,EQ,ONE POINT ONE SOL LTD,58.9,60.95,58.63,59.84,1351160,80299665.26,20260616,59.80666666666667,59.790000000000006,59.82333333333334,59.82333333333334,59.790000000000006,0.0333333333333314,0.0557040998217437,Narrow,Bullish,Above CPR,Cash Only,Diversified,True,False,0.0555555555555555,18,152421799.525,Higher,True,Long,False,Long,70,Confirmed,CPR width: Narrow (20/20); Price location: Above CPR (20/20); Trend: unavailable (10/20); Participation: unavailable (10/20); Higher timeframe: unavailable (10/20),Narrow CPR,Not applicable,Not applicable,Narrow CPR; Wide CPR rules not applied,None,0,No active J-Curve setup.
TARIL,EQ,TRANS & RECTI. LTD,320.0,328.0,318.15,323.35,3072211,995314959.85,20260616,323.1666666666667,323.075,323.2583333333334,323.2583333333334,323.075,0.1833333333333939,0.0566981083449494,Narrow,Bullish,Above CPR,Cash Only,Capital Goods,True,False,0.0555555555555555,18,597881945.925,Higher,True,Long,True,Long,70,Confirmed,CPR width: Narrow (20/20); Price location: Above CPR (20/20); Trend: unavailable (10/20); Participation: unavailable (10/20); Higher timeframe: unavailable (10/20),Narrow CPR,Not applicable,Not applicable,Narrow CPR; Wide CPR rules not applied,None,0,No active J-Curve setup.
ARTNIRMAN,EQ,ART NIRMAN LIMITED,41.0,41.8,39.59,40.73,437,18022.48,20260616,40.70666666666667,40.695,40.71833333333334,40.71833333333334,40.695,0.0233333333333405,0.0572878304280396,Narrow,Bullish,Above CPR,Cash Only,Diversified,True,False,0.1875,16,48425.33,Higher,True,Long,False,Long,70,Confirmed,CPR width: Narrow (20/20); Price location: Above CPR (20/20); Trend: unavailable (10/20); Participation: unavailable (10/20); Higher timeframe: unavailable (10/20),Narrow CPR,Not applicable,Not applicable,Narrow CPR; Wide CPR rules not applied,None,0,No active J-Curve setup.
MOLDTKPAC,EQ,MOLD-TEK PACKAGING LTD,695.8,700.5,686.0,693.85,30353,21010863.75,20260616,693.4499999999999,693.25,693.6499999999999,693.6499999999999,693.25,0.3999999999998636,0.0576493478417328,Narrow,Bullish,Above CPR,Cash Only,Diversified,True,False,0.0555555555555555,18,63273140.3,Lower,True,No setup,False,Neutral,0,Not applicable,No directional setup; confirmation score not applicable.,Narrow CPR,Not applicable,Not applicable,Narrow CPR; Wide CPR rules not applied,None,0,No active J-Curve setup.
APARINDS,EQ,APAR INDUSTRIES LTD.,16160.0,16475.0,15833.0,16168.0,207124,3354937130.0,20260616,16158.666666666666,16154.0,16163.333333333332,16163.333333333332,16154.0,9.33333333333212,0.0577271977568785,Narrow,Bullish,Above CPR,Cash Only,Capital Goods,True,False,0.0555555555555555,18,1926277039.5,Higher,True,Long,True,Long,70,Confirmed,CPR width: Narrow (20/20); Price location: Above CPR (20/20); Trend: unavailable (10/20); Participation: unavailable (10/20); Higher timeframe: unavailable (10/20),Narrow CPR,Not applicable,Not applicable,Narrow CPR; Wide CPR rules not applied,None,0,No active J-Curve setup.
CRISIL,EQ,CRISIL LTD,4008.4,4103.2,3971.7,4041.0,42654,173050166.4,20260616,4038.633333333333,4037.45,4039.8166666666666,4039.8166666666666,4037.45,2.366666666666788,0.0585663614616874,Narrow,Bullish,Above CPR,Cash Only,Financial Services,True,False,0.1111111111111111,18,138286196.3,Higher,True,Long,True,Long,70,Confirmed,CPR width: Narrow (20/20); Price location: Above CPR (20/20); Trend: unavailable (10/20); Participation: unavailable (10/20); Higher timeframe: unavailable (10/20),Narrow CPR,Not applicable,Not applicable,Narrow CPR; Wide CPR rules not applied,None,0,No active J-Curve setup.
MEDANTA,EQ,GLOBAL HEALTH LIMITED,1215.0,1256.0,1214.0,1236.1,633012,786727166.8,20260616,1235.3666666666666,1235.0,1235.7333333333331,1235.7333333333331,1235.0,0.7333333333331211,0.0593263759674072,Narrow,Bullish,Above CPR,Cash Only,Healthcare,True,False,0.1111111111111111,18,188167158.95,Higher,True,Long,True,Long,70,Confirmed,CPR width: Narrow (20/20); Price location: Above CPR (20/20); Trend: unavailable (10/20); Participation: unavailable (10/20); Higher timeframe: unavailable (10/20),Narrow CPR,Not applicable,Not applicable,Narrow CPR; Wide CPR rules not applied,None,0,No active J-Curve setup.
PIDILITIND,EQ,PIDILITE INDUSTRIES LTD,1587.0,1587.0,1552.6,1571.2,382140,598347641.6,20260616,1570.2666666666669,1569.8,1570.7333333333331,1570.7333333333331,1569.8,0.933333333333394,0.0594025797691824,Narrow,Bullish,Above CPR,Cash Only,Chemicals,True,False,0.3333333333333333,18,903094706.5,Overlapping,False,No setup,True,Neutral,0,Not applicable,No directional setup; confirmation score not applicable.,Narrow CPR,Not applicable,Not applicable,Narrow CPR; Wide CPR rules not applied,None,0,No active J-Curve setup.
VGUARD,EQ,V-GUARD IND LTD.,305.0,306.95,304.0,305.75,74014,22626163.45,20260616,305.56666666666666,305.475,305.6583333333333,305.6583333333333,305.475,0.1833333333332802,0.0599618424638692,Narrow,Bullish,Above CPR,Cash Only,Diversified,True,False,0.1111111111111111,18,56617487.725,Overlapping,True,No setup,False,Neutral,0,Not applicable,No directional setup; confirmation score not applicable.,Narrow CPR,Not applicable,Not applicable,Narrow CPR; Wide CPR rules not applied,None,0,No active J-Curve setup.
CARTRADE,EQ,CARTRADE TECH LIMITED,2329.0,2434.3,2329.0,2383.8,887642,2120064123.3,20260616,2382.366666666667,2381.65,2383.083333333333,2383.083333333333,2381.65,1.433333333333394,0.0601280868081799,Narrow,Bullish,Above CPR,Cash Only,Consumer Services,True,False,0.0555555555555555,18,1307346896.25,Higher,True,Long,True,Long,70,Confirmed,CPR width: Narrow (20/20); Price location: Above CPR (20/20); Trend: unavailable (10/20); Participation: unavailable (10/20); Higher timeframe: unavailable (10/20),Narrow CPR,Not applicable,Not applicable,Narrow CPR; Wide CPR rules not applied,None,0,No active J-Curve setup.
WIPRO,EQ,WIPRO LTD,182.39,183.38,181.63,182.67,11706020,2137122977.19,20260616,182.56,182.505,182.61499999999995,182.61499999999995,182.505,0.1099999999999568,0.0602178792357567,Narrow,Bullish,Above CPR,Cash Only,Information Technology,True,False,0.1666666666666666,18,8058169674.355,Higher,True,Long,True,Long,70,Confirmed,CPR width: Narrow (20/20); Price location: Above CPR (20/20); Trend: unavailable (10/20); Participation: unavailable (10/20); Higher timeframe: unavailable (10/20),Narrow CPR,Not applicable,Not applicable,Narrow CPR; Wide CPR rules not applied,None,0,No active J-Curve setup.
APLAPOLLO,EQ,APL APOLLO TUBES LTD,1842.9,1854.0,1826.6,1842.0,385126,709735883.7,20260616,1840.8666666666668,1840.3,1841.4333333333336,1841.4333333333336,1840.3,1.1333333333336668,0.0615273253709916,Narrow,Bullish,Above CPR,Cash Only,Capital Goods,True,False,0.1666666666666666,18,1436057904.9,Higher,True,Long,True,Long,70,Confirmed,CPR width: Narrow (20/20); Price location: Above CPR (20/20); Trend: unavailable (10/20); Participation: unavailable (10/20); Higher timeframe: unavailable (10/20),Narrow CPR,Not applicable,Not applicable,Narrow CPR; Wide CPR rules not applied,None,0,No active J-Curve setup.
ARIES,EQ,ARIES AGRO LTD.,335.95,347.0,334.15,340.9,28478,9710516.15,20260616,340.68333333333334,340.575,340.7916666666667,340.7916666666667,340.575,0.2166666666666969,0.0635572504155755,Narrow,Bullish,Above CPR,Cash Only,Diversified,True,False,0.1111111111111111,18,8454809.575,Higher,True,Long,False,Long,70,Confirmed,CPR width: Narrow (20/20); Price location: Above CPR (20/20); Trend: unavailable (10/20); Participation: unavailable (10/20); Higher timeframe: unavailable (10/20),Narrow CPR,Not applicable,Not applicable,Narrow CPR; Wide CPR rules not applied,None,0,No active J-Curve setup.
KPIGREEN,EQ,KPI GREEN ENERGY LIMITED,408.0,411.15,404.05,408.0,457529,186489111.25,20260616,407.73333333333335,407.6,407.8666666666667,407.8666666666667,407.6,0.2666666666666515,0.0653594771241792,Narrow,Bullish,Above CPR,Cash Only,Diversified,True,False,0.0555555555555555,18,260437867.15,Inside,True,No setup,False,Neutral,0,Not applicable,No directional setup; confirmation score not applicable.,Narrow CPR,Not applicable,Not applicable,Narrow CPR; Wide CPR rules not applied,None,0,No active J-Curve setup.
BSOFT,EQ,BIRLASOFT LIMITED,324.1,327.6,320.25,324.25,985444,319609299.45,20260616,324.03333333333336,323.925,324.1416666666667,324.1416666666667,323.925,0.2166666666666969,0.066820868671302,Narrow,Bullish,Above CPR,Cash Only,Information Technology,True,False,0.2222222222222222,18,300788495.79999995,Higher,True,Long,True,Long,70,Confirmed,CPR width: Narrow (20/20); Price location: Above CPR (20/20); Trend: unavailable (10/20); Participation: unavailable (10/20); Higher timeframe: unavailable (10/20),Narrow CPR,Not applicable,Not applicable,Narrow CPR; Wide CPR rules not applied,None,0,No active J-Curve setup.
NHPC,EQ,NHPC LTD,74.69,74.99,74.36,74.75,24616686,1837404772.34,20260616,74.7,74.675,74.72500000000001,74.72500000000001,74.675,0.0500000000000113,0.0668896321070386,Narrow,Bullish,Above CPR,Cash Only,Power,True,False,0.1111111111111111,18,1588954939.86,Lower,True,No setup,True,Neutral,0,Not applicable,No directional setup; confirmation score not applicable.,Narrow CPR,Not applicable,Not applicable,Narrow CPR; Wide CPR rules not applied,None,0,No active J-Curve setup.
ALKEM,EQ,ALKEM LABORATORIES LTD.,5350.0,5372.5,5312.5,5348.0,83189,444323621.0,20260616,5344.333333333333,5342.5,5346.166666666666,5346.166666666666,5342.5,3.66666666666606,0.0685614559959996,Narrow,Bullish,Above CPR,Cash Only,Healthcare,True,False,0.2777777777777778,18,697090459.75,Higher,False,No setup,True,Neutral,0,Not applicable,No directional setup; confirmation score not applicable.,Narrow CPR,Not applicable,Not applicable,Narrow CPR; Wide CPR rules not applied,None,0,No active J-Curve setup.
HPL,EQ,HPL ELECTRIC & POWER LTD,370.4,388.9,370.0,379.85,504701,192953365.35,20260616,379.5833333333333,379.45,379.7166666666666,379.7166666666666,379.45,0.2666666666666515,0.0702031503663686,Narrow,Bullish,Above CPR,Cash Only,Diversified,True,False,0.1111111111111111,18,88249746.3,Higher,True,Long,False,Long,70,Confirmed,CPR width: Narrow (20/20); Price location: Above CPR (20/20); Trend: unavailable (10/20); Participation: unavailable (10/20); Higher timeframe: unavailable (10/20),Narrow CPR,Not applicable,Not applicable,Narrow CPR; Wide CPR rules not applied,None,0,No active J-Curve setup.
MPHASIS,EQ,MPHASIS LIMITED,2321.0,2349.0,2300.4,2327.2,621307,1446731141.6,20260616,2325.5333333333333,2324.7,2326.366666666667,2326.366666666667,2324.7,1.6666666666669698,0.0716168213590138,Narrow,Bullish,Above CPR,Cash Only,Information Technology,True,False,0.1666666666666666,18,902806553.0,Higher,True,Long,True,Long,70,Confirmed,CPR width: Narrow (20/20); Price location: Above CPR (20/20); Trend: unavailable (10/20); Participation: unavailable (10/20); Higher timeframe: unavailable (10/20),Narrow CPR,Not applicable,Not applicable,Narrow CPR; Wide CPR rules not applied,None,0,No active J-Curve setup.
MANGLMCEM,EQ,MANGALAM CEMENT LTD,842.4,857.95,842.4,851.1,48957,41584564.05,20260616,850.4833333333332,850.175,850.7916666666665,850.7916666666665,850.175,0.6166666666665606,0.0724552539850265,Narrow,Bullish,Above CPR,Cash Only,Diversified,True,False,0.1666666666666666,18,41277575.375,Overlapping,True,No setup,False,Neutral,0,Not applicable,No directional setup; confirmation score not applicable.,Narrow CPR,Not applicable,Not applicable,Narrow CPR; Wide CPR rules not applied,None,0,No active J-Curve setup.
NITINSPIN,EQ,NITIN SPINNERS LIMITED,552.0,556.0,542.3,549.75,106194,58334883.85,20260616,549.35,549.15,549.5500000000001,549.5500000000001,549.15,0.4000000000000909,0.0727603456116582,Narrow,Bullish,Above CPR,Cash Only,Textiles & Apparel,True,False,0.1111111111111111,18,79732238.1,Lower,True,No setup,False,Neutral,0,Not applicable,No directional setup; confirmation score not applicable.,Narrow CPR,Not applicable,Not applicable,Narrow CPR; Wide CPR rules not applied,None,0,No active J-Curve setup.
SYMPHONY,EQ,SYMPHONY LIMITED,673.0,679.6,663.5,672.3,79889,53550108.7,20260616,671.8,671.55,672.05,672.05,671.55,0.5,0.0743715603153354,Narrow,Bullish,Above CPR,Cash Only,Diversified,True,False,0.1666666666666666,18,50839373.525000006,Lower,True,No setup,False,Neutral,0,Not applicable,No directional setup; confirmation score not applicable.,Narrow CPR,Not applicable,Not applicable,Narrow CPR; Wide CPR rules not applied,None,0,No active J-Curve setup.
RITES,EQ,RITES LIMITED,208.94,211.67,208.4,210.27,319835,67073517.11,20260616,210.11333333333332,210.035,210.1916666666667,210.1916666666667,210.035,0.1566666666666947,0.0745073794011008,Narrow,Bullish,Above CPR,Cash Only,Construction,True,False,0.1666666666666666,18,81863500.68,Inside,True,No setup,True,Neutral,0,Not applicable,No directional setup; confirmation score not applicable.,Narrow CPR,Not applicable,Not applicable,Narrow CPR; Wide CPR rules not applied,None,0,No active J-Curve setup.
BPCL,EQ,BHARAT PETROLEUM CORP  LT,314.0,314.0,309.5,312.1,8875346,2766368312.8,20260616,311.8666666666667,311.75,311.9833333333333,311.9833333333333,311.75,0.2333333333333485,0.0747623624906595,Narrow,Bullish,Above CPR,Cash Only,Oil Gas & Consumable Fuels,True,False,0.2777777777777778,18,2502241634.525,Inside,False,No setup,True,Neutral,0,Not applicable,No directional setup; confirmation score not applicable.,Narrow CPR,Not applicable,Not applicable,Narrow CPR; Wide CPR rules not applied,None,0,No active J-Curve setup.
SUYOG,EQ,SUYOG TELEMATICS LIMITED,740.45,768.7,727.0,748.7,22296,16689495.65,20260616,748.1333333333333,747.85,748.4166666666666,748.4166666666666,747.85,0.566666666666606,0.0756867459151337,Narrow,Bullish,Above CPR,Cash Only,Diversified,True,False,0.3888888888888889,18,17626160.625,Higher,False,No setup,False,Neutral,0,Not applicable,No directional setup; confirmation score not applicable.,Narrow CPR,Not applicable,Not applicable,Narrow CPR; Wide CPR rules not applied,None,0,No active J-Curve setup.
CIEINDIA,EQ,CIE AUTOMOTIVE INDIA LTD,469.0,473.5,464.1,469.35,280490,131871380.15,20260616,468.98333333333335,468.8,469.1666666666667,469.1666666666667,468.8,0.3666666666666742,0.078122225773234,Narrow,Bullish,Above CPR,Cash Only,Automobile and Auto Components,True,False,0.1666666666666666,18,107613445.775,Higher,True,Long,True,Long,70,Confirmed,CPR width: Narrow (20/20); Price location: Above CPR (20/20); Trend: unavailable (10/20); Participation: unavailable (10/20); Higher timeframe: unavailable (10/20),Narrow CPR,Not applicable,Not applicable,Narrow CPR; Wide CPR rules not applied,None,0,No active J-Curve setup.
BALAMINES,EQ,BALAJI AMINES LIMITED,2100.1,2102.5,2045.6,2076.5,138544,287698857.2,20260616,2074.866666666667,2074.05,2075.6833333333334,2075.6833333333334,2074.05,1.633333333333212,0.0786579982342023,Narrow,Bullish,Above CPR,Cash Only,Specialty Chemicals,True,False,0.0555555555555555,18,683113090.95,Lower,True,No setup,False,Neutral,0,Not applicable,No directional setup; confirmation score not applicable.,Narrow CPR,Not applicable,Not applicable,Narrow CPR; Wide CPR rules not applied,None,0,No active J-Curve setup.
GANESHCP,EQ,GANESH CONSUMER PRODUCT L,205.71,205.71,202.0,204.1,56827,11587703.8,20260616,203.9366666666667,203.855,204.01833333333337,204.01833333333337,203.855,0.1633333333333553,0.0800261309815557,Narrow,Bullish,Above CPR,Cash Only,Diversified,True,False,0.1666666666666666,18,15222998.16,Inside,True,No setup,False,Neutral,0,Not applicable,No directional setup; confirmation score not applicable.,Narrow CPR,Not applicable,Not applicable,Narrow CPR; Wide CPR rules not applied,None,0,No active J-Curve setup.
TRANSPEK,EQ,TRANSPEK INDUSTRY LTD,1015.4,1019.8,976.2,999.2,3010,2971603.2,20260616,998.4,998.0,998.8,998.8,998.0,0.7999999999999545,0.0800640512409882,Narrow,Bullish,Above CPR,Cash Only,Diversified,True,False,0.1666666666666666,18,2695018.35,Inside,True,No setup,False,Neutral,0,Not applicable,No directional setup; confirmation score not applicable.,Narrow CPR,Not applicable,Not applicable,Narrow CPR; Wide CPR rules not applied,None,0,No active J-Curve setup.
TINNARUBR,EQ,TINNA RUBBER AND INFR LTD,867.95,907.35,863.6,886.55,70242,62171766.2,20260616,885.8333333333334,885.475,886.1916666666667,886.1916666666667,885.475,0.716666666666697,0.0808377042092038,Narrow,Bullish,Above CPR,Cash Only,Diversified,True,False,0.0555555555555555,18,39760685.125,Higher,True,Long,False,Long,70,Confirmed,CPR width: Narrow (20/20); Price location: Above CPR (20/20); Trend: unavailable (10/20); Participation: unavailable (10/20); Higher timeframe: unavailable (10/20),Narrow CPR,Not applicable,Not applicable,Narrow CPR; Wide CPR rules not applied,None,0,No active J-Curve setup.
VIYASH,EQ,VIYASH SCIENTIFIC LIMITED,251.0,251.25,242.85,247.35,1203387,296732063.35,20260616,247.15,247.05,247.25,247.25,247.05,0.1999999999999886,0.0808570851020774,Narrow,Bullish,Above CPR,Cash Only,Diversified,True,False,0.1111111111111111,18,642634119.115,Lower,True,No setup,False,Neutral,0,Not applicable,No directional setup; confirmation score not applicable.,Narrow CPR,Not applicable,Not applicable,Narrow CPR; Wide CPR rules not applied,None,0,No active J-Curve setup.
VESUVIUS,EQ,VESUVIUS INDIA LTD,454.65,464.0,452.35,458.75,88482,40541231.2,20260616,458.3666666666666,458.175,458.5583333333332,458.5583333333332,458.175,0.383333333333212,0.0835603996366674,Narrow,Bullish,Above CPR,Cash Only,Diversified,True,False,0.1111111111111111,18,24598772.975,Higher,True,Long,False,Long,70,Confirmed,CPR width: Narrow (20/20); Price location: Above CPR (20/20); Trend: unavailable (10/20); Participation: unavailable (10/20); Higher timeframe: unavailable (10/20),Narrow CPR,Not applicable,Not applicable,Narrow CPR; Wide CPR rules not applied,None,0,No active J-Curve setup.
ONMOBILE,EQ,ONMOBILE GLOBAL LTD.,50.02,52.45,50.02,51.3,389585,19990496.26,20260616,51.25666666666666,51.235,51.27833333333332,51.27833333333332,51.235,0.0433333333333223,0.0844704353476069,Narrow,Bullish,Above CPR,Cash Only,Diversified,True,False,0.0555555555555555,18,5838883.08,Higher,True,Long,False,Long,70,Confirmed,CPR width: Narrow (20/20); Price location: Above CPR (20/20); Trend: unavailable (10/20); Participation: unavailable (10/20); Higher timeframe: unavailable (10/20),Narrow CPR,Not applicable,Not applicable,Narrow CPR; Wide CPR rules not applied,None,0,No active J-Curve setup.
TMPV,EQ,TATA MOTORS PASS VEH LTD,398.3,398.65,387.55,393.6,6432360,2525129264.6,20260616,393.2666666666667,393.1,393.4333333333334,393.4333333333334,393.1,0.3333333333333712,0.0846883468834784,Narrow,Bullish,Above CPR,Cash Only,Automobile and Auto Components,True,False,0.1111111111111111,18,3598061445.75,Lower,True,No setup,True,Neutral,0,Not applicable,No directional setup; confirmation score not applicable.,Narrow CPR,Not applicable,Not applicable,Narrow CPR; Wide CPR rules not applied,None,0,No active J-Curve setup.
POLYMED,EQ,POLY MEDICURE LIMITED,1524.7,1531.7,1498.0,1516.8,38561,58444324.6,20260616,1515.5,1514.85,1516.15,1516.15,1514.85,1.300000000000182,0.0857067510548643,Narrow,Bullish,Above CPR,Cash Only,Healthcare,True,False,0.0555555555555555,18,358712331.54999995,Overlapping,True,No setup,True,Neutral,0,Not applicable,No directional setup; confirmation score not applicable.,Narrow CPR,Not applicable,Not applicable,Narrow CPR; Wide CPR rules not applied,None,0,No active J-Curve setup.
RCF,EQ,RASHTRIYA CHEMICALS & FER,129.21,135.4,128.5,132.12,7758401,1031221131.59,20260616,132.00666666666666,131.95,132.06333333333333,132.06333333333333,131.95,0.1133333333333439,0.0857806034917831,Narrow,Bullish,Above CPR,Cash Only,Diversified,True,False,0.1111111111111111,18,175051430.495,Higher,True,Long,False,Long,70,Confirmed,CPR width: Narrow (20/20); Price location: Above CPR (20/20); Trend: unavailable (10/20); Participation: unavailable (10/20); Higher timeframe: unavailable (10/20),Narrow CPR,Not applicable,Not applicable,Narrow CPR; Wide CPR rules not applied,None,0,No active J-Curve setup.
PARKHOSPS,EQ,PARK MEDI WORLD LIMITED,273.0,275.0,265.5,270.6,479121,129719114.45,20260616,270.3666666666667,270.25,270.4833333333333,270.4833333333333,270.25,0.2333333333333485,0.0862281350086284,Narrow,Bullish,Above CPR,Cash Only,Diversified,True,False,0.0555555555555555,18,175350996.3,Lower,True,No setup,False,Neutral,0,Not applicable,No directional setup; confirmation score not applicable.,Narrow CPR,Not applicable,Not applicable,Narrow CPR; Wide CPR rules not applied,None,0,No active J-Curve setup.
RPOWER,EQ,RELIANCE POWER LTD.,26.91,27.27,26.66,27.0,28763881,776136903.39,20260616,26.97666666666667,26.965,26.98833333333334,26.98833333333334,26.965,0.0233333333333405,0.0864197530864464,Narrow,Bullish,Above CPR,Cash Only,Power,True,False,0.0555555555555555,18,958750528.31,Inside,True,No setup,True,Neutral,0,Not applicable,No directional setup; confirmation score not applicable.,Narrow CPR,Not applicable,Not applicable,Narrow CPR; Wide CPR rules not applied,None,0,No active J-Curve setup.
SAIPARENT,EQ,SAI PARENTERALS LIMITED,579.0,579.0,564.0,572.25,75640,43092148.15,20260616,571.75,571.5,572.0,572.0,571.5,0.5,0.0873743993010048,Narrow,Bullish,Above CPR,Cash Only,Diversified,True,False,0.1666666666666666,18,132523255.675,Lower,True,No setup,False,Neutral,0,Not applicable,No directional setup; confirmation score not applicable.,Narrow CPR,Not applicable,Not applicable,Narrow CPR; Wide CPR rules not applied,None,0,No active J-Curve setup.
VENUSPIPES,EQ,VENUS PIPES & TUBES LTD,1428.1,1453.7,1428.1,1442.8,38148,55057920.7,20260616,1441.5333333333335,1440.9,1442.166666666667,1442.166666666667,1440.9,1.2666666666668789,0.0877922557989242,Narrow,Bullish,Above CPR,Cash Only,Building Materials,True,False,0.1111111111111111,18,79070398.1,Higher,True,Long,False,Long,70,Confirmed,CPR width: Narrow (20/20); Price location: Above CPR (20/20); Trend: unavailable (10/20); Participation: unavailable (10/20); Higher timeframe: unavailable (10/20),Narrow CPR,Not applicable,Not applicable,Narrow CPR; Wide CPR rules not applied,None,0,No active J-Curve setup.
PGHL,EQ,PROCTER & GAMBLE HEALTH L,6215.0,6258.0,6178.5,6226.5,9395,58418580.5,20260616,6221.0,6218.25,6223.75,6223.75,6218.25,5.5,0.0883321288043041,Narrow,Bullish,Above CPR,Cash Only,Diversified,True,False,0.2222222222222222,18,99106585.0,Lower,True,No setup,False,Neutral,0,Not applicable,No directional setup; confirmation score not applicable.,Narrow CPR,Not applicable,Not applicable,Narrow CPR; Wide CPR rules not applied,None,0,No active J-Curve setup.
DIAMONDYD,EQ,PRATAAP SNACKS LIMITED,1117.1,1139.3,1114.9,1128.6,14497,16297223.9,20260616,1127.6,1127.1,1128.1,1128.1,1127.1,1.0,0.0886053517632465,Narrow,Bullish,Above CPR,Cash Only,Diversified,True,False,0.1111111111111111,18,28131254.35,Inside,True,No setup,False,Neutral,0,Not applicable,No directional setup; confirmation score not applicable.,Narrow CPR,Not applicable,Not applicable,Narrow CPR; Wide CPR rules not applied,None,0,No active J-Curve setup.
TREL,EQ,TRANSINDIA REAL ESTATE L,25.83,26.9,25.57,26.27,136134,3578884.1,20260616,26.246666666666663,26.235,26.258333333333333,26.258333333333333,26.235,0.0233333333333334,0.0888212155817793,Narrow,Bullish,Above CPR,Cash Only,Diversified,True,False,0.1111111111111111,18,1745683.79,Higher,True,Long,False,Long,70,Confirmed,CPR width: Narrow (20/20); Price location: Above CPR (20/20); Trend: unavailable (10/20); Participation: unavailable (10/20); Higher timeframe: unavailable (10/20),Narrow CPR,Not applicable,Not applicable,Narrow CPR; Wide CPR rules not applied,None,0,No active J-Curve setup.
WPIL,EQ,W P I L LTD.,469.0,474.9,462.05,469.1,52067,24481432.0,20260616,468.6833333333334,468.475,468.8916666666668,468.8916666666668,468.475,0.4166666666667424,0.0888225680381032,Narrow,Bullish,Above CPR,Cash Only,Diversified,True,False,0.1111111111111111,18,13158503.7,Higher,True,Long,False,Long,70,Confirmed,CPR width: Narrow (20/20); Price location: Above CPR (20/20); Trend: unavailable (10/20); Participation: unavailable (10/20); Higher timeframe: unavailable (10/20),Narrow CPR,Not applicable,Not applicable,Narrow CPR; Wide CPR rules not applied,None,0,No active J-Curve setup.
SPECIALITY,EQ,SPECIALITY REST LTD,108.0,110.0,107.01,108.65,30738,3335481.14,20260616,108.55333333333331,108.505,108.60166666666666,108.60166666666666,108.505,0.096666666666664,0.0889707010277625,Narrow,Bullish,Above CPR,Cash Only,Diversified,True,False,0.1111111111111111,18,1977605.98,Higher,True,Long,False,Long,70,Confirmed,CPR width: Narrow (20/20); Price location: Above CPR (20/20); Trend: unavailable (10/20); Participation: unavailable (10/20); Higher timeframe: unavailable (10/20),Narrow CPR,Not applicable,Not applicable,Narrow CPR; Wide CPR rules not applied,None,0,No active J-Curve setup.
ASHIKA,EQ,ASHIKA CREDIT CAPITAL L,390.95,396.95,385.8,391.9,53998,21109460.9,20260616,391.55,391.375,391.725,391.725,391.375,0.3500000000000227,0.0893084970655837,Narrow,Bullish,Above CPR,Cash Only,Diversified,True,False,0.1666666666666666,18,49179819.55,Higher,True,Long,False,Long,70,Confirmed,CPR width: Narrow (20/20); Price location: Above CPR (20/20); Trend: unavailable (10/20); Participation: unavailable (10/20); Higher timeframe: unavailable (10/20),Narrow CPR,Not applicable,Not applicable,Narrow CPR; Wide CPR rules not applied,None,0,No active J-Curve setup.
SURYALA,EQ,SURYALATA SPINNING MILL L,450.1,450.1,436.6,443.95,61,27113.15,20260616,443.55,443.35,443.75,443.75,443.35,0.3999999999999772,0.0901002365131157,Narrow,Bullish,Above CPR,Cash Only,Diversified,True,False,0.0555555555555555,18,878142.425,Inside,True,No setup,False,Neutral,0,Not applicable,No directional setup; confirmation score not applicable.,Narrow CPR,Not applicable,Not applicable,Narrow CPR; Wide CPR rules not applied,None,0,No active J-Curve setup.
BBL,EQ,BHARAT BIJLEE LTD,2793.0,2817.8,2768.4,2796.9,16967,47397698.5,20260616,2794.366666666667,2793.1000000000004,2795.633333333333,2795.633333333333,2793.1000000000004,2.5333333333328483,0.0905764715696967,Narrow,Bullish,Above CPR,Cash Only,Diversified,True,False,0.1666666666666666,18,68045935.3,Lower,True,No setup,False,Neutral,0,Not applicable,No directional setup; confirmation score not applicable.,Narrow CPR,Not applicable,Not applicable,Narrow CPR; Wide CPR rules not applied,None,0,No active J-Curve setup.
NMDC,EQ,NMDC LTD.,88.47,88.85,87.09,88.09,23070064,2028678979.87,20260616,88.00999999999999,87.97,88.04999999999998,88.04999999999998,87.97,0.079999999999984,0.0908162106935907,Narrow,Bullish,Above CPR,Cash Only,Metals & Mining,True,False,0.1666666666666666,18,2453241949.76,Lower,True,No setup,True,Neutral,0,Not applicable,No directional setup; confirmation score not applicable.,Narrow CPR,Not applicable,Not applicable,Narrow CPR; Wide CPR rules not applied,None,0,No active J-Curve setup.
HINDPETRO,EQ,HINDUSTAN PETROLEUM CORP,405.8,405.8,396.7,401.8,5228607,2097884651.35,20260616,401.4333333333333,401.25,401.6166666666667,401.6166666666667,401.25,0.3666666666666742,0.0912560146009642,Narrow,Bullish,Above CPR,Cash Only,Oil Gas & Consumable Fuels,True,False,0.1111111111111111,18,1998881324.95,Lower,True,No setup,True,Neutral,0,Not applicable,No directional setup; confirmation score not applicable.,Narrow CPR,Not applicable,Not applicable,Narrow CPR; Wide CPR rules not applied,None,0,No active J-Curve setup.
YATHARTH,EQ,YATHARTH HOSP & TRA C S L,833.0,837.3,816.7,828.15,183901,151814403.75,20260616,827.3833333333333,827.0,827.7666666666667,827.7666666666667,827.0,0.7666666666666515,0.0925758216104149,Narrow,Bullish,Above CPR,Cash Only,Diversified,True,False,0.1666666666666666,18,217436699.45,Lower,True,No setup,False,Neutral,0,Not applicable,No directional setup; confirmation score not applicable.,Narrow CPR,Not applicable,Not applicable,Narrow CPR; Wide CPR rules not applied,None,0,No active J-Curve setup.
HEROMOTOCO,EQ,HERO MOTOCORP LIMITED,5050.0,5052.0,4996.0,5031.0,456693,2296970767.3,20260616,5026.333333333333,5024.0,5028.666666666666,5028.666666666666,5024.0,4.66666666666606,0.0927582322931039,Narrow,Bullish,Above CPR,Cash Only,Automobile and Auto Components,True,False,0.1666666666666666,18,2324908801.8,Lower,True,No setup,True,Neutral,0,Not applicable,No directional setup; confirmation score not applicable.,Narrow CPR,Not applicable,Not applicable,Narrow CPR; Wide CPR rules not applied,None,0,No active J-Curve setup.
JUBLCPL,EQ,JUBILANT AGRI N CON PRO L,1870.0,1895.0,1857.3,1878.8,5565,10480548.2,20260616,1877.0333333333333,1876.15,1877.916666666667,1877.916666666667,1876.15,1.7666666666668789,0.0940316514087118,Narrow,Bullish,Above CPR,Cash Only,Diversified,True,False,0.1111111111111111,18,10780416.85,Overlapping,True,No setup,False,Neutral,0,Not applicable,No directional setup; confirmation score not applicable.,Narrow CPR,Not applicable,Not applicable,Narrow CPR; Wide CPR rules not applied,None,0,No active J-Curve setup.
LAURUSLABS,EQ,LAURUS LABS LIMITED,1399.7,1406.0,1342.9,1376.4,3447151,4730021400.8,20260616,1375.1,1374.45,1375.7500000000002,1375.7500000000002,1374.45,1.300000000000182,0.0944492879976883,Narrow,Bullish,Above CPR,Cash Only,Healthcare,True,False,0.1666666666666666,18,2341318611.8,Lower,True,No setup,True,Neutral,0,Not applicable,No directional setup; confirmation score not applicable.,Narrow CPR,Not applicable,Not applicable,Narrow CPR; Wide CPR rules not applied,None,0,No active J-Curve setup.
MUNJALSHOW,EQ,MUNJAL SHOWA LTD,129.49,129.82,127.95,129.07,17321,2234156.71,20260616,128.94666666666666,128.885,129.00833333333333,129.00833333333333,128.885,0.1233333333333348,0.0955553833836947,Narrow,Bullish,Above CPR,Cash Only,Diversified,True,False,0.1666666666666666,18,5596109.79,Lower,True,No setup,False,Neutral,0,Not applicable,No directional setup; confirmation score not applicable.,Narrow CPR,Not applicable,Not applicable,Narrow CPR; Wide CPR rules not applied,None,0,No active J-Curve setup.
SUDARSCHEM,EQ,SUDARSHAN CHEMICAL INDS L,907.1,912.8,896.8,906.1,78877,71423568.6,20260616,905.2333333333332,904.8,905.6666666666664,905.6666666666664,904.8,0.8666666666665606,0.0956480153036707,Narrow,Bullish,Above CPR,Cash Only,Chemicals & Fertilizers,True,False,0.1111111111111111,18,184878181.85,Inside,True,No setup,False,Neutral,0,Not applicable,No directional setup; confirmation score not applicable.,Narrow CPR,Not applicable,Not applicable,Narrow CPR; Wide CPR rules not applied,None,0,No active J-Curve setup.
ESSARSHPNG,EQ,ESSAR SHIPPING LTD,24.0,25.11,23.56,24.37,379133,9228360.03,20260616,24.346666666666668,24.335,24.35833333333333,24.35833333333333,24.335,0.0233333333333334,0.0957461359595134,Narrow,Bullish,Above CPR,Cash Only,Diversified,True,False,0.3333333333333333,18,5177566.46,Higher,False,No setup,False,Neutral,0,Not applicable,No directional setup; confirmation score not applicable.,Narrow CPR,Not applicable,Not applicable,Narrow CPR; Wide CPR rules not applied,None,0,No active J-Curve setup.
CINELINE,EQ,CINELINE INDIA LIMITED,79.0,81.0,78.11,79.67,34163,2705877.68,20260616,79.59333333333335,79.555,79.63166666666669,79.63166666666669,79.555,0.0766666666666822,0.0962302832517662,Narrow,Bullish,Above CPR,Cash Only,Diversified,True,False,0.2222222222222222,18,627187.2849999999,Inside,True,No setup,False,Neutral,0,Not applicable,No directional setup; confirmation score not applicable.,Narrow CPR,Not applicable,Not applicable,Narrow CPR; Wide CPR rules not applied,None,0,No active J-Curve setup.
VIPIND,EQ,VIP INDUSTRIES LTD,322.9,326.35,320.0,323.65,233611,75635981.65,20260616,323.3333333333333,323.175,323.4916666666666,323.4916666666666,323.175,0.316666666666606,0.0978423193779101,Narrow,Bullish,Above CPR,Cash Only,Diversified,True,False,0.1111111111111111,18,99508583.85,Higher,True,Long,False,Long,70,Confirmed,CPR width: Narrow (20/20); Price location: Above CPR (20/20); Trend: unavailable (10/20); Participation: unavailable (10/20); Higher timeframe: unavailable (10/20),Narrow CPR,Not applicable,Not applicable,Narrow CPR; Wide CPR rules not applied,None,0,No active J-Curve setup.
UFO,EQ,UFO MOVIEZ INDIA LTD.,73.87,74.74,73.46,74.21,44858,3325163.66,20260616,74.13666666666666,74.1,74.17333333333332,74.17333333333332,74.1,0.0733333333333234,0.0988186677446752,Narrow,Bullish,Above CPR,Cash Only,Diversified,True,False,0.1111111111111111,18,4250646.07,Higher,True,Long,False,Long,70,Confirmed,CPR width: Narrow (20/20); Price location: Above CPR (20/20); Trend: unavailable (10/20); Participation: unavailable (10/20); Higher timeframe: unavailable (10/20),Narrow CPR,Not applicable,Not applicable,Narrow CPR; Wide CPR rules not applied,None,0,No active J-Curve setup.
JIOFIN,EQ,JIO FIN SERVICES LTD,240.05,243.32,239.86,241.95,15505756,3750892096.14,20260616,241.71,241.59,241.83,241.83,241.59,0.2400000000000091,0.0991940483571023,Narrow,Bullish,Above CPR,Cash Only,Financial Services,True,False,0.2222222222222222,18,2760838363.685,Higher,True,Long,True,Long,70,Confirmed,CPR width: Narrow (20/20); Price location: Above CPR (20/20); Trend: unavailable (10/20); Participation: unavailable (10/20); Higher timeframe: unavailable (10/20),Narrow CPR,Not applicable,Not applicable,Narrow CPR; Wide CPR rules not applied,None,0,No active J-Curve setup.
CLEANMAX,EQ,CLEAN MAX ENVIRO EN SOL L,1289.0,1318.7,1275.0,1298.8,125962,162796609.3,20260616,1297.5,1296.85,1298.15,1298.15,1296.85,1.300000000000182,0.1000923929781476,Narrow,Bullish,Above CPR,Cash Only,Diversified,True,False,0.0555555555555555,18,248353521.05,Higher,True,Long,False,Long,70,Confirmed,CPR width: Narrow (20/20); Price location: Above CPR (20/20); Trend: unavailable (10/20); Participation: unavailable (10/20); Higher timeframe: unavailable (10/20),Narrow CPR,Not applicable,Not applicable,Narrow CPR; Wide CPR rules not applied,None,0,No active J-Curve setup.
GODFRYPHLP,EQ,GODFREY PHILLIPS INDIA LT,2245.0,2255.9,2227.7,2245.2,257877,578347142.7,20260616,2242.9333333333334,2241.8,2244.0666666666666,2244.0666666666666,2241.8,2.266666666666424,0.100956113783468,Narrow,Bullish,Above CPR,Cash Only,Fast Moving Consumer Goods,True,False,0.1666666666666666,18,811013038.85,Lower,True,No setup,True,Neutral,0,Not applicable,No directional setup; confirmation score not applicable.,Narrow CPR,Not applicable,Not applicable,Narrow CPR; Wide CPR rules not applied,None,0,No active J-Curve setup.
WINDMACHIN,EQ,WINDSOR MACHINES LIMITED,326.05,333.95,321.95,328.45,108892,35768013.2,20260616,328.1166666666666,327.95,328.28333333333325,328.28333333333325,327.95,0.3333333333332575,0.1014867813467065,Narrow,Bullish,Above CPR,Cash Only,Power & Utilities,True,False,0.0555555555555555,18,19009275.925,Higher,True,Long,False,Long,70,Confirmed,CPR width: Narrow (20/20); Price location: Above CPR (20/20); Trend: unavailable (10/20); Participation: unavailable (10/20); Higher timeframe: unavailable (10/20),Narrow CPR,Not applicable,Not applicable,Narrow CPR; Wide CPR rules not applied,None,0,No active J-Curve setup.
CGPOWER,EQ,CG POWER AND IND SOL LTD,943.55,946.9,931.6,940.7,2475717,2328548374.8,20260616,939.7333333333332,939.25,940.2166666666664,940.2166666666664,939.25,0.9666666666664696,0.1027603557634176,Narrow,Bullish,Above CPR,Cash Only,Capital Goods,True,False,0.1666666666666666,18,2874077894.1000004,Higher,True,Long,True,Long,70,Confirmed,CPR width: Narrow (20/20); Price location: Above CPR (20/20); Trend: unavailable (10/20); Participation: unavailable (10/20); Higher timeframe: unavailable (10/20),Narrow CPR,Not applicable,Not applicable,Narrow CPR; Wide CPR rules not applied,None,0,No active J-Curve setup.
NFL,EQ,NATIONAL FERT. LTD,75.99,79.7,75.42,77.68,8022820,627346016.88,20260616,77.60000000000001,77.56,77.64000000000001,77.64000000000001,77.56,0.0800000000000125,0.1029866117404898,Narrow,Bullish,Above CPR,Cash Only,Diversified,True,False,0.1111111111111111,18,84857846.09,Higher,True,Long,False,Long,70,Confirmed,CPR width: Narrow (20/20); Price location: Above CPR (20/20); Trend: unavailable (10/20); Participation: unavailable (10/20); Higher timeframe: unavailable (10/20),Narrow CPR,Not applicable,Not applicable,Narrow CPR; Wide CPR rules not applied,None,0,No active J-Curve setup.
GOKULAGRO,EQ,GOKUL AGRO RESOURCES LTD,222.47,224.95,219.2,222.43,413700,91715874.69,20260616,222.1933333333333,222.075,222.3116666666666,222.3116666666666,222.075,0.2366666666666219,0.1064005155179705,Narrow,Bullish,Above CPR,Cash Only,Chemicals & Fertilizers,True,False,0.1666666666666666,18,86396232.925,Lower,True,No setup,False,Neutral,0,Not applicable,No directional setup; confirmation score not applicable.,Narrow CPR,Not applicable,Not applicable,Narrow CPR; Wide CPR rules not applied,None,0,No active J-Curve setup.
MASTERTR,EQ,MASTER TRUST LIMITED,78.76,79.05,77.0,78.15,480816,37523638.4,20260616,78.06666666666668,78.025,78.10833333333335,78.10833333333335,78.025,0.0833333333333428,0.1066325442525179,Narrow,Bullish,Above CPR,Cash Only,Diversified,True,False,0.1666666666666666,18,18840715.66,Lower,True,No setup,False,Neutral,0,Not applicable,No directional setup; confirmation score not applicable.,Narrow CPR,Not applicable,Not applicable,Narrow CPR; Wide CPR rules not applied,None,0,No active J-Curve setup.
63MOONS,EQ,63 MOONS TECHNOLOGIES LTD,664.25,672.5,662.15,668.4,67943,45363655.95,20260616,667.6833333333334,667.325,668.0416666666667,668.0416666666667,667.325,0.716666666666697,0.1072212248154843,Narrow,Bullish,Above CPR,Cash Only,Diversified,True,False,0.1111111111111111,18,77371884.475,Inside,True,No setup,False,Neutral,0,Not applicable,No directional setup; confirmation score not applicable.,Narrow CPR,Not applicable,Not applicable,Narrow CPR; Wide CPR rules not applied,None,0,No active J-Curve setup.
IOB,EQ,INDIAN OVERSEAS BANK,34.0,34.13,33.82,34.03,2049949,69661939.99,20260616,33.99333333333333,33.975,34.01166666666666,34.01166666666666,33.975,0.0366666666666617,0.107748065432447,Narrow,Bullish,Above CPR,Cash Only,Financial Services,True,False,0.2777777777777778,18,109779498.64,Overlapping,False,No setup,True,Neutral,0,Not applicable,No directional setup; confirmation score not applicable.,Narrow CPR,Not applicable,Not applicable,Narrow CPR; Wide CPR rules not applied,None,0,No active J-Curve setup.
ZEEL,EQ,ZEE ENTERTAINMENT ENT LTD,109.5,113.75,108.27,111.19,52031423,5783168342.95,20260616,111.07,111.01,111.13,111.13,111.01,0.1200000000000045,0.1079233744041771,Narrow,Bullish,Above CPR,Cash Only,Media Entertainment & Publication,True,False,0.1111111111111111,18,4941895981.805,Higher,True,Long,True,Long,70,Confirmed,CPR width: Narrow (20/20); Price location: Above CPR (20/20); Trend: unavailable (10/20); Participation: unavailable (10/20); Higher timeframe: unavailable (10/20),Narrow CPR,Not applicable,Not applicable,Narrow CPR; Wide CPR rules not applied,None,0,No active J-Curve setup.
PNB,EQ,PUNJAB NATIONAL BANK,108.09,108.69,106.9,107.97,11865685,1279711897.67,20260616,107.85333333333334,107.795,107.91166666666668,107.91166666666668,107.795,0.1166666666666742,0.1080547065542968,Narrow,Bullish,Above CPR,Cash Only,Financial Services,True,False,0.0555555555555555,18,2132512167.13,Lower,True,No setup,True,Neutral,0,Not applicable,No directional setup; confirmation score not applicable.,Narrow CPR,Not applicable,Not applicable,Narrow CPR; Wide CPR rules not applied,None,0,No active J-Curve setup.
JYOTISTRUC,EQ,JYOTI STRUCTURES LTD,12.22,12.44,12.02,12.25,5865644,71786030.96,20260616,12.236666666666666,12.23,12.243333333333332,12.243333333333332,12.23,0.0133333333333318,0.1088435374149539,Narrow,Bullish,Above CPR,Cash Only,Diversified,True,False,0.1111111111111111,18,94408620.445,Lower,True,No setup,False,Neutral,0,Not applicable,No directional setup; confirmation score not applicable.,Narrow CPR,Not applicable,Not applicable,Narrow CPR; Wide CPR rules not applied,None,0,No active J-Curve setup.
HAWKINCOOK,EQ,HAWKINS COOKERS LTD,7805.0,7863.0,7756.0,7822.5,723,5638725.5,20260616,7813.833333333333,7809.5,7818.166666666666,7818.166666666666,7809.5,8.66666666666606,0.1107915201874855,Narrow,Bullish,Above CPR,Cash Only,Diversified,True,False,0.2222222222222222,18,7321900.75,Higher,True,Long,False,Long,70,Confirmed,CPR width: Narrow (20/20); Price location: Above CPR (20/20); Trend: unavailable (10/20); Participation: unavailable (10/20); Higher timeframe: unavailable (10/20),Narrow CPR,Not applicable,Not applicable,Narrow CPR; Wide CPR rules not applied,None,0,No active J-Curve setup.
ABB,EQ,ABB INDIA LIMITED,6955.0,7079.5,6939.0,7021.0,366666,2573557159.5,20260616,7013.166666666667,7009.25,7017.083333333334,7017.083333333334,7009.25,7.83333333333394,0.1115700517495219,Narrow,Bullish,Above CPR,Cash Only,Capital Goods,True,False,0.1111111111111111,18,2192959812.75,Higher,True,Long,True,Long,70,Confirmed,CPR width: Narrow (20/20); Price location: Above CPR (20/20); Trend: unavailable (10/20); Participation: unavailable (10/20); Higher timeframe: unavailable (10/20),Narrow CPR,Not applicable,Not applicable,Narrow CPR; Wide CPR rules not applied,None,0,No active J-Curve setup.
APOLLOTYRE,EQ,APOLLO TYRES LTD,416.2,420.4,411.1,416.45,1238586,516080886.7,20260616,415.98333333333335,415.75,416.2166666666667,416.2166666666667,415.75,0.466666666666697,0.1120582703005635,Narrow,Bullish,Above CPR,Cash Only,Automobile and Auto Components,True,False,0.2777777777777778,18,415590770.9,Higher,False,No setup,True,Neutral,0,Not applicable,No directional setup; confirmation score not applicable.,Narrow CPR,Not applicable,Not applicable,Narrow CPR; Wide CPR rules not applied,None,0,No active J-Curve setup.
HDFCBANK,EQ,HDFC BANK LTD,780.5,787.7,779.45,784.9,27820970,21821164302.2,20260616,784.0166666666668,783.575,784.4583333333335,784.4583333333335,783.575,0.8833333333334394,0.1125408756954312,Narrow,Bullish,Above CPR,Cash Only,Financial Services,True,False,0.2777777777777778,18,27313976803.325,Inside,False,No setup,True,Neutral,0,Not applicable,No directional setup; confirmation score not applicable.,Narrow CPR,Not applicable,Not applicable,Narrow CPR; Wide CPR rules not applied,None,0,No active J-Curve setup.
MARATHON,EQ,MARATHON NXTGEN REALT LTD,406.1,414.0,403.2,409.3,70676,28838874.55,20260616,408.8333333333333,408.6,409.0666666666666,409.0666666666666,408.6,0.4666666666665833,0.1140157993321727,Narrow,Bullish,Above CPR,Cash Only,Diversified,True,False,0.0555555555555555,18,27466347.75,Overlapping,True,No setup,False,Neutral,0,Not applicable,No directional setup; confirmation score not applicable.,Narrow CPR,Not applicable,Not applicable,Narrow CPR; Wide CPR rules not applied,None,0,No active J-Curve setup.
FEDFINA,EQ,FEDBANK FINANCIAL SER L,163.0,164.07,161.31,162.97,653065,106204484.14,20260616,162.78333333333333,162.69,162.8766666666667,162.8766666666667,162.69,0.1866666666666674,0.1145405084780434,Narrow,Bullish,Above CPR,Cash Only,Diversified,True,False,0.1666666666666666,18,111016323.355,Higher,True,Long,False,Long,70,Confirmed,CPR width: Narrow (20/20); Price location: Above CPR (20/20); Trend: unavailable (10/20); Participation: unavailable (10/20); Higher timeframe: unavailable (10/20),Narrow CPR,Not applicable,Not applicable,Narrow CPR; Wide CPR rules not applied,None,0,No active J-Curve setup.
CENTRALBK,EQ,CENTRAL BANK OF INDIA,31.95,32.25,31.64,32.0,12712438,406687483.09,20260616,31.96333333333333,31.945,31.98166666666667,31.98166666666667,31.945,0.0366666666666688,0.1145833333333401,Narrow,Bullish,Above CPR,Cash Only,Financial Services,True,False,0.2777777777777778,18,493694440.85,Higher,False,No setup,True,Neutral,0,Not applicable,No directional setup; confirmation score not applicable.,Narrow CPR,Not applicable,Not applicable,Narrow CPR; Wide CPR rules not applied,None,0,No active J-Curve setup.
INFOMEDIA,EQ,INFOMEDIA PRESS LIMITED,5.85,5.95,5.61,5.79,3931,22796.31,20260616,5.783333333333334,5.78,5.786666666666668,5.786666666666668,5.78,0.0066666666666677,0.1151410477835528,Narrow,Bullish,Above CPR,Cash Only,Information Technology,True,False,0.0555555555555555,18,61821.23,Lower,True,No setup,False,Neutral,0,Not applicable,No directional setup; confirmation score not applicable.,Narrow CPR,Not applicable,Not applicable,Narrow CPR; Wide CPR rules not applied,None,0,No active J-Curve setup.
BEML,EQ,BEML LIMITED,1780.5,1793.4,1763.8,1781.7,173238,308169460.5,20260616,1779.6333333333332,1778.6,1780.6666666666663,1780.6666666666663,1778.6,2.066666666666606,0.1159940880432511,Narrow,Bullish,Above CPR,Cash Only,Capital Goods,True,False,0.2777777777777778,18,334436494.8,Lower,False,No setup,True,Neutral,0,Not applicable,No directional setup; confirmation score not applicable.,Narrow CPR,Not applicable,Not applicable,Narrow CPR; Wide CPR rules not applied,None,0,No active J-Curve setup.
SHINDL,EQ,SHARAT INDUSTRIES LTD.,161.03,161.03,158.05,159.82,114087,18214939.73,20260616,159.63333333333335,159.54000000000002,159.7266666666667,159.7266666666667,159.54000000000002,0.1866666666666674,0.1167980644892175,Narrow,Bullish,Above CPR,Cash Only,Diversified,True,False,0.3333333333333333,18,18330802.0,Higher,False,No setup,False,Neutral,0,Not applicable,No directional setup; confirmation score not applicable.,Narrow CPR,Not applicable,Not applicable,Narrow CPR; Wide CPR rules not applied,None,0,No active J-Curve setup.
AGROPHOS,EQ,AGRO PHOS INDIA LIMITED,31.59,31.89,30.26,31.13,34752,1077203.61,20260616,31.093333333333334,31.075000000000003,31.111666666666665,31.111666666666665,31.075000000000003,0.0366666666666617,0.1177856301531055,Narrow,Bullish,Above CPR,Cash Only,Chemicals & Fertilizers,True,False,0.0555555555555555,18,535167.765,Higher,True,Long,False,Long,70,Confirmed,CPR width: Narrow (20/20); Price location: Above CPR (20/20); Trend: unavailable (10/20); Participation: unavailable (10/20); Higher timeframe: unavailable (10/20),Narrow CPR,Not applicable,Not applicable,Narrow CPR; Wide CPR rules not applied,None,0,No active J-Curve setup.
ABMKNO,EQ,A B M KNOWLEDGEWARE LTD.,219.96,219.99,207.09,213.92,1105,237229.47,20260616,213.66666666666663,213.54,213.7933333333333,213.7933333333333,213.54,0.2533333333332734,0.1184243330839909,Narrow,Bullish,Above CPR,Cash Only,Diversified,True,False,0.1111111111111111,18,538944.625,Inside,True,No setup,False,Neutral,0,Not applicable,No directional setup; confirmation score not applicable.,Narrow CPR,Not applicable,Not applicable,Narrow CPR; Wide CPR rules not applied,None,0,No active J-Curve setup.
GENESYS,EQ,GENESYS INTL CORPN LTD,315.3,327.8,311.95,320.45,591661,189524730.7,20260616,320.06666666666666,319.875,320.2583333333333,320.2583333333333,319.875,0.3833333333333257,0.1196234461954519,Narrow,Bullish,Above CPR,Cash Only,Diversified,True,False,0.1111111111111111,18,248527513.225,Higher,True,Long,False,Long,70,Confirmed,CPR width: Narrow (20/20); Price location: Above CPR (20/20); Trend: unavailable (10/20); Participation: unavailable (10/20); Higher timeframe: unavailable (10/20),Narrow CPR,Not applicable,Not applicable,Narrow CPR; Wide CPR rules not applied,None,0,No active J-Curve setup.
SPAL,EQ,S. P. APPARELS LIMITED,855.0,866.45,827.0,848.25,361317,306215190.65,20260616,847.2333333333332,846.725,847.7416666666664,847.7416666666664,846.725,1.016666666666424,0.1198546026131947,Narrow,Bullish,Above CPR,Cash Only,Diversified,True,False,0.1666666666666666,18,21737852.200000003,Lower,True,No setup,False,Neutral,0,Not applicable,No directional setup; confirmation score not applicable.,Narrow CPR,Not applicable,Not applicable,Narrow CPR; Wide CPR rules not applied,None,0,No active J-Curve setup.
BIMETAL,EQ,BIMETAL BEARINGS LTD.,641.6,645.0,631.5,639.4,1387,890184.85,20260616,638.6333333333333,638.25,639.0166666666667,639.0166666666667,638.25,0.7666666666666515,0.1199040767386067,Narrow,Bullish,Above CPR,Cash Only,Metals & Mining,True,False,0.1666666666666666,18,462441.0,Lower,True,No setup,False,Neutral,0,Not applicable,No directional setup; confirmation score not applicable.,Narrow CPR,Not applicable,Not applicable,Narrow CPR; Wide CPR rules not applied,None,0,No active J-Curve setup.
EIFFL,EQ,EURO (I) FRESH FOODS LTD,241.15,255.57,241.15,248.81,19319,4796013.97,20260616,248.51,248.36,248.66,248.66,248.36,0.2999999999999545,0.1205739319159014,Narrow,Bullish,Above CPR,Cash Only,Diversified,True,False,0.2222222222222222,18,5373663.904999999,Higher,True,Long,False,Long,70,Confirmed,CPR width: Narrow (20/20); Price location: Above CPR (20/20); Trend: unavailable (10/20); Participation: unavailable (10/20); Higher timeframe: unavailable (10/20),Narrow CPR,Not applicable,Not applicable,Narrow CPR; Wide CPR rules not applied,None,0,No active J-Curve setup.
POWERGRID,EQ,POWER GRID CORP. LTD.,286.1,286.4,282.85,285.15,8146761,2319379959.25,20260616,284.8,284.625,284.975,284.975,284.625,0.3500000000000227,0.1227424162721454,Narrow,Bullish,Above CPR,Cash Only,Power,True,False,0.1666666666666666,18,2807878971.575,Lower,True,No setup,True,Neutral,0,Not applicable,No directional setup; confirmation score not applicable.,Narrow CPR,Not applicable,Not applicable,Narrow CPR; Wide CPR rules not applied,None,0,No active J-Curve setup.
FAIRCHEMOR,EQ,FAIRCHEM ORGANICS LIMITED,600.3,609.65,600.3,606.1,1946,1176144.5,20260616,605.3499999999999,604.9749999999999,605.7249999999999,605.7249999999999,604.9749999999999,0.75,0.1237419567728097,Narrow,Bullish,Above CPR,Cash Only,Chemicals & Fertilizers,True,False,0.2222222222222222,18,5177731.625,Inside,True,No setup,False,Neutral,0,Not applicable,No directional setup; confirmation score not applicable.,Narrow CPR,Not applicable,Not applicable,Narrow CPR; Wide CPR rules not applied,None,0,No active J-Curve setup.
BAJAJELEC,EQ,BAJAJ ELECT.LTD,323.0,325.8,319.0,323.0,173014,55708898.1,20260616,322.6,322.4,322.79999999999995,322.79999999999995,322.4,0.3999999999999772,0.1238390092879186,Narrow,Bullish,Above CPR,Cash Only,Diversified,True,False,0.2777777777777778,18,72816979.725,Higher,False,No setup,False,Neutral,0,Not applicable,No directional setup; confirmation score not applicable.,Narrow CPR,Not applicable,Not applicable,Narrow CPR; Wide CPR rules not applied,None,0,No active J-Curve setup.
ICICIBANK,EQ,ICICI BANK LTD.,1331.9,1337.3,1326.3,1334.3,13069159,17401991209.8,20260616,1332.6333333333332,1331.8,1333.4666666666665,1333.4666666666665,1331.8,1.666666666666515,0.1249094406555133,Narrow,Bullish,Above CPR,Cash Only,Financial Services,True,False,0.1666666666666666,18,21846271563.15,Overlapping,True,No setup,True,Neutral,0,Not applicable,No directional setup; confirmation score not applicable.,Narrow CPR,Not applicable,Not applicable,Narrow CPR; Wide CPR rules not applied,None,0,No active J-Curve setup.
SYNGENE,EQ,SYNGENE INTERNATIONAL LTD,454.95,455.0,449.5,453.1,553671,250617028.55,20260616,452.5333333333333,452.25,452.8166666666666,452.8166666666666,452.25,0.566666666666606,0.1250643713676023,Narrow,Bullish,Above CPR,Cash Only,Healthcare,True,False,0.1666666666666666,18,288504813.125,Lower,True,No setup,True,Neutral,0,Not applicable,No directional setup; confirmation score not applicable.,Narrow CPR,Not applicable,Not applicable,Narrow CPR; Wide CPR rules not applied,None,0,No active J-Curve setup.
SUPERSPIN,EQ,SUPER SPINNING MILLS LTD,5.28,5.4,5.22,5.32,91849,490152.36,20260616,5.3133333333333335,5.3100000000000005,5.316666666666666,5.316666666666666,5.3100000000000005,0.0066666666666659,0.1253132832080062,Narrow,Bullish,Above CPR,Cash Only,Textiles & Apparel,True,False,0.0555555555555555,18,204974.05,Higher,True,Long,False,Long,70,Confirmed,CPR width: Narrow (20/20); Price location: Above CPR (20/20); Trend: unavailable (10/20); Participation: unavailable (10/20); Higher timeframe: unavailable (10/20),Narrow CPR,Not applicable,Not applicable,Narrow CPR; Wide CPR rules not applied,None,0,No active J-Curve setup.
CLEAN,EQ,CLEAN SCIENCE & TECH LTD,790.0,790.0,773.55,783.25,173170,134882798.75,20260616,782.2666666666668,781.775,782.7583333333336,782.7583333333336,781.775,0.983333333333576,0.1255452707735175,Narrow,Bullish,Above CPR,Cash Only,Chemicals,True,False,0.0555555555555555,18,115637509.125,Lower,True,No setup,True,Neutral,0,Not applicable,No directional setup; confirmation score not applicable.,Narrow CPR,Not applicable,Not applicable,Narrow CPR; Wide CPR rules not applied,None,0,No active J-Curve setup.
SHILCTECH,EQ,SHILCHAR TECHNOLOGIES LTD,4188.0,4200.0,4125.5,4170.7,15984,66577282.1,20260616,4165.400000000001,4162.75,4168.050000000001,4168.050000000001,4162.75,5.300000000001091,0.1270769894742151,Narrow,Bullish,Above CPR,Cash Only,Information Technology,True,False,0.1111111111111111,18,86715773.75,Higher,True,Long,False,Long,70,Confirmed,CPR width: Narrow (20/20); Price location: Above CPR (20/20); Trend: unavailable (10/20); Participation: unavailable (10/20); Higher timeframe: unavailable (10/20),Narrow CPR,Not applicable,Not applicable,Narrow CPR; Wide CPR rules not applied,None,0,No active J-Curve setup.
HBLENGINE,EQ,HBL ENGINEERING LTD,795.0,805.0,791.25,799.65,862006,687150142.4,20260616,798.6333333333333,798.125,799.1416666666667,799.1416666666667,798.125,1.0166666666666515,0.1271389566268557,Narrow,Bullish,Above CPR,Cash Only,Capital Goods,True,False,0.1666666666666666,18,950771017.55,Inside,True,No setup,True,Neutral,0,Not applicable,No directional setup; confirmation score not applicable.,Narrow CPR,Not applicable,Not applicable,Narrow CPR; Wide CPR rules not applied,None,0,No active J-Curve setup.
KSL,EQ,KALYANI STEELS LIMITED,819.0,819.0,801.5,811.8,12904,10427007.7,20260616,810.7666666666668,810.25,811.2833333333335,811.2833333333335,810.25,1.0333333333335304,0.1272891516794198,Narrow,Bullish,Above CPR,Cash Only,Diversified,True,False,0.1111111111111111,18,31584999.55,Lower,True,No setup,False,Neutral,0,Not applicable,No directional setup; confirmation score not applicable.,Narrow CPR,Not applicable,Not applicable,Narrow CPR; Wide CPR rules not applied,None,0,No active J-Curve setup.
5PAISA,EQ,5PAISA CAPITAL LIMITED,323.9,332.4,317.55,325.6,103184,33445068.95,20260616,325.18333333333334,324.975,325.39166666666665,325.39166666666665,324.975,0.4166666666666287,0.1279688779688663,Narrow,Bullish,Above CPR,Cash Only,Stock Broking,True,False,0.1666666666666666,18,9008424.825,Higher,True,Long,False,Long,70,Confirmed,CPR width: Narrow (20/20); Price location: Above CPR (20/20); Trend: unavailable (10/20); Participation: unavailable (10/20); Higher timeframe: unavailable (10/20),Narrow CPR,Not applicable,Not applicable,Narrow CPR; Wide CPR rules not applied,None,0,No active J-Curve setup.
POLYCAB,EQ,POLYCAB INDIA LIMITED,9600.0,9671.0,9475.0,9591.5,339718,3255661714.5,20260616,9579.166666666666,9573.0,9585.333333333332,9585.333333333332,9573.0,12.33333333333212,0.1285860744756515,Narrow,Bullish,Above CPR,Cash Only,Capital Goods,True,False,0.2222222222222222,18,2188724001.0,Overlapping,True,No setup,True,Neutral,0,Not applicable,No directional setup; confirmation score not applicable.,Narrow CPR,Not applicable,Not applicable,Narrow CPR; Wide CPR rules not applied,None,0,No active J-Curve setup.
GOODYEAR,EQ,GOODYEAR INDIA LIMITED,746.05,749.8,740.1,746.4,5472,4081218.1,20260616,745.4333333333334,744.95,745.9166666666667,745.9166666666667,744.95,0.966666666666697,0.1295105394783892,Narrow,Bullish,Above CPR,Cash Only,Diversified,True,False,0.2777777777777778,18,5434558.725,Lower,False,No setup,False,Neutral,0,Not applicable,No directional setup; confirmation score not applicable.,Narrow CPR,Not applicable,Not applicable,Narrow CPR; Wide CPR rules not applied,None,0,No active J-Curve setup.
SCILAL,EQ,SHIPPING CORP OF ILA LTD,46.37,46.7,45.7,46.29,288283,13296689.59,20260616,46.23,46.2,46.25999999999999,46.25999999999999,46.2,0.059999999999988,0.1296176279973818,Narrow,Bullish,Above CPR,Cash Only,Diversified,True,False,0.3888888888888889,18,13567347.745,Higher,False,No setup,False,Neutral,0,Not applicable,No directional setup; confirmation score not applicable.,Narrow CPR,Not applicable,Not applicable,Narrow CPR; Wide CPR rules not applied,None,0,No active J-Curve setup.
GLENMARK,EQ,GLENMARK PHARMACEUTICALS,2165.0,2171.9,2133.0,2156.7,325200,699826143.2,20260616,2153.8666666666663,2152.45,2155.283333333333,2155.283333333333,2152.45,2.83333333333303,0.131373549095054,Narrow,Bullish,Above CPR,Cash Only,Healthcare,True,False,0.1666666666666666,18,1264023404.0,Lower,True,No setup,True,Neutral,0,Not applicable,No directional setup; confirmation score not applicable.,Narrow CPR,Not applicable,Not applicable,Narrow CPR; Wide CPR rules not applied,None,0,No active J-Curve setup.
HESTERBIO,EQ,HESTER BIOSCIENCES LTD,2066.6,2093.7,2007.0,2054.4,5742,11755093.0,20260616,2051.7000000000003,2050.35,2053.0500000000006,2053.0500000000006,2050.35,2.700000000000728,0.1314252336448952,Narrow,Bullish,Above CPR,Cash Only,Healthcare & Pharma,True,False,0.1111111111111111,18,14291675.5,Inside,True,No setup,False,Neutral,0,Not applicable,No directional setup; confirmation score not applicable.,Narrow CPR,Not applicable,Not applicable,Narrow CPR; Wide CPR rules not applied,None,0,No active J-Curve setup.
CHOICEIN,EQ,CHOICE INTERNATIONAL LTD,709.8,713.15,703.45,709.7,801463,567766745.65,20260616,708.7666666666668,708.3,709.2333333333336,709.2333333333336,708.3,0.9333333333336212,0.1315109670753306,Narrow,Bullish,Above CPR,Cash Only,Financial Services,True,False,0.1666666666666666,18,382081440.85,Higher,True,Long,True,Long,70,Confirmed,CPR width: Narrow (20/20); Price location: Above CPR (20/20); Trend: unavailable (10/20); Participation: unavailable (10/20); Higher timeframe: unavailable (10/20),Narrow CPR,Not applicable,Not applicable,Narrow CPR; Wide CPR rules not applied,None,0,No active J-Curve setup.
ANANDRATHI,EQ,ANAND RATHI WEALTH LTD,1778.7,1785.8,1753.0,1772.9,252489,446617067.8,20260616,1770.5666666666668,1769.4,1771.7333333333336,1771.7333333333336,1769.4,2.333333333333485,0.1316111079775218,Narrow,Bullish,Above CPR,Cash Only,Financial Services,True,False,0.1666666666666666,18,656672325.8,Lower,True,No setup,True,Neutral,0,Not applicable,No directional setup; confirmation score not applicable.,Narrow CPR,Not applicable,Not applicable,Narrow CPR; Wide CPR rules not applied,None,0,No active J-Curve setup.
CANBK,EQ,CANARA BANK,132.36,133.49,131.64,132.83,19477515,2582345197.72,20260616,132.65333333333334,132.565,132.74166666666667,132.74166666666667,132.565,0.1766666666666765,0.1330020828628145,Narrow,Bullish,Above CPR,Cash Only,Financial Services,True,False,0.1666666666666666,18,3604398740.525,Overlapping,True,No setup,True,Neutral,0,Not applicable,No directional setup; confirmation score not applicable.,Narrow CPR,Not applicable,Not applicable,Narrow CPR; Wide CPR rules not applied,None,0,No active J-Curve setup.
NATCOPHARM,EQ,NATCO PHARMA LTD.,851.7,857.9,841.7,851.5,560388,476347426.3,20260616,850.3666666666667,849.8,850.9333333333334,850.9333333333334,849.8,1.1333333333334394,0.1330984537091531,Narrow,Bullish,Above CPR,Cash Only,Healthcare,True,False,0.1111111111111111,18,659965487.4000001,Lower,True,No setup,True,Neutral,0,Not applicable,No directional setup; confirmation score not applicable.,Narrow CPR,Not applicable,Not applicable,Narrow CPR; Wide CPR rules not applied,None,0,No active J-Curve setup.
LYPSAGEMS,EQ,LYPSA GEMS & JEWEL LTD,4.95,4.99,4.87,4.94,14416,71173.0,20260616,4.933333333333334,4.93,4.936666666666667,4.936666666666667,4.93,0.0066666666666677,0.134952766531735,Narrow,Bullish,Above CPR,Cash Only,Diversified,True,False,0.0555555555555555,18,88556.945,Overlapping,True,No setup,False,Neutral,0,Not applicable,No directional setup; confirmation score not applicable.,Narrow CPR,Not applicable,Not applicable,Narrow CPR; Wide CPR rules not applied,None,0,No active J-Curve setup.
HIMATSEIDE,EQ,HIMATSINGKA SEIDE LTD,78.45,78.52,77.0,77.92,256902,19950880.57,20260616,77.81333333333333,77.75999999999999,77.86666666666667,77.86666666666667,77.75999999999999,0.1066666666666833,0.1368925393566264,Narrow,Bullish,Above CPR,Cash Only,Diversified,True,False,0.1111111111111111,18,40117234.25,Lower,True,No setup,False,Neutral,0,Not applicable,No directional setup; confirmation score not applicable.,Narrow CPR,Not applicable,Not applicable,Narrow CPR; Wide CPR rules not applied,None,0,No active J-Curve setup.
AEGISLOG,EQ,AEGIS LOGISTICS LIMITED,982.05,1001.75,965.6,985.7,4129399,4059282833.3,20260616,984.35,983.675,985.025,985.025,983.675,1.3500000000001364,0.1369585066450376,Narrow,Bullish,Above CPR,Cash Only,Oil Gas & Consumable Fuels,True,False,0.2222222222222222,18,514919620.45,Higher,True,Long,True,Long,70,Confirmed,CPR width: Narrow (20/20); Price location: Above CPR (20/20); Trend: unavailable (10/20); Participation: unavailable (10/20); Higher timeframe: unavailable (10/20),Narrow CPR,Not applicable,Not applicable,Narrow CPR; Wide CPR rules not applied,None,0,No active J-Curve setup.
SHRINGARMS,EQ,SHRINGAR HOU OF MANGALS L,213.9,216.89,212.96,215.37,520615,111906966.65,20260616,215.07333333333332,214.925,215.2216666666667,215.2216666666667,214.925,0.296666666666681,0.1377474423859781,Narrow,Bullish,Above CPR,Cash Only,Diversified,True,False,0.1111111111111111,18,108798339.355,Higher,True,Long,False,Long,70,Confirmed,CPR width: Narrow (20/20); Price location: Above CPR (20/20); Trend: unavailable (10/20); Participation: unavailable (10/20); Higher timeframe: unavailable (10/20),Narrow CPR,Not applicable,Not applicable,Narrow CPR; Wide CPR rules not applied,None,0,No active J-Curve setup.
MOKSH,EQ,MOKSH ORNAMENTS LIMITED,11.85,12.18,11.85,12.04,25671,307015.14,20260616,12.023333333333332,12.015,12.031666666666666,12.031666666666666,12.015,0.0166666666666657,0.1384274640088515,Narrow,Bullish,Above CPR,Cash Only,Diversified,True,False,0.1111111111111111,18,618051.35,Lower,True,No setup,False,Neutral,0,Not applicable,No directional setup; confirmation score not applicable.,Narrow CPR,Not applicable,Not applicable,Narrow CPR; Wide CPR rules not applied,None,0,No active J-Curve setup.
MUKANDLTD,EQ,MUKAND LTD.,135.7,136.79,133.62,135.49,75418,10183521.58,20260616,135.29999999999998,135.20499999999998,135.39499999999998,135.39499999999998,135.20499999999998,0.1899999999999977,0.1402317514207673,Narrow,Bullish,Above CPR,Cash Only,Diversified,True,False,0.2222222222222222,18,15410088.585,Lower,True,No setup,False,Neutral,0,Not applicable,No directional setup; confirmation score not applicable.,Narrow CPR,Not applicable,Not applicable,Narrow CPR; Wide CPR rules not applied,None,0,No active J-Curve setup.
HOMEFIRST,EQ,HOME FIRST FIN CO IND LTD,1120.5,1148.0,1119.1,1136.0,138502,156959275.9,20260616,1134.3666666666666,1133.55,1135.1833333333332,1135.1833333333332,1133.55,1.633333333333212,0.143779342722994,Narrow,Bullish,Above CPR,Cash Only,Financial Services,True,False,0.2222222222222222,18,192039189.1,Higher,True,Long,True,Long,70,Confirmed,CPR width: Narrow (20/20); Price location: Above CPR (20/20); Trend: unavailable (10/20); Participation: unavailable (10/20); Higher timeframe: unavailable (10/20),Narrow CPR,Not applicable,Not applicable,Narrow CPR; Wide CPR rules not applied,None,0,No active J-Curve setup.
WONDERLA,EQ,WONDERLA HOLIDAYS LTD.,490.0,490.0,485.25,488.7,19417,9469467.8,20260616,487.98333333333335,487.625,488.3416666666667,488.3416666666667,487.625,0.716666666666697,0.1466475683786979,Narrow,Bullish,Above CPR,Cash Only,Diversified,True,False,0.3333333333333333,18,13626755.15,Higher,False,No setup,False,Neutral,0,Not applicable,No directional setup; confirmation score not applicable.,Narrow CPR,Not applicable,Not applicable,Narrow CPR; Wide CPR rules not applied,None,0,No active J-Curve setup.
HINDWAREAP,EQ,HINDWARE HME INOVATON LTD,250.98,258.0,248.0,253.56,202115,51050544.91,20260616,253.18666666666664,253.0,253.37333333333328,253.37333333333328,253.0,0.373333333333278,0.147236682967849,Narrow,Bullish,Above CPR,Cash Only,Diversified,True,False,0.1666666666666666,18,20164071.56,Lower,True,No setup,False,Neutral,0,Not applicable,No directional setup; confirmation score not applicable.,Narrow CPR,Not applicable,Not applicable,Narrow CPR; Wide CPR rules not applied,None,0,No active J-Curve setup.
FOODSIN,EQ,FOODS & INNS LIMITED,56.0,56.88,55.87,56.5,31910,1797746.63,20260616,56.41666666666666,56.375,56.45833333333333,56.45833333333333,56.375,0.0833333333333286,0.1474926253687231,Narrow,Bullish,Above CPR,Cash Only,FMCG & Food Products,True,False,0.2222222222222222,18,3736962.54,Higher,True,Long,False,Long,70,Confirmed,CPR width: Narrow (20/20); Price location: Above CPR (20/20); Trend: unavailable (10/20); Participation: unavailable (10/20); Higher timeframe: unavailable (10/20),Narrow CPR,Not applicable,Not applicable,Narrow CPR; Wide CPR rules not applied,None,0,No active J-Curve setup.
OPTIEMUS,EQ,OPTIEMUS INFRACOM LTD,426.4,434.4,422.5,429.4,102003,43688574.6,20260616,428.76666666666665,428.45,429.0833333333333,429.0833333333333,428.45,0.6333333333333258,0.1474926253687298,Narrow,Bullish,Above CPR,Cash Only,Diversified,True,False,0.1111111111111111,18,42978114.925,Lower,True,No setup,False,Neutral,0,Not applicable,No directional setup; confirmation score not applicable.,Narrow CPR,Not applicable,Not applicable,Narrow CPR; Wide CPR rules not applied,None,0,No active J-Curve setup.
POONAWALLA,EQ,POONAWALLA FINCORP LTD,403.05,406.65,398.45,403.45,1263523,509430535.2,20260616,402.85,402.55,403.15,403.15,402.55,0.6000000000000227,0.1487173131738809,Narrow,Bullish,Above CPR,Cash Only,Financial Services,True,False,0.1666666666666666,18,527196815.7000001,Inside,True,No setup,True,Neutral,0,Not applicable,No directional setup; confirmation score not applicable.,Narrow CPR,Not applicable,Not applicable,Narrow CPR; Wide CPR rules not applied,None,0,No active J-Curve setup.
SJVN,EQ,SJVN LTD,73.14,74.06,72.95,73.67,3160897,232111838.83,20260616,73.56,73.505,73.61500000000001,73.61500000000001,73.505,0.1100000000000136,0.1493145106556449,Narrow,Bullish,Above CPR,Cash Only,Power,True,False,0.1666666666666666,18,165324099.07,Higher,True,Long,True,Long,70,Confirmed,CPR width: Narrow (20/20); Price location: Above CPR (20/20); Trend: unavailable (10/20); Participation: unavailable (10/20); Higher timeframe: unavailable (10/20),Narrow CPR,Not applicable,Not applicable,Narrow CPR; Wide CPR rules not applied,None,0,No active J-Curve setup.
LLOYDSENT,EQ,LLOYDS ENTERPRISES LTD,69.95,73.59,67.97,70.94,8015573,569901277.94,20260616,70.83333333333333,70.78,70.88666666666666,70.88666666666666,70.78,0.1066666666666549,0.1503618081007258,Narrow,Bullish,Above CPR,Cash Only,Diversified,True,False,0.1111111111111111,18,186589164.78,Higher,True,Long,False,Long,70,Confirmed,CPR width: Narrow (20/20); Price location: Above CPR (20/20); Trend: unavailable (10/20); Participation: unavailable (10/20); Higher timeframe: unavailable (10/20),Narrow CPR,Not applicable,Not applicable,Narrow CPR; Wide CPR rules not applied,None,0,No active J-Curve setup.
LATENTVIEW,EQ,LATENT VIEW ANALYTICS LTD,304.8,305.65,302.65,304.85,274114,83437151.35,20260616,304.3833333333333,304.15,304.6166666666667,304.6166666666667,304.15,0.466666666666697,0.1530807500956854,Narrow,Bullish,Above CPR,Cash Only,Information Technology,True,False,0.1111111111111111,18,204394412.85,Overlapping,True,No setup,True,Neutral,0,Not applicable,No directional setup; confirmation score not applicable.,Narrow CPR,Not applicable,Not applicable,Narrow CPR; Wide CPR rules not applied,None,0,No active J-Curve setup.
WCIL,EQ,WESTERN CARRIERS (IND) L,98.81,101.4,97.88,99.87,102898,10223840.07,20260616,99.71666666666664,99.64,99.79333333333332,99.79333333333332,99.64,0.1533333333333075,0.153532926137286,Narrow,Bullish,Above CPR,Cash Only,Diversified,True,False,0.3333333333333333,18,5085349.99,Higher,False,No setup,False,Neutral,0,Not applicable,No directional setup; confirmation score not applicable.,Narrow CPR,Not applicable,Not applicable,Narrow CPR; Wide CPR rules not applied,None,0,No active J-Curve setup.
SAATVIKGL,EQ,SAATVIK GREEN ENERGY LTD,475.35,483.0,467.1,476.15,112749,53595049.5,20260616,475.4166666666667,475.05,475.78333333333336,475.78333333333336,475.05,0.7333333333333485,0.1540130911127477,Narrow,Bullish,Above CPR,Cash Only,Diversified,True,False,0.2222222222222222,18,58104622.325,Inside,True,No setup,False,Neutral,0,Not applicable,No directional setup; confirmation score not applicable.,Narrow CPR,Not applicable,Not applicable,Narrow CPR; Wide CPR rules not applied,None,0,No active J-Curve setup.
TBOTEK,EQ,TBO TEK LIMITED,1435.1,1443.0,1395.0,1422.3,176167,249517300.8,20260616,1420.1,1419.0,1421.2000000000005,1421.2000000000005,1419.0,2.200000000000273,0.154679040989965,Narrow,Bullish,Above CPR,Cash Only,Consumer Services,True,False,0.1111111111111111,18,95604283.3,Lower,True,No setup,True,Neutral,0,Not applicable,No directional setup; confirmation score not applicable.,Narrow CPR,Not applicable,Not applicable,Narrow CPR; Wide CPR rules not applied,None,0,No active J-Curve setup.
ISGEC,EQ,ISGEC HEAVY ENG LTD,928.0,928.0,912.0,922.15,25815,23750883.0,20260616,920.7166666666668,920.0,921.4333333333334,921.4333333333334,920.0,1.433333333333394,0.1554338592781428,Narrow,Bullish,Above CPR,Cash Only,Diversified,True,False,0.3333333333333333,18,49959315.55,Lower,False,No setup,False,Neutral,0,Not applicable,No directional setup; confirmation score not applicable.,Narrow CPR,Not applicable,Not applicable,Narrow CPR; Wide CPR rules not applied,None,0,No active J-Curve setup.
NECCLTD,EQ,NORTH EAST CARRY CORP LTD,17.12,17.5,16.62,17.1,77171,1325008.64,20260616,17.073333333333334,17.060000000000002,17.086666666666666,17.086666666666666,17.060000000000002,0.0266666666666637,0.1559454191032966,Narrow,Bullish,Above CPR,Cash Only,Diversified,True,False,0.3333333333333333,18,470873.08,Lower,False,No setup,False,Neutral,0,Not applicable,No directional setup; confirmation score not applicable.,Narrow CPR,Not applicable,Not applicable,Narrow CPR; Wide CPR rules not applied,None,0,No active J-Curve setup.
NEWGEN,EQ,NEWGEN SOFTWARE TECH LTD,472.8,484.95,468.7,477.95,1359770,650201684.95,20260616,477.2,476.825,477.575,477.575,476.825,0.75,0.1569201799351396,Narrow,Bullish,Above CPR,Cash Only,Information Technology,True,False,0.1111111111111111,18,318023712.8,Higher,True,Long,True,Long,70,Confirmed,CPR width: Narrow (20/20); Price location: Above CPR (20/20); Trend: unavailable (10/20); Participation: unavailable (10/20); Higher timeframe: unavailable (10/20),Narrow CPR,Not applicable,Not applicable,Narrow CPR; Wide CPR rules not applied,None,0,No active J-Curve setup.
BALPHARMA,EQ,BAL PHARMA LTD.,88.58,90.79,87.21,89.21,49232,4351315.23,20260616,89.07,89.0,89.13999999999999,89.13999999999999,89.0,0.1399999999999863,0.1569330792511897,Narrow,Bullish,Above CPR,Cash Only,Healthcare & Pharma,True,False,0.1111111111111111,18,4718000.46,Higher,True,Long,False,Long,70,Confirmed,CPR width: Narrow (20/20); Price location: Above CPR (20/20); Trend: unavailable (10/20); Participation: unavailable (10/20); Higher timeframe: unavailable (10/20),Narrow CPR,Not applicable,Not applicable,Narrow CPR; Wide CPR rules not applied,None,0,No active J-Curve setup.
SHARDAMOTR,EQ,SHARDA MOTOR INDS LTD,808.85,815.15,805.2,812.1,23003,18662086.1,20260616,810.8166666666666,810.175,811.4583333333333,811.4583333333333,810.175,1.283333333333303,0.1580265156179415,Narrow,Bullish,Above CPR,Cash Only,Diversified,True,False,0.3888888888888889,18,49470332.475,Higher,False,No setup,False,Neutral,0,Not applicable,No directional setup; confirmation score not applicable.,Narrow CPR,Not applicable,Not applicable,Narrow CPR; Wide CPR rules not applied,None,0,No active J-Curve setup.
TRIVENI,EQ,TRIVENI ENGG. & INDS. LTD,402.0,403.0,392.6,398.75,237323,94000722.4,20260616,398.1166666666666,397.8,398.4333333333332,398.4333333333332,397.8,0.6333333333332121,0.1588296760710249,Narrow,Bullish,Above CPR,Cash Only,Diversified,True,False,0.1111111111111111,18,131125783.65,Overlapping,True,No setup,False,Neutral,0,Not applicable,No directional setup; confirmation score not applicable.,Narrow CPR,Not applicable,Not applicable,Narrow CPR; Wide CPR rules not applied,None,0,No active J-Curve setup.
BECTORFOOD,EQ,MRS BECTORS FOOD SPE LTD,185.9,186.3,181.08,184.13,376979,69378822.0,20260616,183.83666666666667,183.69,183.98333333333332,183.98333333333332,183.69,0.2933333333333507,0.1593077354767559,Narrow,Bullish,Above CPR,Cash Only,FMCG & Food Products,True,False,0.3333333333333333,18,117278457.12,Outside,False,No setup,False,Neutral,0,Not applicable,No directional setup; confirmation score not applicable.,Narrow CPR,Not applicable,Not applicable,Narrow CPR; Wide CPR rules not applied,None,0,No active J-Curve setup.
JAGRAN,EQ,JAGRAN PRAKASHAN LIMITED,63.8,64.77,63.8,64.44,281124,18043513.46,20260616,64.33666666666666,64.285,64.38833333333332,64.38833333333332,64.285,0.1033333333333246,0.1603558866128563,Narrow,Bullish,Above CPR,Cash Only,Diversified,True,False,0.2777777777777778,18,28775129.01,Higher,False,No setup,False,Neutral,0,Not applicable,No directional setup; confirmation score not applicable.,Narrow CPR,Not applicable,Not applicable,Narrow CPR; Wide CPR rules not applied,None,0,No active J-Curve setup.
FLAIR,EQ,FLAIR WRITING INDUST LTD,266.0,272.0,262.1,267.7,231072,61756913.2,20260616,267.26666666666665,267.05,267.4833333333333,267.4833333333333,267.05,0.4333333333332803,0.1618727431203886,Narrow,Bullish,Above CPR,Cash Only,Diversified,True,False,0.3333333333333333,18,43230930.55,Inside,False,No setup,False,Neutral,0,Not applicable,No directional setup; confirmation score not applicable.,Narrow CPR,Not applicable,Not applicable,Narrow CPR; Wide CPR rules not applied,None,0,No active J-Curve setup.
HERITGFOOD,EQ,HERITAGE FOODS LTD,322.7,334.4,322.7,329.35,428467,141260268.5,20260616,328.81666666666666,328.54999999999995,329.08333333333337,329.08333333333337,328.54999999999995,0.5333333333334167,0.1619351247406761,Narrow,Bullish,Above CPR,Cash Only,FMCG & Food Products,True,False,0.3888888888888889,18,61038577.75,Higher,False,No setup,False,Neutral,0,Not applicable,No directional setup; confirmation score not applicable.,Narrow CPR,Not applicable,Not applicable,Narrow CPR; Wide CPR rules not applied,None,0,No active J-Curve setup.
ROSSELLIND,EQ,ROSSELL INDIA LIMITED,54.25,57.01,53.68,55.48,20832,1144116.6,20260616,55.38999999999999,55.345,55.43499999999999,55.43499999999999,55.345,0.0899999999999892,0.1622206200432393,Narrow,Bullish,Above CPR,Cash Only,Diversified,True,False,0.2222222222222222,18,1199103.55,Higher,True,Long,False,Long,70,Confirmed,CPR width: Narrow (20/20); Price location: Above CPR (20/20); Trend: unavailable (10/20); Participation: unavailable (10/20); Higher timeframe: unavailable (10/20),Narrow CPR,Not applicable,Not applicable,Narrow CPR; Wide CPR rules not applied,None,0,No active J-Curve setup.
SHANTIGEAR,EQ,SHANTHI GEARS LTD,446.15,456.95,444.65,451.9,14800,6691928.05,20260616,451.1666666666667,450.8,451.5333333333334,451.5333333333334,450.8,0.7333333333334622,0.1622777900715782,Narrow,Bullish,Above CPR,Cash Only,Automobile & Ancillary,True,False,0.5,18,3777377.85,Higher,False,No setup,False,Neutral,0,Not applicable,No directional setup; confirmation score not applicable.,Narrow CPR,Not applicable,Not applicable,Narrow CPR; Wide CPR rules not applied,None,0,No active J-Curve setup.
HINDALCO,EQ,HINDALCO  INDUSTRIES  LTD,990.0,990.0,970.0,982.4,11200461,10959192783.3,20260616,980.8,980.0,981.6,981.6,980.0,1.6000000000001364,0.1628664495114145,Narrow,Bullish,Above CPR,Cash Only,Metals & Mining,True,False,0.3888888888888889,18,6688094849.4,Lower,False,No setup,True,Neutral,0,Not applicable,No directional setup; confirmation score not applicable.,Narrow CPR,Not applicable,Not applicable,Narrow CPR; Wide CPR rules not applied,None,0,No active J-Curve setup.
BLACKBUCK,EQ,BLACKBUCK LIMITED,551.5,558.0,544.0,552.35,235614,129807227.0,20260616,551.4499999999999,551.0,551.8999999999999,551.8999999999999,551.0,0.8999999999998636,0.1629401647505863,Narrow,Bullish,Above CPR,Cash Only,Diversified,True,False,0.2222222222222222,18,248005337.65,Higher,True,Long,False,Long,70,Confirmed,CPR width: Narrow (20/20); Price location: Above CPR (20/20); Trend: unavailable (10/20); Participation: unavailable (10/20); Higher timeframe: unavailable (10/20),Narrow CPR,Not applicable,Not applicable,Narrow CPR; Wide CPR rules not applied,None,0,No active J-Curve setup.
INDIASHLTR,EQ,INDIA SHELTER FIN CORP L,779.9,797.15,772.9,786.95,102154,80028032.0,20260616,785.6666666666666,785.025,786.3083333333333,786.3083333333333,785.025,1.283333333333303,0.1630768579113416,Narrow,Bullish,Above CPR,Cash Only,Diversified,True,False,0.1111111111111111,18,38776261.075,Overlapping,True,No setup,False,Neutral,0,Not applicable,No directional setup; confirmation score not applicable.,Narrow CPR,Not applicable,Not applicable,Narrow CPR; Wide CPR rules not applied,None,0,No active J-Curve setup.
VBL,EQ,VARUN BEVERAGES LIMITED,543.35,543.35,536.1,541.05,3831572,2067962774.75,20260616,540.1666666666666,539.725,540.6083333333332,540.6083333333332,539.725,0.8833333333332121,0.163262791485669,Narrow,Bullish,Above CPR,Cash Only,Fast Moving Consumer Goods,True,False,0.3888888888888889,18,2402380185.825,Higher,False,No setup,True,Neutral,0,Not applicable,No directional setup; confirmation score not applicable.,Narrow CPR,Not applicable,Not applicable,Narrow CPR; Wide CPR rules not applied,None,0,No active J-Curve setup.
HEMIPROP,EQ,HEMISPHERE PROP IND LTD,141.59,142.7,140.4,141.9,244878,34695317.27,20260616,141.66666666666666,141.55,141.7833333333333,141.7833333333333,141.55,0.2333333333332916,0.164435048155949,Narrow,Bullish,Above CPR,Cash Only,Real Estate & Infra,True,False,0.2222222222222222,18,62531407.22,Inside,True,No setup,False,Neutral,0,Not applicable,No directional setup; confirmation score not applicable.,Narrow CPR,Not applicable,Not applicable,Narrow CPR; Wide CPR rules not applied,None,0,No active J-Curve setup.
PROZONER,EQ,PROZONE REALTY LIMITED,47.9,49.51,47.31,48.53,135052,6499981.2,20260616,48.45,48.41,48.49,48.49,48.41,0.0799999999999983,0.1648464867092484,Narrow,Bullish,Above CPR,Cash Only,Diversified,True,False,0.1666666666666666,18,9381842.35,Inside,True,No setup,False,Neutral,0,Not applicable,No directional setup; confirmation score not applicable.,Narrow CPR,Not applicable,Not applicable,Narrow CPR; Wide CPR rules not applied,None,0,No active J-Curve setup.
TAMBOLIIN,EQ,TAMBOLI INDUSTRIES LTD.,184.9,188.69,181.01,185.31,4230,784499.21,20260616,185.00333333333333,184.85,185.15666666666667,185.15666666666667,184.85,0.3066666666666719,0.1654884607774388,Narrow,Bullish,Above CPR,Cash Only,Diversified,True,False,0.1111111111111111,18,485504.78,Higher,True,Long,False,Long,70,Confirmed,CPR width: Narrow (20/20); Price location: Above CPR (20/20); Trend: unavailable (10/20); Participation: unavailable (10/20); Higher timeframe: unavailable (10/20),Narrow CPR,Not applicable,Not applicable,Narrow CPR; Wide CPR rules not applied,None,0,No active J-Curve setup.
GARFIBRES,EQ,GARWARE TECH FIBRES LTD,680.2,683.5,673.0,679.95,28085,19052352.05,20260616,678.8166666666667,678.25,679.3833333333334,679.3833333333334,678.25,1.1333333333334394,0.166678922469805,Narrow,Bullish,Above CPR,Cash Only,Diversified,True,False,0.3333333333333333,18,30216701.375,Lower,False,No setup,False,Neutral,0,Not applicable,No directional setup; confirmation score not applicable.,Narrow CPR,Not applicable,Not applicable,Narrow CPR; Wide CPR rules not applied,None,0,No active J-Curve setup.
WEBELSOLAR,EQ,WEBSOL ENERGY SYSTEM LTD,105.5,107.0,104.72,106.13,1309675,138948668.85,20260616,105.95,105.86,106.04,106.04,105.86,0.1800000000000068,0.1696033166870883,Narrow,Bullish,Above CPR,Cash Only,Power & Utilities,True,False,0.1666666666666666,18,311727598.54,Inside,True,No setup,False,Neutral,0,Not applicable,No directional setup; confirmation score not applicable.,Narrow CPR,Not applicable,Not applicable,Narrow CPR; Wide CPR rules not applied,None,0,No active J-Curve setup.
LICI,EQ,LIFE INSURA CORP OF INDIA,408.4,413.2,406.7,411.0,3630392,1488918307.45,20260616,410.3,409.95,410.65,410.65,409.95,0.7000000000000455,0.170316301703174,Narrow,Bullish,Above CPR,Cash Only,Financial Services,True,False,0.3888888888888889,18,1519935649.625,Higher,False,No setup,True,Neutral,0,Not applicable,No directional setup; confirmation score not applicable.,Narrow CPR,Not applicable,Not applicable,Narrow CPR; Wide CPR rules not applied,None,0,No active J-Curve setup.
CYIENTDLM,EQ,CYIENT DLM LIMITED,470.1,474.9,460.1,468.7,121982,57062392.1,20260616,467.9,467.5,468.30000000000007,468.30000000000007,467.5,0.8000000000000682,0.1706848730531402,Narrow,Bullish,Above CPR,Cash Only,Diversified,True,False,0.1666666666666666,18,86659487.75,Lower,True,No setup,False,Neutral,0,Not applicable,No directional setup; confirmation score not applicable.,Narrow CPR,Not applicable,Not applicable,Narrow CPR; Wide CPR rules not applied,None,0,No active J-Curve setup.
ALPHAGEO,EQ,ALPHAGEO (INDIA) LIMITED,206.0,212.99,205.75,209.91,3222,674364.36,20260616,209.55,209.37,209.73,209.73,209.37,0.3599999999999568,0.1715020723166865,Narrow,Bullish,Above CPR,Cash Only,Diversified,True,False,0.1666666666666666,18,978521.075,Higher,True,Long,False,Long,70,Confirmed,CPR width: Narrow (20/20); Price location: Above CPR (20/20); Trend: unavailable (10/20); Participation: unavailable (10/20); Higher timeframe: unavailable (10/20),Narrow CPR,Not applicable,Not applicable,Narrow CPR; Wide CPR rules not applied,None,0,No active J-Curve setup.
CARBORUNIV,EQ,CARBORUNDUM UNIVERSAL LTD,1071.5,1073.7,1051.8,1065.5,86279,91697455.0,20260616,1063.6666666666667,1062.75,1064.5833333333337,1064.5833333333337,1062.75,1.833333333333485,0.1720631941185814,Narrow,Bullish,Above CPR,Cash Only,Capital Goods,True,False,0.1111111111111111,18,135245500.025,Lower,True,No setup,True,Neutral,0,Not applicable,No directional setup; confirmation score not applicable.,Narrow CPR,Not applicable,Not applicable,Narrow CPR; Wide CPR rules not applied,None,0,No active J-Curve setup.
IRB,EQ,IRB INFRA DEV LTD.,21.3,21.4,21.09,21.3,8649451,184084537.4,20260616,21.26333333333333,21.245,21.281666666666663,21.281666666666663,21.245,0.0366666666666688,0.1721439749608866,Narrow,Bullish,Above CPR,Cash Only,Construction,True,False,0.2222222222222222,18,247086457.3,Overlapping,True,No setup,True,Neutral,0,Not applicable,No directional setup; confirmation score not applicable.,Narrow CPR,Not applicable,Not applicable,Narrow CPR; Wide CPR rules not applied,None,0,No active J-Curve setup.
BHARTIARTL,EQ,BHARTI AIRTEL LIMITED,1840.2,1859.2,1837.2,1853.0,5957732,11013944669.1,20260616,1849.8,1848.2,1851.4,1851.4,1848.2,3.199999999999818,0.1726929303831526,Narrow,Bullish,Above CPR,Cash Only,Telecommunication,True,False,0.3333333333333333,18,11245787998.25,Higher,False,No setup,True,Neutral,0,Not applicable,No directional setup; confirmation score not applicable.,Narrow CPR,Not applicable,Not applicable,Narrow CPR; Wide CPR rules not applied,None,0,No active J-Curve setup.
RAINBOW,EQ,RAINBOW CHILDRENS MED LTD,1430.0,1430.0,1408.0,1422.7,101004,143784983.3,20260616,1420.2333333333331,1419.0,1421.4666666666667,1421.4666666666667,1419.0,2.466666666666697,0.173379255406389,Narrow,Bullish,Above CPR,Cash Only,Healthcare,True,False,0.5,18,140668900.9,Higher,False,No setup,True,Neutral,0,Not applicable,No directional setup; confirmation score not applicable.,Narrow CPR,Not applicable,Not applicable,Narrow CPR; Wide CPR rules not applied,None,0,No active J-Curve setup.
NSLNISP,EQ,NMDC STEEL LIMITED,47.88,48.14,46.89,47.64,2994127,142040077.21,20260616,47.55666666666667,47.515,47.59833333333334,47.59833333333334,47.515,0.0833333333333428,0.1749230338651192,Narrow,Bullish,Above CPR,Cash Only,Metals & Mining,True,False,0.2777777777777778,18,359526187.675,Lower,False,No setup,True,Neutral,0,Not applicable,No directional setup; confirmation score not applicable.,Narrow CPR,Not applicable,Not applicable,Narrow CPR; Wide CPR rules not applied,None,0,No active J-Curve setup.
TRAVELFOOD,EQ,TRAVEL FOOD SERVICES LTD,1330.0,1348.2,1311.6,1333.4,64562,86148856.1,20260616,1331.0666666666668,1329.9,1332.2333333333336,1332.2333333333336,1329.9,2.333333333333485,0.1749912504374894,Narrow,Bullish,Above CPR,Cash Only,Consumer Services,True,False,0.2777777777777778,18,151155808.95,Higher,False,No setup,True,Neutral,0,Not applicable,No directional setup; confirmation score not applicable.,Narrow CPR,Not applicable,Not applicable,Narrow CPR; Wide CPR rules not applied,None,0,No active J-Curve setup.
GIPCL,EQ,GUJ IND POW CO. LTD,164.0,164.9,161.72,163.74,237811,38872844.64,20260616,163.45333333333335,163.31,163.5966666666667,163.5966666666667,163.31,0.2866666666666901,0.1750743047921645,Narrow,Bullish,Above CPR,Cash Only,Diversified,True,False,0.1666666666666666,18,61539149.16,Higher,True,Long,False,Long,70,Confirmed,CPR width: Narrow (20/20); Price location: Above CPR (20/20); Trend: unavailable (10/20); Participation: unavailable (10/20); Higher timeframe: unavailable (10/20),Narrow CPR,Not applicable,Not applicable,Narrow CPR; Wide CPR rules not applied,None,0,No active J-Curve setup.
JINDALSTEL,EQ,JINDAL STEEL LIMITED,1149.5,1152.9,1120.6,1139.8,810919,920245462.5,20260616,1137.7666666666669,1136.75,1138.7833333333333,1138.7833333333333,1136.75,2.033333333333303,0.1783938702696353,Narrow,Bullish,Above CPR,Cash Only,Metals & Mining,True,False,0.1666666666666666,18,889332118.4,Lower,True,No setup,True,Neutral,0,Not applicable,No directional setup; confirmation score not applicable.,Narrow CPR,Not applicable,Not applicable,Narrow CPR; Wide CPR rules not applied,None,0,No active J-Curve setup.
IRCTC,EQ,INDIAN RAIL TOUR CORP LTD,520.0,524.4,518.6,522.9,680392,354827972.15,20260616,521.9666666666667,521.5,522.4333333333334,522.4333333333334,521.5,0.933333333333394,0.1784917447568166,Narrow,Bullish,Above CPR,Cash Only,Consumer Services,True,False,0.2222222222222222,18,424378695.8250001,Inside,True,No setup,True,Neutral,0,Not applicable,No directional setup; confirmation score not applicable.,Narrow CPR,Not applicable,Not applicable,Narrow CPR; Wide CPR rules not applied,None,0,No active J-Curve setup.
LINDEINDIA,EQ,LINDE INDIA LIMITED,6950.0,7020.0,6925.5,6991.5,10442,72839081.0,20260616,6979.0,6972.75,6985.25,6985.25,6972.75,12.5,0.1787885289279839,Narrow,Bullish,Above CPR,Cash Only,Chemicals,True,False,0.1666666666666666,18,161079149.25,Inside,True,No setup,True,Neutral,0,Not applicable,No directional setup; confirmation score not applicable.,Narrow CPR,Not applicable,Not applicable,Narrow CPR; Wide CPR rules not applied,None,0,No active J-Curve setup.
JMFINANCIL,EQ,JM FINANCIAL LIMITED,124.0,125.99,123.12,124.89,2851044,354261263.0,20260616,124.66666666666669,124.555,124.77833333333334,124.77833333333334,124.555,0.2233333333333291,0.1788240318146602,Narrow,Bullish,Above CPR,Cash Only,Financial Services,True,False,0.1666666666666666,18,306189361.34000003,Inside,True,No setup,True,Neutral,0,Not applicable,No directional setup; confirmation score not applicable.,Narrow CPR,Not applicable,Not applicable,Narrow CPR; Wide CPR rules not applied,None,0,No active J-Curve setup.
JINDALPHOT,EQ,JINDAL PHOTO LIMITED,1097.5,1117.5,1097.1,1110.3,3662,4052278.9,20260616,1108.3,1107.3,1109.3,1109.3,1107.3,2.0,0.1801314959920742,Narrow,Bullish,Above CPR,Cash Only,Diversified,True,False,0.2777777777777778,18,4209796.2,Inside,False,No setup,False,Neutral,0,Not applicable,No directional setup; confirmation score not applicable.,Narrow CPR,Not applicable,Not applicable,Narrow CPR; Wide CPR rules not applied,None,0,No active J-Curve setup.
SADBHAV,EQ,SADBHAV ENGINEERING LTD,9.06,9.23,9.06,9.17,114104,1046093.48,20260616,9.153333333333334,9.145,9.161666666666669,9.161666666666669,9.145,0.0166666666666692,0.1817520901490651,Narrow,Bullish,Above CPR,Cash Only,Diversified,True,False,0.4166666666666667,12,1289828.2000000002,Overlapping,False,No setup,False,Neutral,0,Not applicable,No directional setup; confirmation score not applicable.,Narrow CPR,Not applicable,Not applicable,Narrow CPR; Wide CPR rules not applied,None,0,No active J-Curve setup.
PIONEEREMB,EQ,PIONEER EMBROIDERIES LTD,25.5,25.8,25.3,25.62,9639,244963.55,20260616,25.57333333333333,25.55,25.596666666666668,25.596666666666668,25.55,0.0466666666666668,0.182149362477232,Narrow,Bullish,Above CPR,Cash Only,Diversified,True,False,0.1666666666666666,18,204753.32,Higher,True,Long,False,Long,70,Confirmed,CPR width: Narrow (20/20); Price location: Above CPR (20/20); Trend: unavailable (10/20); Participation: unavailable (10/20); Higher timeframe: unavailable (10/20),Narrow CPR,Not applicable,Not applicable,Narrow CPR; Wide CPR rules not applied,None,0,No active J-Curve setup.
RECLTD,EQ,REC LIMITED,353.0,358.75,352.4,356.55,3407173,1212628583.15,20260616,355.90000000000003,355.575,356.2250000000001,356.2250000000001,355.575,0.650000000000091,0.1823026223531316,Narrow,Bullish,Above CPR,Cash Only,Financial Services,True,False,0.2777777777777778,18,1536933797.875,Higher,False,No setup,True,Neutral,0,Not applicable,No directional setup; confirmation score not applicable.,Narrow CPR,Not applicable,Not applicable,Narrow CPR; Wide CPR rules not applied,None,0,No active J-Curve setup.
GNRL,EQ,GUJARAT NATURAL RES L,90.15,91.2,85.75,88.72,429274,38329159.76,20260616,88.55666666666666,88.475,88.63833333333332,88.63833333333332,88.475,0.1633333333333269,0.1840997896002332,Narrow,Bullish,Above CPR,Cash Only,Diversified,True,False,0.2222222222222222,18,5429937.585,Lower,True,No setup,False,Neutral,0,Not applicable,No directional setup; confirmation score not applicable.,Narrow CPR,Not applicable,Not applicable,Narrow CPR; Wide CPR rules not applied,None,0,No active J-Curve setup.
TATASTEEL,EQ,TATA STEEL LIMITED,197.51,197.6,193.31,196.0,29255187,5711959037.87,20260616,195.63666666666663,195.455,195.81833333333333,195.81833333333333,195.455,0.3633333333333439,0.1853741496598693,Narrow,Bullish,Above CPR,Cash Only,Metals & Mining,True,False,0.6111111111111112,18,5578906688.115,Lower,False,No setup,True,Neutral,0,Not applicable,No directional setup; confirmation score not applicable.,Narrow CPR,Not applicable,Not applicable,Narrow CPR; Wide CPR rules not applied,None,0,No active J-Curve setup.
TREEHOUSE,EQ,TREE HOUSE EDU LTD,7.3,7.3,6.98,7.16,23235,165745.37,20260616,7.146666666666667,7.140000000000001,7.153333333333334,7.153333333333334,7.140000000000001,0.0133333333333336,0.1862197392923693,Narrow,Bullish,Above CPR,Cash Only,Diversified,True,False,0.2222222222222222,18,129223.725,Higher,True,Long,False,Long,70,Confirmed,CPR width: Narrow (20/20); Price location: Above CPR (20/20); Trend: unavailable (10/20); Participation: unavailable (10/20); Higher timeframe: unavailable (10/20),Narrow CPR,Not applicable,Not applicable,Narrow CPR; Wide CPR rules not applied,None,0,No active J-Curve setup.
HAVELLS,EQ,HAVELLS INDIA LIMITED,1176.0,1188.6,1165.2,1180.2,573010,676285099.3,20260616,1178.0,1176.9,1179.1,1179.1,1176.9,2.199999999999818,0.1864090832062208,Narrow,Bullish,Above CPR,Cash Only,Consumer Durables,True,False,0.3333333333333333,18,831942852.7,Overlapping,False,No setup,True,Neutral,0,Not applicable,No directional setup; confirmation score not applicable.,Narrow CPR,Not applicable,Not applicable,Narrow CPR; Wide CPR rules not applied,None,0,No active J-Curve setup.
KAMOPAINTS,EQ,KAMDHENU VENTURES LIMITED,5.39,5.39,5.22,5.32,109738,580803.97,20260616,5.31,5.305,5.315,5.315,5.305,0.0099999999999997,0.187969924812026,Narrow,Bullish,Above CPR,Cash Only,Diversified,True,False,0.1111111111111111,18,1070478.885,Lower,True,No setup,False,Neutral,0,Not applicable,No directional setup; confirmation score not applicable.,Narrow CPR,Not applicable,Not applicable,Narrow CPR; Wide CPR rules not applied,None,0,No active J-Curve setup.
EMMVEE,EQ,EMMVEE PHOTOVOLTAIC PWR L,337.0,340.9,329.9,336.35,2017061,676134521.15,20260616,335.71666666666664,335.4,336.0333333333333,336.0333333333333,335.4,0.6333333333333258,0.1882959219067417,Narrow,Bullish,Above CPR,Cash Only,Capital Goods,True,False,0.1111111111111111,18,1529044296.8249998,Lower,True,No setup,True,Neutral,0,Not applicable,No directional setup; confirmation score not applicable.,Narrow CPR,Not applicable,Not applicable,Narrow CPR; Wide CPR rules not applied,None,0,No active J-Curve setup.
ALICON,EQ,ALICON CASTALLOY LIMITED,653.55,664.2,653.55,660.75,7466,4931814.3,20260616,659.5,658.875,660.125,660.125,658.875,1.25,0.1891789632992811,Narrow,Bullish,Above CPR,Cash Only,Diversified,True,False,0.3888888888888889,18,6551309.6,Outside,False,No setup,False,Neutral,0,Not applicable,No directional setup; confirmation score not applicable.,Narrow CPR,Not applicable,Not applicable,Narrow CPR; Wide CPR rules not applied,None,0,No active J-Curve setup.
KAYNES,EQ,KAYNES TECHNOLOGY IND LTD,3124.2,3230.0,3107.0,3177.6,1322073,4207891645.4,20260616,3171.5333333333333,3168.5,3174.5666666666666,3174.5666666666666,3168.5,6.066666666666606,0.1909197717354798,Narrow,Bullish,Above CPR,Cash Only,Capital Goods,True,False,0.1666666666666666,18,3079938237.45,Higher,True,Long,True,Long,70,Confirmed,CPR width: Narrow (20/20); Price location: Above CPR (20/20); Trend: unavailable (10/20); Participation: unavailable (10/20); Higher timeframe: unavailable (10/20),Narrow CPR,Not applicable,Not applicable,Narrow CPR; Wide CPR rules not applied,None,0,No active J-Curve setup.
NITIRAJ,EQ,NITIRAJ ENGINEERS LTD,199.9,199.9,193.21,197.12,3110,610579.34,20260616,196.7433333333333,196.555,196.93166666666667,196.93166666666667,196.555,0.3766666666666651,0.1910849567099559,Narrow,Bullish,Above CPR,Cash Only,Diversified,True,False,0.1111111111111111,18,577978.73,Higher,True,Long,False,Long,70,Confirmed,CPR width: Narrow (20/20); Price location: Above CPR (20/20); Trend: unavailable (10/20); Participation: unavailable (10/20); Higher timeframe: unavailable (10/20),Narrow CPR,Not applicable,Not applicable,Narrow CPR; Wide CPR rules not applied,None,0,No active J-Curve setup.
LAOPALA,EQ,LA OPALA RG LIMITED,180.19,182.38,178.36,180.89,76627,13827668.6,20260616,180.5433333333333,180.37,180.71666666666664,180.71666666666664,180.37,0.3466666666666356,0.1916450144654959,Narrow,Bullish,Above CPR,Cash Only,Diversified,True,False,0.2222222222222222,18,14010515.93,Higher,True,Long,False,Long,70,Confirmed,CPR width: Narrow (20/20); Price location: Above CPR (20/20); Trend: unavailable (10/20); Participation: unavailable (10/20); Higher timeframe: unavailable (10/20),Narrow CPR,Not applicable,Not applicable,Narrow CPR; Wide CPR rules not applied,None,0,No active J-Curve setup.
ARIHANT,EQ,ARIHANT FOUN & HOU LTD,900.0,902.0,858.0,882.55,4737,4153766.1,20260616,880.85,880.0,881.7,881.7,880.0,1.7000000000000457,0.1926236473854224,Narrow,Bullish,Above CPR,Cash Only,Diversified,True,False,0.1111111111111111,18,2944558.725,Higher,True,Long,False,Long,70,Confirmed,CPR width: Narrow (20/20); Price location: Above CPR (20/20); Trend: unavailable (10/20); Participation: unavailable (10/20); Higher timeframe: unavailable (10/20),Narrow CPR,Not applicable,Not applicable,Narrow CPR; Wide CPR rules not applied,None,0,No active J-Curve setup.
BCLIND,EQ,BCL INDUSTRIES LIMITED,38.47,38.68,36.94,37.92,1272225,47945890.0,20260616,37.84666666666667,37.81,37.88333333333334,37.88333333333334,37.81,0.0733333333333376,0.1933895921237808,Narrow,Bullish,Above CPR,Cash Only,Diversified,True,False,0.2222222222222222,18,42339231.38,Lower,True,No setup,False,Neutral,0,Not applicable,No directional setup; confirmation score not applicable.,Narrow CPR,Not applicable,Not applicable,Narrow CPR; Wide CPR rules not applied,None,0,No active J-Curve setup.
POLYPLEX,EQ,POLYPLEX CORPORATION LTD,913.7,938.9,913.7,929.0,78256,72806522.6,20260616,927.2,926.3,928.1,928.1,926.3,1.7999999999999543,0.1937567276641501,Narrow,Bullish,Above CPR,Cash Only,Diversified,True,False,0.2222222222222222,18,47056904.55,Higher,True,Long,False,Long,70,Confirmed,CPR width: Narrow (20/20); Price location: Above CPR (20/20); Trend: unavailable (10/20); Participation: unavailable (10/20); Higher timeframe: unavailable (10/20),Narrow CPR,Not applicable,Not applicable,Narrow CPR; Wide CPR rules not applied,None,0,No active J-Curve setup.
NURECA,EQ,NURECA LIMITED,239.0,241.0,234.4,238.4,9470,2244165.95,20260616,237.9333333333333,237.7,238.16666666666663,238.16666666666663,237.7,0.4666666666666401,0.1957494407158725,Narrow,Bullish,Above CPR,Cash Only,Diversified,True,False,0.2222222222222222,18,2186735.6,Inside,True,No setup,False,Neutral,0,Not applicable,No directional setup; confirmation score not applicable.,Narrow CPR,Not applicable,Not applicable,Narrow CPR; Wide CPR rules not applied,None,0,No active J-Curve setup.
BAGFILMS,EQ,B.A.G FILMS AND MEDIA LTD,4.96,5.19,4.96,5.09,17865,91373.26,20260616,5.08,5.075,5.085,5.085,5.075,0.0099999999999997,0.1964636542239644,Narrow,Bullish,Above CPR,Cash Only,Media & Entertainment,True,False,0.2777777777777778,18,318619.8,Higher,False,No setup,False,Neutral,0,Not applicable,No directional setup; confirmation score not applicable.,Narrow CPR,Not applicable,Not applicable,Narrow CPR; Wide CPR rules not applied,None,0,No active J-Curve setup.
JKLAKSHMI,EQ,JK LAKSHMI CEMENT LTD,599.7,601.95,595.5,600.5,139521,83649512.75,20260616,599.3166666666667,598.725,599.9083333333334,599.9083333333334,598.725,1.183333333333394,0.1970580072162188,Narrow,Bullish,Above CPR,Cash Only,Diversified,True,False,0.3333333333333333,18,73746605.55,Inside,False,No setup,False,Neutral,0,Not applicable,No directional setup; confirmation score not applicable.,Narrow CPR,Not applicable,Not applicable,Narrow CPR; Wide CPR rules not applied,None,0,No active J-Curve setup.
CARERATING,EQ,CARE RATINGS LIMITED,1654.5,1658.2,1612.2,1640.1,34088,55723007.7,20260616,1636.8333333333333,1635.2,1638.4666666666665,1638.4666666666665,1635.2,3.266666666666424,0.1991748470621562,Narrow,Bullish,Above CPR,Cash Only,Diversified,True,False,0.3888888888888889,18,55633862.150000006,Lower,False,No setup,False,Neutral,0,Not applicable,No directional setup; confirmation score not applicable.,Narrow CPR,Not applicable,Not applicable,Narrow CPR; Wide CPR rules not applied,None,0,No active J-Curve setup.
BLUEJET,EQ,BLUE JET HEALTHCARE LTD,506.95,514.0,503.75,510.4,329257,167354639.05,20260616,509.3833333333334,508.875,509.8916666666668,509.8916666666668,508.875,1.0166666666667652,0.1991901776384728,Narrow,Bullish,Above CPR,Cash Only,Healthcare,True,False,0.1111111111111111,18,217814120.5,Inside,True,No setup,True,Neutral,0,Not applicable,No directional setup; confirmation score not applicable.,Narrow CPR,Not applicable,Not applicable,Narrow CPR; Wide CPR rules not applied,None,0,No active J-Curve setup.
SOMANYCERA,EQ,SOMANY CERAMICS LIMITED,520.45,534.8,514.55,526.25,107384,56256632.75,20260616,525.1999999999999,524.675,525.7249999999999,525.7249999999999,524.675,1.0499999999999543,0.1995249406175685,Narrow,Bullish,Above CPR,Cash Only,Diversified,True,False,0.1111111111111111,18,42410568.225,Higher,True,Long,False,Long,70,Confirmed,CPR width: Narrow (20/20); Price location: Above CPR (20/20); Trend: unavailable (10/20); Participation: unavailable (10/20); Higher timeframe: unavailable (10/20),Narrow CPR,Not applicable,Not applicable,Narrow CPR; Wide CPR rules not applied,None,0,No active J-Curve setup.
NAUKRI,EQ,INFO EDGE (I) LTD,988.0,1003.95,985.35,997.65,1165372,1159301213.4,20260616,995.65,994.65,996.65,996.65,994.65,2.0,0.2004711071016889,Narrow,Bullish,Above CPR,Cash Only,Consumer Services,True,False,0.2777777777777778,18,1674876153.225,Higher,False,No setup,True,Neutral,0,Not applicable,No directional setup; confirmation score not applicable.,Narrow CPR,Not applicable,Not applicable,Narrow CPR; Wide CPR rules not applied,None,0,No active J-Curve setup.
TRIDENT,EQ,TRIDENT LIMITED,24.71,24.98,24.71,24.92,3594030,89346828.38,20260616,24.87,24.845,24.895000000000003,24.895000000000003,24.845,0.0500000000000042,0.2006420545746559,Narrow,Bullish,Above CPR,Cash Only,Textiles,True,False,0.4444444444444444,18,106204624.065,Overlapping,False,No setup,True,Neutral,0,Not applicable,No directional setup; confirmation score not applicable.,Narrow CPR,Not applicable,Not applicable,Narrow CPR; Wide CPR rules not applied,None,0,No active J-Curve setup.
SHREECEM,EQ,SHREE CEMENT LIMITED,24970.0,25040.0,24550.0,24870.0,48164,1189898200.0,20260616,24820.0,24795.0,24845.0,24845.0,24795.0,50.0,0.2010454362685967,Narrow,Bullish,Above CPR,Cash Only,Construction Materials,True,False,0.6666666666666666,18,559912690.0,Outside,False,No setup,True,Neutral,0,Not applicable,No directional setup; confirmation score not applicable.,Narrow CPR,Not applicable,Not applicable,Narrow CPR; Wide CPR rules not applied,None,0,No active J-Curve setup.
KIMS,EQ,KRISHNA INST OF MED SCI L,770.4,789.0,763.6,778.65,551283,426919581.65,20260616,777.0833333333334,776.3,777.8666666666668,777.8666666666668,776.3,1.5666666666668334,0.2012029367067146,Narrow,Bullish,Above CPR,Cash Only,Healthcare,True,False,0.2222222222222222,18,320362022.025,Inside,True,No setup,True,Neutral,0,Not applicable,No directional setup; confirmation score not applicable.,Narrow CPR,Not applicable,Not applicable,Narrow CPR; Wide CPR rules not applied,None,0,No active J-Curve setup.
JSL,EQ,JINDAL STAINLESS LIMITED,707.0,716.45,698.95,709.85,547760,388517113.1,20260616,708.4166666666666,707.7,709.1333333333332,709.1333333333332,707.7,1.4333333333331666,0.201920593552605,Narrow,Bullish,Above CPR,Cash Only,Metals & Mining,True,False,0.2222222222222222,18,416894903.85,Higher,True,Long,True,Long,70,Confirmed,CPR width: Narrow (20/20); Price location: Above CPR (20/20); Trend: unavailable (10/20); Participation: unavailable (10/20); Higher timeframe: unavailable (10/20),Narrow CPR,Not applicable,Not applicable,Narrow CPR; Wide CPR rules not applied,None,0,No active J-Curve setup.
LUPIN,EQ,LUPIN LIMITED,2284.4,2286.7,2255.1,2277.8,388578,882373195.2,20260616,2273.2,2270.9,2275.5,2275.5,2270.9,4.600000000000364,0.2019492492756328,Narrow,Bullish,Above CPR,Cash Only,Healthcare,True,False,0.5,18,1715347711.1,Lower,False,No setup,True,Neutral,0,Not applicable,No directional setup; confirmation score not applicable.,Narrow CPR,Not applicable,Not applicable,Narrow CPR; Wide CPR rules not applied,None,0,No active J-Curve setup.
PALASHSECU,EQ,PALASH SECURITIES LTD,97.96,100.0,96.0,98.3,412,40462.78,20260616,98.1,98.0,98.20000000000002,98.20000000000002,98.0,0.200000000000017,0.2034587995930997,Narrow,Bullish,Above CPR,Cash Only,Diversified,True,False,0.3333333333333333,18,47081.175,Inside,False,No setup,False,Neutral,0,Not applicable,No directional setup; confirmation score not applicable.,Narrow CPR,Not applicable,Not applicable,Narrow CPR; Wide CPR rules not applied,None,0,No active J-Curve setup.
IIFLCAPS,EQ,IIFL CAPITAL SERVICES LTD,340.75,344.2,339.5,342.9,254533,87079893.5,20260616,342.2,341.85,342.54999999999995,342.54999999999995,341.85,0.6999999999999318,0.2041411490230189,Narrow,Bullish,Above CPR,Cash Only,Diversified,True,False,0.5555555555555556,18,215600030.975,Inside,False,No setup,False,Neutral,0,Not applicable,No directional setup; confirmation score not applicable.,Narrow CPR,Not applicable,Not applicable,Narrow CPR; Wide CPR rules not applied,None,0,No active J-Curve setup.
RPSGVENT,EQ,RPSG VENTURES LIMITED,882.8,892.2,876.1,886.95,20781,18352166.5,20260616,885.0833333333334,884.1500000000001,886.0166666666667,886.0166666666667,884.1500000000001,1.8666666666665608,0.2104590638329737,Narrow,Bullish,Above CPR,Cash Only,Diversified,True,False,0.2777777777777778,18,20056368.525,Lower,False,No setup,False,Neutral,0,Not applicable,No directional setup; confirmation score not applicable.,Narrow CPR,Not applicable,Not applicable,Narrow CPR; Wide CPR rules not applied,None,0,No active J-Curve setup.
BRITANNIA,EQ,BRITANNIA INDUSTRIES LTD,5199.5,5232.5,5169.5,5217.5,195644,1018127990.0,20260616,5206.5,5201.0,5212.0,5212.0,5201.0,11.0,0.2108289410637278,Narrow,Bullish,Above CPR,Cash Only,Fast Moving Consumer Goods,True,False,0.6111111111111112,18,1518168734.0,Overlapping,False,No setup,True,Neutral,0,Not applicable,No directional setup; confirmation score not applicable.,Narrow CPR,Not applicable,Not applicable,Narrow CPR; Wide CPR rules not applied,None,0,No active J-Curve setup.
SULA,EQ,SULA VINEYARDS LIMITED,155.61,158.49,155.55,157.52,230788,36352680.99,20260616,157.1866666666667,157.02,157.35333333333338,157.35333333333338,157.02,0.3333333333333712,0.2116133401049842,Narrow,Bullish,Above CPR,Cash Only,Diversified,True,False,0.5,18,33830588.265,Inside,False,No setup,False,Neutral,0,Not applicable,No directional setup; confirmation score not applicable.,Narrow CPR,Not applicable,Not applicable,Narrow CPR; Wide CPR rules not applied,None,0,No active J-Curve setup.
NIPPOBATRY,EQ,INDO-NATIONAL LIMITED,363.0,366.1,349.5,358.95,3633,1302353.85,20260616,358.18333333333334,357.8,358.56666666666666,358.56666666666666,357.8,0.7666666666666515,0.2135859219018391,Narrow,Bullish,Above CPR,Cash Only,Diversified,True,False,0.1111111111111111,18,1319553.85,Higher,True,Long,False,Long,70,Confirmed,CPR width: Narrow (20/20); Price location: Above CPR (20/20); Trend: unavailable (10/20); Participation: unavailable (10/20); Higher timeframe: unavailable (10/20),Narrow CPR,Not applicable,Not applicable,Narrow CPR; Wide CPR rules not applied,None,0,No active J-Curve setup.
KOTAKBANK,EQ,KOTAK MAHINDRA BANK LTD,405.75,408.55,404.5,407.85,9079548,3697940979.4,20260616,406.9666666666667,406.525,407.4083333333334,407.4083333333334,406.525,0.8833333333334394,0.2165828940378667,Narrow,Bullish,Above CPR,Cash Only,Financial Services,True,False,0.3333333333333333,18,5529902124.225,Overlapping,False,No setup,True,Neutral,0,Not applicable,No directional setup; confirmation score not applicable.,Narrow CPR,Not applicable,Not applicable,Narrow CPR; Wide CPR rules not applied,None,0,No active J-Curve setup.
ORIENTTECH,EQ,ORIENT TECHNOLOGIES LTD,262.0,263.0,257.8,261.25,95451,24855966.35,20260616,260.68333333333334,260.4,260.9666666666667,260.9666666666667,260.4,0.5666666666667197,0.2169059011164477,Narrow,Bullish,Above CPR,Cash Only,Information Technology,True,False,0.3888888888888889,18,32574900.15,Higher,False,No setup,False,Neutral,0,Not applicable,No directional setup; confirmation score not applicable.,Narrow CPR,Not applicable,Not applicable,Narrow CPR; Wide CPR rules not applied,None,0,No active J-Curve setup.
NESCO,EQ,NESCO LTD.,1117.0,1123.9,1107.6,1119.4,19518,21792846.7,20260616,1116.9666666666667,1115.75,1118.1833333333334,1118.1833333333334,1115.75,2.433333333333394,0.217378357453403,Narrow,Bullish,Above CPR,Cash Only,Diversified,True,False,0.2777777777777778,18,52122998.45,Higher,False,No setup,False,Neutral,0,Not applicable,No directional setup; confirmation score not applicable.,Narrow CPR,Not applicable,Not applicable,Narrow CPR; Wide CPR rules not applied,None,0,No active J-Curve setup.
BAJAJHIND,EQ,BAJAJ HINDUSTHAN SUGAR LT,20.0,20.0,19.61,19.87,6323246,125308999.45,20260616,19.826666666666668,19.805,19.848333333333336,19.848333333333336,19.805,0.0433333333333365,0.2180842140580601,Narrow,Bullish,Above CPR,Cash Only,Diversified,True,False,0.4444444444444444,18,126148495.715,Overlapping,False,No setup,False,Neutral,0,Not applicable,No directional setup; confirmation score not applicable.,Narrow CPR,Not applicable,Not applicable,Narrow CPR; Wide CPR rules not applied,None,0,No active J-Curve setup.
PILANIINVS,EQ,PILANI INV & IND COR LTD,4370.9,4444.8,4355.1,4414.4,1435,6303302.1,20260616,4404.766666666667,4399.950000000001,4409.583333333334,4409.583333333334,4399.950000000001,9.633333333333212,0.218225202368005,Narrow,Bullish,Above CPR,Cash Only,Diversified,True,False,0.3888888888888889,18,12644340.8,Higher,False,No setup,False,Neutral,0,Not applicable,No directional setup; confirmation score not applicable.,Narrow CPR,Not applicable,Not applicable,Narrow CPR; Wide CPR rules not applied,None,0,No active J-Curve setup.
OIL,EQ,OIL INDIA LTD,416.65,421.85,414.7,419.65,2109450,884556650.4,20260616,418.7333333333333,418.275,419.1916666666666,419.1916666666666,418.275,0.9166666666666288,0.2184359982525029,Narrow,Bullish,Above CPR,Cash Only,Oil Gas & Consumable Fuels,True,False,0.3888888888888889,18,1588984997.15,Higher,False,No setup,True,Neutral,0,Not applicable,No directional setup; confirmation score not applicable.,Narrow CPR,Not applicable,Not applicable,Narrow CPR; Wide CPR rules not applied,None,0,No active J-Curve setup.
JBMA,EQ,JBM AUTO LIMITED,683.5,687.85,677.05,684.7,366742,250345660.4,20260616,683.2000000000002,682.45,683.9500000000003,683.9500000000003,682.45,1.5000000000002274,0.2190740470279286,Narrow,Bullish,Above CPR,Cash Only,Automobile and Auto Components,True,False,0.1666666666666666,18,430683999.525,Lower,True,No setup,True,Neutral,0,Not applicable,No directional setup; confirmation score not applicable.,Narrow CPR,Not applicable,Not applicable,Narrow CPR; Wide CPR rules not applied,None,0,No active J-Curve setup.
IFBIND,EQ,IFB INDUSTRIES LTD,1274.3,1285.2,1251.0,1272.3,67830,85888435.3,20260616,1269.5,1268.1,1270.9,1270.9,1268.1,2.800000000000182,0.2200738819460962,Narrow,Bullish,Above CPR,Cash Only,Diversified,True,False,0.1111111111111111,18,105092424.6,Lower,True,No setup,False,Neutral,0,Not applicable,No directional setup; confirmation score not applicable.,Narrow CPR,Not applicable,Not applicable,Narrow CPR; Wide CPR rules not applied,None,0,No active J-Curve setup.
RHIM,EQ,RHI MAGNESITA INDIA LTD,373.6,381.15,373.55,378.6,111375,42016727.4,20260616,377.7666666666667,377.35,378.1833333333334,378.1833333333334,377.35,0.8333333333333712,0.2201091741503885,Narrow,Bullish,Above CPR,Cash Only,Capital Goods,True,False,0.2222222222222222,18,136465991.47500002,Higher,True,Long,True,Long,70,Confirmed,CPR width: Narrow (20/20); Price location: Above CPR (20/20); Trend: unavailable (10/20); Participation: unavailable (10/20); Higher timeframe: unavailable (10/20),Narrow CPR,Not applicable,Not applicable,Narrow CPR; Wide CPR rules not applied,None,0,No active J-Curve setup.
ABDL,EQ,ALLIED BLEND N DISTILS L,629.5,634.8,620.5,629.75,245552,154210998.95,20260616,628.35,627.65,629.0500000000001,629.0500000000001,627.65,1.400000000000091,0.2223104406510664,Narrow,Bullish,Above CPR,Cash Only,Fast Moving Consumer Goods,True,False,0.2222222222222222,18,152142836.95,Lower,True,No setup,True,Neutral,0,Not applicable,No directional setup; confirmation score not applicable.,Narrow CPR,Not applicable,Not applicable,Narrow CPR; Wide CPR rules not applied,None,0,No active J-Curve setup.
OFSS,EQ,ORACLE FIN SERV SOFT LTD.,9425.0,9580.5,9357.0,9500.5,257188,2436766975.5,20260616,9479.333333333334,9468.75,9489.916666666668,9489.916666666668,9468.75,21.16666666666788,0.2227952914759,Narrow,Bullish,Above CPR,Cash Only,Information Technology,True,False,0.3888888888888889,18,2397116454.25,Higher,False,No setup,True,Neutral,0,Not applicable,No directional setup; confirmation score not applicable.,Narrow CPR,Not applicable,Not applicable,Narrow CPR; Wide CPR rules not applied,None,0,No active J-Curve setup.
ARTEMISMED,EQ,ARTEMIS MED SERVICE LTD,265.9,265.9,255.55,261.6,185646,48338431.6,20260616,261.0166666666667,260.725,261.3083333333334,261.3083333333334,260.725,0.5833333333333712,0.2229867482161205,Narrow,Bullish,Above CPR,Cash Only,Diversified,True,False,0.1666666666666666,18,36132911.625,Lower,True,No setup,False,Neutral,0,Not applicable,No directional setup; confirmation score not applicable.,Narrow CPR,Not applicable,Not applicable,Narrow CPR; Wide CPR rules not applied,None,0,No active J-Curve setup.
DOLLAR,EQ,DOLLAR INDUSTRIES LIMITED,253.9,254.85,249.15,252.85,73135,18447204.85,20260616,252.28333333333333,252.0,252.56666666666663,252.56666666666663,252.0,0.5666666666666629,0.224111792235184,Narrow,Bullish,Above CPR,Cash Only,Diversified,True,False,0.5555555555555556,18,33341252.8,Lower,False,No setup,False,Neutral,0,Not applicable,No directional setup; confirmation score not applicable.,Narrow CPR,Not applicable,Not applicable,Narrow CPR; Wide CPR rules not applied,None,0,No active J-Curve setup.
SMARTWORKS,EQ,SMARTWORKS COWORKING SP L,473.5,491.85,468.0,481.55,246492,119114685.1,20260616,480.4666666666667,479.925,481.0083333333334,481.0083333333334,479.925,1.0833333333333712,0.2249679853251731,Narrow,Bullish,Above CPR,Cash Only,Consumer & Retail,True,False,0.4444444444444444,18,24927200.825,Higher,False,No setup,False,Neutral,0,Not applicable,No directional setup; confirmation score not applicable.,Narrow CPR,Not applicable,Not applicable,Narrow CPR; Wide CPR rules not applied,None,0,No active J-Curve setup.
CAPITALSFB,EQ,CAPITAL SMALL FIN BANK L,290.5,297.9,290.0,294.95,84714,25026769.15,20260616,294.2833333333333,293.95,294.6166666666666,294.6166666666666,293.95,0.6666666666666288,0.2260270102277093,Narrow,Bullish,Above CPR,Cash Only,Diversified,True,False,0.3333333333333333,18,5855627.8,Higher,False,No setup,False,Neutral,0,Not applicable,No directional setup; confirmation score not applicable.,Narrow CPR,Not applicable,Not applicable,Narrow CPR; Wide CPR rules not applied,None,0,No active J-Curve setup.
E2E,EQ,E2E NETWORKS LIMITED,379.4,389.0,373.4,382.5,1386909,528544086.0,20260616,381.6333333333334,381.2,382.0666666666668,382.0666666666668,381.2,0.8666666666667879,0.2265795206971994,Narrow,Bullish,Above CPR,Cash Only,Diversified,True,False,0.2222222222222222,18,898459213.8499999,Inside,True,No setup,False,Neutral,0,Not applicable,No directional setup; confirmation score not applicable.,Narrow CPR,Not applicable,Not applicable,Narrow CPR; Wide CPR rules not applied,None,0,No active J-Curve setup.
SANOFI,EQ,SANOFI INDIA LIMITED,3260.7,3339.9,3245.0,3303.7,38621,127257234.1,20260616,3296.2,3292.45,3299.949999999999,3299.949999999999,3292.45,7.49999999999909,0.2270181917244026,Narrow,Bullish,Above CPR,Cash Only,Healthcare & Pharma,True,False,0.3333333333333333,18,73172653.05,Higher,False,No setup,False,Neutral,0,Not applicable,No directional setup; confirmation score not applicable.,Narrow CPR,Not applicable,Not applicable,Narrow CPR; Wide CPR rules not applied,None,0,No active J-Curve setup.
JASH,EQ,JASH ENGINEERING LIMITED,507.45,508.3,495.05,503.4,174696,87575347.35,20260616,502.25,501.675,502.825,502.825,501.675,1.1499999999999773,0.2284465633690857,Narrow,Bullish,Above CPR,Cash Only,Diversified,True,False,0.2777777777777778,18,68158137.19999999,Higher,False,No setup,False,Neutral,0,Not applicable,No directional setup; confirmation score not applicable.,Narrow CPR,Not applicable,Not applicable,Narrow CPR; Wide CPR rules not applied,None,0,No active J-Curve setup.
KIRLPNU,EQ,KIRLOSKAR PNEUMATIC COM L,1643.2,1656.0,1625.1,1646.2,94251,154530892.4,20260616,1642.4333333333334,1640.55,1644.3166666666668,1644.3166666666668,1640.55,3.766666666666879,0.2288097841493669,Narrow,Bullish,Above CPR,Cash Only,Diversified,True,False,0.2222222222222222,18,160906883.85000002,Inside,True,No setup,False,Neutral,0,Not applicable,No directional setup; confirmation score not applicable.,Narrow CPR,Not applicable,Not applicable,Narrow CPR; Wide CPR rules not applied,None,0,No active J-Curve setup.
SWSOLAR,EQ,STRLNG & WIL REN ENE LTD,213.0,215.84,211.0,214.17,1387611,296107769.29,20260616,213.67,213.42,213.92,213.92,213.42,0.4999999999999431,0.2334594014100682,Narrow,Bullish,Above CPR,Cash Only,Power & Utilities,True,False,0.3333333333333333,18,366014287.41,Overlapping,False,No setup,False,Neutral,0,Not applicable,No directional setup; confirmation score not applicable.,Narrow CPR,Not applicable,Not applicable,Narrow CPR; Wide CPR rules not applied,None,0,No active J-Curve setup.
SYSTMTXC,EQ,SYSTEMATIX CORP SERVICE L,68.0,68.3,66.5,67.64,56582,3815924.35,20260616,67.48,67.4,67.56,67.56,67.4,0.1599999999999966,0.2365464222353586,Narrow,Bullish,Above CPR,Cash Only,Diversified,True,False,0.2777777777777778,18,3967923.475,Lower,False,No setup,False,Neutral,0,Not applicable,No directional setup; confirmation score not applicable.,Narrow CPR,Not applicable,Not applicable,Narrow CPR; Wide CPR rules not applied,None,0,No active J-Curve setup.
ASTRAL,EQ,ASTRAL LIMITED,1557.8,1574.3,1542.6,1564.0,468642,733982112.7,20260616,1560.3,1558.4499999999998,1562.15,1562.15,1558.4499999999998,3.700000000000273,0.2365728900255929,Narrow,Bullish,Above CPR,Cash Only,Capital Goods,True,False,0.2222222222222222,18,836616637.05,Higher,True,Long,True,Long,70,Confirmed,CPR width: Narrow (20/20); Price location: Above CPR (20/20); Trend: unavailable (10/20); Participation: unavailable (10/20); Higher timeframe: unavailable (10/20),Narrow CPR,Not applicable,Not applicable,Narrow CPR; Wide CPR rules not applied,None,0,No active J-Curve setup.
ENRIN,EQ,SIEMENS ENERGY INDIA LTD,3572.0,3649.0,3543.0,3608.9,420274,1514816542.7,20260616,3600.3,3596.0,3604.6,3604.6,3596.0,8.599999999999454,0.2382997589292985,Narrow,Bullish,Above CPR,Cash Only,Capital Goods,True,False,0.1666666666666666,18,1806146743.85,Inside,True,No setup,True,Neutral,0,Not applicable,No directional setup; confirmation score not applicable.,Narrow CPR,Not applicable,Not applicable,Narrow CPR; Wide CPR rules not applied,None,0,No active J-Curve setup.
IOC,EQ,INDIAN OIL CORP LTD,144.95,145.45,143.73,145.11,10255674,1484530329.32,20260616,144.76333333333332,144.58999999999995,144.93666666666667,144.93666666666667,144.58999999999995,0.3466666666666924,0.2388992258746415,Narrow,Bullish,Above CPR,Cash Only,Oil Gas & Consumable Fuels,True,False,0.4444444444444444,18,1634826787.31,Lower,False,No setup,True,Neutral,0,Not applicable,No directional setup; confirmation score not applicable.,Narrow CPR,Not applicable,Not applicable,Narrow CPR; Wide CPR rules not applied,None,0,No active J-Curve setup.
FOCUS,EQ,FOCUS LIGHTG & FIXTRS LTD,93.77,93.99,91.9,93.28,100819,9373932.94,20260616,93.05666666666666,92.945,93.16833333333332,93.16833333333332,92.945,0.2233333333333291,0.2394225271583717,Narrow,Bullish,Above CPR,Cash Only,Diversified,True,False,0.1666666666666666,18,9289922.335,Higher,True,Long,False,Long,70,Confirmed,CPR width: Narrow (20/20); Price location: Above CPR (20/20); Trend: unavailable (10/20); Participation: unavailable (10/20); Higher timeframe: unavailable (10/20),Narrow CPR,Not applicable,Not applicable,Narrow CPR; Wide CPR rules not applied,None,0,No active J-Curve setup.
JKPAPER,EQ,JK PAPER LIMITED,356.55,360.35,351.15,357.05,195309,69584393.1,20260616,356.18333333333334,355.75,356.6166666666667,356.6166666666667,355.75,0.8666666666666742,0.242729776408535,Narrow,Bullish,Above CPR,Cash Only,Paper & Packaging,True,False,0.3333333333333333,18,78327791.425,Lower,False,No setup,False,Neutral,0,Not applicable,No directional setup; confirmation score not applicable.,Narrow CPR,Not applicable,Not applicable,Narrow CPR; Wide CPR rules not applied,None,0,No active J-Curve setup.
SHEMAROO,EQ,SHEMAROO ENTER. LTD.,119.0,122.0,118.2,120.54,16049,1931043.25,20260616,120.24666666666668,120.1,120.39333333333336,120.39333333333336,120.1,0.2933333333333507,0.2433493722692473,Narrow,Bullish,Above CPR,Cash Only,Diversified,True,False,0.2222222222222222,18,1380815.8,Higher,True,Long,False,Long,70,Confirmed,CPR width: Narrow (20/20); Price location: Above CPR (20/20); Trend: unavailable (10/20); Participation: unavailable (10/20); Higher timeframe: unavailable (10/20),Narrow CPR,Not applicable,Not applicable,Narrow CPR; Wide CPR rules not applied,None,0,No active J-Curve setup.
GAEL,EQ,GUJARAT AMBUJA EXPORTS LT,159.22,159.22,156.0,158.19,424859,66856211.75,20260616,157.80333333333334,157.61,157.99666666666667,157.99666666666667,157.61,0.386666666666656,0.2444318014202263,Narrow,Bullish,Above CPR,Cash Only,Diversified,True,False,0.5,18,83522253.35499999,Overlapping,False,No setup,False,Neutral,0,Not applicable,No directional setup; confirmation score not applicable.,Narrow CPR,Not applicable,Not applicable,Narrow CPR; Wide CPR rules not applied,None,0,No active J-Curve setup.
MIDWESTLTD,EQ,MIDWEST LIMITED,1286.9,1298.7,1275.0,1291.6,12682,16340744.6,20260616,1288.4333333333332,1286.85,1290.0166666666664,1290.0166666666664,1286.85,3.166666666666515,0.2451739444616379,Narrow,Bullish,Above CPR,Cash Only,Diversified,True,False,0.3333333333333333,18,34466259.85,Higher,False,No setup,False,Neutral,0,Not applicable,No directional setup; confirmation score not applicable.,Narrow CPR,Not applicable,Not applicable,Narrow CPR; Wide CPR rules not applied,None,0,No active J-Curve setup.
SUNDRMFAST,EQ,SUNDRAM FASTENERS LTD,852.9,860.0,846.1,856.2,36065,30812919.3,20260616,854.1,853.05,855.1500000000001,855.1500000000001,853.05,2.1000000000001364,0.24526979677647,Narrow,Bullish,Above CPR,Cash Only,Diversified,True,False,0.5,18,44878076.8,Overlapping,False,No setup,False,Neutral,0,Not applicable,No directional setup; confirmation score not applicable.,Narrow CPR,Not applicable,Not applicable,Narrow CPR; Wide CPR rules not applied,None,0,No active J-Curve setup.
FORTIS,EQ,FORTIS HEALTHCARE LTD,980.15,981.9,949.05,969.1,1856149,1792491033.15,20260616,966.6833333333332,965.475,967.8916666666668,967.8916666666668,965.475,2.4166666666667425,0.2493722698036056,Narrow,Bullish,Above CPR,Cash Only,Healthcare,True,False,0.5,18,1331499957.4499998,Lower,False,No setup,True,Neutral,0,Not applicable,No directional setup; confirmation score not applicable.,Narrow CPR,Not applicable,Not applicable,Narrow CPR; Wide CPR rules not applied,None,0,No active J-Curve setup.
RAYMONDLSL,EQ,RAYMOND LIFESTYLE LIMITED,810.25,822.45,805.0,816.8,148123,120477752.7,20260616,814.75,813.725,815.775,815.775,813.725,2.0499999999999545,0.2509794319294753,Moderate,Bullish,Above CPR,Cash Only,Diversified,False,False,0.2222222222222222,18,171010254.5,Higher,True,Long,False,Long,62,Mixed,CPR width: 0.2510% (12/20); Price location: Above CPR (20/20); Trend: unavailable (10/20); Participation: unavailable (10/20); Higher timeframe: unavailable (10/20),Standard CPR,Not applicable,Not applicable,Standard CPR; Wide CPR rules not applied,None,0,No active J-Curve setup.
HINDZINC,EQ,HINDUSTAN ZINC LIMITED,565.0,566.9,557.45,564.3,2663318,1495301157.2,20260616,562.8833333333333,562.175,563.5916666666667,563.5916666666667,562.175,1.4166666666667425,0.2510484966625452,Moderate,Bullish,Above CPR,Cash Only,Metals & Mining,False,False,0.3333333333333333,18,2347705324.25,Lower,False,No setup,True,Neutral,0,Not applicable,No directional setup; confirmation score not applicable.,Standard CPR,Not applicable,Not applicable,Standard CPR; Wide CPR rules not applied,None,0,No active J-Curve setup.
EUREKAFORB,EQ,EUREKA FORBES LIMITED,452.7,462.0,448.25,456.85,154999,70709826.5,20260616,455.7,455.125,456.275,456.275,455.125,1.1499999999999773,0.2517237605340871,Moderate,Bullish,Above CPR,Cash Only,Diversified,False,False,0.3888888888888889,18,73697067.275,Overlapping,False,No setup,False,Neutral,0,Not applicable,No directional setup; confirmation score not applicable.,Standard CPR,Not applicable,Not applicable,Standard CPR; Wide CPR rules not applied,None,0,No active J-Curve setup.
KINGFA,EQ,KINGFA SCI & TEC IND LTD.,5012.5,5124.0,5012.5,5087.5,3997,20276066.0,20260616,5074.666666666667,5068.25,5081.083333333334,5081.083333333334,5068.25,12.83333333333394,0.2522522522522641,Moderate,Bullish,Above CPR,Cash Only,Diversified,False,False,0.1666666666666666,18,26470770.75,Overlapping,True,No setup,False,Neutral,0,Not applicable,No directional setup; confirmation score not applicable.,Standard CPR,Not applicable,Not applicable,Standard CPR; Wide CPR rules not applied,None,0,No active J-Curve setup.
SKFINDUS,EQ,SKF IND (INDUSTRIAL) LTD,2500.0,2513.0,2457.3,2494.6,8886,22089351.2,20260616,2488.3,2485.15,2491.45,2491.45,2485.15,6.299999999999272,0.2525454982762476,Moderate,Bullish,Above CPR,Cash Only,Diversified,False,False,0.1111111111111111,18,40403264.35,Higher,True,Long,False,Long,62,Mixed,CPR width: 0.2525% (12/20); Price location: Above CPR (20/20); Trend: unavailable (10/20); Participation: unavailable (10/20); Higher timeframe: unavailable (10/20),Standard CPR,Not applicable,Not applicable,Standard CPR; Wide CPR rules not applied,None,0,No active J-Curve setup.
EIHAHOTELS,EQ,EIH ASSOCIATED HOTELS LTD,311.9,311.9,305.25,309.75,7806,2415589.75,20260616,308.96666666666664,308.575,309.3583333333333,309.3583333333333,308.575,0.783333333333303,0.2528921172988871,Moderate,Bullish,Above CPR,Cash Only,Hotels & Tourism,False,False,0.3333333333333333,18,4177231.05,Overlapping,False,No setup,False,Neutral,0,Not applicable,No directional setup; confirmation score not applicable.,Standard CPR,Not applicable,Not applicable,Standard CPR; Wide CPR rules not applied,None,0,No active J-Curve setup.
AKCAPIT,EQ,A K CAPITAL SERVICES LTD.,1745.8,1755.0,1710.0,1739.1,104,179634.7,20260616,1734.7,1732.5,1736.9,1736.9,1732.5,4.400000000000091,0.2530044275774878,Moderate,Bullish,Above CPR,Cash Only,Diversified,False,False,0.1111111111111111,18,579396.6000000001,Inside,True,No setup,False,Neutral,0,Not applicable,No directional setup; confirmation score not applicable.,Standard CPR,Not applicable,Not applicable,Standard CPR; Wide CPR rules not applied,None,0,No active J-Curve setup.
USHAMART,EQ,USHA MARTIN LTD.,495.0,505.0,489.6,499.2,266100,131944233.4,20260616,497.9333333333333,497.3,498.56666666666666,498.56666666666666,497.3,1.2666666666666515,0.2537393162393132,Moderate,Bullish,Above CPR,Cash Only,Capital Goods,False,False,0.4444444444444444,18,210565975.875,Higher,False,No setup,True,Neutral,0,Not applicable,No directional setup; confirmation score not applicable.,Standard CPR,Not applicable,Not applicable,Standard CPR; Wide CPR rules not applied,None,0,No active J-Curve setup.
SUNDROP,EQ,SUNDROP BRANDS LIMITED,654.05,668.1,653.05,663.1,4609,3036306.55,20260616,661.4166666666666,660.575,662.2583333333332,662.2583333333332,660.575,1.6833333333331666,0.2538581410546172,Moderate,Bullish,Above CPR,Cash Only,Diversified,False,False,0.3888888888888889,18,4921303.775,Lower,False,No setup,False,Neutral,0,Not applicable,No directional setup; confirmation score not applicable.,Standard CPR,Not applicable,Not applicable,Standard CPR; Wide CPR rules not applied,None,0,No active J-Curve setup.
KARURVYSYA,EQ,KARUR VYSYA BANK LTD,292.0,298.0,288.85,294.55,2930882,863699317.65,20260616,293.8,293.425,294.175,294.175,293.425,0.75,0.2546257002206756,Moderate,Bullish,Above CPR,Cash Only,Financial Services,False,False,0.3333333333333333,18,753734404.95,Higher,False,No setup,True,Neutral,0,Not applicable,No directional setup; confirmation score not applicable.,Standard CPR,Not applicable,Not applicable,Standard CPR; Wide CPR rules not applied,None,0,No active J-Curve setup.
BLACKROSE,EQ,BLACK ROSE INDS. LTD.,93.05,95.0,92.14,93.93,15769,1473523.97,20260616,93.69,93.57,93.81,93.81,93.57,0.2400000000000091,0.2555094219099426,Moderate,Bullish,Above CPR,Cash Only,Diversified,False,False,0.2222222222222222,18,1739260.45,Inside,True,No setup,False,Neutral,0,Not applicable,No directional setup; confirmation score not applicable.,Standard CPR,Not applicable,Not applicable,Standard CPR; Wide CPR rules not applied,None,0,No active J-Curve setup.
IREDA,EQ,INDIAN RENEWABLE ENERGY,125.43,126.78,124.55,126.15,4569823,575774880.21,20260616,125.82666666666668,125.665,125.98833333333334,125.98833333333334,125.665,0.3233333333333519,0.2563086272955623,Moderate,Bullish,Above CPR,Cash Only,Financial Services,False,False,0.3333333333333333,18,675755483.155,Higher,False,No setup,True,Neutral,0,Not applicable,No directional setup; confirmation score not applicable.,Standard CPR,Not applicable,Not applicable,Standard CPR; Wide CPR rules not applied,None,0,No active J-Curve setup.
RPPL,EQ,RAJSHREE POLYPACK LTD,19.7,19.8,19.03,19.49,71008,1385156.52,20260616,19.44,19.415,19.465,19.465,19.415,0.0499999999999971,0.2565418163160449,Moderate,Bullish,Above CPR,Cash Only,Diversified,False,False,0.2777777777777778,18,1119098.03,Higher,False,No setup,False,Neutral,0,Not applicable,No directional setup; confirmation score not applicable.,Standard CPR,Not applicable,Not applicable,Standard CPR; Wide CPR rules not applied,None,0,No active J-Curve setup.
DHANBANK,EQ,DHANLAXMI BANK LIMITED,32.6,32.84,31.75,32.42,1158809,37337426.3,20260616,32.336666666666666,32.295,32.37833333333333,32.37833333333333,32.295,0.0833333333333286,0.2570429775858378,Moderate,Bullish,Above CPR,Cash Only,Financial Services,False,False,0.0555555555555555,18,47235515.295,Lower,True,No setup,False,Neutral,0,Not applicable,No directional setup; confirmation score not applicable.,Standard CPR,Not applicable,Not applicable,Standard CPR; Wide CPR rules not applied,None,0,No active J-Curve setup.
TORNTPOWER,EQ,TORRENT POWER LTD,1391.5,1420.9,1385.0,1408.4,437976,614259057.0,20260616,1404.7666666666669,1402.95,1406.5833333333333,1406.5833333333333,1402.95,3.633333333333212,0.2579759538009948,Moderate,Bullish,Above CPR,Cash Only,Power,False,False,0.2222222222222222,18,553142154.95,Higher,True,Long,True,Long,62,Mixed,CPR width: 0.2580% (12/20); Price location: Above CPR (20/20); Trend: unavailable (10/20); Participation: unavailable (10/20); Higher timeframe: unavailable (10/20),Standard CPR,Not applicable,Not applicable,Standard CPR; Wide CPR rules not applied,None,0,No active J-Curve setup.
21STCENMGM,EQ,21ST CENTURY MGMT SERVICE,31.98,32.6,31.41,32.13,1824,58371.65,20260616,32.046666666666674,32.005,32.088333333333345,32.088333333333345,32.005,0.0833333333333428,0.2593630044610731,Moderate,Bullish,Above CPR,Cash Only,Diversified,False,False,0.2777777777777778,18,69276.89,Higher,False,No setup,False,Neutral,0,Not applicable,No directional setup; confirmation score not applicable.,Standard CPR,Not applicable,Not applicable,Standard CPR; Wide CPR rules not applied,None,0,No active J-Curve setup.
SILGO,EQ,SILGO RETAIL LIMITED,75.15,76.0,74.25,75.42,367438,27665379.74,20260616,75.22333333333334,75.125,75.32166666666669,75.32166666666669,75.125,0.1966666666666867,0.2607619552727218,Moderate,Bullish,Above CPR,Cash Only,Diversified,False,False,0.1666666666666666,18,28955627.75,Lower,True,No setup,False,Neutral,0,Not applicable,No directional setup; confirmation score not applicable.,Standard CPR,Not applicable,Not applicable,Standard CPR; Wide CPR rules not applied,None,0,No active J-Curve setup.
AXISBANK,EQ,AXIS BANK LIMITED,1363.5,1371.5,1349.2,1365.7,7709061,10503429725.3,20260616,1362.1333333333332,1360.35,1363.9166666666663,1363.9166666666663,1360.35,3.566666666666606,0.2611603329184012,Moderate,Bullish,Above CPR,Cash Only,Financial Services,False,False,0.4444444444444444,18,9793083285.25,Lower,False,No setup,True,Neutral,0,Not applicable,No directional setup; confirmation score not applicable.,Standard CPR,Not applicable,Not applicable,Standard CPR; Wide CPR rules not applied,None,0,No active J-Curve setup.
UJJIVANSFB,EQ,UJJIVAN SMALL FINANC BANK,56.95,57.85,56.48,57.39,8280013,472934909.2,20260616,57.24,57.165,57.315000000000005,57.315000000000005,57.165,0.1500000000000056,0.2613695765812958,Moderate,Bullish,Above CPR,Cash Only,Diversified,False,False,0.3333333333333333,18,520698856.515,Higher,False,No setup,False,Neutral,0,Not applicable,No directional setup; confirmation score not applicable.,Standard CPR,Not applicable,Not applicable,Standard CPR; Wide CPR rules not applied,None,0,No active J-Curve setup.
TCIEXP,EQ,TCI EXPRESS LIMITED,538.8,538.8,526.3,534.65,8184,4356823.45,20260616,533.25,532.55,533.95,533.95,532.55,1.400000000000091,0.2618535490507979,Moderate,Bullish,Above CPR,Cash Only,Logistics,False,False,0.1111111111111111,18,6503796.075,Higher,True,Long,False,Long,62,Mixed,CPR width: 0.2619% (12/20); Price location: Above CPR (20/20); Trend: unavailable (10/20); Participation: unavailable (10/20); Higher timeframe: unavailable (10/20),Standard CPR,Not applicable,Not applicable,Standard CPR; Wide CPR rules not applied,None,0,No active J-Curve setup.
VENKEYS,EQ,VENKY S (INDIA) LIMITED,1403.9,1417.7,1395.8,1412.3,18404,25914441.5,20260616,1408.6,1406.75,1410.4500000000005,1410.4500000000005,1406.75,3.700000000000273,0.2619839977342117,Moderate,Bullish,Above CPR,Cash Only,Diversified,False,False,0.1111111111111111,18,52346274.7,Overlapping,True,No setup,False,Neutral,0,Not applicable,No directional setup; confirmation score not applicable.,Standard CPR,Not applicable,Not applicable,Standard CPR; Wide CPR rules not applied,None,0,No active J-Curve setup.
RUCHIRA,EQ,RUCHIRA PAPERS LIMITED,109.0,110.85,106.55,109.13,24963,2701877.89,20260616,108.84333333333332,108.7,108.98666666666664,108.98666666666664,108.7,0.2866666666666617,0.2626836494700465,Moderate,Bullish,Above CPR,Cash Only,Diversified,False,False,0.5,18,3290826.355,Lower,False,No setup,False,Neutral,0,Not applicable,No directional setup; confirmation score not applicable.,Standard CPR,Not applicable,Not applicable,Standard CPR; Wide CPR rules not applied,None,0,No active J-Curve setup.
BEPL,EQ,BHANSALI ENG. POLYMERS LT,99.22,100.0,97.04,98.91,520845,51623946.69,20260616,98.65000000000002,98.52,98.78000000000004,98.78000000000004,98.52,0.2600000000000193,0.2628652310181168,Moderate,Bullish,Above CPR,Cash Only,Diversified,False,False,0.5555555555555556,18,30971765.37,Lower,False,No setup,False,Neutral,0,Not applicable,No directional setup; confirmation score not applicable.,Standard CPR,Not applicable,Not applicable,Standard CPR; Wide CPR rules not applied,None,0,No active J-Curve setup.
AFCONS,EQ,AFCONS INFRASTRUCTURE LTD,324.4,329.3,322.3,327.1,315969,102864818.7,20260616,326.2333333333333,325.8,326.6666666666667,326.6666666666667,325.8,0.8666666666666742,0.2649546519922575,Moderate,Bullish,Above CPR,Cash Only,Construction,False,False,0.3333333333333333,18,184673646.05,Lower,False,No setup,True,Neutral,0,Not applicable,No directional setup; confirmation score not applicable.,Standard CPR,Not applicable,Not applicable,Standard CPR; Wide CPR rules not applied,None,0,No active J-Curve setup.
PFS,EQ,PTC INDIA FIN SERV LTD,30.77,31.6,30.75,31.3,734729,22952050.21,20260616,31.21666666666667,31.175,31.258333333333336,31.258333333333336,31.175,0.0833333333333357,0.2662406815761524,Moderate,Bullish,Above CPR,Cash Only,Diversified,False,False,0.3333333333333333,18,21353822.825000003,Higher,False,No setup,False,Neutral,0,Not applicable,No directional setup; confirmation score not applicable.,Standard CPR,Not applicable,Not applicable,Standard CPR; Wide CPR rules not applied,None,0,No active J-Curve setup.
UTKARSHBNK,EQ,UTKARSH SMALL FIN BANK L,13.53,13.84,13.41,13.68,3841669,52290986.42,20260616,13.643333333333333,13.625,13.661666666666664,13.661666666666664,13.625,0.0366666666666652,0.2680311890838106,Moderate,Bullish,Above CPR,Cash Only,Banking,False,False,0.2777777777777778,18,43725052.36,Higher,False,No setup,False,Neutral,0,Not applicable,No directional setup; confirmation score not applicable.,Standard CPR,Not applicable,Not applicable,Standard CPR; Wide CPR rules not applied,None,0,No active J-Curve setup.
ADANIPOWER,EQ,ADANI POWER LTD,221.9,224.8,218.61,222.6,29486320,6539479429.4,20260616,222.00333333333333,221.705,222.30166666666665,222.30166666666665,221.705,0.5966666666666356,0.2680443246480843,Moderate,Bullish,Above CPR,Cash Only,Power,False,False,0.2777777777777778,18,6980619538.385,Inside,False,No setup,True,Neutral,0,Not applicable,No directional setup; confirmation score not applicable.,Standard CPR,Not applicable,Not applicable,Standard CPR; Wide CPR rules not applied,None,0,No active J-Curve setup.
INSECTICID,EQ,INSECTICIDES (I) LTD,710.5,715.95,706.45,714.1,8868,6315305.85,20260616,712.1666666666666,711.2,713.1333333333332,713.1333333333332,711.2,1.9333333333331664,0.2707370583018018,Moderate,Bullish,Above CPR,Cash Only,Diversified,False,False,0.3333333333333333,18,15637621.6,Overlapping,False,No setup,False,Neutral,0,Not applicable,No directional setup; confirmation score not applicable.,Standard CPR,Not applicable,Not applicable,Standard CPR; Wide CPR rules not applied,None,0,No active J-Curve setup.
NPBET,EQ,TATAAML - NPBET,288.65,288.86,286.49,288.86,400,114876.91,20260616,288.07,287.675,288.465,288.465,287.675,0.7899999999999636,0.2734888873502609,Moderate,Bullish,Above CPR,Cash Only,Diversified,False,False,0.3888888888888889,18,300405.58,Lower,False,No setup,False,Neutral,0,Not applicable,No directional setup; confirmation score not applicable.,Standard CPR,Not applicable,Not applicable,Standard CPR; Wide CPR rules not applied,None,0,No active J-Curve setup.
IONEXCHANG,EQ,ION EXCHANGE (INDIA) LTD,359.55,372.6,354.9,365.25,637220,233730559.85,20260616,364.25,363.75,364.75,364.75,363.75,1.0,0.2737850787132101,Moderate,Bullish,Above CPR,Cash Only,Diversified,False,False,0.2777777777777778,18,89693931.1,Higher,False,No setup,False,Neutral,0,Not applicable,No directional setup; confirmation score not applicable.,Standard CPR,Not applicable,Not applicable,Standard CPR; Wide CPR rules not applied,None,0,No active J-Curve setup.
VRLLOG,EQ,VRL LOGISTICS LIMITED,239.0,240.0,236.13,239.05,68476,16302281.22,20260616,238.39333333333332,238.065,238.7216666666667,238.7216666666667,238.065,0.6566666666666947,0.2746984591787051,Moderate,Bullish,Above CPR,Cash Only,Diversified,False,False,0.2777777777777778,18,33685918.845,Higher,False,No setup,False,Neutral,0,Not applicable,No directional setup; confirmation score not applicable.,Standard CPR,Not applicable,Not applicable,Standard CPR; Wide CPR rules not applied,None,0,No active J-Curve setup.
BETA,EQ,BETA DRUGS LIMITED,1870.0,1915.0,1850.0,1890.3,67489,127525432.9,20260616,1885.1,1882.5,1887.7000000000005,1887.7000000000005,1882.5,5.200000000000273,0.275088610273516,Moderate,Bullish,Above CPR,Cash Only,Diversified,False,False,0.2222222222222222,18,23458297.2,Higher,True,Long,False,Long,62,Mixed,CPR width: 0.2751% (12/20); Price location: Above CPR (20/20); Trend: unavailable (10/20); Participation: unavailable (10/20); Higher timeframe: unavailable (10/20),Standard CPR,Not applicable,Not applicable,Standard CPR; Wide CPR rules not applied,None,0,No active J-Curve setup.
KRISHNADEF,EQ,KRISHNA DEF AND ALD IND L,1222.4,1245.0,1200.0,1227.6,74637,91008850.8,20260616,1224.2,1222.5,1225.9,1225.9,1222.5,3.400000000000091,0.2769631801889941,Moderate,Bullish,Above CPR,Cash Only,Diversified,False,False,0.2222222222222222,18,180854280.45,Inside,True,No setup,False,Neutral,0,Not applicable,No directional setup; confirmation score not applicable.,Standard CPR,Not applicable,Not applicable,Standard CPR; Wide CPR rules not applied,None,0,No active J-Curve setup.
ATALREAL,EQ,ATAL REALTECH LIMITED,30.6,31.7,30.5,31.23,5438223,169061999.38,20260616,31.14333333333333,31.1,31.186666666666667,31.186666666666667,31.1,0.086666666666666,0.2775109403351457,Moderate,Bullish,Above CPR,Cash Only,Diversified,False,False,0.2222222222222222,18,193569144.96,Higher,True,Long,False,Long,62,Mixed,CPR width: 0.2775% (12/20); Price location: Above CPR (20/20); Trend: unavailable (10/20); Participation: unavailable (10/20); Higher timeframe: unavailable (10/20),Standard CPR,Not applicable,Not applicable,Standard CPR; Wide CPR rules not applied,None,0,No active J-Curve setup.
TMCV,EQ,TATA MOTORS LIMITED,410.0,410.0,400.0,406.7,9155202,3709135903.6,20260616,405.56666666666666,405.0,406.1333333333333,406.1333333333333,405.0,1.1333333333333258,0.2786656831407243,Moderate,Bullish,Above CPR,Cash Only,Capital Goods,False,False,0.3333333333333333,18,3182031355.3,Lower,False,No setup,True,Neutral,0,Not applicable,No directional setup; confirmation score not applicable.,Standard CPR,Not applicable,Not applicable,Standard CPR; Wide CPR rules not applied,None,0,No active J-Curve setup.
RTNINDIA,EQ,RATTANINDIA ENT LIMITED,35.85,35.88,35.06,35.62,2050408,72605957.43,20260616,35.52,35.47,35.57000000000001,35.57000000000001,35.47,0.1000000000000085,0.2807411566535894,Moderate,Bullish,Above CPR,Cash Only,Diversified,False,False,0.1111111111111111,18,72750702.315,Lower,True,No setup,False,Neutral,0,Not applicable,No directional setup; confirmation score not applicable.,Standard CPR,Not applicable,Not applicable,Standard CPR; Wide CPR rules not applied,None,0,No active J-Curve setup.
IRISDOREME,EQ,IRIS CLOTHINGS LIMITED,38.02,38.02,37.6,37.97,272807,10335376.25,20260616,37.86333333333334,37.81,37.91666666666667,37.91666666666667,37.81,0.1066666666666691,0.2809235361250174,Moderate,Bullish,Above CPR,Cash Only,Diversified,False,False,0.3888888888888889,18,9605457.755,Higher,False,No setup,False,Neutral,0,Not applicable,No directional setup; confirmation score not applicable.,Standard CPR,Not applicable,Not applicable,Standard CPR; Wide CPR rules not applied,None,0,No active J-Curve setup.
GEOJITFSL,EQ,GEOJIT FINANCIAL SER L,76.76,79.39,76.01,78.03,513611,40026585.58,20260616,77.81,77.7,77.92,77.92,77.7,0.2199999999999988,0.2819428424964742,Moderate,Bullish,Above CPR,Cash Only,Stock Broking,False,False,0.1666666666666666,18,26026662.41,Higher,True,Long,False,Long,62,Mixed,CPR width: 0.2819% (12/20); Price location: Above CPR (20/20); Trend: unavailable (10/20); Participation: unavailable (10/20); Higher timeframe: unavailable (10/20),Standard CPR,Not applicable,Not applicable,Standard CPR; Wide CPR rules not applied,None,0,No active J-Curve setup.
PIIND,EQ,PI INDUSTRIES LTD,2850.0,2904.4,2827.2,2878.0,402479,1159966216.2,20260616,2869.866666666667,2865.8,2873.9333333333334,2873.9333333333334,2865.8,8.133333333333212,0.2826036599490344,Moderate,Bullish,Above CPR,Cash Only,Chemicals,False,False,0.3333333333333333,18,910905612.45,Inside,False,No setup,True,Neutral,0,Not applicable,No directional setup; confirmation score not applicable.,Standard CPR,Not applicable,Not applicable,Standard CPR; Wide CPR rules not applied,None,0,No active J-Curve setup.
CARRARO,EQ,CARRARO INDIA LIMITED,530.95,538.3,529.0,535.95,59043,31613125.15,20260616,534.4166666666666,533.65,535.1833333333333,535.1833333333333,533.65,1.533333333333303,0.2860963398326901,Moderate,Bullish,Above CPR,Cash Only,Diversified,False,False,0.2222222222222222,18,57013158.35,Higher,True,Long,False,Long,62,Mixed,CPR width: 0.2861% (12/20); Price location: Above CPR (20/20); Trend: unavailable (10/20); Participation: unavailable (10/20); Higher timeframe: unavailable (10/20),Standard CPR,Not applicable,Not applicable,Standard CPR; Wide CPR rules not applied,None,0,No active J-Curve setup.
DOLPHIN,EQ,DOLPHIN OFF ENT (IND) L,385.0,398.2,385.0,393.3,6538,2579809.15,20260616,392.1666666666667,391.6,392.73333333333335,392.73333333333335,391.6,1.1333333333333258,0.2881600135604693,Moderate,Bullish,Above CPR,Cash Only,Diversified,False,False,0.3888888888888889,18,2531091.825,Overlapping,False,No setup,False,Neutral,0,Not applicable,No directional setup; confirmation score not applicable.,Standard CPR,Not applicable,Not applicable,Standard CPR; Wide CPR rules not applied,None,0,No active J-Curve setup.
DWARKESH,EQ,DWARIKESH SUGAR IND LTD,44.99,45.3,44.25,44.97,529490,23702785.13,20260616,44.84,44.775,44.905,44.905,44.775,0.1299999999999954,0.2890816099621869,Moderate,Bullish,Above CPR,Cash Only,Diversified,False,False,0.2222222222222222,18,35598801.504999995,Lower,True,No setup,False,Neutral,0,Not applicable,No directional setup; confirmation score not applicable.,Standard CPR,Not applicable,Not applicable,Standard CPR; Wide CPR rules not applied,None,0,No active J-Curve setup.
CELLO,EQ,CELLO WORLD LIMITED,385.0,394.0,382.0,389.7,149418,58250307.65,20260616,388.56666666666666,388.0,389.1333333333333,389.1333333333333,388.0,1.1333333333333258,0.2908219998289263,Moderate,Bullish,Above CPR,Cash Only,Diversified,False,False,0.2222222222222222,18,60777282.225,Higher,True,Long,False,Long,62,Mixed,CPR width: 0.2908% (12/20); Price location: Above CPR (20/20); Trend: unavailable (10/20); Participation: unavailable (10/20); Higher timeframe: unavailable (10/20),Standard CPR,Not applicable,Not applicable,Standard CPR; Wide CPR rules not applied,None,0,No active J-Curve setup.
MBEL,EQ,M AND B ENGINEERING LTD,309.65,312.05,304.05,309.4,190396,58799998.95,20260616,308.5,308.05,308.95,308.95,308.05,0.8999999999999773,0.2908855850032247,Moderate,Bullish,Above CPR,Cash Only,Diversified,False,False,0.3333333333333333,18,29561248.325,Higher,False,No setup,False,Neutral,0,Not applicable,No directional setup; confirmation score not applicable.,Standard CPR,Not applicable,Not applicable,Standard CPR; Wide CPR rules not applied,None,0,No active J-Curve setup.
DABUR,EQ,DABUR INDIA LTD,430.0,437.45,429.65,435.45,1685284,731568248.0,20260616,434.1833333333333,433.55,434.8166666666667,434.8166666666667,433.55,1.2666666666667652,0.2908868220614916,Moderate,Bullish,Above CPR,Cash Only,Fast Moving Consumer Goods,False,False,0.3888888888888889,18,761285887.9,Higher,False,No setup,True,Neutral,0,Not applicable,No directional setup; confirmation score not applicable.,Standard CPR,Not applicable,Not applicable,Standard CPR; Wide CPR rules not applied,None,0,No active J-Curve setup.
AROGRANITE,EQ,ARO GRANITE IND. LTD.,25.2,25.38,24.64,25.12,9454,237419.64,20260616,25.046666666666667,25.01,25.083333333333336,25.083333333333336,25.01,0.0733333333333376,0.2919320594480003,Moderate,Bullish,Above CPR,Cash Only,Diversified,False,False,0.2222222222222222,18,62169.33500000001,Lower,True,No setup,False,Neutral,0,Not applicable,No directional setup; confirmation score not applicable.,Standard CPR,Not applicable,Not applicable,Standard CPR; Wide CPR rules not applied,None,0,No active J-Curve setup.
GENUSPOWER,EQ,GENUS POWER INFRASTRU LTD,325.0,332.0,322.9,328.9,1612608,529718122.6,20260616,327.93333333333334,327.45,328.4166666666667,328.4166666666667,327.45,0.966666666666697,0.2939089895611727,Moderate,Bullish,Above CPR,Cash Only,Power & Utilities,False,False,0.2222222222222222,18,178190992.5,Higher,True,Long,False,Long,62,Mixed,CPR width: 0.2939% (12/20); Price location: Above CPR (20/20); Trend: unavailable (10/20); Participation: unavailable (10/20); Higher timeframe: unavailable (10/20),Standard CPR,Not applicable,Not applicable,Standard CPR; Wide CPR rules not applied,None,0,No active J-Curve setup.
PROTEAN,EQ,PROTEAN EGOV TECHNO LTD,629.0,642.45,621.25,634.65,314874,199166838.6,20260616,632.7833333333333,631.85,633.7166666666666,633.7166666666666,631.85,1.8666666666665608,0.2941253709393462,Moderate,Bullish,Above CPR,Cash Only,FMCG & Food Products,False,False,0.1666666666666666,18,209430187.9,Higher,True,Long,False,Long,62,Mixed,CPR width: 0.2941% (12/20); Price location: Above CPR (20/20); Trend: unavailable (10/20); Participation: unavailable (10/20); Higher timeframe: unavailable (10/20),Standard CPR,Not applicable,Not applicable,Standard CPR; Wide CPR rules not applied,None,0,No active J-Curve setup.
ISFT,EQ,INTRASOFT TECH. LTD,85.75,85.94,84.76,85.73,10866,929885.96,20260616,85.47666666666667,85.35,85.60333333333335,85.60333333333335,85.35,0.2533333333333587,0.2955013803025297,Moderate,Bullish,Above CPR,Cash Only,Diversified,False,False,0.3333333333333333,18,1122037.97,Higher,False,No setup,False,Neutral,0,Not applicable,No directional setup; confirmation score not applicable.,Standard CPR,Not applicable,Not applicable,Standard CPR; Wide CPR rules not applied,None,0,No active J-Curve setup.
CORONA,EQ,CORONA REMEDIES LIMITED,1731.7,1757.0,1728.6,1750.6,8126,14179326.5,20260616,1745.4,1742.8,1747.9999999999998,1747.9999999999998,1742.8,5.199999999999818,0.2970410145093007,Moderate,Bullish,Above CPR,Cash Only,Diversified,False,False,0.5,18,24895733.9,Higher,False,No setup,False,Neutral,0,Not applicable,No directional setup; confirmation score not applicable.,Standard CPR,Not applicable,Not applicable,Standard CPR; Wide CPR rules not applied,None,0,No active J-Curve setup.
INFY,EQ,INFOSYS LIMITED,1136.9,1153.8,1123.2,1143.6,10456090,11928804188.9,20260616,1140.2,1138.5,1141.9,1141.9,1138.5,3.400000000000091,0.2973067506121101,Moderate,Bullish,Above CPR,Cash Only,Information Technology,False,False,0.4444444444444444,18,10456903799.35,Higher,False,No setup,True,Neutral,0,Not applicable,No directional setup; confirmation score not applicable.,Standard CPR,Not applicable,Not applicable,Standard CPR; Wide CPR rules not applied,None,0,No active J-Curve setup.
JLHL,EQ,JUPITER LIFE LINE HOSP L,1325.0,1348.8,1325.0,1342.9,10017,13412456.7,20260616,1338.9,1336.9,1340.9,1340.9,1336.9,4.0,0.297862834164867,Moderate,Bullish,Above CPR,Cash Only,Diversified,False,False,0.5,18,23412783.65,Higher,False,No setup,False,Neutral,0,Not applicable,No directional setup; confirmation score not applicable.,Standard CPR,Not applicable,Not applicable,Standard CPR; Wide CPR rules not applied,None,0,No active J-Curve setup.
SREEL,EQ,SREELEATHERS LIMITED,201.8,206.4,196.0,202.11,10824,2184242.69,20260616,201.50333333333333,201.2,201.80666666666667,201.80666666666667,201.2,0.6066666666666833,0.3001665759569953,Moderate,Bullish,Above CPR,Cash Only,Diversified,False,False,0.3333333333333333,18,932517.505,Higher,False,No setup,False,Neutral,0,Not applicable,No directional setup; confirmation score not applicable.,Standard CPR,Not applicable,Not applicable,Standard CPR; Wide CPR rules not applied,None,0,No active J-Curve setup.
KSB,EQ,KSB LIMITED,855.0,868.1,855.0,865.45,130451,112598033.25,20260616,862.85,861.55,864.1500000000001,864.1500000000001,861.55,2.6000000000001364,0.3004217459125468,Moderate,Bullish,Above CPR,Cash Only,Diversified,False,False,0.3333333333333333,18,166016181.575,Higher,False,No setup,False,Neutral,0,Not applicable,No directional setup; confirmation score not applicable.,Standard CPR,Not applicable,Not applicable,Standard CPR; Wide CPR rules not applied,None,0,No active J-Curve setup.
VSTL,EQ,VIBHOR STEEL TUBES LTD,121.08,123.9,119.0,122.0,31036,3749263.73,20260616,121.63333333333333,121.45,121.81666666666663,121.81666666666663,121.45,0.3666666666666458,0.3005464480874146,Moderate,Bullish,Above CPR,Cash Only,Diversified,False,False,0.2777777777777778,18,1480724.285,Higher,False,No setup,False,Neutral,0,Not applicable,No directional setup; confirmation score not applicable.,Standard CPR,Not applicable,Not applicable,Standard CPR; Wide CPR rules not applied,None,0,No active J-Curve setup.
STEELCITY,EQ,STEEL CITY SECURITIES LTD,79.37,79.37,76.9,78.49,5261,408854.17,20260616,78.25333333333333,78.135,78.37166666666666,78.37166666666666,78.135,0.2366666666666503,0.3015246103537398,Moderate,Bullish,Above CPR,Cash Only,Metals & Mining,False,False,0.3333333333333333,18,386962.465,Higher,False,No setup,False,Neutral,0,Not applicable,No directional setup; confirmation score not applicable.,Standard CPR,Not applicable,Not applicable,Standard CPR; Wide CPR rules not applied,None,0,No active J-Curve setup.
ETERNAL,EQ,ETERNAL LIMITED,253.8,254.15,250.75,253.6,19483651,4919635352.8,20260616,252.83333333333331,252.45,253.2166666666667,253.2166666666667,252.45,0.7666666666667084,0.302313354363844,Moderate,Bullish,Above CPR,Cash Only,Consumer Services,False,False,0.3333333333333333,18,6260805400.225,Higher,False,No setup,True,Neutral,0,Not applicable,No directional setup; confirmation score not applicable.,Standard CPR,Not applicable,Not applicable,Standard CPR; Wide CPR rules not applied,None,0,No active J-Curve setup.
TANLA,EQ,TANLA PLATFORMS LIMITED,523.7,532.95,521.7,529.75,367222,193670843.5,20260616,528.1333333333333,527.325,528.9416666666666,528.9416666666666,527.325,1.6166666666665606,0.305175397199917,Moderate,Bullish,Above CPR,Cash Only,Diversified,False,False,0.2777777777777778,18,185795825.525,Higher,False,No setup,False,Neutral,0,Not applicable,No directional setup; confirmation score not applicable.,Standard CPR,Not applicable,Not applicable,Standard CPR; Wide CPR rules not applied,None,0,No active J-Curve setup.
NAVINFLUOR,EQ,NAVIN FLUORINE INT. LTD,7280.5,7399.0,7164.5,7315.5,162061,1184835248.0,20260616,7293.0,7281.75,7304.25,7304.25,7281.75,22.5,0.3075661267172442,Moderate,Bullish,Above CPR,Cash Only,Chemicals,False,False,0.2777777777777778,18,988633825.5,Overlapping,False,No setup,True,Neutral,0,Not applicable,No directional setup; confirmation score not applicable.,Standard CPR,Not applicable,Not applicable,Standard CPR; Wide CPR rules not applied,None,0,No active J-Curve setup.
CESC,EQ,CESC LTD,169.0,173.98,168.95,172.26,1382437,237851215.05,20260616,171.73,171.46499999999995,171.995,171.995,171.46499999999995,0.5300000000000296,0.3076744456054973,Moderate,Bullish,Above CPR,Cash Only,Power,False,False,0.2222222222222222,18,277682421.915,Higher,True,Long,True,Long,62,Mixed,CPR width: 0.3077% (12/20); Price location: Above CPR (20/20); Trend: unavailable (10/20); Participation: unavailable (10/20); Higher timeframe: unavailable (10/20),Standard CPR,Not applicable,Not applicable,Standard CPR; Wide CPR rules not applied,None,0,No active J-Curve setup.
VAIBHAVGBL,EQ,VAIBHAV GLOBAL LIMITED,243.79,245.1,238.0,242.67,312767,75765446.71,20260616,241.9233333333333,241.55,242.29666666666665,242.29666666666665,241.55,0.7466666666666129,0.3076880812076535,Moderate,Bullish,Above CPR,Cash Only,Diversified,False,False,0.2777777777777778,18,68077399.295,Higher,False,No setup,False,Neutral,0,Not applicable,No directional setup; confirmation score not applicable.,Standard CPR,Not applicable,Not applicable,Standard CPR; Wide CPR rules not applied,None,0,No active J-Curve setup.
APLLTD,EQ,ALEMBIC PHARMA LTD,742.0,748.9,735.55,745.7,54805,40729935.7,20260616,743.3833333333332,742.2249999999999,744.5416666666665,744.5416666666665,742.2249999999999,2.316666666666606,0.3106700639220338,Moderate,Bullish,Above CPR,Cash Only,Diversified,False,False,0.4444444444444444,18,73094212.075,Inside,False,No setup,False,Neutral,0,Not applicable,No directional setup; confirmation score not applicable.,Standard CPR,Not applicable,Not applicable,Standard CPR; Wide CPR rules not applied,None,0,No active J-Curve setup.
KMSUGAR,EQ,K M SUGAR MILLS LTD,27.6,27.69,25.62,26.78,104300,2793932.48,20260616,26.69666666666667,26.655,26.738333333333337,26.738333333333337,26.655,0.0833333333333357,0.3111774956435239,Moderate,Bullish,Above CPR,Cash Only,FMCG & Food Products,False,False,0.5,18,2725528.2800000003,Lower,False,No setup,False,Neutral,0,Not applicable,No directional setup; confirmation score not applicable.,Standard CPR,Not applicable,Not applicable,Standard CPR; Wide CPR rules not applied,None,0,No active J-Curve setup.
SHRIRAMFIN,EQ,SHRIRAM FINANCE LIMITED,998.0,1010.05,992.05,1005.75,4544903,4548273396.15,20260616,1002.6166666666668,1001.05,1004.1833333333334,1004.1833333333334,1001.05,3.1333333333334394,0.3115419670229619,Moderate,Bullish,Above CPR,Cash Only,Financial Services,False,False,0.2777777777777778,18,5203477431.299999,Higher,False,No setup,True,Neutral,0,Not applicable,No directional setup; confirmation score not applicable.,Standard CPR,Not applicable,Not applicable,Standard CPR; Wide CPR rules not applied,None,0,No active J-Curve setup.
RICOAUTO,EQ,RICO AUTO INDUSTRIES LTD,134.28,135.25,130.06,133.28,1243769,164811515.94,20260616,132.86333333333334,132.655,133.0716666666667,133.0716666666667,132.655,0.4166666666666856,0.3126250500200222,Moderate,Bullish,Above CPR,Cash Only,Automobile & Ancillary,False,False,0.2222222222222222,18,330369637.515,Lower,True,No setup,False,Neutral,0,Not applicable,No directional setup; confirmation score not applicable.,Standard CPR,Not applicable,Not applicable,Standard CPR; Wide CPR rules not applied,None,0,No active J-Curve setup.
ELCIDIN,EQ,ELCID INVESTMENTS LTD.,117950.0,118770.0,116520.0,118200.0,5,589440.0,20260616,117830.0,117645.0,118015.0,118015.0,117645.0,370.0,0.3130287648054145,Moderate,Bullish,Above CPR,Cash Only,Diversified,False,False,0.4444444444444444,18,1238072.5,Outside,False,No setup,False,Neutral,0,Not applicable,No directional setup; confirmation score not applicable.,Standard CPR,Not applicable,Not applicable,Standard CPR; Wide CPR rules not applied,None,0,No active J-Curve setup.
RUCHINFRA,EQ,RUCHI INFRASTRUCTURE LTD,6.4,6.43,6.27,6.38,42053,266844.93,20260616,6.359999999999999,6.35,6.369999999999999,6.369999999999999,6.35,0.0199999999999995,0.3134796238244447,Moderate,Bullish,Above CPR,Cash Only,Real Estate & Infra,False,False,0.3333333333333333,18,435187.465,Higher,False,No setup,False,Neutral,0,Not applicable,No directional setup; confirmation score not applicable.,Standard CPR,Not applicable,Not applicable,Standard CPR; Wide CPR rules not applied,None,0,No active J-Curve setup.
SAPPHIRE,EQ,SAPPHIRE FOODS INDIA LTD,177.7,185.58,176.05,181.67,10159766,1841804583.97,20260616,181.1,180.815,181.385,181.385,180.815,0.5699999999999932,0.3137557109043833,Moderate,Bullish,Above CPR,Cash Only,Consumer Services,False,False,0.4444444444444444,18,145821411.065,Higher,False,No setup,True,Neutral,0,Not applicable,No directional setup; confirmation score not applicable.,Standard CPR,Not applicable,Not applicable,Standard CPR; Wide CPR rules not applied,None,0,No active J-Curve setup.
DOLATALGO,EQ,DOLAT ALGOTECH LIMITED,75.49,76.95,75.21,76.44,99629,7572797.38,20260616,76.2,76.08,76.32000000000001,76.32000000000001,76.08,0.2400000000000091,0.313971742543183,Moderate,Bullish,Above CPR,Cash Only,Diversified,False,False,0.3333333333333333,18,13082924.34,Higher,False,No setup,False,Neutral,0,Not applicable,No directional setup; confirmation score not applicable.,Standard CPR,Not applicable,Not applicable,Standard CPR; Wide CPR rules not applied,None,0,No active J-Curve setup.
MONEYBOXX,EQ,MONEYBOXX FINANCE LIMITED,68.52,70.3,68.52,69.74,6729,468376.94,20260616,69.52,69.41,69.63,69.63,69.41,0.2199999999999988,0.3154574132492097,Moderate,Bullish,Above CPR,Cash Only,Diversified,False,False,0.1666666666666666,18,2071034.565,Lower,True,No setup,False,Neutral,0,Not applicable,No directional setup; confirmation score not applicable.,Standard CPR,Not applicable,Not applicable,Standard CPR; Wide CPR rules not applied,None,0,No active J-Curve setup.
MARKOLINES,EQ,MARKOLINES PAVEMENT TEC L,169.5,171.75,168.57,170.97,392247,66878878.26,20260616,170.42999999999998,170.16,170.69999999999996,170.69999999999996,170.16,0.5399999999999636,0.3158448850675344,Moderate,Bullish,Above CPR,Cash Only,Diversified,False,False,0.4444444444444444,18,56552082.97,Higher,False,No setup,False,Neutral,0,Not applicable,No directional setup; confirmation score not applicable.,Standard CPR,Not applicable,Not applicable,Standard CPR; Wide CPR rules not applied,None,0,No active J-Curve setup.
VRAJ,EQ,VRAJ IRON AND STEEL LTD,122.79,127.0,121.61,124.9,28459,3545831.91,20260616,124.50333333333332,124.305,124.70166666666664,124.70166666666664,124.305,0.3966666666666469,0.3175874032559223,Moderate,Bullish,Above CPR,Cash Only,Diversified,False,False,0.2777777777777778,18,2731286.37,Higher,False,No setup,False,Neutral,0,Not applicable,No directional setup; confirmation score not applicable.,Standard CPR,Not applicable,Not applicable,Standard CPR; Wide CPR rules not applied,None,0,No active J-Curve setup.
CEINSYS,EQ,CEINSYS TECH LIMITED,949.0,961.0,932.1,951.1,76175,71863192.8,20260616,948.0666666666666,946.55,949.5833333333331,949.5833333333331,946.55,3.033333333333303,0.3189289594504577,Moderate,Bullish,Above CPR,Cash Only,Diversified,False,False,0.1666666666666666,18,51466033.425,Overlapping,True,No setup,False,Neutral,0,Not applicable,No directional setup; confirmation score not applicable.,Standard CPR,Not applicable,Not applicable,Standard CPR; Wide CPR rules not applied,None,0,No active J-Curve setup.
NOVARTIND,EQ,NOVARTIS INDIA LIMITED,1300.0,1334.2,1300.0,1323.5,10527,13901892.7,20260616,1319.2333333333331,1317.1,1321.3666666666668,1321.3666666666668,1317.1,4.266666666666879,0.3223775343155934,Moderate,Bullish,Above CPR,Cash Only,Diversified,False,False,0.2222222222222222,18,33815971.8,Higher,True,Long,False,Long,62,Mixed,CPR width: 0.3224% (12/20); Price location: Above CPR (20/20); Trend: unavailable (10/20); Participation: unavailable (10/20); Higher timeframe: unavailable (10/20),Standard CPR,Not applicable,Not applicable,Standard CPR; Wide CPR rules not applied,None,0,No active J-Curve setup.
SINGERIND,EQ,SINGER INDIA LIMITED,71.36,72.8,70.8,72.15,18023,1298904.7,20260616,71.91666666666667,71.8,72.03333333333335,72.03333333333335,71.8,0.2333333333333485,0.3234003234003443,Moderate,Bullish,Above CPR,Cash Only,Diversified,False,False,0.3333333333333333,18,2882558.62,Higher,False,No setup,False,Neutral,0,Not applicable,No directional setup; confirmation score not applicable.,Standard CPR,Not applicable,Not applicable,Standard CPR; Wide CPR rules not applied,None,0,No active J-Curve setup.
COHANCE,EQ,COHANCE LIFESCIENCES LTD,426.9,434.4,426.2,432.4,317647,137025293.3,20260616,431.0,430.3,431.7000000000001,431.7000000000001,430.3,1.400000000000091,0.3237742830712514,Moderate,Bullish,Above CPR,Cash Only,Healthcare,False,False,0.5,18,230031743.55,Overlapping,False,No setup,True,Neutral,0,Not applicable,No directional setup; confirmation score not applicable.,Standard CPR,Not applicable,Not applicable,Standard CPR; Wide CPR rules not applied,None,0,No active J-Curve setup.
LTTS,EQ,L&T TECHNOLOGY SER. LTD.,3418.9,3500.0,3392.1,3462.9,86988,299502077.7,20260616,3451.6666666666665,3446.05,3457.283333333333,3457.283333333333,3446.05,11.233333333332666,0.3243909247547623,Moderate,Bullish,Above CPR,Cash Only,Information Technology,False,False,0.1666666666666666,18,324261979.6,Higher,True,Long,True,Long,62,Mixed,CPR width: 0.3244% (12/20); Price location: Above CPR (20/20); Trend: unavailable (10/20); Participation: unavailable (10/20); Higher timeframe: unavailable (10/20),Standard CPR,Not applicable,Not applicable,Standard CPR; Wide CPR rules not applied,None,0,No active J-Curve setup.
BAJFINANCE,EQ,BAJAJ FINANCE LIMITED,946.0,963.9,946.0,959.65,9335988,8948607798.25,20260616,956.5166666666668,954.95,958.0833333333336,958.0833333333336,954.95,3.1333333333334394,0.3265079282377366,Moderate,Bullish,Above CPR,Cash Only,Financial Services,False,False,0.4444444444444444,18,8282980388.7,Higher,False,No setup,True,Neutral,0,Not applicable,No directional setup; confirmation score not applicable.,Standard CPR,Not applicable,Not applicable,Standard CPR; Wide CPR rules not applied,None,0,No active J-Curve setup.
ARVEE,EQ,ARVEE LABORATORIES I LTD,171.0,171.0,165.5,169.08,825,139729.55,20260616,168.52666666666667,168.25,168.80333333333334,168.80333333333334,168.25,0.5533333333333417,0.3272612569986643,Moderate,Bullish,Above CPR,Cash Only,Diversified,False,False,0.2941176470588235,17,106245.97,Lower,False,No setup,False,Neutral,0,Not applicable,No directional setup; confirmation score not applicable.,Standard CPR,Not applicable,Not applicable,Standard CPR; Wide CPR rules not applied,None,0,No active J-Curve setup.
RESPONIND,EQ,RESPONSIVE INDUSTRIES LTD,175.68,177.69,174.22,176.83,68539,12080297.59,20260616,176.24666666666667,175.95499999999998,176.53833333333336,176.53833333333336,175.95499999999998,0.5833333333333712,0.329883692435317,Moderate,Bullish,Above CPR,Cash Only,Diversified,False,False,0.2222222222222222,18,25211623.445,Lower,True,No setup,False,Neutral,0,Not applicable,No directional setup; confirmation score not applicable.,Standard CPR,Not applicable,Not applicable,Standard CPR; Wide CPR rules not applied,None,0,No active J-Curve setup.
PRAKASH,EQ,PRAKASH INDUSTRIES LTD,151.0,155.0,146.1,151.3,1416712,213897322.21,20260616,150.8,150.55,151.05,151.05,150.55,0.5,0.3304692663582286,Moderate,Bullish,Above CPR,Cash Only,Diversified,False,False,0.4444444444444444,18,57942394.185,Higher,False,No setup,False,Neutral,0,Not applicable,No directional setup; confirmation score not applicable.,Standard CPR,Not applicable,Not applicable,Standard CPR; Wide CPR rules not applied,None,0,No active J-Curve setup.
ROLEXRINGS,EQ,ROLEX RINGS LIMITED,140.75,141.42,139.11,140.97,684541,96155424.18,20260616,140.5,140.265,140.735,140.735,140.265,0.4700000000000273,0.3334042704121638,Moderate,Bullish,Above CPR,Cash Only,Diversified,False,False,0.3333333333333333,18,161096024.895,Lower,False,No setup,False,Neutral,0,Not applicable,No directional setup; confirmation score not applicable.,Standard CPR,Not applicable,Not applicable,Standard CPR; Wide CPR rules not applied,None,0,No active J-Curve setup.
PRUDENT,EQ,PRUDENT CORP ADV SER LTD,2990.8,3051.0,2974.1,3027.8,40124,121304915.4,20260616,3017.6333333333337,3012.55,3022.716666666667,3022.716666666667,3012.55,10.16666666666697,0.3357773520928387,Moderate,Bullish,Above CPR,Cash Only,Diversified,False,False,0.5,18,70489873.19999999,Higher,False,No setup,False,Neutral,0,Not applicable,No directional setup; confirmation score not applicable.,Standard CPR,Not applicable,Not applicable,Standard CPR; Wide CPR rules not applied,None,0,No active J-Curve setup.
NBCC,EQ,NBCC (INDIA) LIMITED,107.47,109.92,107.26,109.14,18417449,2005927906.44,20260616,108.77333333333333,108.59,108.95666666666664,108.95666666666664,108.59,0.3666666666666458,0.3359599291429777,Moderate,Bullish,Above CPR,Cash Only,Construction,False,False,0.3333333333333333,18,1966425579.715,Higher,False,No setup,True,Neutral,0,Not applicable,No directional setup; confirmation score not applicable.,Standard CPR,Not applicable,Not applicable,Standard CPR; Wide CPR rules not applied,None,0,No active J-Curve setup.
PAR,EQ,PAR DRUGS AND CHEM LTD,95.55,95.8,93.4,95.08,16394,1553735.37,20260616,94.76,94.6,94.92,94.92,94.6,0.3199999999999932,0.3365586874211119,Moderate,Bullish,Above CPR,Cash Only,Diversified,False,False,0.3888888888888889,18,608053.89,Overlapping,False,No setup,False,Neutral,0,Not applicable,No directional setup; confirmation score not applicable.,Standard CPR,Not applicable,Not applicable,Standard CPR; Wide CPR rules not applied,None,0,No active J-Curve setup.
BALRAMCHIN,EQ,BALRAMPUR CHINI MILLS LTD,552.45,560.0,552.45,559.05,292397,162845502.95,20260616,557.1666666666666,556.225,558.1083333333332,558.1083333333332,556.225,1.883333333333212,0.3368810183942782,Moderate,Bullish,Above CPR,Cash Only,Fast Moving Consumer Goods,False,False,0.5,18,289103060.575,Inside,False,No setup,True,Neutral,0,Not applicable,No directional setup; confirmation score not applicable.,Standard CPR,Not applicable,Not applicable,Standard CPR; Wide CPR rules not applied,None,0,No active J-Curve setup.
MODIRUBBER,EQ,MODI RUBBER LTD,125.45,126.88,125.1,126.63,1575,198634.15,20260616,126.20333333333332,125.99,126.41666666666669,126.41666666666669,125.99,0.4266666666666765,0.3369396404222353,Moderate,Bullish,Above CPR,Cash Only,Diversified,False,False,0.3888888888888889,18,289917.04000000004,Higher,False,No setup,False,Neutral,0,Not applicable,No directional setup; confirmation score not applicable.,Standard CPR,Not applicable,Not applicable,Standard CPR; Wide CPR rules not applied,None,0,No active J-Curve setup.
EMAMILTD,EQ,EMAMI LIMITED,396.8,401.0,395.25,400.15,181007,72257315.85,20260616,398.8,398.125,399.475,399.475,398.125,1.3500000000000227,0.337373484943152,Moderate,Bullish,Above CPR,Cash Only,Fast Moving Consumer Goods,False,False,0.4444444444444444,18,138652706.425,Inside,False,No setup,True,Neutral,0,Not applicable,No directional setup; confirmation score not applicable.,Standard CPR,Not applicable,Not applicable,Standard CPR; Wide CPR rules not applied,None,0,No active J-Curve setup.
KERNEX,EQ,KERNEX MICROSYS(I) LTD,2043.4,2074.1,2015.0,2055.0,178781,364359452.0,20260616,2048.0333333333333,2044.55,2051.5166666666664,2051.5166666666664,2044.55,6.96666666666647,0.3390105433900958,Moderate,Bullish,Above CPR,Cash Only,Diversified,False,False,0.2222222222222222,18,618403895.7,Higher,True,Long,False,Long,62,Mixed,CPR width: 0.3390% (12/20); Price location: Above CPR (20/20); Trend: unavailable (10/20); Participation: unavailable (10/20); Higher timeframe: unavailable (10/20),Standard CPR,Not applicable,Not applicable,Standard CPR; Wide CPR rules not applied,None,0,No active J-Curve setup.
AURUM,EQ,AURUM PROPTECH LIMITED,192.29,202.0,190.81,197.41,357276,70910791.22,20260616,196.74,196.405,197.075,197.075,196.405,0.6700000000000159,0.339395167418072,Moderate,Bullish,Above CPR,Cash Only,Diversified,False,False,0.5,18,16563419.330000002,Higher,False,No setup,False,Neutral,0,Not applicable,No directional setup; confirmation score not applicable.,Standard CPR,Not applicable,Not applicable,Standard CPR; Wide CPR rules not applied,None,0,No active J-Curve setup.
TATAELXSI,EQ,TATA ELXSI LIMITED,4089.9,4125.0,4071.0,4119.0,142275,584205194.3,20260616,4105.0,4098.0,4112.0,4112.0,4098.0,14.0,0.3398883224083515,Moderate,Bullish,Above CPR,Cash Only,Information Technology,False,False,0.5,18,836624552.5999999,Overlapping,False,No setup,True,Neutral,0,Not applicable,No directional setup; confirmation score not applicable.,Standard CPR,Not applicable,Not applicable,Standard CPR; Wide CPR rules not applied,None,0,No active J-Curve setup.
HARRMALAYA,EQ,HARRISON MALAYALAM LTD,213.99,215.0,207.61,212.39,16909,3592385.53,20260616,211.66666666666663,211.305,212.0283333333333,212.0283333333333,211.305,0.7233333333333007,0.34056845111978,Moderate,Bullish,Above CPR,Cash Only,Diversified,False,False,0.3888888888888889,18,2663560.665,Overlapping,False,No setup,False,Neutral,0,Not applicable,No directional setup; confirmation score not applicable.,Standard CPR,Not applicable,Not applicable,Standard CPR; Wide CPR rules not applied,None,0,No active J-Curve setup.
PREMCO,EQ,PREMCO GLOBAL LTD.,388.0,388.0,378.05,385.0,103,39244.5,20260616,383.6833333333333,383.025,384.3416666666667,384.3416666666667,383.025,1.3166666666667195,0.3419913419913558,Moderate,Bullish,Above CPR,Cash Only,Diversified,False,False,0.5,18,204879.475,Higher,False,No setup,False,Neutral,0,Not applicable,No directional setup; confirmation score not applicable.,Standard CPR,Not applicable,Not applicable,Standard CPR; Wide CPR rules not applied,None,0,No active J-Curve setup.
EMUDHRA,EQ,EMUDHRA LIMITED,460.0,465.0,455.65,462.7,66074,30423635.4,20260616,461.1166666666666,460.325,461.9083333333333,461.9083333333333,460.325,1.5833333333332575,0.3421943664000988,Moderate,Bullish,Above CPR,Cash Only,Diversified,False,False,0.5,18,24140493.475,Overlapping,False,No setup,False,Neutral,0,Not applicable,No directional setup; confirmation score not applicable.,Standard CPR,Not applicable,Not applicable,Standard CPR; Wide CPR rules not applied,None,0,No active J-Curve setup.
ESTER,EQ,ESTER INDUSTRIES LTD,90.5,91.9,89.52,91.18,38486,3493487.24,20260616,90.86666666666667,90.71,91.02333333333334,91.02333333333334,90.71,0.3133333333333326,0.3436426116838479,Moderate,Bullish,Above CPR,Cash Only,Diversified,False,False,0.2222222222222222,18,4607125.815,Overlapping,True,No setup,False,Neutral,0,Not applicable,No directional setup; confirmation score not applicable.,Standard CPR,Not applicable,Not applicable,Standard CPR; Wide CPR rules not applied,None,0,No active J-Curve setup.
TECHM,EQ,TECH MAHINDRA LIMITED,1435.1,1455.7,1422.9,1446.8,1987359,2860792763.7,20260616,1441.8000000000002,1439.3000000000002,1444.3000000000002,1444.3000000000002,1439.3000000000002,5.0,0.3455902681780481,Moderate,Bullish,Above CPR,Cash Only,Information Technology,False,False,0.3888888888888889,18,2957103206.3,Higher,False,No setup,True,Neutral,0,Not applicable,No directional setup; confirmation score not applicable.,Standard CPR,Not applicable,Not applicable,Standard CPR; Wide CPR rules not applied,None,0,No active J-Curve setup.
ADANIPORTS,EQ,ADANI PORT & SEZ LTD,1804.8,1828.0,1797.1,1822.0,2215994,4021193848.4,20260616,1815.7,1812.55,1818.85,1818.85,1812.55,6.300000000000182,0.3457738748627981,Moderate,Bullish,Above CPR,Cash Only,Services,False,False,0.4444444444444444,18,3826774793.2,Inside,False,No setup,True,Neutral,0,Not applicable,No directional setup; confirmation score not applicable.,Standard CPR,Not applicable,Not applicable,Standard CPR; Wide CPR rules not applied,None,0,No active J-Curve setup.
GREENLAM,EQ,GREENLAM INDUSTRIES LTD.,254.4,262.25,253.08,259.01,156827,40507897.67,20260616,258.11333333333334,257.665,258.56166666666667,258.56166666666667,257.665,0.896666666666647,0.3461899797948523,Moderate,Bullish,Above CPR,Cash Only,Diversified,False,False,0.3333333333333333,18,91545348.325,Overlapping,False,No setup,False,Neutral,0,Not applicable,No directional setup; confirmation score not applicable.,Standard CPR,Not applicable,Not applicable,Standard CPR; Wide CPR rules not applied,None,0,No active J-Curve setup.
DEVX,EQ,DEV ACCELERATOR LIMITED,36.55,36.8,35.9,36.54,276165,10032584.61,20260616,36.41333333333333,36.35,36.47666666666666,36.47666666666666,36.35,0.1266666666666651,0.3466520707899976,Moderate,Bullish,Above CPR,Cash Only,Diversified,False,False,0.2777777777777778,18,3041362.54,Lower,False,No setup,False,Neutral,0,Not applicable,No directional setup; confirmation score not applicable.,Standard CPR,Not applicable,Not applicable,Standard CPR; Wide CPR rules not applied,None,0,No active J-Curve setup.
COCHINSHIP,EQ,COCHIN SHIPYARD LIMITED,1414.9,1436.4,1411.9,1431.6,645762,921687627.0,20260616,1426.6333333333332,1424.15,1429.1166666666663,1429.1166666666663,1424.15,4.966666666666242,0.3469311725807658,Moderate,Bullish,Above CPR,Cash Only,Capital Goods,False,False,0.3888888888888889,18,1292927725.35,Inside,False,No setup,True,Neutral,0,Not applicable,No directional setup; confirmation score not applicable.,Standard CPR,Not applicable,Not applicable,Standard CPR; Wide CPR rules not applied,None,0,No active J-Curve setup.
ADVENTHTL,EQ,ADVENT HOTELS INTERNATI L,139.95,142.58,132.62,138.32,225302,30807772.23,20260616,137.84,137.60000000000002,138.07999999999998,138.07999999999998,137.60000000000002,0.4799999999999613,0.3470213996529506,Moderate,Bullish,Above CPR,Cash Only,Diversified,False,False,0.2222222222222222,18,21308445.77,Inside,True,No setup,False,Neutral,0,Not applicable,No directional setup; confirmation score not applicable.,Standard CPR,Not applicable,Not applicable,Standard CPR; Wide CPR rules not applied,None,0,No active J-Curve setup.
MOTILALOFS,EQ,MOTILAL OSWAL FIN LTD,948.95,949.3,929.3,944.25,986688,927558111.6,20260616,940.95,939.3,942.6,942.6,939.3,3.2999999999999545,0.3494837172358967,Moderate,Bullish,Above CPR,Cash Only,Financial Services,False,False,0.2222222222222222,18,728046565.7,Higher,True,Long,True,Long,62,Mixed,CPR width: 0.3495% (12/20); Price location: Above CPR (20/20); Trend: unavailable (10/20); Participation: unavailable (10/20); Higher timeframe: unavailable (10/20),Standard CPR,Not applicable,Not applicable,Standard CPR; Wide CPR rules not applied,None,0,No active J-Curve setup.
ROSSTECH,EQ,ROSSELL TECHSYS LIMITED,1006.5,1006.5,980.2,998.6,44514,44223133.9,20260616,995.1,993.35,996.85,996.85,993.35,3.5,0.3504906869617464,Moderate,Bullish,Above CPR,Cash Only,Information Technology,False,False,0.3333333333333333,18,94734507.2,Lower,False,No setup,False,Neutral,0,Not applicable,No directional setup; confirmation score not applicable.,Standard CPR,Not applicable,Not applicable,Standard CPR; Wide CPR rules not applied,None,0,No active J-Curve setup.
SRTL,EQ,SHREE RAM TWISTEX LIMITED,42.0,42.0,41.16,41.8,19434,808333.99,20260616,41.65333333333333,41.58,41.72666666666666,41.72666666666666,41.58,0.1466666666666611,0.350877192982443,Moderate,Bullish,Above CPR,Cash Only,Diversified,False,False,0.2777777777777778,18,1778922.175,Inside,False,No setup,False,Neutral,0,Not applicable,No directional setup; confirmation score not applicable.,Standard CPR,Not applicable,Not applicable,Standard CPR; Wide CPR rules not applied,None,0,No active J-Curve setup.
POLICYBZR,EQ,PB FINTECH LIMITED,1587.0,1605.3,1571.4,1596.8,1386132,2202208044.8,20260616,1591.1666666666667,1588.35,1593.9833333333336,1593.9833333333336,1588.35,5.633333333333667,0.3527889111556655,Moderate,Bullish,Above CPR,Cash Only,Financial Services,False,False,0.5,18,2461934469.9,Higher,False,No setup,True,Neutral,0,Not applicable,No directional setup; confirmation score not applicable.,Standard CPR,Not applicable,Not applicable,Standard CPR; Wide CPR rules not applied,None,0,No active J-Curve setup.
NKIND,EQ,NK INDUSTRIES LTD,64.0,64.2,63.52,64.2,14,892.36,20260616,63.973333333333336,63.86,64.08666666666667,64.08666666666667,63.86,0.2266666666666736,0.3530633437175602,Moderate,Bullish,Above CPR,Cash Only,Diversified,False,False,0.3333333333333333,18,14423.34,Lower,False,No setup,False,Neutral,0,Not applicable,No directional setup; confirmation score not applicable.,Standard CPR,Not applicable,Not applicable,Standard CPR; Wide CPR rules not applied,None,0,No active J-Curve setup.
AUTOAXLES,EQ,AUTOMOTIVE AXLES LIMITED,1738.9,1792.0,1738.9,1774.9,7121,12614948.6,20260616,1768.6,1765.45,1771.7500000000002,1771.7500000000002,1765.45,6.300000000000182,0.3549495746239327,Moderate,Bullish,Above CPR,Cash Only,Automobile & Ancillary,False,False,0.3333333333333333,18,12126753.8,Higher,False,No setup,False,Neutral,0,Not applicable,No directional setup; confirmation score not applicable.,Standard CPR,Not applicable,Not applicable,Standard CPR; Wide CPR rules not applied,None,0,No active J-Curve setup.
PARKHOTELS,EQ,PARKHOTELS,118.2,120.0,118.04,119.66,130586,15523344.05,20260616,119.23333333333336,119.02,119.44666666666669,119.44666666666669,119.02,0.4266666666666765,0.3565658253941806,Moderate,Bullish,Above CPR,Cash Only,Hotels & Tourism,False,False,0.2777777777777778,18,17988192.435,Overlapping,False,No setup,False,Neutral,0,Not applicable,No directional setup; confirmation score not applicable.,Standard CPR,Not applicable,Not applicable,Standard CPR; Wide CPR rules not applied,None,0,No active J-Curve setup.
BEARDSELL,EQ,BEARDSELL LIMITED,28.56,29.1,28.53,28.97,4773,137780.29,20260616,28.866666666666664,28.815,28.91833333333333,28.91833333333333,28.815,0.1033333333333246,0.3566908295938026,Moderate,Bullish,Above CPR,Cash Only,Diversified,False,False,0.2222222222222222,18,739610.26,Lower,True,No setup,False,Neutral,0,Not applicable,No directional setup; confirmation score not applicable.,Standard CPR,Not applicable,Not applicable,Standard CPR; Wide CPR rules not applied,None,0,No active J-Curve setup.
KMEW,EQ,KNOWLEDGE MARINE & EN W L,1980.0,2003.4,1952.3,1988.5,45613,90265449.5,20260616,1981.4,1977.85,1984.95,1984.95,1977.85,7.099999999999909,0.3570530550666285,Moderate,Bullish,Above CPR,Cash Only,Diversified,False,False,0.2222222222222222,18,190589753.95,Higher,True,Long,False,Long,62,Mixed,CPR width: 0.3571% (12/20); Price location: Above CPR (20/20); Trend: unavailable (10/20); Participation: unavailable (10/20); Higher timeframe: unavailable (10/20),Standard CPR,Not applicable,Not applicable,Standard CPR; Wide CPR rules not applied,None,0,No active J-Curve setup.
COALINDIA,EQ,COAL INDIA LTD,445.95,453.45,443.6,450.95,7262608,3266045358.45,20260616,449.3333333333333,448.525,450.14166666666665,450.14166666666665,448.525,1.6166666666666742,0.3585024208153174,Moderate,Bullish,Above CPR,Cash Only,Oil Gas & Consumable Fuels,False,False,0.3888888888888889,18,4623162983.1,Higher,False,No setup,True,Neutral,0,Not applicable,No directional setup; confirmation score not applicable.,Standard CPR,Not applicable,Not applicable,Standard CPR; Wide CPR rules not applied,None,0,No active J-Curve setup.
MAZDOCK,EQ,MAZAGON DOCK SHIPBUIL LTD,2442.5,2471.7,2436.4,2467.4,492024,1209542328.1,20260616,2458.5,2454.05,2462.95,2462.95,2454.05,8.899999999999636,0.3607035746129381,Moderate,Bullish,Above CPR,Cash Only,Capital Goods,False,False,0.4444444444444444,18,1547228508.3,Overlapping,False,No setup,True,Neutral,0,Not applicable,No directional setup; confirmation score not applicable.,Standard CPR,Not applicable,Not applicable,Standard CPR; Wide CPR rules not applied,None,0,No active J-Curve setup.
VIKRAN,EQ,VIKRAN ENGINEERING LTD,70.2,71.5,69.75,71.01,1590114,112235487.95,20260616,70.75333333333333,70.625,70.88166666666666,70.88166666666666,70.625,0.2566666666666606,0.3614514387644847,Moderate,Bullish,Above CPR,Cash Only,Diversified,False,False,0.1111111111111111,18,149151164.565,Inside,True,No setup,False,Neutral,0,Not applicable,No directional setup; confirmation score not applicable.,Standard CPR,Not applicable,Not applicable,Standard CPR; Wide CPR rules not applied,None,0,No active J-Curve setup.
STANLEY,EQ,STANLEY LIFESTYLES LTD,142.4,147.5,142.1,145.59,206339,29946164.0,20260616,145.06333333333336,144.8,145.3266666666667,145.3266666666667,144.8,0.5266666666666993,0.3617464569453254,Moderate,Bullish,Above CPR,Cash Only,Diversified,False,False,0.2777777777777778,18,32260358.815,Higher,False,No setup,False,Neutral,0,Not applicable,No directional setup; confirmation score not applicable.,Standard CPR,Not applicable,Not applicable,Standard CPR; Wide CPR rules not applied,None,0,No active J-Curve setup.
VINCOFE,EQ,VINTAGE COFFEE N BVRGS L,156.0,156.55,151.5,154.87,1514168,232223251.22,20260616,154.30666666666667,154.025,154.58833333333334,154.58833333333334,154.025,0.5633333333333326,0.363745937452917,Moderate,Bullish,Above CPR,Cash Only,Diversified,False,False,0.1666666666666666,18,249332773.165,Lower,True,No setup,False,Neutral,0,Not applicable,No directional setup; confirmation score not applicable.,Standard CPR,Not applicable,Not applicable,Standard CPR; Wide CPR rules not applied,None,0,No active J-Curve setup.
SRGHFL,EQ,SRG HOUSING FINANCE L,278.7,282.0,276.0,280.55,688,192710.65,20260616,279.51666666666665,279.0,280.0333333333333,280.0333333333333,279.0,1.033333333333303,0.3683241252301917,Moderate,Bullish,Above CPR,Cash Only,Diversified,False,False,0.4444444444444444,18,593149.3999999999,Higher,False,No setup,False,Neutral,0,Not applicable,No directional setup; confirmation score not applicable.,Standard CPR,Not applicable,Not applicable,Standard CPR; Wide CPR rules not applied,None,0,No active J-Curve setup.
ICICIPRULI,EQ,ICICI PRU LIFE INS CO LTD,486.95,492.5,482.75,490.35,1784016,874427386.4,20260616,488.5333333333333,487.625,489.4416666666666,489.4416666666666,487.625,1.816666666666606,0.3704836681281953,Moderate,Bullish,Above CPR,Cash Only,Financial Services,False,False,0.6666666666666666,18,667038393.2750001,Higher,False,No setup,True,Neutral,0,Not applicable,No directional setup; confirmation score not applicable.,Standard CPR,Not applicable,Not applicable,Standard CPR; Wide CPR rules not applied,None,0,No active J-Curve setup.
ASTRAZEN,EQ,ASTRAZENECA PHARMA IND LT,8450.0,8545.0,8366.0,8503.0,3733,31598782.5,20260616,8471.333333333334,8455.5,8487.166666666668,8487.166666666668,8455.5,31.66666666666788,0.372417578109701,Moderate,Bullish,Above CPR,Cash Only,Diversified,False,False,0.5555555555555556,18,55765750.0,Higher,False,No setup,False,Neutral,0,Not applicable,No directional setup; confirmation score not applicable.,Standard CPR,Not applicable,Not applicable,Standard CPR; Wide CPR rules not applied,None,0,No active J-Curve setup.
TITAN,EQ,TITAN COMPANY LIMITED,4298.1,4344.0,4283.5,4338.0,779706,3372168718.4,20260616,4321.833333333333,4313.75,4329.916666666666,4329.916666666666,4313.75,16.16666666666606,0.3726755801444458,Moderate,Bullish,Above CPR,Cash Only,Consumer Durables,False,False,0.5,18,3263957498.8,Higher,False,No setup,True,Neutral,0,Not applicable,No directional setup; confirmation score not applicable.,Standard CPR,Not applicable,Not applicable,Standard CPR; Wide CPR rules not applied,None,0,No active J-Curve setup.
FEDERALBNK,EQ,FEDERAL BANK LTD,317.55,321.1,316.5,320.6,8921387,2846279781.25,20260616,319.40000000000003,318.8,320.00000000000006,320.00000000000006,318.8,1.2000000000000457,0.3742981908920915,Moderate,Bullish,Above CPR,Cash Only,Financial Services,False,False,0.6666666666666666,18,2756485619.225,Higher,False,No setup,True,Neutral,0,Not applicable,No directional setup; confirmation score not applicable.,Standard CPR,Not applicable,Not applicable,Standard CPR; Wide CPR rules not applied,None,0,No active J-Curve setup.
BHAGERIA,EQ,BHAGERIA INDUSTRIES LTD,217.95,226.8,216.83,223.07,147811,32925061.35,20260616,222.23333333333332,221.815,222.6516666666667,222.6516666666667,221.815,0.8366666666667015,0.3750691113402526,Moderate,Bullish,Above CPR,Cash Only,Diversified,False,False,0.4444444444444444,18,9304095.015,Higher,False,No setup,False,Neutral,0,Not applicable,No directional setup; confirmation score not applicable.,Standard CPR,Not applicable,Not applicable,Standard CPR; Wide CPR rules not applied,None,0,No active J-Curve setup.
INNOVACAP,EQ,INNOVA CAPTAB LIMITED,957.45,972.45,945.05,964.2,109749,105584157.45,20260616,960.5666666666666,958.75,962.3833333333332,962.3833333333332,958.75,3.633333333333212,0.3768236188895677,Moderate,Bullish,Above CPR,Cash Only,Diversified,False,False,0.2222222222222222,18,33374241.7,Higher,True,Long,False,Long,62,Mixed,CPR width: 0.3768% (12/20); Price location: Above CPR (20/20); Trend: unavailable (10/20); Participation: unavailable (10/20); Higher timeframe: unavailable (10/20),Standard CPR,Not applicable,Not applicable,Standard CPR; Wide CPR rules not applied,None,0,No active J-Curve setup.
GANDHITUBE,EQ,GANDHI SPL. TUBES LTD,845.4,865.0,835.0,854.85,13884,11801909.5,20260616,851.6166666666667,850.0,853.2333333333333,853.2333333333333,850.0,3.2333333333333485,0.3782339981673215,Moderate,Bullish,Above CPR,Cash Only,Diversified,False,False,0.6666666666666666,18,6076083.35,Higher,False,No setup,False,Neutral,0,Not applicable,No directional setup; confirmation score not applicable.,Standard CPR,Not applicable,Not applicable,Standard CPR; Wide CPR rules not applied,None,0,No active J-Curve setup.
BALAJITELE,EQ,BALAJI TELEFILMS LIMITED.,85.44,85.63,82.76,84.68,464796,39271781.96,20260616,84.35666666666667,84.195,84.51833333333335,84.51833333333335,84.195,0.3233333333333519,0.3818296331286631,Moderate,Bullish,Above CPR,Cash Only,Diversified,False,False,0.2777777777777778,18,16432642.805,Lower,False,No setup,False,Neutral,0,Not applicable,No directional setup; confirmation score not applicable.,Standard CPR,Not applicable,Not applicable,Standard CPR; Wide CPR rules not applied,None,0,No active J-Curve setup.
SALONA,EQ,SALONA COTSPIN LTD.,268.0,275.0,260.1,269.1,231,62037.6,20260616,268.06666666666666,267.55,268.5833333333333,268.5833333333333,267.55,1.033333333333303,0.3839960361699379,Moderate,Bullish,Above CPR,Cash Only,Diversified,False,False,0.2777777777777778,18,126930.225,Higher,False,No setup,False,Neutral,0,Not applicable,No directional setup; confirmation score not applicable.,Standard CPR,Not applicable,Not applicable,Standard CPR; Wide CPR rules not applied,None,0,No active J-Curve setup.
GULFOILLUB,EQ,GULF OIL LUB. IND. LTD.,979.95,998.85,975.6,992.95,101442,100428849.05,20260616,989.1333333333332,987.225,991.0416666666666,991.0416666666666,987.225,3.816666666666606,0.3843765211407025,Moderate,Bullish,Above CPR,Cash Only,Energy & Oil/Gas,False,False,0.5555555555555556,18,72819835.80000001,Higher,False,No setup,False,Neutral,0,Not applicable,No directional setup; confirmation score not applicable.,Standard CPR,Not applicable,Not applicable,Standard CPR; Wide CPR rules not applied,None,0,No active J-Curve setup.
INTERARCH,EQ,INTERARCH BLDNG SOLTN LTD,1849.9,1880.0,1839.9,1870.8,37267,69370095.3,20260616,1863.5666666666664,1859.95,1867.1833333333327,1867.1833333333327,1859.95,7.233333333333121,0.3866438600242207,Moderate,Bullish,Above CPR,Cash Only,Diversified,False,False,0.1666666666666666,18,112235235.85,Higher,True,Long,False,Long,62,Mixed,CPR width: 0.3866% (12/20); Price location: Above CPR (20/20); Trend: unavailable (10/20); Participation: unavailable (10/20); Higher timeframe: unavailable (10/20),Standard CPR,Not applicable,Not applicable,Standard CPR; Wide CPR rules not applied,None,0,No active J-Curve setup.
DATAPATTNS,EQ,DATA PATTERNS INDIA LTD,4444.0,4522.0,4380.2,4477.3,860440,3840836353.4,20260616,4459.833333333333,4451.1,4468.566666666666,4468.566666666666,4451.1,17.466666666665333,0.3901160669748583,Moderate,Bullish,Above CPR,Cash Only,Capital Goods,False,False,0.2777777777777778,18,4129196290.4,Inside,False,No setup,True,Neutral,0,Not applicable,No directional setup; confirmation score not applicable.,Standard CPR,Not applicable,Not applicable,Standard CPR; Wide CPR rules not applied,None,0,No active J-Curve setup.
OSWALSEEDS,EQ,SHREEOSWAL S AND CHE LTD,11.0,11.15,10.92,11.1,10495,115674.62,20260616,11.056666666666668,11.035,11.078333333333331,11.078333333333331,11.035,0.043333333333333,0.3903903903903874,Moderate,Bullish,Above CPR,Cash Only,Diversified,False,False,0.5555555555555556,18,723665.19,Higher,False,No setup,False,Neutral,0,Not applicable,No directional setup; confirmation score not applicable.,Standard CPR,Not applicable,Not applicable,Standard CPR; Wide CPR rules not applied,None,0,No active J-Curve setup.
BAJAJHCARE,EQ,BAJAJ HEALTHCARE LIMITED,303.0,304.2,296.85,302.3,145979,43924400.55,20260616,301.1166666666666,300.525,301.70833333333326,301.70833333333326,300.525,1.1833333333332805,0.3914433785422693,Moderate,Bullish,Above CPR,Cash Only,Diversified,False,False,0.5,18,36974635.475,Overlapping,False,No setup,False,Neutral,0,Not applicable,No directional setup; confirmation score not applicable.,Standard CPR,Not applicable,Not applicable,Standard CPR; Wide CPR rules not applied,None,0,No active J-Curve setup.
MCX,EQ,MULTI COMMODITY EXCHANGE,2900.9,2903.9,2833.0,2885.4,2264594,6485667030.3,20260616,2874.1,2868.45,2879.75,2879.75,2868.45,11.300000000000182,0.3916268108407909,Moderate,Bullish,Above CPR,Cash Only,Financial Services,False,False,0.1666666666666666,18,10004190691.8,Inside,True,No setup,True,Neutral,0,Not applicable,No directional setup; confirmation score not applicable.,Standard CPR,Not applicable,Not applicable,Standard CPR; Wide CPR rules not applied,None,0,No active J-Curve setup.
DYCL,EQ,DYNAMIC CABLES LIMITED,322.2,329.0,320.15,326.5,181317,58870292.0,20260616,325.21666666666664,324.575,325.8583333333333,325.8583333333333,324.575,1.283333333333303,0.3930576824910575,Moderate,Bullish,Above CPR,Cash Only,Diversified,False,False,0.2777777777777778,18,63364850.4,Higher,False,No setup,False,Neutral,0,Not applicable,No directional setup; confirmation score not applicable.,Standard CPR,Not applicable,Not applicable,Standard CPR; Wide CPR rules not applied,None,0,No active J-Curve setup.
UCAL,EQ,UCAL LIMITED,99.1,102.76,99.1,101.53,8685,880237.03,20260616,101.13,100.93,101.32999999999998,101.32999999999998,100.93,0.3999999999999772,0.393972224958118,Moderate,Bullish,Above CPR,Cash Only,Diversified,False,False,0.5,18,1322557.495,Overlapping,False,No setup,False,Neutral,0,Not applicable,No directional setup; confirmation score not applicable.,Standard CPR,Not applicable,Not applicable,Standard CPR; Wide CPR rules not applied,None,0,No active J-Curve setup.
BELLACASA,EQ,BELLA CASA FASH AND RET L,237.94,240.0,235.65,239.24,10455,2487390.86,20260616,238.29666666666665,237.825,238.7683333333333,238.7683333333333,237.825,0.943333333333328,0.394304185476228,Moderate,Bullish,Above CPR,Cash Only,Diversified,False,False,0.2777777777777778,18,2062100.17,Overlapping,False,No setup,False,Neutral,0,Not applicable,No directional setup; confirmation score not applicable.,Standard CPR,Not applicable,Not applicable,Standard CPR; Wide CPR rules not applied,None,0,No active J-Curve setup.
DIGIDRIVE,EQ,DIGIDRIVE DISTRIBUTORS L,18.2,18.9,18.02,18.57,50758,940313.66,20260616,18.496666666666663,18.46,18.53333333333333,18.53333333333333,18.46,0.0733333333333305,0.394902171961931,Moderate,Bullish,Above CPR,Cash Only,Diversified,False,False,0.2777777777777778,18,767696.2949999999,Overlapping,False,No setup,False,Neutral,0,Not applicable,No directional setup; confirmation score not applicable.,Standard CPR,Not applicable,Not applicable,Standard CPR; Wide CPR rules not applied,None,0,No active J-Curve setup.
VALIANTORG,EQ,VALIANT ORGANICS LIMITED,283.8,288.35,282.15,286.95,30293,8660390.35,20260616,285.81666666666666,285.25,286.3833333333333,286.3833333333333,285.25,1.1333333333333258,0.394958471278385,Moderate,Bullish,Above CPR,Cash Only,Diversified,False,False,0.1111111111111111,18,12196663.425,Overlapping,True,No setup,False,Neutral,0,Not applicable,No directional setup; confirmation score not applicable.,Standard CPR,Not applicable,Not applicable,Standard CPR; Wide CPR rules not applied,None,0,No active J-Curve setup.
NUVAMA,EQ,NUVAMA WEALTH MANAGE LTD,1670.4,1675.5,1626.1,1660.7,398675,658209516.9,20260616,1654.1,1650.8,1657.4000000000003,1657.4000000000003,1650.8,6.600000000000364,0.3974227735292566,Moderate,Bullish,Above CPR,Cash Only,Financial Services,False,False,0.7222222222222222,18,699709915.3,Overlapping,False,No setup,True,Neutral,0,Not applicable,No directional setup; confirmation score not applicable.,Standard CPR,Not applicable,Not applicable,Standard CPR; Wide CPR rules not applied,None,0,No active J-Curve setup.
ADVENZYMES,EQ,ADVANCED ENZYME TECH LTD,367.2,369.9,362.8,368.55,96552,35416773.0,20260616,367.0833333333333,366.35,367.8166666666666,367.8166666666666,366.35,1.4666666666665833,0.3979559535114864,Moderate,Bullish,Above CPR,Cash Only,Diversified,False,False,0.3333333333333333,18,54235377.0,Lower,False,No setup,False,Neutral,0,Not applicable,No directional setup; confirmation score not applicable.,Standard CPR,Not applicable,Not applicable,Standard CPR; Wide CPR rules not applied,None,0,No active J-Curve setup.
COLPAL,EQ,COLGATE PALMOLIVE LTD.,2067.5,2103.7,2065.0,2096.9,711308,1481614098.5,20260616,2088.5333333333333,2084.35,2092.7166666666667,2092.7166666666667,2084.35,8.366666666666788,0.3990017009235913,Moderate,Bullish,Above CPR,Cash Only,Fast Moving Consumer Goods,False,False,0.5555555555555556,18,684086818.65,Inside,False,No setup,True,Neutral,0,Not applicable,No directional setup; confirmation score not applicable.,Standard CPR,Not applicable,Not applicable,Standard CPR; Wide CPR rules not applied,None,0,No active J-Curve setup.
CENTENKA,EQ,CENTURY ENKA LTD,498.5,504.0,491.0,500.5,29288,14586082.85,20260616,498.5,497.5,499.5,499.5,497.5,2.0,0.3996003996003996,Moderate,Bullish,Above CPR,Cash Only,Diversified,False,False,0.1111111111111111,18,21736759.475,Lower,True,No setup,False,Neutral,0,Not applicable,No directional setup; confirmation score not applicable.,Standard CPR,Not applicable,Not applicable,Standard CPR; Wide CPR rules not applied,None,0,No active J-Curve setup.
HDBFS,EQ,HDB FINANCIAL SERVICES L,697.5,721.2,689.35,709.55,1573957,1116839087.45,20260616,706.7000000000002,705.2750000000001,708.1250000000002,708.1250000000002,705.2750000000001,2.8500000000001364,0.4016630258614808,Moderate,Bullish,Above CPR,Cash Only,Financial Services,False,False,0.5,18,198415935.3,Higher,False,No setup,True,Neutral,0,Not applicable,No directional setup; confirmation score not applicable.,Standard CPR,Not applicable,Not applicable,Standard CPR; Wide CPR rules not applied,None,0,No active J-Curve setup.
MAYURUNIQ,EQ,MAYUR UNIQUOTERS LTD,808.25,837.95,800.0,823.95,226343,186068720.5,20260616,820.6333333333333,818.975,822.2916666666666,822.2916666666666,818.975,3.316666666666606,0.4025325161316349,Moderate,Bullish,Above CPR,Cash Only,Diversified,False,False,0.2222222222222222,18,189347821.05,Higher,True,Long,False,Long,62,Mixed,CPR width: 0.4025% (12/20); Price location: Above CPR (20/20); Trend: unavailable (10/20); Participation: unavailable (10/20); Higher timeframe: unavailable (10/20),Standard CPR,Not applicable,Not applicable,Standard CPR; Wide CPR rules not applied,None,0,No active J-Curve setup.
KNRCON,EQ,KNR CONSTRU LTD.,127.51,129.75,126.87,129.09,1026735,132170320.98,20260616,128.57000000000002,128.31,128.83000000000004,128.83000000000004,128.31,0.5200000000000387,0.4028197381672001,Moderate,Bullish,Above CPR,Cash Only,Infrastructure,False,False,0.5,18,164407791.715,Overlapping,False,No setup,False,Neutral,0,Not applicable,No directional setup; confirmation score not applicable.,Standard CPR,Not applicable,Not applicable,Standard CPR; Wide CPR rules not applied,None,0,No active J-Curve setup.
KELLTONTEC,EQ,KELLTON TECH SOL LTD,15.49,15.88,15.37,15.72,2937246,45756962.15,20260616,15.656666666666666,15.625,15.688333333333333,15.688333333333333,15.625,0.0633333333333325,0.4028837998303599,Moderate,Bullish,Above CPR,Cash Only,Diversified,False,False,0.3888888888888889,18,55010286.395,Inside,False,No setup,False,Neutral,0,Not applicable,No directional setup; confirmation score not applicable.,Standard CPR,Not applicable,Not applicable,Standard CPR; Wide CPR rules not applied,None,0,No active J-Curve setup.
KOTIC,EQ,KOTHARI INDUSTRIAL CORP L,167.01,171.99,166.01,170.03,10326,1751661.47,20260616,169.34333333333333,169.0,169.68666666666667,169.68666666666667,169.0,0.6866666666666674,0.4038503009272878,Moderate,Bullish,Above CPR,Cash Only,Diversified,False,False,0.3888888888888889,18,517647.44,Higher,False,No setup,False,Neutral,0,Not applicable,No directional setup; confirmation score not applicable.,Standard CPR,Not applicable,Not applicable,Standard CPR; Wide CPR rules not applied,None,0,No active J-Curve setup.
BAJAJFINSV,EQ,BAJAJ FINSERV LTD.,1755.0,1801.8,1751.1,1787.3,2043227,3646176680.7,20260616,1780.0666666666666,1776.4499999999998,1783.6833333333334,1783.6833333333334,1776.4499999999998,7.233333333333576,0.4047072865961829,Moderate,Bullish,Above CPR,Cash Only,Financial Services,False,False,0.6111111111111112,18,1121691402.6,Higher,False,No setup,True,Neutral,0,Not applicable,No directional setup; confirmation score not applicable.,Standard CPR,Not applicable,Not applicable,Standard CPR; Wide CPR rules not applied,None,0,No active J-Curve setup.
GOCOLORS,EQ,GO FASHION INDIA LTD,369.95,384.25,367.25,378.05,892716,338008310.95,20260616,376.51666666666665,375.75,377.2833333333333,377.2833333333333,375.75,1.533333333333303,0.4055900894943269,Moderate,Bullish,Above CPR,Cash Only,Diversified,False,False,0.1111111111111111,18,845411391.5,Higher,True,Long,False,Long,62,Mixed,CPR width: 0.4056% (12/20); Price location: Above CPR (20/20); Trend: unavailable (10/20); Participation: unavailable (10/20); Higher timeframe: unavailable (10/20),Standard CPR,Not applicable,Not applicable,Standard CPR; Wide CPR rules not applied,None,0,No active J-Curve setup.
AMDIND,EQ,AMD INDUSTRIES LIMITED,46.8,47.8,46.2,47.29,5768,271014.23,20260616,47.09666666666666,47.0,47.19333333333333,47.19333333333333,47.0,0.193333333333328,0.4088249806160457,Moderate,Bullish,Above CPR,Cash Only,Diversified,False,False,0.4444444444444444,18,488398.61,Inside,False,No setup,False,Neutral,0,Not applicable,No directional setup; confirmation score not applicable.,Standard CPR,Not applicable,Not applicable,Standard CPR; Wide CPR rules not applied,None,0,No active J-Curve setup.
ASKAUTOLTD,EQ,ASK AUTOMOTIVE LIMITED,452.0,459.0,447.8,456.2,86304,39224721.75,20260616,454.3333333333333,453.4,455.26666666666665,455.26666666666665,453.4,1.8666666666666745,0.4091772614350448,Moderate,Bullish,Above CPR,Cash Only,Automobile & Ancillary,False,False,0.4444444444444444,18,37818243.15,Higher,False,No setup,False,Neutral,0,Not applicable,No directional setup; confirmation score not applicable.,Standard CPR,Not applicable,Not applicable,Standard CPR; Wide CPR rules not applied,None,0,No active J-Curve setup.
JAYKAY,EQ,JAYKAY ENTERPRISES LTD,170.84,174.49,168.12,172.37,130586,22456354.46,20260616,171.66,171.305,172.015,172.015,171.305,0.7099999999999795,0.4119046237744268,Moderate,Bullish,Above CPR,Cash Only,Diversified,False,False,0.2777777777777778,18,46447603.37,Overlapping,False,No setup,False,Neutral,0,Not applicable,No directional setup; confirmation score not applicable.,Standard CPR,Not applicable,Not applicable,Standard CPR; Wide CPR rules not applied,None,0,No active J-Curve setup.
ALOKINDS,EQ,ALOK INDUSTRIES LIMITED,12.63,13.1,12.62,12.94,7788467,100840415.19,20260616,12.886666666666663,12.86,12.91333333333333,12.91333333333333,12.86,0.053333333333331,0.4121586810922025,Moderate,Bullish,Above CPR,Cash Only,Diversified,False,False,0.6111111111111112,18,106756304.445,Higher,False,No setup,False,Neutral,0,Not applicable,No directional setup; confirmation score not applicable.,Standard CPR,Not applicable,Not applicable,Standard CPR; Wide CPR rules not applied,None,0,No active J-Curve setup.
QUESS,EQ,QUESS CORP LIMITED,245.0,252.9,243.6,249.81,847281,211494321.47,20260616,248.77,248.25,249.29,249.29,248.25,1.0399999999999636,0.4163164004643383,Moderate,Bullish,Above CPR,Cash Only,Diversified,False,False,0.5,18,86942965.215,Higher,False,No setup,False,Neutral,0,Not applicable,No directional setup; confirmation score not applicable.,Standard CPR,Not applicable,Not applicable,Standard CPR; Wide CPR rules not applied,None,0,No active J-Curve setup.
BBOX,EQ,BLACK BOX LIMITED,1009.6,1020.6,1000.1,1016.7,255839,258865274.1,20260616,1012.4666666666668,1010.35,1014.5833333333334,1014.5833333333334,1010.35,4.2333333333333485,0.4163797908265317,Moderate,Bullish,Above CPR,Cash Only,Diversified,False,False,0.2222222222222222,18,832126198.45,Lower,True,No setup,False,Neutral,0,Not applicable,No directional setup; confirmation score not applicable.,Standard CPR,Not applicable,Not applicable,Standard CPR; Wide CPR rules not applied,None,0,No active J-Curve setup.
ITC,EQ,ITC LTD,288.15,292.15,287.5,291.65,14467499,4205946480.9,20260616,290.43333333333334,289.825,291.0416666666667,291.0416666666667,289.825,1.216666666666697,0.4171666952397384,Moderate,Bullish,Above CPR,Cash Only,Fast Moving Consumer Goods,False,False,0.6666666666666666,18,5647228844.95,Higher,False,No setup,True,Neutral,0,Not applicable,No directional setup; confirmation score not applicable.,Standard CPR,Not applicable,Not applicable,Standard CPR; Wide CPR rules not applied,None,0,No active J-Curve setup.
AMAGI,EQ,AMAGI MEDIA LABS LIMITED,426.95,438.0,426.95,435.2,75407,32737229.35,20260616,433.3833333333334,432.475,434.29166666666674,434.29166666666674,432.475,1.81666666666672,0.4174325980392279,Moderate,Bullish,Above CPR,Cash Only,Diversified,False,False,0.3888888888888889,18,47896410.25,Overlapping,False,No setup,False,Neutral,0,Not applicable,No directional setup; confirmation score not applicable.,Standard CPR,Not applicable,Not applicable,Standard CPR; Wide CPR rules not applied,None,0,No active J-Curve setup.
MAXIND,EQ,MAX INDIA LIMITED,159.05,161.4,157.6,160.51,18476,2954627.74,20260616,159.83666666666667,159.5,160.17333333333335,160.17333333333335,159.5,0.6733333333333462,0.4194961892301703,Moderate,Bullish,Above CPR,Cash Only,Diversified,False,False,0.2222222222222222,18,6489794.46,Inside,True,No setup,False,Neutral,0,Not applicable,No directional setup; confirmation score not applicable.,Standard CPR,Not applicable,Not applicable,Standard CPR; Wide CPR rules not applied,None,0,No active J-Curve setup.
DCXINDIA,EQ,DCX SYSTEMS LIMITED,186.4,188.99,185.1,188.23,546172,102147998.36,20260616,187.44000000000003,187.045,187.83500000000004,187.83500000000004,187.045,0.7900000000000205,0.4196993040429371,Moderate,Bullish,Above CPR,Cash Only,Diversified,False,False,0.2222222222222222,18,196486090.095,Inside,True,No setup,False,Neutral,0,Not applicable,No directional setup; confirmation score not applicable.,Standard CPR,Not applicable,Not applicable,Standard CPR; Wide CPR rules not applied,None,0,No active J-Curve setup.
BPL,EQ,BPL LTD,52.4,54.78,52.4,53.93,61426,3302914.57,20260616,53.70333333333334,53.59,53.81666666666668,53.81666666666668,53.59,0.2266666666666736,0.4202979170529829,Moderate,Bullish,Above CPR,Cash Only,Diversified,False,False,0.5,18,2141518.895,Higher,False,No setup,False,Neutral,0,Not applicable,No directional setup; confirmation score not applicable.,Standard CPR,Not applicable,Not applicable,Standard CPR; Wide CPR rules not applied,None,0,No active J-Curve setup.
ABCAPITAL,EQ,ADITYA BIRLA CAPITAL LTD.,368.0,375.95,366.9,373.8,3343325,1245833450.55,20260616,372.2166666666666,371.425,373.0083333333333,373.0083333333333,371.425,1.5833333333333712,0.4235776707686921,Moderate,Bullish,Above CPR,Cash Only,Financial Services,False,False,0.4444444444444444,18,1049776787.6,Higher,False,No setup,True,Neutral,0,Not applicable,No directional setup; confirmation score not applicable.,Standard CPR,Not applicable,Not applicable,Standard CPR; Wide CPR rules not applied,None,0,No active J-Curve setup.
KHADIM,EQ,KHADIM INDIA LIMITED,106.57,109.0,105.25,107.81,49029,5246337.13,20260616,107.35333333333334,107.125,107.58166666666668,107.58166666666668,107.125,0.4566666666666776,0.4235847014810107,Moderate,Bullish,Above CPR,Cash Only,Diversified,False,False,0.2777777777777778,18,6797819.27,Overlapping,False,No setup,False,Neutral,0,Not applicable,No directional setup; confirmation score not applicable.,Standard CPR,Not applicable,Not applicable,Standard CPR; Wide CPR rules not applied,None,0,No active J-Curve setup.
BUILDPRO,EQ,SHANKARA BUILDPRO LIMITED,991.1,1026.0,991.1,1015.0,48439,49306949.9,20260616,1010.7,1008.55,1012.85,1012.85,1008.55,4.2999999999999545,0.4236453201970398,Moderate,Bullish,Above CPR,Cash Only,Real Estate & Infra,False,False,0.3888888888888889,18,43870121.5,Overlapping,False,No setup,False,Neutral,0,Not applicable,No directional setup; confirmation score not applicable.,Standard CPR,Not applicable,Not applicable,Standard CPR; Wide CPR rules not applied,None,0,No active J-Curve setup.
BAJAJHLDNG,EQ,BAJAJ HOLDINGS & INVS LTD,10350.0,10500.0,10295.0,10464.0,32359,337156172.0,20260616,10419.666666666666,10397.5,10441.833333333332,10441.833333333332,10397.5,44.33333333333212,0.4236748216105898,Moderate,Bullish,Above CPR,Cash Only,Financial Services,False,False,0.5555555555555556,18,345762050.5,Overlapping,False,No setup,True,Neutral,0,Not applicable,No directional setup; confirmation score not applicable.,Standard CPR,Not applicable,Not applicable,Standard CPR; Wide CPR rules not applied,None,0,No active J-Curve setup.
URAVIDEF,EQ,URAVI DEFENCE &TECH LTD,113.8,115.0,110.0,113.22,8037,908412.83,20260616,112.74,112.5,112.98000000000002,112.98000000000002,112.5,0.4800000000000182,0.4239533651298517,Moderate,Bullish,Above CPR,Cash Only,Diversified,False,False,0.3888888888888889,18,945286.6,Lower,False,No setup,False,Neutral,0,Not applicable,No directional setup; confirmation score not applicable.,Standard CPR,Not applicable,Not applicable,Standard CPR; Wide CPR rules not applied,None,0,No active J-Curve setup.
SHALPAINTS,EQ,SHALIM PAINTS LTD,52.9,53.5,52.06,53.12,24916,1320258.53,20260616,52.89333333333334,52.78,53.00666666666668,53.00666666666668,52.78,0.2266666666666736,0.4267068273092501,Moderate,Bullish,Above CPR,Cash Only,Diversified,False,False,0.3888888888888889,18,1454616.795,Overlapping,False,No setup,False,Neutral,0,Not applicable,No directional setup; confirmation score not applicable.,Standard CPR,Not applicable,Not applicable,Standard CPR; Wide CPR rules not applied,None,0,No active J-Curve setup.
PICCADIL,EQ,PICCADILY AGRO INDUSTRI L,578.25,580.0,568.55,578.0,147245,84406892.95,20260616,575.5166666666667,574.275,576.7583333333333,576.7583333333333,574.275,2.4833333333333485,0.4296424452133821,Moderate,Bullish,Above CPR,Cash Only,Diversified,False,False,0.6666666666666666,18,58273292.925,Lower,False,No setup,False,Neutral,0,Not applicable,No directional setup; confirmation score not applicable.,Standard CPR,Not applicable,Not applicable,Standard CPR; Wide CPR rules not applied,None,0,No active J-Curve setup.
CHOLAHLDNG,EQ,CHOLAMANDALAM FIN HOL LTD,1567.2,1593.8,1549.2,1581.7,196039,307936890.9,20260616,1574.9,1571.5,1578.2999999999995,1578.2999999999995,1571.5,6.799999999999727,0.4299171777201572,Moderate,Bullish,Above CPR,Cash Only,Financial Services,False,False,0.5555555555555556,18,228006629.4,Higher,False,No setup,True,Neutral,0,Not applicable,No directional setup; confirmation score not applicable.,Standard CPR,Not applicable,Not applicable,Standard CPR; Wide CPR rules not applied,None,0,No active J-Curve setup.
JAYAGROGN,EQ,JAYANT AGRO ORGANICS LTD,220.8,226.0,220.52,224.71,9191,2058717.96,20260616,223.7433333333333,223.26,224.2266666666667,224.2266666666667,223.26,0.966666666666697,0.4301840891222896,Moderate,Bullish,Above CPR,Cash Only,Chemicals & Fertilizers,False,False,0.1666666666666666,18,2205640.3200000003,Higher,True,Long,False,Long,62,Mixed,CPR width: 0.4302% (12/20); Price location: Above CPR (20/20); Trend: unavailable (10/20); Participation: unavailable (10/20); Higher timeframe: unavailable (10/20),Standard CPR,Not applicable,Not applicable,Standard CPR; Wide CPR rules not applied,None,0,No active J-Curve setup.
TCS,EQ,TATA CONSULTANCY SERV LT,2167.0,2209.0,2160.6,2199.0,3079898,6744889594.1,20260616,2189.5333333333333,2184.8,2194.2666666666664,2194.2666666666664,2184.8,9.466666666666242,0.4304987115355272,Moderate,Bullish,Above CPR,Cash Only,Information Technology,False,False,0.7222222222222222,18,7941723756.6,Higher,False,No setup,True,Neutral,0,Not applicable,No directional setup; confirmation score not applicable.,Standard CPR,Not applicable,Not applicable,Standard CPR; Wide CPR rules not applied,None,0,No active J-Curve setup.
TIIL,EQ,TECHNOCRAFT IND LTD,2540.3,2575.0,2502.0,2555.0,18343,46734414.4,20260616,2544.0,2538.5,2549.5,2549.5,2538.5,11.0,0.4305283757338552,Moderate,Bullish,Above CPR,Cash Only,Diversified,False,False,0.5555555555555556,18,19568769.15,Overlapping,False,No setup,False,Neutral,0,Not applicable,No directional setup; confirmation score not applicable.,Standard CPR,Not applicable,Not applicable,Standard CPR; Wide CPR rules not applied,None,0,No active J-Curve setup.
LOTUSEYE,EQ,LOTUS EYE HOSP & INST L,140.39,140.9,137.05,139.88,37979,5266252.15,20260616,139.27666666666667,138.97500000000002,139.57833333333332,139.57833333333332,138.97500000000002,0.6033333333332962,0.4313220855971519,Moderate,Bullish,Above CPR,Cash Only,Diversified,False,False,0.5555555555555556,18,955418.325,Overlapping,False,No setup,False,Neutral,0,Not applicable,No directional setup; confirmation score not applicable.,Standard CPR,Not applicable,Not applicable,Standard CPR; Wide CPR rules not applied,None,0,No active J-Curve setup.
AJANTPHARM,EQ,AJANTA PHARMA LIMITED,3054.4,3091.0,3028.5,3079.7,109817,335991554.8,20260616,3066.4,3059.75,3073.05,3073.05,3059.75,13.300000000000182,0.4318602461278755,Moderate,Bullish,Above CPR,Cash Only,Healthcare,False,False,0.3888888888888889,18,332265906.0,Overlapping,False,No setup,True,Neutral,0,Not applicable,No directional setup; confirmation score not applicable.,Standard CPR,Not applicable,Not applicable,Standard CPR; Wide CPR rules not applied,None,0,No active J-Curve setup.
PATELRMART,EQ,PATEL RETAIL LIMITED,218.83,228.69,215.42,223.51,221001,49490180.9,20260616,222.54,222.055,223.025,223.025,222.055,0.9699999999999704,0.433985056597007,Moderate,Bullish,Above CPR,Cash Only,Consumer & Retail,False,False,0.5,18,23219216.345,Higher,False,No setup,False,Neutral,0,Not applicable,No directional setup; confirmation score not applicable.,Standard CPR,Not applicable,Not applicable,Standard CPR; Wide CPR rules not applied,None,0,No active J-Curve setup.
GVT&D,EQ,GE VERNOVA T&D INDIA LTD,4840.0,4900.0,4781.5,4872.5,467011,2261412572.5,20260616,4851.333333333333,4840.75,4861.916666666666,4861.916666666666,4840.75,21.16666666666606,0.4344108089618483,Moderate,Bullish,Above CPR,Cash Only,Capital Goods,False,False,0.2777777777777778,18,4684204890.5,Inside,False,No setup,True,Neutral,0,Not applicable,No directional setup; confirmation score not applicable.,Standard CPR,Not applicable,Not applicable,Standard CPR; Wide CPR rules not applied,None,0,No active J-Curve setup.
SAMHI,EQ,SAMHI HOTELS LIMITED,171.98,171.98,166.55,170.38,622060,105367244.61,20260616,169.63666666666666,169.265,170.00833333333333,170.00833333333333,169.265,0.7433333333333394,0.436279688539347,Moderate,Bullish,Above CPR,Cash Only,Diversified,False,False,0.5555555555555556,18,122398091.295,Higher,False,No setup,False,Neutral,0,Not applicable,No directional setup; confirmation score not applicable.,Standard CPR,Not applicable,Not applicable,Standard CPR; Wide CPR rules not applied,None,0,No active J-Curve setup.
HMAAGRO,EQ,HMA AGRO INDUSTRIES LTD,23.04,23.04,22.5,22.92,232830,5308339.27,20260616,22.820000000000004,22.77,22.870000000000008,22.870000000000008,22.77,0.1000000000000085,0.436300174520107,Moderate,Bullish,Above CPR,Cash Only,Chemicals & Fertilizers,False,False,0.5555555555555556,18,4955258.9,Lower,False,No setup,False,Neutral,0,Not applicable,No directional setup; confirmation score not applicable.,Standard CPR,Not applicable,Not applicable,Standard CPR; Wide CPR rules not applied,None,0,No active J-Curve setup.
GANGESSECU,EQ,GANGES SECURITIES LIMITED,123.41,126.9,122.0,125.27,1640,205474.37,20260616,124.72333333333334,124.45,124.99666666666668,124.99666666666668,124.45,0.5466666666666811,0.4363907293579317,Moderate,Bullish,Above CPR,Cash Only,Diversified,False,False,0.3888888888888889,18,111491.365,Inside,False,No setup,False,Neutral,0,Not applicable,No directional setup; confirmation score not applicable.,Standard CPR,Not applicable,Not applicable,Standard CPR; Wide CPR rules not applied,None,0,No active J-Curve setup.
TRUALT,EQ,TRUALT BIOENERGY LIMITED,500.0,502.35,480.45,494.65,367174,181257049.2,20260616,492.4833333333333,491.4,493.5666666666666,493.5666666666666,491.4,2.1666666666666288,0.438020148926843,Moderate,Bullish,Above CPR,Cash Only,Diversified,False,False,0.3333333333333333,18,292660912.42499995,Lower,False,No setup,False,Neutral,0,Not applicable,No directional setup; confirmation score not applicable.,Standard CPR,Not applicable,Not applicable,Standard CPR; Wide CPR rules not applied,None,0,No active J-Curve setup.
LLOYDSME,EQ,LLOYDS METALS N ENERGY L,1761.0,1775.1,1731.7,1765.0,363359,638085318.7,20260616,1757.2666666666669,1753.4,1761.1333333333332,1761.1333333333332,1753.4,7.733333333333121,0.4381491973559842,Moderate,Bullish,Above CPR,Cash Only,Metals & Mining,False,False,0.5,18,824669180.5,Lower,False,No setup,True,Neutral,0,Not applicable,No directional setup; confirmation score not applicable.,Standard CPR,Not applicable,Not applicable,Standard CPR; Wide CPR rules not applied,None,0,No active J-Curve setup.
ORKLAINDIA,EQ,ORKLA INDIA LIMITED,628.95,633.0,621.15,631.25,38182,23949891.95,20260616,628.4666666666667,627.075,629.8583333333333,629.8583333333333,627.075,2.783333333333303,0.4409240924092361,Moderate,Bullish,Above CPR,Cash Only,Diversified,False,False,0.7222222222222222,18,19865363.875,Higher,False,No setup,False,Neutral,0,Not applicable,No directional setup; confirmation score not applicable.,Standard CPR,Not applicable,Not applicable,Standard CPR; Wide CPR rules not applied,None,0,No active J-Curve setup.
PATELENG,EQ,PATEL ENGINEERING LTD.,28.74,29.0,28.0,28.69,14681432,420327541.93,20260616,28.563333333333333,28.5,28.626666666666665,28.626666666666665,28.5,0.1266666666666651,0.4415011037527541,Moderate,Bullish,Above CPR,Cash Only,Diversified,False,False,0.2777777777777778,18,83830173.47999999,Higher,False,No setup,False,Neutral,0,Not applicable,No directional setup; confirmation score not applicable.,Standard CPR,Not applicable,Not applicable,Standard CPR; Wide CPR rules not applied,None,0,No active J-Curve setup.
SHAREINDIA,EQ,SHARE IND. SECURITIES LTD,138.0,140.22,132.82,137.44,617625,84406365.51,20260616,136.82666666666665,136.51999999999998,137.13333333333333,137.13333333333333,136.51999999999998,0.6133333333333439,0.4462553356616297,Moderate,Bullish,Above CPR,Cash Only,Diversified,False,False,0.2222222222222222,18,54025701.73,Lower,True,No setup,False,Neutral,0,Not applicable,No directional setup; confirmation score not applicable.,Standard CPR,Not applicable,Not applicable,Standard CPR; Wide CPR rules not applied,None,0,No active J-Curve setup.
RELIANCE,EQ,RELIANCE INDUSTRIES LTD,1313.4,1333.4,1306.4,1328.8,18513223,24561659086.4,20260616,1322.8666666666668,1319.9,1325.8333333333337,1325.8333333333337,1319.9,5.933333333333394,0.4465181617499544,Moderate,Bullish,Above CPR,Cash Only,Oil Gas & Consumable Fuels,False,False,0.8333333333333334,18,23115108220.85,Higher,False,No setup,True,Neutral,0,Not applicable,No directional setup; confirmation score not applicable.,Standard CPR,Not applicable,Not applicable,Standard CPR; Wide CPR rules not applied,None,0,No active J-Curve setup.
MAMATA,EQ,MAMATA MACHINERY LIMITED,361.0,372.95,361.0,369.45,52152,19152962.9,20260616,367.8,366.975,368.625,368.625,366.975,1.6499999999999773,0.446609825416153,Moderate,Bullish,Above CPR,Cash Only,Diversified,False,False,0.4444444444444444,18,22383350.625,Overlapping,False,No setup,False,Neutral,0,Not applicable,No directional setup; confirmation score not applicable.,Standard CPR,Not applicable,Not applicable,Standard CPR; Wide CPR rules not applied,None,0,No active J-Curve setup.
WANBURY,EQ,WANBURY LIMITED,270.05,272.0,261.4,268.5,42297,11281945.1,20260616,267.3,266.7,267.90000000000003,267.90000000000003,266.7,1.2000000000000457,0.4469273743016929,Moderate,Bullish,Above CPR,Cash Only,Diversified,False,False,0.1666666666666666,12,28778765.7,Lower,True,No setup,False,Neutral,0,Not applicable,No directional setup; confirmation score not applicable.,Standard CPR,Not applicable,Not applicable,Standard CPR; Wide CPR rules not applied,None,0,No active J-Curve setup.
SOBHA,EQ,SOBHA LIMITED,1374.7,1407.0,1368.1,1397.0,80968,112615498.6,20260616,1390.7,1387.55,1393.85,1393.85,1387.55,6.300000000000182,0.4509663564781805,Moderate,Bullish,Above CPR,Cash Only,Realty,False,False,0.5555555555555556,18,108963257.3,Higher,False,No setup,True,Neutral,0,Not applicable,No directional setup; confirmation score not applicable.,Standard CPR,Not applicable,Not applicable,Standard CPR; Wide CPR rules not applied,None,0,No active J-Curve setup.
LGHL,EQ,LAXMI GOLDORNA HOUSE LTD,233.0,233.1,226.05,231.14,22500,5185437.75,20260616,230.09666666666664,229.575,230.6183333333333,230.6183333333333,229.575,1.0433333333333508,0.4513858844567581,Moderate,Bullish,Above CPR,Cash Only,Diversified,False,False,0.4444444444444444,18,5509331.5,Outside,False,No setup,False,Neutral,0,Not applicable,No directional setup; confirmation score not applicable.,Standard CPR,Not applicable,Not applicable,Standard CPR; Wide CPR rules not applied,None,0,No active J-Curve setup.
TENNIND,EQ,TENNECO CLEAN AIR INDIA L,559.8,567.9,551.35,563.45,827434,463074482.3,20260616,560.9,559.625,562.175,562.175,559.625,2.5499999999999545,0.4525689945869117,Moderate,Bullish,Above CPR,Cash Only,Automobile and Auto Components,False,False,0.4444444444444444,18,291834080.225,Inside,False,No setup,True,Neutral,0,Not applicable,No directional setup; confirmation score not applicable.,Standard CPR,Not applicable,Not applicable,Standard CPR; Wide CPR rules not applied,None,0,No active J-Curve setup.
GLOBUSSPR,EQ,GLOBUS SPIRITS LTD,860.15,867.7,847.05,863.25,60930,52185121.7,20260616,859.3333333333334,857.375,861.2916666666667,861.2916666666667,857.375,3.9166666666667433,0.4537117482382556,Moderate,Bullish,Above CPR,Cash Only,Diversified,False,False,0.6666666666666666,18,57393634.925,Lower,False,No setup,False,Neutral,0,Not applicable,No directional setup; confirmation score not applicable.,Standard CPR,Not applicable,Not applicable,Standard CPR; Wide CPR rules not applied,None,0,No active J-Curve setup.
EPACK,EQ,EPACK DURABLE LIMITED,231.0,232.56,226.62,231.17,420071,96514285.46,20260616,230.11666666666667,229.59,230.64333333333332,230.64333333333332,229.59,1.0533333333333417,0.4556531268474896,Moderate,Bullish,Above CPR,Cash Only,Paper & Packaging,False,False,0.5,18,147921822.08499998,Lower,False,No setup,False,Neutral,0,Not applicable,No directional setup; confirmation score not applicable.,Standard CPR,Not applicable,Not applicable,Standard CPR; Wide CPR rules not applied,None,0,No active J-Curve setup.
EXICOM,EQ,EXICOM TELE SYSTEMS LTD,164.0,172.4,161.1,167.9,38709037,6474683773.06,20260616,167.13333333333333,166.75,167.51666666666665,167.51666666666665,166.75,0.7666666666666515,0.456621004566201,Moderate,Bullish,Above CPR,Cash Only,Diversified,False,False,0.2222222222222222,18,1190263901.0900002,Higher,True,Long,False,Long,62,Mixed,CPR width: 0.4566% (12/20); Price location: Above CPR (20/20); Trend: unavailable (10/20); Participation: unavailable (10/20); Higher timeframe: unavailable (10/20),Standard CPR,Not applicable,Not applicable,Standard CPR; Wide CPR rules not applied,None,0,No active J-Curve setup.
HLVLTD,EQ,HLV LIMITED,8.07,8.18,7.75,8.02,288246,2297219.14,20260616,7.983333333333333,7.965,8.001666666666667,8.001666666666667,7.965,0.036666666666667,0.457190357439739,Moderate,Bullish,Above CPR,Cash Only,Diversified,False,False,0.4444444444444444,18,1204866.19,Lower,False,No setup,False,Neutral,0,Not applicable,No directional setup; confirmation score not applicable.,Standard CPR,Not applicable,Not applicable,Standard CPR; Wide CPR rules not applied,None,0,No active J-Curve setup.
ROUTE,EQ,ROUTE MOBILE LIMITED,530.0,549.5,526.85,541.9,360055,195626731.2,20260616,539.4166666666666,538.175,540.6583333333333,540.6583333333333,538.175,2.4833333333333485,0.4582641323737495,Moderate,Bullish,Above CPR,Cash Only,Diversified,False,False,0.5555555555555556,18,52249779.3,Higher,False,No setup,False,Neutral,0,Not applicable,No directional setup; confirmation score not applicable.,Standard CPR,Not applicable,Not applicable,Standard CPR; Wide CPR rules not applied,None,0,No active J-Curve setup.
TIMETECHNO,EQ,TIME TECHNOPLAST LTD.,178.3,180.22,175.0,178.84,3554899,634030137.87,20260616,178.02,177.61,178.43,178.43,177.61,0.8199999999999932,0.4585104003578579,Moderate,Bullish,Above CPR,Cash Only,Information Technology,False,False,0.6111111111111112,18,449932148.125,Higher,False,No setup,False,Neutral,0,Not applicable,No directional setup; confirmation score not applicable.,Standard CPR,Not applicable,Not applicable,Standard CPR; Wide CPR rules not applied,None,0,No active J-Curve setup.
SGL,EQ,STL GLOBAL LIMITED,10.94,11.1,10.51,10.88,18434,200113.0,20260616,10.83,10.805,10.855,10.855,10.805,0.0500000000000007,0.4595588235294183,Moderate,Bullish,Above CPR,Cash Only,Diversified,False,False,0.1111111111111111,18,189758.575,Inside,True,No setup,False,Neutral,0,Not applicable,No directional setup; confirmation score not applicable.,Standard CPR,Not applicable,Not applicable,Standard CPR; Wide CPR rules not applied,None,0,No active J-Curve setup.
OMNI,EQ,OMNITECH ENGINEERING LTD,489.8,496.7,478.0,490.75,268046,130452692.75,20260616,488.48333333333335,487.35,489.6166666666667,489.6166666666667,487.35,2.2666666666666515,0.4618780777721143,Moderate,Bullish,Above CPR,Cash Only,Diversified,False,False,0.3333333333333333,18,286954449.75,Overlapping,False,No setup,False,Neutral,0,Not applicable,No directional setup; confirmation score not applicable.,Standard CPR,Not applicable,Not applicable,Standard CPR; Wide CPR rules not applied,None,0,No active J-Curve setup.
HINDUNILVR,EQ,HINDUSTAN UNILEVER LTD.,2161.0,2209.0,2160.1,2199.9,1337309,2933275731.6,20260616,2189.6666666666665,2184.55,2194.783333333333,2194.783333333333,2184.55,10.233333333332666,0.465172659363274,Moderate,Bullish,Above CPR,Cash Only,Fast Moving Consumer Goods,False,False,0.7222222222222222,18,3172020269.45,Higher,False,No setup,True,Neutral,0,Not applicable,No directional setup; confirmation score not applicable.,Standard CPR,Not applicable,Not applicable,Standard CPR; Wide CPR rules not applied,None,0,No active J-Curve setup.
GALLANTT,EQ,GALLANTT ISPAT LIMITED,677.0,682.0,667.0,679.25,95459,64443208.05,20260616,676.0833333333334,674.5,677.6666666666667,677.6666666666667,674.5,3.1666666666667425,0.4662004662004774,Moderate,Bullish,Above CPR,Cash Only,Capital Goods,False,False,0.4444444444444444,18,86549269.425,Higher,False,No setup,True,Neutral,0,Not applicable,No directional setup; confirmation score not applicable.,Standard CPR,Not applicable,Not applicable,Standard CPR; Wide CPR rules not applied,None,0,No active J-Curve setup.
SAILIFE,EQ,SAI LIFE SCIENCES LIMITED,1202.2,1214.4,1181.3,1206.3,337709,404412164.2,20260616,1200.6666666666667,1197.85,1203.4833333333336,1203.4833333333336,1197.85,5.633333333333667,0.4669927325983309,Moderate,Bullish,Above CPR,Cash Only,Healthcare,False,False,0.5555555555555556,18,532167881.0,Lower,False,No setup,True,Neutral,0,Not applicable,No directional setup; confirmation score not applicable.,Standard CPR,Not applicable,Not applicable,Standard CPR; Wide CPR rules not applied,None,0,No active J-Curve setup.
AJAXENGG,EQ,AJAX ENGINEERING LIMITED,549.5,561.85,549.35,559.55,28247,15716112.7,20260616,556.9166666666666,555.6,558.2333333333332,558.2333333333332,555.6,2.633333333333212,0.4706162690256835,Moderate,Bullish,Above CPR,Cash Only,Diversified,False,False,0.6111111111111112,18,23240454.525,Overlapping,False,No setup,False,Neutral,0,Not applicable,No directional setup; confirmation score not applicable.,Standard CPR,Not applicable,Not applicable,Standard CPR; Wide CPR rules not applied,None,0,No active J-Curve setup.
CONCOR,EQ,CONTAINER CORP OF IND LTD,461.9,466.05,454.1,463.35,1774689,814305752.45,20260616,461.1666666666667,460.0750000000001,462.2583333333333,462.2583333333333,460.0750000000001,2.1833333333332803,0.4712060717240272,Moderate,Bullish,Above CPR,Cash Only,Services,False,False,0.7777777777777778,18,740115896.8,Higher,False,No setup,True,Neutral,0,Not applicable,No directional setup; confirmation score not applicable.,Standard CPR,Not applicable,Not applicable,Standard CPR; Wide CPR rules not applied,None,0,No active J-Curve setup.
TGBHOTELS,EQ,TGB BANQUETS&HOTELS LTD,9.05,9.22,8.95,9.15,4034,36640.27,20260616,9.106666666666667,9.085,9.128333333333334,9.128333333333334,9.085,0.043333333333333,0.4735883424407978,Moderate,Bullish,Above CPR,Cash Only,Hotels & Tourism,False,False,0.5555555555555556,18,112913.04,Higher,False,No setup,False,Neutral,0,Not applicable,No directional setup; confirmation score not applicable.,Standard CPR,Not applicable,Not applicable,Standard CPR; Wide CPR rules not applied,None,0,No active J-Curve setup.
GTPL,EQ,GTPL HATHWAY LIMITED,64.5,66.6,64.5,66.02,41645,2742458.95,20260616,65.70666666666666,65.55,65.86333333333333,65.86333333333333,65.55,0.3133333333333326,0.4746036554579408,Moderate,Bullish,Above CPR,Cash Only,Diversified,False,False,0.4444444444444444,18,1248709.815,Inside,False,No setup,False,Neutral,0,Not applicable,No directional setup; confirmation score not applicable.,Standard CPR,Not applicable,Not applicable,Standard CPR; Wide CPR rules not applied,None,0,No active J-Curve setup.
BIKAJI,EQ,BIKAJI FOODS INTERN LTD,660.2,676.3,660.2,673.05,84112,56572627.65,20260616,669.85,668.25,671.45,671.45,668.25,3.200000000000045,0.4754475893321515,Moderate,Bullish,Above CPR,Cash Only,Fast Moving Consumer Goods,False,False,0.6111111111111112,18,110156174.025,Overlapping,False,No setup,True,Neutral,0,Not applicable,No directional setup; confirmation score not applicable.,Standard CPR,Not applicable,Not applicable,Standard CPR; Wide CPR rules not applied,None,0,No active J-Curve setup.
NAZARA,EQ,NAZARA TECHNOLOGIES LTD,292.0,307.0,291.0,301.15,5131896,1541902085.45,20260616,299.71666666666664,299.0,300.4333333333333,300.4333333333333,299.0,1.4333333333332805,0.4759532901654592,Moderate,Bullish,Above CPR,Cash Only,Gaming & Tech,False,False,0.5,18,475843864.375,Higher,False,No setup,False,Neutral,0,Not applicable,No directional setup; confirmation score not applicable.,Standard CPR,Not applicable,Not applicable,Standard CPR; Wide CPR rules not applied,None,0,No active J-Curve setup.
AKSHARCHEM,EQ,AKSHARCHEM INDIA LIMITED,206.0,215.7,206.0,212.37,3394,718822.18,20260616,211.35666666666663,210.85,211.8633333333333,211.8633333333333,210.85,1.0133333333333212,0.4771546514730522,Moderate,Bullish,Above CPR,Cash Only,Chemicals & Fertilizers,False,False,0.3888888888888889,18,786407.94,Higher,False,No setup,False,Neutral,0,Not applicable,No directional setup; confirmation score not applicable.,Standard CPR,Not applicable,Not applicable,Standard CPR; Wide CPR rules not applied,None,0,No active J-Curve setup.
PRITIKAUTO,EQ,PRITIKA AUTO INDUS LTD,14.13,14.94,14.13,14.64,193894,2843541.28,20260616,14.57,14.535,14.605,14.605,14.535,0.0700000000000002,0.4781420765027341,Moderate,Bullish,Above CPR,Cash Only,Automobile & Ancillary,False,False,0.3888888888888889,18,1785317.33,Overlapping,False,No setup,False,Neutral,0,Not applicable,No directional setup; confirmation score not applicable.,Standard CPR,Not applicable,Not applicable,Standard CPR; Wide CPR rules not applied,None,0,No active J-Curve setup.
BDL,EQ,BHARAT DYNAMICS LIMITED,1220.0,1241.9,1213.7,1236.7,948899,1168248796.6,20260616,1230.7666666666669,1227.8000000000002,1233.7333333333331,1233.7333333333331,1227.8000000000002,5.933333333332939,0.4797714347321856,Moderate,Bullish,Above CPR,Cash Only,Capital Goods,False,False,0.5555555555555556,18,1237211073.05,Higher,False,No setup,True,Neutral,0,Not applicable,No directional setup; confirmation score not applicable.,Standard CPR,Not applicable,Not applicable,Standard CPR; Wide CPR rules not applied,None,0,No active J-Curve setup.
AARNAV,EQ,AARNAV FASHIONS LIMITED,25.35,25.35,24.25,24.98,179345,4476833.65,20260616,24.86,24.8,24.92,24.92,24.8,0.1199999999999974,0.4803843074459465,Moderate,Bullish,Above CPR,Cash Only,Diversified,False,False,0.2777777777777778,18,1110328.26,Inside,False,No setup,False,Neutral,0,Not applicable,No directional setup; confirmation score not applicable.,Standard CPR,Not applicable,Not applicable,Standard CPR; Wide CPR rules not applied,None,0,No active J-Curve setup.
GNA,EQ,GNA AXLES LIMITED,376.0,385.45,376.0,383.5,76146,29049536.65,20260616,381.65,380.725,382.5750000000001,382.5750000000001,380.725,1.8500000000000227,0.482398956975234,Moderate,Bullish,Above CPR,Cash Only,Diversified,False,False,0.7222222222222222,18,26645276.525,Higher,False,No setup,False,Neutral,0,Not applicable,No directional setup; confirmation score not applicable.,Standard CPR,Not applicable,Not applicable,Standard CPR; Wide CPR rules not applied,None,0,No active J-Curve setup.
DPWIRES,EQ,D P WIRES LIMITED,174.5,177.84,172.1,176.25,5596,980890.1,20260616,175.39666666666668,174.97,175.82333333333335,175.82333333333335,174.97,0.853333333333353,0.4841607565011931,Moderate,Bullish,Above CPR,Cash Only,Diversified,False,False,0.4444444444444444,18,1495636.805,Lower,False,No setup,False,Neutral,0,Not applicable,No directional setup; confirmation score not applicable.,Standard CPR,Not applicable,Not applicable,Standard CPR; Wide CPR rules not applied,None,0,No active J-Curve setup.
STEELXIND,EQ,STEEL EXCHANGE INDIA LTD,12.43,12.5,12.1,12.39,4783821,58832082.55,20260616,12.33,12.3,12.36,12.36,12.3,0.0599999999999987,0.4842615012106434,Moderate,Bullish,Above CPR,Cash Only,Metals & Mining,False,False,0.3888888888888889,18,61918121.28,Overlapping,False,No setup,False,Neutral,0,Not applicable,No directional setup; confirmation score not applicable.,Standard CPR,Not applicable,Not applicable,Standard CPR; Wide CPR rules not applied,None,0,No active J-Curve setup.
TEXINFRA,EQ,TEXMACO INFRA & HOLDG LTD,99.3,103.71,99.3,102.25,134924,13820641.85,20260616,101.75333333333332,101.505,102.00166666666668,102.00166666666668,101.505,0.4966666666666697,0.4857375713121464,Moderate,Bullish,Above CPR,Cash Only,Real Estate & Infra,False,False,0.7222222222222222,18,7314188.715,Higher,False,No setup,False,Neutral,0,Not applicable,No directional setup; confirmation score not applicable.,Standard CPR,Not applicable,Not applicable,Standard CPR; Wide CPR rules not applied,None,0,No active J-Curve setup.
KENNAMET,EQ,KENNAMETAL INDIA LIMITED,3001.1,3110.0,2911.3,3032.8,18093,54830676.5,20260616,3018.0333333333333,3010.65,3025.4166666666665,3025.4166666666665,3010.65,14.766666666666424,0.4868987953925884,Moderate,Bullish,Above CPR,Cash Only,Diversified,False,False,0.4444444444444444,18,23293583.65,Higher,False,No setup,False,Neutral,0,Not applicable,No directional setup; confirmation score not applicable.,Standard CPR,Not applicable,Not applicable,Standard CPR; Wide CPR rules not applied,None,0,No active J-Curve setup.
PRAJIND,EQ,PRAJ INDUSTRIES LTD,338.8,343.0,334.8,341.4,896092,304657323.8,20260616,339.7333333333333,338.9,340.5666666666666,340.5666666666666,338.9,1.6666666666666288,0.4881859011911625,Moderate,Bullish,Above CPR,Cash Only,Diversified,False,False,0.4444444444444444,18,402071288.375,Inside,False,No setup,False,Neutral,0,Not applicable,No directional setup; confirmation score not applicable.,Standard CPR,Not applicable,Not applicable,Standard CPR; Wide CPR rules not applied,None,0,No active J-Curve setup.
BALMLAWRIE,EQ,BALMER LAWRIE & CO LTD,177.41,182.89,177.37,181.46,371625,67191429.05,20260616,180.57333333333332,180.13,181.0166666666667,181.0166666666667,180.13,0.8866666666667129,0.4886292663213452,Moderate,Bullish,Above CPR,Cash Only,Diversified,False,False,0.6666666666666666,18,24600626.03,Higher,False,No setup,False,Neutral,0,Not applicable,No directional setup; confirmation score not applicable.,Standard CPR,Not applicable,Not applicable,Standard CPR; Wide CPR rules not applied,None,0,No active J-Curve setup.
KPL,EQ,KWALITY PHARMACEUTICALS L,2401.0,2441.7,2350.0,2413.6,25778,61745275.7,20260616,2401.7666666666664,2395.85,2407.683333333333,2407.683333333333,2395.85,11.83333333333303,0.4902773174234766,Moderate,Bullish,Above CPR,Cash Only,Diversified,False,False,0.2777777777777778,18,75391137.8,Lower,False,No setup,False,Neutral,0,Not applicable,No directional setup; confirmation score not applicable.,Standard CPR,Not applicable,Not applicable,Standard CPR; Wide CPR rules not applied,None,0,No active J-Curve setup.
DVL,EQ,DHUNSERI VENTURES LIMITED,241.9,242.98,238.43,242.49,7000,1687561.22,20260616,241.3,240.705,241.895,241.895,240.705,1.1899999999999975,0.4907418862633501,Moderate,Bullish,Above CPR,Cash Only,Diversified,False,False,0.7222222222222222,18,1631790.325,Outside,False,No setup,False,Neutral,0,Not applicable,No directional setup; confirmation score not applicable.,Standard CPR,Not applicable,Not applicable,Standard CPR; Wide CPR rules not applied,None,0,No active J-Curve setup.
SONAMLTD,EQ,SONAM LIMITED,54.1,56.0,54.1,55.46,63922,3530985.14,20260616,55.18666666666667,55.05,55.32333333333334,55.32333333333334,55.05,0.2733333333333405,0.4928476980406429,Moderate,Bullish,Above CPR,Cash Only,Diversified,False,False,0.3333333333333333,18,3693210.345,Overlapping,False,No setup,False,Neutral,0,Not applicable,No directional setup; confirmation score not applicable.,Standard CPR,Not applicable,Not applicable,Standard CPR; Wide CPR rules not applied,None,0,No active J-Curve setup.
ORIENTHOT,EQ,ORIENT HOTELS LTD,118.55,120.0,116.12,118.94,252693,29838196.46,20260616,118.35333333333334,118.06,118.64666666666668,118.64666666666668,118.06,0.5866666666666731,0.4932458942884421,Moderate,Bullish,Above CPR,Cash Only,Diversified,False,False,0.4444444444444444,18,18407543.925,Higher,False,No setup,False,Neutral,0,Not applicable,No directional setup; confirmation score not applicable.,Standard CPR,Not applicable,Not applicable,Standard CPR; Wide CPR rules not applied,None,0,No active J-Curve setup.
SARLAPOLY,EQ,SARLA PERF. FIBERS LTD,98.75,99.9,97.25,99.31,66941,6593677.37,20260616,98.82,98.575,99.065,99.065,98.575,0.4900000000000091,0.4934044909878251,Moderate,Bullish,Above CPR,Cash Only,Diversified,False,False,0.7777777777777778,18,9887440.045,Overlapping,False,No setup,False,Neutral,0,Not applicable,No directional setup; confirmation score not applicable.,Standard CPR,Not applicable,Not applicable,Standard CPR; Wide CPR rules not applied,None,0,No active J-Curve setup.
AERONEU,EQ,AEROFLEX NEU LIMITED,89.38,89.5,87.16,88.99,57130,5054182.1,20260616,88.55,88.33,88.77,88.77,88.33,0.4399999999999977,0.4944375772558689,Moderate,Bullish,Above CPR,Cash Only,Diversified,False,False,0.5555555555555556,18,5074926.31,Overlapping,False,No setup,False,Neutral,0,Not applicable,No directional setup; confirmation score not applicable.,Standard CPR,Not applicable,Not applicable,Standard CPR; Wide CPR rules not applied,None,0,No active J-Curve setup.
ARIHANTSUP,EQ,ARIHANT SUPERSTRUCT LTD,263.0,270.0,258.15,266.05,39597,10542912.35,20260616,264.7333333333333,264.075,265.3916666666667,265.3916666666667,264.075,1.3166666666667195,0.4948944434003832,Moderate,Bullish,Above CPR,Cash Only,Diversified,False,False,0.7222222222222222,18,8214281.125,Higher,False,No setup,False,Neutral,0,Not applicable,No directional setup; confirmation score not applicable.,Standard CPR,Not applicable,Not applicable,Standard CPR; Wide CPR rules not applied,None,0,No active J-Curve setup.
AMBICAAGAR,EQ,AMBICA AGAR & AROMAINDLTD,24.55,25.95,24.55,25.44,3046,76855.72,20260616,25.313333333333333,25.25,25.376666666666665,25.376666666666665,25.25,0.1266666666666651,0.4979035639412938,Moderate,Bullish,Above CPR,Cash Only,Diversified,False,False,0.5,18,107660.975,Overlapping,False,No setup,False,Neutral,0,Not applicable,No directional setup; confirmation score not applicable.,Standard CPR,Not applicable,Not applicable,Standard CPR; Wide CPR rules not applied,None,0,No active J-Curve setup.
TIRUMALCHM,EQ,THIRUMALAI CHEMICALS LTD,176.8,180.48,173.75,178.45,224375,39797870.76,20260616,177.56000000000003,177.115,178.00500000000005,178.00500000000005,177.115,0.8900000000000432,0.4987391426170037,Moderate,Bullish,Above CPR,Cash Only,Diversified,False,False,0.3888888888888889,18,42923299.45,Higher,False,No setup,False,Neutral,0,Not applicable,No directional setup; confirmation score not applicable.,Standard CPR,Not applicable,Not applicable,Standard CPR; Wide CPR rules not applied,None,0,No active J-Curve setup.
GHCL,EQ,GHCL LIMITED,448.15,454.3,446.1,453.6,586994,264282545.25,20260616,451.3333333333333,450.2000000000001,452.4666666666666,452.4666666666666,450.2000000000001,2.266666666666538,0.4997060552615824,Moderate,Bullish,Above CPR,Cash Only,Diversified,False,False,0.3888888888888889,18,124704678.6,Higher,False,No setup,False,Neutral,0,Not applicable,No directional setup; confirmation score not applicable.,Standard CPR,Not applicable,Not applicable,Standard CPR; Wide CPR rules not applied,None,0,No active J-Curve setup.
NATIONALUM,EQ,NATIONAL ALUMINIUM CO LTD,370.0,370.0,357.8,366.65,19009227,6917939438.25,20260616,364.8166666666666,363.9,365.7333333333332,365.7333333333332,363.9,1.833333333333257,0.5000227283058114,Moderate,Bullish,Above CPR,Cash Only,Metals & Mining,False,False,0.3333333333333333,18,3657639245.55,Lower,False,No setup,True,Neutral,0,Not applicable,No directional setup; confirmation score not applicable.,Standard CPR,Not applicable,Not applicable,Standard CPR; Wide CPR rules not applied,None,0,No active J-Curve setup.
CHOLAFIN,EQ,CHOLAMANDALAM IN & FIN CO,1649.9,1685.7,1649.8,1680.4,2152281,3603749320.6,20260616,1671.9666666666665,1667.75,1676.183333333333,1676.183333333333,1667.75,8.43333333333294,0.5018646354042453,Moderate,Bullish,Above CPR,Cash Only,Financial Services,False,False,0.2777777777777778,18,2051205361.1,Higher,False,No setup,True,Neutral,0,Not applicable,No directional setup; confirmation score not applicable.,Standard CPR,Not applicable,Not applicable,Standard CPR; Wide CPR rules not applied,None,0,No active J-Curve setup.
BSE,EQ,BSE LIMITED,4148.5,4175.0,4086.9,4162.4,2676483,11045394885.2,20260616,4141.433333333333,4130.95,4151.916666666667,4151.916666666667,4130.95,20.96666666666715,0.5037158049843157,Moderate,Bullish,Above CPR,Cash Only,Financial Services,False,False,0.5,18,15139428524.95,Higher,False,No setup,True,Neutral,0,Not applicable,No directional setup; confirmation score not applicable.,Standard CPR,Not applicable,Not applicable,Standard CPR; Wide CPR rules not applied,None,0,No active J-Curve setup.
ITDC,EQ,INDIA TOUR. DEV. CO. LTD.,602.0,627.4,600.0,618.4,568950,350659501.85,20260616,615.2666666666668,613.7,616.8333333333335,616.8333333333335,613.7,3.1333333333334394,0.5066839154808279,Moderate,Bullish,Above CPR,Cash Only,Diversified,False,False,0.5555555555555556,18,81474055.7,Higher,False,No setup,False,Neutral,0,Not applicable,No directional setup; confirmation score not applicable.,Standard CPR,Not applicable,Not applicable,Standard CPR; Wide CPR rules not applied,None,0,No active J-Curve setup.
BAJAJCON,EQ,BAJAJ CONSUMER CARE LTD,598.3,606.25,585.5,600.45,928515,554489507.55,20260616,597.4,595.875,598.925,598.925,595.875,3.0499999999999545,0.5079523690565333,Moderate,Bullish,Above CPR,Cash Only,Diversified,False,False,0.3333333333333333,18,385611804.525,Overlapping,False,No setup,False,Neutral,0,Not applicable,No directional setup; confirmation score not applicable.,Standard CPR,Not applicable,Not applicable,Standard CPR; Wide CPR rules not applied,None,0,No active J-Curve setup.
SPENCERS,EQ,SPENCER S RETAIL LIMITED,37.15,37.88,36.33,37.39,77461,2897079.13,20260616,37.2,37.105,37.295,37.295,37.105,0.1899999999999977,0.5081572612998067,Moderate,Bullish,Above CPR,Cash Only,Diversified,False,False,0.5,18,2026200.655,Higher,False,No setup,False,Neutral,0,Not applicable,No directional setup; confirmation score not applicable.,Standard CPR,Not applicable,Not applicable,Standard CPR; Wide CPR rules not applied,None,0,No active J-Curve setup.
AARON,EQ,AARON INDUSTRIES LIMITED,125.0,125.04,121.95,124.45,7619,942669.66,20260616,123.81333333333332,123.495,124.13166666666666,124.13166666666666,123.495,0.6366666666666561,0.5115843042721222,Moderate,Bullish,Above CPR,Cash Only,Diversified,False,False,0.5,18,1291156.12,Overlapping,False,No setup,False,Neutral,0,Not applicable,No directional setup; confirmation score not applicable.,Standard CPR,Not applicable,Not applicable,Standard CPR; Wide CPR rules not applied,None,0,No active J-Curve setup.
PTC,EQ,PTC INDIA LIMITED,191.99,197.3,190.18,195.24,1595577,310860700.89,20260616,194.24,193.74,194.74,194.74,193.74,1.0,0.5121901249743905,Moderate,Bullish,Above CPR,Cash Only,Diversified,False,False,0.3888888888888889,18,231625291.46,Higher,False,No setup,False,Neutral,0,Not applicable,No directional setup; confirmation score not applicable.,Standard CPR,Not applicable,Not applicable,Standard CPR; Wide CPR rules not applied,None,0,No active J-Curve setup.
AMBER,EQ,AMBER ENTERPRISES (I) LTD,7615.0,7897.0,7603.5,7810.5,485590,3770586536.5,20260616,7770.333333333333,7750.25,7790.416666666666,7790.416666666666,7750.25,40.16666666666606,0.514264985169529,Moderate,Bullish,Above CPR,Cash Only,Consumer Durables,False,False,0.5,18,2870419427.75,Higher,False,No setup,True,Neutral,0,Not applicable,No directional setup; confirmation score not applicable.,Standard CPR,Not applicable,Not applicable,Standard CPR; Wide CPR rules not applied,None,0,No active J-Curve setup.
GROBTEA,EQ,THE GROB TEA COMPANY LTD,899.0,905.75,885.25,902.5,148,132444.5,20260616,897.8333333333334,895.5,900.1666666666667,900.1666666666667,895.5,4.666666666666743,0.517082179132049,Moderate,Bullish,Above CPR,Cash Only,FMCG & Food Products,False,False,0.5555555555555556,18,71402.5,Higher,False,No setup,False,Neutral,0,Not applicable,No directional setup; confirmation score not applicable.,Standard CPR,Not applicable,Not applicable,Standard CPR; Wide CPR rules not applied,None,0,No active J-Curve setup.
SCANSTL,EQ,SCAN STEELS LTD.,37.11,38.8,36.65,38.02,20109,759622.45,20260616,37.82333333333333,37.725,37.92166666666667,37.92166666666667,37.725,0.1966666666666725,0.5172716114325947,Moderate,Bullish,Above CPR,Cash Only,Diversified,False,False,0.3333333333333333,18,590347.81,Lower,False,No setup,False,Neutral,0,Not applicable,No directional setup; confirmation score not applicable.,Standard CPR,Not applicable,Not applicable,Standard CPR; Wide CPR rules not applied,None,0,No active J-Curve setup.
PERSISTENT,EQ,PERSISTENT SYSTEMS LTD,4930.0,5048.5,4906.0,5016.5,676099,3375398153.5,20260616,4990.333333333333,4977.25,5003.416666666666,5003.416666666666,4977.25,26.16666666666606,0.5216120136881502,Moderate,Bullish,Above CPR,Cash Only,Information Technology,False,False,0.6111111111111112,18,2245737762.75,Higher,False,No setup,True,Neutral,0,Not applicable,No directional setup; confirmation score not applicable.,Standard CPR,Not applicable,Not applicable,Standard CPR; Wide CPR rules not applied,None,0,No active J-Curve setup.
GODREJPROP,EQ,GODREJ PROPERTIES LTD,1780.0,1797.6,1763.3,1794.5,375321,668504930.6,20260616,1785.1333333333332,1780.4499999999998,1789.8166666666666,1789.8166666666666,1780.4499999999998,9.366666666666788,0.5219652642333122,Moderate,Bullish,Above CPR,Cash Only,Realty,False,False,0.7222222222222222,18,856979608.9,Higher,False,No setup,True,Neutral,0,Not applicable,No directional setup; confirmation score not applicable.,Standard CPR,Not applicable,Not applicable,Standard CPR; Wide CPR rules not applied,None,0,No active J-Curve setup.
CHEMPLASTS,EQ,CHEMPLAST SANMAR LIMITED,203.49,206.91,199.34,204.73,737894,150133148.98,20260616,203.66,203.125,204.195,204.195,203.125,1.0699999999999932,0.5226395740731663,Moderate,Bullish,Above CPR,Cash Only,Chemicals & Fertilizers,False,False,0.5555555555555556,18,69171494.855,Overlapping,False,No setup,False,Neutral,0,Not applicable,No directional setup; confirmation score not applicable.,Standard CPR,Not applicable,Not applicable,Standard CPR; Wide CPR rules not applied,None,0,No active J-Curve setup.
UYFINCORP,EQ,U. Y. FINCORP LIMITED,14.47,14.78,14.31,14.66,39190,572002.31,20260616,14.583333333333334,14.545,14.621666666666668,14.621666666666668,14.545,0.0766666666666679,0.5229649840836834,Moderate,Bullish,Above CPR,Cash Only,Diversified,False,False,0.5,18,1059033.03,Overlapping,False,No setup,False,Neutral,0,Not applicable,No directional setup; confirmation score not applicable.,Standard CPR,Not applicable,Not applicable,Standard CPR; Wide CPR rules not applied,None,0,No active J-Curve setup.
LGEINDIA,EQ,LG ELECTRONICS INDIA LTD,1540.0,1579.4,1535.0,1569.6,944742,1467369059.0,20260616,1561.3333333333333,1557.2,1565.4666666666665,1565.4666666666665,1557.2,8.266666666666424,0.5266734624532635,Moderate,Bullish,Above CPR,Cash Only,Consumer Durables,False,False,0.8333333333333334,18,657041093.0,Higher,False,No setup,True,Neutral,0,Not applicable,No directional setup; confirmation score not applicable.,Standard CPR,Not applicable,Not applicable,Standard CPR; Wide CPR rules not applied,None,0,No active J-Curve setup.
GREENPLY,EQ,GREENPLY INDUSTRIES LTD,293.22,298.16,290.51,296.68,170912,50402688.48,20260616,295.1166666666668,294.33500000000004,295.8983333333334,295.8983333333334,294.33500000000004,1.5633333333333894,0.5269426093209483,Moderate,Bullish,Above CPR,Cash Only,Diversified,False,False,0.5,18,58565515.995000005,Overlapping,False,No setup,False,Neutral,0,Not applicable,No directional setup; confirmation score not applicable.,Standard CPR,Not applicable,Not applicable,Standard CPR; Wide CPR rules not applied,None,0,No active J-Curve setup.
HCLTECH,EQ,HCL TECHNOLOGIES LTD,1141.0,1161.9,1137.5,1159.0,8343470,9601935139.2,20260616,1152.8,1149.7,1155.9,1155.9,1149.7,6.199999999999818,0.5349439171699585,Moderate,Bullish,Above CPR,Cash Only,Information Technology,False,False,0.8333333333333334,18,2493397768.1,Higher,False,No setup,True,Neutral,0,Not applicable,No directional setup; confirmation score not applicable.,Standard CPR,Not applicable,Not applicable,Standard CPR; Wide CPR rules not applied,None,0,No active J-Curve setup.
KFINTECH,EQ,KFIN TECHNOLOGIES LIMITED,856.85,864.1,845.5,861.75,684840,585771731.2,20260616,857.1166666666667,854.8,859.4333333333334,859.4333333333334,854.8,4.633333333333439,0.5376656029397667,Moderate,Bullish,Above CPR,Cash Only,Financial Services,False,False,0.5555555555555556,18,769272732.625,Higher,False,No setup,True,Neutral,0,Not applicable,No directional setup; confirmation score not applicable.,Standard CPR,Not applicable,Not applicable,Standard CPR; Wide CPR rules not applied,None,0,No active J-Curve setup.
GKWLIMITED,EQ,GKW LIMITED,1830.8,1841.9,1785.0,1828.2,441,799284.3,20260616,1818.3666666666668,1813.45,1823.2833333333333,1823.2833333333333,1813.45,9.833333333333483,0.5378696714436869,Moderate,Bullish,Above CPR,Cash Only,Diversified,False,False,0.5555555555555556,18,796245.0,Lower,False,No setup,False,Neutral,0,Not applicable,No directional setup; confirmation score not applicable.,Standard CPR,Not applicable,Not applicable,Standard CPR; Wide CPR rules not applied,None,0,No active J-Curve setup.
TATACONSUM,EQ,TATA CONSUMER PRODUCT LTD,1111.2,1135.8,1107.6,1130.9,2602426,2934396141.5,20260616,1124.7666666666669,1121.6999999999998,1127.8333333333337,1127.8333333333337,1121.6999999999998,6.133333333333667,0.5423409084210511,Moderate,Bullish,Above CPR,Cash Only,Fast Moving Consumer Goods,False,False,0.6666666666666666,18,2036285406.35,Higher,False,No setup,True,Neutral,0,Not applicable,No directional setup; confirmation score not applicable.,Standard CPR,Not applicable,Not applicable,Standard CPR; Wide CPR rules not applied,None,0,No active J-Curve setup.
CHAMBLFERT,EQ,CHAMBAL FERTILIZERS LTD,478.85,497.8,474.2,490.0,4196091,2057223238.65,20260616,487.3333333333333,486.0,488.6666666666666,488.6666666666666,486.0,2.6666666666666288,0.5442176870748222,Moderate,Bullish,Above CPR,Cash Only,Chemicals,False,False,0.6111111111111112,18,368392658.7,Higher,False,No setup,True,Neutral,0,Not applicable,No directional setup; confirmation score not applicable.,Standard CPR,Not applicable,Not applicable,Standard CPR; Wide CPR rules not applied,None,0,No active J-Curve setup.
WAAREEENER,EQ,WAAREE ENERGIES LIMITED,3060.0,3083.1,2996.0,3064.6,1111165,3384395018.2,20260616,3047.9,3039.55,3056.25,3056.25,3039.55,16.699999999999818,0.5449324544801872,Moderate,Bullish,Above CPR,Cash Only,Capital Goods,False,False,0.7222222222222222,18,2531196031.1,Overlapping,False,No setup,True,Neutral,0,Not applicable,No directional setup; confirmation score not applicable.,Standard CPR,Not applicable,Not applicable,Standard CPR; Wide CPR rules not applied,None,0,No active J-Curve setup.
POCL,EQ,PONDY OXIDES & CHEM LTD,1299.7,1317.0,1276.0,1307.2,217934,284651400.5,20260616,1300.0666666666666,1296.5,1303.6333333333332,1303.6333333333332,1296.5,7.133333333333212,0.5456956344349152,Moderate,Bullish,Above CPR,Cash Only,Diversified,False,False,0.3888888888888889,18,417285477.05,Higher,False,No setup,False,Neutral,0,Not applicable,No directional setup; confirmation score not applicable.,Standard CPR,Not applicable,Not applicable,Standard CPR; Wide CPR rules not applied,None,0,No active J-Curve setup.
RSYSTEMS,EQ,R SYS INTERNATIONAL LTD,257.55,263.0,257.3,262.3,103014,26798801.7,20260616,260.8666666666666,260.15,261.58333333333326,261.58333333333326,260.15,1.4333333333332805,0.5464480874316737,Moderate,Bullish,Above CPR,Cash Only,Information Technology,False,False,0.5555555555555556,18,45392895.05,Higher,False,No setup,False,Neutral,0,Not applicable,No directional setup; confirmation score not applicable.,Standard CPR,Not applicable,Not applicable,Standard CPR; Wide CPR rules not applied,None,0,No active J-Curve setup.
GEECEE,EQ,GEECEE VENTURES LIMITED,320.4,331.0,320.0,328.2,9207,3004462.55,20260616,326.40000000000003,325.5,327.30000000000007,327.30000000000007,325.5,1.8000000000000682,0.5484460694698563,Moderate,Bullish,Above CPR,Cash Only,Diversified,False,False,0.7222222222222222,18,1607591.5,Overlapping,False,No setup,False,Neutral,0,Not applicable,No directional setup; confirmation score not applicable.,Standard CPR,Not applicable,Not applicable,Standard CPR; Wide CPR rules not applied,None,0,No active J-Curve setup.
ONGC,EQ,OIL AND NATURAL GAS CORP.,244.15,248.8,243.5,248.2,17468010,4306535349.85,20260616,246.83333333333331,246.15,247.51666666666668,247.51666666666668,246.15,1.3666666666666742,0.5506312113886681,Moderate,Bullish,Above CPR,Cash Only,Oil Gas & Consumable Fuels,False,False,0.7222222222222222,18,3786472185.1,Higher,False,No setup,True,Neutral,0,Not applicable,No directional setup; confirmation score not applicable.,Standard CPR,Not applicable,Not applicable,Standard CPR; Wide CPR rules not applied,None,0,No active J-Curve setup.
PANACHE,EQ,PANACHE DIGILIFE LIMITED,372.35,378.0,363.65,373.95,8310,3095344.75,20260616,371.8666666666666,370.825,372.9083333333333,372.9083333333333,370.825,2.083333333333257,0.5571154788964454,Moderate,Bullish,Above CPR,Cash Only,Diversified,False,False,0.6111111111111112,18,4705803.824999999,Outside,False,No setup,False,Neutral,0,Not applicable,No directional setup; confirmation score not applicable.,Standard CPR,Not applicable,Not applicable,Standard CPR; Wide CPR rules not applied,None,0,No active J-Curve setup.
HONAUT,EQ,HONEYWELL AUTOMATION IND,36260.0,36720.0,35905.0,36620.0,4462,162243135.0,20260616,36415.0,36312.5,36517.5,36517.5,36312.5,205.0,0.559803386127799,Moderate,Bullish,Above CPR,Cash Only,Capital Goods,False,False,0.4444444444444444,18,279725052.5,Overlapping,False,No setup,True,Neutral,0,Not applicable,No directional setup; confirmation score not applicable.,Standard CPR,Not applicable,Not applicable,Standard CPR; Wide CPR rules not applied,None,0,No active J-Curve setup.
SPLIL,EQ,SPL INDUSTRIES LIMITED,31.0,31.3,30.1,30.96,4669,143659.28,20260616,30.786666666666672,30.700000000000003,30.873333333333346,30.873333333333346,30.700000000000003,0.1733333333333391,0.5598621877691832,Moderate,Bullish,Above CPR,Cash Only,Diversified,False,False,0.3888888888888889,18,135470.365,Inside,False,No setup,False,Neutral,0,Not applicable,No directional setup; confirmation score not applicable.,Standard CPR,Not applicable,Not applicable,Standard CPR; Wide CPR rules not applied,None,0,No active J-Curve setup.
GLOBALVECT,EQ,GLOBAL VEC HELICORP LTD,159.19,165.9,156.01,162.32,8225,1308130.03,20260616,161.41,160.95499999999998,161.865,161.865,160.95499999999998,0.910000000000025,0.5606209955643329,Moderate,Bullish,Above CPR,Cash Only,Diversified,False,False,0.4444444444444444,18,1204619.685,Higher,False,No setup,False,Neutral,0,Not applicable,No directional setup; confirmation score not applicable.,Standard CPR,Not applicable,Not applicable,Standard CPR; Wide CPR rules not applied,None,0,No active J-Curve setup.
COSMOFIRST,EQ,COSMO FIRST LIMITED,737.5,759.8,733.0,752.8,76324,57387857.0,20260616,748.5333333333333,746.4,750.6666666666666,750.6666666666666,746.4,4.266666666666652,0.5667729365922757,Moderate,Bullish,Above CPR,Cash Only,Diversified,False,False,0.2777777777777778,18,61398207.3,Higher,False,No setup,False,Neutral,0,Not applicable,No directional setup; confirmation score not applicable.,Standard CPR,Not applicable,Not applicable,Standard CPR; Wide CPR rules not applied,None,0,No active J-Curve setup.
KARMAENG,EQ,KARMA ENERGY LIMITED,42.85,43.9,41.21,42.92,4334,184797.25,20260616,42.67666666666667,42.555,42.79833333333334,42.79833333333334,42.555,0.2433333333333394,0.5669462566014432,Moderate,Bullish,Above CPR,Cash Only,Diversified,False,False,0.6111111111111112,18,166008.7,Overlapping,False,No setup,False,Neutral,0,Not applicable,No directional setup; confirmation score not applicable.,Standard CPR,Not applicable,Not applicable,Standard CPR; Wide CPR rules not applied,None,0,No active J-Curve setup.
3MINDIA,EQ,3M INDIA LIMITED,31690.0,32615.0,31435.0,32300.0,4732,152468265.0,20260616,32116.666666666668,32025.0,32208.333333333336,32208.333333333336,32025.0,183.33333333333576,0.5675954592363336,Moderate,Bullish,Above CPR,Cash Only,Diversified,False,False,0.8333333333333334,18,82831902.5,Higher,False,No setup,True,Neutral,0,Not applicable,No directional setup; confirmation score not applicable.,Standard CPR,Not applicable,Not applicable,Standard CPR; Wide CPR rules not applied,None,0,No active J-Curve setup.
INGERRAND,EQ,INGERSOLL-RAND INDIA LTD,4340.0,4480.3,4315.7,4436.2,28879,128163471.7,20260616,4410.733333333334,4398.0,4423.466666666667,4423.466666666667,4398.0,25.46666666666715,0.5740648903716503,Moderate,Bullish,Above CPR,Cash Only,Diversified,False,False,0.3888888888888889,18,125737492.25,Higher,False,No setup,False,Neutral,0,Not applicable,No directional setup; confirmation score not applicable.,Standard CPR,Not applicable,Not applicable,Standard CPR; Wide CPR rules not applied,None,0,No active J-Curve setup.
CREDITACC,EQ,CREDITACCESS GRAMEEN LTD,1380.0,1412.2,1378.4,1407.5,275118,384659834.0,20260616,1399.3666666666668,1395.3000000000002,1403.4333333333334,1403.4333333333334,1395.3000000000002,8.133333333333212,0.5778567199526261,Moderate,Bullish,Above CPR,Cash Only,Financial Services,False,False,0.6666666666666666,18,263277646.05,Higher,False,No setup,True,Neutral,0,Not applicable,No directional setup; confirmation score not applicable.,Standard CPR,Not applicable,Not applicable,Standard CPR; Wide CPR rules not applied,None,0,No active J-Curve setup.
DRCSYSTEMS,EQ,DRC SYSTEMS INDIA LIMITED,14.42,14.45,14.14,14.42,13494,193919.76,20260616,14.336666666666666,14.295,14.378333333333332,14.378333333333332,14.295,0.0833333333333321,0.5779010633379483,Moderate,Bullish,Above CPR,Cash Only,Information Technology,False,False,0.7222222222222222,18,405114.665,Overlapping,False,No setup,False,Neutral,0,Not applicable,No directional setup; confirmation score not applicable.,Standard CPR,Not applicable,Not applicable,Standard CPR; Wide CPR rules not applied,None,0,No active J-Curve setup.
SEDEMAC,EQ,SEDEMAC MECHATRONICS LTD,2764.9,2793.2,2715.0,2778.2,129108,357006421.3,20260616,2762.133333333333,2754.1,2770.1666666666665,2770.1666666666665,2754.1,16.066666666666606,0.5783120965613205,Moderate,Bullish,Above CPR,Cash Only,Diversified,False,False,0.3888888888888889,18,352933888.79999995,Overlapping,False,No setup,False,Neutral,0,Not applicable,No directional setup; confirmation score not applicable.,Standard CPR,Not applicable,Not applicable,Standard CPR; Wide CPR rules not applied,None,0,No active J-Curve setup.
PTL,EQ,PTL ENTERPRISES LTD,41.08,41.68,40.5,41.45,36274,1492352.56,20260616,41.21,41.09,41.33,41.33,41.09,0.2399999999999948,0.5790108564535461,Moderate,Bullish,Above CPR,Cash Only,Diversified,False,False,0.8888888888888888,18,1554302.89,Higher,False,No setup,False,Neutral,0,Not applicable,No directional setup; confirmation score not applicable.,Standard CPR,Not applicable,Not applicable,Standard CPR; Wide CPR rules not applied,None,0,No active J-Curve setup.
RADIOCITY,EQ,MUSIC BROADCAST LIMITED,6.06,6.48,6.05,6.32,104984,664764.15,20260616,6.283333333333334,6.265000000000001,6.301666666666668,6.301666666666668,6.265000000000001,0.036666666666667,0.5801687763713144,Moderate,Bullish,Above CPR,Cash Only,Diversified,False,False,0.6666666666666666,18,387728.15,Higher,False,No setup,False,Neutral,0,Not applicable,No directional setup; confirmation score not applicable.,Standard CPR,Not applicable,Not applicable,Standard CPR; Wide CPR rules not applied,None,0,No active J-Curve setup.
FABTECH,EQ,FABTECH TECHNOLOGIES LTD,153.0,165.0,149.1,158.43,4634297,748993226.93,20260616,157.51000000000002,157.05,157.97000000000003,157.97000000000003,157.05,0.920000000000016,0.5806981001073129,Moderate,Bullish,Above CPR,Cash Only,Information Technology,False,False,0.5,18,12377843.965,Higher,False,No setup,False,Neutral,0,Not applicable,No directional setup; confirmation score not applicable.,Standard CPR,Not applicable,Not applicable,Standard CPR; Wide CPR rules not applied,None,0,No active J-Curve setup.
FLEXITUFF,EQ,FLEXITUFF VENTURES INT L,6.99,7.0,6.62,6.87,16199,111402.95,20260616,6.830000000000001,6.8100000000000005,6.850000000000001,6.850000000000001,6.8100000000000005,0.0400000000000009,0.5822416302765783,Moderate,Bullish,Above CPR,Cash Only,Diversified,False,False,0.3888888888888889,18,77627.16,Lower,False,No setup,False,Neutral,0,Not applicable,No directional setup; confirmation score not applicable.,Standard CPR,Not applicable,Not applicable,Standard CPR; Wide CPR rules not applied,None,0,No active J-Curve setup.
TARMAT,EQ,TARMAT LIMITED,52.07,52.07,51.0,51.99,2439,126095.36,20260616,51.68666666666667,51.535,51.83833333333334,51.83833333333334,51.535,0.3033333333333416,0.5834455343976566,Moderate,Bullish,Above CPR,Cash Only,Diversified,False,False,0.7222222222222222,18,290558.04000000004,Lower,False,No setup,False,Neutral,0,Not applicable,No directional setup; confirmation score not applicable.,Standard CPR,Not applicable,Not applicable,Standard CPR; Wide CPR rules not applied,None,0,No active J-Curve setup.
SKMEGGPROD,EQ,SKM EGG PROD EXPORT(I) LT,236.76,246.58,236.76,243.81,455482,110655063.31,20260616,242.38333333333333,241.67,243.0966666666667,243.0966666666667,241.67,1.4266666666666763,0.5851551071189355,Moderate,Bullish,Above CPR,Cash Only,Diversified,False,False,0.3888888888888889,18,196630349.575,Overlapping,False,No setup,False,Neutral,0,Not applicable,No directional setup; confirmation score not applicable.,Standard CPR,Not applicable,Not applicable,Standard CPR; Wide CPR rules not applied,None,0,No active J-Curve setup.
BASML,EQ,BANNARI AM SPIN MILL LTD.,25.1,25.52,24.16,25.06,294015,7291955.84,20260616,24.91333333333333,24.84,24.98666666666666,24.98666666666666,24.84,0.1466666666666611,0.5852620377759824,Moderate,Bullish,Above CPR,Cash Only,Diversified,False,False,0.3888888888888889,18,3797332.005,Higher,False,No setup,False,Neutral,0,Not applicable,No directional setup; confirmation score not applicable.,Standard CPR,Not applicable,Not applicable,Standard CPR; Wide CPR rules not applied,None,0,No active J-Curve setup.
PDSL,EQ,PDS LIMITED,319.4,348.0,317.4,335.65,1648298,558423393.8,20260616,333.68333333333334,332.7,334.6666666666667,334.6666666666667,332.7,1.966666666666697,0.5859278017776544,Moderate,Bullish,Above CPR,Cash Only,Diversified,False,False,0.5,18,31627125.7,Higher,False,No setup,False,Neutral,0,Not applicable,No directional setup; confirmation score not applicable.,Standard CPR,Not applicable,Not applicable,Standard CPR; Wide CPR rules not applied,None,0,No active J-Curve setup.
POWERICA,EQ,POWERICA LIMITED,488.0,492.0,473.9,487.25,154221,74748487.0,20260616,484.3833333333334,482.95,485.8166666666668,485.8166666666668,482.95,2.866666666666788,0.5883358987515214,Moderate,Bullish,Above CPR,Cash Only,Power & Utilities,False,False,0.4444444444444444,18,143707527.625,Higher,False,No setup,False,Neutral,0,Not applicable,No directional setup; confirmation score not applicable.,Standard CPR,Not applicable,Not applicable,Standard CPR; Wide CPR rules not applied,None,0,No active J-Curve setup.
KITEX,EQ,KITEX GARMENTS LTD,154.05,155.9,151.8,155.22,1389762,214848581.52,20260616,154.3066666666667,153.85000000000002,154.76333333333338,154.76333333333338,153.85000000000002,0.9133333333333552,0.588412146201105,Moderate,Bullish,Above CPR,Cash Only,Diversified,False,False,0.6666666666666666,18,154067930.62,Higher,False,No setup,False,Neutral,0,Not applicable,No directional setup; confirmation score not applicable.,Standard CPR,Not applicable,Not applicable,Standard CPR; Wide CPR rules not applied,None,0,No active J-Curve setup.
ATLANTAA,EQ,ATLANTAA LIMITED,40.14,42.38,40.14,41.63,82547,3435982.99,20260616,41.38333333333333,41.260000000000005,41.50666666666666,41.50666666666666,41.260000000000005,0.2466666666666555,0.5925214188485598,Moderate,Bullish,Above CPR,Cash Only,Diversified,False,False,0.4444444444444444,18,2800015.245,Higher,False,No setup,False,Neutral,0,Not applicable,No directional setup; confirmation score not applicable.,Standard CPR,Not applicable,Not applicable,Standard CPR; Wide CPR rules not applied,None,0,No active J-Curve setup.
WINDLAS,EQ,WINDLAS BIOTECH LIMITED,820.0,833.55,810.0,829.15,36416,29907842.3,20260616,824.2333333333332,821.775,826.6916666666665,826.6916666666665,821.775,4.916666666666515,0.5929767432511024,Moderate,Bullish,Above CPR,Cash Only,Power & Utilities,False,False,0.4444444444444444,18,38416834.65,Inside,False,No setup,False,Neutral,0,Not applicable,No directional setup; confirmation score not applicable.,Standard CPR,Not applicable,Not applicable,Standard CPR; Wide CPR rules not applied,None,0,No active J-Curve setup.
OBEROIRLTY,EQ,OBEROI REALTY LIMITED,1682.0,1713.0,1666.1,1704.8,777948,1313811080.3,20260616,1694.6333333333332,1689.55,1699.7166666666665,1699.7166666666665,1689.55,10.166666666666517,0.5963553887063887,Moderate,Bullish,Above CPR,Cash Only,Realty,False,False,0.7777777777777778,18,546405721.05,Higher,False,No setup,True,Neutral,0,Not applicable,No directional setup; confirmation score not applicable.,Standard CPR,Not applicable,Not applicable,Standard CPR; Wide CPR rules not applied,None,0,No active J-Curve setup.
SHYAMCENT,EQ,SHYAM CENTURY FERROUS LTD,4.87,5.1,4.87,5.03,54007,270452.85,20260616,5.0,4.984999999999999,5.015000000000001,5.015000000000001,4.984999999999999,0.0300000000000011,0.5964214711729847,Moderate,Bullish,Above CPR,Cash Only,Diversified,False,False,0.5555555555555556,18,284084.275,Overlapping,False,No setup,False,Neutral,0,Not applicable,No directional setup; confirmation score not applicable.,Standard CPR,Not applicable,Not applicable,Standard CPR; Wide CPR rules not applied,None,0,No active J-Curve setup.
PETRONET,EQ,PETRONET LNG LIMITED,286.6,291.8,284.1,290.55,5030098,1452619806.85,20260616,288.81666666666666,287.95000000000005,289.6833333333333,289.6833333333333,287.95000000000005,1.7333333333332348,0.5965697240864687,Moderate,Bullish,Above CPR,Cash Only,Oil Gas & Consumable Fuels,False,False,0.7777777777777778,18,730008102.85,Higher,False,No setup,True,Neutral,0,Not applicable,No directional setup; confirmation score not applicable.,Standard CPR,Not applicable,Not applicable,Standard CPR; Wide CPR rules not applied,None,0,No active J-Curve setup.
AARTIIND,EQ,AARTI INDUSTRIES LTD,495.55,502.0,482.5,496.7,3795978,1867045897.75,20260616,493.73333333333335,492.25,495.2166666666667,495.2166666666667,492.25,2.966666666666697,0.5972753506476137,Moderate,Bullish,Above CPR,Cash Only,Chemicals,False,False,0.6666666666666666,18,285829205.725,Higher,False,No setup,True,Neutral,0,Not applicable,No directional setup; confirmation score not applicable.,Standard CPR,Not applicable,Not applicable,Standard CPR; Wide CPR rules not applied,None,0,No active J-Curve setup.
NTPC,EQ,NTPC LTD,349.75,356.2,348.5,355.55,14555184,5143571796.65,20260616,353.4166666666667,352.35,354.4833333333333,354.4833333333333,352.35,2.1333333333333258,0.6000093751464844,Moderate,Bullish,Above CPR,Cash Only,Power,False,False,0.7222222222222222,18,5206480439.575,Overlapping,False,No setup,True,Neutral,0,Not applicable,No directional setup; confirmation score not applicable.,Standard CPR,Not applicable,Not applicable,Standard CPR; Wide CPR rules not applied,None,0,No active J-Curve setup.
PAISALO,EQ,PAISALO DIGITAL LIMITED,58.29,59.7,58.05,59.41,6858615,405306608.17,20260616,59.053333333333335,58.875,59.23166666666667,59.23166666666667,58.875,0.3566666666666691,0.60034786511811,Moderate,Bullish,Above CPR,Cash Only,Diversified,False,False,0.5555555555555556,18,632032368.98,Overlapping,False,No setup,False,Neutral,0,Not applicable,No directional setup; confirmation score not applicable.,Standard CPR,Not applicable,Not applicable,Standard CPR; Wide CPR rules not applied,None,0,No active J-Curve setup.
JSWHL,EQ,JSW HOLDINGS LIMITED,12422.0,13203.0,12205.0,12820.0,9612,122735989.0,20260616,12742.666666666666,12704.0,12781.333333333332,12781.333333333332,12704.0,77.33333333333212,0.6032241289651492,Moderate,Bullish,Above CPR,Cash Only,Diversified,False,False,0.7777777777777778,18,29882951.5,Higher,False,No setup,False,Neutral,0,Not applicable,No directional setup; confirmation score not applicable.,Standard CPR,Not applicable,Not applicable,Standard CPR; Wide CPR rules not applied,None,0,No active J-Curve setup.
MMFL,EQ,MM FORGINGS LTD,472.5,474.65,460.0,471.6,59071,27604825.65,20260616,468.75,467.325,470.175,470.175,467.325,2.8500000000000227,0.6043256997455518,Moderate,Bullish,Above CPR,Cash Only,Diversified,False,False,0.5,18,27052958.05,Higher,False,No setup,False,Neutral,0,Not applicable,No directional setup; confirmation score not applicable.,Standard CPR,Not applicable,Not applicable,Standard CPR; Wide CPR rules not applied,None,0,No active J-Curve setup.
KIRLOSBROS,EQ,KIRLOSKAR BROTHERS LTD,1755.4,1845.0,1755.4,1816.7,244500,443623480.0,20260616,1805.7,1800.2,1811.2,1811.2,1800.2,11.0,0.6054934771839049,Moderate,Bullish,Above CPR,Cash Only,Diversified,False,False,0.6666666666666666,18,83221207.05000001,Higher,False,No setup,False,Neutral,0,Not applicable,No directional setup; confirmation score not applicable.,Standard CPR,Not applicable,Not applicable,Standard CPR; Wide CPR rules not applied,None,0,No active J-Curve setup.
PATINTLOG,EQ,PATEL INT. LOG. LTD,13.44,13.94,13.33,13.76,111381,1531608.44,20260616,13.676666666666668,13.635,13.718333333333335,13.718333333333335,13.635,0.0833333333333357,0.6056201550387769,Moderate,Bullish,Above CPR,Cash Only,Diversified,False,False,0.5555555555555556,18,1426289.4249999998,Higher,False,No setup,False,Neutral,0,Not applicable,No directional setup; confirmation score not applicable.,Standard CPR,Not applicable,Not applicable,Standard CPR; Wide CPR rules not applied,None,0,No active J-Curve setup.
DIVISLAB,EQ,DIVI S LABORATORIES LTD,6620.0,6732.0,6571.0,6712.5,329248,2195426928.5,20260616,6671.833333333333,6651.5,6692.166666666666,6692.166666666666,6651.5,40.66666666666606,0.6058348851644851,Moderate,Bullish,Above CPR,Cash Only,Healthcare,False,False,0.7777777777777778,18,2249972375.25,Higher,False,No setup,True,Neutral,0,Not applicable,No directional setup; confirmation score not applicable.,Standard CPR,Not applicable,Not applicable,Standard CPR; Wide CPR rules not applied,None,0,No active J-Curve setup.
EIEL,EQ,ENVIRO INFRA ENGINEERS L,189.9,196.22,188.11,193.93,1505804,291446142.19,20260616,192.75333333333333,192.165,193.34166666666664,193.34166666666664,192.165,1.1766666666666197,0.6067481393629761,Moderate,Bullish,Above CPR,Cash Only,Diversified,False,False,0.5555555555555556,18,148199612.56,Higher,False,No setup,False,Neutral,0,Not applicable,No directional setup; confirmation score not applicable.,Standard CPR,Not applicable,Not applicable,Standard CPR; Wide CPR rules not applied,None,0,No active J-Curve setup.
AKASH,EQ,AKASH INFRA-PROJECTS LTD,26.21,27.0,26.21,26.85,5509,147618.26,20260616,26.686666666666667,26.605,26.76833333333333,26.76833333333333,26.605,0.163333333333334,0.6083178150217281,Moderate,Bullish,Above CPR,Cash Only,Diversified,False,False,0.2777777777777778,18,150443.96000000002,Inside,False,No setup,False,Neutral,0,Not applicable,No directional setup; confirmation score not applicable.,Standard CPR,Not applicable,Not applicable,Standard CPR; Wide CPR rules not applied,None,0,No active J-Curve setup.
KOLTEPATIL,EQ,KOLTE PATIL DEV. LTD.,362.4,375.0,361.3,371.55,44149,16242746.8,20260616,369.2833333333333,368.15,370.4166666666666,370.4166666666666,368.15,2.2666666666666515,0.6100569685551478,Moderate,Bullish,Above CPR,Cash Only,Diversified,False,False,0.6111111111111112,18,17712507.200000003,Higher,False,No setup,False,Neutral,0,Not applicable,No directional setup; confirmation score not applicable.,Standard CPR,Not applicable,Not applicable,Standard CPR; Wide CPR rules not applied,None,0,No active J-Curve setup.
KAMAHOLD,EQ,KAMA HOLDINGS LTD.,2622.4,2676.0,2620.1,2672.6,1620,4300307.7,20260616,2656.2333333333336,2648.05,2664.416666666667,2664.416666666667,2648.05,16.366666666666788,0.6123874379505645,Moderate,Bullish,Above CPR,Cash Only,Diversified,False,False,0.8888888888888888,18,6505775.95,Higher,False,No setup,False,Neutral,0,Not applicable,No directional setup; confirmation score not applicable.,Standard CPR,Not applicable,Not applicable,Standard CPR; Wide CPR rules not applied,None,0,No active J-Curve setup.
MADHAV,EQ,MADHAV MARBLE & GRANITE,36.82,37.89,35.9,37.24,4089,150037.48,20260616,37.01,36.895,37.125,37.125,36.895,0.2300000000000039,0.6176154672395381,Moderate,Bullish,Above CPR,Cash Only,Diversified,False,False,0.5555555555555556,18,89697.325,Overlapping,False,No setup,False,Neutral,0,Not applicable,No directional setup; confirmation score not applicable.,Standard CPR,Not applicable,Not applicable,Standard CPR; Wide CPR rules not applied,None,0,No active J-Curve setup.
BVCL,EQ,BARAK VALLEY CEM. LTD.,41.89,42.0,41.0,41.89,18445,763369.72,20260616,41.63,41.5,41.760000000000005,41.760000000000005,41.5,0.2600000000000051,0.6206731916925403,Moderate,Bullish,Above CPR,Cash Only,Diversified,False,False,0.5,18,477986.67,Lower,False,No setup,False,Neutral,0,Not applicable,No directional setup; confirmation score not applicable.,Standard CPR,Not applicable,Not applicable,Standard CPR; Wide CPR rules not applied,None,0,No active J-Curve setup.
INDIGOPNTS,EQ,INDIGO PAINTS LIMITED,1005.3,1035.0,1003.35,1028.8,68816,70399624.55,20260616,1022.3833333333332,1019.175,1025.5916666666665,1025.5916666666665,1019.175,6.416666666666515,0.6237039917055323,Moderate,Bullish,Above CPR,Cash Only,Diversified,False,False,0.7777777777777778,18,86901849.1,Higher,False,No setup,False,Neutral,0,Not applicable,No directional setup; confirmation score not applicable.,Standard CPR,Not applicable,Not applicable,Standard CPR; Wide CPR rules not applied,None,0,No active J-Curve setup.
GODAVARIB,EQ,GODAVARI BIOREFINERIES L,287.0,313.95,283.0,301.3,1110921,335791583.75,20260616,299.4166666666667,298.475,300.3583333333333,300.3583333333333,298.475,1.8833333333333255,0.625069144816902,Moderate,Bullish,Above CPR,Cash Only,Diversified,False,False,0.5555555555555556,18,34516760.525,Higher,False,No setup,False,Neutral,0,Not applicable,No directional setup; confirmation score not applicable.,Standard CPR,Not applicable,Not applicable,Standard CPR; Wide CPR rules not applied,None,0,No active J-Curve setup.
PGHH,EQ,P&G HYGIENE & HEALTH CARE,9050.0,9100.0,8883.5,9077.0,15584,140640450.5,20260616,9020.166666666666,8991.75,9048.583333333332,9048.583333333332,8991.75,56.83333333333212,0.6261246373618169,Moderate,Bullish,Above CPR,Cash Only,Diversified,False,False,0.7777777777777778,18,120692507.25,Overlapping,False,No setup,False,Neutral,0,Not applicable,No directional setup; confirmation score not applicable.,Standard CPR,Not applicable,Not applicable,Standard CPR; Wide CPR rules not applied,None,0,No active J-Curve setup.
ECLERX,EQ,ECLERX SERVICES LTD,1410.0,1444.0,1401.2,1436.1,178469,254187670.0,20260616,1427.0999999999997,1422.6,1431.5999999999997,1431.5999999999997,1422.6,8.999999999999545,0.626697305201556,Moderate,Bullish,Above CPR,Cash Only,Services,False,False,0.4444444444444444,18,285138437.35,Higher,False,No setup,True,Neutral,0,Not applicable,No directional setup; confirmation score not applicable.,Standard CPR,Not applicable,Not applicable,Standard CPR; Wide CPR rules not applied,None,0,No active J-Curve setup.
SNOWMAN,EQ,SNOWMAN LOGISTICS LTD.,39.29,39.39,38.11,39.12,160482,6260050.62,20260616,38.873333333333335,38.75,38.99666666666667,38.99666666666667,38.75,0.2466666666666697,0.6305385139741047,Moderate,Bullish,Above CPR,Cash Only,Diversified,False,False,0.8333333333333334,18,4762666.1850000005,Higher,False,No setup,False,Neutral,0,Not applicable,No directional setup; confirmation score not applicable.,Standard CPR,Not applicable,Not applicable,Standard CPR; Wide CPR rules not applied,None,0,No active J-Curve setup.
JISLDVREQS,EQ,JAIN DVR EQUITY SHARES,23.04,24.33,22.74,23.76,18510,435971.03,20260616,23.61,23.535,23.685,23.685,23.535,0.1500000000000056,0.6313131313131551,Moderate,Bullish,Above CPR,Cash Only,Diversified,False,False,0.3333333333333333,18,321721.05500000005,Higher,False,No setup,False,Neutral,0,Not applicable,No directional setup; confirmation score not applicable.,Standard CPR,Not applicable,Not applicable,Standard CPR; Wide CPR rules not applied,None,0,No active J-Curve setup.
NORBTEAEXP,EQ,NORBEN TEA & EXPORTS LTD,75.38,77.0,71.2,74.81,3463,258503.03,20260616,74.33666666666666,74.1,74.57333333333332,74.57333333333332,74.1,0.4733333333333291,0.6327139865436828,Moderate,Bullish,Above CPR,Cash Only,FMCG & Food Products,False,False,0.3333333333333333,18,251129.405,Lower,False,No setup,False,Neutral,0,Not applicable,No directional setup; confirmation score not applicable.,Standard CPR,Not applicable,Not applicable,Standard CPR; Wide CPR rules not applied,None,0,No active J-Curve setup.
CAMS,EQ,COMPUTER AGE MNGT SER LTD,780.35,794.25,775.05,792.2,938403,737807086.45,20260616,787.1666666666666,784.65,789.6833333333333,789.6833333333333,784.65,5.033333333333303,0.6353614407136207,Moderate,Bullish,Above CPR,Cash Only,Financial Services,False,False,0.6666666666666666,18,776383017.425,Higher,False,No setup,True,Neutral,0,Not applicable,No directional setup; confirmation score not applicable.,Standard CPR,Not applicable,Not applicable,Standard CPR; Wide CPR rules not applied,None,0,No active J-Curve setup.
GICL,EQ,GLOBE INTL CARRIERS LTD,23.8,23.8,22.81,23.53,432699,10107128.06,20260616,23.38,23.305,23.455,23.455,23.305,0.1499999999999985,0.6374840628984215,Moderate,Bullish,Above CPR,Cash Only,Diversified,False,False,0.5,18,23209564.69,Higher,False,No setup,False,Neutral,0,Not applicable,No directional setup; confirmation score not applicable.,Standard CPR,Not applicable,Not applicable,Standard CPR; Wide CPR rules not applied,None,0,No active J-Curve setup.
KEC,EQ,KEC INTL. LIMITED,515.0,532.3,513.05,527.75,1942110,1023058064.35,20260616,524.3666666666667,522.675,526.0583333333334,526.0583333333334,522.675,3.3833333333334394,0.6410863729670184,Moderate,Bullish,Above CPR,Cash Only,Construction,False,False,0.8333333333333334,18,401459202.225,Higher,False,No setup,True,Neutral,0,Not applicable,No directional setup; confirmation score not applicable.,Standard CPR,Not applicable,Not applicable,Standard CPR; Wide CPR rules not applied,None,0,No active J-Curve setup.
NBIFIN,EQ,N.B.I. IND. FIN. CO. LTD,1861.1,1898.0,1861.1,1897.9,67,126777.6,20260616,1885.6666666666667,1879.55,1891.7833333333333,1891.7833333333333,1879.55,12.233333333333576,0.6445720708853773,Moderate,Bullish,Above CPR,Cash Only,Diversified,False,False,0.5,18,463381.0,Higher,False,No setup,False,Neutral,0,Not applicable,No directional setup; confirmation score not applicable.,Standard CPR,Not applicable,Not applicable,Standard CPR; Wide CPR rules not applied,None,0,No active J-Curve setup.
SBCL,EQ,SHIVALIK BIMETAL CON. LTD,733.7,743.85,723.0,740.6,418823,308204309.2,20260616,735.8166666666666,733.425,738.2083333333333,738.2083333333333,733.425,4.783333333333303,0.6458727158160009,Moderate,Bullish,Above CPR,Cash Only,Diversified,False,False,0.5555555555555556,18,341049707.54999995,Higher,False,No setup,False,Neutral,0,Not applicable,No directional setup; confirmation score not applicable.,Standard CPR,Not applicable,Not applicable,Standard CPR; Wide CPR rules not applied,None,0,No active J-Curve setup.
EMIL,EQ,ELECTRONICS MART IND LTD,110.99,112.0,109.21,111.69,532713,59040416.98,20260616,110.96666666666664,110.605,111.32833333333332,111.32833333333332,110.605,0.7233333333333292,0.647625869221353,Moderate,Bullish,Above CPR,Cash Only,Diversified,False,False,0.7222222222222222,18,71421093.6,Higher,False,No setup,False,Neutral,0,Not applicable,No directional setup; confirmation score not applicable.,Standard CPR,Not applicable,Not applicable,Standard CPR; Wide CPR rules not applied,None,0,No active J-Curve setup.
ORIENTPPR,EQ,ORIENT PAPER AND INDS LTD,17.85,18.0,17.51,17.93,106697,1901724.45,20260616,17.813333333333336,17.755000000000003,17.87166666666667,17.87166666666667,17.755000000000003,0.1166666666666671,0.6506785647889969,Moderate,Bullish,Above CPR,Cash Only,Diversified,False,False,0.7777777777777778,18,3068692.87,Outside,False,No setup,False,Neutral,0,Not applicable,No directional setup; confirmation score not applicable.,Standard CPR,Not applicable,Not applicable,Standard CPR; Wide CPR rules not applied,None,0,No active J-Curve setup.
SAHLIBHFI,EQ,SHALIBHADRA FINANCE LTD,75.21,76.0,73.92,75.7,13958,1048450.6,20260616,75.20666666666666,74.96000000000001,75.45333333333332,75.45333333333332,74.96000000000001,0.493333333333311,0.651695288419169,Moderate,Bullish,Above CPR,Cash Only,Diversified,False,False,0.5,18,1000450.1,Lower,False,No setup,False,Neutral,0,Not applicable,No directional setup; confirmation score not applicable.,Standard CPR,Not applicable,Not applicable,Standard CPR; Wide CPR rules not applied,None,0,No active J-Curve setup.
LINC,EQ,LINC LIMITED,100.46,103.0,99.5,102.25,41058,4171334.09,20260616,101.58333333333331,101.25,101.91666666666666,101.91666666666666,101.25,0.6666666666666572,0.6519967400162907,Moderate,Bullish,Above CPR,Cash Only,Diversified,False,False,0.7222222222222222,18,2667651.79,Higher,False,No setup,False,Neutral,0,Not applicable,No directional setup; confirmation score not applicable.,Standard CPR,Not applicable,Not applicable,Standard CPR; Wide CPR rules not applied,None,0,No active J-Curve setup.
MONARCH,EQ,MONARCH NETWORTH CAP LTD,336.1,352.35,336.1,347.65,311986,108120764.7,20260616,345.3666666666666,344.225,346.5083333333332,346.5083333333332,344.225,2.2833333333331893,0.6567908336928491,Moderate,Bullish,Above CPR,Cash Only,Diversified,False,False,0.8333333333333334,18,30871363.275,Higher,False,No setup,False,Neutral,0,Not applicable,No directional setup; confirmation score not applicable.,Standard CPR,Not applicable,Not applicable,Standard CPR; Wide CPR rules not applied,None,0,No active J-Curve setup.
ORISSAMINE,EQ,ORISSA MIN DEV CO LTD,4017.5,4192.0,4011.0,4142.4,20789,85966241.2,20260616,4115.133333333333,4101.5,4128.766666666666,4128.766666666666,4101.5,27.266666666666424,0.6582335522080539,Moderate,Bullish,Above CPR,Cash Only,Diversified,False,False,0.7222222222222222,18,21725749.15,Higher,False,No setup,False,Neutral,0,Not applicable,No directional setup; confirmation score not applicable.,Standard CPR,Not applicable,Not applicable,Standard CPR; Wide CPR rules not applied,None,0,No active J-Curve setup.
NIRAJISPAT,EQ,NIRAJ ISPAT IND LTD,207.0,211.01,189.0,202.0,727,146039.05,20260616,200.67,200.005,201.335,201.335,200.005,1.329999999999984,0.6584158415841505,Moderate,Bullish,Above CPR,Cash Only,Diversified,False,False,0.5882352941176471,17,12250.1,Inside,False,No setup,False,Neutral,0,Not applicable,No directional setup; confirmation score not applicable.,Standard CPR,Not applicable,Not applicable,Standard CPR; Wide CPR rules not applied,None,0,No active J-Curve setup.
BALAJEE,EQ,SHREE TIRUPATI BALAJEE L,29.5,29.5,28.52,29.3,17227,501074.29,20260616,29.106666666666666,29.01,29.203333333333333,29.203333333333333,29.01,0.1933333333333351,0.6598407281001198,Moderate,Bullish,Above CPR,Cash Only,Diversified,False,False,0.5555555555555556,18,830131.84,Overlapping,False,No setup,False,Neutral,0,Not applicable,No directional setup; confirmation score not applicable.,Standard CPR,Not applicable,Not applicable,Standard CPR; Wide CPR rules not applied,None,0,No active J-Curve setup.
TIMKEN,EQ,TIMKEN INDIA LTD.,3540.0,3668.0,3528.6,3634.3,178063,636276470.5,20260616,3610.3000000000006,3598.3,3622.300000000001,3622.300000000001,3598.3,24.00000000000091,0.6603747626778447,Moderate,Bullish,Above CPR,Cash Only,Capital Goods,False,False,0.7777777777777778,18,131934001.75,Higher,False,No setup,True,Neutral,0,Not applicable,No directional setup; confirmation score not applicable.,Standard CPR,Not applicable,Not applicable,Standard CPR; Wide CPR rules not applied,None,0,No active J-Curve setup.
CROWN,EQ,CROWN LIFTERS LIMITED,113.2,113.5,110.16,112.95,7322,820805.45,20260616,112.20333333333332,111.83,112.57666666666668,112.57666666666668,111.83,0.7466666666666697,0.661059465840345,Moderate,Bullish,Above CPR,Cash Only,Diversified,False,False,0.5,18,1757559.11,Overlapping,False,No setup,False,Neutral,0,Not applicable,No directional setup; confirmation score not applicable.,Standard CPR,Not applicable,Not applicable,Standard CPR; Wide CPR rules not applied,None,0,No active J-Curve setup.
MUKKA,EQ,MUKKA PROTEINS LIMITED,24.33,25.87,24.01,25.19,1116719,28177388.58,20260616,25.023333333333337,24.94,25.106666666666676,25.106666666666676,24.94,0.1666666666666714,0.6616382162233879,Moderate,Bullish,Above CPR,Cash Only,Diversified,False,False,0.5555555555555556,18,4319134.66,Higher,False,No setup,False,Neutral,0,Not applicable,No directional setup; confirmation score not applicable.,Standard CPR,Not applicable,Not applicable,Standard CPR; Wide CPR rules not applied,None,0,No active J-Curve setup.
NILE,EQ,NILE LTD.,1740.0,1879.9,1740.0,1828.1,8232,15003552.9,20260616,1816.0,1809.95,1822.05,1822.05,1809.95,12.099999999999907,0.6618893933592205,Moderate,Bullish,Above CPR,Cash Only,Diversified,False,False,0.5,18,5035103.5,Higher,False,No setup,False,Neutral,0,Not applicable,No directional setup; confirmation score not applicable.,Standard CPR,Not applicable,Not applicable,Standard CPR; Wide CPR rules not applied,None,0,No active J-Curve setup.
VADILALIND,EQ,VADILAL INDUSTRIES LTD,6066.0,6229.0,6004.0,6178.0,28247,173709858.4,20260616,6137.0,6116.5,6157.5,6157.5,6116.5,41.0,0.6636451926189706,Moderate,Bullish,Above CPR,Cash Only,Diversified,False,False,0.5555555555555556,18,190949681.85,Higher,False,No setup,False,Neutral,0,Not applicable,No directional setup; confirmation score not applicable.,Standard CPR,Not applicable,Not applicable,Standard CPR; Wide CPR rules not applied,None,0,No active J-Curve setup.
MADRASFERT,EQ,MADRAS FERTILISERS LTD,69.05,73.99,68.12,71.77,704616,50889352.04,20260616,71.29333333333334,71.055,71.53166666666667,71.53166666666667,71.055,0.4766666666666594,0.6641586549626021,Moderate,Bullish,Above CPR,Cash Only,Chemicals & Fertilizers,False,False,0.6666666666666666,18,5923922.34,Higher,False,No setup,False,Neutral,0,Not applicable,No directional setup; confirmation score not applicable.,Standard CPR,Not applicable,Not applicable,Standard CPR; Wide CPR rules not applied,None,0,No active J-Curve setup.
WILLAMAGOR,EQ,WILLIAMSON MAGOR,27.75,28.2,26.37,27.56,2234,61477.15,20260616,27.376666666666665,27.285,27.46833333333333,27.46833333333333,27.285,0.18333333333333,0.6652152878567853,Moderate,Bullish,Above CPR,Cash Only,Diversified,False,False,0.3888888888888889,18,26379.425000000003,Higher,False,No setup,False,Neutral,0,Not applicable,No directional setup; confirmation score not applicable.,Standard CPR,Not applicable,Not applicable,Standard CPR; Wide CPR rules not applied,None,0,No active J-Curve setup.
PENIND,EQ,PENNAR INDUSTRIES LTD,158.0,164.0,156.78,162.01,633921,101966731.47,20260616,160.92999999999998,160.39,161.46999999999997,161.46999999999997,160.39,1.079999999999984,0.6666255169433888,Moderate,Bullish,Above CPR,Cash Only,Diversified,False,False,0.5,18,72276728.585,Overlapping,False,No setup,False,Neutral,0,Not applicable,No directional setup; confirmation score not applicable.,Standard CPR,Not applicable,Not applicable,Standard CPR; Wide CPR rules not applied,None,0,No active J-Curve setup.
KNAGRI,EQ,KN AGRI RESOURCES LIMITED,209.0,211.0,204.01,209.61,12561,2613698.93,20260616,208.20666666666668,207.505,208.90833333333336,208.90833333333336,207.505,1.4033333333333644,0.6694973204204782,Moderate,Bullish,Above CPR,Cash Only,Diversified,False,False,0.5555555555555556,18,3219535.71,Higher,False,No setup,False,Neutral,0,Not applicable,No directional setup; confirmation score not applicable.,Standard CPR,Not applicable,Not applicable,Standard CPR; Wide CPR rules not applied,None,0,No active J-Curve setup.
BALKRISIND,EQ,BALKRISHNA IND. LTD,2195.5,2239.0,2177.3,2230.6,205361,456347310.3,20260616,2215.633333333333,2208.15,2223.1166666666663,2223.1166666666663,2208.15,14.966666666666242,0.670970441435768,Moderate,Bullish,Above CPR,Cash Only,Automobile and Auto Components,False,False,0.6111111111111112,18,264110508.55,Higher,False,No setup,True,Neutral,0,Not applicable,No directional setup; confirmation score not applicable.,Standard CPR,Not applicable,Not applicable,Standard CPR; Wide CPR rules not applied,None,0,No active J-Curve setup.
DMART,EQ,AVENUE SUPERMARTS LIMITED,4109.0,4209.0,4109.0,4201.3,483671,2019876423.9,20260616,4173.099999999999,4159.0,4187.199999999999,4187.199999999999,4159.0,28.19999999999891,0.6712208126055961,Moderate,Bullish,Above CPR,Cash Only,Consumer Services,False,False,0.7777777777777778,18,1683784739.05,Higher,False,No setup,True,Neutral,0,Not applicable,No directional setup; confirmation score not applicable.,Standard CPR,Not applicable,Not applicable,Standard CPR; Wide CPR rules not applied,None,0,No active J-Curve setup.
AWL,EQ,AWL AGRI BUSINESS LIMITED,191.99,198.95,191.61,197.27,5460601,1073151265.56,20260616,195.94333333333336,195.28,196.6066666666667,196.6066666666667,195.28,1.3266666666667106,0.6725131376624477,Moderate,Bullish,Above CPR,Cash Only,Fast Moving Consumer Goods,False,False,0.6666666666666666,18,344979949.875,Higher,False,No setup,True,Neutral,0,Not applicable,No directional setup; confirmation score not applicable.,Standard CPR,Not applicable,Not applicable,Standard CPR; Wide CPR rules not applied,None,0,No active J-Curve setup.
SOTL,EQ,SAVITA OIL TECHNOLO. LTD,584.0,623.0,576.25,605.75,634073,380405161.1,20260616,601.6666666666666,599.625,603.7083333333333,603.7083333333333,599.625,4.0833333333332575,0.6740954739303768,Moderate,Bullish,Above CPR,Cash Only,Diversified,False,False,0.5,18,103747966.3,Higher,False,No setup,False,Neutral,0,Not applicable,No directional setup; confirmation score not applicable.,Standard CPR,Not applicable,Not applicable,Standard CPR; Wide CPR rules not applied,None,0,No active J-Curve setup.
PARACABLES,EQ,PARAMOUNT COMM LTD,64.5,67.8,64.31,66.73,2922201,193512650.74,20260616,66.28000000000002,66.055,66.50500000000002,66.50500000000002,66.055,0.450000000000017,0.6743593586093466,Moderate,Bullish,Above CPR,Cash Only,Media & Entertainment,False,False,0.2777777777777778,18,258673696.41000003,Higher,False,No setup,False,Neutral,0,Not applicable,No directional setup; confirmation score not applicable.,Standard CPR,Not applicable,Not applicable,Standard CPR; Wide CPR rules not applied,None,0,No active J-Curve setup.
ATAM,EQ,ATAM VALVES LIMITED,71.39,72.45,70.33,72.12,2191,157168.43,20260616,71.63333333333334,71.39,71.87666666666668,71.87666666666668,71.39,0.4866666666666788,0.6748012571640027,Moderate,Bullish,Above CPR,Cash Only,Diversified,False,False,0.5,18,589809.585,Outside,False,No setup,False,Neutral,0,Not applicable,No directional setup; confirmation score not applicable.,Standard CPR,Not applicable,Not applicable,Standard CPR; Wide CPR rules not applied,None,0,No active J-Curve setup.
LTM,EQ,LTM LIMITED,3920.0,4014.0,3918.1,4006.7,513655,2033315347.0,20260616,3979.6,3966.05,3993.15,3993.15,3966.05,27.09999999999945,0.6763670851323896,Moderate,Bullish,Above CPR,Cash Only,Information Technology,False,False,0.8333333333333334,18,1409883695.4,Higher,False,No setup,True,Neutral,0,Not applicable,No directional setup; confirmation score not applicable.,Standard CPR,Not applicable,Not applicable,Standard CPR; Wide CPR rules not applied,None,0,No active J-Curve setup.
ADROITINFO,EQ,ADROIT INFOTECH LIMITED,9.39,9.39,9.12,9.35,47688,441218.07,20260616,9.286666666666669,9.255,9.318333333333335,9.318333333333335,9.255,0.0633333333333361,0.677361853832472,Moderate,Bullish,Above CPR,Cash Only,Information Technology,False,False,0.5,18,295346.055,Higher,False,No setup,False,Neutral,0,Not applicable,No directional setup; confirmation score not applicable.,Standard CPR,Not applicable,Not applicable,Standard CPR; Wide CPR rules not applied,None,0,No active J-Curve setup.
J&KBANK,EQ,J & K BANK LTD.,161.0,163.0,157.68,161.99,3578791,577877838.04,20260616,160.89,160.34,161.44000000000003,161.44000000000003,160.34,1.1000000000000227,0.679054262608817,Moderate,Bullish,Above CPR,Cash Only,Financial Services,False,False,0.7222222222222222,18,585971917.24,Outside,False,No setup,True,Neutral,0,Not applicable,No directional setup; confirmation score not applicable.,Standard CPR,Not applicable,Not applicable,Standard CPR; Wide CPR rules not applied,None,0,No active J-Curve setup.
PREMIERENE,EQ,PREMIER ENERGIES LIMITED,1046.0,1069.0,1020.1,1055.3,1566623,1642826572.2,20260616,1048.1333333333332,1044.55,1051.7166666666665,1051.7166666666665,1044.55,7.166666666666515,0.6791117849584494,Moderate,Bullish,Above CPR,Cash Only,Capital Goods,False,False,0.8333333333333334,18,1675973408.25,Higher,False,No setup,True,Neutral,0,Not applicable,No directional setup; confirmation score not applicable.,Standard CPR,Not applicable,Not applicable,Standard CPR; Wide CPR rules not applied,None,0,No active J-Curve setup.
AURIONPRO,EQ,AURIONPRO SOLN LTD,862.9,878.0,846.05,870.9,421054,363667320.75,20260616,864.9833333333332,862.025,867.9416666666665,867.9416666666665,862.025,5.916666666666515,0.6793738278409135,Moderate,Bullish,Above CPR,Cash Only,Diversified,False,False,0.5555555555555556,18,113185487.55,Higher,False,No setup,False,Neutral,0,Not applicable,No directional setup; confirmation score not applicable.,Standard CPR,Not applicable,Not applicable,Standard CPR; Wide CPR rules not applied,None,0,No active J-Curve setup.
RELIGARE,EQ,RELIGARE ENTER. LTD.,243.52,247.49,239.04,245.77,755976,184152995.45,20260616,244.1,243.265,244.935,244.935,243.265,1.670000000000016,0.6794970907759351,Moderate,Bullish,Above CPR,Cash Only,Diversified,False,False,0.7222222222222222,18,242680094.17,Higher,False,No setup,False,Neutral,0,Not applicable,No directional setup; confirmation score not applicable.,Standard CPR,Not applicable,Not applicable,Standard CPR; Wide CPR rules not applied,None,0,No active J-Curve setup.
AVONMORE,EQ,AVONMORE CAP&MGT SERV LTD,11.49,11.49,10.78,11.25,126249,1398867.06,20260616,11.173333333333332,11.135,11.211666666666664,11.211666666666664,11.135,0.0766666666666644,0.6814814814814617,Moderate,Bullish,Above CPR,Cash Only,Diversified,False,False,0.4444444444444444,18,1344063.51,Lower,False,No setup,False,Neutral,0,Not applicable,No directional setup; confirmation score not applicable.,Standard CPR,Not applicable,Not applicable,Standard CPR; Wide CPR rules not applied,None,0,No active J-Curve setup.
ZENITHSTL,EQ,ZENITH STEEL PIP IND LTD,6.04,6.04,5.56,5.86,153529,901832.74,20260616,5.82,5.8,5.840000000000001,5.840000000000001,5.8,0.0400000000000009,0.6825938566553058,Moderate,Bullish,Above CPR,Cash Only,Diversified,False,False,0.6111111111111112,18,761885.22,Higher,False,No setup,False,Neutral,0,Not applicable,No directional setup; confirmation score not applicable.,Standard CPR,Not applicable,Not applicable,Standard CPR; Wide CPR rules not applied,None,0,No active J-Curve setup.
RPEL,EQ,RAGHAV PRODUCTIVITY ENH L,1199.05,1210.0,1172.1,1203.4,192096,229509947.9,20260616,1195.1666666666667,1191.05,1199.2833333333335,1199.2833333333335,1191.05,8.233333333333576,0.684172622015421,Moderate,Bullish,Above CPR,Cash Only,Diversified,False,False,0.3888888888888889,18,167247749.15,Lower,False,No setup,False,Neutral,0,Not applicable,No directional setup; confirmation score not applicable.,Standard CPR,Not applicable,Not applicable,Standard CPR; Wide CPR rules not applied,None,0,No active J-Curve setup.
POKARNA,EQ,POKARNA LIMITED,879.5,929.0,870.0,908.85,177292,161532527.05,20260616,902.6166666666668,899.5,905.7333333333332,905.7333333333332,899.5,6.2333333333333485,0.68584841649704,Moderate,Bullish,Above CPR,Cash Only,Diversified,False,False,0.5555555555555556,18,63205240.0,Higher,False,No setup,False,Neutral,0,Not applicable,No directional setup; confirmation score not applicable.,Standard CPR,Not applicable,Not applicable,Standard CPR; Wide CPR rules not applied,None,0,No active J-Curve setup.
LAXMIDENTL,EQ,LAXMI DENTAL LIMITED,227.64,231.84,219.67,228.11,231236,51779551.97,20260616,226.54,225.755,227.325,227.325,225.755,1.5699999999999932,0.6882644338257827,Moderate,Bullish,Above CPR,Cash Only,Diversified,False,False,0.5555555555555556,18,49303086.65,Overlapping,False,No setup,False,Neutral,0,Not applicable,No directional setup; confirmation score not applicable.,Standard CPR,Not applicable,Not applicable,Standard CPR; Wide CPR rules not applied,None,0,No active J-Curve setup.
IGCL,EQ,INDOGULF CROPSCIENCES LTD,63.1,66.0,62.22,64.78,170940,10979334.53,20260616,64.33333333333333,64.11,64.55666666666666,64.55666666666666,64.11,0.4466666666666583,0.6895132242461536,Moderate,Bullish,Above CPR,Cash Only,Diversified,False,False,0.5555555555555556,18,5856565.475,Higher,False,No setup,False,Neutral,0,Not applicable,No directional setup; confirmation score not applicable.,Standard CPR,Not applicable,Not applicable,Standard CPR; Wide CPR rules not applied,None,0,No active J-Curve setup.
STYRENIX,EQ,STYRENIX PERFORMANCE LTD,2165.1,2233.4,2156.5,2217.9,17096,37733314.7,20260616,2202.6,2194.95,2210.25,2210.25,2194.95,15.300000000000182,0.689841742188565,Moderate,Bullish,Above CPR,Cash Only,Automobile & Ancillary,False,False,0.8888888888888888,18,41903015.55,Higher,False,No setup,False,Neutral,0,Not applicable,No directional setup; confirmation score not applicable.,Standard CPR,Not applicable,Not applicable,Standard CPR; Wide CPR rules not applied,None,0,No active J-Curve setup.
LODHA,EQ,LODHA DEVELOPERS LIMITED,925.95,939.9,916.45,937.95,827292,770253691.85,20260616,931.4333333333334,928.175,934.6916666666668,934.6916666666668,928.175,6.516666666666879,0.6947776178545635,Moderate,Bullish,Above CPR,Cash Only,Realty,False,False,0.7222222222222222,18,1217842007.35,Overlapping,False,No setup,True,Neutral,0,Not applicable,No directional setup; confirmation score not applicable.,Standard CPR,Not applicable,Not applicable,Standard CPR; Wide CPR rules not applied,None,0,No active J-Curve setup.
JAMNAAUTO,EQ,JAMNA AUTO IND LTD,125.0,129.3,125.0,128.5,3788686,486503034.16,20260616,127.6,127.15,128.05,128.05,127.15,0.9000000000000057,0.7003891050583702,Moderate,Bullish,Above CPR,Cash Only,Automobile & Ancillary,False,False,0.6666666666666666,18,214406179.715,Higher,False,No setup,False,Neutral,0,Not applicable,No directional setup; confirmation score not applicable.,Standard CPR,Not applicable,Not applicable,Standard CPR; Wide CPR rules not applied,None,0,No active J-Curve setup.
PLATIND,EQ,PLATINUM INDUSTRIES LTD,232.5,234.0,227.07,232.99,39791,9182139.81,20260616,231.35333333333327,230.535,232.17166666666665,232.17166666666665,230.535,1.636666666666656,0.7024621943717139,Moderate,Bullish,Above CPR,Cash Only,Diversified,False,False,0.5555555555555556,18,12195990.17,Higher,False,No setup,False,Neutral,0,Not applicable,No directional setup; confirmation score not applicable.,Standard CPR,Not applicable,Not applicable,Standard CPR; Wide CPR rules not applied,None,0,No active J-Curve setup.
ARVINDFASN,EQ,ARVIND FASHIONS LIMITED,461.65,478.9,455.0,471.95,216654,100842262.4,20260616,468.6166666666666,466.95,470.2833333333333,470.2833333333333,466.95,3.333333333333257,0.7062895080693415,Moderate,Bullish,Above CPR,Cash Only,Diversified,False,False,0.7222222222222222,18,73806823.6,Higher,False,No setup,False,Neutral,0,Not applicable,No directional setup; confirmation score not applicable.,Standard CPR,Not applicable,Not applicable,Standard CPR; Wide CPR rules not applied,None,0,No active J-Curve setup.
NAVKARCORP,EQ,NAVKAR CORPORATION LTD.,103.0,108.83,103.0,107.05,1115186,119054246.74,20260616,106.29333333333334,105.915,106.67166666666668,106.67166666666668,105.915,0.756666666666689,0.7068348123929837,Moderate,Bullish,Above CPR,Cash Only,Diversified,False,False,0.6666666666666666,18,43542050.6,Higher,False,No setup,False,Neutral,0,Not applicable,No directional setup; confirmation score not applicable.,Standard CPR,Not applicable,Not applicable,Standard CPR; Wide CPR rules not applied,None,0,No active J-Curve setup.
BTML,EQ,BODHI TREE MULTIMEDIA LTD,6.5,6.62,6.42,6.59,33439,217311.24,20260616,6.543333333333333,6.52,6.566666666666666,6.566666666666666,6.52,0.0466666666666668,0.7081436519979796,Moderate,Bullish,Above CPR,Cash Only,Diversified,False,False,0.6111111111111112,18,1713711.495,Outside,False,No setup,False,Neutral,0,Not applicable,No directional setup; confirmation score not applicable.,Standard CPR,Not applicable,Not applicable,Standard CPR; Wide CPR rules not applied,None,0,No active J-Curve setup.
WSTCSTPAPR,EQ,WEST COAST PAPER MILLS LT,512.0,517.5,500.65,514.55,136064,69585357.8,20260616,510.8999999999999,509.075,512.7249999999999,512.7249999999999,509.075,3.64999999999992,0.7093576911864582,Moderate,Bullish,Above CPR,Cash Only,Diversified,False,False,0.5555555555555556,18,66089053.75,Higher,False,No setup,False,Neutral,0,Not applicable,No directional setup; confirmation score not applicable.,Standard CPR,Not applicable,Not applicable,Standard CPR; Wide CPR rules not applied,None,0,No active J-Curve setup.
WELSPLSOL,EQ,WELSPUN SPECIALTY SOL L,52.94,55.75,52.03,54.47,1267053,68082573.57,20260616,54.083333333333336,53.89,54.27666666666667,54.27666666666667,53.89,0.3866666666666702,0.7098708769353227,Moderate,Bullish,Above CPR,Cash Only,Diversified,False,False,0.3888888888888889,18,90131349.31,Inside,False,No setup,False,Neutral,0,Not applicable,No directional setup; confirmation score not applicable.,Standard CPR,Not applicable,Not applicable,Standard CPR; Wide CPR rules not applied,None,0,No active J-Curve setup.
KIRLOSIND,EQ,KIRLOSKAR INDUSTRIES LTD,3195.9,3263.9,3156.1,3244.6,5977,19244248.4,20260616,3221.5333333333333,3210.0,3233.0666666666666,3233.0666666666666,3210.0,23.06666666666661,0.7109248186730754,Moderate,Bullish,Above CPR,Cash Only,Diversified,False,False,0.8888888888888888,18,14319658.15,Overlapping,False,No setup,False,Neutral,0,Not applicable,No directional setup; confirmation score not applicable.,Standard CPR,Not applicable,Not applicable,Standard CPR; Wide CPR rules not applied,None,0,No active J-Curve setup.
SCHAEFFLER,EQ,SCHAEFFLER INDIA LIMITED,4035.0,4210.0,4026.6,4163.0,105447,439515330.1,20260616,4133.2,4118.3,4148.099999999999,4148.099999999999,4118.3,29.799999999999272,0.7158299303386806,Moderate,Bullish,Above CPR,Cash Only,Automobile and Auto Components,False,False,0.8888888888888888,18,229670237.65,Higher,False,No setup,True,Neutral,0,Not applicable,No directional setup; confirmation score not applicable.,Standard CPR,Not applicable,Not applicable,Standard CPR; Wide CPR rules not applied,None,0,No active J-Curve setup.
UNITDSPR,EQ,UNITED SPIRITS LIMITED,1275.8,1302.0,1268.1,1299.0,1039955,1340289783.2,20260616,1289.7,1285.05,1294.35,1294.35,1285.05,9.300000000000182,0.7159353348729932,Moderate,Bullish,Above CPR,Cash Only,Fast Moving Consumer Goods,False,False,0.8333333333333334,18,879262359.9000001,Higher,False,No setup,True,Neutral,0,Not applicable,No directional setup; confirmation score not applicable.,Standard CPR,Not applicable,Not applicable,Standard CPR; Wide CPR rules not applied,None,0,No active J-Curve setup.
INVPRECQ,EQ,INVESTMENT & PREC CAST L,616.0,644.0,616.0,636.85,3925,2504473.15,20260616,632.2833333333333,630.0,634.5666666666666,634.5666666666666,630.0,4.566666666666606,0.7170710004972295,Moderate,Bullish,Above CPR,Cash Only,Diversified,False,False,0.5555555555555556,18,1116537.5,Higher,False,No setup,False,Neutral,0,Not applicable,No directional setup; confirmation score not applicable.,Standard CPR,Not applicable,Not applicable,Standard CPR; Wide CPR rules not applied,None,0,No active J-Curve setup.
KABRAEXTRU,EQ,KABRA EXTRUSION TECHNIK L,239.0,240.31,233.99,239.74,9057,2155458.58,20260616,238.0133333333333,237.15,238.87666666666664,238.87666666666664,237.15,1.726666666666631,0.7202246878562739,Moderate,Bullish,Above CPR,Cash Only,Diversified,False,False,0.5,18,3665644.395,Lower,False,No setup,False,Neutral,0,Not applicable,No directional setup; confirmation score not applicable.,Standard CPR,Not applicable,Not applicable,Standard CPR; Wide CPR rules not applied,None,0,No active J-Curve setup.
GMDCLTD,EQ,GUJARAT MINERAL DEV CORP,609.6,621.25,604.0,619.35,1420420,872352290.45,20260616,614.8666666666667,612.625,617.1083333333333,617.1083333333333,612.625,4.4833333333333485,0.7238771830682729,Moderate,Bullish,Above CPR,Cash Only,Metals & Mining,False,False,0.4444444444444444,18,1172009028.475,Overlapping,False,No setup,True,Neutral,0,Not applicable,No directional setup; confirmation score not applicable.,Standard CPR,Not applicable,Not applicable,Standard CPR; Wide CPR rules not applied,None,0,No active J-Curve setup.
GEEKAYWIRE,EQ,GEEKAY WIRES LIMITED,23.99,24.71,23.56,24.4,117014,2821281.62,20260616,24.22333333333333,24.135,24.31166666666666,24.31166666666666,24.135,0.1766666666666623,0.7240437158469768,Moderate,Bullish,Above CPR,Cash Only,Diversified,False,False,0.3888888888888889,18,1824430.3,Higher,False,No setup,False,Neutral,0,Not applicable,No directional setup; confirmation score not applicable.,Standard CPR,Not applicable,Not applicable,Standard CPR; Wide CPR rules not applied,None,0,No active J-Curve setup.
GESHIP,EQ,THE GE SHPG.LTD,1391.0,1425.0,1381.1,1418.6,708510,997214188.6,20260616,1408.2333333333331,1403.05,1413.4166666666667,1413.4166666666667,1403.05,10.366666666666788,0.7307674232811778,Moderate,Bullish,Above CPR,Cash Only,Services,False,False,0.4444444444444444,18,1202104754.7,Inside,False,No setup,True,Neutral,0,Not applicable,No directional setup; confirmation score not applicable.,Standard CPR,Not applicable,Not applicable,Standard CPR; Wide CPR rules not applied,None,0,No active J-Curve setup.
DOMS,EQ,DOMS INDUSTRIES LIMITED,2280.0,2337.0,2240.0,2314.0,228183,524739955.0,20260616,2297.0,2288.5,2305.5,2305.5,2288.5,17.0,0.7346585998271392,Moderate,Bullish,Above CPR,Cash Only,Fast Moving Consumer Goods,False,False,0.8333333333333334,18,85514484.25,Higher,False,No setup,True,Neutral,0,Not applicable,No directional setup; confirmation score not applicable.,Standard CPR,Not applicable,Not applicable,Standard CPR; Wide CPR rules not applied,None,0,No active J-Curve setup.
JYOTICNC,EQ,JYOTI CNC AUTOMATION LTD,696.5,703.9,682.55,700.95,1142406,792046122.8,20260616,695.7999999999998,693.2249999999999,698.3749999999998,698.3749999999998,693.2249999999999,5.149999999999864,0.7347171695555835,Moderate,Bullish,Above CPR,Cash Only,Capital Goods,False,False,0.5555555555555556,18,958395431.75,Overlapping,False,No setup,True,Neutral,0,Not applicable,No directional setup; confirmation score not applicable.,Standard CPR,Not applicable,Not applicable,Standard CPR; Wide CPR rules not applied,None,0,No active J-Curve setup.
EXCELINDUS,EQ,EXCEL INDUSTRIES LTD,932.1,932.6,900.95,927.0,5245,4841077.75,20260616,920.1833333333334,916.775,923.5916666666668,923.5916666666668,916.775,6.816666666666606,0.7353469974829133,Moderate,Bullish,Above CPR,Cash Only,Diversified,False,False,0.6666666666666666,18,7659738.675,Lower,False,No setup,False,Neutral,0,Not applicable,No directional setup; confirmation score not applicable.,Standard CPR,Not applicable,Not applicable,Standard CPR; Wide CPR rules not applied,None,0,No active J-Curve setup.
NEOGEN,EQ,NEOGEN CHEMICALS LIMITED,2064.1,2090.0,2028.0,2082.0,49157,101309766.2,20260616,2066.6666666666665,2059.0,2074.333333333333,2074.333333333333,2059.0,15.33333333333303,0.7364713416586469,Moderate,Bullish,Above CPR,Cash Only,Diversified,False,False,0.6111111111111112,18,237839657.3,Higher,False,No setup,False,Neutral,0,Not applicable,No directional setup; confirmation score not applicable.,Standard CPR,Not applicable,Not applicable,Standard CPR; Wide CPR rules not applied,None,0,No active J-Curve setup.
SUNFLAG,EQ,SUNFLAG IRON AND STEEL CO,363.0,366.3,355.0,364.7,179270,64873102.7,20260616,362.0,360.65,363.35,363.35,360.65,2.700000000000045,0.7403345215245531,Moderate,Bullish,Above CPR,Cash Only,Diversified,False,False,0.3888888888888889,18,163040370.8,Overlapping,False,No setup,False,Neutral,0,Not applicable,No directional setup; confirmation score not applicable.,Standard CPR,Not applicable,Not applicable,Standard CPR; Wide CPR rules not applied,None,0,No active J-Curve setup.
STOVEKRAFT,EQ,STOVE KRAFT LIMITED,659.55,663.0,644.8,661.25,88874,58225168.45,20260616,656.35,653.9,658.8000000000001,658.8000000000001,653.9,4.900000000000091,0.7410207939508644,Moderate,Bullish,Above CPR,Cash Only,Diversified,False,False,0.6666666666666666,18,103488400.15,Lower,False,No setup,False,Neutral,0,Not applicable,No directional setup; confirmation score not applicable.,Standard CPR,Not applicable,Not applicable,Standard CPR; Wide CPR rules not applied,None,0,No active J-Curve setup.
GRWRHITECH,EQ,GARWARE HI-TECH FILMS LTD,6332.0,6449.5,6169.0,6380.5,128065,812023544.0,20260616,6333.0,6309.25,6356.75,6356.75,6309.25,47.5,0.744455763654886,Moderate,Bullish,Above CPR,Cash Only,Information Technology,False,False,0.4444444444444444,18,510645807.1,Higher,False,No setup,False,Neutral,0,Not applicable,No directional setup; confirmation score not applicable.,Standard CPR,Not applicable,Not applicable,Standard CPR; Wide CPR rules not applied,None,0,No active J-Curve setup.
GEMAROMA,EQ,GEM AROMATICS LIMITED,189.02,193.75,183.2,190.61,179185,33688942.87,20260616,189.18666666666664,188.475,189.89833333333328,189.89833333333328,188.475,1.4233333333332894,0.7467254253886413,Moderate,Bullish,Above CPR,Cash Only,Diversified,False,False,0.5,2,59051576.815,Higher,False,No setup,False,Neutral,0,Not applicable,No directional setup; confirmation score not applicable.,Standard CPR,Not applicable,Not applicable,Standard CPR; Wide CPR rules not applied,None,0,No active J-Curve setup.
JTLIND,EQ,JTL INDUSTRIES LIMITED,76.94,78.25,74.0,76.99,3422322,263572087.45,20260616,76.41333333333334,76.125,76.70166666666668,76.70166666666668,76.125,0.5766666666666822,0.7490150235961582,Moderate,Bullish,Above CPR,Cash Only,Diversified,False,False,0.4444444444444444,18,145855497.86,Outside,False,No setup,False,Neutral,0,Not applicable,No directional setup; confirmation score not applicable.,Standard CPR,Not applicable,Not applicable,Standard CPR; Wide CPR rules not applied,None,0,No active J-Curve setup.
AETHER,EQ,AETHER INDUSTRIES LIMITED,1161.0,1193.8,1135.0,1177.7,433202,508467204.0,20260616,1168.8333333333333,1164.4,1173.2666666666664,1173.2666666666664,1164.4,8.866666666666333,0.7528799071636523,Wide,Bullish,Above CPR,Cash Only,Diversified,False,False,0.7222222222222222,18,298548547.3,Higher,False,No setup,False,Neutral,0,Not applicable,No directional setup; confirmation score not applicable.,Wide CPR,Wide Upside Watch,Unavailable,Wide CPR + close above CPR; trend unavailable; participation unavailable,None,0,No active J-Curve setup.
SPIC,EQ,SPIC LTD,69.55,72.77,69.1,71.75,2291189,163861973.16,20260616,71.20666666666666,70.935,71.47833333333332,71.47833333333332,70.935,0.5433333333333223,0.7572590011614249,Wide,Bullish,Above CPR,Cash Only,Diversified,False,False,0.5555555555555556,18,46545879.625,Higher,False,No setup,False,Neutral,0,Not applicable,No directional setup; confirmation score not applicable.,Wide CPR,Wide Upside Watch,Unavailable,Wide CPR + close above CPR; trend unavailable; participation unavailable,None,0,No active J-Curve setup.
STAR,EQ,STRIDES PHARMA SCI LTD,1084.1,1109.0,1071.2,1102.7,175546,193110757.2,20260616,1094.3,1090.1,1098.5,1098.5,1090.1,8.400000000000091,0.7617665729572949,Wide,Bullish,Above CPR,Cash Only,Diversified,False,False,0.4444444444444444,18,254099725.45,Higher,False,No setup,False,Neutral,0,Not applicable,No directional setup; confirmation score not applicable.,Wide CPR,Wide Upside Watch,Unavailable,Wide CPR + close above CPR; trend unavailable; participation unavailable,None,0,No active J-Curve setup.
TAINWALCHM,EQ,TAINWALA CHEMICAL AND PLA,203.0,206.59,198.01,204.64,4883,993495.07,20260616,203.08,202.3,203.86,203.86,202.3,1.5600000000000025,0.7623143080531677,Wide,Bullish,Above CPR,Cash Only,Diversified,False,False,0.6111111111111112,18,550361.9650000001,Higher,False,No setup,False,Neutral,0,Not applicable,No directional setup; confirmation score not applicable.,Wide CPR,Wide Upside Watch,Unavailable,Wide CPR + close above CPR; trend unavailable; participation unavailable,None,0,No active J-Curve setup.
JUBLINGREA,EQ,JUBILANT INGREVIA LIMITED,643.95,655.0,630.1,650.0,377352,243750439.15,20260616,645.0333333333333,642.55,647.5166666666667,647.5166666666667,642.55,4.966666666666697,0.7641025641025687,Wide,Bullish,Above CPR,Cash Only,Chemicals,False,False,0.6666666666666666,18,157874548.175,Higher,False,No setup,True,Neutral,0,Not applicable,No directional setup; confirmation score not applicable.,Wide CPR,Wide Upside Watch,Unavailable,Wide CPR + close above CPR; trend unavailable; participation unavailable,None,0,No active J-Curve setup.
KTKBANK,EQ,KARNATAKA BANK LIMITED,272.35,279.8,271.9,279.05,2273177,630130417.8,20260616,276.9166666666667,275.85,277.9833333333333,277.9833333333333,275.85,2.1333333333333258,0.7644985964283554,Wide,Bullish,Above CPR,Cash Only,Financial Services,False,False,0.5,18,699043465.925,Overlapping,False,No setup,False,Neutral,0,Not applicable,No directional setup; confirmation score not applicable.,Wide CPR,Wide Upside Watch,Unavailable,Wide CPR + close above CPR; trend unavailable; participation unavailable,None,0,No active J-Curve setup.
KPIL,EQ,KALPATARU PROJECT INT LTD,1309.9,1390.0,1309.9,1365.7,2428065,3310523336.5,20260616,1355.2,1349.95,1360.45,1360.45,1349.95,10.5,0.7688364941055869,Wide,Bullish,Above CPR,Cash Only,Construction,False,False,0.5555555555555556,18,212785408.65,Higher,False,No setup,True,Neutral,0,Not applicable,No directional setup; confirmation score not applicable.,Wide CPR,Wide Upside Watch,Unavailable,Wide CPR + close above CPR; trend unavailable; participation unavailable,None,0,No active J-Curve setup.
ANDHRAPAP,EQ,ANDHRA PAPER LIMITED,61.77,63.5,60.67,62.81,127272,7907153.39,20260616,62.32666666666668,62.085,62.56833333333335,62.56833333333335,62.085,0.4833333333333485,0.7695165313379214,Wide,Bullish,Above CPR,Cash Only,Diversified,False,False,0.8888888888888888,18,3702183.605,Overlapping,False,No setup,False,Neutral,0,Not applicable,No directional setup; confirmation score not applicable.,Wide CPR,Wide Upside Watch,Unavailable,Wide CPR + close above CPR; trend unavailable; participation unavailable,None,0,No active J-Curve setup.
NETWORK18,EQ,NETWORK18 MEDIA & INV LTD,32.9,34.28,32.46,33.76,14736775,497071205.03,20260616,33.5,33.370000000000005,33.629999999999995,33.629999999999995,33.370000000000005,0.2599999999999909,0.7701421800947598,Wide,Bullish,Above CPR,Cash Only,Media & Entertainment,False,False,0.5555555555555556,18,245870936.6,Higher,False,No setup,False,Neutral,0,Not applicable,No directional setup; confirmation score not applicable.,Wide CPR,Wide Upside Watch,Unavailable,Wide CPR + close above CPR; trend unavailable; participation unavailable,None,0,No active J-Curve setup.
UNIPARTS,EQ,UNIPARTS INDIA LIMITED,663.65,672.0,653.1,670.3,115691,76874730.35,20260616,665.1333333333333,662.55,667.7166666666667,667.7166666666667,662.55,5.166666666666743,0.7707991446616057,Wide,Bullish,Above CPR,Cash Only,Diversified,False,False,0.7222222222222222,18,109239112.925,Outside,False,No setup,False,Neutral,0,Not applicable,No directional setup; confirmation score not applicable.,Wide CPR,Wide Upside Watch,Unavailable,Wide CPR + close above CPR; trend unavailable; participation unavailable,None,0,No active J-Curve setup.
NIITMTS,EQ,NIIT LEARNING SYSTEMS LTD,216.99,224.11,213.51,221.37,550313,120964273.64,20260616,219.66333333333333,218.81,220.51666666666665,220.51666666666665,218.81,1.7066666666666492,0.7709566186324476,Wide,Bullish,Above CPR,Cash Only,Diversified,False,False,0.3888888888888889,18,105871962.025,Higher,False,No setup,False,Neutral,0,Not applicable,No directional setup; confirmation score not applicable.,Wide CPR,Wide Upside Watch,Unavailable,Wide CPR + close above CPR; trend unavailable; participation unavailable,None,0,No active J-Curve setup.
TEGA,EQ,TEGA INDUSTRIES LIMITED,1790.0,1837.2,1781.7,1830.7,64397,116972191.5,20260616,1816.5333333333333,1809.45,1823.616666666667,1823.616666666667,1809.45,14.16666666666697,0.7738387866207991,Wide,Bullish,Above CPR,Cash Only,Capital Goods,False,False,0.7222222222222222,18,119304894.45,Higher,False,No setup,True,Neutral,0,Not applicable,No directional setup; confirmation score not applicable.,Wide CPR,Wide Upside Watch,Unavailable,Wide CPR + close above CPR; trend unavailable; participation unavailable,None,0,No active J-Curve setup.
RELAXO,EQ,RELAXO FOOT LTD.,343.55,352.95,340.6,350.85,185171,64511442.3,20260616,348.1333333333334,346.775,349.4916666666668,349.4916666666668,346.775,2.7166666666668107,0.7743100090257405,Wide,Bullish,Above CPR,Cash Only,Footwear,False,False,0.6666666666666666,18,63851489.1,Overlapping,False,No setup,False,Neutral,0,Not applicable,No directional setup; confirmation score not applicable.,Wide CPR,Wide Upside Watch,Unavailable,Wide CPR + close above CPR; trend unavailable; participation unavailable,None,0,No active J-Curve setup.
ODIGMA,EQ,ODIGMA CONSULTANCY SOL L,22.65,23.35,22.41,23.15,29231,673263.89,20260616,22.97,22.880000000000003,23.059999999999995,23.059999999999995,22.880000000000003,0.1799999999999926,0.7775377969762101,Wide,Bullish,Above CPR,Cash Only,Diversified,False,False,0.4444444444444444,18,785041.9,Higher,False,No setup,False,Neutral,0,Not applicable,No directional setup; confirmation score not applicable.,Wide CPR,Wide Upside Watch,Unavailable,Wide CPR + close above CPR; trend unavailable; participation unavailable,None,0,No active J-Curve setup.
GALAXYSURF,EQ,GALAXY SURFACTANTS LTD,1770.0,1800.0,1750.0,1796.0,7776,13873581.3,20260616,1782.0,1775.0,1789.0,1789.0,1775.0,14.0,0.779510022271715,Wide,Bullish,Above CPR,Cash Only,Diversified,False,False,0.8888888888888888,18,14558855.8,Higher,False,No setup,False,Neutral,0,Not applicable,No directional setup; confirmation score not applicable.,Wide CPR,Wide Upside Watch,Unavailable,Wide CPR + close above CPR; trend unavailable; participation unavailable,None,0,No active J-Curve setup.
ZYDUSWELL,EQ,ZYDUS WELLNESS LIMITED,499.8,512.5,496.55,510.5,256806,129916245.05,20260616,506.51666666666665,504.525,508.5083333333333,508.5083333333333,504.525,3.983333333333349,0.7802807704864542,Wide,Bullish,Above CPR,Cash Only,Fast Moving Consumer Goods,False,False,0.5555555555555556,18,120222895.35,Overlapping,False,No setup,True,Neutral,0,Not applicable,No directional setup; confirmation score not applicable.,Wide CPR,Wide Upside Watch,Unavailable,Wide CPR + close above CPR; trend unavailable; participation unavailable,None,0,No active J-Curve setup.
HARSHA,EQ,HARSHA ENGINEERS INT LTD,424.8,441.7,421.45,436.7,464282,202399332.0,20260616,433.2833333333333,431.575,434.9916666666666,434.9916666666666,431.575,3.4166666666666288,0.7823830241966175,Wide,Bullish,Above CPR,Cash Only,Diversified,False,False,0.7222222222222222,18,128858091.95,Higher,False,No setup,False,Neutral,0,Not applicable,No directional setup; confirmation score not applicable.,Wide CPR,Wide Upside Watch,Unavailable,Wide CPR + close above CPR; trend unavailable; participation unavailable,None,0,No active J-Curve setup.
SANGHVIMOV,EQ,SANGHVI MOVERS LTD,427.65,428.1,406.05,422.05,682636,285618268.1,20260616,418.73333333333335,417.0750000000001,420.39166666666665,420.39166666666665,417.0750000000001,3.316666666666606,0.7858468585870408,Wide,Bullish,Above CPR,Cash Only,Diversified,False,False,0.3888888888888889,18,117166607.425,Higher,False,No setup,False,Neutral,0,Not applicable,No directional setup; confirmation score not applicable.,Wide CPR,Wide Upside Watch,Unavailable,Wide CPR + close above CPR; trend unavailable; participation unavailable,None,0,No active J-Curve setup.
KAUSHALYA,EQ,KAUSHALYA INFRA DEV LTD.,857.0,869.0,835.0,862.2,125,106597.45,20260616,855.4,852.0,858.8,858.8,852.0,6.7999999999999545,0.7886801206216602,Wide,Bullish,Above CPR,Cash Only,Diversified,False,False,0.8888888888888888,18,56865.125,Overlapping,False,No setup,False,Neutral,0,Not applicable,No directional setup; confirmation score not applicable.,Wide CPR,Wide Upside Watch,Unavailable,Wide CPR + close above CPR; trend unavailable; participation unavailable,None,0,No active J-Curve setup.
DLF,EQ,DLF LIMITED,618.0,632.0,611.7,629.3,5391666,3363932874.5,20260616,624.3333333333334,621.85,626.8166666666667,626.8166666666667,621.85,4.966666666666697,0.7892367180465116,Wide,Bullish,Above CPR,Cash Only,Realty,False,False,0.8333333333333334,18,1804614181.4,Higher,False,No setup,True,Neutral,0,Not applicable,No directional setup; confirmation score not applicable.,Wide CPR,Wide Upside Watch,Unavailable,Wide CPR + close above CPR; trend unavailable; participation unavailable,None,0,No active J-Curve setup.
THOMASCOTT,EQ,THOMAS SCOTT (INDIA) LTD,274.95,289.65,273.55,285.0,54172,15191166.2,20260616,282.7333333333333,281.6,283.8666666666667,283.8666666666667,281.6,2.2666666666666515,0.7953216374268953,Wide,Bullish,Above CPR,Cash Only,Diversified,False,False,0.5555555555555556,18,16244295.125,Higher,False,No setup,False,Neutral,0,Not applicable,No directional setup; confirmation score not applicable.,Wide CPR,Wide Upside Watch,Unavailable,Wide CPR + close above CPR; trend unavailable; participation unavailable,None,0,No active J-Curve setup.
MAPMYINDIA,EQ,C.E. INFO SYSTEMS LIMITED,874.75,885.0,856.8,881.45,233344,204133670.65,20260616,874.4166666666666,870.9,877.9333333333333,877.9333333333333,870.9,7.033333333333303,0.7979276570801863,Wide,Bullish,Above CPR,Cash Only,Information Technology,False,False,0.5555555555555556,18,216572255.725,Inside,False,No setup,True,Neutral,0,Not applicable,No directional setup; confirmation score not applicable.,Wide CPR,Wide Upside Watch,Unavailable,Wide CPR + close above CPR; trend unavailable; participation unavailable,None,0,No active J-Curve setup.
MALLCOM,EQ,MALLCOM (INDIA) LIMITED,1020.3,1059.0,1015.95,1050.05,3768,3936657.55,20260616,1041.6666666666667,1037.475,1045.8583333333336,1045.8583333333336,1037.475,8.383333333333667,0.7983746805707983,Wide,Bullish,Above CPR,Cash Only,Diversified,False,False,0.6666666666666666,18,4391340.1,Higher,False,No setup,False,Neutral,0,Not applicable,No directional setup; confirmation score not applicable.,Wide CPR,Wide Upside Watch,Unavailable,Wide CPR + close above CPR; trend unavailable; participation unavailable,None,0,No active J-Curve setup.
SPARC,EQ,SUN PHARMA ADV.RES.CO.LTD,231.66,240.8,230.25,238.41,3212926,756646037.0,20260616,236.48666666666668,235.525,237.44833333333332,237.44833333333332,235.525,1.9233333333333464,0.8067334983152328,Wide,Bullish,Above CPR,Cash Only,Diversified,False,False,0.2777777777777778,18,954491975.925,Higher,False,No setup,False,Neutral,0,Not applicable,No directional setup; confirmation score not applicable.,Wide CPR,Wide Upside Watch,Unavailable,Wide CPR + close above CPR; trend unavailable; participation unavailable,None,0,No active J-Curve setup.
SAGCEM,EQ,SAGAR CEMENTS LIMITED,172.74,176.48,171.21,175.98,45785,7983496.11,20260616,174.55666666666664,173.845,175.2683333333333,175.2683333333333,173.845,1.4233333333332894,0.8088040307610465,Wide,Bullish,Above CPR,Cash Only,Diversified,False,False,0.9444444444444444,18,9482563.555,Higher,False,No setup,False,Neutral,0,Not applicable,No directional setup; confirmation score not applicable.,Wide CPR,Wide Upside Watch,Unavailable,Wide CPR + close above CPR; trend unavailable; participation unavailable,None,0,No active J-Curve setup.
BHARATWIRE,EQ,BHARAT WIRE ROPES LTD.,212.59,225.99,210.74,221.09,700005,153396378.4,20260616,219.2733333333333,218.365,220.18166666666667,220.18166666666667,218.365,1.8166666666666629,0.8216864926802039,Wide,Bullish,Above CPR,Cash Only,Diversified,False,False,0.5,18,41653667.755,Higher,False,No setup,False,Neutral,0,Not applicable,No directional setup; confirmation score not applicable.,Wide CPR,Wide Upside Watch,Unavailable,Wide CPR + close above CPR; trend unavailable; participation unavailable,None,0,No active J-Curve setup.
BHARATCOAL,EQ,BHARAT COKING COAL LTD,37.8,38.9,36.81,38.33,41853410,1585130848.75,20260616,38.013333333333335,37.855,38.17166666666667,38.17166666666667,37.855,0.3166666666666629,0.8261587964170699,Wide,Bullish,Above CPR,Cash Only,Diversified,False,False,0.6111111111111112,18,1365807183.645,Overlapping,False,No setup,False,Neutral,0,Not applicable,No directional setup; confirmation score not applicable.,Wide CPR,Wide Upside Watch,Unavailable,Wide CPR + close above CPR; trend unavailable; participation unavailable,None,0,No active J-Curve setup.
KANANIIND,EQ,KANANI INDUSTRIES LTD,1.59,1.65,1.53,1.61,258435,409142.2,20260616,1.596666666666667,1.59,1.6033333333333335,1.6033333333333335,1.59,0.0133333333333336,0.8281573498964995,Wide,Bullish,Above CPR,Cash Only,Diversified,False,False,0.3888888888888889,18,197916.9,Higher,False,No setup,False,Neutral,0,Not applicable,No directional setup; confirmation score not applicable.,Wide CPR,Wide Upside Watch,Unavailable,Wide CPR + close above CPR; trend unavailable; participation unavailable,None,0,No active J-Curve setup.
ASTEC,EQ,ASTEC LIFESCIENCES LTD,774.35,794.0,766.05,789.9,60206,47206673.2,20260616,783.3166666666666,780.025,786.6083333333332,786.6083333333332,780.025,6.5833333333332575,0.8334388319196427,Wide,Bullish,Above CPR,Cash Only,Diversified,False,False,0.3888888888888889,18,53562931.400000006,Higher,False,No setup,False,Neutral,0,Not applicable,No directional setup; confirmation score not applicable.,Wide CPR,Wide Upside Watch,Unavailable,Wide CPR + close above CPR; trend unavailable; participation unavailable,None,0,No active J-Curve setup.
APOLLO,EQ,APOLLO MICRO SYSTEMS LTD,423.8,440.0,420.0,435.45,23201520,10012252780.65,20260616,431.81666666666666,430.0,433.6333333333333,433.6333333333333,430.0,3.6333333333333258,0.8343858843342119,Wide,Bullish,Above CPR,Cash Only,Diversified,False,False,0.5,18,11803254739.3,Higher,False,No setup,False,Neutral,0,Not applicable,No directional setup; confirmation score not applicable.,Wide CPR,Wide Upside Watch,Unavailable,Wide CPR + close above CPR; trend unavailable; participation unavailable,None,0,No active J-Curve setup.
CCAVENUE,EQ,AVENUESAI LIMITED,13.88,14.49,13.77,14.31,26554371,378356364.91,20260616,14.19,14.13,14.25,14.25,14.13,0.120000000000001,0.8385744234800908,Wide,Bullish,Above CPR,Cash Only,Diversified,False,False,0.9444444444444444,18,100204489.195,Higher,False,No setup,False,Neutral,0,Not applicable,No directional setup; confirmation score not applicable.,Wide CPR,Wide Upside Watch,Unavailable,Wide CPR + close above CPR; trend unavailable; participation unavailable,None,0,No active J-Curve setup.
ANUHPHR,EQ,ANUH PHARMA LIMITED,78.99,81.69,78.01,80.87,163675,13142978.9,20260616,80.19,79.85,80.53,80.53,79.85,0.6800000000000068,0.8408556943242324,Wide,Bullish,Above CPR,Cash Only,Diversified,False,False,0.7222222222222222,18,3244562.485,Higher,False,No setup,False,Neutral,0,Not applicable,No directional setup; confirmation score not applicable.,Wide CPR,Wide Upside Watch,Unavailable,Wide CPR + close above CPR; trend unavailable; participation unavailable,None,0,No active J-Curve setup.
ICICIGI,EQ,ICICI LOMBARD GIC LIMITED,1734.4,1790.0,1732.0,1783.6,389087,688285014.2,20260616,1768.5333333333335,1761.0,1776.066666666667,1776.066666666667,1761.0,15.06666666666706,0.8447334977947444,Wide,Bullish,Above CPR,Cash Only,Financial Services,False,False,0.9444444444444444,18,934287820.8,Higher,False,No setup,True,Neutral,0,Not applicable,No directional setup; confirmation score not applicable.,Wide CPR,Wide Upside Watch,Unavailable,Wide CPR + close above CPR; trend unavailable; participation unavailable,None,0,No active J-Curve setup.
KANPRPLA,EQ,KANPUR PLASTIPACK LIMITED,186.85,195.5,183.95,192.16,16836,3170228.77,20260616,190.53666666666663,189.725,191.34833333333333,191.34833333333333,189.725,1.6233333333333348,0.8447821260061068,Wide,Bullish,Above CPR,Cash Only,Diversified,False,False,0.5555555555555556,18,3076399.04,Higher,False,No setup,False,Neutral,0,Not applicable,No directional setup; confirmation score not applicable.,Wide CPR,Wide Upside Watch,Unavailable,Wide CPR + close above CPR; trend unavailable; participation unavailable,None,0,No active J-Curve setup.
BIRLACORPN,EQ,BIRLA CORPORATION LTD,976.15,1000.0,973.0,999.3,75408,74497614.15,20260616,990.7666666666668,986.5,995.0333333333336,995.0333333333336,986.5,8.53333333333353,0.853931085092918,Wide,Bullish,Above CPR,Cash Only,Diversified,False,False,1.0,18,38488212.125,Higher,False,No setup,False,Neutral,0,Not applicable,No directional setup; confirmation score not applicable.,Wide CPR,Wide Upside Watch,Unavailable,Wide CPR + close above CPR; trend unavailable; participation unavailable,None,0,No active J-Curve setup.
KAJARIACER,EQ,KAJARIA CERAMICS LTD,1113.1,1142.8,1106.1,1139.1,337437,381870902.4,20260616,1129.3333333333333,1124.4499999999998,1134.2166666666667,1134.2166666666667,1124.4499999999998,9.76666666666688,0.8574020425482294,Wide,Bullish,Above CPR,Cash Only,Consumer Durables,False,False,1.0,18,189691218.85,Higher,False,No setup,True,Neutral,0,Not applicable,No directional setup; confirmation score not applicable.,Wide CPR,Wide Upside Watch,Unavailable,Wide CPR + close above CPR; trend unavailable; participation unavailable,None,0,No active J-Curve setup.
CYIENT,EQ,CYIENT LIMITED,900.0,912.8,879.0,907.65,1284148,1148688398.4,20260616,899.8166666666666,895.9,903.7333333333332,903.7333333333332,895.9,7.8333333333332575,0.8630345764703639,Wide,Bullish,Above CPR,Cash Only,Information Technology,False,False,0.9444444444444444,18,354514192.975,Higher,False,No setup,True,Neutral,0,Not applicable,No directional setup; confirmation score not applicable.,Wide CPR,Wide Upside Watch,Unavailable,Wide CPR + close above CPR; trend unavailable; participation unavailable,None,0,No active J-Curve setup.
DIFFNKG,EQ,DIFFUSION ENGINEERS LTD,367.9,375.2,360.35,372.6,183704,68030793.25,20260616,369.3833333333334,367.775,370.9916666666668,370.9916666666668,367.775,3.2166666666668107,0.8633029164430517,Wide,Bullish,Above CPR,Cash Only,Diversified,False,False,0.6111111111111112,18,39971554.225,Inside,False,No setup,False,Neutral,0,Not applicable,No directional setup; confirmation score not applicable.,Wide CPR,Wide Upside Watch,Unavailable,Wide CPR + close above CPR; trend unavailable; participation unavailable,None,0,No active J-Curve setup.
SBICARD,EQ,SBI CARDS & PAY SER LTD,601.8,626.0,601.15,621.65,1960494,1211196742.15,20260616,616.2666666666668,613.575,618.9583333333335,618.9583333333335,613.575,5.383333333333439,0.8659749591142025,Wide,Bullish,Above CPR,Cash Only,Financial Services,False,False,0.9444444444444444,18,595135345.55,Higher,False,No setup,True,Neutral,0,Not applicable,No directional setup; confirmation score not applicable.,Wide CPR,Wide Upside Watch,Unavailable,Wide CPR + close above CPR; trend unavailable; participation unavailable,None,0,No active J-Curve setup.
GRANDOAK,EQ,GRAND OAK CANYONS DIST L,38.99,39.83,38.79,39.83,51316,2036747.44,20260616,39.48333333333333,39.31,39.656666666666666,39.656666666666666,39.31,0.346666666666664,0.8703657209808285,Wide,Bullish,Above CPR,Cash Only,Diversified,False,False,0.2777777777777778,18,137947.065,Higher,False,No setup,False,Neutral,0,Not applicable,No directional setup; confirmation score not applicable.,Wide CPR,Wide Upside Watch,Unavailable,Wide CPR + close above CPR; trend unavailable; participation unavailable,None,0,No active J-Curve setup.
SSDL,EQ,SARASWATI SAREE DEPOT LTD,56.15,58.0,56.15,57.83,11331,650950.8,20260616,57.32666666666668,57.075,57.57833333333335,57.57833333333335,57.075,0.5033333333333445,0.8703671681365113,Wide,Bullish,Above CPR,Cash Only,Diversified,False,False,0.8333333333333334,18,1210736.0,Higher,False,No setup,False,Neutral,0,Not applicable,No directional setup; confirmation score not applicable.,Wide CPR,Wide Upside Watch,Unavailable,Wide CPR + close above CPR; trend unavailable; participation unavailable,None,0,No active J-Curve setup.
RAJSREESUG,EQ,RAJSHREE SUGAR & CHEMICAL,33.12,34.3,32.85,34.02,25496,861376.03,20260616,33.723333333333336,33.575,33.87166666666667,33.87166666666667,33.575,0.2966666666666668,0.8720360572212429,Wide,Bullish,Above CPR,Cash Only,Diversified,False,False,0.6111111111111112,18,943490.025,Overlapping,False,No setup,False,Neutral,0,Not applicable,No directional setup; confirmation score not applicable.,Wide CPR,Wide Upside Watch,Unavailable,Wide CPR + close above CPR; trend unavailable; participation unavailable,None,0,No active J-Curve setup.
PRAENG,EQ,PRAJAY ENG. SYN. LTD.,20.26,21.88,20.26,21.35,42136,884317.41,20260616,21.16333333333333,21.07,21.256666666666668,21.256666666666668,21.07,0.1866666666666674,0.8743169398907138,Wide,Bullish,Above CPR,Cash Only,Diversified,False,False,0.4444444444444444,18,946615.08,Higher,False,No setup,False,Neutral,0,Not applicable,No directional setup; confirmation score not applicable.,Wide CPR,Wide Upside Watch,Unavailable,Wide CPR + close above CPR; trend unavailable; participation unavailable,None,0,No active J-Curve setup.
LAGNAM,EQ,LAGNAM SPINTEX LIMITED,81.15,82.39,77.15,80.84,7559,603400.57,20260616,80.12666666666668,79.77000000000001,80.48333333333335,80.48333333333335,79.77000000000001,0.7133333333333383,0.8824014514266926,Wide,Bullish,Above CPR,Cash Only,Diversified,False,False,0.6111111111111112,18,587618.22,Lower,False,No setup,False,Neutral,0,Not applicable,No directional setup; confirmation score not applicable.,Wide CPR,Wide Upside Watch,Unavailable,Wide CPR + close above CPR; trend unavailable; participation unavailable,None,0,No active J-Curve setup.
EXPLEOSOL,EQ,EXPLEO SOLUTIONS LIMITED,803.65,838.3,803.65,832.15,42682,35217459.95,20260616,824.6999999999999,820.9749999999999,828.425,828.425,820.9749999999999,7.450000000000045,0.895271285225025,Wide,Bullish,Above CPR,Cash Only,Diversified,False,False,0.7222222222222222,18,27113401.975,Higher,False,No setup,False,Neutral,0,Not applicable,No directional setup; confirmation score not applicable.,Wide CPR,Wide Upside Watch,Unavailable,Wide CPR + close above CPR; trend unavailable; participation unavailable,None,0,No active J-Curve setup.
PPAP,EQ,PPAP AUTOMOTIVE LIMITED,243.0,245.0,235.0,243.27,29513,7094554.75,20260616,241.09,240.0,242.18,242.18,240.0,2.180000000000007,0.8961236486208767,Wide,Bullish,Above CPR,Cash Only,Diversified,False,False,0.6666666666666666,18,2288502.435,Lower,False,No setup,False,Neutral,0,Not applicable,No directional setup; confirmation score not applicable.,Wide CPR,Wide Upside Watch,Unavailable,Wide CPR + close above CPR; trend unavailable; participation unavailable,None,0,No active J-Curve setup.
GUFICBIO,EQ,GUFIC BIOSCIENCES LTD.,360.5,374.0,356.05,370.0,118082,43024601.0,20260616,366.6833333333333,365.025,368.3416666666667,368.3416666666667,365.025,3.31666666666672,0.8963963963964107,Wide,Bullish,Above CPR,Cash Only,Healthcare & Pharma,False,False,0.6666666666666666,18,48690389.25,Overlapping,False,No setup,False,Neutral,0,Not applicable,No directional setup; confirmation score not applicable.,Wide CPR,Wide Upside Watch,Unavailable,Wide CPR + close above CPR; trend unavailable; participation unavailable,None,0,No active J-Curve setup.
WEIZMANIND,EQ,WEIZMANN LTD,82.5,88.4,82.04,86.39,6831,585662.22,20260616,85.61,85.22,86.0,86.0,85.22,0.7800000000000011,0.9028822780414412,Wide,Bullish,Above CPR,Cash Only,Diversified,False,False,0.8333333333333334,18,138329.02,Higher,False,No setup,False,Neutral,0,Not applicable,No directional setup; confirmation score not applicable.,Wide CPR,Wide Upside Watch,Unavailable,Wide CPR + close above CPR; trend unavailable; participation unavailable,None,0,No active J-Curve setup.
RATEGAIN,EQ,RATEGAIN TRAVEL TECHN LTD,829.75,849.9,815.65,844.35,624904,524953634.8,20260616,836.6333333333333,832.775,840.4916666666667,840.4916666666667,832.775,7.716666666666697,0.9139180039872916,Wide,Bullish,Above CPR,Cash Only,Information Technology,False,False,0.7777777777777778,18,502604684.1,Higher,False,No setup,False,Neutral,0,Not applicable,No directional setup; confirmation score not applicable.,Wide CPR,Wide Upside Watch,Unavailable,Wide CPR + close above CPR; trend unavailable; participation unavailable,None,0,No active J-Curve setup.
SUTLEJTEX,EQ,SUTLEJ TEXT & INDUS LTD,38.41,38.5,36.93,38.24,62300,2381465.58,20260616,37.89000000000001,37.715,38.06500000000001,38.06500000000001,37.715,0.3500000000000085,0.9152719665272188,Wide,Bullish,Above CPR,Cash Only,Diversified,False,False,0.7777777777777778,18,1416273.93,Higher,False,No setup,False,Neutral,0,Not applicable,No directional setup; confirmation score not applicable.,Wide CPR,Wide Upside Watch,Unavailable,Wide CPR + close above CPR; trend unavailable; participation unavailable,None,0,No active J-Curve setup.
JAICORPLTD,EQ,JAI CORP LIMITED,113.6,121.6,113.5,119.19,2888956,342799088.63,20260616,118.09666666666664,117.55,118.6433333333333,118.6433333333333,117.55,1.0933333333333053,0.9173029057247296,Wide,Bullish,Above CPR,Cash Only,Diversified,False,False,0.8333333333333334,18,46230645.78,Higher,False,No setup,False,Neutral,0,Not applicable,No directional setup; confirmation score not applicable.,Wide CPR,Wide Upside Watch,Unavailable,Wide CPR + close above CPR; trend unavailable; participation unavailable,None,0,No active J-Curve setup.
RHL,EQ,ROBUST HOTELS LIMITED,175.01,180.0,175.0,179.98,2770,494600.92,20260616,178.32666666666668,177.5,179.15333333333336,179.15333333333336,177.5,1.6533333333333644,0.9186205874726996,Wide,Bullish,Above CPR,Cash Only,Diversified,False,False,0.9444444444444444,18,397025.445,Overlapping,False,No setup,False,Neutral,0,Not applicable,No directional setup; confirmation score not applicable.,Wide CPR,Wide Upside Watch,Unavailable,Wide CPR + close above CPR; trend unavailable; participation unavailable,None,0,No active J-Curve setup.
GRADIENTE,EQ,GRADIENTE INFOTAINMENT L,2.1,2.2,2.08,2.17,1371060,2946046.99,20260616,2.15,2.14,2.16,2.16,2.14,0.0199999999999995,0.9216589861750956,Wide,Bullish,Above CPR,Cash Only,Diversified,False,False,0.7647058823529411,17,634458.75,Lower,False,No setup,False,Neutral,0,Not applicable,No directional setup; confirmation score not applicable.,Wide CPR,Wide Upside Watch,Unavailable,Wide CPR + close above CPR; trend unavailable; participation unavailable,None,0,No active J-Curve setup.
BALKRISHNA,EQ,BALKRISHNA PAPER MILLS L,18.21,18.8,18.0,18.66,20326,376741.75,20260616,18.486666666666665,18.4,18.57333333333333,18.57333333333333,18.4,0.173333333333332,0.9289031797070312,Wide,Bullish,Above CPR,Cash Only,Diversified,False,False,0.7777777777777778,18,133084.22499999998,Higher,False,No setup,False,Neutral,0,Not applicable,No directional setup; confirmation score not applicable.,Wide CPR,Wide Upside Watch,Unavailable,Wide CPR + close above CPR; trend unavailable; participation unavailable,None,0,No active J-Curve setup.
GOLDTECH,EQ,AION-TECH SOLUTIONS LTD,41.7,43.48,41.4,43.04,22485,954227.77,20260616,42.63999999999999,42.44,42.83999999999999,42.83999999999999,42.44,0.3999999999999915,0.9293680297397572,Wide,Bullish,Above CPR,Cash Only,Information Technology,False,False,0.5555555555555556,18,2349478.76,Higher,False,No setup,False,Neutral,0,Not applicable,No directional setup; confirmation score not applicable.,Wide CPR,Wide Upside Watch,Unavailable,Wide CPR + close above CPR; trend unavailable; participation unavailable,None,0,No active J-Curve setup.
TCPLPACK,EQ,TCPL PACKAGING LIMITED,2525.0,2839.9,2525.0,2720.4,19527,53018128.3,20260616,2695.1,2682.45,2707.75,2707.75,2682.45,25.300000000000185,0.9300102926040354,Wide,Bullish,Above CPR,Cash Only,Paper & Packaging,False,False,0.7777777777777778,18,3668386.5,Higher,False,No setup,False,Neutral,0,Not applicable,No directional setup; confirmation score not applicable.,Wide CPR,Wide Upside Watch,Unavailable,Wide CPR + close above CPR; trend unavailable; participation unavailable,None,0,No active J-Curve setup.
COROMANDEL,EQ,COROMANDEL INTERNTL. LTD,1995.0,2081.0,1980.8,2059.7,568500,1162210144.3,20260616,2040.5,2030.9,2050.1,2050.1,2030.9,19.199999999999815,0.9321745885323016,Wide,Bullish,Above CPR,Cash Only,Chemicals,False,False,0.7777777777777778,18,707530927.4,Higher,False,No setup,True,Neutral,0,Not applicable,No directional setup; confirmation score not applicable.,Wide CPR,Wide Upside Watch,Unavailable,Wide CPR + close above CPR; trend unavailable; participation unavailable,None,0,No active J-Curve setup.
HECPROJECT,EQ,HEC INFRA PROJECTS LTD,123.89,137.0,118.81,129.72,64503,8406780.97,20260616,128.51,127.905,129.11499999999998,129.11499999999998,127.905,1.2099999999999795,0.9327782917051954,Wide,Bullish,Above CPR,Cash Only,Diversified,False,False,0.6111111111111112,18,1341531.63,Higher,False,No setup,False,Neutral,0,Not applicable,No directional setup; confirmation score not applicable.,Wide CPR,Wide Upside Watch,Unavailable,Wide CPR + close above CPR; trend unavailable; participation unavailable,None,0,No active J-Curve setup.
JKCEMENT,EQ,JK CEMENT LIMITED,5150.0,5346.0,5133.0,5314.0,106194,559957813.5,20260616,5264.333333333333,5239.5,5289.166666666666,5289.166666666666,5239.5,49.66666666666606,0.9346380629782848,Wide,Bullish,Above CPR,Cash Only,Construction Materials,False,False,0.7222222222222222,18,367634684.0,Higher,False,No setup,True,Neutral,0,Not applicable,No directional setup; confirmation score not applicable.,Wide CPR,Wide Upside Watch,Unavailable,Wide CPR + close above CPR; trend unavailable; participation unavailable,None,0,No active J-Curve setup.
GVPIL,EQ,GE POWER INDIA LIMITED,1004.0,1024.8,996.05,1024.8,382750,390201322.1,20260616,1015.2166666666666,1010.425,1020.0083333333332,1020.0083333333332,1010.425,9.583333333333258,0.93514181628935,Wide,Bullish,Above CPR,Cash Only,Diversified,False,False,0.5,18,435933828.05,Higher,False,No setup,False,Neutral,0,Not applicable,No directional setup; confirmation score not applicable.,Wide CPR,Wide Upside Watch,Unavailable,Wide CPR + close above CPR; trend unavailable; participation unavailable,None,0,No active J-Curve setup.
TEAMGTY,EQ,TEAM INDIA GUARANTY LTD,239.65,244.95,236.45,244.15,160,38514.65,20260616,241.85,240.7,243.0,243.0,240.7,2.300000000000012,0.9420438255171047,Wide,Bullish,Above CPR,Cash Only,FMCG & Food Products,False,False,0.5555555555555556,18,281909.5,Overlapping,False,No setup,False,Neutral,0,Not applicable,No directional setup; confirmation score not applicable.,Wide CPR,Wide Upside Watch,Unavailable,Wide CPR + close above CPR; trend unavailable; participation unavailable,None,0,No active J-Curve setup.
GINNIFILA,EQ,GINNI FILAMENTS LTD,43.71,44.8,43.0,44.53,62973,2771691.77,20260616,44.10999999999999,43.9,44.31999999999999,44.31999999999999,43.9,0.4199999999999875,0.9431843700875532,Wide,Bullish,Above CPR,Cash Only,Diversified,False,False,0.6111111111111112,18,3076582.56,Higher,False,No setup,False,Neutral,0,Not applicable,No directional setup; confirmation score not applicable.,Wide CPR,Wide Upside Watch,Unavailable,Wide CPR + close above CPR; trend unavailable; participation unavailable,None,0,No active J-Curve setup.
CREATIVEYE,EQ,CREATIVE EYE LIMITED,6.7,6.76,6.43,6.69,3614,24204.0,20260616,6.626666666666666,6.595,6.658333333333332,6.658333333333332,6.595,0.0633333333333325,0.9466865969108008,Wide,Bullish,Above CPR,Cash Only,Diversified,False,False,0.7777777777777778,18,58497.465,Higher,False,No setup,False,Neutral,0,Not applicable,No directional setup; confirmation score not applicable.,Wide CPR,Wide Upside Watch,Unavailable,Wide CPR + close above CPR; trend unavailable; participation unavailable,None,0,No active J-Curve setup.
VMART,EQ,VMART RETAIL LTD,733.7,734.0,709.0,731.9,250395,181055095.1,20260616,724.9666666666667,721.5,728.4333333333334,728.4333333333334,721.5,6.933333333333394,0.947306098283016,Wide,Bullish,Above CPR,Cash Only,Consumer & Retail,False,False,0.8888888888888888,18,119077275.775,Lower,False,No setup,False,Neutral,0,Not applicable,No directional setup; confirmation score not applicable.,Wide CPR,Wide Upside Watch,Unavailable,Wide CPR + close above CPR; trend unavailable; participation unavailable,None,0,No active J-Curve setup.
VIDYAWIRES,EQ,VIDYA WIRES LIMITED,95.55,98.2,95.4,98.2,1724825,168218051.83,20260616,97.26666666666668,96.8,97.73333333333332,97.73333333333332,96.8,0.9333333333333088,0.9504412763068316,Wide,Bullish,Above CPR,Cash Only,Diversified,False,False,0.4444444444444444,18,441980146.23,Higher,False,No setup,False,Neutral,0,Not applicable,No directional setup; confirmation score not applicable.,Wide CPR,Wide Upside Watch,Unavailable,Wide CPR + close above CPR; trend unavailable; participation unavailable,None,0,No active J-Curve setup.
FINEORG,EQ,FINE ORGANIC IND. LTD.,4987.9,5049.0,4882.2,5037.8,21986,109142741.4,20260616,4989.666666666667,4965.6,5013.733333333334,5013.733333333334,4965.6,48.13333333333321,0.955443513703069,Wide,Bullish,Above CPR,Cash Only,Specialty Chemicals,False,False,0.8888888888888888,18,41593100.25,Higher,False,No setup,False,Neutral,0,Not applicable,No directional setup; confirmation score not applicable.,Wide CPR,Wide Upside Watch,Unavailable,Wide CPR + close above CPR; trend unavailable; participation unavailable,None,0,No active J-Curve setup.
MARSONS,EQ,MARSONS LIMITED,111.88,115.9,110.0,114.6,1884172,214101111.84,20260616,113.5,112.95,114.05,114.05,112.95,1.0999999999999943,0.9598603839441489,Wide,Bullish,Above CPR,Cash Only,Diversified,False,False,0.3333333333333333,18,269388938.13,Overlapping,False,No setup,False,Neutral,0,Not applicable,No directional setup; confirmation score not applicable.,Wide CPR,Wide Upside Watch,Unavailable,Wide CPR + close above CPR; trend unavailable; participation unavailable,None,0,No active J-Curve setup.
MUKTAARTS,EQ,MUKTA ARTS LIMITED,65.8,65.8,62.5,65.09,13108,853391.28,20260616,64.46333333333334,64.15,64.77666666666667,64.77666666666667,64.15,0.6266666666666652,0.9627694986429024,Wide,Bullish,Above CPR,Cash Only,Diversified,False,False,0.5,18,483372.975,Higher,False,No setup,False,Neutral,0,Not applicable,No directional setup; confirmation score not applicable.,Wide CPR,Wide Upside Watch,Unavailable,Wide CPR + close above CPR; trend unavailable; participation unavailable,None,0,No active J-Curve setup.
GLOBAL,EQ,GLOBAL EDUCATION LIMITED,101.0,105.4,100.6,104.51,102378,10533370.93,20260616,103.50333333333332,103.0,104.00666666666666,104.00666666666666,103.0,1.0066666666666606,0.963225209708794,Wide,Bullish,Above CPR,Cash Only,Diversified,False,False,0.8333333333333334,18,9310931.14,Overlapping,False,No setup,False,Neutral,0,Not applicable,No directional setup; confirmation score not applicable.,Wide CPR,Wide Upside Watch,Unavailable,Wide CPR + close above CPR; trend unavailable; participation unavailable,None,0,No active J-Curve setup.
HSCL,EQ,HIMADRI SPECIALITY CHEM L,672.0,695.0,663.4,689.2,12041950,8184014140.9,20260616,682.5333333333334,679.2,685.8666666666668,685.8666666666668,679.2,6.666666666666743,0.967305088024774,Wide,Bullish,Above CPR,Cash Only,Chemicals,False,False,0.8333333333333334,18,7623646262.075,Higher,False,No setup,True,Neutral,0,Not applicable,No directional setup; confirmation score not applicable.,Wide CPR,Wide Upside Watch,Unavailable,Wide CPR + close above CPR; trend unavailable; participation unavailable,None,0,No active J-Curve setup.
ELANTAS,EQ,ELANTAS BECK INDIA LTD.,9842.5,10196.0,9535.5,10011.5,2207,21845680.0,20260616,9914.333333333334,9865.75,9962.916666666668,9962.916666666668,9865.75,97.16666666666788,0.9705505335530928,Wide,Bullish,Above CPR,Cash Only,Diversified,False,False,0.7777777777777778,18,8692986.75,Higher,False,No setup,False,Neutral,0,Not applicable,No directional setup; confirmation score not applicable.,Wide CPR,Wide Upside Watch,Unavailable,Wide CPR + close above CPR; trend unavailable; participation unavailable,None,0,No active J-Curve setup.
MFML,EQ,MAHALAXMI FABRIC MILLS LT,22.95,23.64,22.95,23.64,43,997.54,20260616,23.41,23.295,23.525,23.525,23.295,0.2299999999999968,0.9729272419627616,Wide,Bullish,Above CPR,Cash Only,Diversified,False,False,0.4444444444444444,18,63533.285,Higher,False,No setup,False,Neutral,0,Not applicable,No directional setup; confirmation score not applicable.,Wide CPR,Wide Upside Watch,Unavailable,Wide CPR + close above CPR; trend unavailable; participation unavailable,None,0,No active J-Curve setup.
HMVL,EQ,HINDUSTAN MEDIA VENT LTD,81.16,84.9,81.16,84.26,131871,11043362.94,20260616,83.44,83.03,83.85,83.85,83.03,0.8199999999999932,0.97317825777355,Wide,Bullish,Above CPR,Cash Only,Diversified,False,False,0.5,18,6040178.915,Higher,False,No setup,False,Neutral,0,Not applicable,No directional setup; confirmation score not applicable.,Wide CPR,Wide Upside Watch,Unavailable,Wide CPR + close above CPR; trend unavailable; participation unavailable,None,0,No active J-Curve setup.
DIXON,EQ,DIXON TECHNO (INDIA) LTD,11933.0,12290.0,11822.0,12235.0,1091429,13203263072.0,20260616,12115.666666666666,12056.0,12175.333333333332,12175.333333333332,12056.0,119.33333333333212,0.9753439585887382,Wide,Bullish,Above CPR,Cash Only,Consumer Durables,False,False,0.8888888888888888,18,5111129893.5,Higher,False,No setup,True,Neutral,0,Not applicable,No directional setup; confirmation score not applicable.,Wide CPR,Wide Upside Watch,Unavailable,Wide CPR + close above CPR; trend unavailable; participation unavailable,None,0,No active J-Curve setup.
MAHLIFE,EQ,MAHINDRA LIFESPACE DEVLTD,332.3,344.0,331.5,342.8,122933,41575692.9,20260616,339.43333333333334,337.75,341.1166666666667,341.1166666666667,337.75,3.3666666666666742,0.9821081291326356,Wide,Bullish,Above CPR,Cash Only,Diversified,False,False,0.8888888888888888,18,28462915.625,Higher,False,No setup,False,Neutral,0,Not applicable,No directional setup; confirmation score not applicable.,Wide CPR,Wide Upside Watch,Unavailable,Wide CPR + close above CPR; trend unavailable; participation unavailable,None,0,No active J-Curve setup.
SAPPL,EQ,SHREE AJIT PULP & PAPER L,279.9,279.9,260.0,274.0,5149,1379088.7,20260616,271.3,269.95,272.65000000000003,272.65000000000003,269.95,2.700000000000045,0.9854014598540312,Wide,Bullish,Above CPR,Cash Only,Diversified,False,False,0.8333333333333334,18,320761.975,Lower,False,No setup,False,Neutral,0,Not applicable,No directional setup; confirmation score not applicable.,Wide CPR,Wide Upside Watch,Unavailable,Wide CPR + close above CPR; trend unavailable; participation unavailable,None,0,No active J-Curve setup.
AHLUCONT,EQ,AHLUWALIA CONT IND LTD,816.55,844.1,806.0,837.45,88430,73700663.2,20260616,829.1833333333334,825.05,833.3166666666668,833.3166666666668,825.05,8.266666666666879,0.9871236093697388,Wide,Bullish,Above CPR,Cash Only,Diversified,False,False,0.8888888888888888,18,32464357.375,Higher,False,No setup,False,Neutral,0,Not applicable,No directional setup; confirmation score not applicable.,Wide CPR,Wide Upside Watch,Unavailable,Wide CPR + close above CPR; trend unavailable; participation unavailable,None,0,No active J-Curve setup.
MGL,EQ,MAHANAGAR GAS LTD.,1147.0,1191.0,1144.7,1185.6,521597,610418104.5,20260616,1173.7666666666669,1167.85,1179.6833333333334,1179.6833333333334,1167.85,11.833333333333483,0.9980881691408136,Wide,Bullish,Above CPR,Cash Only,Oil Gas & Consumable Fuels,False,False,1.0,18,201432693.85,Higher,False,No setup,True,Neutral,0,Not applicable,No directional setup; confirmation score not applicable.,Wide CPR,Wide Upside Watch,Unavailable,Wide CPR + close above CPR; trend unavailable; participation unavailable,None,0,No active J-Curve setup.
NUCLEUS,EQ,NUCLEUS SOFTWARE EXPORTS,739.5,782.4,739.0,772.35,96231,73680603.4,20260616,764.5833333333334,760.7,768.4666666666667,768.4666666666667,760.7,7.7666666666666515,1.0055890032584516,Wide,Bullish,Above CPR,Cash Only,Diversified,False,False,0.6666666666666666,18,36487803.15,Higher,False,No setup,False,Neutral,0,Not applicable,No directional setup; confirmation score not applicable.,Wide CPR,Wide Upside Watch,Unavailable,Wide CPR + close above CPR; trend unavailable; participation unavailable,None,0,No active J-Curve setup.
RAMRAT,EQ,RAM RATNA WIRES LIMITED,379.85,398.0,379.85,394.9,173840,67930026.1,20260616,390.9166666666667,388.925,392.90833333333336,392.90833333333336,388.925,3.983333333333349,1.0086941841816532,Wide,Bullish,Above CPR,Cash Only,Diversified,False,False,0.6111111111111112,18,76493576.05,Higher,False,No setup,False,Neutral,0,Not applicable,No directional setup; confirmation score not applicable.,Wide CPR,Wide Upside Watch,Unavailable,Wide CPR + close above CPR; trend unavailable; participation unavailable,None,0,No active J-Curve setup.
KREBSBIO,EQ,KREBS BIOCHEMICALS & IND,67.6,67.97,63.26,66.63,10404,682224.25,20260616,65.95333333333333,65.615,66.29166666666667,66.29166666666667,65.615,0.6766666666666765,1.0155585572064785,Wide,Bullish,Above CPR,Cash Only,Healthcare & Pharma,False,False,0.6111111111111112,18,560422.655,Overlapping,False,No setup,False,Neutral,0,Not applicable,No directional setup; confirmation score not applicable.,Wide CPR,Wide Upside Watch,Unavailable,Wide CPR + close above CPR; trend unavailable; participation unavailable,None,0,No active J-Curve setup.
SOLEX,EQ,SOLEX ENERGY LIMITED,1100.0,1126.0,1086.7,1123.5,37689,41964064.6,20260616,1112.0666666666666,1106.35,1117.7833333333333,1117.7833333333333,1106.35,11.433333333333394,1.0176531671858828,Wide,Bullish,Above CPR,Cash Only,Diversified,False,False,0.5,18,64056586.150000006,Higher,False,No setup,False,Neutral,0,Not applicable,No directional setup; confirmation score not applicable.,Wide CPR,Wide Upside Watch,Unavailable,Wide CPR + close above CPR; trend unavailable; participation unavailable,None,0,No active J-Curve setup.
JISLJALEQS,EQ,JAIN IRRIGATION SYSTEMS,31.78,32.76,30.91,32.33,4588391,146043205.96,20260616,32.0,31.835,32.165,32.165,31.835,0.3299999999999983,1.02072378595731,Wide,Bullish,Above CPR,Cash Only,Diversified,False,False,0.9444444444444444,18,73502112.33,Higher,False,No setup,False,Neutral,0,Not applicable,No directional setup; confirmation score not applicable.,Wide CPR,Wide Upside Watch,Unavailable,Wide CPR + close above CPR; trend unavailable; participation unavailable,None,0,No active J-Curve setup.
FACT,EQ,FACT LTD,906.75,1058.6,906.35,997.8,13126383,13274626124.4,20260616,987.5833333333334,982.475,992.6916666666668,992.6916666666668,982.475,10.216666666666924,1.0239192891027185,Wide,Bullish,Above CPR,Cash Only,Chemicals,False,False,1.0,18,138621393.05,Higher,False,No setup,True,Neutral,0,Not applicable,No directional setup; confirmation score not applicable.,Wide CPR,Wide Upside Watch,Unavailable,Wide CPR + close above CPR; trend unavailable; participation unavailable,None,0,No active J-Curve setup.
THEJO,EQ,THEJO ENGINEERING LIMITED,1639.0,1699.0,1608.1,1679.5,9678,16138665.4,20260616,1662.2,1653.55,1670.85,1670.85,1653.55,17.300000000000182,1.0300684727597609,Wide,Bullish,Above CPR,Cash Only,Diversified,False,False,0.8888888888888888,18,8050360.85,Higher,False,No setup,False,Neutral,0,Not applicable,No directional setup; confirmation score not applicable.,Wide CPR,Wide Upside Watch,Unavailable,Wide CPR + close above CPR; trend unavailable; participation unavailable,None,0,No active J-Curve setup.
MUTHOOTMF,EQ,MUTHOOT MICROFIN LIMITED,197.15,211.97,194.22,206.29,1298058,266870108.72,20260616,204.16,203.095,205.225,205.225,203.095,2.1299999999999955,1.032527025061804,Wide,Bullish,Above CPR,Cash Only,Diversified,False,False,0.8888888888888888,18,46977331.685,Higher,False,No setup,False,Neutral,0,Not applicable,No directional setup; confirmation score not applicable.,Wide CPR,Wide Upside Watch,Unavailable,Wide CPR + close above CPR; trend unavailable; participation unavailable,None,0,No active J-Curve setup.
ZENSARTECH,EQ,ZENSAR TECHNOLOGIES  LTD,455.0,465.0,449.0,464.2,811138,372308417.0,20260616,459.4,457.0,461.80000000000007,461.80000000000007,457.0,4.800000000000068,1.0340370529944136,Wide,Bullish,Above CPR,Cash Only,Information Technology,False,False,0.8888888888888888,18,249059013.975,Overlapping,False,No setup,True,Neutral,0,Not applicable,No directional setup; confirmation score not applicable.,Wide CPR,Wide Upside Watch,Unavailable,Wide CPR + close above CPR; trend unavailable; participation unavailable,None,0,No active J-Curve setup.
GOLDIAM,EQ,GOLDIAM INTERNATIONAL LTD,465.85,492.9,463.3,485.65,1470919,706554686.9,20260616,480.6166666666666,478.1,483.1333333333332,483.1333333333332,478.1,5.033333333333189,1.0364116819382665,Wide,Bullish,Above CPR,Cash Only,Diversified,False,False,0.6111111111111112,18,424685471.675,Overlapping,False,No setup,False,Neutral,0,Not applicable,No directional setup; confirmation score not applicable.,Wide CPR,Wide Upside Watch,Unavailable,Wide CPR + close above CPR; trend unavailable; participation unavailable,None,0,No active J-Curve setup.
MAXESTATES,EQ,MAX ESTATES LIMITED,439.0,460.1,439.0,456.65,102491,46424990.65,20260616,451.9166666666667,449.55,454.28333333333336,454.28333333333336,449.55,4.7333333333333485,1.0365341800795684,Wide,Bullish,Above CPR,Cash Only,Real Estate & Infra,False,False,0.9444444444444444,18,18182676.075,Higher,False,No setup,False,Neutral,0,Not applicable,No directional setup; confirmation score not applicable.,Wide CPR,Wide Upside Watch,Unavailable,Wide CPR + close above CPR; trend unavailable; participation unavailable,None,0,No active J-Curve setup.
IVALUE,EQ,IVALUE INFOSOLUTIONS LTD,249.9,266.77,248.51,261.72,560517,145216589.52,20260616,259.0,257.64,260.36,260.36,257.64,2.7200000000000277,1.0392786183707885,Wide,Bullish,Above CPR,Cash Only,Diversified,False,False,0.7222222222222222,18,26943078.71,Higher,False,No setup,False,Neutral,0,Not applicable,No directional setup; confirmation score not applicable.,Wide CPR,Wide Upside Watch,Unavailable,Wide CPR + close above CPR; trend unavailable; participation unavailable,None,0,No active J-Curve setup.
SALZERELEC,EQ,SALZER ELECTRONICS LTD,636.55,661.0,630.95,656.25,64555,41885686.3,20260616,649.4,645.975,652.8249999999999,652.8249999999999,645.975,6.849999999999909,1.04380952380951,Wide,Bullish,Above CPR,Cash Only,Diversified,False,False,0.7777777777777778,18,32323624.175,Higher,False,No setup,False,Neutral,0,Not applicable,No directional setup; confirmation score not applicable.,Wide CPR,Wide Upside Watch,Unavailable,Wide CPR + close above CPR; trend unavailable; participation unavailable,None,0,No active J-Curve setup.
ORIENTELEC,EQ,ORIENT ELECTRIC LIMITED,181.38,187.1,178.36,185.65,606793,111449373.54,20260616,183.70333333333332,182.73,184.67666666666668,184.67666666666668,182.73,1.9466666666666583,1.0485680940838449,Wide,Bullish,Above CPR,Cash Only,Diversified,False,False,1.0,18,17774690.505000003,Higher,False,No setup,False,Neutral,0,Not applicable,No directional setup; confirmation score not applicable.,Wide CPR,Wide Upside Watch,Unavailable,Wide CPR + close above CPR; trend unavailable; participation unavailable,None,0,No active J-Curve setup.
KKCL,EQ,KEWAL KIRAN CLOTHING LTD,466.0,485.0,465.0,482.6,95297,45528528.15,20260616,477.5333333333333,475.0,480.0666666666666,480.0666666666666,475.0,5.066666666666606,1.0498687664041868,Wide,Bullish,Above CPR,Cash Only,Diversified,False,False,0.9444444444444444,18,8963031.8,Higher,False,No setup,False,Neutral,0,Not applicable,No directional setup; confirmation score not applicable.,Wide CPR,Wide Upside Watch,Unavailable,Wide CPR + close above CPR; trend unavailable; participation unavailable,None,0,No active J-Curve setup.
SUVEN,EQ,SUVEN LIFE SCIENCES LTD,270.9,273.65,257.55,269.85,2265922,607197531.5,20260616,267.0166666666667,265.6,268.4333333333334,268.4333333333334,265.6,2.8333333333333712,1.0499660305107916,Wide,Bullish,Above CPR,Cash Only,Diversified,False,False,0.6666666666666666,18,372589260.95,Lower,False,No setup,False,Neutral,0,Not applicable,No directional setup; confirmation score not applicable.,Wide CPR,Wide Upside Watch,Unavailable,Wide CPR + close above CPR; trend unavailable; participation unavailable,None,0,No active J-Curve setup.
IXIGO,EQ,LE TRAVENUES TECHNOLOGY L,182.81,188.95,181.0,187.94,1745249,324900968.68,20260616,185.9633333333333,184.975,186.95166666666668,186.95166666666668,184.975,1.976666666666688,1.0517541059203404,Wide,Bullish,Above CPR,Cash Only,Diversified,False,False,0.7222222222222222,18,232023206.665,Higher,False,No setup,False,Neutral,0,Not applicable,No directional setup; confirmation score not applicable.,Wide CPR,Wide Upside Watch,Unavailable,Wide CPR + close above CPR; trend unavailable; participation unavailable,None,0,No active J-Curve setup.
GOACARBON,EQ,GOA CARBON LIMITED,387.3,409.9,387.3,405.0,20456,8201212.9,20260616,400.73333333333335,398.6,402.8666666666667,402.8666666666667,398.6,4.266666666666652,1.0534979423868276,Wide,Bullish,Above CPR,Cash Only,Diversified,False,False,1.0,18,3275837.825,Higher,False,No setup,False,Neutral,0,Not applicable,No directional setup; confirmation score not applicable.,Wide CPR,Wide Upside Watch,Unavailable,Wide CPR + close above CPR; trend unavailable; participation unavailable,None,0,No active J-Curve setup.
APCL,EQ,ANJANI PORTLAND CEM LTD,111.0,116.0,111.0,115.34,4344,498571.18,20260616,114.11333333333334,113.5,114.72666666666667,114.72666666666667,113.5,1.226666666666688,1.0635223397491658,Wide,Bullish,Above CPR,Cash Only,Diversified,False,False,0.7777777777777778,18,761983.59,Higher,False,No setup,False,Neutral,0,Not applicable,No directional setup; confirmation score not applicable.,Wide CPR,Wide Upside Watch,Unavailable,Wide CPR + close above CPR; trend unavailable; participation unavailable,None,0,No active J-Curve setup.
NACLIND,EQ,NACL INDUSTRIES LIMITED,165.1,173.71,165.1,172.16,614416,104767780.57,20260616,170.32333333333335,169.405,171.2416666666667,171.2416666666667,169.405,1.8366666666667013,1.0668370508054723,Wide,Bullish,Above CPR,Cash Only,Diversified,False,False,0.7777777777777778,18,51808976.855,Higher,False,No setup,False,Neutral,0,Not applicable,No directional setup; confirmation score not applicable.,Wide CPR,Wide Upside Watch,Unavailable,Wide CPR + close above CPR; trend unavailable; participation unavailable,None,0,No active J-Curve setup.
TBZ,EQ,TRIB BHIMJI ZAVERI LTD,188.38,197.51,187.9,195.85,1532823,297642823.81,20260616,193.75333333333333,192.705,194.80166666666668,194.80166666666668,192.705,2.0966666666666924,1.0705471874734198,Wide,Bullish,Above CPR,Cash Only,Diversified,False,False,0.7777777777777778,18,74134991.205,Higher,False,No setup,False,Neutral,0,Not applicable,No directional setup; confirmation score not applicable.,Wide CPR,Wide Upside Watch,Unavailable,Wide CPR + close above CPR; trend unavailable; participation unavailable,None,0,No active J-Curve setup.
GLAXO,EQ,GLAXOSMITHKLINE PHARMA LT,2127.0,2208.7,2126.0,2202.8,199157,433524170.7,20260616,2179.1666666666665,2167.35,2190.983333333333,2190.983333333333,2167.35,23.63333333333321,1.0728769444948798,Wide,Bullish,Above CPR,Cash Only,Healthcare,False,False,1.0,18,252815238.7,Higher,False,No setup,True,Neutral,0,Not applicable,No directional setup; confirmation score not applicable.,Wide CPR,Wide Upside Watch,Unavailable,Wide CPR + close above CPR; trend unavailable; participation unavailable,None,0,No active J-Curve setup.
LEMERITE,EQ,LE MERITE EXPORTS LIMITED,27.37,28.73,27.37,28.51,1311736,37328796.0,20260616,28.203333333333333,28.05,28.356666666666666,28.356666666666666,28.05,0.3066666666666648,1.0756459721735,Wide,Bullish,Above CPR,Cash Only,Diversified,False,False,0.6111111111111112,18,39521448.335,Higher,False,No setup,False,Neutral,0,Not applicable,No directional setup; confirmation score not applicable.,Wide CPR,Wide Upside Watch,Unavailable,Wide CPR + close above CPR; trend unavailable; participation unavailable,None,0,No active J-Curve setup.
GNFC,EQ,GUJ NAR VAL FER & CHEM L,514.95,541.7,513.0,536.05,1572111,838198826.8,20260616,530.25,527.35,533.15,533.15,527.35,5.7999999999999545,1.0819886204645004,Wide,Bullish,Above CPR,Cash Only,Diversified,False,False,0.8888888888888888,18,136442676.05,Higher,False,No setup,False,Neutral,0,Not applicable,No directional setup; confirmation score not applicable.,Wide CPR,Wide Upside Watch,Unavailable,Wide CPR + close above CPR; trend unavailable; participation unavailable,None,0,No active J-Curve setup.
MANAKCOAT,EQ,MAN COAT METAL & IND LTD,107.51,112.64,106.33,111.3,216329,23779924.53,20260616,110.09,109.485,110.69499999999998,110.69499999999998,109.485,1.2099999999999795,1.0871518418688046,Wide,Bullish,Above CPR,Cash Only,Diversified,False,False,0.8888888888888888,18,16697193.495,Higher,False,No setup,False,Neutral,0,Not applicable,No directional setup; confirmation score not applicable.,Wide CPR,Wide Upside Watch,Unavailable,Wide CPR + close above CPR; trend unavailable; participation unavailable,None,0,No active J-Curve setup.
SAMBHAAV,EQ,SAMBHAAV MEDIA LTD,6.5,6.95,6.29,6.73,480468,3175695.86,20260616,6.656666666666666,6.62,6.6933333333333325,6.6933333333333325,6.62,0.0733333333333323,1.0896483407627393,Wide,Bullish,Above CPR,Cash Only,Diversified,False,False,0.7777777777777778,18,161857.71500000003,Higher,False,No setup,False,Neutral,0,Not applicable,No directional setup; confirmation score not applicable.,Wide CPR,Wide Upside Watch,Unavailable,Wide CPR + close above CPR; trend unavailable; participation unavailable,None,0,No active J-Curve setup.
ARFIN,EQ,ARFIN INDIA LIMITED,92.5,96.75,91.36,95.62,3416893,318822250.76,20260616,94.57666666666668,94.055,95.09833333333331,95.09833333333331,94.055,1.0433333333333223,1.0911245903925144,Wide,Bullish,Above CPR,Cash Only,Diversified,False,False,0.8333333333333334,18,207859924.94,Higher,False,No setup,False,Neutral,0,Not applicable,No directional setup; confirmation score not applicable.,Wide CPR,Wide Upside Watch,Unavailable,Wide CPR + close above CPR; trend unavailable; participation unavailable,None,0,No active J-Curve setup.
HBESD,EQ,H B ESTATE DEVELOPERS L,73.5,75.99,73.5,75.99,44,3293.54,20260616,75.16000000000001,74.745,75.57500000000002,75.57500000000002,74.745,0.8300000000000125,1.092248980128981,Wide,Bullish,Above CPR,Cash Only,Diversified,False,False,0.5,18,85207.715,Overlapping,False,No setup,False,Neutral,0,Not applicable,No directional setup; confirmation score not applicable.,Wide CPR,Wide Upside Watch,Unavailable,Wide CPR + close above CPR; trend unavailable; participation unavailable,None,0,No active J-Curve setup.
CREST,EQ,CREST VENTURES LIMITED,385.9,398.0,371.3,391.1,36943,14277659.2,20260616,386.8,384.65,388.9500000000001,388.9500000000001,384.65,4.300000000000068,1.0994630529276574,Wide,Bullish,Above CPR,Cash Only,Diversified,False,False,0.8333333333333334,18,3856911.675,Higher,False,No setup,False,Neutral,0,Not applicable,No directional setup; confirmation score not applicable.,Wide CPR,Wide Upside Watch,Unavailable,Wide CPR + close above CPR; trend unavailable; participation unavailable,None,0,No active J-Curve setup.
EDELWEISS,EQ,EDELWEISS FIN SERV LTD,115.0,122.8,114.3,120.55,11705853,1390403791.79,20260616,119.21666666666664,118.55,119.88333333333333,119.88333333333333,118.55,1.3333333333333144,1.1060417530761628,Wide,Bullish,Above CPR,Cash Only,Diversified,False,False,0.9444444444444444,18,346732250.09000003,Higher,False,No setup,False,Neutral,0,Not applicable,No directional setup; confirmation score not applicable.,Wide CPR,Wide Upside Watch,Unavailable,Wide CPR + close above CPR; trend unavailable; participation unavailable,None,0,No active J-Curve setup.
TITAGARH,EQ,TITAGARH RAIL SYSTEMS LTD,865.0,899.8,859.35,894.45,1740176,1541248228.0,20260616,884.5333333333334,879.575,889.4916666666668,889.4916666666668,879.575,9.916666666666742,1.108688765908295,Wide,Bullish,Above CPR,Cash Only,Capital Goods,False,False,0.7777777777777778,18,871343497.2249999,Higher,False,No setup,True,Neutral,0,Not applicable,No directional setup; confirmation score not applicable.,Wide CPR,Wide Upside Watch,Unavailable,Wide CPR + close above CPR; trend unavailable; participation unavailable,None,0,No active J-Curve setup.
MASTEK,EQ,MASTEK LTD,1618.0,1669.9,1602.0,1663.8,35381,58189854.1,20260616,1645.2333333333331,1635.95,1654.5166666666669,1654.5166666666669,1635.95,18.56666666666661,1.115919381335894,Wide,Bullish,Above CPR,Cash Only,Information Technology,False,False,0.9444444444444444,18,51171334.65,Higher,False,No setup,False,Neutral,0,Not applicable,No directional setup; confirmation score not applicable.,Wide CPR,Wide Upside Watch,Unavailable,Wide CPR + close above CPR; trend unavailable; participation unavailable,None,0,No active J-Curve setup.
TREJHARA,EQ,TREJHARA SOLUTIONS LTD,144.79,147.55,138.0,145.21,9589,1374963.56,20260616,143.58666666666667,142.775,144.39833333333334,144.39833333333334,142.775,1.6233333333333348,1.1179211716364814,Wide,Bullish,Above CPR,Cash Only,Diversified,False,False,0.5555555555555556,18,3492770.63,Overlapping,False,No setup,False,Neutral,0,Not applicable,No directional setup; confirmation score not applicable.,Wide CPR,Wide Upside Watch,Unavailable,Wide CPR + close above CPR; trend unavailable; participation unavailable,None,0,No active J-Curve setup.
CUB,EQ,CITY UNION BANK LTD,197.85,206.5,197.5,205.45,3502570,714054563.1,20260616,203.15,202.0,204.3,204.3,202.0,2.300000000000012,1.1194937941104948,Wide,Bullish,Above CPR,Cash Only,Financial Services,False,False,0.8888888888888888,18,401818042.875,Overlapping,False,No setup,True,Neutral,0,Not applicable,No directional setup; confirmation score not applicable.,Wide CPR,Wide Upside Watch,Unavailable,Wide CPR + close above CPR; trend unavailable; participation unavailable,None,0,No active J-Curve setup.
LEXUS,EQ,LEXUS GRANITO (INDIA) LTD,15.99,16.25,14.93,15.86,32237,504821.27,20260616,15.68,15.59,15.77,15.77,15.59,0.1799999999999997,1.1349306431273627,Wide,Bullish,Above CPR,Cash Only,Diversified,False,False,0.4444444444444444,18,506943.545,Higher,False,No setup,False,Neutral,0,Not applicable,No directional setup; confirmation score not applicable.,Wide CPR,Wide Upside Watch,Unavailable,Wide CPR + close above CPR; trend unavailable; participation unavailable,None,0,No active J-Curve setup.
NEPHROPLUS,EQ,NEPHROCARE HEALTH SERV L,718.0,752.15,708.6,743.1,140672,102670978.25,20260616,734.6166666666667,730.375,738.8583333333333,738.8583333333333,730.375,8.483333333333348,1.1416139595388708,Wide,Bullish,Above CPR,Cash Only,Diversified,False,False,0.6666666666666666,18,163656378.375,Overlapping,False,No setup,False,Neutral,0,Not applicable,No directional setup; confirmation score not applicable.,Wide CPR,Wide Upside Watch,Unavailable,Wide CPR + close above CPR; trend unavailable; participation unavailable,None,0,No active J-Curve setup.
FEDDERSHOL,EQ,FEDDERS HOLDING LTD.,35.78,36.01,34.5,35.87,787986,28189389.62,20260616,35.46,35.254999999999995,35.665000000000006,35.665000000000006,35.254999999999995,0.4100000000000108,1.1430164482855056,Wide,Bullish,Above CPR,Cash Only,Diversified,False,False,0.8333333333333334,18,24775782.975,Overlapping,False,No setup,False,Neutral,0,Not applicable,No directional setup; confirmation score not applicable.,Wide CPR,Wide Upside Watch,Unavailable,Wide CPR + close above CPR; trend unavailable; participation unavailable,None,0,No active J-Curve setup.
EUROBOND,EQ,EURO PANEL PRODUCTS LTD,180.0,184.0,175.34,182.82,5943,1072845.16,20260616,180.72000000000003,179.67000000000002,181.77000000000004,181.77000000000004,179.67000000000002,2.1000000000000227,1.148670823761089,Wide,Bullish,Above CPR,Cash Only,Diversified,False,False,0.7222222222222222,18,1326046.98,Higher,False,No setup,False,Neutral,0,Not applicable,No directional setup; confirmation score not applicable.,Wide CPR,Wide Upside Watch,Unavailable,Wide CPR + close above CPR; trend unavailable; participation unavailable,None,0,No active J-Curve setup.
CCHHL,EQ,COUNTRY CLUB HOSP HOL LTD,13.2,13.39,12.75,13.3,15931,211733.11,20260616,13.146666666666668,13.07,13.223333333333333,13.223333333333333,13.07,0.1533333333333324,1.1528822055137775,Wide,Bullish,Above CPR,Cash Only,Diversified,False,False,0.7777777777777778,18,232742.88,Outside,False,No setup,False,Neutral,0,Not applicable,No directional setup; confirmation score not applicable.,Wide CPR,Wide Upside Watch,Unavailable,Wide CPR + close above CPR; trend unavailable; participation unavailable,None,0,No active J-Curve setup.
ZENTEC,EQ,ZEN TECHNOLOGIES LIMITED,1796.0,1865.2,1780.0,1854.7,1094995,2005050991.1,20260616,1833.3,1822.6,1844.0,1844.0,1822.6,21.40000000000009,1.1538254165094135,Wide,Bullish,Above CPR,Cash Only,Capital Goods,False,False,0.7777777777777778,18,1117465976.9499998,Higher,False,No setup,True,Neutral,0,Not applicable,No directional setup; confirmation score not applicable.,Wide CPR,Wide Upside Watch,Unavailable,Wide CPR + close above CPR; trend unavailable; participation unavailable,None,0,No active J-Curve setup.
RANEHOLDIN,EQ,RANE HOLDINGS LIMITED,1469.2,1549.9,1459.0,1531.2,30895,46880468.5,20260616,1513.3666666666668,1504.45,1522.2833333333335,1522.2833333333335,1504.45,17.833333333333485,1.1646638801811315,Wide,Bullish,Above CPR,Cash Only,Diversified,False,False,0.8888888888888888,18,16299956.1,Higher,False,No setup,False,Neutral,0,Not applicable,No directional setup; confirmation score not applicable.,Wide CPR,Wide Upside Watch,Unavailable,Wide CPR + close above CPR; trend unavailable; participation unavailable,None,0,No active J-Curve setup.
PRESTIGE,EQ,PRESTIGE ESTATE LTD,1478.0,1527.9,1461.1,1521.1,1398862,2099755849.8,20260616,1503.3666666666668,1494.5,1512.2333333333336,1512.2333333333336,1494.5,17.733333333333576,1.165822978984523,Wide,Bullish,Above CPR,Cash Only,Realty,False,False,0.9444444444444444,18,877628384.25,Higher,False,No setup,True,Neutral,0,Not applicable,No directional setup; confirmation score not applicable.,Wide CPR,Wide Upside Watch,Unavailable,Wide CPR + close above CPR; trend unavailable; participation unavailable,None,0,No active J-Curve setup.
SURANAT&P,EQ,SURANA TELECOM AND POW LT,18.01,19.6,18.01,19.14,121153,2288077.45,20260616,18.916666666666668,18.805,19.028333333333336,19.028333333333336,18.805,0.2233333333333362,1.1668408220132511,Wide,Bullish,Above CPR,Cash Only,Diversified,False,False,0.9444444444444444,18,1022544.505,Higher,False,No setup,False,Neutral,0,Not applicable,No directional setup; confirmation score not applicable.,Wide CPR,Wide Upside Watch,Unavailable,Wide CPR + close above CPR; trend unavailable; participation unavailable,None,0,No active J-Curve setup.
FOSECOIND,EQ,FOSECO INDIA LTD,5147.9,5275.0,5020.1,5239.4,5852,30170713.5,20260616,5178.166666666667,5147.55,5208.783333333334,5208.783333333334,5147.55,61.233333333333576,1.1687088852413172,Wide,Bullish,Above CPR,Cash Only,Diversified,False,False,1.0,18,9940750.6,Higher,False,No setup,False,Neutral,0,Not applicable,No directional setup; confirmation score not applicable.,Wide CPR,Wide Upside Watch,Unavailable,Wide CPR + close above CPR; trend unavailable; participation unavailable,None,0,No active J-Curve setup.
BORORENEW,EQ,BOROSIL RENEWABLES LTD,546.1,565.4,543.0,564.15,792264,443795712.5,20260616,557.5166666666668,554.2,560.8333333333335,560.8333333333335,554.2,6.633333333333439,1.1758102159591313,Wide,Bullish,Above CPR,Cash Only,Power & Utilities,False,False,0.7777777777777778,18,319570320.25,Higher,False,No setup,False,Neutral,0,Not applicable,No directional setup; confirmation score not applicable.,Wide CPR,Wide Upside Watch,Unavailable,Wide CPR + close above CPR; trend unavailable; participation unavailable,None,0,No active J-Curve setup.
AVL,EQ,ADITYA VISION LIMITED,571.8,593.7,567.2,590.9,621174,362233102.3,20260616,583.9333333333334,580.45,587.4166666666667,587.4166666666667,580.45,6.966666666666697,1.1789924973204766,Wide,Bullish,Above CPR,Cash Only,Diversified,False,False,0.8888888888888888,18,103745894.925,Higher,False,No setup,False,Neutral,0,Not applicable,No directional setup; confirmation score not applicable.,Wide CPR,Wide Upside Watch,Unavailable,Wide CPR + close above CPR; trend unavailable; participation unavailable,None,0,No active J-Curve setup.
BANDHANBNK,EQ,BANDHAN BANK LIMITED,213.08,218.13,207.5,216.74,14775474,3152758005.33,20260616,214.1233333333333,212.815,215.43166666666667,215.43166666666667,212.815,2.6166666666666742,1.207283688597709,Wide,Bullish,Above CPR,Cash Only,Financial Services,False,False,0.8333333333333334,18,2064190982.845,Higher,False,No setup,True,Neutral,0,Not applicable,No directional setup; confirmation score not applicable.,Wide CPR,Wide Upside Watch,Unavailable,Wide CPR + close above CPR; trend unavailable; participation unavailable,None,0,No active J-Curve setup.
COMPUSOFT,EQ,COMPUCOM SOFTWARE LTD,13.66,13.95,13.32,13.89,30400,415644.31,20260616,13.72,13.635,13.804999999999998,13.804999999999998,13.635,0.1699999999999981,1.22390208783296,Wide,Bullish,Above CPR,Cash Only,Information Technology,False,False,1.0,18,221618.74,Overlapping,False,No setup,False,Neutral,0,Not applicable,No directional setup; confirmation score not applicable.,Wide CPR,Wide Upside Watch,Unavailable,Wide CPR + close above CPR; trend unavailable; participation unavailable,None,0,No active J-Curve setup.
TVVISION,EQ,TV VISION LIMITED,5.31,5.5,5.16,5.43,4747,25011.36,20260616,5.363333333333333,5.33,5.3966666666666665,5.3966666666666665,5.33,0.0666666666666664,1.227747084100671,Wide,Bullish,Above CPR,Cash Only,Diversified,False,False,0.8333333333333334,18,76257.41,Outside,False,No setup,False,Neutral,0,Not applicable,No directional setup; confirmation score not applicable.,Wide CPR,Wide Upside Watch,Unavailable,Wide CPR + close above CPR; trend unavailable; participation unavailable,None,0,No active J-Curve setup.
HFCL,EQ,HFCL LIMITED,184.0,189.47,181.5,188.98,34029890,6324425727.86,20260616,186.65,185.485,187.815,187.815,185.485,2.329999999999984,1.2329347020848682,Wide,Bullish,Above CPR,Cash Only,Telecommunication,False,False,0.5555555555555556,18,9965334905.945,Higher,False,No setup,True,Neutral,0,Not applicable,No directional setup; confirmation score not applicable.,Wide CPR,Wide Upside Watch,Unavailable,Wide CPR + close above CPR; trend unavailable; participation unavailable,None,0,No active J-Curve setup.
NAVKARURB,EQ,NAVKAR URBANSTRUCTURE LTD,1.06,1.08,1.04,1.08,1654156,1781605.03,20260616,1.0666666666666669,1.06,1.0733333333333333,1.0733333333333333,1.06,0.0133333333333331,1.2345679012345552,Wide,Bullish,Above CPR,Cash Only,Diversified,False,False,0.6111111111111112,18,1610922.38,Higher,False,No setup,False,Neutral,0,Not applicable,No directional setup; confirmation score not applicable.,Wide CPR,Wide Upside Watch,Unavailable,Wide CPR + close above CPR; trend unavailable; participation unavailable,None,0,No active J-Curve setup.
CAPACITE,EQ,CAPACITE INFRAPROJECT LTD,224.03,241.87,223.35,237.03,771008,182357205.3,20260616,234.08333333333331,232.61,235.55666666666667,235.55666666666667,232.61,2.9466666666666583,1.243161906369092,Wide,Bullish,Above CPR,Cash Only,Diversified,False,False,0.9444444444444444,18,52858790.66,Higher,False,No setup,False,Neutral,0,Not applicable,No directional setup; confirmation score not applicable.,Wide CPR,Wide Upside Watch,Unavailable,Wide CPR + close above CPR; trend unavailable; participation unavailable,None,0,No active J-Curve setup.
GHCLTEXTIL,EQ,GHCL TEXTILES LIMITED,92.0,95.1,90.6,94.62,731731,68567143.22,20260616,93.44,92.85,94.03,94.03,92.85,1.1800000000000068,1.247093637708737,Wide,Bullish,Above CPR,Cash Only,Diversified,False,False,0.8888888888888888,18,46189128.13,Higher,False,No setup,False,Neutral,0,Not applicable,No directional setup; confirmation score not applicable.,Wide CPR,Wide Upside Watch,Unavailable,Wide CPR + close above CPR; trend unavailable; participation unavailable,None,0,No active J-Curve setup.
LASA,EQ,LASA SUPERGENERICS LTD,7.14,7.5,7.1,7.44,47499,347831.56,20260616,7.346666666666667,7.3,7.393333333333333,7.393333333333333,7.3,0.0933333333333337,1.2544802867383564,Wide,Bullish,Above CPR,Cash Only,Diversified,False,False,0.7222222222222222,18,191983.255,Higher,False,No setup,False,Neutral,0,Not applicable,No directional setup; confirmation score not applicable.,Wide CPR,Wide Upside Watch,Unavailable,Wide CPR + close above CPR; trend unavailable; participation unavailable,None,0,No active J-Curve setup.
GKENERGY,EQ,GK ENERGY LIMITED,141.95,150.8,140.05,148.23,1495256,219417227.81,20260616,146.36,145.425,147.29500000000002,147.29500000000002,145.425,1.8700000000000043,1.2615529919719386,Wide,Bullish,Above CPR,Cash Only,Diversified,False,False,0.6111111111111112,18,95319873.855,Higher,False,No setup,False,Neutral,0,Not applicable,No directional setup; confirmation score not applicable.,Wide CPR,Wide Upside Watch,Unavailable,Wide CPR + close above CPR; trend unavailable; participation unavailable,None,0,No active J-Curve setup.
PYRAMID,EQ,PYRAMID TECHNOPLAST LTD,170.01,175.0,165.1,173.33,38615,6555025.75,20260616,171.14333333333337,170.05,172.23666666666668,172.23666666666668,170.05,2.1866666666666674,1.2615627223600456,Wide,Bullish,Above CPR,Cash Only,Diversified,False,False,0.9444444444444444,18,3809173.27,Higher,False,No setup,False,Neutral,0,Not applicable,No directional setup; confirmation score not applicable.,Wide CPR,Wide Upside Watch,Unavailable,Wide CPR + close above CPR; trend unavailable; participation unavailable,None,0,No active J-Curve setup.
KLBRENG-B,EQ,KILBURN ENGINEERING LTD.,466.85,489.7,463.1,485.65,172556,82824741.2,20260616,479.4833333333333,476.4,482.5666666666666,482.5666666666666,476.4,6.166666666666629,1.269775901712474,Wide,Bullish,Above CPR,Cash Only,Diversified,False,False,0.8888888888888888,18,19188155.35,Higher,False,No setup,False,Neutral,0,Not applicable,No directional setup; confirmation score not applicable.,Wide CPR,Wide Upside Watch,Unavailable,Wide CPR + close above CPR; trend unavailable; participation unavailable,None,0,No active J-Curve setup.
FRACTAL,EQ,FRACTAL ANALYTICS LIMITED,964.4,1010.0,963.6,1006.0,797418,791477323.9,20260616,993.2,986.8,999.6,999.6,986.8,12.799999999999956,1.2723658051689817,Wide,Bullish,Above CPR,Cash Only,Diversified,False,False,0.7777777777777778,18,576954497.05,Higher,False,No setup,False,Neutral,0,Not applicable,No directional setup; confirmation score not applicable.,Wide CPR,Wide Upside Watch,Unavailable,Wide CPR + close above CPR; trend unavailable; participation unavailable,None,0,No active J-Curve setup.
COFORGE,EQ,COFORGE LIMITED,1419.9,1468.4,1405.1,1464.8,4085487,5894457968.4,20260616,1446.1,1436.75,1455.4500000000005,1455.4500000000005,1436.75,18.700000000000276,1.2766247951939018,Wide,Bullish,Above CPR,Cash Only,Information Technology,False,False,0.9444444444444444,18,3144487732.65,Higher,False,No setup,True,Neutral,0,Not applicable,No directional setup; confirmation score not applicable.,Wide CPR,Wide Upside Watch,Unavailable,Wide CPR + close above CPR; trend unavailable; participation unavailable,None,0,No active J-Curve setup.
HINDOILEXP,EQ,HINDUSTAN OIL EXPLORATION,162.93,162.93,150.78,159.92,2405736,376775928.71,20260616,157.8766666666667,156.85500000000002,158.8983333333333,158.8983333333333,156.85500000000002,2.043333333333294,1.277722194430524,Wide,Bullish,Above CPR,Cash Only,Energy & Oil/Gas,False,False,0.7222222222222222,18,183668831.465,Lower,False,No setup,False,Neutral,0,Not applicable,No directional setup; confirmation score not applicable.,Wide CPR,Wide Upside Watch,Unavailable,Wide CPR + close above CPR; trend unavailable; participation unavailable,None,0,No active J-Curve setup.
PKTEA,EQ,THE P K TEA PROD CO LTD,770.0,770.0,730.15,765.0,144,109392.2,20260616,755.0500000000001,750.075,760.0250000000001,760.0250000000001,750.075,9.950000000000044,1.300653594771248,Wide,Bullish,Above CPR,Cash Only,FMCG & Food Products,False,False,0.7222222222222222,18,172908.325,Lower,False,No setup,False,Neutral,0,Not applicable,No directional setup; confirmation score not applicable.,Wide CPR,Wide Upside Watch,Unavailable,Wide CPR + close above CPR; trend unavailable; participation unavailable,None,0,No active J-Curve setup.
FCL,EQ,FINEOTEX CHEMICAL LIMITED,41.88,43.5,41.4,43.3,19755871,844119271.47,20260616,42.73333333333333,42.45,43.01666666666665,43.01666666666665,42.45,0.5666666666666487,1.3086989992301357,Wide,Bullish,Above CPR,Cash Only,Diversified,False,False,0.6111111111111112,18,955905856.27,Higher,False,No setup,False,Neutral,0,Not applicable,No directional setup; confirmation score not applicable.,Wide CPR,Wide Upside Watch,Unavailable,Wide CPR + close above CPR; trend unavailable; participation unavailable,None,0,No active J-Curve setup.
TARAPUR,EQ,TARAPUR TRANSFORMERS LTD,19.55,20.94,19.51,20.63,26326,538669.51,20260616,20.36,20.225,20.495,20.495,20.225,0.269999999999996,1.3087736306349784,Wide,Bullish,Above CPR,Cash Only,Diversified,False,False,0.5555555555555556,18,557560.5449999999,Higher,False,No setup,False,Neutral,0,Not applicable,No directional setup; confirmation score not applicable.,Wide CPR,Wide Upside Watch,Unavailable,Wide CPR + close above CPR; trend unavailable; participation unavailable,None,0,No active J-Curve setup.
BLISSGVS,EQ,BLISS GVS PHARMA LTD,440.1,459.0,427.0,451.9,1212064,537110097.15,20260616,445.9666666666667,443.0,448.9333333333334,448.9333333333334,443.0,5.933333333333394,1.3129748469425524,Wide,Bullish,Above CPR,Cash Only,Diversified,False,False,0.6666666666666666,18,719554250.5,Higher,False,No setup,False,Neutral,0,Not applicable,No directional setup; confirmation score not applicable.,Wide CPR,Wide Upside Watch,Unavailable,Wide CPR + close above CPR; trend unavailable; participation unavailable,None,0,No active J-Curve setup.
SHILPAMED,EQ,SHILPA MEDICARE LTD,534.9,558.7,524.3,552.45,1073301,582446415.25,20260616,545.15,541.5,548.8,548.8,541.5,7.299999999999954,1.3213865508190703,Wide,Bullish,Above CPR,Cash Only,Diversified,False,False,0.8888888888888888,18,634615356.525,Higher,False,No setup,False,Neutral,0,Not applicable,No directional setup; confirmation score not applicable.,Wide CPR,Wide Upside Watch,Unavailable,Wide CPR + close above CPR; trend unavailable; participation unavailable,None,0,No active J-Curve setup.
PRECWIRE,EQ,PRECISION WIRES INDIA LTD,404.0,425.7,404.0,423.25,632200,265130722.75,20260616,417.65,414.85,420.4500000000001,420.4500000000001,414.85,5.600000000000023,1.3230950974601352,Wide,Bullish,Above CPR,Cash Only,Diversified,False,False,0.7777777777777778,18,231058695.35,Higher,False,No setup,False,Neutral,0,Not applicable,No directional setup; confirmation score not applicable.,Wide CPR,Wide Upside Watch,Unavailable,Wide CPR + close above CPR; trend unavailable; participation unavailable,None,0,No active J-Curve setup.
ARCHIES,EQ,ARCHIES LTD,13.66,14.49,13.66,14.36,9531,137210.01,20260616,14.17,14.075,14.265,14.265,14.075,0.1900000000000012,1.3231197771587833,Wide,Bullish,Above CPR,Cash Only,Diversified,False,False,0.8333333333333334,18,141187.96500000003,Outside,False,No setup,False,Neutral,0,Not applicable,No directional setup; confirmation score not applicable.,Wide CPR,Wide Upside Watch,Unavailable,Wide CPR + close above CPR; trend unavailable; participation unavailable,None,0,No active J-Curve setup.
NRL,EQ,NUPUR RECYCLERS LIMITED,76.3,79.0,74.6,78.36,145103,11211333.21,20260616,77.32,76.8,77.83999999999999,77.83999999999999,76.8,1.039999999999992,1.3272077590607352,Wide,Bullish,Above CPR,Cash Only,Diversified,False,False,0.7222222222222222,18,9973329.745,Higher,False,No setup,False,Neutral,0,Not applicable,No directional setup; confirmation score not applicable.,Wide CPR,Wide Upside Watch,Unavailable,Wide CPR + close above CPR; trend unavailable; participation unavailable,None,0,No active J-Curve setup.
MCCHRLS-B,EQ,MAC CHARLES (INDIA) LTD.,692.5,692.5,660.0,690.0,22,15002.45,20260616,680.8333333333334,676.25,685.4166666666667,685.4166666666667,676.25,9.166666666666742,1.3285024154589482,Wide,Bullish,Above CPR,Cash Only,Diversified,False,False,0.7777777777777778,18,71590.125,Overlapping,False,No setup,False,Neutral,0,Not applicable,No directional setup; confirmation score not applicable.,Wide CPR,Wide Upside Watch,Unavailable,Wide CPR + close above CPR; trend unavailable; participation unavailable,None,0,No active J-Curve setup.
SAGARDEEP,EQ,SAGARDEEP ALLOYS LIMITED,25.9,25.9,24.18,25.55,7319,185849.32,20260616,25.21,25.04,25.379999999999995,25.379999999999995,25.04,0.3399999999999963,1.3307240704500831,Wide,Bullish,Above CPR,Cash Only,Diversified,False,False,0.7222222222222222,18,184053.46,Overlapping,False,No setup,False,Neutral,0,Not applicable,No directional setup; confirmation score not applicable.,Wide CPR,Wide Upside Watch,Unavailable,Wide CPR + close above CPR; trend unavailable; participation unavailable,None,0,No active J-Curve setup.
ADVAIT,EQ,ADVAIT ENRGY TRANSITION L,2339.8,2455.0,2317.0,2435.0,104643,252594172.0,20260616,2402.333333333333,2386.0,2418.666666666667,2418.666666666667,2386.0,32.66666666666697,1.341546885694742,Wide,Bullish,Above CPR,Cash Only,Diversified,False,False,0.6666666666666666,18,186497335.9,Higher,False,No setup,False,Neutral,0,Not applicable,No directional setup; confirmation score not applicable.,Wide CPR,Wide Upside Watch,Unavailable,Wide CPR + close above CPR; trend unavailable; participation unavailable,None,0,No active J-Curve setup.
MANBA,EQ,MANBA FINANCE LIMITED,122.15,128.9,120.99,127.52,132678,16646484.05,20260616,125.80333333333331,124.945,126.66166666666666,126.66166666666666,124.945,1.7166666666666686,1.3461940610623186,Wide,Bullish,Above CPR,Cash Only,Diversified,False,False,0.9444444444444444,18,8369372.255,Higher,False,No setup,False,Neutral,0,Not applicable,No directional setup; confirmation score not applicable.,Wide CPR,Wide Upside Watch,Unavailable,Wide CPR + close above CPR; trend unavailable; participation unavailable,None,0,No active J-Curve setup.
SUNTECK,EQ,SUNTECK REALTY LIMITED,298.25,314.9,298.25,312.95,659079,204768744.95,20260616,308.7,306.575,310.825,310.825,306.575,4.25,1.358044416040901,Wide,Bullish,Above CPR,Cash Only,Real Estate,False,False,1.0,18,84940460.825,Higher,False,No setup,False,Neutral,0,Not applicable,No directional setup; confirmation score not applicable.,Wide CPR,Wide Upside Watch,Unavailable,Wide CPR + close above CPR; trend unavailable; participation unavailable,None,0,No active J-Curve setup.
ASTRAMICRO,EQ,ASTRA MICROWAVE LTD,1460.0,1487.4,1412.3,1480.1,661269,962177509.4,20260616,1459.9333333333332,1449.85,1470.0166666666664,1470.0166666666664,1449.85,20.166666666666515,1.3625205504132505,Wide,Bullish,Above CPR,Cash Only,Diversified,False,False,0.8888888888888888,18,1395603865.85,Outside,False,No setup,False,Neutral,0,Not applicable,No directional setup; confirmation score not applicable.,Wide CPR,Wide Upside Watch,Unavailable,Wide CPR + close above CPR; trend unavailable; participation unavailable,None,0,No active J-Curve setup.
MENONBE,EQ,MENON BEARINGS LIMITED,168.59,179.0,168.41,177.33,445879,77659203.6,20260616,174.91333333333333,173.70499999999998,176.12166666666667,176.12166666666667,173.70499999999998,2.4166666666666856,1.3628075715709047,Wide,Bullish,Above CPR,Cash Only,Diversified,False,False,0.8888888888888888,18,17784065.880000003,Higher,False,No setup,False,Neutral,0,Not applicable,No directional setup; confirmation score not applicable.,Wide CPR,Wide Upside Watch,Unavailable,Wide CPR + close above CPR; trend unavailable; participation unavailable,None,0,No active J-Curve setup.
QUADFUTURE,EQ,QUADRANT FUTURE TEK LTD,382.0,424.5,381.6,411.5,6980207,2888755753.55,20260616,405.8666666666666,403.05,408.6833333333332,408.6833333333332,403.05,5.633333333333212,1.3689752936411208,Wide,Bullish,Above CPR,Cash Only,Diversified,False,False,0.9444444444444444,18,146735214.7,Higher,False,No setup,False,Neutral,0,Not applicable,No directional setup; confirmation score not applicable.,Wide CPR,Wide Upside Watch,Unavailable,Wide CPR + close above CPR; trend unavailable; participation unavailable,None,0,No active J-Curve setup.
DHUNINV,EQ,DHUNSERI INVESTMENTS LTD,814.0,844.0,801.5,840.0,1652,1377675.7,20260616,828.5,822.75,834.25,834.25,822.75,11.5,1.369047619047619,Wide,Bullish,Above CPR,Cash Only,Diversified,False,False,1.0,18,512876.35,Overlapping,False,No setup,False,Neutral,0,Not applicable,No directional setup; confirmation score not applicable.,Wide CPR,Wide Upside Watch,Unavailable,Wide CPR + close above CPR; trend unavailable; participation unavailable,None,0,No active J-Curve setup.
UNIVASTU,EQ,UNIVASTU INDIA LIMITED,82.44,94.45,81.75,89.95,2153384,192827312.25,20260616,88.71666666666665,88.1,89.33333333333331,89.33333333333331,88.1,1.23333333333332,1.3711321104317065,Wide,Bullish,Above CPR,Cash Only,Diversified,False,False,0.8888888888888888,18,12253361.97,Higher,False,No setup,False,Neutral,0,Not applicable,No directional setup; confirmation score not applicable.,Wide CPR,Wide Upside Watch,Unavailable,Wide CPR + close above CPR; trend unavailable; participation unavailable,None,0,No active J-Curve setup.
BRIGADE,EQ,BRIGADE ENTER. LTD,690.45,724.7,686.15,720.25,1149914,813214331.55,20260616,710.3666666666667,705.425,715.3083333333334,715.3083333333334,705.425,9.88333333333344,1.3722087238227614,Wide,Bullish,Above CPR,Cash Only,Realty,False,False,1.0,18,164821031.925,Higher,False,No setup,True,Neutral,0,Not applicable,No directional setup; confirmation score not applicable.,Wide CPR,Wide Upside Watch,Unavailable,Wide CPR + close above CPR; trend unavailable; participation unavailable,None,0,No active J-Curve setup.
BEDMUTHA,EQ,BEDMUTHA INDUST LTD,106.21,111.0,104.0,109.76,11748,1258704.15,20260616,108.25333333333332,107.5,109.00666666666666,109.00666666666666,107.5,1.5066666666666606,1.372691933916418,Wide,Bullish,Above CPR,Cash Only,Diversified,False,False,0.8888888888888888,18,642120.5800000001,Lower,False,No setup,False,Neutral,0,Not applicable,No directional setup; confirmation score not applicable.,Wide CPR,Wide Upside Watch,Unavailable,Wide CPR + close above CPR; trend unavailable; participation unavailable,None,0,No active J-Curve setup.
RIIL,EQ,RELIANCE INDUSTRIAL INFRA,794.8,875.0,794.05,852.2,1653879,1399226243.0,20260616,840.4166666666666,834.525,846.3083333333333,846.3083333333333,834.525,11.783333333333305,1.3826957678166278,Wide,Bullish,Above CPR,Cash Only,Diversified,False,False,1.0,18,59574285.6,Higher,False,No setup,False,Neutral,0,Not applicable,No directional setup; confirmation score not applicable.,Wide CPR,Wide Upside Watch,Unavailable,Wide CPR + close above CPR; trend unavailable; participation unavailable,None,0,No active J-Curve setup.
IGPL,EQ,I G PETROCHEMICALS LTD,426.6,449.0,426.6,447.1,24342,10813186.1,20260616,440.9,437.8,444.00000000000006,444.00000000000006,437.8,6.2000000000000455,1.3867143815701286,Wide,Bullish,Above CPR,Cash Only,Diversified,False,False,0.8888888888888888,18,11629870.725,Overlapping,False,No setup,False,Neutral,0,Not applicable,No directional setup; confirmation score not applicable.,Wide CPR,Wide Upside Watch,Unavailable,Wide CPR + close above CPR; trend unavailable; participation unavailable,None,0,No active J-Curve setup.
INNOVANA,EQ,INNOVANA THINKLABS LTD,313.65,336.65,309.05,329.75,5399,1735126.95,20260616,325.15000000000003,322.85,327.45000000000005,327.45000000000005,322.85,4.600000000000023,1.3949962092494383,Wide,Bullish,Above CPR,Cash Only,Diversified,False,False,0.8333333333333334,18,1579861.1,Overlapping,False,No setup,False,Neutral,0,Not applicable,No directional setup; confirmation score not applicable.,Wide CPR,Wide Upside Watch,Unavailable,Wide CPR + close above CPR; trend unavailable; participation unavailable,None,0,No active J-Curve setup.
AJMERA,EQ,AJMERA REALTY & INF I LTD,133.5,141.7,131.6,139.61,2223349,306616588.16,20260616,137.63666666666666,136.64999999999998,138.6233333333333,138.6233333333333,136.64999999999998,1.9733333333333576,1.41346130888429,Wide,Bullish,Above CPR,Cash Only,Diversified,False,False,0.6666666666666666,18,118620511.575,Higher,False,No setup,False,Neutral,0,Not applicable,No directional setup; confirmation score not applicable.,Wide CPR,Wide Upside Watch,Unavailable,Wide CPR + close above CPR; trend unavailable; participation unavailable,None,0,No active J-Curve setup.
PIGL,EQ,POWER INSTRUMENT (G) LTD,107.9,112.34,104.26,110.65,127686,13876329.97,20260616,109.08333333333331,108.3,109.86666666666665,109.86666666666665,108.3,1.5666666666666345,1.415875884922399,Wide,Bullish,Above CPR,Cash Only,Diversified,False,False,0.7222222222222222,18,8537952.635,Higher,False,No setup,False,Neutral,0,Not applicable,No directional setup; confirmation score not applicable.,Wide CPR,Wide Upside Watch,Unavailable,Wide CPR + close above CPR; trend unavailable; participation unavailable,None,0,No active J-Curve setup.
XELPMOC,EQ,XELPMOC DESIGN & TECH LTD,84.43,87.5,83.0,87.12,14883,1281415.95,20260616,85.87333333333333,85.25,86.49666666666667,86.49666666666667,85.25,1.2466666666666697,1.4309764309764343,Wide,Bullish,Above CPR,Cash Only,Diversified,False,False,0.8333333333333334,18,1805016.575,Higher,False,No setup,False,Neutral,0,Not applicable,No directional setup; confirmation score not applicable.,Wide CPR,Wide Upside Watch,Unavailable,Wide CPR + close above CPR; trend unavailable; participation unavailable,None,0,No active J-Curve setup.
CPEDU,EQ,CAREER POINT EDUTECH LTD,180.0,183.0,175.1,182.99,8409,1498654.44,20260616,180.36333333333332,179.05,181.67666666666668,181.67666666666668,179.05,2.626666666666665,1.4354154143213644,Wide,Bullish,Above CPR,Cash Only,Diversified,False,False,0.8888888888888888,18,712650.66,Outside,False,No setup,False,Neutral,0,Not applicable,No directional setup; confirmation score not applicable.,Wide CPR,Wide Upside Watch,Unavailable,Wide CPR + close above CPR; trend unavailable; participation unavailable,None,0,No active J-Curve setup.
MTARTECH,EQ,MTAR TECHNOLOGIES LIMITED,7360.0,7779.0,7285.5,7698.5,3188367,24287239169.5,20260616,7587.666666666667,7532.25,7643.083333333334,7643.083333333334,7532.25,110.83333333333394,1.439674395445008,Wide,Bullish,Above CPR,Cash Only,Information Technology,False,False,0.6666666666666666,18,13123536081.5,Higher,False,No setup,False,Neutral,0,Not applicable,No directional setup; confirmation score not applicable.,Wide CPR,Wide Upside Watch,Unavailable,Wide CPR + close above CPR; trend unavailable; participation unavailable,None,0,No active J-Curve setup.
PARADEEP,EQ,PARADEEP PHOSPHATES LTD,128.19,135.0,127.6,134.2,16955717,2252071511.22,20260616,132.26666666666668,131.3,133.23333333333335,133.23333333333335,131.3,1.933333333333337,1.440635866865378,Wide,Bullish,Above CPR,Cash Only,Chemicals,False,False,1.0,18,306766242.8,Higher,False,No setup,True,Neutral,0,Not applicable,No directional setup; confirmation score not applicable.,Wide CPR,Wide Upside Watch,Unavailable,Wide CPR + close above CPR; trend unavailable; participation unavailable,None,0,No active J-Curve setup.
HUBTOWN,EQ,HUBTOWN LIMITED,192.95,205.0,191.0,202.4,589834,118234242.37,20260616,199.46666666666667,198.0,200.9333333333333,200.9333333333333,198.0,2.933333333333337,1.4492753623188424,Wide,Bullish,Above CPR,Cash Only,Diversified,False,False,1.0,18,95400792.285,Higher,False,No setup,False,Neutral,0,Not applicable,No directional setup; confirmation score not applicable.,Wide CPR,Wide Upside Watch,Unavailable,Wide CPR + close above CPR; trend unavailable; participation unavailable,None,0,No active J-Curve setup.
TIJARIA,EQ,TIJARIA POLYPIPES LTD,4.64,4.64,4.32,4.58,25024,114084.02,20260616,4.513333333333334,4.48,4.546666666666667,4.546666666666667,4.48,0.0666666666666664,1.4556040756914068,Wide,Bullish,Above CPR,Cash Only,Diversified,False,False,0.75,12,76336.285,Higher,False,No setup,False,Neutral,0,Not applicable,No directional setup; confirmation score not applicable.,Wide CPR,Wide Upside Watch,Unavailable,Wide CPR + close above CPR; trend unavailable; participation unavailable,None,0,No active J-Curve setup.
KEEPLEARN,EQ,DSJ KEEP LEARNING LTD,1.98,2.03,1.94,2.03,17312,34605.66,20260616,2.0,1.985,2.015,2.015,1.985,0.0300000000000002,1.4778325123152831,Wide,Bullish,Above CPR,Cash Only,Diversified,False,False,0.8888888888888888,18,75094.025,Outside,False,No setup,False,Neutral,0,Not applicable,No directional setup; confirmation score not applicable.,Wide CPR,Wide Upside Watch,Unavailable,Wide CPR + close above CPR; trend unavailable; participation unavailable,None,0,No active J-Curve setup.
INOXGREEN,EQ,INOX GREEN ENERGY SER LTD,196.4,199.4,187.96,198.09,2241248,437151601.67,20260616,195.15,193.68,196.62,196.62,193.68,2.9399999999999977,1.484173860366499,Wide,Bullish,Above CPR,Cash Only,Diversified,False,False,0.9444444444444444,18,288732402.47,Outside,False,No setup,False,Neutral,0,Not applicable,No directional setup; confirmation score not applicable.,Wide CPR,Wide Upside Watch,Unavailable,Wide CPR + close above CPR; trend unavailable; participation unavailable,None,0,No active J-Curve setup.
IZMO,EQ,IZMO LIMITED,1043.95,1082.95,1034.65,1082.95,209441,225037490.35,20260616,1066.85,1058.8000000000002,1074.9,1074.9,1058.8000000000002,16.09999999999991,1.486679902119203,Wide,Bullish,Above CPR,Cash Only,Diversified,False,False,0.7222222222222222,18,145332914.425,Higher,False,No setup,False,Neutral,0,Not applicable,No directional setup; confirmation score not applicable.,Wide CPR,Wide Upside Watch,Unavailable,Wide CPR + close above CPR; trend unavailable; participation unavailable,None,0,No active J-Curve setup.
RML,EQ,RANE (MADRAS) LIMITED,932.0,988.0,926.85,979.55,175588,171177467.55,20260616,964.7999999999998,957.425,972.1749999999996,972.1749999999996,957.425,14.749999999999773,1.5057934765963732,Wide,Bullish,Above CPR,Cash Only,Diversified,False,False,1.0,18,14091529.275,Higher,False,No setup,False,Neutral,0,Not applicable,No directional setup; confirmation score not applicable.,Wide CPR,Wide Upside Watch,Unavailable,Wide CPR + close above CPR; trend unavailable; participation unavailable,None,0,No active J-Curve setup.
AHCL,EQ,ANLON HEALTHCARE LIMITED,15.35,16.24,15.17,16.07,18214985,289112372.73,20260616,15.826666666666666,15.704999999999998,15.948333333333334,15.948333333333334,15.704999999999998,0.2433333333333358,1.5142086704003477,Wide,Bullish,Above CPR,Cash Only,Diversified,False,False,0.7777777777777778,18,64808825.78999999,Higher,False,No setup,False,Neutral,0,Not applicable,No directional setup; confirmation score not applicable.,Wide CPR,Wide Upside Watch,Unavailable,Wide CPR + close above CPR; trend unavailable; participation unavailable,None,0,No active J-Curve setup.
MOL,EQ,MEGHMANI ORGANICS LIMITED,49.65,52.2,49.3,51.94,1673662,86108806.05,20260616,51.14666666666667,50.75,51.54333333333334,51.54333333333334,50.75,0.7933333333333366,1.5274034141958734,Wide,Bullish,Above CPR,Cash Only,Diversified,False,False,1.0,18,27579426.595,Higher,False,No setup,False,Neutral,0,Not applicable,No directional setup; confirmation score not applicable.,Wide CPR,Wide Upside Watch,Unavailable,Wide CPR + close above CPR; trend unavailable; participation unavailable,None,0,No active J-Curve setup.
HCC,EQ,HINDUSTAN CONSTRUCTION CO,24.09,25.77,24.03,25.49,111276550,2809159361.85,20260616,25.096666666666664,24.9,25.29333333333333,25.29333333333333,24.9,0.3933333333333308,1.5430887929907056,Wide,Bullish,Above CPR,Cash Only,Diversified,False,False,0.8333333333333334,18,1020061155.89,Higher,False,No setup,False,Neutral,0,Not applicable,No directional setup; confirmation score not applicable.,Wide CPR,Wide Upside Watch,Unavailable,Wide CPR + close above CPR; trend unavailable; participation unavailable,None,0,No active J-Curve setup.
SUZLON,EQ,SUZLON ENERGY LIMITED,56.12,59.24,53.9,57.92,292441954,16945551929.1,20260616,57.02,56.57,57.470000000000006,57.470000000000006,56.57,0.9000000000000057,1.553867403314927,Wide,Bullish,Above CPR,Cash Only,Capital Goods,False,False,0.9444444444444444,18,4548010181.13,Higher,False,No setup,True,Neutral,0,Not applicable,No directional setup; confirmation score not applicable.,Wide CPR,Wide Upside Watch,Unavailable,Wide CPR + close above CPR; trend unavailable; participation unavailable,None,0,No active J-Curve setup.
KOTARISUG,EQ,KOTHARI SUG & CHEM LTD.,25.4,27.24,25.4,26.95,103288,2746039.6,20260616,26.53,26.32,26.74,26.74,26.32,0.4200000000000017,1.558441558441565,Wide,Bullish,Above CPR,Cash Only,Diversified,False,False,0.8888888888888888,18,724114.98,Higher,False,No setup,False,Neutral,0,Not applicable,No directional setup; confirmation score not applicable.,Wide CPR,Wide Upside Watch,Unavailable,Wide CPR + close above CPR; trend unavailable; participation unavailable,None,0,No active J-Curve setup.
SHRADHA,EQ,SHRADHA REALTY LIMITED,33.86,35.5,33.06,35.12,19125,667330.55,20260616,34.56,34.28,34.84,34.84,34.28,0.5600000000000023,1.594533029612763,Wide,Bullish,Above CPR,Cash Only,Diversified,False,False,0.8888888888888888,18,455464.95,Overlapping,False,No setup,False,Neutral,0,Not applicable,No directional setup; confirmation score not applicable.,Wide CPR,Wide Upside Watch,Unavailable,Wide CPR + close above CPR; trend unavailable; participation unavailable,None,0,No active J-Curve setup.
AYE,EQ,AYE FINANCE LIMITED,156.75,169.0,155.33,166.19,3765183,622806758.6,20260616,163.5066666666667,162.16500000000002,164.84833333333336,164.84833333333336,162.16500000000002,2.683333333333337,1.614617806927816,Wide,Bullish,Above CPR,Cash Only,Diversified,False,False,0.6111111111111112,18,179802702.63,Higher,False,No setup,False,Neutral,0,Not applicable,No directional setup; confirmation score not applicable.,Wide CPR,Wide Upside Watch,Unavailable,Wide CPR + close above CPR; trend unavailable; participation unavailable,None,0,No active J-Curve setup.
JAYBARMARU,EQ,JAY BHARAT MARUTI LTD,164.69,169.13,158.08,167.68,5101072,837236256.23,20260616,164.96333333333334,163.60500000000002,166.32166666666666,166.32166666666666,163.60500000000002,2.71666666666664,1.6201494910941316,Wide,Bullish,Above CPR,Cash Only,Diversified,False,False,0.7777777777777778,18,186553625.07,Higher,False,No setup,False,Neutral,0,Not applicable,No directional setup; confirmation score not applicable.,Wide CPR,Wide Upside Watch,Unavailable,Wide CPR + close above CPR; trend unavailable; participation unavailable,None,0,No active J-Curve setup.
VINNY,EQ,VINNY OVERSEAS LIMITED,1.1,1.26,1.1,1.21,2537834,3021534.68,20260616,1.1900000000000002,1.1800000000000002,1.2000000000000002,1.2000000000000002,1.1800000000000002,0.02,1.6528925619834725,Wide,Bullish,Above CPR,Cash Only,Diversified,False,False,0.9444444444444444,18,349192.0,Higher,False,No setup,False,Neutral,0,Not applicable,No directional setup; confirmation score not applicable.,Wide CPR,Wide Upside Watch,Unavailable,Wide CPR + close above CPR; trend unavailable; participation unavailable,None,0,No active J-Curve setup.
NCLIND,EQ,NCL INDUSTRIES LIMITED,186.62,196.4,185.41,195.83,284510,54991834.72,20260616,192.54666666666665,190.905,194.1883333333333,194.1883333333333,190.905,3.283333333333303,1.6766242829665028,Wide,Bullish,Above CPR,Cash Only,Diversified,False,False,1.0,18,8975300.915,Higher,False,No setup,False,Neutral,0,Not applicable,No directional setup; confirmation score not applicable.,Wide CPR,Wide Upside Watch,Unavailable,Wide CPR + close above CPR; trend unavailable; participation unavailable,None,0,No active J-Curve setup.
RMDRIP,EQ,R M DRIP & SPRINK SYS LTD,19.7,20.45,18.64,20.05,2066818,40537493.83,20260616,19.71333333333333,19.545,19.881666666666668,19.881666666666668,19.545,0.336666666666666,1.6791354945968378,Wide,Bullish,Above CPR,Cash Only,Diversified,False,False,0.7777777777777778,18,12726828.79,Higher,False,No setup,False,Neutral,0,Not applicable,No directional setup; confirmation score not applicable.,Wide CPR,Wide Upside Watch,Unavailable,Wide CPR + close above CPR; trend unavailable; participation unavailable,None,0,No active J-Curve setup.
ABREL,EQ,ADITYA BIRLA REAL EST LTD,1245.0,1320.0,1245.0,1315.7,638373,831330966.8,20260616,1293.5666666666666,1282.5,1304.6333333333332,1304.6333333333332,1282.5,22.13333333333321,1.6822477261787043,Wide,Bullish,Above CPR,Cash Only,Realty,False,False,1.0,18,168476610.75,Higher,False,No setup,True,Neutral,0,Not applicable,No directional setup; confirmation score not applicable.,Wide CPR,Wide Upside Watch,Unavailable,Wide CPR + close above CPR; trend unavailable; participation unavailable,None,0,No active J-Curve setup.
NETWEB,EQ,NETWEB TECH INDIA LTD,4628.0,4905.0,4617.2,4884.4,3126893,15015037366.5,20260616,4802.2,4761.1,4843.299999999999,4843.299999999999,4761.1,82.19999999999891,1.6829088526737963,Wide,Bullish,Above CPR,Cash Only,Information Technology,False,False,0.7777777777777778,18,10935870740.900002,Higher,False,No setup,True,Neutral,0,Not applicable,No directional setup; confirmation score not applicable.,Wide CPR,Wide Upside Watch,Unavailable,Wide CPR + close above CPR; trend unavailable; participation unavailable,None,0,No active J-Curve setup.
KALPATARU,EQ,KALPATARU LIMITED,320.8,342.0,318.1,338.65,712186,239241763.05,20260616,332.9166666666667,330.05,335.78333333333336,335.78333333333336,330.05,5.7333333333333485,1.692996702593636,Wide,Bullish,Above CPR,Cash Only,Diversified,False,False,1.0,18,10104274.275,Higher,False,No setup,False,Neutral,0,Not applicable,No directional setup; confirmation score not applicable.,Wide CPR,Wide Upside Watch,Unavailable,Wide CPR + close above CPR; trend unavailable; participation unavailable,None,0,No active J-Curve setup.
ASHIANA,EQ,ASHIANA HOUSING LTD,364.45,393.95,364.45,389.1,259051,99585948.1,20260616,382.5,379.2,385.8,385.8,379.2,6.600000000000023,1.696222050886667,Wide,Bullish,Above CPR,Cash Only,Diversified,False,False,0.9444444444444444,18,17875919.875,Higher,False,No setup,False,Neutral,0,Not applicable,No directional setup; confirmation score not applicable.,Wide CPR,Wide Upside Watch,Unavailable,Wide CPR + close above CPR; trend unavailable; participation unavailable,None,0,No active J-Curve setup.
EUROPRATIK,EQ,EURO PRATIK SALES LIMITED,266.55,280.95,262.0,278.65,271382,73869807.05,20260616,273.8666666666667,271.475,276.2583333333333,276.2583333333333,271.475,4.783333333333303,1.7166098450864178,Wide,Bullish,Above CPR,Cash Only,Diversified,False,False,0.8888888888888888,18,51279691.275,Overlapping,False,No setup,False,Neutral,0,Not applicable,No directional setup; confirmation score not applicable.,Wide CPR,Wide Upside Watch,Unavailable,Wide CPR + close above CPR; trend unavailable; participation unavailable,None,0,No active J-Curve setup.
DECNGOLD,EQ,DECCAN GOLD MINES LTD.,192.6,205.0,188.0,201.75,7763403,1527094293.4,20260616,198.25,196.5,200.0,200.0,196.5,3.5,1.734820322180917,Wide,Bullish,Above CPR,Cash Only,Diversified,False,False,0.6666666666666666,18,319506848.54999995,Higher,False,No setup,False,Neutral,0,Not applicable,No directional setup; confirmation score not applicable.,Wide CPR,Wide Upside Watch,Unavailable,Wide CPR + close above CPR; trend unavailable; participation unavailable,None,0,No active J-Curve setup.
AGI,EQ,AGI GREENPAC LIMITED,665.0,709.65,657.5,702.05,876761,607846540.6,20260616,689.7333333333332,683.575,695.8916666666664,695.8916666666664,683.575,12.31666666666638,1.7543859649122395,Wide,Bullish,Above CPR,Cash Only,Diversified,False,False,1.0,18,83370161.05000001,Higher,False,No setup,False,Neutral,0,Not applicable,No directional setup; confirmation score not applicable.,Wide CPR,Wide Upside Watch,Unavailable,Wide CPR + close above CPR; trend unavailable; participation unavailable,None,0,No active J-Curve setup.
COASTCORP,EQ,COASTAL CORPORATION LTD,49.89,51.75,48.26,51.37,159433,8034200.16,20260616,50.46,50.005,50.915000000000006,50.915000000000006,50.005,0.9100000000000108,1.7714619427681737,Wide,Bullish,Above CPR,Cash Only,Diversified,False,False,0.9444444444444444,18,8221597.135,Higher,False,No setup,False,Neutral,0,Not applicable,No directional setup; confirmation score not applicable.,Wide CPR,Wide Upside Watch,Unavailable,Wide CPR + close above CPR; trend unavailable; participation unavailable,None,0,No active J-Curve setup.
ADFFOODS,EQ,ADF FOODS LIMITED,282.95,307.4,279.05,301.25,542649,160207131.5,20260616,295.90000000000003,293.225,298.57500000000005,298.57500000000005,293.225,5.350000000000023,1.775933609958514,Wide,Bullish,Above CPR,Cash Only,FMCG & Food Products,False,False,0.9444444444444444,18,49290428.575,Higher,False,No setup,False,Neutral,0,Not applicable,No directional setup; confirmation score not applicable.,Wide CPR,Wide Upside Watch,Unavailable,Wide CPR + close above CPR; trend unavailable; participation unavailable,None,0,No active J-Curve setup.
GRMOVER,EQ,GRM OVERSEAS LIMITED,89.4,94.25,86.71,92.96,3407254,311987417.61,20260616,91.30666666666666,90.48,92.13333333333333,92.13333333333333,90.48,1.653333333333336,1.7785427423981672,Wide,Bullish,Above CPR,Cash Only,Diversified,False,False,0.7222222222222222,18,762763173.66,Inside,False,No setup,False,Neutral,0,Not applicable,No directional setup; confirmation score not applicable.,Wide CPR,Wide Upside Watch,Unavailable,Wide CPR + close above CPR; trend unavailable; participation unavailable,None,0,No active J-Curve setup.
MARINE,EQ,MARINE ELECTRICAL (I) LTD,248.6,264.85,244.0,261.55,1820380,468173624.65,20260616,256.8,254.425,259.175,259.175,254.425,4.75,1.8160963486904984,Wide,Bullish,Above CPR,Cash Only,Diversified,False,False,0.9444444444444444,18,168204425.35,Higher,False,No setup,False,Neutral,0,Not applicable,No directional setup; confirmation score not applicable.,Wide CPR,Wide Upside Watch,Unavailable,Wide CPR + close above CPR; trend unavailable; participation unavailable,None,0,No active J-Curve setup.
EMMBI,EQ,EMMBI INDUSTRIES LIMITED,85.45,93.5,85.25,91.92,71026,6375794.16,20260616,90.22333333333334,89.375,91.07166666666669,91.07166666666669,89.375,1.6966666666666868,1.84580794894113,Wide,Bullish,Above CPR,Cash Only,Diversified,False,False,1.0,18,677534.165,Higher,False,No setup,False,Neutral,0,Not applicable,No directional setup; confirmation score not applicable.,Wide CPR,Wide Upside Watch,Unavailable,Wide CPR + close above CPR; trend unavailable; participation unavailable,None,0,No active J-Curve setup.
WABAG,EQ,VA TECH WABAG LTD,1640.8,1774.0,1635.0,1754.3,2871543,4995034469.1,20260616,1721.1,1704.5,1737.7000000000005,1737.7000000000005,1704.5,33.20000000000027,1.892492732143891,Wide,Bullish,Above CPR,Cash Only,Diversified,False,False,1.0,18,579853055.6500001,Higher,False,No setup,False,Neutral,0,Not applicable,No directional setup; confirmation score not applicable.,Wide CPR,Wide Upside Watch,Unavailable,Wide CPR + close above CPR; trend unavailable; participation unavailable,None,0,No active J-Curve setup.
PREMEXPLN,EQ,PREMIER EXPLOSIVES LTD,687.95,745.0,687.95,737.8,3134401,2272962531.25,20260616,723.5833333333334,716.475,730.6916666666667,730.6916666666667,716.475,14.216666666666695,1.926899792174939,Wide,Bullish,Above CPR,Cash Only,Diversified,False,False,0.8333333333333334,18,749823400.475,Higher,False,No setup,False,Neutral,0,Not applicable,No directional setup; confirmation score not applicable.,Wide CPR,Wide Upside Watch,Unavailable,Wide CPR + close above CPR; trend unavailable; participation unavailable,None,0,No active J-Curve setup.
JAINREC,EQ,JAIN RESOURCE RECYCLING L,351.0,376.8,345.55,372.0,4575559,1655396837.1,20260616,364.7833333333333,361.175,368.3916666666666,368.3916666666666,361.175,7.216666666666583,1.939964157706071,Wide,Bullish,Above CPR,Cash Only,Metals & Mining,False,False,0.8888888888888888,18,1029463797.25,Higher,False,No setup,True,Neutral,0,Not applicable,No directional setup; confirmation score not applicable.,Wide CPR,Wide Upside Watch,Unavailable,Wide CPR + close above CPR; trend unavailable; participation unavailable,None,0,No active J-Curve setup.
MMTC,EQ,MMTC LIMITED,70.0,77.59,69.35,75.74,114146838,8638703734.48,20260616,74.22666666666667,73.47,74.98333333333335,74.98333333333335,73.47,1.5133333333333496,1.9980635507437945,Wide,Bullish,Above CPR,Cash Only,Services,False,False,1.0,18,159420599.5,Higher,False,No setup,True,Neutral,0,Not applicable,No directional setup; confirmation score not applicable.,Wide CPR,Wide Upside Watch,Unavailable,Wide CPR + close above CPR; trend unavailable; participation unavailable,None,0,No active J-Curve setup.
PGEL,EQ,PG ELECTROPLAST LTD,494.7,531.75,491.5,527.45,13020553,6787725025.9,20260616,516.9,511.625,522.175,522.175,511.625,10.549999999999956,2.0001895914304586,Wide,Bullish,Above CPR,Cash Only,Consumer Durables,False,False,1.0,18,1240723777.0,Higher,False,No setup,True,Neutral,0,Not applicable,No directional setup; confirmation score not applicable.,Wide CPR,Wide Upside Watch,Unavailable,Wide CPR + close above CPR; trend unavailable; participation unavailable,None,0,No active J-Curve setup.
VARROC,EQ,VARROC ENGINEERING LTD.,583.05,625.0,583.05,623.0,514632,316599921.3,20260616,610.35,604.025,616.6750000000001,616.6750000000001,604.025,12.650000000000093,2.03049759229536,Wide,Bullish,Above CPR,Cash Only,Diversified,False,False,1.0,18,47477927.15,Higher,False,No setup,False,Neutral,0,Not applicable,No directional setup; confirmation score not applicable.,Wide CPR,Wide Upside Watch,Unavailable,Wide CPR + close above CPR; trend unavailable; participation unavailable,None,0,No active J-Curve setup.
EMBDL,EQ,EMBASSY DEVELOPMENTS LTD,61.99,67.23,61.43,66.38,6595547,428359007.83,20260616,65.01333333333334,64.33,65.69666666666667,65.69666666666667,64.33,1.3666666666666742,2.0588530681932427,Wide,Bullish,Above CPR,Cash Only,Diversified,False,False,0.9444444444444444,18,169387571.05,Higher,False,No setup,False,Neutral,0,Not applicable,No directional setup; confirmation score not applicable.,Wide CPR,Wide Upside Watch,Unavailable,Wide CPR + close above CPR; trend unavailable; participation unavailable,None,0,No active J-Curve setup.
SHK,EQ,S H KELKAR AND CO. LTD.,134.32,144.49,134.32,143.85,860932,121167341.74,20260616,140.88666666666666,139.405,142.3683333333333,142.3683333333333,139.405,2.96333333333331,2.060016220600146,Wide,Bullish,Above CPR,Cash Only,Diversified,False,False,1.0,18,36562502.32,Higher,False,No setup,False,Neutral,0,Not applicable,No directional setup; confirmation score not applicable.,Wide CPR,Wide Upside Watch,Unavailable,Wide CPR + close above CPR; trend unavailable; participation unavailable,None,0,No active J-Curve setup.
RHETAN,EQ,RHETAN TMT LIMITED,29.0,30.87,28.28,30.54,8743145,261583507.66,20260616,29.896666666666665,29.575000000000003,30.218333333333327,30.218333333333327,29.575000000000003,0.6433333333333238,2.1065269591791878,Wide,Bullish,Above CPR,Cash Only,Diversified,False,False,0.8888888888888888,18,153419336.42000002,Overlapping,False,No setup,False,Neutral,0,Not applicable,No directional setup; confirmation score not applicable.,Wide CPR,Wide Upside Watch,Unavailable,Wide CPR + close above CPR; trend unavailable; participation unavailable,None,0,No active J-Curve setup.
ASMS,EQ,AVIO SMART MRKT STACK LTD,7.55,8.29,7.55,8.18,1617206,12874433.8,20260616,8.006666666666666,7.92,8.093333333333332,8.093333333333332,7.92,0.173333333333332,2.1189894050529583,Wide,Bullish,Above CPR,Cash Only,Diversified,False,False,0.9444444444444444,18,3895558.58,Higher,False,No setup,False,Neutral,0,Not applicable,No directional setup; confirmation score not applicable.,Wide CPR,Wide Upside Watch,Unavailable,Wide CPR + close above CPR; trend unavailable; participation unavailable,None,0,No active J-Curve setup.
BONLON,EQ,BONLON INDUSTRIES LIMITED,44.84,47.0,43.15,46.56,22303,1030613.56,20260616,45.57,45.075,46.065,46.065,45.075,0.9899999999999948,2.1262886597938038,Wide,Bullish,Above CPR,Cash Only,Diversified,False,False,0.8888888888888888,18,659584.04,Higher,False,No setup,False,Neutral,0,Not applicable,No directional setup; confirmation score not applicable.,Wide CPR,Wide Upside Watch,Unavailable,Wide CPR + close above CPR; trend unavailable; participation unavailable,None,0,No active J-Curve setup.
RGL,EQ,RENAISSANCE GLOBAL LTD,105.85,114.79,105.85,114.0,3614044,402684950.16,20260616,111.54666666666668,110.32,112.77333333333334,112.77333333333334,110.32,2.453333333333348,2.1520467836257438,Wide,Bullish,Above CPR,Cash Only,Diversified,False,False,1.0,18,42779689.605,Higher,False,No setup,False,Neutral,0,Not applicable,No directional setup; confirmation score not applicable.,Wide CPR,Wide Upside Watch,Unavailable,Wide CPR + close above CPR; trend unavailable; participation unavailable,None,0,No active J-Curve setup.
CEWATER,EQ,CONCORD ENVIRO SYSTEMS L,272.9,314.8,272.0,303.5,2078754,633391496.0,20260616,296.76666666666665,293.4,300.1333333333333,300.1333333333333,293.4,6.7333333333333485,2.21856123009336,Wide,Bullish,Above CPR,Cash Only,Diversified,False,False,0.9444444444444444,18,15295668.7,Higher,False,No setup,False,Neutral,0,Not applicable,No directional setup; confirmation score not applicable.,Wide CPR,Wide Upside Watch,Unavailable,Wide CPR + close above CPR; trend unavailable; participation unavailable,None,0,No active J-Curve setup.
TRANSWORLD,EQ,TRANSWORLD SHIP LINES LTD,173.3,196.49,173.01,191.14,188056,35783401.99,20260616,186.88,184.75,189.01,189.01,184.75,4.259999999999991,2.228732865962117,Wide,Bullish,Above CPR,Cash Only,Diversified,False,False,1.0,18,3425558.02,Higher,False,No setup,False,Neutral,0,Not applicable,No directional setup; confirmation score not applicable.,Wide CPR,Wide Upside Watch,Unavailable,Wide CPR + close above CPR; trend unavailable; participation unavailable,None,0,No active J-Curve setup.
SHRIKRISH,EQ,SHRI KRISHNA DEVCON LTD.,41.95,43.96,41.0,43.96,1372,57768.8,20260616,42.973333333333336,42.48,43.46666666666667,43.46666666666667,42.48,0.9866666666666646,2.244464664846826,Wide,Bullish,Above CPR,Cash Only,Diversified,False,False,0.7647058823529411,17,47991.17,Higher,False,No setup,False,Neutral,0,Not applicable,No directional setup; confirmation score not applicable.,Wide CPR,Wide Upside Watch,Unavailable,Wide CPR + close above CPR; trend unavailable; participation unavailable,None,0,No active J-Curve setup.
ANMOL,EQ,ANMOL INDIA LIMITED,11.42,12.7,11.2,12.37,3758456,42687777.86,20260616,12.089999999999998,11.95,12.229999999999997,12.229999999999997,11.95,0.2799999999999976,2.263540824575567,Wide,Bullish,Above CPR,Cash Only,Diversified,False,False,1.0,18,340735.95,Higher,False,No setup,False,Neutral,0,Not applicable,No directional setup; confirmation score not applicable.,Wide CPR,Wide Upside Watch,Unavailable,Wide CPR + close above CPR; trend unavailable; participation unavailable,None,0,No active J-Curve setup.
CMPDI,EQ,CENTRAL MINE P N D INST L,242.55,259.95,239.45,258.51,8695021,2195332458.83,20260616,252.63666666666663,249.7,255.57333333333327,255.57333333333327,249.7,5.873333333333335,2.2719946359263994,Wide,Bullish,Above CPR,Cash Only,Diversified,False,False,0.9444444444444444,18,940720460.485,Higher,False,No setup,False,Neutral,0,Not applicable,No directional setup; confirmation score not applicable.,Wide CPR,Wide Upside Watch,Unavailable,Wide CPR + close above CPR; trend unavailable; participation unavailable,None,0,No active J-Curve setup.
SIMPLEXINF,EQ,SIMPLEX INFRASTRUCTURES L,257.35,279.9,256.15,277.9,560734,152190566.3,20260616,271.31666666666666,268.025,274.6083333333333,274.6083333333333,268.025,6.583333333333371,2.368957658630217,Wide,Bullish,Above CPR,Cash Only,Diversified,False,False,0.9444444444444444,18,44495825.575,Higher,False,No setup,False,Neutral,0,Not applicable,No directional setup; confirmation score not applicable.,Wide CPR,Wide Upside Watch,Unavailable,Wide CPR + close above CPR; trend unavailable; participation unavailable,None,0,No active J-Curve setup.
DAICHI,EQ,DAI-ICHI KARKARIA LTD.,276.0,288.95,259.8,284.55,44440,12335145.14,20260616,277.76666666666665,274.375,281.1583333333333,281.1583333333333,274.375,6.783333333333303,2.3838809816669486,Wide,Bullish,Above CPR,Cash Only,Diversified,False,False,0.8888888888888888,18,867169.23,Higher,False,No setup,False,Neutral,0,Not applicable,No directional setup; confirmation score not applicable.,Wide CPR,Wide Upside Watch,Unavailable,Wide CPR + close above CPR; trend unavailable; participation unavailable,None,0,No active J-Curve setup.
KRONOX,EQ,KRONOX LAB SCIENCES LTD,142.21,154.99,142.21,154.25,496194,74792939.99,20260616,150.48333333333335,148.60000000000002,152.36666666666667,152.36666666666667,148.60000000000002,3.766666666666652,2.441923284710957,Wide,Bullish,Above CPR,Cash Only,Diversified,False,False,1.0,18,7517672.265,Higher,False,No setup,False,Neutral,0,Not applicable,No directional setup; confirmation score not applicable.,Wide CPR,Wide Upside Watch,Unavailable,Wide CPR + close above CPR; trend unavailable; participation unavailable,None,0,No active J-Curve setup.
DGCONTENT,EQ,DIGICONTENT LIMITED,26.85,27.5,25.01,27.26,13961,365808.42,20260616,26.590000000000003,26.255000000000003,26.925000000000004,26.925000000000004,26.255000000000003,0.6700000000000017,2.457813646368311,Wide,Bullish,Above CPR,Cash Only,Diversified,False,False,0.9444444444444444,18,305862.54000000004,Outside,False,No setup,False,Neutral,0,Not applicable,No directional setup; confirmation score not applicable.,Wide CPR,Wide Upside Watch,Unavailable,Wide CPR + close above CPR; trend unavailable; participation unavailable,None,0,No active J-Curve setup.
CUPID,EQ,CUPID LIMITED,164.1,165.0,152.52,164.89,32502732,5314095289.53,20260616,160.8033333333333,158.76,162.84666666666664,162.84666666666664,158.76,4.086666666666645,2.478419956738823,Wide,Bullish,Above CPR,Cash Only,Diversified,False,False,1.0,18,1919523515.93,Lower,False,No setup,False,Neutral,0,Not applicable,No directional setup; confirmation score not applicable.,Wide CPR,Wide Upside Watch,Unavailable,Wide CPR + close above CPR; trend unavailable; participation unavailable,None,0,No active J-Curve setup.
BHARATGEAR,EQ,BHARAT GEARS LTD.,115.4,136.83,114.31,131.05,2305015,303447344.2,20260616,127.39666666666668,125.57,129.22333333333336,129.22333333333336,125.57,3.65333333333335,2.7877400483276227,Wide,Bullish,Above CPR,Cash Only,Automobile & Ancillary,False,False,1.0,18,3914999.82,Higher,False,No setup,False,Neutral,0,Not applicable,No directional setup; confirmation score not applicable.,Wide CPR,Wide Upside Watch,Unavailable,Wide CPR + close above CPR; trend unavailable; participation unavailable,None,0,No active J-Curve setup.
MADHUCON,EQ,MADHUCON PROJECTS LTD.,5.7,6.19,5.36,6.03,69915,415259.75,20260616,5.86,5.775,5.945,5.945,5.775,0.1699999999999999,2.8192371475953557,Wide,Bullish,Above CPR,Cash Only,Diversified,False,False,1.0,18,109356.895,Higher,False,No setup,False,Neutral,0,Not applicable,No directional setup; confirmation score not applicable.,Wide CPR,Wide Upside Watch,Unavailable,Wide CPR + close above CPR; trend unavailable; participation unavailable,None,0,No active J-Curve setup.
MSTCLTD,EQ,MSTC LIMITED,635.0,724.4,632.85,708.8,14270587,9829093208.5,20260616,688.6833333333334,678.625,698.7416666666668,698.7416666666668,678.625,20.116666666666788,2.8381301730624706,Wide,Bullish,Above CPR,Cash Only,Diversified,False,False,0.9444444444444444,18,320058088.4,Higher,False,No setup,False,Neutral,0,Not applicable,No directional setup; confirmation score not applicable.,Wide CPR,Wide Upside Watch,Unavailable,Wide CPR + close above CPR; trend unavailable; participation unavailable,None,0,No active J-Curve setup.
LLOYDSENGG,EQ,LLOYDS ENGG WORK LIMITED,72.24,81.0,71.8,79.94,100068323,7930860837.08,20260616,77.58,76.4,78.75999999999999,78.75999999999999,76.4,2.359999999999985,2.952214160620447,Wide,Bullish,Above CPR,Cash Only,Diversified,False,False,1.0,18,519957321.9,Higher,False,No setup,False,Neutral,0,Not applicable,No directional setup; confirmation score not applicable.,Wide CPR,Wide Upside Watch,Unavailable,Wide CPR + close above CPR; trend unavailable; participation unavailable,None,0,No active J-Curve setup.
VIRINCHI,EQ,VIRINCHI LIMITED,15.66,17.22,15.66,17.22,298906,5059169.85,20260616,16.7,16.439999999999998,16.96,16.96,16.439999999999998,0.5200000000000031,3.019744483159136,Wide,Bullish,Above CPR,Cash Only,Diversified,False,False,1.0,18,1712984.98,Higher,False,No setup,False,Neutral,0,Not applicable,No directional setup; confirmation score not applicable.,Wide CPR,Wide Upside Watch,Unavailable,Wide CPR + close above CPR; trend unavailable; participation unavailable,None,0,No active J-Curve setup.
ORCHPHARMA,EQ,ORCHID PHARMA LIMITED,967.0,1094.0,900.0,1048.15,777149,789205971.3,20260616,1014.05,997.0,1031.1,1031.1,997.0,34.100000000000136,3.2533511424891604,Wide,Bullish,Above CPR,Cash Only,Healthcare & Pharma,False,False,1.0,18,87340343.1,Higher,False,No setup,False,Neutral,0,Not applicable,No directional setup; confirmation score not applicable.,Wide CPR,Wide Upside Watch,Unavailable,Wide CPR + close above CPR; trend unavailable; participation unavailable,None,0,No active J-Curve setup.
XPROINDIA,EQ,XPRO INDIA LIMITED,1211.0,1439.0,1209.0,1393.8,974366,1335313712.0,20260616,1347.2666666666669,1324.0,1370.5333333333333,1370.5333333333333,1324.0,46.5333333333333,3.3385947290381197,Wide,Bullish,Above CPR,Cash Only,Diversified,False,False,1.0,18,44282933.75,Higher,False,No setup,False,Neutral,0,Not applicable,No directional setup; confirmation score not applicable.,Wide CPR,Wide Upside Watch,Unavailable,Wide CPR + close above CPR; trend unavailable; participation unavailable,None,0,No active J-Curve setup.
SHARDUL,EQ,SHARDUL SECURITIES LTD.,26.4,29.78,26.4,29.58,482,13548.96,20260616,28.586666666666662,28.09,29.083333333333325,29.083333333333325,28.09,0.9933333333333252,3.3581248591390307,Wide,Bullish,Above CPR,Cash Only,Diversified,False,False,0.9444444444444444,18,90955.405,Higher,False,No setup,False,Neutral,0,Not applicable,No directional setup; confirmation score not applicable.,Wide CPR,Wide Upside Watch,Unavailable,Wide CPR + close above CPR; trend unavailable; participation unavailable,None,0,No active J-Curve setup.
FINKURVE,EQ,FINKURVE FINANCIAL SERV L,63.2,72.0,63.2,71.27,480073,33524928.15,20260616,68.82333333333332,67.6,70.04666666666665,70.04666666666665,67.6,2.4466666666666583,3.4329544923062416,Wide,Bullish,Above CPR,Cash Only,Diversified,False,False,1.0,18,1956932.1,Higher,False,No setup,False,Neutral,0,Not applicable,No directional setup; confirmation score not applicable.,Wide CPR,Wide Upside Watch,Unavailable,Wide CPR + close above CPR; trend unavailable; participation unavailable,None,0,No active J-Curve setup.
TARSONS,EQ,TARSONS PRODUCTS LIMITED,206.02,244.9,206.02,238.73,4321347,1010085960.87,20260616,229.88333333333333,225.46,234.30666666666664,234.30666666666664,225.46,8.846666666666636,3.705720549016309,Wide,Bullish,Above CPR,Cash Only,Diversified,False,False,0.9444444444444444,18,14004001.835,Higher,False,No setup,False,Neutral,0,Not applicable,No directional setup; confirmation score not applicable.,Wide CPR,Wide Upside Watch,Unavailable,Wide CPR + close above CPR; trend unavailable; participation unavailable,None,0,No active J-Curve setup.
RPTECH,EQ,RASHI PERIPHERALS LIMITED,575.0,673.5,570.0,662.6,17060651,10914052199.8,20260616,635.3666666666667,621.75,648.9833333333333,648.9833333333333,621.75,27.23333333333335,4.110071435758127,Wide,Bullish,Above CPR,Cash Only,Information Technology,False,False,1.0,18,75831323.17500001,Higher,False,No setup,False,Neutral,0,Not applicable,No directional setup; confirmation score not applicable.,Wide CPR,Wide Upside Watch,Unavailable,Wide CPR + close above CPR; trend unavailable; participation unavailable,None,0,No active J-Curve setup.
NIITLTD,EQ,NIIT LIMITED,89.29,107.12,88.37,105.72,27928835,2857568218.86,20260616,100.40333333333336,97.745,103.0616666666667,103.0616666666667,97.745,5.316666666666691,5.029007441039247,Wide,Bullish,Above CPR,Cash Only,Diversified,False,False,0.9444444444444444,18,95468098.595,Higher,False,No setup,False,Neutral,0,Not applicable,No directional setup; confirmation score not applicable.,Wide CPR,Wide Upside Watch,Unavailable,Wide CPR + close above CPR; trend unavailable; participation unavailable,None,0,No active J-Curve setup.
SONATSOFTW,EQ,SONATA SOFTWARE LTD,261.7,312.4,261.7,311.25,29031334,8703185358.9,20260616,295.1166666666666,287.04999999999995,303.1833333333333,303.1833333333333,287.04999999999995,16.133333333333326,5.183400267737614,Wide,Bullish,Above CPR,Cash Only,Information Technology,False,False,1.0,18,159266968.97500002,Higher,False,No setup,True,Neutral,0,Not applicable,No directional setup; confirmation score not applicable.,Wide CPR,Wide Upside Watch,Unavailable,Wide CPR + close above CPR; trend unavailable; participation unavailable,None,0,No active J-Curve setup.
ORBTEXP,EQ,ORBIT EXPORTS LIMITED,193.0,229.26,189.1,229.16,313547,70085939.55,20260616,215.84,209.18,222.5,222.5,209.18,13.319999999999991,5.812532728224818,Wide,Bullish,Above CPR,Cash Only,Diversified,False,False,1.0,18,1974486.97,Higher,False,No setup,False,Neutral,0,Not applicable,No directional setup; confirmation score not applicable.,Wide CPR,Wide Upside Watch,Unavailable,Wide CPR + close above CPR; trend unavailable; participation unavailable,None,0,No active J-Curve setup.
AARTECH,EQ,AARTECH SOLONICS LIMITED,41.27,49.38,39.98,49.05,926070,44773512.51,20260616,46.13666666666666,44.68,47.59333333333333,47.59333333333333,44.68,2.913333333333327,5.939517499150513,Wide,Bullish,Above CPR,Cash Only,Information Technology,False,False,1.0,18,1307301.165,Higher,False,No setup,False,Neutral,0,Not applicable,No directional setup; confirmation score not applicable.,Wide CPR,Wide Upside Watch,Unavailable,Wide CPR + close above CPR; trend unavailable; participation unavailable,None,0,No active J-Curve setup.
